solid ASCII
  facet normal -5.240271e-01 -8.517016e-01 0.000000e+00
    outer loop
      vertex   7.510963e+01 -2.019858e+00 7.900000e+00
      vertex   7.510963e+01 -2.019858e+00 1.380000e+01
      vertex   7.471870e+01 -1.779331e+00 7.900000e+00
    endloop
  endfacet
  facet normal -5.240271e-01 -8.517016e-01 0.000000e+00
    outer loop
      vertex   7.471870e+01 -1.779331e+00 7.900000e+00
      vertex   7.510963e+01 -2.019858e+00 1.380000e+01
      vertex   7.471870e+01 -1.779331e+00 1.380000e+01
    endloop
  endfacet
  facet normal -3.594840e-01 -9.331512e-01 0.000000e+00
    outer loop
      vertex   7.471870e+01 -1.779331e+00 7.900000e+00
      vertex   7.471870e+01 -1.779331e+00 1.380000e+01
      vertex   7.429039e+01 -1.614329e+00 7.900000e+00
    endloop
  endfacet
  facet normal -3.594840e-01 -9.331512e-01 -3.511885e-17
    outer loop
      vertex   7.429039e+01 -1.614329e+00 7.900000e+00
      vertex   7.471870e+01 -1.779331e+00 1.380000e+01
      vertex   7.429039e+01 -1.614329e+00 1.380000e+01
    endloop
  endfacet
  facet normal -1.828234e-01 -9.831458e-01 -3.700038e-17
    outer loop
      vertex   7.429039e+01 -1.614329e+00 7.900000e+00
      vertex   7.429039e+01 -1.614329e+00 1.380000e+01
      vertex   7.383913e+01 -1.530414e+00 7.900000e+00
    endloop
  endfacet
  facet normal -1.828234e-01 -9.831458e-01 -3.700038e-17
    outer loop
      vertex   7.383913e+01 -1.530414e+00 7.900000e+00
      vertex   7.429039e+01 -1.614329e+00 1.380000e+01
      vertex   7.383913e+01 -1.530414e+00 1.380000e+01
    endloop
  endfacet
  facet normal 1.935044e-15 -1.000000e+00 -3.763468e-17
    outer loop
      vertex   7.383913e+01 -1.530414e+00 7.900000e+00
      vertex   7.383913e+01 -1.530414e+00 1.380000e+01
      vertex   7.338013e+01 -1.530414e+00 7.900000e+00
    endloop
  endfacet
  facet normal 1.451283e-15 -1.000000e+00 0.000000e+00
    outer loop
      vertex   7.338013e+01 -1.530414e+00 7.900000e+00
      vertex   7.383913e+01 -1.530414e+00 1.380000e+01
      vertex   7.338013e+01 -1.530414e+00 1.380000e+01
    endloop
  endfacet
  facet normal 1.828234e-01 -9.831458e-01 0.000000e+00
    outer loop
      vertex   7.338013e+01 -1.530414e+00 7.900000e+00
      vertex   7.338013e+01 -1.530414e+00 1.380000e+01
      vertex   7.292887e+01 -1.614329e+00 7.900000e+00
    endloop
  endfacet
  facet normal 1.828234e-01 -9.831458e-01 7.400075e-17
    outer loop
      vertex   7.292887e+01 -1.614329e+00 7.900000e+00
      vertex   7.338013e+01 -1.530414e+00 1.380000e+01
      vertex   7.292887e+01 -1.614329e+00 1.380000e+01
    endloop
  endfacet
  facet normal 3.594840e-01 -9.331512e-01 7.023769e-17
    outer loop
      vertex   7.292887e+01 -1.614329e+00 7.900000e+00
      vertex   7.292887e+01 -1.614329e+00 1.380000e+01
      vertex   7.250056e+01 -1.779331e+00 7.900000e+00
    endloop
  endfacet
  facet normal 3.594840e-01 -9.331512e-01 -3.511885e-17
    outer loop
      vertex   7.250056e+01 -1.779331e+00 7.900000e+00
      vertex   7.292887e+01 -1.614329e+00 1.380000e+01
      vertex   7.250056e+01 -1.779331e+00 1.380000e+01
    endloop
  endfacet
  facet normal 5.240271e-01 -8.517016e-01 -3.205352e-17
    outer loop
      vertex   7.250056e+01 -1.779331e+00 7.900000e+00
      vertex   7.250056e+01 -1.779331e+00 1.380000e+01
      vertex   7.210963e+01 -2.019858e+00 7.900000e+00
    endloop
  endfacet
  facet normal 5.240271e-01 -8.517016e-01 0.000000e+00
    outer loop
      vertex   7.210963e+01 -2.019858e+00 7.900000e+00
      vertex   7.250056e+01 -1.779331e+00 1.380000e+01
      vertex   7.210963e+01 -2.019858e+00 1.380000e+01
    endloop
  endfacet
  facet normal 1.000000e+00 0.000000e+00 0.000000e+00
    outer loop
      vertex   7.210963e+01 -2.019858e+00 1.380000e+01
      vertex   7.210963e+01 -6.019858e+00 1.380000e+01
      vertex   7.210963e+01 -2.019858e+00 7.900000e+00
    endloop
  endfacet
  facet normal 1.000000e+00 0.000000e+00 0.000000e+00
    outer loop
      vertex   7.210963e+01 -2.019858e+00 7.900000e+00
      vertex   7.210963e+01 -6.019858e+00 1.380000e+01
      vertex   7.210963e+01 -6.019858e+00 7.900000e+00
    endloop
  endfacet
  facet normal 5.240271e-01 8.517016e-01 -0.000000e+00
    outer loop
      vertex   7.210963e+01 -6.019858e+00 7.900000e+00
      vertex   7.210963e+01 -6.019858e+00 1.380000e+01
      vertex   7.250056e+01 -6.260384e+00 7.900000e+00
    endloop
  endfacet
  facet normal 5.240271e-01 8.517016e-01 -0.000000e+00
    outer loop
      vertex   7.250056e+01 -6.260384e+00 7.900000e+00
      vertex   7.210963e+01 -6.019858e+00 1.380000e+01
      vertex   7.250056e+01 -6.260384e+00 1.380000e+01
    endloop
  endfacet
  facet normal 3.594840e-01 9.331512e-01 -0.000000e+00
    outer loop
      vertex   7.250056e+01 -6.260384e+00 7.900000e+00
      vertex   7.250056e+01 -6.260384e+00 1.380000e+01
      vertex   7.292887e+01 -6.425386e+00 7.900000e+00
    endloop
  endfacet
  facet normal 3.594840e-01 9.331512e-01 -0.000000e+00
    outer loop
      vertex   7.292887e+01 -6.425386e+00 7.900000e+00
      vertex   7.250056e+01 -6.260384e+00 1.380000e+01
      vertex   7.292887e+01 -6.425386e+00 1.380000e+01
    endloop
  endfacet
  facet normal 1.828234e-01 9.831458e-01 -0.000000e+00
    outer loop
      vertex   7.292887e+01 -6.425386e+00 7.900000e+00
      vertex   7.292887e+01 -6.425386e+00 1.380000e+01
      vertex   7.338013e+01 -6.509302e+00 7.900000e+00
    endloop
  endfacet
  facet normal 1.828234e-01 9.831458e-01 -2.923504e-16
    outer loop
      vertex   7.338013e+01 -6.509302e+00 7.900000e+00
      vertex   7.292887e+01 -6.425386e+00 1.380000e+01
      vertex   7.338013e+01 -6.509302e+00 1.380000e+01
    endloop
  endfacet
  facet normal 5.805132e-15 1.000000e+00 1.505387e-16
    outer loop
      vertex   7.338013e+01 -6.509302e+00 7.900000e+00
      vertex   7.338013e+01 -6.509302e+00 1.380000e+01
      vertex   7.383913e+01 -6.509302e+00 7.900000e+00
    endloop
  endfacet
  facet normal 0.000000e+00 1.000000e+00 -3.010774e-16
    outer loop
      vertex   7.383913e+01 -6.509302e+00 7.900000e+00
      vertex   7.338013e+01 -6.509302e+00 1.380000e+01
      vertex   7.383913e+01 -6.509302e+00 1.380000e+01
    endloop
  endfacet
  facet normal -1.828234e-01 9.831458e-01 -2.960030e-16
    outer loop
      vertex   7.383913e+01 -6.509302e+00 7.900000e+00
      vertex   7.383913e+01 -6.509302e+00 1.380000e+01
      vertex   7.429039e+01 -6.425386e+00 7.900000e+00
    endloop
  endfacet
  facet normal -1.828234e-01 9.831458e-01 -1.480015e-16
    outer loop
      vertex   7.429039e+01 -6.425386e+00 7.900000e+00
      vertex   7.383913e+01 -6.509302e+00 1.380000e+01
      vertex   7.429039e+01 -6.425386e+00 1.380000e+01
    endloop
  endfacet
  facet normal -3.594840e-01 9.331512e-01 -1.404754e-16
    outer loop
      vertex   7.429039e+01 -6.425386e+00 7.900000e+00
      vertex   7.429039e+01 -6.425386e+00 1.380000e+01
      vertex   7.471870e+01 -6.260384e+00 7.900000e+00
    endloop
  endfacet
  facet normal -3.594840e-01 9.331512e-01 -4.214262e-16
    outer loop
      vertex   7.471870e+01 -6.260384e+00 7.900000e+00
      vertex   7.429039e+01 -6.425386e+00 1.380000e+01
      vertex   7.471870e+01 -6.260384e+00 1.380000e+01
    endloop
  endfacet
  facet normal -5.240271e-01 8.517016e-01 -3.846422e-16
    outer loop
      vertex   7.471870e+01 -6.260384e+00 7.900000e+00
      vertex   7.471870e+01 -6.260384e+00 1.380000e+01
      vertex   7.510963e+01 -6.019858e+00 7.900000e+00
    endloop
  endfacet
  facet normal -5.240271e-01 8.517016e-01 -1.282141e-16
    outer loop
      vertex   7.510963e+01 -6.019858e+00 7.900000e+00
      vertex   7.471870e+01 -6.260384e+00 1.380000e+01
      vertex   7.510963e+01 -6.019858e+00 1.380000e+01
    endloop
  endfacet
  facet normal -1.000000e+00 0.000000e+00 -0.000000e+00
    outer loop
      vertex   7.510963e+01 -6.019858e+00 1.380000e+01
      vertex   7.510963e+01 -2.019858e+00 1.380000e+01
      vertex   7.510963e+01 -6.019858e+00 7.900000e+00
    endloop
  endfacet
  facet normal -1.000000e+00 0.000000e+00 0.000000e+00
    outer loop
      vertex   7.510963e+01 -6.019858e+00 7.900000e+00
      vertex   7.510963e+01 -2.019858e+00 1.380000e+01
      vertex   7.510963e+01 -2.019858e+00 7.900000e+00
    endloop
  endfacet
  facet normal 0.000000e+00 0.000000e+00 1.000000e+00
    outer loop
      vertex   6.962143e+01 -2.412283e+00 1.580000e+01
      vertex   6.942752e+01 -3.019858e+00 1.580000e+01
      vertex   6.982677e+01 -2.719858e+00 1.580000e+01
    endloop
  endfacet
  facet normal 0.000000e+00 0.000000e+00 1.000000e+00
    outer loop
      vertex   6.982677e+01 -2.719858e+00 1.580000e+01
      vertex   6.942752e+01 -3.019858e+00 1.580000e+01
      vertex   7.779173e+01 -3.019858e+00 1.580000e+01
    endloop
  endfacet
  facet normal -0.000000e+00 0.000000e+00 1.000000e+00
    outer loop
      vertex   6.982677e+01 -2.719858e+00 1.580000e+01
      vertex   7.779173e+01 -3.019858e+00 1.580000e+01
      vertex   7.739248e+01 -2.719858e+00 1.580000e+01
    endloop
  endfacet
  facet normal -0.000000e+00 0.000000e+00 1.000000e+00
    outer loop
      vertex   7.739248e+01 -2.719858e+00 1.580000e+01
      vertex   7.779173e+01 -3.019858e+00 1.580000e+01
      vertex   7.759782e+01 -2.412283e+00 1.580000e+01
    endloop
  endfacet
  facet normal 0.000000e+00 -0.000000e+00 1.000000e+00
    outer loop
      vertex   7.739248e+01 -2.719858e+00 1.580000e+01
      vertex   7.759782e+01 -2.412283e+00 1.580000e+01
      vertex   7.714649e+01 -2.151540e+00 1.580000e+01
    endloop
  endfacet
  facet normal -0.000000e+00 0.000000e+00 1.000000e+00
    outer loop
      vertex   7.714649e+01 -2.151540e+00 1.580000e+01
      vertex   7.759782e+01 -2.412283e+00 1.580000e+01
      vertex   7.731618e+01 -1.840072e+00 1.580000e+01
    endloop
  endfacet
  facet normal 0.000000e+00 -0.000000e+00 1.000000e+00
    outer loop
      vertex   7.714649e+01 -2.151540e+00 1.580000e+01
      vertex   7.731618e+01 -1.840072e+00 1.580000e+01
      vertex   7.681572e+01 -1.628004e+00 1.580000e+01
    endloop
  endfacet
  facet normal -0.000000e+00 0.000000e+00 1.000000e+00
    outer loop
      vertex   7.681572e+01 -1.628004e+00 1.580000e+01
      vertex   7.731618e+01 -1.840072e+00 1.580000e+01
      vertex   7.695300e+01 -1.315813e+00 1.580000e+01
    endloop
  endfacet
  facet normal 0.000000e+00 -0.000000e+00 1.000000e+00
    outer loop
      vertex   7.681572e+01 -1.628004e+00 1.580000e+01
      vertex   7.695300e+01 -1.315813e+00 1.580000e+01
      vertex   7.640811e+01 -1.161797e+00 1.580000e+01
    endloop
  endfacet
  facet normal -0.000000e+00 0.000000e+00 1.000000e+00
    outer loop
      vertex   7.640811e+01 -1.161797e+00 1.580000e+01
      vertex   7.695300e+01 -1.315813e+00 1.580000e+01
      vertex   7.651627e+01 -8.510380e-01 1.580000e+01
    endloop
  endfacet
  facet normal 0.000000e+00 -0.000000e+00 1.000000e+00
    outer loop
      vertex   7.640811e+01 -1.161797e+00 1.580000e+01
      vertex   7.651627e+01 -8.510380e-01 1.580000e+01
      vertex   7.593342e+01 -7.640936e-01 1.580000e+01
    endloop
  endfacet
  facet normal -0.000000e+00 0.000000e+00 1.000000e+00
    outer loop
      vertex   7.593342e+01 -7.640936e-01 1.580000e+01
      vertex   7.651627e+01 -8.510380e-01 1.580000e+01
      vertex   7.601560e+01 -4.559714e-01 1.580000e+01
    endloop
  endfacet
  facet normal 0.000000e+00 -0.000000e+00 1.000000e+00
    outer loop
      vertex   7.593342e+01 -7.640936e-01 1.580000e+01
      vertex   7.601560e+01 -4.559714e-01 1.580000e+01
      vertex   7.540303e+01 -4.444266e-01 1.580000e+01
    endloop
  endfacet
  facet normal -0.000000e+00 0.000000e+00 1.000000e+00
    outer loop
      vertex   7.540303e+01 -4.444266e-01 1.580000e+01
      vertex   7.601560e+01 -4.559714e-01 1.580000e+01
      vertex   7.546201e+01 -1.393041e-01 1.580000e+01
    endloop
  endfacet
  facet normal 0.000000e+00 -0.000000e+00 1.000000e+00
    outer loop
      vertex   7.540303e+01 -4.444266e-01 1.580000e+01
      vertex   7.546201e+01 -1.393041e-01 1.580000e+01
      vertex   7.482966e+01 -2.104577e-01 1.580000e+01
    endloop
  endfacet
  facet normal 0.000000e+00 0.000000e+00 1.000000e+00
    outer loop
      vertex   7.482966e+01 -2.104577e-01 1.580000e+01
      vertex   7.546201e+01 -1.393041e-01 1.580000e+01
      vertex   7.486766e+01 9.199777e-02 1.580000e+01
    endloop
  endfacet
  facet normal 0.000000e+00 -0.000000e+00 1.000000e+00
    outer loop
      vertex   7.482966e+01 -2.104577e-01 1.580000e+01
      vertex   7.486766e+01 9.199777e-02 1.580000e+01
      vertex   7.422704e+01 -6.779496e-02 1.580000e+01
    endloop
  endfacet
  facet normal 0.000000e+00 0.000000e+00 1.000000e+00
    outer loop
      vertex   7.422704e+01 -6.779496e-02 1.580000e+01
      vertex   7.486766e+01 9.199777e-02 1.580000e+01
      vertex   7.424564e+01 2.328461e-01 1.580000e+01
    endloop
  endfacet
  facet normal 0.000000e+00 -0.000000e+00 1.000000e+00
    outer loop
      vertex   7.422704e+01 -6.779496e-02 1.580000e+01
      vertex   7.424564e+01 2.328461e-01 1.580000e+01
      vertex   7.360963e+01 -1.985771e-02 1.580000e+01
    endloop
  endfacet
  facet normal 0.000000e+00 0.000000e+00 1.000000e+00
    outer loop
      vertex   7.360963e+01 -1.985771e-02 1.580000e+01
      vertex   7.424564e+01 2.328461e-01 1.580000e+01
      vertex   7.360963e+01 2.801423e-01 1.580000e+01
    endloop
  endfacet
  facet normal 0.000000e+00 -0.000000e+00 1.000000e+00
    outer loop
      vertex   7.360963e+01 -1.985771e-02 1.580000e+01
      vertex   7.360963e+01 2.801423e-01 1.580000e+01
      vertex   7.297362e+01 2.328461e-01 1.580000e+01
    endloop
  endfacet
  facet normal 0.000000e+00 0.000000e+00 1.000000e+00
    outer loop
      vertex   7.360963e+01 -1.985771e-02 1.580000e+01
      vertex   7.297362e+01 2.328461e-01 1.580000e+01
      vertex   7.299221e+01 -6.779496e-02 1.580000e+01
    endloop
  endfacet
  facet normal 0.000000e+00 0.000000e+00 1.000000e+00
    outer loop
      vertex   7.299221e+01 -6.779496e-02 1.580000e+01
      vertex   7.297362e+01 2.328461e-01 1.580000e+01
      vertex   7.235160e+01 9.199777e-02 1.580000e+01
    endloop
  endfacet
  facet normal 0.000000e+00 0.000000e+00 1.000000e+00
    outer loop
      vertex   7.299221e+01 -6.779496e-02 1.580000e+01
      vertex   7.235160e+01 9.199777e-02 1.580000e+01
      vertex   7.238960e+01 -2.104577e-01 1.580000e+01
    endloop
  endfacet
  facet normal 0.000000e+00 0.000000e+00 1.000000e+00
    outer loop
      vertex   7.238960e+01 -2.104577e-01 1.580000e+01
      vertex   7.235160e+01 9.199777e-02 1.580000e+01
      vertex   7.175725e+01 -1.393041e-01 1.580000e+01
    endloop
  endfacet
  facet normal 0.000000e+00 0.000000e+00 1.000000e+00
    outer loop
      vertex   7.238960e+01 -2.104577e-01 1.580000e+01
      vertex   7.175725e+01 -1.393041e-01 1.580000e+01
      vertex   7.181623e+01 -4.444266e-01 1.580000e+01
    endloop
  endfacet
  facet normal 0.000000e+00 0.000000e+00 1.000000e+00
    outer loop
      vertex   7.181623e+01 -4.444266e-01 1.580000e+01
      vertex   7.175725e+01 -1.393041e-01 1.580000e+01
      vertex   7.120365e+01 -4.559714e-01 1.580000e+01
    endloop
  endfacet
  facet normal 0.000000e+00 0.000000e+00 1.000000e+00
    outer loop
      vertex   7.181623e+01 -4.444266e-01 1.580000e+01
      vertex   7.120365e+01 -4.559714e-01 1.580000e+01
      vertex   7.128584e+01 -7.640936e-01 1.580000e+01
    endloop
  endfacet
  facet normal 0.000000e+00 0.000000e+00 1.000000e+00
    outer loop
      vertex   7.128584e+01 -7.640936e-01 1.580000e+01
      vertex   7.120365e+01 -4.559714e-01 1.580000e+01
      vertex   7.070298e+01 -8.510380e-01 1.580000e+01
    endloop
  endfacet
  facet normal 0.000000e+00 0.000000e+00 1.000000e+00
    outer loop
      vertex   7.128584e+01 -7.640936e-01 1.580000e+01
      vertex   7.070298e+01 -8.510380e-01 1.580000e+01
      vertex   7.081115e+01 -1.161797e+00 1.580000e+01
    endloop
  endfacet
  facet normal 0.000000e+00 0.000000e+00 1.000000e+00
    outer loop
      vertex   7.081115e+01 -1.161797e+00 1.580000e+01
      vertex   7.070298e+01 -8.510380e-01 1.580000e+01
      vertex   7.026626e+01 -1.315813e+00 1.580000e+01
    endloop
  endfacet
  facet normal 0.000000e+00 0.000000e+00 1.000000e+00
    outer loop
      vertex   7.081115e+01 -1.161797e+00 1.580000e+01
      vertex   7.026626e+01 -1.315813e+00 1.580000e+01
      vertex   7.040353e+01 -1.628004e+00 1.580000e+01
    endloop
  endfacet
  facet normal 0.000000e+00 0.000000e+00 1.000000e+00
    outer loop
      vertex   7.040353e+01 -1.628004e+00 1.580000e+01
      vertex   7.026626e+01 -1.315813e+00 1.580000e+01
      vertex   6.990307e+01 -1.840072e+00 1.580000e+01
    endloop
  endfacet
  facet normal 0.000000e+00 0.000000e+00 1.000000e+00
    outer loop
      vertex   7.040353e+01 -1.628004e+00 1.580000e+01
      vertex   6.990307e+01 -1.840072e+00 1.580000e+01
      vertex   7.007277e+01 -2.151540e+00 1.580000e+01
    endloop
  endfacet
  facet normal 0.000000e+00 0.000000e+00 1.000000e+00
    outer loop
      vertex   7.007277e+01 -2.151540e+00 1.580000e+01
      vertex   6.990307e+01 -1.840072e+00 1.580000e+01
      vertex   6.962143e+01 -2.412283e+00 1.580000e+01
    endloop
  endfacet
  facet normal 0.000000e+00 0.000000e+00 1.000000e+00
    outer loop
      vertex   7.007277e+01 -2.151540e+00 1.580000e+01
      vertex   6.962143e+01 -2.412283e+00 1.580000e+01
      vertex   6.982677e+01 -2.719858e+00 1.580000e+01
    endloop
  endfacet
  facet normal 0.000000e+00 -0.000000e+00 1.000000e+00
    outer loop
      vertex   7.759782e+01 -5.627432e+00 1.580000e+01
      vertex   7.779173e+01 -5.019858e+00 1.580000e+01
      vertex   7.739248e+01 -5.319858e+00 1.580000e+01
    endloop
  endfacet
  facet normal 0.000000e+00 -0.000000e+00 1.000000e+00
    outer loop
      vertex   7.739248e+01 -5.319858e+00 1.580000e+01
      vertex   7.779173e+01 -5.019858e+00 1.580000e+01
      vertex   6.942752e+01 -5.019858e+00 1.580000e+01
    endloop
  endfacet
  facet normal 0.000000e+00 0.000000e+00 1.000000e+00
    outer loop
      vertex   7.739248e+01 -5.319858e+00 1.580000e+01
      vertex   6.942752e+01 -5.019858e+00 1.580000e+01
      vertex   6.982677e+01 -5.319858e+00 1.580000e+01
    endloop
  endfacet
  facet normal 0.000000e+00 0.000000e+00 1.000000e+00
    outer loop
      vertex   6.982677e+01 -5.319858e+00 1.580000e+01
      vertex   6.942752e+01 -5.019858e+00 1.580000e+01
      vertex   6.962143e+01 -5.627432e+00 1.580000e+01
    endloop
  endfacet
  facet normal 0.000000e+00 0.000000e+00 1.000000e+00
    outer loop
      vertex   6.982677e+01 -5.319858e+00 1.580000e+01
      vertex   6.962143e+01 -5.627432e+00 1.580000e+01
      vertex   7.007277e+01 -5.888175e+00 1.580000e+01
    endloop
  endfacet
  facet normal 0.000000e+00 0.000000e+00 1.000000e+00
    outer loop
      vertex   7.007277e+01 -5.888175e+00 1.580000e+01
      vertex   6.962143e+01 -5.627432e+00 1.580000e+01
      vertex   6.990307e+01 -6.199643e+00 1.580000e+01
    endloop
  endfacet
  facet normal 0.000000e+00 0.000000e+00 1.000000e+00
    outer loop
      vertex   7.007277e+01 -5.888175e+00 1.580000e+01
      vertex   6.990307e+01 -6.199643e+00 1.580000e+01
      vertex   7.040353e+01 -6.411712e+00 1.580000e+01
    endloop
  endfacet
  facet normal 0.000000e+00 0.000000e+00 1.000000e+00
    outer loop
      vertex   7.040353e+01 -6.411712e+00 1.580000e+01
      vertex   6.990307e+01 -6.199643e+00 1.580000e+01
      vertex   7.026626e+01 -6.723902e+00 1.580000e+01
    endloop
  endfacet
  facet normal 0.000000e+00 0.000000e+00 1.000000e+00
    outer loop
      vertex   7.040353e+01 -6.411712e+00 1.580000e+01
      vertex   7.026626e+01 -6.723902e+00 1.580000e+01
      vertex   7.081115e+01 -6.877919e+00 1.580000e+01
    endloop
  endfacet
  facet normal 0.000000e+00 0.000000e+00 1.000000e+00
    outer loop
      vertex   7.081115e+01 -6.877919e+00 1.580000e+01
      vertex   7.026626e+01 -6.723902e+00 1.580000e+01
      vertex   7.070298e+01 -7.188677e+00 1.580000e+01
    endloop
  endfacet
  facet normal 0.000000e+00 0.000000e+00 1.000000e+00
    outer loop
      vertex   7.081115e+01 -6.877919e+00 1.580000e+01
      vertex   7.070298e+01 -7.188677e+00 1.580000e+01
      vertex   7.128584e+01 -7.275622e+00 1.580000e+01
    endloop
  endfacet
  facet normal 0.000000e+00 0.000000e+00 1.000000e+00
    outer loop
      vertex   7.128584e+01 -7.275622e+00 1.580000e+01
      vertex   7.070298e+01 -7.188677e+00 1.580000e+01
      vertex   7.120365e+01 -7.583744e+00 1.580000e+01
    endloop
  endfacet
  facet normal 0.000000e+00 0.000000e+00 1.000000e+00
    outer loop
      vertex   7.128584e+01 -7.275622e+00 1.580000e+01
      vertex   7.120365e+01 -7.583744e+00 1.580000e+01
      vertex   7.181623e+01 -7.595289e+00 1.580000e+01
    endloop
  endfacet
  facet normal 0.000000e+00 0.000000e+00 1.000000e+00
    outer loop
      vertex   7.181623e+01 -7.595289e+00 1.580000e+01
      vertex   7.120365e+01 -7.583744e+00 1.580000e+01
      vertex   7.175725e+01 -7.900411e+00 1.580000e+01
    endloop
  endfacet
  facet normal 0.000000e+00 0.000000e+00 1.000000e+00
    outer loop
      vertex   7.181623e+01 -7.595289e+00 1.580000e+01
      vertex   7.175725e+01 -7.900411e+00 1.580000e+01
      vertex   7.238960e+01 -7.829258e+00 1.580000e+01
    endloop
  endfacet
  facet normal 0.000000e+00 0.000000e+00 1.000000e+00
    outer loop
      vertex   7.238960e+01 -7.829258e+00 1.580000e+01
      vertex   7.175725e+01 -7.900411e+00 1.580000e+01
      vertex   7.235160e+01 -8.131713e+00 1.580000e+01
    endloop
  endfacet
  facet normal 0.000000e+00 0.000000e+00 1.000000e+00
    outer loop
      vertex   7.238960e+01 -7.829258e+00 1.580000e+01
      vertex   7.235160e+01 -8.131713e+00 1.580000e+01
      vertex   7.299221e+01 -7.971920e+00 1.580000e+01
    endloop
  endfacet
  facet normal 0.000000e+00 0.000000e+00 1.000000e+00
    outer loop
      vertex   7.299221e+01 -7.971920e+00 1.580000e+01
      vertex   7.235160e+01 -8.131713e+00 1.580000e+01
      vertex   7.297362e+01 -8.272561e+00 1.580000e+01
    endloop
  endfacet
  facet normal 0.000000e+00 0.000000e+00 1.000000e+00
    outer loop
      vertex   7.299221e+01 -7.971920e+00 1.580000e+01
      vertex   7.297362e+01 -8.272561e+00 1.580000e+01
      vertex   7.360963e+01 -8.019858e+00 1.580000e+01
    endloop
  endfacet
  facet normal 0.000000e+00 0.000000e+00 1.000000e+00
    outer loop
      vertex   7.360963e+01 -8.019858e+00 1.580000e+01
      vertex   7.297362e+01 -8.272561e+00 1.580000e+01
      vertex   7.360963e+01 -8.319858e+00 1.580000e+01
    endloop
  endfacet
  facet normal 0.000000e+00 0.000000e+00 1.000000e+00
    outer loop
      vertex   7.360963e+01 -8.019858e+00 1.580000e+01
      vertex   7.360963e+01 -8.319858e+00 1.580000e+01
      vertex   7.424564e+01 -8.272561e+00 1.580000e+01
    endloop
  endfacet
  facet normal -0.000000e+00 0.000000e+00 1.000000e+00
    outer loop
      vertex   7.360963e+01 -8.019858e+00 1.580000e+01
      vertex   7.424564e+01 -8.272561e+00 1.580000e+01
      vertex   7.422704e+01 -7.971920e+00 1.580000e+01
    endloop
  endfacet
  facet normal 0.000000e+00 0.000000e+00 1.000000e+00
    outer loop
      vertex   7.422704e+01 -7.971920e+00 1.580000e+01
      vertex   7.424564e+01 -8.272561e+00 1.580000e+01
      vertex   7.486766e+01 -8.131713e+00 1.580000e+01
    endloop
  endfacet
  facet normal -0.000000e+00 0.000000e+00 1.000000e+00
    outer loop
      vertex   7.422704e+01 -7.971920e+00 1.580000e+01
      vertex   7.486766e+01 -8.131713e+00 1.580000e+01
      vertex   7.482966e+01 -7.829258e+00 1.580000e+01
    endloop
  endfacet
  facet normal 0.000000e+00 0.000000e+00 1.000000e+00
    outer loop
      vertex   7.482966e+01 -7.829258e+00 1.580000e+01
      vertex   7.486766e+01 -8.131713e+00 1.580000e+01
      vertex   7.546201e+01 -7.900411e+00 1.580000e+01
    endloop
  endfacet
  facet normal -0.000000e+00 0.000000e+00 1.000000e+00
    outer loop
      vertex   7.482966e+01 -7.829258e+00 1.580000e+01
      vertex   7.546201e+01 -7.900411e+00 1.580000e+01
      vertex   7.540303e+01 -7.595289e+00 1.580000e+01
    endloop
  endfacet
  facet normal -0.000000e+00 0.000000e+00 1.000000e+00
    outer loop
      vertex   7.540303e+01 -7.595289e+00 1.580000e+01
      vertex   7.546201e+01 -7.900411e+00 1.580000e+01
      vertex   7.601560e+01 -7.583744e+00 1.580000e+01
    endloop
  endfacet
  facet normal 0.000000e+00 0.000000e+00 1.000000e+00
    outer loop
      vertex   7.540303e+01 -7.595289e+00 1.580000e+01
      vertex   7.601560e+01 -7.583744e+00 1.580000e+01
      vertex   7.593342e+01 -7.275622e+00 1.580000e+01
    endloop
  endfacet
  facet normal -0.000000e+00 0.000000e+00 1.000000e+00
    outer loop
      vertex   7.593342e+01 -7.275622e+00 1.580000e+01
      vertex   7.601560e+01 -7.583744e+00 1.580000e+01
      vertex   7.651627e+01 -7.188677e+00 1.580000e+01
    endloop
  endfacet
  facet normal 0.000000e+00 0.000000e+00 1.000000e+00
    outer loop
      vertex   7.593342e+01 -7.275622e+00 1.580000e+01
      vertex   7.651627e+01 -7.188677e+00 1.580000e+01
      vertex   7.640811e+01 -6.877919e+00 1.580000e+01
    endloop
  endfacet
  facet normal -0.000000e+00 0.000000e+00 1.000000e+00
    outer loop
      vertex   7.640811e+01 -6.877919e+00 1.580000e+01
      vertex   7.651627e+01 -7.188677e+00 1.580000e+01
      vertex   7.695300e+01 -6.723902e+00 1.580000e+01
    endloop
  endfacet
  facet normal 0.000000e+00 0.000000e+00 1.000000e+00
    outer loop
      vertex   7.640811e+01 -6.877919e+00 1.580000e+01
      vertex   7.695300e+01 -6.723902e+00 1.580000e+01
      vertex   7.681572e+01 -6.411712e+00 1.580000e+01
    endloop
  endfacet
  facet normal -0.000000e+00 0.000000e+00 1.000000e+00
    outer loop
      vertex   7.681572e+01 -6.411712e+00 1.580000e+01
      vertex   7.695300e+01 -6.723902e+00 1.580000e+01
      vertex   7.731618e+01 -6.199643e+00 1.580000e+01
    endloop
  endfacet
  facet normal 0.000000e+00 0.000000e+00 1.000000e+00
    outer loop
      vertex   7.681572e+01 -6.411712e+00 1.580000e+01
      vertex   7.731618e+01 -6.199643e+00 1.580000e+01
      vertex   7.714649e+01 -5.888175e+00 1.580000e+01
    endloop
  endfacet
  facet normal -0.000000e+00 0.000000e+00 1.000000e+00
    outer loop
      vertex   7.714649e+01 -5.888175e+00 1.580000e+01
      vertex   7.731618e+01 -6.199643e+00 1.580000e+01
      vertex   7.759782e+01 -5.627432e+00 1.580000e+01
    endloop
  endfacet
  facet normal 0.000000e+00 0.000000e+00 1.000000e+00
    outer loop
      vertex   7.714649e+01 -5.888175e+00 1.580000e+01
      vertex   7.759782e+01 -5.627432e+00 1.580000e+01
      vertex   7.739248e+01 -5.319858e+00 1.580000e+01
    endloop
  endfacet
  facet normal 0.000000e+00 0.000000e+00 -1.000000e+00
    outer loop
      vertex   7.210963e+01 -6.019858e+00 1.380000e+01
      vertex   7.210963e+01 -2.019858e+00 1.380000e+01
      vertex   7.250056e+01 -6.260384e+00 1.380000e+01
    endloop
  endfacet
  facet normal 0.000000e+00 0.000000e+00 -1.000000e+00
    outer loop
      vertex   7.250056e+01 -6.260384e+00 1.380000e+01
      vertex   7.210963e+01 -2.019858e+00 1.380000e+01
      vertex   7.250056e+01 -1.779331e+00 1.380000e+01
    endloop
  endfacet
  facet normal 0.000000e+00 0.000000e+00 -1.000000e+00
    outer loop
      vertex   7.250056e+01 -6.260384e+00 1.380000e+01
      vertex   7.250056e+01 -1.779331e+00 1.380000e+01
      vertex   7.292887e+01 -6.425386e+00 1.380000e+01
    endloop
  endfacet
  facet normal 0.000000e+00 0.000000e+00 -1.000000e+00
    outer loop
      vertex   7.292887e+01 -6.425386e+00 1.380000e+01
      vertex   7.250056e+01 -1.779331e+00 1.380000e+01
      vertex   7.292887e+01 -1.614329e+00 1.380000e+01
    endloop
  endfacet
  facet normal 0.000000e+00 0.000000e+00 -1.000000e+00
    outer loop
      vertex   7.292887e+01 -6.425386e+00 1.380000e+01
      vertex   7.292887e+01 -1.614329e+00 1.380000e+01
      vertex   7.338013e+01 -6.509302e+00 1.380000e+01
    endloop
  endfacet
  facet normal 0.000000e+00 0.000000e+00 -1.000000e+00
    outer loop
      vertex   7.338013e+01 -6.509302e+00 1.380000e+01
      vertex   7.292887e+01 -1.614329e+00 1.380000e+01
      vertex   7.338013e+01 -1.530414e+00 1.380000e+01
    endloop
  endfacet
  facet normal 0.000000e+00 0.000000e+00 -1.000000e+00
    outer loop
      vertex   7.338013e+01 -6.509302e+00 1.380000e+01
      vertex   7.338013e+01 -1.530414e+00 1.380000e+01
      vertex   7.383913e+01 -1.530414e+00 1.380000e+01
    endloop
  endfacet
  facet normal 0.000000e+00 0.000000e+00 -1.000000e+00
    outer loop
      vertex   7.338013e+01 -6.509302e+00 1.380000e+01
      vertex   7.383913e+01 -1.530414e+00 1.380000e+01
      vertex   7.383913e+01 -6.509302e+00 1.380000e+01
    endloop
  endfacet
  facet normal 0.000000e+00 0.000000e+00 -1.000000e+00
    outer loop
      vertex   7.383913e+01 -6.509302e+00 1.380000e+01
      vertex   7.383913e+01 -1.530414e+00 1.380000e+01
      vertex   7.429039e+01 -1.614329e+00 1.380000e+01
    endloop
  endfacet
  facet normal 0.000000e+00 0.000000e+00 -1.000000e+00
    outer loop
      vertex   7.383913e+01 -6.509302e+00 1.380000e+01
      vertex   7.429039e+01 -1.614329e+00 1.380000e+01
      vertex   7.429039e+01 -6.425386e+00 1.380000e+01
    endloop
  endfacet
  facet normal 0.000000e+00 0.000000e+00 -1.000000e+00
    outer loop
      vertex   7.429039e+01 -6.425386e+00 1.380000e+01
      vertex   7.429039e+01 -1.614329e+00 1.380000e+01
      vertex   7.471870e+01 -1.779331e+00 1.380000e+01
    endloop
  endfacet
  facet normal 0.000000e+00 0.000000e+00 -1.000000e+00
    outer loop
      vertex   7.429039e+01 -6.425386e+00 1.380000e+01
      vertex   7.471870e+01 -1.779331e+00 1.380000e+01
      vertex   7.471870e+01 -6.260384e+00 1.380000e+01
    endloop
  endfacet
  facet normal 0.000000e+00 0.000000e+00 -1.000000e+00
    outer loop
      vertex   7.471870e+01 -6.260384e+00 1.380000e+01
      vertex   7.471870e+01 -1.779331e+00 1.380000e+01
      vertex   7.510963e+01 -2.019858e+00 1.380000e+01
    endloop
  endfacet
  facet normal 0.000000e+00 0.000000e+00 -1.000000e+00
    outer loop
      vertex   7.471870e+01 -6.260384e+00 1.380000e+01
      vertex   7.510963e+01 -2.019858e+00 1.380000e+01
      vertex   7.510963e+01 -6.019858e+00 1.380000e+01
    endloop
  endfacet
  facet normal 9.990741e-01 -4.302223e-02 0.000000e+00
    outer loop
      vertex   8.686039e+01 -5.163190e+00 1.580000e+01
      vertex   8.686039e+01 -5.163190e+00 7.900000e+00
      vertex   8.690963e+01 -4.019858e+00 1.580000e+01
    endloop
  endfacet
  facet normal 9.990741e-01 -4.302223e-02 0.000000e+00
    outer loop
      vertex   8.690963e+01 -4.019858e+00 1.580000e+01
      vertex   8.686039e+01 -5.163190e+00 7.900000e+00
      vertex   8.690963e+01 -4.019858e+00 7.900000e+00
    endloop
  endfacet
  facet normal 9.990741e-01 4.302223e-02 0.000000e+00
    outer loop
      vertex   8.690963e+01 -4.019858e+00 1.580000e+01
      vertex   8.690963e+01 -4.019858e+00 7.900000e+00
      vertex   8.686039e+01 -2.876526e+00 1.580000e+01
    endloop
  endfacet
  facet normal 9.990741e-01 4.302223e-02 0.000000e+00
    outer loop
      vertex   8.686039e+01 -2.876526e+00 1.580000e+01
      vertex   8.690963e+01 -4.019858e+00 7.900000e+00
      vertex   8.686039e+01 -2.876526e+00 7.900000e+00
    endloop
  endfacet
  facet normal 9.916773e-01 1.287482e-01 0.000000e+00
    outer loop
      vertex   8.686039e+01 -2.876526e+00 1.580000e+01
      vertex   8.686039e+01 -2.876526e+00 7.900000e+00
      vertex   8.671306e+01 -1.741659e+00 1.580000e+01
    endloop
  endfacet
  facet normal 9.916773e-01 1.287482e-01 0.000000e+00
    outer loop
      vertex   8.671306e+01 -1.741659e+00 1.580000e+01
      vertex   8.686039e+01 -2.876526e+00 7.900000e+00
      vertex   8.671306e+01 -1.741659e+00 7.900000e+00
    endloop
  endfacet
  facet normal 9.769385e-01 2.135209e-01 0.000000e+00
    outer loop
      vertex   8.671306e+01 -1.741659e+00 1.580000e+01
      vertex   8.671306e+01 -1.741659e+00 7.900000e+00
      vertex   8.646870e+01 -6.236589e-01 1.580000e+01
    endloop
  endfacet
  facet normal 9.769385e-01 2.135209e-01 0.000000e+00
    outer loop
      vertex   8.646870e+01 -6.236589e-01 1.580000e+01
      vertex   8.671306e+01 -1.741659e+00 7.900000e+00
      vertex   8.646870e+01 -6.236589e-01 7.900000e+00
    endloop
  endfacet
  facet normal 9.549668e-01 2.967128e-01 0.000000e+00
    outer loop
      vertex   8.646870e+01 -6.236589e-01 1.580000e+01
      vertex   8.646870e+01 -6.236589e-01 7.900000e+00
      vertex   8.612915e+01 4.691969e-01 1.580000e+01
    endloop
  endfacet
  facet normal 9.549668e-01 2.967128e-01 0.000000e+00
    outer loop
      vertex   8.612915e+01 4.691969e-01 1.580000e+01
      vertex   8.646870e+01 -6.236589e-01 7.900000e+00
      vertex   8.612915e+01 4.691969e-01 7.900000e+00
    endloop
  endfacet
  facet normal 9.259248e-01 3.777080e-01 0.000000e+00
    outer loop
      vertex   8.612915e+01 4.691969e-01 1.580000e+01
      vertex   8.612915e+01 4.691969e-01 7.900000e+00
      vertex   8.569690e+01 1.528817e+00 1.580000e+01
    endloop
  endfacet
  facet normal 9.259248e-01 3.777080e-01 0.000000e+00
    outer loop
      vertex   8.569690e+01 1.528817e+00 1.580000e+01
      vertex   8.612915e+01 4.691969e-01 7.900000e+00
      vertex   8.569690e+01 1.528817e+00 7.900000e+00
    endloop
  endfacet
  facet normal 8.900276e-01 4.559067e-01 0.000000e+00
    outer loop
      vertex   8.569690e+01 1.528817e+00 1.580000e+01
      vertex   8.569690e+01 1.528817e+00 7.900000e+00
      vertex   8.517517e+01 2.547357e+00 1.580000e+01
    endloop
  endfacet
  facet normal 8.900276e-01 4.559067e-01 0.000000e+00
    outer loop
      vertex   8.517517e+01 2.547357e+00 1.580000e+01
      vertex   8.569690e+01 1.528817e+00 7.900000e+00
      vertex   8.517517e+01 2.547357e+00 7.900000e+00
    endloop
  endfacet
  facet normal 8.475409e-01 5.307300e-01 0.000000e+00
    outer loop
      vertex   8.517517e+01 2.547357e+00 1.580000e+01
      vertex   8.517517e+01 2.547357e+00 7.900000e+00
      vertex   8.456780e+01 3.517276e+00 1.580000e+01
    endloop
  endfacet
  facet normal 8.475409e-01 5.307300e-01 0.000000e+00
    outer loop
      vertex   8.456780e+01 3.517276e+00 1.580000e+01
      vertex   8.517517e+01 2.547357e+00 7.900000e+00
      vertex   8.456780e+01 3.517276e+00 7.900000e+00
    endloop
  endfacet
  facet normal 7.987794e-01 6.016241e-01 0.000000e+00
    outer loop
      vertex   8.456780e+01 3.517276e+00 1.580000e+01
      vertex   8.456780e+01 3.517276e+00 7.900000e+00
      vertex   8.387931e+01 4.431392e+00 1.580000e+01
    endloop
  endfacet
  facet normal 7.987794e-01 6.016241e-01 0.000000e+00
    outer loop
      vertex   8.387931e+01 4.431392e+00 1.580000e+01
      vertex   8.456780e+01 3.517276e+00 7.900000e+00
      vertex   8.387931e+01 4.431392e+00 7.900000e+00
    endloop
  endfacet
  facet normal 7.441039e-01 6.680639e-01 0.000000e+00
    outer loop
      vertex   8.387931e+01 4.431392e+00 1.580000e+01
      vertex   8.387931e+01 4.431392e+00 7.900000e+00
      vertex   8.311478e+01 5.282938e+00 1.580000e+01
    endloop
  endfacet
  facet normal 7.441039e-01 6.680639e-01 0.000000e+00
    outer loop
      vertex   8.311478e+01 5.282938e+00 1.580000e+01
      vertex   8.387931e+01 4.431392e+00 7.900000e+00
      vertex   8.311478e+01 5.282938e+00 7.900000e+00
    endloop
  endfacet
  facet normal 6.839194e-01 7.295576e-01 0.000000e+00
    outer loop
      vertex   8.311478e+01 5.282938e+00 1.580000e+01
      vertex   8.311478e+01 5.282938e+00 7.900000e+00
      vertex   8.227988e+01 6.065610e+00 1.580000e+01
    endloop
  endfacet
  facet normal 6.839194e-01 7.295576e-01 0.000000e+00
    outer loop
      vertex   8.227988e+01 6.065610e+00 1.580000e+01
      vertex   8.311478e+01 5.282938e+00 7.900000e+00
      vertex   8.227988e+01 6.065610e+00 7.900000e+00
    endloop
  endfacet
  facet normal 6.186714e-01 7.856499e-01 0.000000e+00
    outer loop
      vertex   8.227988e+01 6.065610e+00 1.580000e+01
      vertex   8.227988e+01 6.065610e+00 7.900000e+00
      vertex   8.138079e+01 6.773612e+00 1.580000e+01
    endloop
  endfacet
  facet normal 6.186714e-01 7.856499e-01 0.000000e+00
    outer loop
      vertex   8.138079e+01 6.773612e+00 1.580000e+01
      vertex   8.227988e+01 6.065610e+00 7.900000e+00
      vertex   8.138079e+01 6.773612e+00 7.900000e+00
    endloop
  endfacet
  facet normal 5.488430e-01 8.359255e-01 0.000000e+00
    outer loop
      vertex   8.138079e+01 6.773612e+00 1.580000e+01
      vertex   8.138079e+01 6.773612e+00 7.900000e+00
      vertex   8.042417e+01 7.401703e+00 1.580000e+01
    endloop
  endfacet
  facet normal 5.488430e-01 8.359255e-01 0.000000e+00
    outer loop
      vertex   8.042417e+01 7.401703e+00 1.580000e+01
      vertex   8.138079e+01 6.773612e+00 7.900000e+00
      vertex   8.042417e+01 7.401703e+00 7.900000e+00
    endloop
  endfacet
  facet normal 4.749511e-01 8.800122e-01 0.000000e+00
    outer loop
      vertex   8.042417e+01 7.401703e+00 1.580000e+01
      vertex   8.042417e+01 7.401703e+00 7.900000e+00
      vertex   7.941709e+01 7.945233e+00 1.580000e+01
    endloop
  endfacet
  facet normal 4.749511e-01 8.800122e-01 0.000000e+00
    outer loop
      vertex   7.941709e+01 7.945233e+00 1.580000e+01
      vertex   8.042417e+01 7.401703e+00 7.900000e+00
      vertex   7.941709e+01 7.945233e+00 7.900000e+00
    endloop
  endfacet
  facet normal 3.975428e-01 9.175836e-01 0.000000e+00
    outer loop
      vertex   7.941709e+01 7.945233e+00 1.580000e+01
      vertex   7.941709e+01 7.945233e+00 7.900000e+00
      vertex   7.836701e+01 8.400177e+00 1.580000e+01
    endloop
  endfacet
  facet normal 3.975428e-01 9.175836e-01 0.000000e+00
    outer loop
      vertex   7.836701e+01 8.400177e+00 1.580000e+01
      vertex   7.941709e+01 7.945233e+00 7.900000e+00
      vertex   7.836701e+01 8.400177e+00 7.900000e+00
    endloop
  endfacet
  facet normal 3.171913e-01 9.483616e-01 0.000000e+00
    outer loop
      vertex   7.836701e+01 8.400177e+00 1.580000e+01
      vertex   7.836701e+01 8.400177e+00 7.900000e+00
      vertex   7.728172e+01 8.763168e+00 1.580000e+01
    endloop
  endfacet
  facet normal 3.171913e-01 9.483616e-01 0.000000e+00
    outer loop
      vertex   7.728172e+01 8.763168e+00 1.580000e+01
      vertex   7.836701e+01 8.400177e+00 7.900000e+00
      vertex   7.728172e+01 8.763168e+00 7.900000e+00
    endloop
  endfacet
  facet normal 2.344914e-01 9.721182e-01 0.000000e+00
    outer loop
      vertex   7.728172e+01 8.763168e+00 1.580000e+01
      vertex   7.728172e+01 8.763168e+00 7.900000e+00
      vertex   7.616923e+01 9.031518e+00 1.580000e+01
    endloop
  endfacet
  facet normal 2.344914e-01 9.721182e-01 0.000000e+00
    outer loop
      vertex   7.616923e+01 9.031518e+00 1.580000e+01
      vertex   7.728172e+01 8.763168e+00 7.900000e+00
      vertex   7.616923e+01 9.031518e+00 7.900000e+00
    endloop
  endfacet
  facet normal 1.500554e-01 9.886776e-01 0.000000e+00
    outer loop
      vertex   7.616923e+01 9.031518e+00 1.580000e+01
      vertex   7.616923e+01 9.031518e+00 7.900000e+00
      vertex   7.503780e+01 9.203240e+00 1.580000e+01
    endloop
  endfacet
  facet normal 1.500554e-01 9.886776e-01 0.000000e+00
    outer loop
      vertex   7.503780e+01 9.203240e+00 1.580000e+01
      vertex   7.616923e+01 9.031518e+00 7.900000e+00
      vertex   7.503780e+01 9.203240e+00 7.900000e+00
    endloop
  endfacet
  facet normal 6.450845e-02 9.979172e-01 0.000000e+00
    outer loop
      vertex   7.503780e+01 9.203240e+00 1.580000e+01
      vertex   7.503780e+01 9.203240e+00 7.900000e+00
      vertex   7.389579e+01 9.277063e+00 1.580000e+01
    endloop
  endfacet
  facet normal 6.450845e-02 9.979172e-01 0.000000e+00
    outer loop
      vertex   7.389579e+01 9.277063e+00 1.580000e+01
      vertex   7.503780e+01 9.203240e+00 7.900000e+00
      vertex   7.389579e+01 9.277063e+00 7.900000e+00
    endloop
  endfacet
  facet normal -2.151610e-02 9.997685e-01 0.000000e+00
    outer loop
      vertex   7.389579e+01 9.277063e+00 1.580000e+01
      vertex   7.389579e+01 9.277063e+00 7.900000e+00
      vertex   7.275167e+01 9.252441e+00 1.580000e+01
    endloop
  endfacet
  facet normal -2.151610e-02 9.997685e-01 0.000000e+00
    outer loop
      vertex   7.275167e+01 9.252441e+00 1.580000e+01
      vertex   7.389579e+01 9.277063e+00 7.900000e+00
      vertex   7.275167e+01 9.252441e+00 7.900000e+00
    endloop
  endfacet
  facet normal -1.073813e-01 9.942179e-01 0.000000e+00
    outer loop
      vertex   7.275167e+01 9.252441e+00 1.580000e+01
      vertex   7.275167e+01 9.252441e+00 7.900000e+00
      vertex   7.161389e+01 9.129554e+00 1.580000e+01
    endloop
  endfacet
  facet normal -1.073813e-01 9.942179e-01 0.000000e+00
    outer loop
      vertex   7.161389e+01 9.129554e+00 1.580000e+01
      vertex   7.275167e+01 9.252441e+00 7.900000e+00
      vertex   7.161389e+01 9.129554e+00 7.900000e+00
    endloop
  endfacet
  facet normal -1.924516e-01 9.813065e-01 0.000000e+00
    outer loop
      vertex   7.161389e+01 9.129554e+00 1.580000e+01
      vertex   7.161389e+01 9.129554e+00 7.900000e+00
      vertex   7.049089e+01 8.909314e+00 1.580000e+01
    endloop
  endfacet
  facet normal -1.924516e-01 9.813065e-01 0.000000e+00
    outer loop
      vertex   7.049089e+01 8.909314e+00 1.580000e+01
      vertex   7.161389e+01 9.129554e+00 7.900000e+00
      vertex   7.049089e+01 8.909314e+00 7.900000e+00
    endloop
  endfacet
  facet normal -2.760970e-01 9.611298e-01 0.000000e+00
    outer loop
      vertex   7.049089e+01 8.909314e+00 1.580000e+01
      vertex   7.049089e+01 8.909314e+00 7.900000e+00
      vertex   6.939098e+01 8.593351e+00 1.580000e+01
    endloop
  endfacet
  facet normal -2.760970e-01 9.611298e-01 0.000000e+00
    outer loop
      vertex   6.939098e+01 8.593351e+00 1.580000e+01
      vertex   7.049089e+01 8.909314e+00 7.900000e+00
      vertex   6.939098e+01 8.593351e+00 7.900000e+00
    endloop
  endfacet
  facet normal -3.576982e-01 9.338372e-01 0.000000e+00
    outer loop
      vertex   6.939098e+01 8.593351e+00 1.580000e+01
      vertex   6.939098e+01 8.593351e+00 7.900000e+00
      vertex   6.832231e+01 8.184005e+00 1.580000e+01
    endloop
  endfacet
  facet normal -3.576982e-01 9.338372e-01 0.000000e+00
    outer loop
      vertex   6.832231e+01 8.184005e+00 1.580000e+01
      vertex   6.939098e+01 8.593351e+00 7.900000e+00
      vertex   6.832231e+01 8.184005e+00 7.900000e+00
    endloop
  endfacet
  facet normal -4.366512e-01 8.996309e-01 0.000000e+00
    outer loop
      vertex   6.832231e+01 8.184005e+00 1.580000e+01
      vertex   6.832231e+01 8.184005e+00 7.900000e+00
      vertex   6.729278e+01 7.684305e+00 1.580000e+01
    endloop
  endfacet
  facet normal -4.366512e-01 8.996309e-01 0.000000e+00
    outer loop
      vertex   6.729278e+01 7.684305e+00 1.580000e+01
      vertex   6.832231e+01 8.184005e+00 7.900000e+00
      vertex   6.729278e+01 7.684305e+00 7.900000e+00
    endloop
  endfacet
  facet normal -5.123714e-01 8.587640e-01 0.000000e+00
    outer loop
      vertex   6.729278e+01 7.684305e+00 1.580000e+01
      vertex   6.729278e+01 7.684305e+00 7.900000e+00
      vertex   6.631002e+01 7.097951e+00 1.580000e+01
    endloop
  endfacet
  facet normal -5.123714e-01 8.587640e-01 0.000000e+00
    outer loop
      vertex   6.631002e+01 7.097951e+00 1.580000e+01
      vertex   6.729278e+01 7.684305e+00 7.900000e+00
      vertex   6.631002e+01 7.097951e+00 7.900000e+00
    endloop
  endfacet
  facet normal -5.842982e-01 8.115391e-01 0.000000e+00
    outer loop
      vertex   6.631002e+01 7.097951e+00 1.580000e+01
      vertex   6.631002e+01 7.097951e+00 7.900000e+00
      vertex   6.538130e+01 6.429285e+00 1.580000e+01
    endloop
  endfacet
  facet normal -5.842982e-01 8.115391e-01 0.000000e+00
    outer loop
      vertex   6.538130e+01 6.429285e+00 1.580000e+01
      vertex   6.631002e+01 7.097951e+00 7.900000e+00
      vertex   6.538130e+01 6.429285e+00 7.900000e+00
    endloop
  endfacet
  facet normal -6.518990e-01 7.583058e-01 0.000000e+00
    outer loop
      vertex   6.538130e+01 6.429285e+00 1.580000e+01
      vertex   6.538130e+01 6.429285e+00 7.900000e+00
      vertex   6.451350e+01 5.683258e+00 1.580000e+01
    endloop
  endfacet
  facet normal -6.518990e-01 7.583058e-01 0.000000e+00
    outer loop
      vertex   6.451350e+01 5.683258e+00 1.580000e+01
      vertex   6.538130e+01 6.429285e+00 7.900000e+00
      vertex   6.451350e+01 5.683258e+00 7.900000e+00
    endloop
  endfacet
  facet normal -7.146734e-01 6.994583e-01 0.000000e+00
    outer loop
      vertex   6.451350e+01 5.683258e+00 1.580000e+01
      vertex   6.451350e+01 5.683258e+00 7.900000e+00
      vertex   6.371305e+01 4.865392e+00 1.580000e+01
    endloop
  endfacet
  facet normal -7.146734e-01 6.994583e-01 0.000000e+00
    outer loop
      vertex   6.371305e+01 4.865392e+00 1.580000e+01
      vertex   6.451350e+01 5.683258e+00 7.900000e+00
      vertex   6.371305e+01 4.865392e+00 7.900000e+00
    endloop
  endfacet
  facet normal -7.721566e-01 6.354323e-01 0.000000e+00
    outer loop
      vertex   6.371305e+01 4.865392e+00 1.580000e+01
      vertex   6.371305e+01 4.865392e+00 7.900000e+00
      vertex   6.298586e+01 3.981742e+00 1.580000e+01
    endloop
  endfacet
  facet normal -7.721566e-01 6.354323e-01 0.000000e+00
    outer loop
      vertex   6.298586e+01 3.981742e+00 1.580000e+01
      vertex   6.371305e+01 4.865392e+00 7.900000e+00
      vertex   6.298586e+01 3.981742e+00 7.900000e+00
    endloop
  endfacet
  facet normal -8.239230e-01 5.667018e-01 0.000000e+00
    outer loop
      vertex   6.298586e+01 3.981742e+00 1.580000e+01
      vertex   6.298586e+01 3.981742e+00 7.900000e+00
      vertex   6.233733e+01 3.038852e+00 1.580000e+01
    endloop
  endfacet
  facet normal -8.239230e-01 5.667018e-01 0.000000e+00
    outer loop
      vertex   6.233733e+01 3.038852e+00 1.580000e+01
      vertex   6.298586e+01 3.981742e+00 7.900000e+00
      vertex   6.233733e+01 3.038852e+00 7.900000e+00
    endloop
  endfacet
  facet normal -8.695894e-01 4.937756e-01 0.000000e+00
    outer loop
      vertex   6.233733e+01 3.038852e+00 1.580000e+01
      vertex   6.233733e+01 3.038852e+00 7.900000e+00
      vertex   6.177226e+01 2.043701e+00 1.580000e+01
    endloop
  endfacet
  facet normal -8.695894e-01 4.937756e-01 0.000000e+00
    outer loop
      vertex   6.177226e+01 2.043701e+00 1.580000e+01
      vertex   6.233733e+01 3.038852e+00 7.900000e+00
      vertex   6.177226e+01 2.043701e+00 7.900000e+00
    endloop
  endfacet
  facet normal -9.088176e-01 4.171936e-01 0.000000e+00
    outer loop
      vertex   6.177226e+01 2.043701e+00 1.580000e+01
      vertex   6.177226e+01 2.043701e+00 7.900000e+00
      vertex   6.129483e+01 1.003658e+00 1.580000e+01
    endloop
  endfacet
  facet normal -9.088176e-01 4.171936e-01 0.000000e+00
    outer loop
      vertex   6.129483e+01 1.003658e+00 1.580000e+01
      vertex   6.177226e+01 2.043701e+00 7.900000e+00
      vertex   6.129483e+01 1.003658e+00 7.900000e+00
    endloop
  endfacet
  facet normal -9.413173e-01 3.375229e-01 0.000000e+00
    outer loop
      vertex   6.129483e+01 1.003658e+00 1.580000e+01
      vertex   6.129483e+01 1.003658e+00 7.900000e+00
      vertex   6.090857e+01 -7.357721e-02 1.580000e+01
    endloop
  endfacet
  facet normal -9.413173e-01 3.375229e-01 0.000000e+00
    outer loop
      vertex   6.090857e+01 -7.357721e-02 1.580000e+01
      vertex   6.129483e+01 1.003658e+00 7.900000e+00
      vertex   6.090857e+01 -7.357721e-02 7.900000e+00
    endloop
  endfacet
  facet normal -9.668478e-01 2.553533e-01 0.000000e+00
    outer loop
      vertex   6.090857e+01 -7.357721e-02 1.580000e+01
      vertex   6.090857e+01 -7.357721e-02 7.900000e+00
      vertex   6.061635e+01 -1.180030e+00 1.580000e+01
    endloop
  endfacet
  facet normal -9.668478e-01 2.553533e-01 0.000000e+00
    outer loop
      vertex   6.061635e+01 -1.180030e+00 1.580000e+01
      vertex   6.090857e+01 -7.357721e-02 7.900000e+00
      vertex   6.061635e+01 -1.180030e+00 7.900000e+00
    endloop
  endfacet
  facet normal -9.852201e-01 1.712931e-01 0.000000e+00
    outer loop
      vertex   6.061635e+01 -1.180030e+00 1.580000e+01
      vertex   6.061635e+01 -1.180030e+00 7.900000e+00
      vertex   6.042032e+01 -2.307507e+00 1.580000e+01
    endloop
  endfacet
  facet normal -9.852201e-01 1.712931e-01 0.000000e+00
    outer loop
      vertex   6.042032e+01 -2.307507e+00 1.580000e+01
      vertex   6.061635e+01 -1.180030e+00 7.900000e+00
      vertex   6.042032e+01 -2.307507e+00 7.900000e+00
    endloop
  endfacet
  facet normal -9.962982e-01 8.596480e-02 0.000000e+00
    outer loop
      vertex   6.042032e+01 -2.307507e+00 1.580000e+01
      vertex   6.042032e+01 -2.307507e+00 7.900000e+00
      vertex   6.032194e+01 -3.447662e+00 1.580000e+01
    endloop
  endfacet
  facet normal -9.962982e-01 8.596480e-02 0.000000e+00
    outer loop
      vertex   6.032194e+01 -3.447662e+00 1.580000e+01
      vertex   6.042032e+01 -2.307507e+00 7.900000e+00
      vertex   6.032194e+01 -3.447662e+00 7.900000e+00
    endloop
  endfacet
  facet normal -1.000000e+00 -0.000000e+00 -0.000000e+00
    outer loop
      vertex   6.032194e+01 -3.447662e+00 1.580000e+01
      vertex   6.032194e+01 -3.447662e+00 7.900000e+00
      vertex   6.032194e+01 -4.592053e+00 1.580000e+01
    endloop
  endfacet
  facet normal -1.000000e+00 0.000000e+00 0.000000e+00
    outer loop
      vertex   6.032194e+01 -4.592053e+00 1.580000e+01
      vertex   6.032194e+01 -3.447662e+00 7.900000e+00
      vertex   6.032194e+01 -4.592053e+00 7.900000e+00
    endloop
  endfacet
  facet normal -9.962982e-01 -8.596480e-02 -0.000000e+00
    outer loop
      vertex   6.032194e+01 -4.592053e+00 1.580000e+01
      vertex   6.032194e+01 -4.592053e+00 7.900000e+00
      vertex   6.042032e+01 -5.732208e+00 1.580000e+01
    endloop
  endfacet
  facet normal -9.962982e-01 -8.596480e-02 -0.000000e+00
    outer loop
      vertex   6.042032e+01 -5.732208e+00 1.580000e+01
      vertex   6.032194e+01 -4.592053e+00 7.900000e+00
      vertex   6.042032e+01 -5.732208e+00 7.900000e+00
    endloop
  endfacet
  facet normal -9.852201e-01 -1.712931e-01 -0.000000e+00
    outer loop
      vertex   6.042032e+01 -5.732208e+00 1.580000e+01
      vertex   6.042032e+01 -5.732208e+00 7.900000e+00
      vertex   6.061635e+01 -6.859686e+00 1.580000e+01
    endloop
  endfacet
  facet normal -9.852201e-01 -1.712931e-01 -0.000000e+00
    outer loop
      vertex   6.061635e+01 -6.859686e+00 1.580000e+01
      vertex   6.042032e+01 -5.732208e+00 7.900000e+00
      vertex   6.061635e+01 -6.859686e+00 7.900000e+00
    endloop
  endfacet
  facet normal -9.668478e-01 -2.553533e-01 -0.000000e+00
    outer loop
      vertex   6.061635e+01 -6.859686e+00 1.580000e+01
      vertex   6.061635e+01 -6.859686e+00 7.900000e+00
      vertex   6.090857e+01 -7.966138e+00 1.580000e+01
    endloop
  endfacet
  facet normal -9.668478e-01 -2.553533e-01 -0.000000e+00
    outer loop
      vertex   6.090857e+01 -7.966138e+00 1.580000e+01
      vertex   6.061635e+01 -6.859686e+00 7.900000e+00
      vertex   6.090857e+01 -7.966138e+00 7.900000e+00
    endloop
  endfacet
  facet normal -9.413173e-01 -3.375229e-01 -0.000000e+00
    outer loop
      vertex   6.090857e+01 -7.966138e+00 1.580000e+01
      vertex   6.090857e+01 -7.966138e+00 7.900000e+00
      vertex   6.129483e+01 -9.043374e+00 1.580000e+01
    endloop
  endfacet
  facet normal -9.413173e-01 -3.375229e-01 -0.000000e+00
    outer loop
      vertex   6.129483e+01 -9.043374e+00 1.580000e+01
      vertex   6.090857e+01 -7.966138e+00 7.900000e+00
      vertex   6.129483e+01 -9.043374e+00 7.900000e+00
    endloop
  endfacet
  facet normal -9.088176e-01 -4.171936e-01 -0.000000e+00
    outer loop
      vertex   6.129483e+01 -9.043374e+00 1.580000e+01
      vertex   6.129483e+01 -9.043374e+00 7.900000e+00
      vertex   6.177226e+01 -1.008342e+01 1.580000e+01
    endloop
  endfacet
  facet normal -9.088176e-01 -4.171936e-01 -0.000000e+00
    outer loop
      vertex   6.177226e+01 -1.008342e+01 1.580000e+01
      vertex   6.129483e+01 -9.043374e+00 7.900000e+00
      vertex   6.177226e+01 -1.008342e+01 7.900000e+00
    endloop
  endfacet
  facet normal -8.695894e-01 -4.937756e-01 -0.000000e+00
    outer loop
      vertex   6.177226e+01 -1.008342e+01 1.580000e+01
      vertex   6.177226e+01 -1.008342e+01 7.900000e+00
      vertex   6.233733e+01 -1.107857e+01 1.580000e+01
    endloop
  endfacet
  facet normal -8.695894e-01 -4.937756e-01 -0.000000e+00
    outer loop
      vertex   6.233733e+01 -1.107857e+01 1.580000e+01
      vertex   6.177226e+01 -1.008342e+01 7.900000e+00
      vertex   6.233733e+01 -1.107857e+01 7.900000e+00
    endloop
  endfacet
  facet normal -8.239230e-01 -5.667018e-01 -0.000000e+00
    outer loop
      vertex   6.233733e+01 -1.107857e+01 1.580000e+01
      vertex   6.233733e+01 -1.107857e+01 7.900000e+00
      vertex   6.298586e+01 -1.202146e+01 1.580000e+01
    endloop
  endfacet
  facet normal -8.239230e-01 -5.667018e-01 -0.000000e+00
    outer loop
      vertex   6.298586e+01 -1.202146e+01 1.580000e+01
      vertex   6.233733e+01 -1.107857e+01 7.900000e+00
      vertex   6.298586e+01 -1.202146e+01 7.900000e+00
    endloop
  endfacet
  facet normal -7.721566e-01 -6.354323e-01 -0.000000e+00
    outer loop
      vertex   6.298586e+01 -1.202146e+01 1.580000e+01
      vertex   6.298586e+01 -1.202146e+01 7.900000e+00
      vertex   6.371305e+01 -1.290511e+01 1.580000e+01
    endloop
  endfacet
  facet normal -7.721566e-01 -6.354323e-01 -0.000000e+00
    outer loop
      vertex   6.371305e+01 -1.290511e+01 1.580000e+01
      vertex   6.298586e+01 -1.202146e+01 7.900000e+00
      vertex   6.371305e+01 -1.290511e+01 7.900000e+00
    endloop
  endfacet
  facet normal -7.146734e-01 -6.994583e-01 -0.000000e+00
    outer loop
      vertex   6.371305e+01 -1.290511e+01 1.580000e+01
      vertex   6.371305e+01 -1.290511e+01 7.900000e+00
      vertex   6.451350e+01 -1.372297e+01 1.580000e+01
    endloop
  endfacet
  facet normal -7.146734e-01 -6.994583e-01 -0.000000e+00
    outer loop
      vertex   6.451350e+01 -1.372297e+01 1.580000e+01
      vertex   6.371305e+01 -1.290511e+01 7.900000e+00
      vertex   6.451350e+01 -1.372297e+01 7.900000e+00
    endloop
  endfacet
  facet normal -6.518990e-01 -7.583058e-01 -0.000000e+00
    outer loop
      vertex   6.451350e+01 -1.372297e+01 1.580000e+01
      vertex   6.451350e+01 -1.372297e+01 7.900000e+00
      vertex   6.538130e+01 -1.446900e+01 1.580000e+01
    endloop
  endfacet
  facet normal -6.518990e-01 -7.583058e-01 -0.000000e+00
    outer loop
      vertex   6.538130e+01 -1.446900e+01 1.580000e+01
      vertex   6.451350e+01 -1.372297e+01 7.900000e+00
      vertex   6.538130e+01 -1.446900e+01 7.900000e+00
    endloop
  endfacet
  facet normal -5.842982e-01 -8.115391e-01 -0.000000e+00
    outer loop
      vertex   6.538130e+01 -1.446900e+01 1.580000e+01
      vertex   6.538130e+01 -1.446900e+01 7.900000e+00
      vertex   6.631002e+01 -1.513767e+01 1.580000e+01
    endloop
  endfacet
  facet normal -5.842982e-01 -8.115391e-01 -0.000000e+00
    outer loop
      vertex   6.631002e+01 -1.513767e+01 1.580000e+01
      vertex   6.538130e+01 -1.446900e+01 7.900000e+00
      vertex   6.631002e+01 -1.513767e+01 7.900000e+00
    endloop
  endfacet
  facet normal -5.123714e-01 -8.587640e-01 -0.000000e+00
    outer loop
      vertex   6.631002e+01 -1.513767e+01 1.580000e+01
      vertex   6.631002e+01 -1.513767e+01 7.900000e+00
      vertex   6.729278e+01 -1.572402e+01 1.580000e+01
    endloop
  endfacet
  facet normal -5.123714e-01 -8.587640e-01 -0.000000e+00
    outer loop
      vertex   6.729278e+01 -1.572402e+01 1.580000e+01
      vertex   6.631002e+01 -1.513767e+01 7.900000e+00
      vertex   6.729278e+01 -1.572402e+01 7.900000e+00
    endloop
  endfacet
  facet normal -4.366512e-01 -8.996309e-01 -0.000000e+00
    outer loop
      vertex   6.729278e+01 -1.572402e+01 1.580000e+01
      vertex   6.729278e+01 -1.572402e+01 7.900000e+00
      vertex   6.832231e+01 -1.622372e+01 1.580000e+01
    endloop
  endfacet
  facet normal -4.366512e-01 -8.996309e-01 -0.000000e+00
    outer loop
      vertex   6.832231e+01 -1.622372e+01 1.580000e+01
      vertex   6.729278e+01 -1.572402e+01 7.900000e+00
      vertex   6.832231e+01 -1.622372e+01 7.900000e+00
    endloop
  endfacet
  facet normal -3.576982e-01 -9.338372e-01 -0.000000e+00
    outer loop
      vertex   6.832231e+01 -1.622372e+01 1.580000e+01
      vertex   6.832231e+01 -1.622372e+01 7.900000e+00
      vertex   6.939098e+01 -1.663307e+01 1.580000e+01
    endloop
  endfacet
  facet normal -3.576982e-01 -9.338372e-01 -0.000000e+00
    outer loop
      vertex   6.939098e+01 -1.663307e+01 1.580000e+01
      vertex   6.832231e+01 -1.622372e+01 7.900000e+00
      vertex   6.939098e+01 -1.663307e+01 7.900000e+00
    endloop
  endfacet
  facet normal -2.760970e-01 -9.611298e-01 -0.000000e+00
    outer loop
      vertex   6.939098e+01 -1.663307e+01 1.580000e+01
      vertex   6.939098e+01 -1.663307e+01 7.900000e+00
      vertex   7.049089e+01 -1.694903e+01 1.580000e+01
    endloop
  endfacet
  facet normal -2.760970e-01 -9.611298e-01 -0.000000e+00
    outer loop
      vertex   7.049089e+01 -1.694903e+01 1.580000e+01
      vertex   6.939098e+01 -1.663307e+01 7.900000e+00
      vertex   7.049089e+01 -1.694903e+01 7.900000e+00
    endloop
  endfacet
  facet normal -1.924516e-01 -9.813065e-01 -0.000000e+00
    outer loop
      vertex   7.049089e+01 -1.694903e+01 1.580000e+01
      vertex   7.049089e+01 -1.694903e+01 7.900000e+00
      vertex   7.161389e+01 -1.716927e+01 1.580000e+01
    endloop
  endfacet
  facet normal -1.924516e-01 -9.813065e-01 -0.000000e+00
    outer loop
      vertex   7.161389e+01 -1.716927e+01 1.580000e+01
      vertex   7.049089e+01 -1.694903e+01 7.900000e+00
      vertex   7.161389e+01 -1.716927e+01 7.900000e+00
    endloop
  endfacet
  facet normal -1.073813e-01 -9.942179e-01 -0.000000e+00
    outer loop
      vertex   7.161389e+01 -1.716927e+01 1.580000e+01
      vertex   7.161389e+01 -1.716927e+01 7.900000e+00
      vertex   7.275167e+01 -1.729216e+01 1.580000e+01
    endloop
  endfacet
  facet normal -1.073813e-01 -9.942179e-01 -0.000000e+00
    outer loop
      vertex   7.275167e+01 -1.729216e+01 1.580000e+01
      vertex   7.161389e+01 -1.716927e+01 7.900000e+00
      vertex   7.275167e+01 -1.729216e+01 7.900000e+00
    endloop
  endfacet
  facet normal -2.151610e-02 -9.997685e-01 -0.000000e+00
    outer loop
      vertex   7.275167e+01 -1.729216e+01 1.580000e+01
      vertex   7.275167e+01 -1.729216e+01 7.900000e+00
      vertex   7.389579e+01 -1.731678e+01 1.580000e+01
    endloop
  endfacet
  facet normal -2.151610e-02 -9.997685e-01 -0.000000e+00
    outer loop
      vertex   7.389579e+01 -1.731678e+01 1.580000e+01
      vertex   7.275167e+01 -1.729216e+01 7.900000e+00
      vertex   7.389579e+01 -1.731678e+01 7.900000e+00
    endloop
  endfacet
  facet normal 6.450845e-02 -9.979172e-01 0.000000e+00
    outer loop
      vertex   7.389579e+01 -1.731678e+01 1.580000e+01
      vertex   7.389579e+01 -1.731678e+01 7.900000e+00
      vertex   7.503780e+01 -1.724296e+01 1.580000e+01
    endloop
  endfacet
  facet normal 6.450845e-02 -9.979172e-01 0.000000e+00
    outer loop
      vertex   7.503780e+01 -1.724296e+01 1.580000e+01
      vertex   7.389579e+01 -1.731678e+01 7.900000e+00
      vertex   7.503780e+01 -1.724296e+01 7.900000e+00
    endloop
  endfacet
  facet normal 1.500554e-01 -9.886776e-01 0.000000e+00
    outer loop
      vertex   7.503780e+01 -1.724296e+01 1.580000e+01
      vertex   7.503780e+01 -1.724296e+01 7.900000e+00
      vertex   7.616923e+01 -1.707123e+01 1.580000e+01
    endloop
  endfacet
  facet normal 1.500554e-01 -9.886776e-01 0.000000e+00
    outer loop
      vertex   7.616923e+01 -1.707123e+01 1.580000e+01
      vertex   7.503780e+01 -1.724296e+01 7.900000e+00
      vertex   7.616923e+01 -1.707123e+01 7.900000e+00
    endloop
  endfacet
  facet normal 2.344914e-01 -9.721182e-01 0.000000e+00
    outer loop
      vertex   7.616923e+01 -1.707123e+01 1.580000e+01
      vertex   7.616923e+01 -1.707123e+01 7.900000e+00
      vertex   7.728172e+01 -1.680288e+01 1.580000e+01
    endloop
  endfacet
  facet normal 2.344914e-01 -9.721182e-01 0.000000e+00
    outer loop
      vertex   7.728172e+01 -1.680288e+01 1.580000e+01
      vertex   7.616923e+01 -1.707123e+01 7.900000e+00
      vertex   7.728172e+01 -1.680288e+01 7.900000e+00
    endloop
  endfacet
  facet normal 3.171913e-01 -9.483616e-01 0.000000e+00
    outer loop
      vertex   7.728172e+01 -1.680288e+01 1.580000e+01
      vertex   7.728172e+01 -1.680288e+01 7.900000e+00
      vertex   7.836701e+01 -1.643989e+01 1.580000e+01
    endloop
  endfacet
  facet normal 3.171913e-01 -9.483616e-01 0.000000e+00
    outer loop
      vertex   7.836701e+01 -1.643989e+01 1.580000e+01
      vertex   7.728172e+01 -1.680288e+01 7.900000e+00
      vertex   7.836701e+01 -1.643989e+01 7.900000e+00
    endloop
  endfacet
  facet normal 3.975428e-01 -9.175836e-01 0.000000e+00
    outer loop
      vertex   7.836701e+01 -1.643989e+01 1.580000e+01
      vertex   7.836701e+01 -1.643989e+01 7.900000e+00
      vertex   7.941709e+01 -1.598495e+01 1.580000e+01
    endloop
  endfacet
  facet normal 3.975428e-01 -9.175836e-01 0.000000e+00
    outer loop
      vertex   7.941709e+01 -1.598495e+01 1.580000e+01
      vertex   7.836701e+01 -1.643989e+01 7.900000e+00
      vertex   7.941709e+01 -1.598495e+01 7.900000e+00
    endloop
  endfacet
  facet normal 4.749511e-01 -8.800122e-01 0.000000e+00
    outer loop
      vertex   7.941709e+01 -1.598495e+01 1.580000e+01
      vertex   7.941709e+01 -1.598495e+01 7.900000e+00
      vertex   8.042417e+01 -1.544142e+01 1.580000e+01
    endloop
  endfacet
  facet normal 4.749511e-01 -8.800122e-01 0.000000e+00
    outer loop
      vertex   8.042417e+01 -1.544142e+01 1.580000e+01
      vertex   7.941709e+01 -1.598495e+01 7.900000e+00
      vertex   8.042417e+01 -1.544142e+01 7.900000e+00
    endloop
  endfacet
  facet normal 5.488430e-01 -8.359255e-01 0.000000e+00
    outer loop
      vertex   8.042417e+01 -1.544142e+01 1.580000e+01
      vertex   8.042417e+01 -1.544142e+01 7.900000e+00
      vertex   8.138079e+01 -1.481333e+01 1.580000e+01
    endloop
  endfacet
  facet normal 5.488430e-01 -8.359255e-01 0.000000e+00
    outer loop
      vertex   8.138079e+01 -1.481333e+01 1.580000e+01
      vertex   8.042417e+01 -1.544142e+01 7.900000e+00
      vertex   8.138079e+01 -1.481333e+01 7.900000e+00
    endloop
  endfacet
  facet normal 6.186714e-01 -7.856499e-01 0.000000e+00
    outer loop
      vertex   8.138079e+01 -1.481333e+01 1.580000e+01
      vertex   8.138079e+01 -1.481333e+01 7.900000e+00
      vertex   8.227988e+01 -1.410532e+01 1.580000e+01
    endloop
  endfacet
  facet normal 6.186714e-01 -7.856499e-01 0.000000e+00
    outer loop
      vertex   8.227988e+01 -1.410532e+01 1.580000e+01
      vertex   8.138079e+01 -1.481333e+01 7.900000e+00
      vertex   8.227988e+01 -1.410532e+01 7.900000e+00
    endloop
  endfacet
  facet normal 6.839194e-01 -7.295576e-01 0.000000e+00
    outer loop
      vertex   8.227988e+01 -1.410532e+01 1.580000e+01
      vertex   8.227988e+01 -1.410532e+01 7.900000e+00
      vertex   8.311478e+01 -1.332265e+01 1.580000e+01
    endloop
  endfacet
  facet normal 6.839194e-01 -7.295576e-01 0.000000e+00
    outer loop
      vertex   8.311478e+01 -1.332265e+01 1.580000e+01
      vertex   8.227988e+01 -1.410532e+01 7.900000e+00
      vertex   8.311478e+01 -1.332265e+01 7.900000e+00
    endloop
  endfacet
  facet normal 7.441039e-01 -6.680639e-01 0.000000e+00
    outer loop
      vertex   8.311478e+01 -1.332265e+01 1.580000e+01
      vertex   8.311478e+01 -1.332265e+01 7.900000e+00
      vertex   8.387931e+01 -1.247111e+01 1.580000e+01
    endloop
  endfacet
  facet normal 7.441039e-01 -6.680639e-01 0.000000e+00
    outer loop
      vertex   8.387931e+01 -1.247111e+01 1.580000e+01
      vertex   8.311478e+01 -1.332265e+01 7.900000e+00
      vertex   8.387931e+01 -1.247111e+01 7.900000e+00
    endloop
  endfacet
  facet normal 7.987794e-01 -6.016241e-01 0.000000e+00
    outer loop
      vertex   8.387931e+01 -1.247111e+01 1.580000e+01
      vertex   8.387931e+01 -1.247111e+01 7.900000e+00
      vertex   8.456780e+01 -1.155699e+01 1.580000e+01
    endloop
  endfacet
  facet normal 7.987794e-01 -6.016241e-01 0.000000e+00
    outer loop
      vertex   8.456780e+01 -1.155699e+01 1.580000e+01
      vertex   8.387931e+01 -1.247111e+01 7.900000e+00
      vertex   8.456780e+01 -1.155699e+01 7.900000e+00
    endloop
  endfacet
  facet normal 8.475409e-01 -5.307300e-01 0.000000e+00
    outer loop
      vertex   8.456780e+01 -1.155699e+01 1.580000e+01
      vertex   8.456780e+01 -1.155699e+01 7.900000e+00
      vertex   8.517517e+01 -1.058707e+01 1.580000e+01
    endloop
  endfacet
  facet normal 8.475409e-01 -5.307300e-01 0.000000e+00
    outer loop
      vertex   8.517517e+01 -1.058707e+01 1.580000e+01
      vertex   8.456780e+01 -1.155699e+01 7.900000e+00
      vertex   8.517517e+01 -1.058707e+01 7.900000e+00
    endloop
  endfacet
  facet normal 8.900276e-01 -4.559067e-01 0.000000e+00
    outer loop
      vertex   8.517517e+01 -1.058707e+01 1.580000e+01
      vertex   8.517517e+01 -1.058707e+01 7.900000e+00
      vertex   8.569690e+01 -9.568533e+00 1.580000e+01
    endloop
  endfacet
  facet normal 8.900276e-01 -4.559067e-01 0.000000e+00
    outer loop
      vertex   8.569690e+01 -9.568533e+00 1.580000e+01
      vertex   8.517517e+01 -1.058707e+01 7.900000e+00
      vertex   8.569690e+01 -9.568533e+00 7.900000e+00
    endloop
  endfacet
  facet normal 9.259248e-01 -3.777080e-01 0.000000e+00
    outer loop
      vertex   8.569690e+01 -9.568533e+00 1.580000e+01
      vertex   8.569690e+01 -9.568533e+00 7.900000e+00
      vertex   8.612915e+01 -8.508912e+00 1.580000e+01
    endloop
  endfacet
  facet normal 9.259248e-01 -3.777080e-01 0.000000e+00
    outer loop
      vertex   8.612915e+01 -8.508912e+00 1.580000e+01
      vertex   8.569690e+01 -9.568533e+00 7.900000e+00
      vertex   8.612915e+01 -8.508912e+00 7.900000e+00
    endloop
  endfacet
  facet normal 9.549668e-01 -2.967128e-01 0.000000e+00
    outer loop
      vertex   8.612915e+01 -8.508912e+00 1.580000e+01
      vertex   8.612915e+01 -8.508912e+00 7.900000e+00
      vertex   8.646870e+01 -7.416057e+00 1.580000e+01
    endloop
  endfacet
  facet normal 9.549668e-01 -2.967128e-01 0.000000e+00
    outer loop
      vertex   8.646870e+01 -7.416057e+00 1.580000e+01
      vertex   8.612915e+01 -8.508912e+00 7.900000e+00
      vertex   8.646870e+01 -7.416057e+00 7.900000e+00
    endloop
  endfacet
  facet normal 9.769385e-01 -2.135209e-01 0.000000e+00
    outer loop
      vertex   8.646870e+01 -7.416057e+00 1.580000e+01
      vertex   8.646870e+01 -7.416057e+00 7.900000e+00
      vertex   8.671306e+01 -6.298057e+00 1.580000e+01
    endloop
  endfacet
  facet normal 9.769385e-01 -2.135209e-01 0.000000e+00
    outer loop
      vertex   8.671306e+01 -6.298057e+00 1.580000e+01
      vertex   8.646870e+01 -7.416057e+00 7.900000e+00
      vertex   8.671306e+01 -6.298057e+00 7.900000e+00
    endloop
  endfacet
  facet normal 9.916773e-01 -1.287482e-01 0.000000e+00
    outer loop
      vertex   8.671306e+01 -6.298057e+00 1.580000e+01
      vertex   8.671306e+01 -6.298057e+00 7.900000e+00
      vertex   8.686039e+01 -5.163190e+00 1.580000e+01
    endloop
  endfacet
  facet normal 9.916773e-01 -1.287482e-01 0.000000e+00
    outer loop
      vertex   8.686039e+01 -5.163190e+00 1.580000e+01
      vertex   8.671306e+01 -6.298057e+00 7.900000e+00
      vertex   8.686039e+01 -5.163190e+00 7.900000e+00
    endloop
  endfacet
  facet normal -1.059638e-15 1.970410e-15 -1.000000e+00
    outer loop
      vertex   7.471870e+01 -1.779331e+00 7.900000e+00
      vertex   8.456780e+01 3.517276e+00 7.900000e+00
      vertex   7.510963e+01 -2.019858e+00 7.900000e+00
    endloop
  endfacet
  facet normal 6.871506e-17 4.302936e-17 -1.000000e+00
    outer loop
      vertex   7.510963e+01 -2.019858e+00 7.900000e+00
      vertex   8.456780e+01 3.517276e+00 7.900000e+00
      vertex   8.517517e+01 2.547357e+00 7.900000e+00
    endloop
  endfacet
  facet normal 7.159817e-17 3.667536e-17 -1.000000e+00
    outer loop
      vertex   7.510963e+01 -2.019858e+00 7.900000e+00
      vertex   8.517517e+01 2.547357e+00 7.900000e+00
      vertex   8.569690e+01 1.528817e+00 7.900000e+00
    endloop
  endfacet
  facet normal 0.000000e+00 0.000000e+00 -1.000000e+00
    outer loop
      vertex   7.471870e+01 -1.779331e+00 7.900000e+00
      vertex   7.429039e+01 -1.614329e+00 7.900000e+00
      vertex   8.456780e+01 3.517276e+00 7.900000e+00
    endloop
  endfacet
  facet normal 0.000000e+00 0.000000e+00 -1.000000e+00
    outer loop
      vertex   8.456780e+01 3.517276e+00 7.900000e+00
      vertex   7.429039e+01 -1.614329e+00 7.900000e+00
      vertex   7.383913e+01 -1.530414e+00 7.900000e+00
    endloop
  endfacet
  facet normal 0.000000e+00 0.000000e+00 -1.000000e+00
    outer loop
      vertex   8.456780e+01 3.517276e+00 7.900000e+00
      vertex   7.383913e+01 -1.530414e+00 7.900000e+00
      vertex   7.338013e+01 -1.530414e+00 7.900000e+00
    endloop
  endfacet
  facet normal 0.000000e+00 0.000000e+00 -1.000000e+00
    outer loop
      vertex   7.292887e+01 -1.614329e+00 7.900000e+00
      vertex   6.061635e+01 -1.180030e+00 7.900000e+00
      vertex   7.338013e+01 -1.530414e+00 7.900000e+00
    endloop
  endfacet
  facet normal 0.000000e+00 0.000000e+00 -1.000000e+00
    outer loop
      vertex   7.338013e+01 -1.530414e+00 7.900000e+00
      vertex   6.061635e+01 -1.180030e+00 7.900000e+00
      vertex   6.090857e+01 -7.357721e-02 7.900000e+00
    endloop
  endfacet
  facet normal 0.000000e+00 0.000000e+00 -1.000000e+00
    outer loop
      vertex   7.338013e+01 -1.530414e+00 7.900000e+00
      vertex   6.090857e+01 -7.357721e-02 7.900000e+00
      vertex   6.129483e+01 1.003658e+00 7.900000e+00
    endloop
  endfacet
  facet normal -0.000000e+00 0.000000e+00 -1.000000e+00
    outer loop
      vertex   7.292887e+01 -1.614329e+00 7.900000e+00
      vertex   7.250056e+01 -1.779331e+00 7.900000e+00
      vertex   6.061635e+01 -1.180030e+00 7.900000e+00
    endloop
  endfacet
  facet normal 1.721078e-16 3.412914e-15 -1.000000e+00
    outer loop
      vertex   6.061635e+01 -1.180030e+00 7.900000e+00
      vertex   7.250056e+01 -1.779331e+00 7.900000e+00
      vertex   7.210963e+01 -2.019858e+00 7.900000e+00
    endloop
  endfacet
  facet normal -7.630860e-17 1.326723e-17 -1.000000e+00
    outer loop
      vertex   6.061635e+01 -1.180030e+00 7.900000e+00
      vertex   7.210963e+01 -2.019858e+00 7.900000e+00
      vertex   6.042032e+01 -2.307507e+00 7.900000e+00
    endloop
  endfacet
  facet normal -7.614379e-17 6.570007e-18 -1.000000e+00
    outer loop
      vertex   6.042032e+01 -2.307507e+00 7.900000e+00
      vertex   7.210963e+01 -2.019858e+00 7.900000e+00
      vertex   6.032194e+01 -3.447662e+00 7.900000e+00
    endloop
  endfacet
  facet normal -7.534799e-17 -0.000000e+00 -1.000000e+00
    outer loop
      vertex   6.032194e+01 -3.447662e+00 7.900000e+00
      vertex   7.210963e+01 -2.019858e+00 7.900000e+00
      vertex   6.032194e+01 -4.592053e+00 7.900000e+00
    endloop
  endfacet
  facet normal -7.534799e-17 0.000000e+00 -1.000000e+00
    outer loop
      vertex   6.032194e+01 -4.592053e+00 7.900000e+00
      vertex   7.210963e+01 -2.019858e+00 7.900000e+00
      vertex   7.210963e+01 -6.019858e+00 7.900000e+00
    endloop
  endfacet
  facet normal -7.614379e-17 -6.570007e-18 -1.000000e+00
    outer loop
      vertex   6.032194e+01 -4.592053e+00 7.900000e+00
      vertex   7.210963e+01 -6.019858e+00 7.900000e+00
      vertex   6.042032e+01 -5.732208e+00 7.900000e+00
    endloop
  endfacet
  facet normal -7.630860e-17 -1.326723e-17 -1.000000e+00
    outer loop
      vertex   6.042032e+01 -5.732208e+00 7.900000e+00
      vertex   7.210963e+01 -6.019858e+00 7.900000e+00
      vertex   6.061635e+01 -6.859686e+00 7.900000e+00
    endloop
  endfacet
  facet normal 1.721078e-16 -3.412914e-15 -1.000000e+00
    outer loop
      vertex   6.061635e+01 -6.859686e+00 7.900000e+00
      vertex   7.210963e+01 -6.019858e+00 7.900000e+00
      vertex   7.250056e+01 -6.260384e+00 7.900000e+00
    endloop
  endfacet
  facet normal 0.000000e+00 0.000000e+00 -1.000000e+00
    outer loop
      vertex   6.061635e+01 -6.859686e+00 7.900000e+00
      vertex   7.250056e+01 -6.260384e+00 7.900000e+00
      vertex   7.292887e+01 -6.425386e+00 7.900000e+00
    endloop
  endfacet
  facet normal 0.000000e+00 -0.000000e+00 -1.000000e+00
    outer loop
      vertex   7.292887e+01 -6.425386e+00 7.900000e+00
      vertex   7.338013e+01 -6.509302e+00 7.900000e+00
      vertex   6.061635e+01 -6.859686e+00 7.900000e+00
    endloop
  endfacet
  facet normal 0.000000e+00 0.000000e+00 -1.000000e+00
    outer loop
      vertex   6.061635e+01 -6.859686e+00 7.900000e+00
      vertex   7.338013e+01 -6.509302e+00 7.900000e+00
      vertex   7.383913e+01 -6.509302e+00 7.900000e+00
    endloop
  endfacet
  facet normal 0.000000e+00 0.000000e+00 -1.000000e+00
    outer loop
      vertex   6.061635e+01 -6.859686e+00 7.900000e+00
      vertex   7.383913e+01 -6.509302e+00 7.900000e+00
      vertex   6.090857e+01 -7.966138e+00 7.900000e+00
    endloop
  endfacet
  facet normal 0.000000e+00 0.000000e+00 -1.000000e+00
    outer loop
      vertex   6.090857e+01 -7.966138e+00 7.900000e+00
      vertex   7.383913e+01 -6.509302e+00 7.900000e+00
      vertex   6.129483e+01 -9.043374e+00 7.900000e+00
    endloop
  endfacet
  facet normal 0.000000e+00 0.000000e+00 -1.000000e+00
    outer loop
      vertex   6.129483e+01 -9.043374e+00 7.900000e+00
      vertex   7.383913e+01 -6.509302e+00 7.900000e+00
      vertex   6.177226e+01 -1.008342e+01 7.900000e+00
    endloop
  endfacet
  facet normal 0.000000e+00 0.000000e+00 -1.000000e+00
    outer loop
      vertex   6.177226e+01 -1.008342e+01 7.900000e+00
      vertex   7.383913e+01 -6.509302e+00 7.900000e+00
      vertex   6.233733e+01 -1.107857e+01 7.900000e+00
    endloop
  endfacet
  facet normal 0.000000e+00 0.000000e+00 -1.000000e+00
    outer loop
      vertex   6.233733e+01 -1.107857e+01 7.900000e+00
      vertex   7.383913e+01 -6.509302e+00 7.900000e+00
      vertex   6.298586e+01 -1.202146e+01 7.900000e+00
    endloop
  endfacet
  facet normal 0.000000e+00 0.000000e+00 -1.000000e+00
    outer loop
      vertex   6.298586e+01 -1.202146e+01 7.900000e+00
      vertex   7.383913e+01 -6.509302e+00 7.900000e+00
      vertex   6.371305e+01 -1.290511e+01 7.900000e+00
    endloop
  endfacet
  facet normal 0.000000e+00 0.000000e+00 -1.000000e+00
    outer loop
      vertex   6.371305e+01 -1.290511e+01 7.900000e+00
      vertex   7.383913e+01 -6.509302e+00 7.900000e+00
      vertex   6.451350e+01 -1.372297e+01 7.900000e+00
    endloop
  endfacet
  facet normal 0.000000e+00 0.000000e+00 -1.000000e+00
    outer loop
      vertex   6.451350e+01 -1.372297e+01 7.900000e+00
      vertex   7.383913e+01 -6.509302e+00 7.900000e+00
      vertex   6.538130e+01 -1.446900e+01 7.900000e+00
    endloop
  endfacet
  facet normal 0.000000e+00 0.000000e+00 -1.000000e+00
    outer loop
      vertex   6.538130e+01 -1.446900e+01 7.900000e+00
      vertex   7.383913e+01 -6.509302e+00 7.900000e+00
      vertex   6.631002e+01 -1.513767e+01 7.900000e+00
    endloop
  endfacet
  facet normal 0.000000e+00 0.000000e+00 -1.000000e+00
    outer loop
      vertex   6.631002e+01 -1.513767e+01 7.900000e+00
      vertex   7.383913e+01 -6.509302e+00 7.900000e+00
      vertex   6.729278e+01 -1.572402e+01 7.900000e+00
    endloop
  endfacet
  facet normal 0.000000e+00 0.000000e+00 -1.000000e+00
    outer loop
      vertex   6.729278e+01 -1.572402e+01 7.900000e+00
      vertex   7.383913e+01 -6.509302e+00 7.900000e+00
      vertex   6.832231e+01 -1.622372e+01 7.900000e+00
    endloop
  endfacet
  facet normal 0.000000e+00 0.000000e+00 -1.000000e+00
    outer loop
      vertex   6.832231e+01 -1.622372e+01 7.900000e+00
      vertex   7.383913e+01 -6.509302e+00 7.900000e+00
      vertex   6.939098e+01 -1.663307e+01 7.900000e+00
    endloop
  endfacet
  facet normal 0.000000e+00 0.000000e+00 -1.000000e+00
    outer loop
      vertex   6.939098e+01 -1.663307e+01 7.900000e+00
      vertex   7.383913e+01 -6.509302e+00 7.900000e+00
      vertex   7.049089e+01 -1.694903e+01 7.900000e+00
    endloop
  endfacet
  facet normal 0.000000e+00 0.000000e+00 -1.000000e+00
    outer loop
      vertex   7.049089e+01 -1.694903e+01 7.900000e+00
      vertex   7.383913e+01 -6.509302e+00 7.900000e+00
      vertex   7.161389e+01 -1.716927e+01 7.900000e+00
    endloop
  endfacet
  facet normal 0.000000e+00 0.000000e+00 -1.000000e+00
    outer loop
      vertex   7.161389e+01 -1.716927e+01 7.900000e+00
      vertex   7.383913e+01 -6.509302e+00 7.900000e+00
      vertex   7.275167e+01 -1.729216e+01 7.900000e+00
    endloop
  endfacet
  facet normal 0.000000e+00 0.000000e+00 -1.000000e+00
    outer loop
      vertex   7.275167e+01 -1.729216e+01 7.900000e+00
      vertex   7.383913e+01 -6.509302e+00 7.900000e+00
      vertex   7.389579e+01 -1.731678e+01 7.900000e+00
    endloop
  endfacet
  facet normal 0.000000e+00 0.000000e+00 -1.000000e+00
    outer loop
      vertex   7.389579e+01 -1.731678e+01 7.900000e+00
      vertex   7.383913e+01 -6.509302e+00 7.900000e+00
      vertex   7.503780e+01 -1.724296e+01 7.900000e+00
    endloop
  endfacet
  facet normal 0.000000e+00 0.000000e+00 -1.000000e+00
    outer loop
      vertex   7.503780e+01 -1.724296e+01 7.900000e+00
      vertex   7.383913e+01 -6.509302e+00 7.900000e+00
      vertex   7.616923e+01 -1.707123e+01 7.900000e+00
    endloop
  endfacet
  facet normal 0.000000e+00 0.000000e+00 -1.000000e+00
    outer loop
      vertex   7.616923e+01 -1.707123e+01 7.900000e+00
      vertex   7.383913e+01 -6.509302e+00 7.900000e+00
      vertex   7.429039e+01 -6.425386e+00 7.900000e+00
    endloop
  endfacet
  facet normal 0.000000e+00 0.000000e+00 -1.000000e+00
    outer loop
      vertex   7.616923e+01 -1.707123e+01 7.900000e+00
      vertex   7.429039e+01 -6.425386e+00 7.900000e+00
      vertex   7.728172e+01 -1.680288e+01 7.900000e+00
    endloop
  endfacet
  facet normal 0.000000e+00 0.000000e+00 -1.000000e+00
    outer loop
      vertex   7.728172e+01 -1.680288e+01 7.900000e+00
      vertex   7.429039e+01 -6.425386e+00 7.900000e+00
      vertex   7.836701e+01 -1.643989e+01 7.900000e+00
    endloop
  endfacet
  facet normal 0.000000e+00 0.000000e+00 -1.000000e+00
    outer loop
      vertex   7.836701e+01 -1.643989e+01 7.900000e+00
      vertex   7.429039e+01 -6.425386e+00 7.900000e+00
      vertex   7.471870e+01 -6.260384e+00 7.900000e+00
    endloop
  endfacet
  facet normal 0.000000e+00 0.000000e+00 -1.000000e+00
    outer loop
      vertex   7.836701e+01 -1.643989e+01 7.900000e+00
      vertex   7.471870e+01 -6.260384e+00 7.900000e+00
      vertex   7.941709e+01 -1.598495e+01 7.900000e+00
    endloop
  endfacet
  facet normal 0.000000e+00 0.000000e+00 -1.000000e+00
    outer loop
      vertex   7.941709e+01 -1.598495e+01 7.900000e+00
      vertex   7.471870e+01 -6.260384e+00 7.900000e+00
      vertex   8.042417e+01 -1.544142e+01 7.900000e+00
    endloop
  endfacet
  facet normal -1.643554e-15 -1.021371e-15 -1.000000e+00
    outer loop
      vertex   8.042417e+01 -1.544142e+01 7.900000e+00
      vertex   7.471870e+01 -6.260384e+00 7.900000e+00
      vertex   7.510963e+01 -6.019858e+00 7.900000e+00
    endloop
  endfacet
  facet normal 4.516723e-17 -6.879279e-17 -1.000000e+00
    outer loop
      vertex   8.042417e+01 -1.544142e+01 7.900000e+00
      vertex   7.510963e+01 -6.019858e+00 7.900000e+00
      vertex   8.138079e+01 -1.481333e+01 7.900000e+00
    endloop
  endfacet
  facet normal 5.093356e-17 -6.468045e-17 -1.000000e+00
    outer loop
      vertex   8.138079e+01 -1.481333e+01 7.900000e+00
      vertex   7.510963e+01 -6.019858e+00 7.900000e+00
      vertex   8.227988e+01 -1.410532e+01 7.900000e+00
    endloop
  endfacet
  facet normal 5.623066e-17 -5.998295e-17 -1.000000e+00
    outer loop
      vertex   8.227988e+01 -1.410532e+01 7.900000e+00
      vertex   7.510963e+01 -6.019858e+00 7.900000e+00
      vertex   8.311478e+01 -1.332265e+01 7.900000e+00
    endloop
  endfacet
  facet normal 6.099423e-17 -5.476123e-17 -1.000000e+00
    outer loop
      vertex   8.311478e+01 -1.332265e+01 7.900000e+00
      vertex   7.510963e+01 -6.019858e+00 7.900000e+00
      vertex   8.387931e+01 -1.247111e+01 7.900000e+00
    endloop
  endfacet
  facet normal 6.517004e-17 -4.908473e-17 -1.000000e+00
    outer loop
      vertex   8.387931e+01 -1.247111e+01 7.900000e+00
      vertex   7.510963e+01 -6.019858e+00 7.900000e+00
      vertex   8.456780e+01 -1.155699e+01 7.900000e+00
    endloop
  endfacet
  facet normal 6.871506e-17 -4.302936e-17 -1.000000e+00
    outer loop
      vertex   8.456780e+01 -1.155699e+01 7.900000e+00
      vertex   7.510963e+01 -6.019858e+00 7.900000e+00
      vertex   8.517517e+01 -1.058707e+01 7.900000e+00
    endloop
  endfacet
  facet normal 7.159817e-17 -3.667536e-17 -1.000000e+00
    outer loop
      vertex   8.517517e+01 -1.058707e+01 7.900000e+00
      vertex   7.510963e+01 -6.019858e+00 7.900000e+00
      vertex   8.569690e+01 -9.568533e+00 7.900000e+00
    endloop
  endfacet
  facet normal 7.380043e-17 -3.010505e-17 -1.000000e+00
    outer loop
      vertex   8.569690e+01 -9.568533e+00 7.900000e+00
      vertex   7.510963e+01 -6.019858e+00 7.900000e+00
      vertex   8.612915e+01 -8.508912e+00 7.900000e+00
    endloop
  endfacet
  facet normal 7.531479e-17 -2.340067e-17 -1.000000e+00
    outer loop
      vertex   8.612915e+01 -8.508912e+00 7.900000e+00
      vertex   7.510963e+01 -6.019858e+00 7.900000e+00
      vertex   8.646870e+01 -7.416057e+00 7.900000e+00
    endloop
  endfacet
  facet normal 7.614548e-17 -1.664245e-17 -1.000000e+00
    outer loop
      vertex   8.646870e+01 -7.416057e+00 7.900000e+00
      vertex   7.510963e+01 -6.019858e+00 7.900000e+00
      vertex   8.671306e+01 -6.298057e+00 7.900000e+00
    endloop
  endfacet
  facet normal 7.630697e-17 -9.906834e-18 -1.000000e+00
    outer loop
      vertex   8.671306e+01 -6.298057e+00 7.900000e+00
      vertex   7.510963e+01 -6.019858e+00 7.900000e+00
      vertex   8.686039e+01 -5.163190e+00 7.900000e+00
    endloop
  endfacet
  facet normal 7.582276e-17 -3.265088e-18 -1.000000e+00
    outer loop
      vertex   8.686039e+01 -5.163190e+00 7.900000e+00
      vertex   7.510963e+01 -6.019858e+00 7.900000e+00
      vertex   8.690963e+01 -4.019858e+00 7.900000e+00
    endloop
  endfacet
  facet normal 7.526936e-17 0.000000e+00 -1.000000e+00
    outer loop
      vertex   8.690963e+01 -4.019858e+00 7.900000e+00
      vertex   7.510963e+01 -6.019858e+00 7.900000e+00
      vertex   7.510963e+01 -2.019858e+00 7.900000e+00
    endloop
  endfacet
  facet normal 7.582276e-17 3.265088e-18 -1.000000e+00
    outer loop
      vertex   8.690963e+01 -4.019858e+00 7.900000e+00
      vertex   7.510963e+01 -2.019858e+00 7.900000e+00
      vertex   8.686039e+01 -2.876526e+00 7.900000e+00
    endloop
  endfacet
  facet normal 7.630697e-17 9.906834e-18 -1.000000e+00
    outer loop
      vertex   8.686039e+01 -2.876526e+00 7.900000e+00
      vertex   7.510963e+01 -2.019858e+00 7.900000e+00
      vertex   8.671306e+01 -1.741659e+00 7.900000e+00
    endloop
  endfacet
  facet normal 7.614548e-17 1.664245e-17 -1.000000e+00
    outer loop
      vertex   8.671306e+01 -1.741659e+00 7.900000e+00
      vertex   7.510963e+01 -2.019858e+00 7.900000e+00
      vertex   8.646870e+01 -6.236589e-01 7.900000e+00
    endloop
  endfacet
  facet normal 7.531479e-17 2.340067e-17 -1.000000e+00
    outer loop
      vertex   8.646870e+01 -6.236589e-01 7.900000e+00
      vertex   7.510963e+01 -2.019858e+00 7.900000e+00
      vertex   8.612915e+01 4.691969e-01 7.900000e+00
    endloop
  endfacet
  facet normal 7.380043e-17 3.010505e-17 -1.000000e+00
    outer loop
      vertex   8.612915e+01 4.691969e-01 7.900000e+00
      vertex   7.510963e+01 -2.019858e+00 7.900000e+00
      vertex   8.569690e+01 1.528817e+00 7.900000e+00
    endloop
  endfacet
  facet normal 0.000000e+00 0.000000e+00 -1.000000e+00
    outer loop
      vertex   6.129483e+01 1.003658e+00 7.900000e+00
      vertex   6.177226e+01 2.043701e+00 7.900000e+00
      vertex   7.338013e+01 -1.530414e+00 7.900000e+00
    endloop
  endfacet
  facet normal 0.000000e+00 0.000000e+00 -1.000000e+00
    outer loop
      vertex   7.338013e+01 -1.530414e+00 7.900000e+00
      vertex   6.177226e+01 2.043701e+00 7.900000e+00
      vertex   6.233733e+01 3.038852e+00 7.900000e+00
    endloop
  endfacet
  facet normal 0.000000e+00 0.000000e+00 -1.000000e+00
    outer loop
      vertex   7.338013e+01 -1.530414e+00 7.900000e+00
      vertex   6.233733e+01 3.038852e+00 7.900000e+00
      vertex   8.456780e+01 3.517276e+00 7.900000e+00
    endloop
  endfacet
  facet normal -0.000000e+00 0.000000e+00 -1.000000e+00
    outer loop
      vertex   8.456780e+01 3.517276e+00 7.900000e+00
      vertex   6.233733e+01 3.038852e+00 7.900000e+00
      vertex   6.298586e+01 3.981742e+00 7.900000e+00
    endloop
  endfacet
  facet normal 0.000000e+00 0.000000e+00 -1.000000e+00
    outer loop
      vertex   8.456780e+01 3.517276e+00 7.900000e+00
      vertex   6.298586e+01 3.981742e+00 7.900000e+00
      vertex   8.387931e+01 4.431392e+00 7.900000e+00
    endloop
  endfacet
  facet normal -0.000000e+00 0.000000e+00 -1.000000e+00
    outer loop
      vertex   8.387931e+01 4.431392e+00 7.900000e+00
      vertex   6.298586e+01 3.981742e+00 7.900000e+00
      vertex   6.371305e+01 4.865392e+00 7.900000e+00
    endloop
  endfacet
  facet normal 0.000000e+00 0.000000e+00 -1.000000e+00
    outer loop
      vertex   8.387931e+01 4.431392e+00 7.900000e+00
      vertex   6.371305e+01 4.865392e+00 7.900000e+00
      vertex   8.311478e+01 5.282938e+00 7.900000e+00
    endloop
  endfacet
  facet normal -0.000000e+00 0.000000e+00 -1.000000e+00
    outer loop
      vertex   8.311478e+01 5.282938e+00 7.900000e+00
      vertex   6.371305e+01 4.865392e+00 7.900000e+00
      vertex   6.451350e+01 5.683258e+00 7.900000e+00
    endloop
  endfacet
  facet normal 0.000000e+00 0.000000e+00 -1.000000e+00
    outer loop
      vertex   8.311478e+01 5.282938e+00 7.900000e+00
      vertex   6.451350e+01 5.683258e+00 7.900000e+00
      vertex   8.227988e+01 6.065610e+00 7.900000e+00
    endloop
  endfacet
  facet normal -0.000000e+00 0.000000e+00 -1.000000e+00
    outer loop
      vertex   8.227988e+01 6.065610e+00 7.900000e+00
      vertex   6.451350e+01 5.683258e+00 7.900000e+00
      vertex   6.538130e+01 6.429285e+00 7.900000e+00
    endloop
  endfacet
  facet normal 0.000000e+00 0.000000e+00 -1.000000e+00
    outer loop
      vertex   8.227988e+01 6.065610e+00 7.900000e+00
      vertex   6.538130e+01 6.429285e+00 7.900000e+00
      vertex   8.138079e+01 6.773612e+00 7.900000e+00
    endloop
  endfacet
  facet normal -0.000000e+00 0.000000e+00 -1.000000e+00
    outer loop
      vertex   8.138079e+01 6.773612e+00 7.900000e+00
      vertex   6.538130e+01 6.429285e+00 7.900000e+00
      vertex   6.631002e+01 7.097951e+00 7.900000e+00
    endloop
  endfacet
  facet normal 0.000000e+00 0.000000e+00 -1.000000e+00
    outer loop
      vertex   8.138079e+01 6.773612e+00 7.900000e+00
      vertex   6.631002e+01 7.097951e+00 7.900000e+00
      vertex   8.042417e+01 7.401703e+00 7.900000e+00
    endloop
  endfacet
  facet normal -0.000000e+00 0.000000e+00 -1.000000e+00
    outer loop
      vertex   8.042417e+01 7.401703e+00 7.900000e+00
      vertex   6.631002e+01 7.097951e+00 7.900000e+00
      vertex   6.729278e+01 7.684305e+00 7.900000e+00
    endloop
  endfacet
  facet normal 0.000000e+00 0.000000e+00 -1.000000e+00
    outer loop
      vertex   8.042417e+01 7.401703e+00 7.900000e+00
      vertex   6.729278e+01 7.684305e+00 7.900000e+00
      vertex   7.941709e+01 7.945233e+00 7.900000e+00
    endloop
  endfacet
  facet normal -0.000000e+00 0.000000e+00 -1.000000e+00
    outer loop
      vertex   7.941709e+01 7.945233e+00 7.900000e+00
      vertex   6.729278e+01 7.684305e+00 7.900000e+00
      vertex   6.832231e+01 8.184005e+00 7.900000e+00
    endloop
  endfacet
  facet normal 0.000000e+00 0.000000e+00 -1.000000e+00
    outer loop
      vertex   7.941709e+01 7.945233e+00 7.900000e+00
      vertex   6.832231e+01 8.184005e+00 7.900000e+00
      vertex   7.836701e+01 8.400177e+00 7.900000e+00
    endloop
  endfacet
  facet normal -0.000000e+00 0.000000e+00 -1.000000e+00
    outer loop
      vertex   7.836701e+01 8.400177e+00 7.900000e+00
      vertex   6.832231e+01 8.184005e+00 7.900000e+00
      vertex   6.939098e+01 8.593351e+00 7.900000e+00
    endloop
  endfacet
  facet normal 0.000000e+00 0.000000e+00 -1.000000e+00
    outer loop
      vertex   7.836701e+01 8.400177e+00 7.900000e+00
      vertex   6.939098e+01 8.593351e+00 7.900000e+00
      vertex   7.728172e+01 8.763168e+00 7.900000e+00
    endloop
  endfacet
  facet normal -0.000000e+00 0.000000e+00 -1.000000e+00
    outer loop
      vertex   7.728172e+01 8.763168e+00 7.900000e+00
      vertex   6.939098e+01 8.593351e+00 7.900000e+00
      vertex   7.049089e+01 8.909314e+00 7.900000e+00
    endloop
  endfacet
  facet normal 0.000000e+00 0.000000e+00 -1.000000e+00
    outer loop
      vertex   7.728172e+01 8.763168e+00 7.900000e+00
      vertex   7.049089e+01 8.909314e+00 7.900000e+00
      vertex   7.616923e+01 9.031518e+00 7.900000e+00
    endloop
  endfacet
  facet normal -0.000000e+00 0.000000e+00 -1.000000e+00
    outer loop
      vertex   7.616923e+01 9.031518e+00 7.900000e+00
      vertex   7.049089e+01 8.909314e+00 7.900000e+00
      vertex   7.161389e+01 9.129554e+00 7.900000e+00
    endloop
  endfacet
  facet normal 0.000000e+00 0.000000e+00 -1.000000e+00
    outer loop
      vertex   7.616923e+01 9.031518e+00 7.900000e+00
      vertex   7.161389e+01 9.129554e+00 7.900000e+00
      vertex   7.503780e+01 9.203240e+00 7.900000e+00
    endloop
  endfacet
  facet normal -0.000000e+00 0.000000e+00 -1.000000e+00
    outer loop
      vertex   7.503780e+01 9.203240e+00 7.900000e+00
      vertex   7.161389e+01 9.129554e+00 7.900000e+00
      vertex   7.275167e+01 9.252441e+00 7.900000e+00
    endloop
  endfacet
  facet normal 0.000000e+00 0.000000e+00 -1.000000e+00
    outer loop
      vertex   7.503780e+01 9.203240e+00 7.900000e+00
      vertex   7.275167e+01 9.252441e+00 7.900000e+00
      vertex   7.389579e+01 9.277063e+00 7.900000e+00
    endloop
  endfacet
  facet normal -9.948693e-01 1.011683e-01 0.000000e+00
    outer loop
      vertex   1.001125e+02 -4.487144e+00 1.580000e+01
      vertex   1.001125e+02 -4.487144e+00 1.860000e+01
      vertex   1.001596e+02 -4.024157e+00 1.580000e+01
    endloop
  endfacet
  facet normal -9.948693e-01 1.011683e-01 0.000000e+00
    outer loop
      vertex   1.001596e+02 -4.024157e+00 1.580000e+01
      vertex   1.001125e+02 -4.487144e+00 1.860000e+01
      vertex   1.001596e+02 -4.024157e+00 1.860000e+01
    endloop
  endfacet
  facet normal -9.948693e-01 -1.011683e-01 0.000000e+00
    outer loop
      vertex   1.001596e+02 -4.024157e+00 1.580000e+01
      vertex   1.001596e+02 -4.024157e+00 1.860000e+01
      vertex   1.001125e+02 -3.561170e+00 1.580000e+01
    endloop
  endfacet
  facet normal -9.948693e-01 -1.011683e-01 0.000000e+00
    outer loop
      vertex   1.001125e+02 -3.561170e+00 1.580000e+01
      vertex   1.001596e+02 -4.024157e+00 1.860000e+01
      vertex   1.001125e+02 -3.561170e+00 1.860000e+01
    endloop
  endfacet
  facet normal -9.541393e-01 -2.993631e-01 0.000000e+00
    outer loop
      vertex   1.001125e+02 -3.561170e+00 1.580000e+01
      vertex   1.001125e+02 -3.561170e+00 1.860000e+01
      vertex   9.997322e+01 -3.117139e+00 1.580000e+01
    endloop
  endfacet
  facet normal -9.541393e-01 -2.993631e-01 0.000000e+00
    outer loop
      vertex   9.997322e+01 -3.117139e+00 1.580000e+01
      vertex   1.001125e+02 -3.561170e+00 1.860000e+01
      vertex   9.997322e+01 -3.117139e+00 1.860000e+01
    endloop
  endfacet
  facet normal -8.743466e-01 -4.853020e-01 0.000000e+00
    outer loop
      vertex   9.997322e+01 -3.117139e+00 1.580000e+01
      vertex   9.997322e+01 -3.117139e+00 1.860000e+01
      vertex   9.974737e+01 -2.710240e+00 1.580000e+01
    endloop
  endfacet
  facet normal -8.743466e-01 -4.853020e-01 0.000000e+00
    outer loop
      vertex   9.974737e+01 -2.710240e+00 1.580000e+01
      vertex   9.997322e+01 -3.117139e+00 1.860000e+01
      vertex   9.974737e+01 -2.710240e+00 1.860000e+01
    endloop
  endfacet
  facet normal -7.587581e-01 -6.513725e-01 0.000000e+00
    outer loop
      vertex   9.974737e+01 -2.710240e+00 1.580000e+01
      vertex   9.974737e+01 -2.710240e+00 1.860000e+01
      vertex   9.944424e+01 -2.357134e+00 1.580000e+01
    endloop
  endfacet
  facet normal -7.587581e-01 -6.513725e-01 0.000000e+00
    outer loop
      vertex   9.944424e+01 -2.357134e+00 1.580000e+01
      vertex   9.974737e+01 -2.710240e+00 1.860000e+01
      vertex   9.944424e+01 -2.357134e+00 1.860000e+01
    endloop
  endfacet
  facet normal -6.121060e-01 -7.907757e-01 0.000000e+00
    outer loop
      vertex   9.944424e+01 -2.357134e+00 1.580000e+01
      vertex   9.944424e+01 -2.357134e+00 1.860000e+01
      vertex   9.907623e+01 -2.072275e+00 1.580000e+01
    endloop
  endfacet
  facet normal -6.121060e-01 -7.907757e-01 0.000000e+00
    outer loop
      vertex   9.907623e+01 -2.072275e+00 1.580000e+01
      vertex   9.944424e+01 -2.357134e+00 1.860000e+01
      vertex   9.907623e+01 -2.072275e+00 1.860000e+01
    endloop
  endfacet
  facet normal -4.403942e-01 -8.978045e-01 0.000000e+00
    outer loop
      vertex   9.907623e+01 -2.072275e+00 1.580000e+01
      vertex   9.907623e+01 -2.072275e+00 1.860000e+01
      vertex   9.865842e+01 -1.867327e+00 1.580000e+01
    endloop
  endfacet
  facet normal -4.403942e-01 -8.978045e-01 -7.119738e-17
    outer loop
      vertex   9.865842e+01 -1.867327e+00 1.580000e+01
      vertex   9.907623e+01 -2.072275e+00 1.860000e+01
      vertex   9.865842e+01 -1.867327e+00 1.860000e+01
    endloop
  endfacet
  facet normal -2.506525e-01 -9.680771e-01 -7.677011e-17
    outer loop
      vertex   9.865842e+01 -1.867327e+00 1.580000e+01
      vertex   9.865842e+01 -1.867327e+00 1.860000e+01
      vertex   9.820790e+01 -1.750680e+00 1.580000e+01
    endloop
  endfacet
  facet normal -2.506525e-01 -9.680771e-01 0.000000e+00
    outer loop
      vertex   9.820790e+01 -1.750680e+00 1.580000e+01
      vertex   9.865842e+01 -1.867327e+00 1.860000e+01
      vertex   9.820790e+01 -1.750680e+00 1.860000e+01
    endloop
  endfacet
  facet normal -5.064917e-02 -9.987165e-01 0.000000e+00
    outer loop
      vertex   9.820790e+01 -1.750680e+00 1.580000e+01
      vertex   9.820790e+01 -1.750680e+00 1.860000e+01
      vertex   9.774312e+01 -1.727109e+00 1.580000e+01
    endloop
  endfacet
  facet normal -5.064917e-02 -9.987165e-01 7.919986e-17
    outer loop
      vertex   9.774312e+01 -1.727109e+00 1.580000e+01
      vertex   9.820790e+01 -1.750680e+00 1.860000e+01
      vertex   9.774312e+01 -1.727109e+00 1.860000e+01
    endloop
  endfacet
  facet normal 1.514278e-01 -9.884683e-01 7.838716e-17
    outer loop
      vertex   9.774312e+01 -1.727109e+00 1.580000e+01
      vertex   9.774312e+01 -1.727109e+00 1.860000e+01
      vertex   9.728312e+01 -1.797580e+00 1.580000e+01
    endloop
  endfacet
  facet normal 1.514278e-01 -9.884683e-01 7.838716e-17
    outer loop
      vertex   9.728312e+01 -1.797580e+00 1.580000e+01
      vertex   9.774312e+01 -1.727109e+00 1.860000e+01
      vertex   9.728312e+01 -1.797580e+00 1.860000e+01
    endloop
  endfacet
  facet normal 3.473053e-01 -9.377521e-01 7.436529e-17
    outer loop
      vertex   9.728312e+01 -1.797580e+00 1.580000e+01
      vertex   9.728312e+01 -1.797580e+00 1.860000e+01
      vertex   9.684671e+01 -1.959207e+00 1.580000e+01
    endloop
  endfacet
  facet normal 3.473053e-01 -9.377521e-01 1.487306e-16
    outer loop
      vertex   9.684671e+01 -1.959207e+00 1.580000e+01
      vertex   9.728312e+01 -1.797580e+00 1.860000e+01
      vertex   9.684671e+01 -1.959207e+00 1.860000e+01
    endloop
  endfacet
  facet normal 5.289640e-01 -8.486443e-01 1.345978e-16
    outer loop
      vertex   9.684671e+01 -1.959207e+00 1.580000e+01
      vertex   9.684671e+01 -1.959207e+00 1.860000e+01
      vertex   9.645177e+01 -2.205373e+00 1.580000e+01
    endloop
  endfacet
  facet normal 5.289640e-01 -8.486443e-01 1.345978e-16
    outer loop
      vertex   9.645177e+01 -2.205373e+00 1.580000e+01
      vertex   9.684671e+01 -1.959207e+00 1.860000e+01
      vertex   9.645177e+01 -2.205373e+00 1.860000e+01
    endloop
  endfacet
  facet normal 6.889669e-01 -7.247928e-01 1.149545e-16
    outer loop
      vertex   9.645177e+01 -2.205373e+00 1.580000e+01
      vertex   9.645177e+01 -2.205373e+00 1.860000e+01
      vertex   9.611447e+01 -2.526000e+00 1.580000e+01
    endloop
  endfacet
  facet normal 6.889669e-01 -7.247928e-01 0.000000e+00
    outer loop
      vertex   9.611447e+01 -2.526000e+00 1.580000e+01
      vertex   9.645177e+01 -2.205373e+00 1.860000e+01
      vertex   9.611447e+01 -2.526000e+00 1.860000e+01
    endloop
  endfacet
  facet normal 8.207634e-01 -5.712682e-01 0.000000e+00
    outer loop
      vertex   9.611447e+01 -2.526000e+00 1.580000e+01
      vertex   9.611447e+01 -2.526000e+00 1.860000e+01
      vertex   9.584862e+01 -2.907963e+00 1.580000e+01
    endloop
  endfacet
  facet normal 8.207634e-01 -5.712682e-01 0.000000e+00
    outer loop
      vertex   9.584862e+01 -2.907963e+00 1.580000e+01
      vertex   9.611447e+01 -2.526000e+00 1.860000e+01
      vertex   9.584862e+01 -2.907963e+00 1.860000e+01
    endloop
  endfacet
  facet normal 9.189578e-01 -3.943559e-01 0.000000e+00
    outer loop
      vertex   9.584862e+01 -2.907963e+00 1.580000e+01
      vertex   9.584862e+01 -2.907963e+00 1.860000e+01
      vertex   9.566510e+01 -3.335622e+00 1.580000e+01
    endloop
  endfacet
  facet normal 9.189578e-01 -3.943559e-01 0.000000e+00
    outer loop
      vertex   9.566510e+01 -3.335622e+00 1.580000e+01
      vertex   9.584862e+01 -2.907963e+00 1.860000e+01
      vertex   9.566510e+01 -3.335622e+00 1.860000e+01
    endloop
  endfacet
  facet normal 9.795299e-01 -2.012985e-01 0.000000e+00
    outer loop
      vertex   9.566510e+01 -3.335622e+00 1.580000e+01
      vertex   9.566510e+01 -3.335622e+00 1.860000e+01
      vertex   9.557142e+01 -3.791470e+00 1.580000e+01
    endloop
  endfacet
  facet normal 9.795299e-01 -2.012985e-01 0.000000e+00
    outer loop
      vertex   9.557142e+01 -3.791470e+00 1.580000e+01
      vertex   9.566510e+01 -3.335622e+00 1.860000e+01
      vertex   9.557142e+01 -3.791470e+00 1.860000e+01
    endloop
  endfacet
  facet normal 1.000000e+00 0.000000e+00 -0.000000e+00
    outer loop
      vertex   9.557142e+01 -3.791470e+00 1.580000e+01
      vertex   9.557142e+01 -3.791470e+00 1.860000e+01
      vertex   9.557142e+01 -4.256844e+00 1.580000e+01
    endloop
  endfacet
  facet normal 1.000000e+00 0.000000e+00 0.000000e+00
    outer loop
      vertex   9.557142e+01 -4.256844e+00 1.580000e+01
      vertex   9.557142e+01 -3.791470e+00 1.860000e+01
      vertex   9.557142e+01 -4.256844e+00 1.860000e+01
    endloop
  endfacet
  facet normal 9.795299e-01 2.012985e-01 -0.000000e+00
    outer loop
      vertex   9.557142e+01 -4.256844e+00 1.580000e+01
      vertex   9.557142e+01 -4.256844e+00 1.860000e+01
      vertex   9.566510e+01 -4.712692e+00 1.580000e+01
    endloop
  endfacet
  facet normal 9.795299e-01 2.012985e-01 -0.000000e+00
    outer loop
      vertex   9.566510e+01 -4.712692e+00 1.580000e+01
      vertex   9.557142e+01 -4.256844e+00 1.860000e+01
      vertex   9.566510e+01 -4.712692e+00 1.860000e+01
    endloop
  endfacet
  facet normal 9.189578e-01 3.943559e-01 -0.000000e+00
    outer loop
      vertex   9.566510e+01 -4.712692e+00 1.580000e+01
      vertex   9.566510e+01 -4.712692e+00 1.860000e+01
      vertex   9.584862e+01 -5.140352e+00 1.580000e+01
    endloop
  endfacet
  facet normal 9.189578e-01 3.943559e-01 -0.000000e+00
    outer loop
      vertex   9.584862e+01 -5.140352e+00 1.580000e+01
      vertex   9.566510e+01 -4.712692e+00 1.860000e+01
      vertex   9.584862e+01 -5.140352e+00 1.860000e+01
    endloop
  endfacet
  facet normal 8.207634e-01 5.712682e-01 -0.000000e+00
    outer loop
      vertex   9.584862e+01 -5.140352e+00 1.580000e+01
      vertex   9.584862e+01 -5.140352e+00 1.860000e+01
      vertex   9.611447e+01 -5.522314e+00 1.580000e+01
    endloop
  endfacet
  facet normal 8.207634e-01 5.712682e-01 -0.000000e+00
    outer loop
      vertex   9.611447e+01 -5.522314e+00 1.580000e+01
      vertex   9.584862e+01 -5.140352e+00 1.860000e+01
      vertex   9.611447e+01 -5.522314e+00 1.860000e+01
    endloop
  endfacet
  facet normal 6.889669e-01 7.247928e-01 -0.000000e+00
    outer loop
      vertex   9.611447e+01 -5.522314e+00 1.580000e+01
      vertex   9.611447e+01 -5.522314e+00 1.860000e+01
      vertex   9.645177e+01 -5.842941e+00 1.580000e+01
    endloop
  endfacet
  facet normal 6.889669e-01 7.247928e-01 -0.000000e+00
    outer loop
      vertex   9.645177e+01 -5.842941e+00 1.580000e+01
      vertex   9.611447e+01 -5.522314e+00 1.860000e+01
      vertex   9.645177e+01 -5.842941e+00 1.860000e+01
    endloop
  endfacet
  facet normal 5.289640e-01 8.486443e-01 -0.000000e+00
    outer loop
      vertex   9.645177e+01 -5.842941e+00 1.580000e+01
      vertex   9.645177e+01 -5.842941e+00 1.860000e+01
      vertex   9.684671e+01 -6.089108e+00 1.580000e+01
    endloop
  endfacet
  facet normal 5.289640e-01 8.486443e-01 -5.383911e-16
    outer loop
      vertex   9.684671e+01 -6.089108e+00 1.580000e+01
      vertex   9.645177e+01 -5.842941e+00 1.860000e+01
      vertex   9.684671e+01 -6.089108e+00 1.860000e+01
    endloop
  endfacet
  facet normal 3.473053e-01 9.377521e-01 -5.949223e-16
    outer loop
      vertex   9.684671e+01 -6.089108e+00 1.580000e+01
      vertex   9.684671e+01 -6.089108e+00 1.860000e+01
      vertex   9.728312e+01 -6.250734e+00 1.580000e+01
    endloop
  endfacet
  facet normal 3.473053e-01 9.377521e-01 -0.000000e+00
    outer loop
      vertex   9.728312e+01 -6.250734e+00 1.580000e+01
      vertex   9.684671e+01 -6.089108e+00 1.860000e+01
      vertex   9.728312e+01 -6.250734e+00 1.860000e+01
    endloop
  endfacet
  facet normal 1.514278e-01 9.884683e-01 -0.000000e+00
    outer loop
      vertex   9.728312e+01 -6.250734e+00 1.580000e+01
      vertex   9.728312e+01 -6.250734e+00 1.860000e+01
      vertex   9.774312e+01 -6.321205e+00 1.580000e+01
    endloop
  endfacet
  facet normal 1.514278e-01 9.884683e-01 -0.000000e+00
    outer loop
      vertex   9.774312e+01 -6.321205e+00 1.580000e+01
      vertex   9.728312e+01 -6.250734e+00 1.860000e+01
      vertex   9.774312e+01 -6.321205e+00 1.860000e+01
    endloop
  endfacet
  facet normal -5.064917e-02 9.987165e-01 0.000000e+00
    outer loop
      vertex   9.774312e+01 -6.321205e+00 1.580000e+01
      vertex   9.774312e+01 -6.321205e+00 1.860000e+01
      vertex   9.820790e+01 -6.297634e+00 1.580000e+01
    endloop
  endfacet
  facet normal -5.064917e-02 9.987165e-01 0.000000e+00
    outer loop
      vertex   9.820790e+01 -6.297634e+00 1.580000e+01
      vertex   9.774312e+01 -6.321205e+00 1.860000e+01
      vertex   9.820790e+01 -6.297634e+00 1.860000e+01
    endloop
  endfacet
  facet normal -2.506525e-01 9.680771e-01 0.000000e+00
    outer loop
      vertex   9.820790e+01 -6.297634e+00 1.580000e+01
      vertex   9.820790e+01 -6.297634e+00 1.860000e+01
      vertex   9.865842e+01 -6.180987e+00 1.580000e+01
    endloop
  endfacet
  facet normal -2.506525e-01 9.680771e-01 0.000000e+00
    outer loop
      vertex   9.865842e+01 -6.180987e+00 1.580000e+01
      vertex   9.820790e+01 -6.297634e+00 1.860000e+01
      vertex   9.865842e+01 -6.180987e+00 1.860000e+01
    endloop
  endfacet
  facet normal -4.403942e-01 8.978045e-01 0.000000e+00
    outer loop
      vertex   9.865842e+01 -6.180987e+00 1.580000e+01
      vertex   9.865842e+01 -6.180987e+00 1.860000e+01
      vertex   9.907623e+01 -5.976039e+00 1.580000e+01
    endloop
  endfacet
  facet normal -4.403942e-01 8.978045e-01 0.000000e+00
    outer loop
      vertex   9.907623e+01 -5.976039e+00 1.580000e+01
      vertex   9.865842e+01 -6.180987e+00 1.860000e+01
      vertex   9.907623e+01 -5.976039e+00 1.860000e+01
    endloop
  endfacet
  facet normal -6.121060e-01 7.907757e-01 0.000000e+00
    outer loop
      vertex   9.907623e+01 -5.976039e+00 1.580000e+01
      vertex   9.907623e+01 -5.976039e+00 1.860000e+01
      vertex   9.944424e+01 -5.691181e+00 1.580000e+01
    endloop
  endfacet
  facet normal -6.121060e-01 7.907757e-01 0.000000e+00
    outer loop
      vertex   9.944424e+01 -5.691181e+00 1.580000e+01
      vertex   9.907623e+01 -5.976039e+00 1.860000e+01
      vertex   9.944424e+01 -5.691181e+00 1.860000e+01
    endloop
  endfacet
  facet normal -7.587581e-01 6.513725e-01 0.000000e+00
    outer loop
      vertex   9.944424e+01 -5.691181e+00 1.580000e+01
      vertex   9.944424e+01 -5.691181e+00 1.860000e+01
      vertex   9.974737e+01 -5.338074e+00 1.580000e+01
    endloop
  endfacet
  facet normal -7.587581e-01 6.513725e-01 0.000000e+00
    outer loop
      vertex   9.974737e+01 -5.338074e+00 1.580000e+01
      vertex   9.944424e+01 -5.691181e+00 1.860000e+01
      vertex   9.974737e+01 -5.338074e+00 1.860000e+01
    endloop
  endfacet
  facet normal -8.743466e-01 4.853020e-01 0.000000e+00
    outer loop
      vertex   9.974737e+01 -5.338074e+00 1.580000e+01
      vertex   9.974737e+01 -5.338074e+00 1.860000e+01
      vertex   9.997322e+01 -4.931176e+00 1.580000e+01
    endloop
  endfacet
  facet normal -8.743466e-01 4.853020e-01 0.000000e+00
    outer loop
      vertex   9.997322e+01 -4.931176e+00 1.580000e+01
      vertex   9.974737e+01 -5.338074e+00 1.860000e+01
      vertex   9.997322e+01 -4.931176e+00 1.860000e+01
    endloop
  endfacet
  facet normal -9.541393e-01 2.993631e-01 0.000000e+00
    outer loop
      vertex   9.997322e+01 -4.931176e+00 1.580000e+01
      vertex   9.997322e+01 -4.931176e+00 1.860000e+01
      vertex   1.001125e+02 -4.487144e+00 1.580000e+01
    endloop
  endfacet
  facet normal -9.541393e-01 2.993631e-01 0.000000e+00
    outer loop
      vertex   1.001125e+02 -4.487144e+00 1.580000e+01
      vertex   9.997322e+01 -4.931176e+00 1.860000e+01
      vertex   1.001125e+02 -4.487144e+00 1.860000e+01
    endloop
  endfacet
  facet normal -9.948693e-01 1.011683e-01 0.000000e+00
    outer loop
      vertex   5.161256e+01 -4.478545e+00 1.580000e+01
      vertex   5.161256e+01 -4.478545e+00 1.860000e+01
      vertex   5.165964e+01 -4.015558e+00 1.580000e+01
    endloop
  endfacet
  facet normal -9.948693e-01 1.011683e-01 0.000000e+00
    outer loop
      vertex   5.165964e+01 -4.015558e+00 1.580000e+01
      vertex   5.161256e+01 -4.478545e+00 1.860000e+01
      vertex   5.165964e+01 -4.015558e+00 1.860000e+01
    endloop
  endfacet
  facet normal -9.948693e-01 -1.011683e-01 0.000000e+00
    outer loop
      vertex   5.165964e+01 -4.015558e+00 1.580000e+01
      vertex   5.165964e+01 -4.015558e+00 1.860000e+01
      vertex   5.161256e+01 -3.552572e+00 1.580000e+01
    endloop
  endfacet
  facet normal -9.948693e-01 -1.011683e-01 0.000000e+00
    outer loop
      vertex   5.161256e+01 -3.552572e+00 1.580000e+01
      vertex   5.165964e+01 -4.015558e+00 1.860000e+01
      vertex   5.161256e+01 -3.552572e+00 1.860000e+01
    endloop
  endfacet
  facet normal -9.541393e-01 -2.993631e-01 0.000000e+00
    outer loop
      vertex   5.161256e+01 -3.552572e+00 1.580000e+01
      vertex   5.161256e+01 -3.552572e+00 1.860000e+01
      vertex   5.147324e+01 -3.108540e+00 1.580000e+01
    endloop
  endfacet
  facet normal -9.541393e-01 -2.993631e-01 0.000000e+00
    outer loop
      vertex   5.147324e+01 -3.108540e+00 1.580000e+01
      vertex   5.161256e+01 -3.552572e+00 1.860000e+01
      vertex   5.147324e+01 -3.108540e+00 1.860000e+01
    endloop
  endfacet
  facet normal -8.743466e-01 -4.853020e-01 0.000000e+00
    outer loop
      vertex   5.147324e+01 -3.108540e+00 1.580000e+01
      vertex   5.147324e+01 -3.108540e+00 1.860000e+01
      vertex   5.124740e+01 -2.701641e+00 1.580000e+01
    endloop
  endfacet
  facet normal -8.743466e-01 -4.853020e-01 0.000000e+00
    outer loop
      vertex   5.124740e+01 -2.701641e+00 1.580000e+01
      vertex   5.147324e+01 -3.108540e+00 1.860000e+01
      vertex   5.124740e+01 -2.701641e+00 1.860000e+01
    endloop
  endfacet
  facet normal -7.587581e-01 -6.513725e-01 0.000000e+00
    outer loop
      vertex   5.124740e+01 -2.701641e+00 1.580000e+01
      vertex   5.124740e+01 -2.701641e+00 1.860000e+01
      vertex   5.094426e+01 -2.348535e+00 1.580000e+01
    endloop
  endfacet
  facet normal -7.587581e-01 -6.513725e-01 0.000000e+00
    outer loop
      vertex   5.094426e+01 -2.348535e+00 1.580000e+01
      vertex   5.124740e+01 -2.701641e+00 1.860000e+01
      vertex   5.094426e+01 -2.348535e+00 1.860000e+01
    endloop
  endfacet
  facet normal -6.121060e-01 -7.907757e-01 0.000000e+00
    outer loop
      vertex   5.094426e+01 -2.348535e+00 1.580000e+01
      vertex   5.094426e+01 -2.348535e+00 1.860000e+01
      vertex   5.057626e+01 -2.063677e+00 1.580000e+01
    endloop
  endfacet
  facet normal -6.121060e-01 -7.907757e-01 0.000000e+00
    outer loop
      vertex   5.057626e+01 -2.063677e+00 1.580000e+01
      vertex   5.094426e+01 -2.348535e+00 1.860000e+01
      vertex   5.057626e+01 -2.063677e+00 1.860000e+01
    endloop
  endfacet
  facet normal -4.403942e-01 -8.978045e-01 0.000000e+00
    outer loop
      vertex   5.057626e+01 -2.063677e+00 1.580000e+01
      vertex   5.057626e+01 -2.063677e+00 1.860000e+01
      vertex   5.015844e+01 -1.858728e+00 1.580000e+01
    endloop
  endfacet
  facet normal -4.403942e-01 -8.978045e-01 -7.119738e-17
    outer loop
      vertex   5.015844e+01 -1.858728e+00 1.580000e+01
      vertex   5.057626e+01 -2.063677e+00 1.860000e+01
      vertex   5.015844e+01 -1.858728e+00 1.860000e+01
    endloop
  endfacet
  facet normal -2.506525e-01 -9.680771e-01 -7.677011e-17
    outer loop
      vertex   5.015844e+01 -1.858728e+00 1.580000e+01
      vertex   5.015844e+01 -1.858728e+00 1.860000e+01
      vertex   4.970792e+01 -1.742081e+00 1.580000e+01
    endloop
  endfacet
  facet normal -2.506525e-01 -9.680771e-01 0.000000e+00
    outer loop
      vertex   4.970792e+01 -1.742081e+00 1.580000e+01
      vertex   5.015844e+01 -1.858728e+00 1.860000e+01
      vertex   4.970792e+01 -1.742081e+00 1.860000e+01
    endloop
  endfacet
  facet normal -5.064917e-02 -9.987165e-01 0.000000e+00
    outer loop
      vertex   4.970792e+01 -1.742081e+00 1.580000e+01
      vertex   4.970792e+01 -1.742081e+00 1.860000e+01
      vertex   4.924315e+01 -1.718510e+00 1.580000e+01
    endloop
  endfacet
  facet normal -5.064917e-02 -9.987165e-01 7.919986e-17
    outer loop
      vertex   4.924315e+01 -1.718510e+00 1.580000e+01
      vertex   4.970792e+01 -1.742081e+00 1.860000e+01
      vertex   4.924315e+01 -1.718510e+00 1.860000e+01
    endloop
  endfacet
  facet normal 1.514278e-01 -9.884683e-01 7.838716e-17
    outer loop
      vertex   4.924315e+01 -1.718510e+00 1.580000e+01
      vertex   4.924315e+01 -1.718510e+00 1.860000e+01
      vertex   4.878314e+01 -1.788981e+00 1.580000e+01
    endloop
  endfacet
  facet normal 1.514278e-01 -9.884683e-01 7.838716e-17
    outer loop
      vertex   4.878314e+01 -1.788981e+00 1.580000e+01
      vertex   4.924315e+01 -1.718510e+00 1.860000e+01
      vertex   4.878314e+01 -1.788981e+00 1.860000e+01
    endloop
  endfacet
  facet normal 3.473053e-01 -9.377521e-01 7.436529e-17
    outer loop
      vertex   4.878314e+01 -1.788981e+00 1.580000e+01
      vertex   4.878314e+01 -1.788981e+00 1.860000e+01
      vertex   4.834673e+01 -1.950608e+00 1.580000e+01
    endloop
  endfacet
  facet normal 3.473053e-01 -9.377521e-01 -7.326095e-16
    outer loop
      vertex   4.834673e+01 -1.950608e+00 1.580000e+01
      vertex   4.878314e+01 -1.788981e+00 1.860000e+01
      vertex   4.834673e+01 -1.950608e+00 1.860000e+01
    endloop
  endfacet
  facet normal 5.289640e-01 -8.486443e-01 -1.207729e-15
    outer loop
      vertex   4.834673e+01 -1.950608e+00 1.580000e+01
      vertex   4.834673e+01 -1.950608e+00 1.860000e+01
      vertex   4.795180e+01 -2.196774e+00 1.580000e+01
    endloop
  endfacet
  facet normal 5.289640e-01 -8.486443e-01 2.691955e-16
    outer loop
      vertex   4.795180e+01 -2.196774e+00 1.580000e+01
      vertex   4.834673e+01 -1.950608e+00 1.860000e+01
      vertex   4.795180e+01 -2.196774e+00 1.860000e+01
    endloop
  endfacet
  facet normal 6.889669e-01 -7.247928e-01 2.299090e-16
    outer loop
      vertex   4.795180e+01 -2.196774e+00 1.580000e+01
      vertex   4.795180e+01 -2.196774e+00 1.860000e+01
      vertex   4.761450e+01 -2.517402e+00 1.580000e+01
    endloop
  endfacet
  facet normal 6.889669e-01 -7.247928e-01 0.000000e+00
    outer loop
      vertex   4.761450e+01 -2.517402e+00 1.580000e+01
      vertex   4.795180e+01 -2.196774e+00 1.860000e+01
      vertex   4.761450e+01 -2.517402e+00 1.860000e+01
    endloop
  endfacet
  facet normal 8.207634e-01 -5.712682e-01 0.000000e+00
    outer loop
      vertex   4.761450e+01 -2.517402e+00 1.580000e+01
      vertex   4.761450e+01 -2.517402e+00 1.860000e+01
      vertex   4.734864e+01 -2.899364e+00 1.580000e+01
    endloop
  endfacet
  facet normal 8.207634e-01 -5.712682e-01 0.000000e+00
    outer loop
      vertex   4.734864e+01 -2.899364e+00 1.580000e+01
      vertex   4.761450e+01 -2.517402e+00 1.860000e+01
      vertex   4.734864e+01 -2.899364e+00 1.860000e+01
    endloop
  endfacet
  facet normal 9.189578e-01 -3.943559e-01 0.000000e+00
    outer loop
      vertex   4.734864e+01 -2.899364e+00 1.580000e+01
      vertex   4.734864e+01 -2.899364e+00 1.860000e+01
      vertex   4.716512e+01 -3.327023e+00 1.580000e+01
    endloop
  endfacet
  facet normal 9.189578e-01 -3.943559e-01 0.000000e+00
    outer loop
      vertex   4.716512e+01 -3.327023e+00 1.580000e+01
      vertex   4.734864e+01 -2.899364e+00 1.860000e+01
      vertex   4.716512e+01 -3.327023e+00 1.860000e+01
    endloop
  endfacet
  facet normal 9.795299e-01 -2.012985e-01 0.000000e+00
    outer loop
      vertex   4.716512e+01 -3.327023e+00 1.580000e+01
      vertex   4.716512e+01 -3.327023e+00 1.860000e+01
      vertex   4.707144e+01 -3.782871e+00 1.580000e+01
    endloop
  endfacet
  facet normal 9.795299e-01 -2.012985e-01 0.000000e+00
    outer loop
      vertex   4.707144e+01 -3.782871e+00 1.580000e+01
      vertex   4.716512e+01 -3.327023e+00 1.860000e+01
      vertex   4.707144e+01 -3.782871e+00 1.860000e+01
    endloop
  endfacet
  facet normal 1.000000e+00 0.000000e+00 -0.000000e+00
    outer loop
      vertex   4.707144e+01 -3.782871e+00 1.580000e+01
      vertex   4.707144e+01 -3.782871e+00 1.860000e+01
      vertex   4.707144e+01 -4.248245e+00 1.580000e+01
    endloop
  endfacet
  facet normal 1.000000e+00 0.000000e+00 0.000000e+00
    outer loop
      vertex   4.707144e+01 -4.248245e+00 1.580000e+01
      vertex   4.707144e+01 -3.782871e+00 1.860000e+01
      vertex   4.707144e+01 -4.248245e+00 1.860000e+01
    endloop
  endfacet
  facet normal 9.795299e-01 2.012985e-01 -0.000000e+00
    outer loop
      vertex   4.707144e+01 -4.248245e+00 1.580000e+01
      vertex   4.707144e+01 -4.248245e+00 1.860000e+01
      vertex   4.716512e+01 -4.704094e+00 1.580000e+01
    endloop
  endfacet
  facet normal 9.795299e-01 2.012985e-01 -0.000000e+00
    outer loop
      vertex   4.716512e+01 -4.704094e+00 1.580000e+01
      vertex   4.707144e+01 -4.248245e+00 1.860000e+01
      vertex   4.716512e+01 -4.704094e+00 1.860000e+01
    endloop
  endfacet
  facet normal 9.189578e-01 3.943559e-01 -0.000000e+00
    outer loop
      vertex   4.716512e+01 -4.704094e+00 1.580000e+01
      vertex   4.716512e+01 -4.704094e+00 1.860000e+01
      vertex   4.734864e+01 -5.131753e+00 1.580000e+01
    endloop
  endfacet
  facet normal 9.189578e-01 3.943559e-01 -0.000000e+00
    outer loop
      vertex   4.734864e+01 -5.131753e+00 1.580000e+01
      vertex   4.716512e+01 -4.704094e+00 1.860000e+01
      vertex   4.734864e+01 -5.131753e+00 1.860000e+01
    endloop
  endfacet
  facet normal 8.207634e-01 5.712682e-01 -0.000000e+00
    outer loop
      vertex   4.734864e+01 -5.131753e+00 1.580000e+01
      vertex   4.734864e+01 -5.131753e+00 1.860000e+01
      vertex   4.761450e+01 -5.513715e+00 1.580000e+01
    endloop
  endfacet
  facet normal 8.207634e-01 5.712682e-01 -0.000000e+00
    outer loop
      vertex   4.761450e+01 -5.513715e+00 1.580000e+01
      vertex   4.734864e+01 -5.131753e+00 1.860000e+01
      vertex   4.761450e+01 -5.513715e+00 1.860000e+01
    endloop
  endfacet
  facet normal 6.889669e-01 7.247928e-01 -0.000000e+00
    outer loop
      vertex   4.761450e+01 -5.513715e+00 1.580000e+01
      vertex   4.761450e+01 -5.513715e+00 1.860000e+01
      vertex   4.795180e+01 -5.834343e+00 1.580000e+01
    endloop
  endfacet
  facet normal 6.889669e-01 7.247928e-01 -4.598181e-16
    outer loop
      vertex   4.795180e+01 -5.834343e+00 1.580000e+01
      vertex   4.761450e+01 -5.513715e+00 1.860000e+01
      vertex   4.795180e+01 -5.834343e+00 1.860000e+01
    endloop
  endfacet
  facet normal 5.289640e-01 8.486443e-01 -5.383911e-16
    outer loop
      vertex   4.795180e+01 -5.834343e+00 1.580000e+01
      vertex   4.795180e+01 -5.834343e+00 1.860000e+01
      vertex   4.834673e+01 -6.080509e+00 1.580000e+01
    endloop
  endfacet
  facet normal 5.289640e-01 8.486443e-01 1.342327e-15
    outer loop
      vertex   4.834673e+01 -6.080509e+00 1.580000e+01
      vertex   4.795180e+01 -5.834343e+00 1.860000e+01
      vertex   4.834673e+01 -6.080509e+00 1.860000e+01
    endloop
  endfacet
  facet normal 3.473053e-01 9.377521e-01 8.813401e-16
    outer loop
      vertex   4.834673e+01 -6.080509e+00 1.580000e+01
      vertex   4.834673e+01 -6.080509e+00 1.860000e+01
      vertex   4.878314e+01 -6.242136e+00 1.580000e+01
    endloop
  endfacet
  facet normal 3.473053e-01 9.377521e-01 -0.000000e+00
    outer loop
      vertex   4.878314e+01 -6.242136e+00 1.580000e+01
      vertex   4.834673e+01 -6.080509e+00 1.860000e+01
      vertex   4.878314e+01 -6.242136e+00 1.860000e+01
    endloop
  endfacet
  facet normal 1.514278e-01 9.884683e-01 -0.000000e+00
    outer loop
      vertex   4.878314e+01 -6.242136e+00 1.580000e+01
      vertex   4.878314e+01 -6.242136e+00 1.860000e+01
      vertex   4.924315e+01 -6.312606e+00 1.580000e+01
    endloop
  endfacet
  facet normal 1.514278e-01 9.884683e-01 -0.000000e+00
    outer loop
      vertex   4.924315e+01 -6.312606e+00 1.580000e+01
      vertex   4.878314e+01 -6.242136e+00 1.860000e+01
      vertex   4.924315e+01 -6.312606e+00 1.860000e+01
    endloop
  endfacet
  facet normal -5.064917e-02 9.987165e-01 0.000000e+00
    outer loop
      vertex   4.924315e+01 -6.312606e+00 1.580000e+01
      vertex   4.924315e+01 -6.312606e+00 1.860000e+01
      vertex   4.970792e+01 -6.289035e+00 1.580000e+01
    endloop
  endfacet
  facet normal -5.064917e-02 9.987165e-01 0.000000e+00
    outer loop
      vertex   4.970792e+01 -6.289035e+00 1.580000e+01
      vertex   4.924315e+01 -6.312606e+00 1.860000e+01
      vertex   4.970792e+01 -6.289035e+00 1.860000e+01
    endloop
  endfacet
  facet normal -2.506525e-01 9.680771e-01 0.000000e+00
    outer loop
      vertex   4.970792e+01 -6.289035e+00 1.580000e+01
      vertex   4.970792e+01 -6.289035e+00 1.860000e+01
      vertex   5.015844e+01 -6.172388e+00 1.580000e+01
    endloop
  endfacet
  facet normal -2.506525e-01 9.680771e-01 0.000000e+00
    outer loop
      vertex   5.015844e+01 -6.172388e+00 1.580000e+01
      vertex   4.970792e+01 -6.289035e+00 1.860000e+01
      vertex   5.015844e+01 -6.172388e+00 1.860000e+01
    endloop
  endfacet
  facet normal -4.403942e-01 8.978045e-01 0.000000e+00
    outer loop
      vertex   5.015844e+01 -6.172388e+00 1.580000e+01
      vertex   5.015844e+01 -6.172388e+00 1.860000e+01
      vertex   5.057626e+01 -5.967440e+00 1.580000e+01
    endloop
  endfacet
  facet normal -4.403942e-01 8.978045e-01 0.000000e+00
    outer loop
      vertex   5.057626e+01 -5.967440e+00 1.580000e+01
      vertex   5.015844e+01 -6.172388e+00 1.860000e+01
      vertex   5.057626e+01 -5.967440e+00 1.860000e+01
    endloop
  endfacet
  facet normal -6.121060e-01 7.907757e-01 0.000000e+00
    outer loop
      vertex   5.057626e+01 -5.967440e+00 1.580000e+01
      vertex   5.057626e+01 -5.967440e+00 1.860000e+01
      vertex   5.094426e+01 -5.682582e+00 1.580000e+01
    endloop
  endfacet
  facet normal -6.121060e-01 7.907757e-01 0.000000e+00
    outer loop
      vertex   5.094426e+01 -5.682582e+00 1.580000e+01
      vertex   5.057626e+01 -5.967440e+00 1.860000e+01
      vertex   5.094426e+01 -5.682582e+00 1.860000e+01
    endloop
  endfacet
  facet normal -7.587581e-01 6.513725e-01 0.000000e+00
    outer loop
      vertex   5.094426e+01 -5.682582e+00 1.580000e+01
      vertex   5.094426e+01 -5.682582e+00 1.860000e+01
      vertex   5.124740e+01 -5.329475e+00 1.580000e+01
    endloop
  endfacet
  facet normal -7.587581e-01 6.513725e-01 0.000000e+00
    outer loop
      vertex   5.124740e+01 -5.329475e+00 1.580000e+01
      vertex   5.094426e+01 -5.682582e+00 1.860000e+01
      vertex   5.124740e+01 -5.329475e+00 1.860000e+01
    endloop
  endfacet
  facet normal -8.743466e-01 4.853020e-01 0.000000e+00
    outer loop
      vertex   5.124740e+01 -5.329475e+00 1.580000e+01
      vertex   5.124740e+01 -5.329475e+00 1.860000e+01
      vertex   5.147324e+01 -4.922577e+00 1.580000e+01
    endloop
  endfacet
  facet normal -8.743466e-01 4.853020e-01 0.000000e+00
    outer loop
      vertex   5.147324e+01 -4.922577e+00 1.580000e+01
      vertex   5.124740e+01 -5.329475e+00 1.860000e+01
      vertex   5.147324e+01 -4.922577e+00 1.860000e+01
    endloop
  endfacet
  facet normal -9.541393e-01 2.993631e-01 0.000000e+00
    outer loop
      vertex   5.147324e+01 -4.922577e+00 1.580000e+01
      vertex   5.147324e+01 -4.922577e+00 1.860000e+01
      vertex   5.161256e+01 -4.478545e+00 1.580000e+01
    endloop
  endfacet
  facet normal -9.541393e-01 2.993631e-01 0.000000e+00
    outer loop
      vertex   5.161256e+01 -4.478545e+00 1.580000e+01
      vertex   5.147324e+01 -4.922577e+00 1.860000e+01
      vertex   5.161256e+01 -4.478545e+00 1.860000e+01
    endloop
  endfacet
  facet normal -9.948693e-01 1.011683e-01 0.000000e+00
    outer loop
      vertex   8.799126e+01 1.651611e+01 1.580000e+01
      vertex   8.799126e+01 1.651611e+01 1.860000e+01
      vertex   8.803835e+01 1.697910e+01 1.580000e+01
    endloop
  endfacet
  facet normal -9.948693e-01 1.011683e-01 0.000000e+00
    outer loop
      vertex   8.803835e+01 1.697910e+01 1.580000e+01
      vertex   8.799126e+01 1.651611e+01 1.860000e+01
      vertex   8.803835e+01 1.697910e+01 1.860000e+01
    endloop
  endfacet
  facet normal -9.948693e-01 -1.011683e-01 0.000000e+00
    outer loop
      vertex   8.803835e+01 1.697910e+01 1.580000e+01
      vertex   8.803835e+01 1.697910e+01 1.860000e+01
      vertex   8.799126e+01 1.744209e+01 1.580000e+01
    endloop
  endfacet
  facet normal -9.948693e-01 -1.011683e-01 0.000000e+00
    outer loop
      vertex   8.799126e+01 1.744209e+01 1.580000e+01
      vertex   8.803835e+01 1.697910e+01 1.860000e+01
      vertex   8.799126e+01 1.744209e+01 1.860000e+01
    endloop
  endfacet
  facet normal -9.541393e-01 -2.993631e-01 0.000000e+00
    outer loop
      vertex   8.799126e+01 1.744209e+01 1.580000e+01
      vertex   8.799126e+01 1.744209e+01 1.860000e+01
      vertex   8.785195e+01 1.788612e+01 1.580000e+01
    endloop
  endfacet
  facet normal -9.541393e-01 -2.993631e-01 0.000000e+00
    outer loop
      vertex   8.785195e+01 1.788612e+01 1.580000e+01
      vertex   8.799126e+01 1.744209e+01 1.860000e+01
      vertex   8.785195e+01 1.788612e+01 1.860000e+01
    endloop
  endfacet
  facet normal -8.743466e-01 -4.853020e-01 0.000000e+00
    outer loop
      vertex   8.785195e+01 1.788612e+01 1.580000e+01
      vertex   8.785195e+01 1.788612e+01 1.860000e+01
      vertex   8.762610e+01 1.829302e+01 1.580000e+01
    endloop
  endfacet
  facet normal -8.743466e-01 -4.853020e-01 0.000000e+00
    outer loop
      vertex   8.762610e+01 1.829302e+01 1.580000e+01
      vertex   8.785195e+01 1.788612e+01 1.860000e+01
      vertex   8.762610e+01 1.829302e+01 1.860000e+01
    endloop
  endfacet
  facet normal -7.587581e-01 -6.513725e-01 0.000000e+00
    outer loop
      vertex   8.762610e+01 1.829302e+01 1.580000e+01
      vertex   8.762610e+01 1.829302e+01 1.860000e+01
      vertex   8.732297e+01 1.864612e+01 1.580000e+01
    endloop
  endfacet
  facet normal -7.587581e-01 -6.513725e-01 0.000000e+00
    outer loop
      vertex   8.732297e+01 1.864612e+01 1.580000e+01
      vertex   8.762610e+01 1.829302e+01 1.860000e+01
      vertex   8.732297e+01 1.864612e+01 1.860000e+01
    endloop
  endfacet
  facet normal -6.121060e-01 -7.907757e-01 0.000000e+00
    outer loop
      vertex   8.732297e+01 1.864612e+01 1.580000e+01
      vertex   8.732297e+01 1.864612e+01 1.860000e+01
      vertex   8.695496e+01 1.893098e+01 1.580000e+01
    endloop
  endfacet
  facet normal -6.121060e-01 -7.907757e-01 0.000000e+00
    outer loop
      vertex   8.695496e+01 1.893098e+01 1.580000e+01
      vertex   8.732297e+01 1.864612e+01 1.860000e+01
      vertex   8.695496e+01 1.893098e+01 1.860000e+01
    endloop
  endfacet
  facet normal -4.403942e-01 -8.978045e-01 0.000000e+00
    outer loop
      vertex   8.695496e+01 1.893098e+01 1.580000e+01
      vertex   8.695496e+01 1.893098e+01 1.860000e+01
      vertex   8.653715e+01 1.913593e+01 1.580000e+01
    endloop
  endfacet
  facet normal -4.403942e-01 -8.978045e-01 0.000000e+00
    outer loop
      vertex   8.653715e+01 1.913593e+01 1.580000e+01
      vertex   8.695496e+01 1.893098e+01 1.860000e+01
      vertex   8.653715e+01 1.913593e+01 1.860000e+01
    endloop
  endfacet
  facet normal -2.506525e-01 -9.680771e-01 0.000000e+00
    outer loop
      vertex   8.653715e+01 1.913593e+01 1.580000e+01
      vertex   8.653715e+01 1.913593e+01 1.860000e+01
      vertex   8.608663e+01 1.925258e+01 1.580000e+01
    endloop
  endfacet
  facet normal -2.506525e-01 -9.680771e-01 0.000000e+00
    outer loop
      vertex   8.608663e+01 1.925258e+01 1.580000e+01
      vertex   8.653715e+01 1.913593e+01 1.860000e+01
      vertex   8.608663e+01 1.925258e+01 1.860000e+01
    endloop
  endfacet
  facet normal -5.064917e-02 -9.987165e-01 0.000000e+00
    outer loop
      vertex   8.608663e+01 1.925258e+01 1.580000e+01
      vertex   8.608663e+01 1.925258e+01 1.860000e+01
      vertex   8.562185e+01 1.927615e+01 1.580000e+01
    endloop
  endfacet
  facet normal -5.064917e-02 -9.987165e-01 0.000000e+00
    outer loop
      vertex   8.562185e+01 1.927615e+01 1.580000e+01
      vertex   8.608663e+01 1.925258e+01 1.860000e+01
      vertex   8.562185e+01 1.927615e+01 1.860000e+01
    endloop
  endfacet
  facet normal 1.514278e-01 -9.884683e-01 0.000000e+00
    outer loop
      vertex   8.562185e+01 1.927615e+01 1.580000e+01
      vertex   8.562185e+01 1.927615e+01 1.860000e+01
      vertex   8.516184e+01 1.920568e+01 1.580000e+01
    endloop
  endfacet
  facet normal 1.514278e-01 -9.884683e-01 0.000000e+00
    outer loop
      vertex   8.516184e+01 1.920568e+01 1.580000e+01
      vertex   8.562185e+01 1.927615e+01 1.860000e+01
      vertex   8.516184e+01 1.920568e+01 1.860000e+01
    endloop
  endfacet
  facet normal 3.473053e-01 -9.377521e-01 0.000000e+00
    outer loop
      vertex   8.516184e+01 1.920568e+01 1.580000e+01
      vertex   8.516184e+01 1.920568e+01 1.860000e+01
      vertex   8.472544e+01 1.904405e+01 1.580000e+01
    endloop
  endfacet
  facet normal 3.473053e-01 -9.377521e-01 0.000000e+00
    outer loop
      vertex   8.472544e+01 1.904405e+01 1.580000e+01
      vertex   8.516184e+01 1.920568e+01 1.860000e+01
      vertex   8.472544e+01 1.904405e+01 1.860000e+01
    endloop
  endfacet
  facet normal 5.289640e-01 -8.486443e-01 0.000000e+00
    outer loop
      vertex   8.472544e+01 1.904405e+01 1.580000e+01
      vertex   8.472544e+01 1.904405e+01 1.860000e+01
      vertex   8.433050e+01 1.879788e+01 1.580000e+01
    endloop
  endfacet
  facet normal 5.289640e-01 -8.486443e-01 0.000000e+00
    outer loop
      vertex   8.433050e+01 1.879788e+01 1.580000e+01
      vertex   8.472544e+01 1.904405e+01 1.860000e+01
      vertex   8.433050e+01 1.879788e+01 1.860000e+01
    endloop
  endfacet
  facet normal 6.889669e-01 -7.247928e-01 0.000000e+00
    outer loop
      vertex   8.433050e+01 1.879788e+01 1.580000e+01
      vertex   8.433050e+01 1.879788e+01 1.860000e+01
      vertex   8.399320e+01 1.847726e+01 1.580000e+01
    endloop
  endfacet
  facet normal 6.889669e-01 -7.247928e-01 0.000000e+00
    outer loop
      vertex   8.399320e+01 1.847726e+01 1.580000e+01
      vertex   8.433050e+01 1.879788e+01 1.860000e+01
      vertex   8.399320e+01 1.847726e+01 1.860000e+01
    endloop
  endfacet
  facet normal 8.207634e-01 -5.712682e-01 0.000000e+00
    outer loop
      vertex   8.399320e+01 1.847726e+01 1.580000e+01
      vertex   8.399320e+01 1.847726e+01 1.860000e+01
      vertex   8.372735e+01 1.809529e+01 1.580000e+01
    endloop
  endfacet
  facet normal 8.207634e-01 -5.712682e-01 0.000000e+00
    outer loop
      vertex   8.372735e+01 1.809529e+01 1.580000e+01
      vertex   8.399320e+01 1.847726e+01 1.860000e+01
      vertex   8.372735e+01 1.809529e+01 1.860000e+01
    endloop
  endfacet
  facet normal 9.189578e-01 -3.943559e-01 0.000000e+00
    outer loop
      vertex   8.372735e+01 1.809529e+01 1.580000e+01
      vertex   8.372735e+01 1.809529e+01 1.860000e+01
      vertex   8.354383e+01 1.766763e+01 1.580000e+01
    endloop
  endfacet
  facet normal 9.189578e-01 -3.943559e-01 0.000000e+00
    outer loop
      vertex   8.354383e+01 1.766763e+01 1.580000e+01
      vertex   8.372735e+01 1.809529e+01 1.860000e+01
      vertex   8.354383e+01 1.766763e+01 1.860000e+01
    endloop
  endfacet
  facet normal 9.795299e-01 -2.012985e-01 0.000000e+00
    outer loop
      vertex   8.354383e+01 1.766763e+01 1.580000e+01
      vertex   8.354383e+01 1.766763e+01 1.860000e+01
      vertex   8.345015e+01 1.721179e+01 1.580000e+01
    endloop
  endfacet
  facet normal 9.795299e-01 -2.012985e-01 0.000000e+00
    outer loop
      vertex   8.345015e+01 1.721179e+01 1.580000e+01
      vertex   8.354383e+01 1.766763e+01 1.860000e+01
      vertex   8.345015e+01 1.721179e+01 1.860000e+01
    endloop
  endfacet
  facet normal 1.000000e+00 0.000000e+00 -0.000000e+00
    outer loop
      vertex   8.345015e+01 1.721179e+01 1.580000e+01
      vertex   8.345015e+01 1.721179e+01 1.860000e+01
      vertex   8.345015e+01 1.674641e+01 1.580000e+01
    endloop
  endfacet
  facet normal 1.000000e+00 0.000000e+00 0.000000e+00
    outer loop
      vertex   8.345015e+01 1.674641e+01 1.580000e+01
      vertex   8.345015e+01 1.721179e+01 1.860000e+01
      vertex   8.345015e+01 1.674641e+01 1.860000e+01
    endloop
  endfacet
  facet normal 9.795299e-01 2.012985e-01 -0.000000e+00
    outer loop
      vertex   8.345015e+01 1.674641e+01 1.580000e+01
      vertex   8.345015e+01 1.674641e+01 1.860000e+01
      vertex   8.354383e+01 1.629056e+01 1.580000e+01
    endloop
  endfacet
  facet normal 9.795299e-01 2.012985e-01 -0.000000e+00
    outer loop
      vertex   8.354383e+01 1.629056e+01 1.580000e+01
      vertex   8.345015e+01 1.674641e+01 1.860000e+01
      vertex   8.354383e+01 1.629056e+01 1.860000e+01
    endloop
  endfacet
  facet normal 9.189578e-01 3.943559e-01 -0.000000e+00
    outer loop
      vertex   8.354383e+01 1.629056e+01 1.580000e+01
      vertex   8.354383e+01 1.629056e+01 1.860000e+01
      vertex   8.372735e+01 1.586290e+01 1.580000e+01
    endloop
  endfacet
  facet normal 9.189578e-01 3.943559e-01 -0.000000e+00
    outer loop
      vertex   8.372735e+01 1.586290e+01 1.580000e+01
      vertex   8.354383e+01 1.629056e+01 1.860000e+01
      vertex   8.372735e+01 1.586290e+01 1.860000e+01
    endloop
  endfacet
  facet normal 8.207634e-01 5.712682e-01 -0.000000e+00
    outer loop
      vertex   8.372735e+01 1.586290e+01 1.580000e+01
      vertex   8.372735e+01 1.586290e+01 1.860000e+01
      vertex   8.399320e+01 1.548094e+01 1.580000e+01
    endloop
  endfacet
  facet normal 8.207634e-01 5.712682e-01 -0.000000e+00
    outer loop
      vertex   8.399320e+01 1.548094e+01 1.580000e+01
      vertex   8.372735e+01 1.586290e+01 1.860000e+01
      vertex   8.399320e+01 1.548094e+01 1.860000e+01
    endloop
  endfacet
  facet normal 6.889669e-01 7.247928e-01 -0.000000e+00
    outer loop
      vertex   8.399320e+01 1.548094e+01 1.580000e+01
      vertex   8.399320e+01 1.548094e+01 1.860000e+01
      vertex   8.433050e+01 1.516031e+01 1.580000e+01
    endloop
  endfacet
  facet normal 6.889669e-01 7.247928e-01 -0.000000e+00
    outer loop
      vertex   8.433050e+01 1.516031e+01 1.580000e+01
      vertex   8.399320e+01 1.548094e+01 1.860000e+01
      vertex   8.433050e+01 1.516031e+01 1.860000e+01
    endloop
  endfacet
  facet normal 5.289640e-01 8.486443e-01 -0.000000e+00
    outer loop
      vertex   8.433050e+01 1.516031e+01 1.580000e+01
      vertex   8.433050e+01 1.516031e+01 1.860000e+01
      vertex   8.472544e+01 1.491415e+01 1.580000e+01
    endloop
  endfacet
  facet normal 5.289640e-01 8.486443e-01 -0.000000e+00
    outer loop
      vertex   8.472544e+01 1.491415e+01 1.580000e+01
      vertex   8.433050e+01 1.516031e+01 1.860000e+01
      vertex   8.472544e+01 1.491415e+01 1.860000e+01
    endloop
  endfacet
  facet normal 3.473053e-01 9.377521e-01 -0.000000e+00
    outer loop
      vertex   8.472544e+01 1.491415e+01 1.580000e+01
      vertex   8.472544e+01 1.491415e+01 1.860000e+01
      vertex   8.516184e+01 1.475252e+01 1.580000e+01
    endloop
  endfacet
  facet normal 3.473053e-01 9.377521e-01 -0.000000e+00
    outer loop
      vertex   8.516184e+01 1.475252e+01 1.580000e+01
      vertex   8.472544e+01 1.491415e+01 1.860000e+01
      vertex   8.516184e+01 1.475252e+01 1.860000e+01
    endloop
  endfacet
  facet normal 1.514278e-01 9.884683e-01 -0.000000e+00
    outer loop
      vertex   8.516184e+01 1.475252e+01 1.580000e+01
      vertex   8.516184e+01 1.475252e+01 1.860000e+01
      vertex   8.562185e+01 1.468205e+01 1.580000e+01
    endloop
  endfacet
  facet normal 1.514278e-01 9.884683e-01 -0.000000e+00
    outer loop
      vertex   8.562185e+01 1.468205e+01 1.580000e+01
      vertex   8.516184e+01 1.475252e+01 1.860000e+01
      vertex   8.562185e+01 1.468205e+01 1.860000e+01
    endloop
  endfacet
  facet normal -5.064917e-02 9.987165e-01 0.000000e+00
    outer loop
      vertex   8.562185e+01 1.468205e+01 1.580000e+01
      vertex   8.562185e+01 1.468205e+01 1.860000e+01
      vertex   8.608663e+01 1.470562e+01 1.580000e+01
    endloop
  endfacet
  facet normal -5.064917e-02 9.987165e-01 0.000000e+00
    outer loop
      vertex   8.608663e+01 1.470562e+01 1.580000e+01
      vertex   8.562185e+01 1.468205e+01 1.860000e+01
      vertex   8.608663e+01 1.470562e+01 1.860000e+01
    endloop
  endfacet
  facet normal -2.506525e-01 9.680771e-01 0.000000e+00
    outer loop
      vertex   8.608663e+01 1.470562e+01 1.580000e+01
      vertex   8.608663e+01 1.470562e+01 1.860000e+01
      vertex   8.653715e+01 1.482227e+01 1.580000e+01
    endloop
  endfacet
  facet normal -2.506525e-01 9.680771e-01 0.000000e+00
    outer loop
      vertex   8.653715e+01 1.482227e+01 1.580000e+01
      vertex   8.608663e+01 1.470562e+01 1.860000e+01
      vertex   8.653715e+01 1.482227e+01 1.860000e+01
    endloop
  endfacet
  facet normal -4.403942e-01 8.978045e-01 0.000000e+00
    outer loop
      vertex   8.653715e+01 1.482227e+01 1.580000e+01
      vertex   8.653715e+01 1.482227e+01 1.860000e+01
      vertex   8.695496e+01 1.502722e+01 1.580000e+01
    endloop
  endfacet
  facet normal -4.403942e-01 8.978045e-01 0.000000e+00
    outer loop
      vertex   8.695496e+01 1.502722e+01 1.580000e+01
      vertex   8.653715e+01 1.482227e+01 1.860000e+01
      vertex   8.695496e+01 1.502722e+01 1.860000e+01
    endloop
  endfacet
  facet normal -6.121060e-01 7.907757e-01 0.000000e+00
    outer loop
      vertex   8.695496e+01 1.502722e+01 1.580000e+01
      vertex   8.695496e+01 1.502722e+01 1.860000e+01
      vertex   8.732297e+01 1.531208e+01 1.580000e+01
    endloop
  endfacet
  facet normal -6.121060e-01 7.907757e-01 0.000000e+00
    outer loop
      vertex   8.732297e+01 1.531208e+01 1.580000e+01
      vertex   8.695496e+01 1.502722e+01 1.860000e+01
      vertex   8.732297e+01 1.531208e+01 1.860000e+01
    endloop
  endfacet
  facet normal -7.587581e-01 6.513725e-01 0.000000e+00
    outer loop
      vertex   8.732297e+01 1.531208e+01 1.580000e+01
      vertex   8.732297e+01 1.531208e+01 1.860000e+01
      vertex   8.762610e+01 1.566518e+01 1.580000e+01
    endloop
  endfacet
  facet normal -7.587581e-01 6.513725e-01 0.000000e+00
    outer loop
      vertex   8.762610e+01 1.566518e+01 1.580000e+01
      vertex   8.732297e+01 1.531208e+01 1.860000e+01
      vertex   8.762610e+01 1.566518e+01 1.860000e+01
    endloop
  endfacet
  facet normal -8.743466e-01 4.853020e-01 0.000000e+00
    outer loop
      vertex   8.762610e+01 1.566518e+01 1.580000e+01
      vertex   8.762610e+01 1.566518e+01 1.860000e+01
      vertex   8.785195e+01 1.607208e+01 1.580000e+01
    endloop
  endfacet
  facet normal -8.743466e-01 4.853020e-01 0.000000e+00
    outer loop
      vertex   8.785195e+01 1.607208e+01 1.580000e+01
      vertex   8.762610e+01 1.566518e+01 1.860000e+01
      vertex   8.785195e+01 1.607208e+01 1.860000e+01
    endloop
  endfacet
  facet normal -9.541393e-01 2.993631e-01 0.000000e+00
    outer loop
      vertex   8.785195e+01 1.607208e+01 1.580000e+01
      vertex   8.785195e+01 1.607208e+01 1.860000e+01
      vertex   8.799126e+01 1.651611e+01 1.580000e+01
    endloop
  endfacet
  facet normal -9.541393e-01 2.993631e-01 0.000000e+00
    outer loop
      vertex   8.799126e+01 1.651611e+01 1.580000e+01
      vertex   8.785195e+01 1.607208e+01 1.860000e+01
      vertex   8.799126e+01 1.651611e+01 1.860000e+01
    endloop
  endfacet
  facet normal -9.948693e-01 1.011683e-01 0.000000e+00
    outer loop
      vertex   8.798382e+01 -2.548610e+01 1.580000e+01
      vertex   8.798382e+01 -2.548610e+01 1.860000e+01
      vertex   8.803090e+01 -2.502311e+01 1.580000e+01
    endloop
  endfacet
  facet normal -9.948693e-01 1.011683e-01 0.000000e+00
    outer loop
      vertex   8.803090e+01 -2.502311e+01 1.580000e+01
      vertex   8.798382e+01 -2.548610e+01 1.860000e+01
      vertex   8.803090e+01 -2.502311e+01 1.860000e+01
    endloop
  endfacet
  facet normal -9.948693e-01 -1.011683e-01 0.000000e+00
    outer loop
      vertex   8.803090e+01 -2.502311e+01 1.580000e+01
      vertex   8.803090e+01 -2.502311e+01 1.860000e+01
      vertex   8.798382e+01 -2.456013e+01 1.580000e+01
    endloop
  endfacet
  facet normal -9.948693e-01 -1.011683e-01 0.000000e+00
    outer loop
      vertex   8.798382e+01 -2.456013e+01 1.580000e+01
      vertex   8.803090e+01 -2.502311e+01 1.860000e+01
      vertex   8.798382e+01 -2.456013e+01 1.860000e+01
    endloop
  endfacet
  facet normal -9.541393e-01 -2.993631e-01 0.000000e+00
    outer loop
      vertex   8.798382e+01 -2.456013e+01 1.580000e+01
      vertex   8.798382e+01 -2.456013e+01 1.860000e+01
      vertex   8.784450e+01 -2.411609e+01 1.580000e+01
    endloop
  endfacet
  facet normal -9.541393e-01 -2.993631e-01 0.000000e+00
    outer loop
      vertex   8.784450e+01 -2.411609e+01 1.580000e+01
      vertex   8.798382e+01 -2.456013e+01 1.860000e+01
      vertex   8.784450e+01 -2.411609e+01 1.860000e+01
    endloop
  endfacet
  facet normal -8.743466e-01 -4.853020e-01 0.000000e+00
    outer loop
      vertex   8.784450e+01 -2.411609e+01 1.580000e+01
      vertex   8.784450e+01 -2.411609e+01 1.860000e+01
      vertex   8.761865e+01 -2.370920e+01 1.580000e+01
    endloop
  endfacet
  facet normal -8.743466e-01 -4.853020e-01 0.000000e+00
    outer loop
      vertex   8.761865e+01 -2.370920e+01 1.580000e+01
      vertex   8.784450e+01 -2.411609e+01 1.860000e+01
      vertex   8.761865e+01 -2.370920e+01 1.860000e+01
    endloop
  endfacet
  facet normal -7.587581e-01 -6.513725e-01 0.000000e+00
    outer loop
      vertex   8.761865e+01 -2.370920e+01 1.580000e+01
      vertex   8.761865e+01 -2.370920e+01 1.860000e+01
      vertex   8.731552e+01 -2.335609e+01 1.580000e+01
    endloop
  endfacet
  facet normal -7.587581e-01 -6.513725e-01 0.000000e+00
    outer loop
      vertex   8.731552e+01 -2.335609e+01 1.580000e+01
      vertex   8.761865e+01 -2.370920e+01 1.860000e+01
      vertex   8.731552e+01 -2.335609e+01 1.860000e+01
    endloop
  endfacet
  facet normal -6.121060e-01 -7.907757e-01 0.000000e+00
    outer loop
      vertex   8.731552e+01 -2.335609e+01 1.580000e+01
      vertex   8.731552e+01 -2.335609e+01 1.860000e+01
      vertex   8.694752e+01 -2.307123e+01 1.580000e+01
    endloop
  endfacet
  facet normal -6.121060e-01 -7.907757e-01 0.000000e+00
    outer loop
      vertex   8.694752e+01 -2.307123e+01 1.580000e+01
      vertex   8.731552e+01 -2.335609e+01 1.860000e+01
      vertex   8.694752e+01 -2.307123e+01 1.860000e+01
    endloop
  endfacet
  facet normal -4.403942e-01 -8.978045e-01 0.000000e+00
    outer loop
      vertex   8.694752e+01 -2.307123e+01 1.580000e+01
      vertex   8.694752e+01 -2.307123e+01 1.860000e+01
      vertex   8.652970e+01 -2.286628e+01 1.580000e+01
    endloop
  endfacet
  facet normal -4.403942e-01 -8.978045e-01 0.000000e+00
    outer loop
      vertex   8.652970e+01 -2.286628e+01 1.580000e+01
      vertex   8.694752e+01 -2.307123e+01 1.860000e+01
      vertex   8.652970e+01 -2.286628e+01 1.860000e+01
    endloop
  endfacet
  facet normal -2.506525e-01 -9.680771e-01 0.000000e+00
    outer loop
      vertex   8.652970e+01 -2.286628e+01 1.580000e+01
      vertex   8.652970e+01 -2.286628e+01 1.860000e+01
      vertex   8.607918e+01 -2.274964e+01 1.580000e+01
    endloop
  endfacet
  facet normal -2.506525e-01 -9.680771e-01 0.000000e+00
    outer loop
      vertex   8.607918e+01 -2.274964e+01 1.580000e+01
      vertex   8.652970e+01 -2.286628e+01 1.860000e+01
      vertex   8.607918e+01 -2.274964e+01 1.860000e+01
    endloop
  endfacet
  facet normal -5.064917e-02 -9.987165e-01 0.000000e+00
    outer loop
      vertex   8.607918e+01 -2.274964e+01 1.580000e+01
      vertex   8.607918e+01 -2.274964e+01 1.860000e+01
      vertex   8.561441e+01 -2.272607e+01 1.580000e+01
    endloop
  endfacet
  facet normal -5.064917e-02 -9.987165e-01 0.000000e+00
    outer loop
      vertex   8.561441e+01 -2.272607e+01 1.580000e+01
      vertex   8.607918e+01 -2.274964e+01 1.860000e+01
      vertex   8.561441e+01 -2.272607e+01 1.860000e+01
    endloop
  endfacet
  facet normal 1.514278e-01 -9.884683e-01 0.000000e+00
    outer loop
      vertex   8.561441e+01 -2.272607e+01 1.580000e+01
      vertex   8.561441e+01 -2.272607e+01 1.860000e+01
      vertex   8.515440e+01 -2.279654e+01 1.580000e+01
    endloop
  endfacet
  facet normal 1.514278e-01 -9.884683e-01 0.000000e+00
    outer loop
      vertex   8.515440e+01 -2.279654e+01 1.580000e+01
      vertex   8.561441e+01 -2.272607e+01 1.860000e+01
      vertex   8.515440e+01 -2.279654e+01 1.860000e+01
    endloop
  endfacet
  facet normal 3.473053e-01 -9.377521e-01 0.000000e+00
    outer loop
      vertex   8.515440e+01 -2.279654e+01 1.580000e+01
      vertex   8.515440e+01 -2.279654e+01 1.860000e+01
      vertex   8.471799e+01 -2.295816e+01 1.580000e+01
    endloop
  endfacet
  facet normal 3.473053e-01 -9.377521e-01 0.000000e+00
    outer loop
      vertex   8.471799e+01 -2.295816e+01 1.580000e+01
      vertex   8.515440e+01 -2.279654e+01 1.860000e+01
      vertex   8.471799e+01 -2.295816e+01 1.860000e+01
    endloop
  endfacet
  facet normal 5.289640e-01 -8.486443e-01 0.000000e+00
    outer loop
      vertex   8.471799e+01 -2.295816e+01 1.580000e+01
      vertex   8.471799e+01 -2.295816e+01 1.860000e+01
      vertex   8.432306e+01 -2.320433e+01 1.580000e+01
    endloop
  endfacet
  facet normal 5.289640e-01 -8.486443e-01 0.000000e+00
    outer loop
      vertex   8.432306e+01 -2.320433e+01 1.580000e+01
      vertex   8.471799e+01 -2.295816e+01 1.860000e+01
      vertex   8.432306e+01 -2.320433e+01 1.860000e+01
    endloop
  endfacet
  facet normal 6.889669e-01 -7.247928e-01 0.000000e+00
    outer loop
      vertex   8.432306e+01 -2.320433e+01 1.580000e+01
      vertex   8.432306e+01 -2.320433e+01 1.860000e+01
      vertex   8.398576e+01 -2.352496e+01 1.580000e+01
    endloop
  endfacet
  facet normal 6.889669e-01 -7.247928e-01 0.000000e+00
    outer loop
      vertex   8.398576e+01 -2.352496e+01 1.580000e+01
      vertex   8.432306e+01 -2.320433e+01 1.860000e+01
      vertex   8.398576e+01 -2.352496e+01 1.860000e+01
    endloop
  endfacet
  facet normal 8.207634e-01 -5.712682e-01 0.000000e+00
    outer loop
      vertex   8.398576e+01 -2.352496e+01 1.580000e+01
      vertex   8.398576e+01 -2.352496e+01 1.860000e+01
      vertex   8.371990e+01 -2.390692e+01 1.580000e+01
    endloop
  endfacet
  facet normal 8.207634e-01 -5.712682e-01 0.000000e+00
    outer loop
      vertex   8.371990e+01 -2.390692e+01 1.580000e+01
      vertex   8.398576e+01 -2.352496e+01 1.860000e+01
      vertex   8.371990e+01 -2.390692e+01 1.860000e+01
    endloop
  endfacet
  facet normal 9.189578e-01 -3.943559e-01 0.000000e+00
    outer loop
      vertex   8.371990e+01 -2.390692e+01 1.580000e+01
      vertex   8.371990e+01 -2.390692e+01 1.860000e+01
      vertex   8.353638e+01 -2.433458e+01 1.580000e+01
    endloop
  endfacet
  facet normal 9.189578e-01 -3.943559e-01 0.000000e+00
    outer loop
      vertex   8.353638e+01 -2.433458e+01 1.580000e+01
      vertex   8.371990e+01 -2.390692e+01 1.860000e+01
      vertex   8.353638e+01 -2.433458e+01 1.860000e+01
    endloop
  endfacet
  facet normal 9.795299e-01 -2.012985e-01 0.000000e+00
    outer loop
      vertex   8.353638e+01 -2.433458e+01 1.580000e+01
      vertex   8.353638e+01 -2.433458e+01 1.860000e+01
      vertex   8.344270e+01 -2.479043e+01 1.580000e+01
    endloop
  endfacet
  facet normal 9.795299e-01 -2.012985e-01 0.000000e+00
    outer loop
      vertex   8.344270e+01 -2.479043e+01 1.580000e+01
      vertex   8.353638e+01 -2.433458e+01 1.860000e+01
      vertex   8.344270e+01 -2.479043e+01 1.860000e+01
    endloop
  endfacet
  facet normal 1.000000e+00 0.000000e+00 -0.000000e+00
    outer loop
      vertex   8.344270e+01 -2.479043e+01 1.580000e+01
      vertex   8.344270e+01 -2.479043e+01 1.860000e+01
      vertex   8.344270e+01 -2.525580e+01 1.580000e+01
    endloop
  endfacet
  facet normal 1.000000e+00 0.000000e+00 0.000000e+00
    outer loop
      vertex   8.344270e+01 -2.525580e+01 1.580000e+01
      vertex   8.344270e+01 -2.479043e+01 1.860000e+01
      vertex   8.344270e+01 -2.525580e+01 1.860000e+01
    endloop
  endfacet
  facet normal 9.795299e-01 2.012985e-01 -0.000000e+00
    outer loop
      vertex   8.344270e+01 -2.525580e+01 1.580000e+01
      vertex   8.344270e+01 -2.525580e+01 1.860000e+01
      vertex   8.353638e+01 -2.571165e+01 1.580000e+01
    endloop
  endfacet
  facet normal 9.795299e-01 2.012985e-01 -0.000000e+00
    outer loop
      vertex   8.353638e+01 -2.571165e+01 1.580000e+01
      vertex   8.344270e+01 -2.525580e+01 1.860000e+01
      vertex   8.353638e+01 -2.571165e+01 1.860000e+01
    endloop
  endfacet
  facet normal 9.189578e-01 3.943559e-01 -0.000000e+00
    outer loop
      vertex   8.353638e+01 -2.571165e+01 1.580000e+01
      vertex   8.353638e+01 -2.571165e+01 1.860000e+01
      vertex   8.371990e+01 -2.613931e+01 1.580000e+01
    endloop
  endfacet
  facet normal 9.189578e-01 3.943559e-01 -0.000000e+00
    outer loop
      vertex   8.371990e+01 -2.613931e+01 1.580000e+01
      vertex   8.353638e+01 -2.571165e+01 1.860000e+01
      vertex   8.371990e+01 -2.613931e+01 1.860000e+01
    endloop
  endfacet
  facet normal 8.207634e-01 5.712682e-01 -0.000000e+00
    outer loop
      vertex   8.371990e+01 -2.613931e+01 1.580000e+01
      vertex   8.371990e+01 -2.613931e+01 1.860000e+01
      vertex   8.398576e+01 -2.652127e+01 1.580000e+01
    endloop
  endfacet
  facet normal 8.207634e-01 5.712682e-01 -0.000000e+00
    outer loop
      vertex   8.398576e+01 -2.652127e+01 1.580000e+01
      vertex   8.371990e+01 -2.613931e+01 1.860000e+01
      vertex   8.398576e+01 -2.652127e+01 1.860000e+01
    endloop
  endfacet
  facet normal 6.889669e-01 7.247928e-01 -0.000000e+00
    outer loop
      vertex   8.398576e+01 -2.652127e+01 1.580000e+01
      vertex   8.398576e+01 -2.652127e+01 1.860000e+01
      vertex   8.432306e+01 -2.684190e+01 1.580000e+01
    endloop
  endfacet
  facet normal 6.889669e-01 7.247928e-01 -0.000000e+00
    outer loop
      vertex   8.432306e+01 -2.684190e+01 1.580000e+01
      vertex   8.398576e+01 -2.652127e+01 1.860000e+01
      vertex   8.432306e+01 -2.684190e+01 1.860000e+01
    endloop
  endfacet
  facet normal 5.289640e-01 8.486443e-01 -0.000000e+00
    outer loop
      vertex   8.432306e+01 -2.684190e+01 1.580000e+01
      vertex   8.432306e+01 -2.684190e+01 1.860000e+01
      vertex   8.471799e+01 -2.708806e+01 1.580000e+01
    endloop
  endfacet
  facet normal 5.289640e-01 8.486443e-01 -0.000000e+00
    outer loop
      vertex   8.471799e+01 -2.708806e+01 1.580000e+01
      vertex   8.432306e+01 -2.684190e+01 1.860000e+01
      vertex   8.471799e+01 -2.708806e+01 1.860000e+01
    endloop
  endfacet
  facet normal 3.473053e-01 9.377521e-01 -0.000000e+00
    outer loop
      vertex   8.471799e+01 -2.708806e+01 1.580000e+01
      vertex   8.471799e+01 -2.708806e+01 1.860000e+01
      vertex   8.515440e+01 -2.724969e+01 1.580000e+01
    endloop
  endfacet
  facet normal 3.473053e-01 9.377521e-01 -0.000000e+00
    outer loop
      vertex   8.515440e+01 -2.724969e+01 1.580000e+01
      vertex   8.471799e+01 -2.708806e+01 1.860000e+01
      vertex   8.515440e+01 -2.724969e+01 1.860000e+01
    endloop
  endfacet
  facet normal 1.514278e-01 9.884683e-01 -0.000000e+00
    outer loop
      vertex   8.515440e+01 -2.724969e+01 1.580000e+01
      vertex   8.515440e+01 -2.724969e+01 1.860000e+01
      vertex   8.561441e+01 -2.732016e+01 1.580000e+01
    endloop
  endfacet
  facet normal 1.514278e-01 9.884683e-01 -0.000000e+00
    outer loop
      vertex   8.561441e+01 -2.732016e+01 1.580000e+01
      vertex   8.515440e+01 -2.724969e+01 1.860000e+01
      vertex   8.561441e+01 -2.732016e+01 1.860000e+01
    endloop
  endfacet
  facet normal -5.064917e-02 9.987165e-01 0.000000e+00
    outer loop
      vertex   8.561441e+01 -2.732016e+01 1.580000e+01
      vertex   8.561441e+01 -2.732016e+01 1.860000e+01
      vertex   8.607918e+01 -2.729659e+01 1.580000e+01
    endloop
  endfacet
  facet normal -5.064917e-02 9.987165e-01 0.000000e+00
    outer loop
      vertex   8.607918e+01 -2.729659e+01 1.580000e+01
      vertex   8.561441e+01 -2.732016e+01 1.860000e+01
      vertex   8.607918e+01 -2.729659e+01 1.860000e+01
    endloop
  endfacet
  facet normal -2.506525e-01 9.680771e-01 0.000000e+00
    outer loop
      vertex   8.607918e+01 -2.729659e+01 1.580000e+01
      vertex   8.607918e+01 -2.729659e+01 1.860000e+01
      vertex   8.652970e+01 -2.717994e+01 1.580000e+01
    endloop
  endfacet
  facet normal -2.506525e-01 9.680771e-01 0.000000e+00
    outer loop
      vertex   8.652970e+01 -2.717994e+01 1.580000e+01
      vertex   8.607918e+01 -2.729659e+01 1.860000e+01
      vertex   8.652970e+01 -2.717994e+01 1.860000e+01
    endloop
  endfacet
  facet normal -4.403942e-01 8.978045e-01 0.000000e+00
    outer loop
      vertex   8.652970e+01 -2.717994e+01 1.580000e+01
      vertex   8.652970e+01 -2.717994e+01 1.860000e+01
      vertex   8.694752e+01 -2.697500e+01 1.580000e+01
    endloop
  endfacet
  facet normal -4.403942e-01 8.978045e-01 0.000000e+00
    outer loop
      vertex   8.694752e+01 -2.697500e+01 1.580000e+01
      vertex   8.652970e+01 -2.717994e+01 1.860000e+01
      vertex   8.694752e+01 -2.697500e+01 1.860000e+01
    endloop
  endfacet
  facet normal -6.121060e-01 7.907757e-01 0.000000e+00
    outer loop
      vertex   8.694752e+01 -2.697500e+01 1.580000e+01
      vertex   8.694752e+01 -2.697500e+01 1.860000e+01
      vertex   8.731552e+01 -2.669014e+01 1.580000e+01
    endloop
  endfacet
  facet normal -6.121060e-01 7.907757e-01 0.000000e+00
    outer loop
      vertex   8.731552e+01 -2.669014e+01 1.580000e+01
      vertex   8.694752e+01 -2.697500e+01 1.860000e+01
      vertex   8.731552e+01 -2.669014e+01 1.860000e+01
    endloop
  endfacet
  facet normal -7.587581e-01 6.513725e-01 0.000000e+00
    outer loop
      vertex   8.731552e+01 -2.669014e+01 1.580000e+01
      vertex   8.731552e+01 -2.669014e+01 1.860000e+01
      vertex   8.761865e+01 -2.633703e+01 1.580000e+01
    endloop
  endfacet
  facet normal -7.587581e-01 6.513725e-01 0.000000e+00
    outer loop
      vertex   8.761865e+01 -2.633703e+01 1.580000e+01
      vertex   8.731552e+01 -2.669014e+01 1.860000e+01
      vertex   8.761865e+01 -2.633703e+01 1.860000e+01
    endloop
  endfacet
  facet normal -8.743466e-01 4.853020e-01 0.000000e+00
    outer loop
      vertex   8.761865e+01 -2.633703e+01 1.580000e+01
      vertex   8.761865e+01 -2.633703e+01 1.860000e+01
      vertex   8.784450e+01 -2.593013e+01 1.580000e+01
    endloop
  endfacet
  facet normal -8.743466e-01 4.853020e-01 0.000000e+00
    outer loop
      vertex   8.784450e+01 -2.593013e+01 1.580000e+01
      vertex   8.761865e+01 -2.633703e+01 1.860000e+01
      vertex   8.784450e+01 -2.593013e+01 1.860000e+01
    endloop
  endfacet
  facet normal -9.541393e-01 2.993631e-01 0.000000e+00
    outer loop
      vertex   8.784450e+01 -2.593013e+01 1.580000e+01
      vertex   8.784450e+01 -2.593013e+01 1.860000e+01
      vertex   8.798382e+01 -2.548610e+01 1.580000e+01
    endloop
  endfacet
  facet normal -9.541393e-01 2.993631e-01 0.000000e+00
    outer loop
      vertex   8.798382e+01 -2.548610e+01 1.580000e+01
      vertex   8.784450e+01 -2.593013e+01 1.860000e+01
      vertex   8.798382e+01 -2.548610e+01 1.860000e+01
    endloop
  endfacet
  facet normal -9.948693e-01 1.011683e-01 0.000000e+00
    outer loop
      vertex   6.373383e+01 -2.548180e+01 1.580000e+01
      vertex   6.373383e+01 -2.548180e+01 1.860000e+01
      vertex   6.378091e+01 -2.501881e+01 1.580000e+01
    endloop
  endfacet
  facet normal -9.948693e-01 1.011683e-01 0.000000e+00
    outer loop
      vertex   6.378091e+01 -2.501881e+01 1.580000e+01
      vertex   6.373383e+01 -2.548180e+01 1.860000e+01
      vertex   6.378091e+01 -2.501881e+01 1.860000e+01
    endloop
  endfacet
  facet normal -9.948693e-01 -1.011683e-01 0.000000e+00
    outer loop
      vertex   6.378091e+01 -2.501881e+01 1.580000e+01
      vertex   6.378091e+01 -2.501881e+01 1.860000e+01
      vertex   6.373383e+01 -2.455583e+01 1.580000e+01
    endloop
  endfacet
  facet normal -9.948693e-01 -1.011683e-01 0.000000e+00
    outer loop
      vertex   6.373383e+01 -2.455583e+01 1.580000e+01
      vertex   6.378091e+01 -2.501881e+01 1.860000e+01
      vertex   6.373383e+01 -2.455583e+01 1.860000e+01
    endloop
  endfacet
  facet normal -9.541393e-01 -2.993631e-01 0.000000e+00
    outer loop
      vertex   6.373383e+01 -2.455583e+01 1.580000e+01
      vertex   6.373383e+01 -2.455583e+01 1.860000e+01
      vertex   6.359451e+01 -2.411180e+01 1.580000e+01
    endloop
  endfacet
  facet normal -9.541393e-01 -2.993631e-01 0.000000e+00
    outer loop
      vertex   6.359451e+01 -2.411180e+01 1.580000e+01
      vertex   6.373383e+01 -2.455583e+01 1.860000e+01
      vertex   6.359451e+01 -2.411180e+01 1.860000e+01
    endloop
  endfacet
  facet normal -8.743466e-01 -4.853020e-01 0.000000e+00
    outer loop
      vertex   6.359451e+01 -2.411180e+01 1.580000e+01
      vertex   6.359451e+01 -2.411180e+01 1.860000e+01
      vertex   6.336867e+01 -2.370490e+01 1.580000e+01
    endloop
  endfacet
  facet normal -8.743466e-01 -4.853020e-01 0.000000e+00
    outer loop
      vertex   6.336867e+01 -2.370490e+01 1.580000e+01
      vertex   6.359451e+01 -2.411180e+01 1.860000e+01
      vertex   6.336867e+01 -2.370490e+01 1.860000e+01
    endloop
  endfacet
  facet normal -7.587581e-01 -6.513725e-01 0.000000e+00
    outer loop
      vertex   6.336867e+01 -2.370490e+01 1.580000e+01
      vertex   6.336867e+01 -2.370490e+01 1.860000e+01
      vertex   6.306553e+01 -2.335179e+01 1.580000e+01
    endloop
  endfacet
  facet normal -7.587581e-01 -6.513725e-01 0.000000e+00
    outer loop
      vertex   6.306553e+01 -2.335179e+01 1.580000e+01
      vertex   6.336867e+01 -2.370490e+01 1.860000e+01
      vertex   6.306553e+01 -2.335179e+01 1.860000e+01
    endloop
  endfacet
  facet normal -6.121060e-01 -7.907757e-01 0.000000e+00
    outer loop
      vertex   6.306553e+01 -2.335179e+01 1.580000e+01
      vertex   6.306553e+01 -2.335179e+01 1.860000e+01
      vertex   6.269753e+01 -2.306693e+01 1.580000e+01
    endloop
  endfacet
  facet normal -6.121060e-01 -7.907757e-01 0.000000e+00
    outer loop
      vertex   6.269753e+01 -2.306693e+01 1.580000e+01
      vertex   6.306553e+01 -2.335179e+01 1.860000e+01
      vertex   6.269753e+01 -2.306693e+01 1.860000e+01
    endloop
  endfacet
  facet normal -4.403942e-01 -8.978045e-01 0.000000e+00
    outer loop
      vertex   6.269753e+01 -2.306693e+01 1.580000e+01
      vertex   6.269753e+01 -2.306693e+01 1.860000e+01
      vertex   6.227971e+01 -2.286198e+01 1.580000e+01
    endloop
  endfacet
  facet normal -4.403942e-01 -8.978045e-01 0.000000e+00
    outer loop
      vertex   6.227971e+01 -2.286198e+01 1.580000e+01
      vertex   6.269753e+01 -2.306693e+01 1.860000e+01
      vertex   6.227971e+01 -2.286198e+01 1.860000e+01
    endloop
  endfacet
  facet normal -2.506525e-01 -9.680771e-01 0.000000e+00
    outer loop
      vertex   6.227971e+01 -2.286198e+01 1.580000e+01
      vertex   6.227971e+01 -2.286198e+01 1.860000e+01
      vertex   6.182919e+01 -2.274534e+01 1.580000e+01
    endloop
  endfacet
  facet normal -2.506525e-01 -9.680771e-01 0.000000e+00
    outer loop
      vertex   6.182919e+01 -2.274534e+01 1.580000e+01
      vertex   6.227971e+01 -2.286198e+01 1.860000e+01
      vertex   6.182919e+01 -2.274534e+01 1.860000e+01
    endloop
  endfacet
  facet normal -5.064917e-02 -9.987165e-01 0.000000e+00
    outer loop
      vertex   6.182919e+01 -2.274534e+01 1.580000e+01
      vertex   6.182919e+01 -2.274534e+01 1.860000e+01
      vertex   6.136442e+01 -2.272177e+01 1.580000e+01
    endloop
  endfacet
  facet normal -5.064917e-02 -9.987165e-01 0.000000e+00
    outer loop
      vertex   6.136442e+01 -2.272177e+01 1.580000e+01
      vertex   6.182919e+01 -2.274534e+01 1.860000e+01
      vertex   6.136442e+01 -2.272177e+01 1.860000e+01
    endloop
  endfacet
  facet normal 1.514278e-01 -9.884683e-01 0.000000e+00
    outer loop
      vertex   6.136442e+01 -2.272177e+01 1.580000e+01
      vertex   6.136442e+01 -2.272177e+01 1.860000e+01
      vertex   6.090441e+01 -2.279224e+01 1.580000e+01
    endloop
  endfacet
  facet normal 1.514278e-01 -9.884683e-01 0.000000e+00
    outer loop
      vertex   6.090441e+01 -2.279224e+01 1.580000e+01
      vertex   6.136442e+01 -2.272177e+01 1.860000e+01
      vertex   6.090441e+01 -2.279224e+01 1.860000e+01
    endloop
  endfacet
  facet normal 3.473053e-01 -9.377521e-01 0.000000e+00
    outer loop
      vertex   6.090441e+01 -2.279224e+01 1.580000e+01
      vertex   6.090441e+01 -2.279224e+01 1.860000e+01
      vertex   6.046800e+01 -2.295386e+01 1.580000e+01
    endloop
  endfacet
  facet normal 3.473053e-01 -9.377521e-01 -1.762680e-15
    outer loop
      vertex   6.046800e+01 -2.295386e+01 1.580000e+01
      vertex   6.090441e+01 -2.279224e+01 1.860000e+01
      vertex   6.046800e+01 -2.295386e+01 1.860000e+01
    endloop
  endfacet
  facet normal 5.289640e-01 -8.486443e-01 -2.684654e-15
    outer loop
      vertex   6.046800e+01 -2.295386e+01 1.580000e+01
      vertex   6.046800e+01 -2.295386e+01 1.860000e+01
      vertex   6.007307e+01 -2.320003e+01 1.580000e+01
    endloop
  endfacet
  facet normal 5.289640e-01 -8.486443e-01 0.000000e+00
    outer loop
      vertex   6.007307e+01 -2.320003e+01 1.580000e+01
      vertex   6.046800e+01 -2.295386e+01 1.860000e+01
      vertex   6.007307e+01 -2.320003e+01 1.860000e+01
    endloop
  endfacet
  facet normal 6.889669e-01 -7.247928e-01 0.000000e+00
    outer loop
      vertex   6.007307e+01 -2.320003e+01 1.580000e+01
      vertex   6.007307e+01 -2.320003e+01 1.860000e+01
      vertex   5.973577e+01 -2.352066e+01 1.580000e+01
    endloop
  endfacet
  facet normal 6.889669e-01 -7.247928e-01 0.000000e+00
    outer loop
      vertex   5.973577e+01 -2.352066e+01 1.580000e+01
      vertex   6.007307e+01 -2.320003e+01 1.860000e+01
      vertex   5.973577e+01 -2.352066e+01 1.860000e+01
    endloop
  endfacet
  facet normal 8.207634e-01 -5.712682e-01 0.000000e+00
    outer loop
      vertex   5.973577e+01 -2.352066e+01 1.580000e+01
      vertex   5.973577e+01 -2.352066e+01 1.860000e+01
      vertex   5.946991e+01 -2.390262e+01 1.580000e+01
    endloop
  endfacet
  facet normal 8.207634e-01 -5.712682e-01 0.000000e+00
    outer loop
      vertex   5.946991e+01 -2.390262e+01 1.580000e+01
      vertex   5.973577e+01 -2.352066e+01 1.860000e+01
      vertex   5.946991e+01 -2.390262e+01 1.860000e+01
    endloop
  endfacet
  facet normal 9.189578e-01 -3.943559e-01 0.000000e+00
    outer loop
      vertex   5.946991e+01 -2.390262e+01 1.580000e+01
      vertex   5.946991e+01 -2.390262e+01 1.860000e+01
      vertex   5.928639e+01 -2.433028e+01 1.580000e+01
    endloop
  endfacet
  facet normal 9.189578e-01 -3.943559e-01 0.000000e+00
    outer loop
      vertex   5.928639e+01 -2.433028e+01 1.580000e+01
      vertex   5.946991e+01 -2.390262e+01 1.860000e+01
      vertex   5.928639e+01 -2.433028e+01 1.860000e+01
    endloop
  endfacet
  facet normal 9.795299e-01 -2.012985e-01 0.000000e+00
    outer loop
      vertex   5.928639e+01 -2.433028e+01 1.580000e+01
      vertex   5.928639e+01 -2.433028e+01 1.860000e+01
      vertex   5.919271e+01 -2.478613e+01 1.580000e+01
    endloop
  endfacet
  facet normal 9.795299e-01 -2.012985e-01 0.000000e+00
    outer loop
      vertex   5.919271e+01 -2.478613e+01 1.580000e+01
      vertex   5.928639e+01 -2.433028e+01 1.860000e+01
      vertex   5.919271e+01 -2.478613e+01 1.860000e+01
    endloop
  endfacet
  facet normal 1.000000e+00 0.000000e+00 -0.000000e+00
    outer loop
      vertex   5.919271e+01 -2.478613e+01 1.580000e+01
      vertex   5.919271e+01 -2.478613e+01 1.860000e+01
      vertex   5.919271e+01 -2.525150e+01 1.580000e+01
    endloop
  endfacet
  facet normal 1.000000e+00 0.000000e+00 0.000000e+00
    outer loop
      vertex   5.919271e+01 -2.525150e+01 1.580000e+01
      vertex   5.919271e+01 -2.478613e+01 1.860000e+01
      vertex   5.919271e+01 -2.525150e+01 1.860000e+01
    endloop
  endfacet
  facet normal 9.795299e-01 2.012985e-01 -0.000000e+00
    outer loop
      vertex   5.919271e+01 -2.525150e+01 1.580000e+01
      vertex   5.919271e+01 -2.525150e+01 1.860000e+01
      vertex   5.928639e+01 -2.570735e+01 1.580000e+01
    endloop
  endfacet
  facet normal 9.795299e-01 2.012985e-01 -0.000000e+00
    outer loop
      vertex   5.928639e+01 -2.570735e+01 1.580000e+01
      vertex   5.919271e+01 -2.525150e+01 1.860000e+01
      vertex   5.928639e+01 -2.570735e+01 1.860000e+01
    endloop
  endfacet
  facet normal 9.189578e-01 3.943559e-01 -0.000000e+00
    outer loop
      vertex   5.928639e+01 -2.570735e+01 1.580000e+01
      vertex   5.928639e+01 -2.570735e+01 1.860000e+01
      vertex   5.946991e+01 -2.613501e+01 1.580000e+01
    endloop
  endfacet
  facet normal 9.189578e-01 3.943559e-01 -0.000000e+00
    outer loop
      vertex   5.946991e+01 -2.613501e+01 1.580000e+01
      vertex   5.928639e+01 -2.570735e+01 1.860000e+01
      vertex   5.946991e+01 -2.613501e+01 1.860000e+01
    endloop
  endfacet
  facet normal 8.207634e-01 5.712682e-01 -0.000000e+00
    outer loop
      vertex   5.946991e+01 -2.613501e+01 1.580000e+01
      vertex   5.946991e+01 -2.613501e+01 1.860000e+01
      vertex   5.973577e+01 -2.651697e+01 1.580000e+01
    endloop
  endfacet
  facet normal 8.207634e-01 5.712682e-01 -0.000000e+00
    outer loop
      vertex   5.973577e+01 -2.651697e+01 1.580000e+01
      vertex   5.946991e+01 -2.613501e+01 1.860000e+01
      vertex   5.973577e+01 -2.651697e+01 1.860000e+01
    endloop
  endfacet
  facet normal 6.889669e-01 7.247928e-01 -0.000000e+00
    outer loop
      vertex   5.973577e+01 -2.651697e+01 1.580000e+01
      vertex   5.973577e+01 -2.651697e+01 1.860000e+01
      vertex   6.007307e+01 -2.683760e+01 1.580000e+01
    endloop
  endfacet
  facet normal 6.889669e-01 7.247928e-01 -0.000000e+00
    outer loop
      vertex   6.007307e+01 -2.683760e+01 1.580000e+01
      vertex   5.973577e+01 -2.651697e+01 1.860000e+01
      vertex   6.007307e+01 -2.683760e+01 1.860000e+01
    endloop
  endfacet
  facet normal 5.289640e-01 8.486443e-01 -0.000000e+00
    outer loop
      vertex   6.007307e+01 -2.683760e+01 1.580000e+01
      vertex   6.007307e+01 -2.683760e+01 1.860000e+01
      vertex   6.046800e+01 -2.708376e+01 1.580000e+01
    endloop
  endfacet
  facet normal 5.289640e-01 8.486443e-01 2.684654e-15
    outer loop
      vertex   6.046800e+01 -2.708376e+01 1.580000e+01
      vertex   6.007307e+01 -2.683760e+01 1.860000e+01
      vertex   6.046800e+01 -2.708376e+01 1.860000e+01
    endloop
  endfacet
  facet normal 3.473053e-01 9.377521e-01 1.762680e-15
    outer loop
      vertex   6.046800e+01 -2.708376e+01 1.580000e+01
      vertex   6.046800e+01 -2.708376e+01 1.860000e+01
      vertex   6.090441e+01 -2.724539e+01 1.580000e+01
    endloop
  endfacet
  facet normal 3.473053e-01 9.377521e-01 -0.000000e+00
    outer loop
      vertex   6.090441e+01 -2.724539e+01 1.580000e+01
      vertex   6.046800e+01 -2.708376e+01 1.860000e+01
      vertex   6.090441e+01 -2.724539e+01 1.860000e+01
    endloop
  endfacet
  facet normal 1.514278e-01 9.884683e-01 -0.000000e+00
    outer loop
      vertex   6.090441e+01 -2.724539e+01 1.580000e+01
      vertex   6.090441e+01 -2.724539e+01 1.860000e+01
      vertex   6.136442e+01 -2.731586e+01 1.580000e+01
    endloop
  endfacet
  facet normal 1.514278e-01 9.884683e-01 -0.000000e+00
    outer loop
      vertex   6.136442e+01 -2.731586e+01 1.580000e+01
      vertex   6.090441e+01 -2.724539e+01 1.860000e+01
      vertex   6.136442e+01 -2.731586e+01 1.860000e+01
    endloop
  endfacet
  facet normal -5.064917e-02 9.987165e-01 0.000000e+00
    outer loop
      vertex   6.136442e+01 -2.731586e+01 1.580000e+01
      vertex   6.136442e+01 -2.731586e+01 1.860000e+01
      vertex   6.182919e+01 -2.729229e+01 1.580000e+01
    endloop
  endfacet
  facet normal -5.064917e-02 9.987165e-01 0.000000e+00
    outer loop
      vertex   6.182919e+01 -2.729229e+01 1.580000e+01
      vertex   6.136442e+01 -2.731586e+01 1.860000e+01
      vertex   6.182919e+01 -2.729229e+01 1.860000e+01
    endloop
  endfacet
  facet normal -2.506525e-01 9.680771e-01 0.000000e+00
    outer loop
      vertex   6.182919e+01 -2.729229e+01 1.580000e+01
      vertex   6.182919e+01 -2.729229e+01 1.860000e+01
      vertex   6.227971e+01 -2.717564e+01 1.580000e+01
    endloop
  endfacet
  facet normal -2.506525e-01 9.680771e-01 0.000000e+00
    outer loop
      vertex   6.227971e+01 -2.717564e+01 1.580000e+01
      vertex   6.182919e+01 -2.729229e+01 1.860000e+01
      vertex   6.227971e+01 -2.717564e+01 1.860000e+01
    endloop
  endfacet
  facet normal -4.403942e-01 8.978045e-01 0.000000e+00
    outer loop
      vertex   6.227971e+01 -2.717564e+01 1.580000e+01
      vertex   6.227971e+01 -2.717564e+01 1.860000e+01
      vertex   6.269753e+01 -2.697070e+01 1.580000e+01
    endloop
  endfacet
  facet normal -4.403942e-01 8.978045e-01 0.000000e+00
    outer loop
      vertex   6.269753e+01 -2.697070e+01 1.580000e+01
      vertex   6.227971e+01 -2.717564e+01 1.860000e+01
      vertex   6.269753e+01 -2.697070e+01 1.860000e+01
    endloop
  endfacet
  facet normal -6.121060e-01 7.907757e-01 0.000000e+00
    outer loop
      vertex   6.269753e+01 -2.697070e+01 1.580000e+01
      vertex   6.269753e+01 -2.697070e+01 1.860000e+01
      vertex   6.306553e+01 -2.668584e+01 1.580000e+01
    endloop
  endfacet
  facet normal -6.121060e-01 7.907757e-01 0.000000e+00
    outer loop
      vertex   6.306553e+01 -2.668584e+01 1.580000e+01
      vertex   6.269753e+01 -2.697070e+01 1.860000e+01
      vertex   6.306553e+01 -2.668584e+01 1.860000e+01
    endloop
  endfacet
  facet normal -7.587581e-01 6.513725e-01 0.000000e+00
    outer loop
      vertex   6.306553e+01 -2.668584e+01 1.580000e+01
      vertex   6.306553e+01 -2.668584e+01 1.860000e+01
      vertex   6.336867e+01 -2.633273e+01 1.580000e+01
    endloop
  endfacet
  facet normal -7.587581e-01 6.513725e-01 0.000000e+00
    outer loop
      vertex   6.336867e+01 -2.633273e+01 1.580000e+01
      vertex   6.306553e+01 -2.668584e+01 1.860000e+01
      vertex   6.336867e+01 -2.633273e+01 1.860000e+01
    endloop
  endfacet
  facet normal -8.743466e-01 4.853020e-01 0.000000e+00
    outer loop
      vertex   6.336867e+01 -2.633273e+01 1.580000e+01
      vertex   6.336867e+01 -2.633273e+01 1.860000e+01
      vertex   6.359451e+01 -2.592583e+01 1.580000e+01
    endloop
  endfacet
  facet normal -8.743466e-01 4.853020e-01 0.000000e+00
    outer loop
      vertex   6.359451e+01 -2.592583e+01 1.580000e+01
      vertex   6.336867e+01 -2.633273e+01 1.860000e+01
      vertex   6.359451e+01 -2.592583e+01 1.860000e+01
    endloop
  endfacet
  facet normal -9.541393e-01 2.993631e-01 0.000000e+00
    outer loop
      vertex   6.359451e+01 -2.592583e+01 1.580000e+01
      vertex   6.359451e+01 -2.592583e+01 1.860000e+01
      vertex   6.373383e+01 -2.548180e+01 1.580000e+01
    endloop
  endfacet
  facet normal -9.541393e-01 2.993631e-01 0.000000e+00
    outer loop
      vertex   6.373383e+01 -2.548180e+01 1.580000e+01
      vertex   6.359451e+01 -2.592583e+01 1.860000e+01
      vertex   6.373383e+01 -2.548180e+01 1.860000e+01
    endloop
  endfacet
  facet normal -9.948693e-01 1.011683e-01 0.000000e+00
    outer loop
      vertex   6.374128e+01 1.652041e+01 1.580000e+01
      vertex   6.374128e+01 1.652041e+01 1.860000e+01
      vertex   6.378836e+01 1.698340e+01 1.580000e+01
    endloop
  endfacet
  facet normal -9.948693e-01 1.011683e-01 0.000000e+00
    outer loop
      vertex   6.378836e+01 1.698340e+01 1.580000e+01
      vertex   6.374128e+01 1.652041e+01 1.860000e+01
      vertex   6.378836e+01 1.698340e+01 1.860000e+01
    endloop
  endfacet
  facet normal -9.948693e-01 -1.011683e-01 0.000000e+00
    outer loop
      vertex   6.378836e+01 1.698340e+01 1.580000e+01
      vertex   6.378836e+01 1.698340e+01 1.860000e+01
      vertex   6.374128e+01 1.744638e+01 1.580000e+01
    endloop
  endfacet
  facet normal -9.948693e-01 -1.011683e-01 0.000000e+00
    outer loop
      vertex   6.374128e+01 1.744638e+01 1.580000e+01
      vertex   6.378836e+01 1.698340e+01 1.860000e+01
      vertex   6.374128e+01 1.744638e+01 1.860000e+01
    endloop
  endfacet
  facet normal -9.541393e-01 -2.993631e-01 0.000000e+00
    outer loop
      vertex   6.374128e+01 1.744638e+01 1.580000e+01
      vertex   6.374128e+01 1.744638e+01 1.860000e+01
      vertex   6.360196e+01 1.789042e+01 1.580000e+01
    endloop
  endfacet
  facet normal -9.541393e-01 -2.993631e-01 0.000000e+00
    outer loop
      vertex   6.360196e+01 1.789042e+01 1.580000e+01
      vertex   6.374128e+01 1.744638e+01 1.860000e+01
      vertex   6.360196e+01 1.789042e+01 1.860000e+01
    endloop
  endfacet
  facet normal -8.743466e-01 -4.853020e-01 0.000000e+00
    outer loop
      vertex   6.360196e+01 1.789042e+01 1.580000e+01
      vertex   6.360196e+01 1.789042e+01 1.860000e+01
      vertex   6.337611e+01 1.829731e+01 1.580000e+01
    endloop
  endfacet
  facet normal -8.743466e-01 -4.853020e-01 0.000000e+00
    outer loop
      vertex   6.337611e+01 1.829731e+01 1.580000e+01
      vertex   6.360196e+01 1.789042e+01 1.860000e+01
      vertex   6.337611e+01 1.829731e+01 1.860000e+01
    endloop
  endfacet
  facet normal -7.587581e-01 -6.513725e-01 0.000000e+00
    outer loop
      vertex   6.337611e+01 1.829731e+01 1.580000e+01
      vertex   6.337611e+01 1.829731e+01 1.860000e+01
      vertex   6.307298e+01 1.865042e+01 1.580000e+01
    endloop
  endfacet
  facet normal -7.587581e-01 -6.513725e-01 0.000000e+00
    outer loop
      vertex   6.307298e+01 1.865042e+01 1.580000e+01
      vertex   6.337611e+01 1.829731e+01 1.860000e+01
      vertex   6.307298e+01 1.865042e+01 1.860000e+01
    endloop
  endfacet
  facet normal -6.121060e-01 -7.907757e-01 0.000000e+00
    outer loop
      vertex   6.307298e+01 1.865042e+01 1.580000e+01
      vertex   6.307298e+01 1.865042e+01 1.860000e+01
      vertex   6.270497e+01 1.893528e+01 1.580000e+01
    endloop
  endfacet
  facet normal -6.121060e-01 -7.907757e-01 0.000000e+00
    outer loop
      vertex   6.270497e+01 1.893528e+01 1.580000e+01
      vertex   6.307298e+01 1.865042e+01 1.860000e+01
      vertex   6.270497e+01 1.893528e+01 1.860000e+01
    endloop
  endfacet
  facet normal -4.403942e-01 -8.978045e-01 0.000000e+00
    outer loop
      vertex   6.270497e+01 1.893528e+01 1.580000e+01
      vertex   6.270497e+01 1.893528e+01 1.860000e+01
      vertex   6.228716e+01 1.914023e+01 1.580000e+01
    endloop
  endfacet
  facet normal -4.403942e-01 -8.978045e-01 0.000000e+00
    outer loop
      vertex   6.228716e+01 1.914023e+01 1.580000e+01
      vertex   6.270497e+01 1.893528e+01 1.860000e+01
      vertex   6.228716e+01 1.914023e+01 1.860000e+01
    endloop
  endfacet
  facet normal -2.506525e-01 -9.680771e-01 0.000000e+00
    outer loop
      vertex   6.228716e+01 1.914023e+01 1.580000e+01
      vertex   6.228716e+01 1.914023e+01 1.860000e+01
      vertex   6.183664e+01 1.925688e+01 1.580000e+01
    endloop
  endfacet
  facet normal -2.506525e-01 -9.680771e-01 0.000000e+00
    outer loop
      vertex   6.183664e+01 1.925688e+01 1.580000e+01
      vertex   6.228716e+01 1.914023e+01 1.860000e+01
      vertex   6.183664e+01 1.925688e+01 1.860000e+01
    endloop
  endfacet
  facet normal -5.064917e-02 -9.987165e-01 0.000000e+00
    outer loop
      vertex   6.183664e+01 1.925688e+01 1.580000e+01
      vertex   6.183664e+01 1.925688e+01 1.860000e+01
      vertex   6.137186e+01 1.928045e+01 1.580000e+01
    endloop
  endfacet
  facet normal -5.064917e-02 -9.987165e-01 0.000000e+00
    outer loop
      vertex   6.137186e+01 1.928045e+01 1.580000e+01
      vertex   6.183664e+01 1.925688e+01 1.860000e+01
      vertex   6.137186e+01 1.928045e+01 1.860000e+01
    endloop
  endfacet
  facet normal 1.514278e-01 -9.884683e-01 0.000000e+00
    outer loop
      vertex   6.137186e+01 1.928045e+01 1.580000e+01
      vertex   6.137186e+01 1.928045e+01 1.860000e+01
      vertex   6.091186e+01 1.920998e+01 1.580000e+01
    endloop
  endfacet
  facet normal 1.514278e-01 -9.884683e-01 0.000000e+00
    outer loop
      vertex   6.091186e+01 1.920998e+01 1.580000e+01
      vertex   6.137186e+01 1.928045e+01 1.860000e+01
      vertex   6.091186e+01 1.920998e+01 1.860000e+01
    endloop
  endfacet
  facet normal 3.473053e-01 -9.377521e-01 0.000000e+00
    outer loop
      vertex   6.091186e+01 1.920998e+01 1.580000e+01
      vertex   6.091186e+01 1.920998e+01 1.860000e+01
      vertex   6.047545e+01 1.904835e+01 1.580000e+01
    endloop
  endfacet
  facet normal 3.473053e-01 -9.377521e-01 -5.728356e-16
    outer loop
      vertex   6.047545e+01 1.904835e+01 1.580000e+01
      vertex   6.091186e+01 1.920998e+01 1.860000e+01
      vertex   6.047545e+01 1.904835e+01 1.860000e+01
    endloop
  endfacet
  facet normal 5.289640e-01 -8.486443e-01 -1.607872e-15
    outer loop
      vertex   6.047545e+01 1.904835e+01 1.580000e+01
      vertex   6.047545e+01 1.904835e+01 1.860000e+01
      vertex   6.008051e+01 1.880218e+01 1.580000e+01
    endloop
  endfacet
  facet normal 5.289640e-01 -8.486443e-01 0.000000e+00
    outer loop
      vertex   6.008051e+01 1.880218e+01 1.580000e+01
      vertex   6.047545e+01 1.904835e+01 1.860000e+01
      vertex   6.008051e+01 1.880218e+01 1.860000e+01
    endloop
  endfacet
  facet normal 6.889669e-01 -7.247928e-01 0.000000e+00
    outer loop
      vertex   6.008051e+01 1.880218e+01 1.580000e+01
      vertex   6.008051e+01 1.880218e+01 1.860000e+01
      vertex   5.974321e+01 1.848155e+01 1.580000e+01
    endloop
  endfacet
  facet normal 6.889669e-01 -7.247928e-01 0.000000e+00
    outer loop
      vertex   5.974321e+01 1.848155e+01 1.580000e+01
      vertex   6.008051e+01 1.880218e+01 1.860000e+01
      vertex   5.974321e+01 1.848155e+01 1.860000e+01
    endloop
  endfacet
  facet normal 8.207634e-01 -5.712682e-01 0.000000e+00
    outer loop
      vertex   5.974321e+01 1.848155e+01 1.580000e+01
      vertex   5.974321e+01 1.848155e+01 1.860000e+01
      vertex   5.947736e+01 1.809959e+01 1.580000e+01
    endloop
  endfacet
  facet normal 8.207634e-01 -5.712682e-01 0.000000e+00
    outer loop
      vertex   5.947736e+01 1.809959e+01 1.580000e+01
      vertex   5.974321e+01 1.848155e+01 1.860000e+01
      vertex   5.947736e+01 1.809959e+01 1.860000e+01
    endloop
  endfacet
  facet normal 9.189578e-01 -3.943559e-01 0.000000e+00
    outer loop
      vertex   5.947736e+01 1.809959e+01 1.580000e+01
      vertex   5.947736e+01 1.809959e+01 1.860000e+01
      vertex   5.929384e+01 1.767193e+01 1.580000e+01
    endloop
  endfacet
  facet normal 9.189578e-01 -3.943559e-01 0.000000e+00
    outer loop
      vertex   5.929384e+01 1.767193e+01 1.580000e+01
      vertex   5.947736e+01 1.809959e+01 1.860000e+01
      vertex   5.929384e+01 1.767193e+01 1.860000e+01
    endloop
  endfacet
  facet normal 9.795299e-01 -2.012985e-01 0.000000e+00
    outer loop
      vertex   5.929384e+01 1.767193e+01 1.580000e+01
      vertex   5.929384e+01 1.767193e+01 1.860000e+01
      vertex   5.920016e+01 1.721609e+01 1.580000e+01
    endloop
  endfacet
  facet normal 9.795299e-01 -2.012985e-01 0.000000e+00
    outer loop
      vertex   5.920016e+01 1.721609e+01 1.580000e+01
      vertex   5.929384e+01 1.767193e+01 1.860000e+01
      vertex   5.920016e+01 1.721609e+01 1.860000e+01
    endloop
  endfacet
  facet normal 1.000000e+00 0.000000e+00 -0.000000e+00
    outer loop
      vertex   5.920016e+01 1.721609e+01 1.580000e+01
      vertex   5.920016e+01 1.721609e+01 1.860000e+01
      vertex   5.920016e+01 1.675071e+01 1.580000e+01
    endloop
  endfacet
  facet normal 1.000000e+00 0.000000e+00 0.000000e+00
    outer loop
      vertex   5.920016e+01 1.675071e+01 1.580000e+01
      vertex   5.920016e+01 1.721609e+01 1.860000e+01
      vertex   5.920016e+01 1.675071e+01 1.860000e+01
    endloop
  endfacet
  facet normal 9.795299e-01 2.012985e-01 -0.000000e+00
    outer loop
      vertex   5.920016e+01 1.675071e+01 1.580000e+01
      vertex   5.920016e+01 1.675071e+01 1.860000e+01
      vertex   5.929384e+01 1.629486e+01 1.580000e+01
    endloop
  endfacet
  facet normal 9.795299e-01 2.012985e-01 -0.000000e+00
    outer loop
      vertex   5.929384e+01 1.629486e+01 1.580000e+01
      vertex   5.920016e+01 1.675071e+01 1.860000e+01
      vertex   5.929384e+01 1.629486e+01 1.860000e+01
    endloop
  endfacet
  facet normal 9.189578e-01 3.943559e-01 -0.000000e+00
    outer loop
      vertex   5.929384e+01 1.629486e+01 1.580000e+01
      vertex   5.929384e+01 1.629486e+01 1.860000e+01
      vertex   5.947736e+01 1.586720e+01 1.580000e+01
    endloop
  endfacet
  facet normal 9.189578e-01 3.943559e-01 -0.000000e+00
    outer loop
      vertex   5.947736e+01 1.586720e+01 1.580000e+01
      vertex   5.929384e+01 1.629486e+01 1.860000e+01
      vertex   5.947736e+01 1.586720e+01 1.860000e+01
    endloop
  endfacet
  facet normal 8.207634e-01 5.712682e-01 -0.000000e+00
    outer loop
      vertex   5.947736e+01 1.586720e+01 1.580000e+01
      vertex   5.947736e+01 1.586720e+01 1.860000e+01
      vertex   5.974321e+01 1.548524e+01 1.580000e+01
    endloop
  endfacet
  facet normal 8.207634e-01 5.712682e-01 -0.000000e+00
    outer loop
      vertex   5.974321e+01 1.548524e+01 1.580000e+01
      vertex   5.947736e+01 1.586720e+01 1.860000e+01
      vertex   5.974321e+01 1.548524e+01 1.860000e+01
    endloop
  endfacet
  facet normal 6.889669e-01 7.247928e-01 -0.000000e+00
    outer loop
      vertex   5.974321e+01 1.548524e+01 1.580000e+01
      vertex   5.974321e+01 1.548524e+01 1.860000e+01
      vertex   6.008051e+01 1.516461e+01 1.580000e+01
    endloop
  endfacet
  facet normal 6.889669e-01 7.247928e-01 -0.000000e+00
    outer loop
      vertex   6.008051e+01 1.516461e+01 1.580000e+01
      vertex   5.974321e+01 1.548524e+01 1.860000e+01
      vertex   6.008051e+01 1.516461e+01 1.860000e+01
    endloop
  endfacet
  facet normal 5.289640e-01 8.486443e-01 -0.000000e+00
    outer loop
      vertex   6.008051e+01 1.516461e+01 1.580000e+01
      vertex   6.008051e+01 1.516461e+01 1.860000e+01
      vertex   6.047545e+01 1.491845e+01 1.580000e+01
    endloop
  endfacet
  facet normal 5.289640e-01 8.486443e-01 2.146263e-15
    outer loop
      vertex   6.047545e+01 1.491845e+01 1.580000e+01
      vertex   6.008051e+01 1.516461e+01 1.860000e+01
      vertex   6.047545e+01 1.491845e+01 1.860000e+01
    endloop
  endfacet
  facet normal 3.473053e-01 9.377521e-01 1.167758e-15
    outer loop
      vertex   6.047545e+01 1.491845e+01 1.580000e+01
      vertex   6.047545e+01 1.491845e+01 1.860000e+01
      vertex   6.091186e+01 1.475682e+01 1.580000e+01
    endloop
  endfacet
  facet normal 3.473053e-01 9.377521e-01 -0.000000e+00
    outer loop
      vertex   6.091186e+01 1.475682e+01 1.580000e+01
      vertex   6.047545e+01 1.491845e+01 1.860000e+01
      vertex   6.091186e+01 1.475682e+01 1.860000e+01
    endloop
  endfacet
  facet normal 1.514278e-01 9.884683e-01 -0.000000e+00
    outer loop
      vertex   6.091186e+01 1.475682e+01 1.580000e+01
      vertex   6.091186e+01 1.475682e+01 1.860000e+01
      vertex   6.137186e+01 1.468635e+01 1.580000e+01
    endloop
  endfacet
  facet normal 1.514278e-01 9.884683e-01 -0.000000e+00
    outer loop
      vertex   6.137186e+01 1.468635e+01 1.580000e+01
      vertex   6.091186e+01 1.475682e+01 1.860000e+01
      vertex   6.137186e+01 1.468635e+01 1.860000e+01
    endloop
  endfacet
  facet normal -5.064917e-02 9.987165e-01 0.000000e+00
    outer loop
      vertex   6.137186e+01 1.468635e+01 1.580000e+01
      vertex   6.137186e+01 1.468635e+01 1.860000e+01
      vertex   6.183664e+01 1.470992e+01 1.580000e+01
    endloop
  endfacet
  facet normal -5.064917e-02 9.987165e-01 0.000000e+00
    outer loop
      vertex   6.183664e+01 1.470992e+01 1.580000e+01
      vertex   6.137186e+01 1.468635e+01 1.860000e+01
      vertex   6.183664e+01 1.470992e+01 1.860000e+01
    endloop
  endfacet
  facet normal -2.506525e-01 9.680771e-01 0.000000e+00
    outer loop
      vertex   6.183664e+01 1.470992e+01 1.580000e+01
      vertex   6.183664e+01 1.470992e+01 1.860000e+01
      vertex   6.228716e+01 1.482657e+01 1.580000e+01
    endloop
  endfacet
  facet normal -2.506525e-01 9.680771e-01 0.000000e+00
    outer loop
      vertex   6.228716e+01 1.482657e+01 1.580000e+01
      vertex   6.183664e+01 1.470992e+01 1.860000e+01
      vertex   6.228716e+01 1.482657e+01 1.860000e+01
    endloop
  endfacet
  facet normal -4.403942e-01 8.978045e-01 0.000000e+00
    outer loop
      vertex   6.228716e+01 1.482657e+01 1.580000e+01
      vertex   6.228716e+01 1.482657e+01 1.860000e+01
      vertex   6.270497e+01 1.503152e+01 1.580000e+01
    endloop
  endfacet
  facet normal -4.403942e-01 8.978045e-01 0.000000e+00
    outer loop
      vertex   6.270497e+01 1.503152e+01 1.580000e+01
      vertex   6.228716e+01 1.482657e+01 1.860000e+01
      vertex   6.270497e+01 1.503152e+01 1.860000e+01
    endloop
  endfacet
  facet normal -6.121060e-01 7.907757e-01 0.000000e+00
    outer loop
      vertex   6.270497e+01 1.503152e+01 1.580000e+01
      vertex   6.270497e+01 1.503152e+01 1.860000e+01
      vertex   6.307298e+01 1.531637e+01 1.580000e+01
    endloop
  endfacet
  facet normal -6.121060e-01 7.907757e-01 0.000000e+00
    outer loop
      vertex   6.307298e+01 1.531637e+01 1.580000e+01
      vertex   6.270497e+01 1.503152e+01 1.860000e+01
      vertex   6.307298e+01 1.531637e+01 1.860000e+01
    endloop
  endfacet
  facet normal -7.587581e-01 6.513725e-01 0.000000e+00
    outer loop
      vertex   6.307298e+01 1.531637e+01 1.580000e+01
      vertex   6.307298e+01 1.531637e+01 1.860000e+01
      vertex   6.337611e+01 1.566948e+01 1.580000e+01
    endloop
  endfacet
  facet normal -7.587581e-01 6.513725e-01 0.000000e+00
    outer loop
      vertex   6.337611e+01 1.566948e+01 1.580000e+01
      vertex   6.307298e+01 1.531637e+01 1.860000e+01
      vertex   6.337611e+01 1.566948e+01 1.860000e+01
    endloop
  endfacet
  facet normal -8.743466e-01 4.853020e-01 0.000000e+00
    outer loop
      vertex   6.337611e+01 1.566948e+01 1.580000e+01
      vertex   6.337611e+01 1.566948e+01 1.860000e+01
      vertex   6.360196e+01 1.607638e+01 1.580000e+01
    endloop
  endfacet
  facet normal -8.743466e-01 4.853020e-01 0.000000e+00
    outer loop
      vertex   6.360196e+01 1.607638e+01 1.580000e+01
      vertex   6.337611e+01 1.566948e+01 1.860000e+01
      vertex   6.360196e+01 1.607638e+01 1.860000e+01
    endloop
  endfacet
  facet normal -9.541393e-01 2.993631e-01 0.000000e+00
    outer loop
      vertex   6.360196e+01 1.607638e+01 1.580000e+01
      vertex   6.360196e+01 1.607638e+01 1.860000e+01
      vertex   6.374128e+01 1.652041e+01 1.580000e+01
    endloop
  endfacet
  facet normal -9.541393e-01 2.993631e-01 0.000000e+00
    outer loop
      vertex   6.374128e+01 1.652041e+01 1.580000e+01
      vertex   6.360196e+01 1.607638e+01 1.860000e+01
      vertex   6.374128e+01 1.652041e+01 1.860000e+01
    endloop
  endfacet
  facet normal 0.000000e+00 1.000000e+00 -0.000000e+00
    outer loop
      vertex   7.779173e+01 -3.019858e+00 1.580000e+01
      vertex   6.942752e+01 -3.019858e+00 1.580000e+01
      vertex   7.779173e+01 -3.019858e+00 1.860000e+01
    endloop
  endfacet
  facet normal 0.000000e+00 1.000000e+00 0.000000e+00
    outer loop
      vertex   7.779173e+01 -3.019858e+00 1.860000e+01
      vertex   6.942752e+01 -3.019858e+00 1.580000e+01
      vertex   6.942752e+01 -3.019858e+00 1.860000e+01
    endloop
  endfacet
  facet normal 9.526581e-01 -3.040436e-01 0.000000e+00
    outer loop
      vertex   6.942752e+01 -3.019858e+00 1.860000e+01
      vertex   6.942752e+01 -3.019858e+00 1.580000e+01
      vertex   6.962143e+01 -2.412283e+00 1.860000e+01
    endloop
  endfacet
  facet normal 9.526581e-01 -3.040436e-01 0.000000e+00
    outer loop
      vertex   6.962143e+01 -2.412283e+00 1.860000e+01
      vertex   6.942752e+01 -3.019858e+00 1.580000e+01
      vertex   6.962143e+01 -2.412283e+00 1.580000e+01
    endloop
  endfacet
  facet normal 8.972087e-01 -4.416067e-01 0.000000e+00
    outer loop
      vertex   6.962143e+01 -2.412283e+00 1.860000e+01
      vertex   6.962143e+01 -2.412283e+00 1.580000e+01
      vertex   6.990307e+01 -1.840072e+00 1.860000e+01
    endloop
  endfacet
  facet normal 8.972087e-01 -4.416067e-01 0.000000e+00
    outer loop
      vertex   6.990307e+01 -1.840072e+00 1.860000e+01
      vertex   6.962143e+01 -2.412283e+00 1.580000e+01
      vertex   6.990307e+01 -1.840072e+00 1.580000e+01
    endloop
  endfacet
  facet normal 8.220223e-01 -5.694552e-01 0.000000e+00
    outer loop
      vertex   6.990307e+01 -1.840072e+00 1.860000e+01
      vertex   6.990307e+01 -1.840072e+00 1.580000e+01
      vertex   7.026626e+01 -1.315813e+00 1.860000e+01
    endloop
  endfacet
  facet normal 8.220223e-01 -5.694552e-01 0.000000e+00
    outer loop
      vertex   7.026626e+01 -1.315813e+00 1.860000e+01
      vertex   6.990307e+01 -1.840072e+00 1.580000e+01
      vertex   7.026626e+01 -1.315813e+00 1.580000e+01
    endloop
  endfacet
  facet normal 7.287529e-01 -6.847768e-01 0.000000e+00
    outer loop
      vertex   7.026626e+01 -1.315813e+00 1.860000e+01
      vertex   7.026626e+01 -1.315813e+00 1.580000e+01
      vertex   7.070298e+01 -8.510380e-01 1.860000e+01
    endloop
  endfacet
  facet normal 7.287529e-01 -6.847768e-01 0.000000e+00
    outer loop
      vertex   7.070298e+01 -8.510380e-01 1.860000e+01
      vertex   7.026626e+01 -1.315813e+00 1.580000e+01
      vertex   7.070298e+01 -8.510380e-01 1.580000e+01
    endloop
  endfacet
  facet normal 6.194521e-01 -7.850344e-01 0.000000e+00
    outer loop
      vertex   7.070298e+01 -8.510380e-01 1.860000e+01
      vertex   7.070298e+01 -8.510380e-01 1.580000e+01
      vertex   7.120365e+01 -4.559714e-01 1.860000e+01
    endloop
  endfacet
  facet normal 6.194521e-01 -7.850344e-01 0.000000e+00
    outer loop
      vertex   7.120365e+01 -4.559714e-01 1.860000e+01
      vertex   7.070298e+01 -8.510380e-01 1.580000e+01
      vertex   7.120365e+01 -4.559714e-01 1.580000e+01
    endloop
  endfacet
  facet normal 4.965245e-01 -8.680227e-01 0.000000e+00
    outer loop
      vertex   7.120365e+01 -4.559714e-01 1.860000e+01
      vertex   7.120365e+01 -4.559714e-01 1.580000e+01
      vertex   7.175725e+01 -1.393041e-01 1.860000e+01
    endloop
  endfacet
  facet normal 4.965245e-01 -8.680227e-01 0.000000e+00
    outer loop
      vertex   7.175725e+01 -1.393041e-01 1.860000e+01
      vertex   7.120365e+01 -4.559714e-01 1.580000e+01
      vertex   7.175725e+01 -1.393041e-01 1.580000e+01
    endloop
  endfacet
  facet normal 3.626742e-01 -9.319160e-01 0.000000e+00
    outer loop
      vertex   7.175725e+01 -1.393041e-01 1.860000e+01
      vertex   7.175725e+01 -1.393041e-01 1.580000e+01
      vertex   7.235160e+01 9.199777e-02 1.860000e+01
    endloop
  endfacet
  facet normal 3.626742e-01 -9.319160e-01 0.000000e+00
    outer loop
      vertex   7.235160e+01 9.199777e-02 1.860000e+01
      vertex   7.175725e+01 -1.393041e-01 1.580000e+01
      vertex   7.235160e+01 9.199777e-02 1.580000e+01
    endloop
  endfacet
  facet normal 2.208457e-01 -9.753088e-01 0.000000e+00
    outer loop
      vertex   7.235160e+01 9.199777e-02 1.860000e+01
      vertex   7.235160e+01 9.199777e-02 1.580000e+01
      vertex   7.297362e+01 2.328461e-01 1.860000e+01
    endloop
  endfacet
  facet normal 2.208457e-01 -9.753088e-01 0.000000e+00
    outer loop
      vertex   7.297362e+01 2.328461e-01 1.860000e+01
      vertex   7.235160e+01 9.199777e-02 1.580000e+01
      vertex   7.297362e+01 2.328461e-01 1.580000e+01
    endloop
  endfacet
  facet normal 7.415904e-02 -9.972464e-01 0.000000e+00
    outer loop
      vertex   7.297362e+01 2.328461e-01 1.860000e+01
      vertex   7.297362e+01 2.328461e-01 1.580000e+01
      vertex   7.360963e+01 2.801423e-01 1.860000e+01
    endloop
  endfacet
  facet normal 7.415904e-02 -9.972464e-01 0.000000e+00
    outer loop
      vertex   7.360963e+01 2.801423e-01 1.860000e+01
      vertex   7.297362e+01 2.328461e-01 1.580000e+01
      vertex   7.360963e+01 2.801423e-01 1.580000e+01
    endloop
  endfacet
  facet normal -7.415904e-02 -9.972464e-01 -0.000000e+00
    outer loop
      vertex   7.360963e+01 2.801423e-01 1.860000e+01
      vertex   7.360963e+01 2.801423e-01 1.580000e+01
      vertex   7.424564e+01 2.328461e-01 1.860000e+01
    endloop
  endfacet
  facet normal -7.415904e-02 -9.972464e-01 -0.000000e+00
    outer loop
      vertex   7.424564e+01 2.328461e-01 1.860000e+01
      vertex   7.360963e+01 2.801423e-01 1.580000e+01
      vertex   7.424564e+01 2.328461e-01 1.580000e+01
    endloop
  endfacet
  facet normal -2.208457e-01 -9.753088e-01 -0.000000e+00
    outer loop
      vertex   7.424564e+01 2.328461e-01 1.860000e+01
      vertex   7.424564e+01 2.328461e-01 1.580000e+01
      vertex   7.486766e+01 9.199777e-02 1.860000e+01
    endloop
  endfacet
  facet normal -2.208457e-01 -9.753088e-01 -0.000000e+00
    outer loop
      vertex   7.486766e+01 9.199777e-02 1.860000e+01
      vertex   7.424564e+01 2.328461e-01 1.580000e+01
      vertex   7.486766e+01 9.199777e-02 1.580000e+01
    endloop
  endfacet
  facet normal -3.626742e-01 -9.319160e-01 -0.000000e+00
    outer loop
      vertex   7.486766e+01 9.199777e-02 1.860000e+01
      vertex   7.486766e+01 9.199777e-02 1.580000e+01
      vertex   7.546201e+01 -1.393041e-01 1.860000e+01
    endloop
  endfacet
  facet normal -3.626742e-01 -9.319160e-01 -0.000000e+00
    outer loop
      vertex   7.546201e+01 -1.393041e-01 1.860000e+01
      vertex   7.486766e+01 9.199777e-02 1.580000e+01
      vertex   7.546201e+01 -1.393041e-01 1.580000e+01
    endloop
  endfacet
  facet normal -4.965245e-01 -8.680227e-01 -0.000000e+00
    outer loop
      vertex   7.546201e+01 -1.393041e-01 1.860000e+01
      vertex   7.546201e+01 -1.393041e-01 1.580000e+01
      vertex   7.601560e+01 -4.559714e-01 1.860000e+01
    endloop
  endfacet
  facet normal -4.965245e-01 -8.680227e-01 -0.000000e+00
    outer loop
      vertex   7.601560e+01 -4.559714e-01 1.860000e+01
      vertex   7.546201e+01 -1.393041e-01 1.580000e+01
      vertex   7.601560e+01 -4.559714e-01 1.580000e+01
    endloop
  endfacet
  facet normal -6.194521e-01 -7.850344e-01 -0.000000e+00
    outer loop
      vertex   7.601560e+01 -4.559714e-01 1.860000e+01
      vertex   7.601560e+01 -4.559714e-01 1.580000e+01
      vertex   7.651627e+01 -8.510380e-01 1.860000e+01
    endloop
  endfacet
  facet normal -6.194521e-01 -7.850344e-01 -0.000000e+00
    outer loop
      vertex   7.651627e+01 -8.510380e-01 1.860000e+01
      vertex   7.601560e+01 -4.559714e-01 1.580000e+01
      vertex   7.651627e+01 -8.510380e-01 1.580000e+01
    endloop
  endfacet
  facet normal -7.287529e-01 -6.847768e-01 -0.000000e+00
    outer loop
      vertex   7.651627e+01 -8.510380e-01 1.860000e+01
      vertex   7.651627e+01 -8.510380e-01 1.580000e+01
      vertex   7.695300e+01 -1.315813e+00 1.860000e+01
    endloop
  endfacet
  facet normal -7.287529e-01 -6.847768e-01 -0.000000e+00
    outer loop
      vertex   7.695300e+01 -1.315813e+00 1.860000e+01
      vertex   7.651627e+01 -8.510380e-01 1.580000e+01
      vertex   7.695300e+01 -1.315813e+00 1.580000e+01
    endloop
  endfacet
  facet normal -8.220223e-01 -5.694552e-01 -0.000000e+00
    outer loop
      vertex   7.695300e+01 -1.315813e+00 1.860000e+01
      vertex   7.695300e+01 -1.315813e+00 1.580000e+01
      vertex   7.731618e+01 -1.840072e+00 1.860000e+01
    endloop
  endfacet
  facet normal -8.220223e-01 -5.694552e-01 -0.000000e+00
    outer loop
      vertex   7.731618e+01 -1.840072e+00 1.860000e+01
      vertex   7.695300e+01 -1.315813e+00 1.580000e+01
      vertex   7.731618e+01 -1.840072e+00 1.580000e+01
    endloop
  endfacet
  facet normal -8.972087e-01 -4.416067e-01 -0.000000e+00
    outer loop
      vertex   7.731618e+01 -1.840072e+00 1.860000e+01
      vertex   7.731618e+01 -1.840072e+00 1.580000e+01
      vertex   7.759782e+01 -2.412283e+00 1.860000e+01
    endloop
  endfacet
  facet normal -8.972087e-01 -4.416067e-01 -0.000000e+00
    outer loop
      vertex   7.759782e+01 -2.412283e+00 1.860000e+01
      vertex   7.731618e+01 -1.840072e+00 1.580000e+01
      vertex   7.759782e+01 -2.412283e+00 1.580000e+01
    endloop
  endfacet
  facet normal -9.526581e-01 -3.040436e-01 -0.000000e+00
    outer loop
      vertex   7.759782e+01 -2.412283e+00 1.860000e+01
      vertex   7.759782e+01 -2.412283e+00 1.580000e+01
      vertex   7.779173e+01 -3.019858e+00 1.860000e+01
    endloop
  endfacet
  facet normal -9.526581e-01 -3.040436e-01 -0.000000e+00
    outer loop
      vertex   7.779173e+01 -3.019858e+00 1.860000e+01
      vertex   7.759782e+01 -2.412283e+00 1.580000e+01
      vertex   7.779173e+01 -3.019858e+00 1.580000e+01
    endloop
  endfacet
  facet normal -9.526581e-01 3.040436e-01 0.000000e+00
    outer loop
      vertex   7.779173e+01 -5.019858e+00 1.860000e+01
      vertex   7.779173e+01 -5.019858e+00 1.580000e+01
      vertex   7.759782e+01 -5.627432e+00 1.860000e+01
    endloop
  endfacet
  facet normal -9.526581e-01 3.040436e-01 0.000000e+00
    outer loop
      vertex   7.759782e+01 -5.627432e+00 1.860000e+01
      vertex   7.779173e+01 -5.019858e+00 1.580000e+01
      vertex   7.759782e+01 -5.627432e+00 1.580000e+01
    endloop
  endfacet
  facet normal -8.972087e-01 4.416067e-01 0.000000e+00
    outer loop
      vertex   7.759782e+01 -5.627432e+00 1.860000e+01
      vertex   7.759782e+01 -5.627432e+00 1.580000e+01
      vertex   7.731618e+01 -6.199643e+00 1.860000e+01
    endloop
  endfacet
  facet normal -8.972087e-01 4.416067e-01 0.000000e+00
    outer loop
      vertex   7.731618e+01 -6.199643e+00 1.860000e+01
      vertex   7.759782e+01 -5.627432e+00 1.580000e+01
      vertex   7.731618e+01 -6.199643e+00 1.580000e+01
    endloop
  endfacet
  facet normal -8.220223e-01 5.694552e-01 0.000000e+00
    outer loop
      vertex   7.731618e+01 -6.199643e+00 1.860000e+01
      vertex   7.731618e+01 -6.199643e+00 1.580000e+01
      vertex   7.695300e+01 -6.723902e+00 1.860000e+01
    endloop
  endfacet
  facet normal -8.220223e-01 5.694552e-01 0.000000e+00
    outer loop
      vertex   7.695300e+01 -6.723902e+00 1.860000e+01
      vertex   7.731618e+01 -6.199643e+00 1.580000e+01
      vertex   7.695300e+01 -6.723902e+00 1.580000e+01
    endloop
  endfacet
  facet normal -7.287529e-01 6.847768e-01 0.000000e+00
    outer loop
      vertex   7.695300e+01 -6.723902e+00 1.860000e+01
      vertex   7.695300e+01 -6.723902e+00 1.580000e+01
      vertex   7.651627e+01 -7.188677e+00 1.860000e+01
    endloop
  endfacet
  facet normal -7.287529e-01 6.847768e-01 0.000000e+00
    outer loop
      vertex   7.651627e+01 -7.188677e+00 1.860000e+01
      vertex   7.695300e+01 -6.723902e+00 1.580000e+01
      vertex   7.651627e+01 -7.188677e+00 1.580000e+01
    endloop
  endfacet
  facet normal -6.194521e-01 7.850344e-01 0.000000e+00
    outer loop
      vertex   7.651627e+01 -7.188677e+00 1.860000e+01
      vertex   7.651627e+01 -7.188677e+00 1.580000e+01
      vertex   7.601560e+01 -7.583744e+00 1.860000e+01
    endloop
  endfacet
  facet normal -6.194521e-01 7.850344e-01 0.000000e+00
    outer loop
      vertex   7.601560e+01 -7.583744e+00 1.860000e+01
      vertex   7.651627e+01 -7.188677e+00 1.580000e+01
      vertex   7.601560e+01 -7.583744e+00 1.580000e+01
    endloop
  endfacet
  facet normal -4.965245e-01 8.680227e-01 0.000000e+00
    outer loop
      vertex   7.601560e+01 -7.583744e+00 1.860000e+01
      vertex   7.601560e+01 -7.583744e+00 1.580000e+01
      vertex   7.546201e+01 -7.900411e+00 1.860000e+01
    endloop
  endfacet
  facet normal -4.965245e-01 8.680227e-01 0.000000e+00
    outer loop
      vertex   7.546201e+01 -7.900411e+00 1.860000e+01
      vertex   7.601560e+01 -7.583744e+00 1.580000e+01
      vertex   7.546201e+01 -7.900411e+00 1.580000e+01
    endloop
  endfacet
  facet normal -3.626742e-01 9.319160e-01 0.000000e+00
    outer loop
      vertex   7.546201e+01 -7.900411e+00 1.860000e+01
      vertex   7.546201e+01 -7.900411e+00 1.580000e+01
      vertex   7.486766e+01 -8.131713e+00 1.860000e+01
    endloop
  endfacet
  facet normal -3.626742e-01 9.319160e-01 0.000000e+00
    outer loop
      vertex   7.486766e+01 -8.131713e+00 1.860000e+01
      vertex   7.546201e+01 -7.900411e+00 1.580000e+01
      vertex   7.486766e+01 -8.131713e+00 1.580000e+01
    endloop
  endfacet
  facet normal -2.208457e-01 9.753088e-01 0.000000e+00
    outer loop
      vertex   7.486766e+01 -8.131713e+00 1.860000e+01
      vertex   7.486766e+01 -8.131713e+00 1.580000e+01
      vertex   7.424564e+01 -8.272561e+00 1.860000e+01
    endloop
  endfacet
  facet normal -2.208457e-01 9.753088e-01 0.000000e+00
    outer loop
      vertex   7.424564e+01 -8.272561e+00 1.860000e+01
      vertex   7.486766e+01 -8.131713e+00 1.580000e+01
      vertex   7.424564e+01 -8.272561e+00 1.580000e+01
    endloop
  endfacet
  facet normal -7.415904e-02 9.972464e-01 0.000000e+00
    outer loop
      vertex   7.424564e+01 -8.272561e+00 1.860000e+01
      vertex   7.424564e+01 -8.272561e+00 1.580000e+01
      vertex   7.360963e+01 -8.319858e+00 1.860000e+01
    endloop
  endfacet
  facet normal -7.415904e-02 9.972464e-01 0.000000e+00
    outer loop
      vertex   7.360963e+01 -8.319858e+00 1.860000e+01
      vertex   7.424564e+01 -8.272561e+00 1.580000e+01
      vertex   7.360963e+01 -8.319858e+00 1.580000e+01
    endloop
  endfacet
  facet normal 7.415904e-02 9.972464e-01 0.000000e+00
    outer loop
      vertex   7.360963e+01 -8.319858e+00 1.860000e+01
      vertex   7.360963e+01 -8.319858e+00 1.580000e+01
      vertex   7.297362e+01 -8.272561e+00 1.860000e+01
    endloop
  endfacet
  facet normal 7.415904e-02 9.972464e-01 0.000000e+00
    outer loop
      vertex   7.297362e+01 -8.272561e+00 1.860000e+01
      vertex   7.360963e+01 -8.319858e+00 1.580000e+01
      vertex   7.297362e+01 -8.272561e+00 1.580000e+01
    endloop
  endfacet
  facet normal 2.208457e-01 9.753088e-01 0.000000e+00
    outer loop
      vertex   7.297362e+01 -8.272561e+00 1.860000e+01
      vertex   7.297362e+01 -8.272561e+00 1.580000e+01
      vertex   7.235160e+01 -8.131713e+00 1.860000e+01
    endloop
  endfacet
  facet normal 2.208457e-01 9.753088e-01 0.000000e+00
    outer loop
      vertex   7.235160e+01 -8.131713e+00 1.860000e+01
      vertex   7.297362e+01 -8.272561e+00 1.580000e+01
      vertex   7.235160e+01 -8.131713e+00 1.580000e+01
    endloop
  endfacet
  facet normal 3.626742e-01 9.319160e-01 0.000000e+00
    outer loop
      vertex   7.235160e+01 -8.131713e+00 1.860000e+01
      vertex   7.235160e+01 -8.131713e+00 1.580000e+01
      vertex   7.175725e+01 -7.900411e+00 1.860000e+01
    endloop
  endfacet
  facet normal 3.626742e-01 9.319160e-01 0.000000e+00
    outer loop
      vertex   7.175725e+01 -7.900411e+00 1.860000e+01
      vertex   7.235160e+01 -8.131713e+00 1.580000e+01
      vertex   7.175725e+01 -7.900411e+00 1.580000e+01
    endloop
  endfacet
  facet normal 4.965245e-01 8.680227e-01 0.000000e+00
    outer loop
      vertex   7.175725e+01 -7.900411e+00 1.860000e+01
      vertex   7.175725e+01 -7.900411e+00 1.580000e+01
      vertex   7.120365e+01 -7.583744e+00 1.860000e+01
    endloop
  endfacet
  facet normal 4.965245e-01 8.680227e-01 0.000000e+00
    outer loop
      vertex   7.120365e+01 -7.583744e+00 1.860000e+01
      vertex   7.175725e+01 -7.900411e+00 1.580000e+01
      vertex   7.120365e+01 -7.583744e+00 1.580000e+01
    endloop
  endfacet
  facet normal 6.194521e-01 7.850344e-01 0.000000e+00
    outer loop
      vertex   7.120365e+01 -7.583744e+00 1.860000e+01
      vertex   7.120365e+01 -7.583744e+00 1.580000e+01
      vertex   7.070298e+01 -7.188677e+00 1.860000e+01
    endloop
  endfacet
  facet normal 6.194521e-01 7.850344e-01 0.000000e+00
    outer loop
      vertex   7.070298e+01 -7.188677e+00 1.860000e+01
      vertex   7.120365e+01 -7.583744e+00 1.580000e+01
      vertex   7.070298e+01 -7.188677e+00 1.580000e+01
    endloop
  endfacet
  facet normal 7.287529e-01 6.847768e-01 0.000000e+00
    outer loop
      vertex   7.070298e+01 -7.188677e+00 1.860000e+01
      vertex   7.070298e+01 -7.188677e+00 1.580000e+01
      vertex   7.026626e+01 -6.723902e+00 1.860000e+01
    endloop
  endfacet
  facet normal 7.287529e-01 6.847768e-01 0.000000e+00
    outer loop
      vertex   7.026626e+01 -6.723902e+00 1.860000e+01
      vertex   7.070298e+01 -7.188677e+00 1.580000e+01
      vertex   7.026626e+01 -6.723902e+00 1.580000e+01
    endloop
  endfacet
  facet normal 8.220223e-01 5.694552e-01 0.000000e+00
    outer loop
      vertex   7.026626e+01 -6.723902e+00 1.860000e+01
      vertex   7.026626e+01 -6.723902e+00 1.580000e+01
      vertex   6.990307e+01 -6.199643e+00 1.860000e+01
    endloop
  endfacet
  facet normal 8.220223e-01 5.694552e-01 0.000000e+00
    outer loop
      vertex   6.990307e+01 -6.199643e+00 1.860000e+01
      vertex   7.026626e+01 -6.723902e+00 1.580000e+01
      vertex   6.990307e+01 -6.199643e+00 1.580000e+01
    endloop
  endfacet
  facet normal 8.972087e-01 4.416067e-01 0.000000e+00
    outer loop
      vertex   6.990307e+01 -6.199643e+00 1.860000e+01
      vertex   6.990307e+01 -6.199643e+00 1.580000e+01
      vertex   6.962143e+01 -5.627432e+00 1.860000e+01
    endloop
  endfacet
  facet normal 8.972087e-01 4.416067e-01 0.000000e+00
    outer loop
      vertex   6.962143e+01 -5.627432e+00 1.860000e+01
      vertex   6.990307e+01 -6.199643e+00 1.580000e+01
      vertex   6.962143e+01 -5.627432e+00 1.580000e+01
    endloop
  endfacet
  facet normal 9.526581e-01 3.040436e-01 0.000000e+00
    outer loop
      vertex   6.962143e+01 -5.627432e+00 1.860000e+01
      vertex   6.962143e+01 -5.627432e+00 1.580000e+01
      vertex   6.942752e+01 -5.019858e+00 1.860000e+01
    endloop
  endfacet
  facet normal 9.526581e-01 3.040436e-01 0.000000e+00
    outer loop
      vertex   6.942752e+01 -5.019858e+00 1.860000e+01
      vertex   6.962143e+01 -5.627432e+00 1.580000e+01
      vertex   6.942752e+01 -5.019858e+00 1.580000e+01
    endloop
  endfacet
  facet normal 0.000000e+00 -1.000000e+00 0.000000e+00
    outer loop
      vertex   6.942752e+01 -5.019858e+00 1.580000e+01
      vertex   7.779173e+01 -5.019858e+00 1.580000e+01
      vertex   6.942752e+01 -5.019858e+00 1.860000e+01
    endloop
  endfacet
  facet normal 0.000000e+00 -1.000000e+00 0.000000e+00
    outer loop
      vertex   6.942752e+01 -5.019858e+00 1.860000e+01
      vertex   7.779173e+01 -5.019858e+00 1.580000e+01
      vertex   7.779173e+01 -5.019858e+00 1.860000e+01
    endloop
  endfacet
  facet normal 9.995524e-01 -2.991547e-02 0.000000e+00
    outer loop
      vertex   1.010604e+02 -5.664472e+00 1.860000e+01
      vertex   1.010604e+02 -5.664472e+00 1.580000e+01
      vertex   1.011096e+02 -4.019858e+00 1.860000e+01
    endloop
  endfacet
  facet normal 9.995524e-01 -2.991547e-02 0.000000e+00
    outer loop
      vertex   1.011096e+02 -4.019858e+00 1.860000e+01
      vertex   1.010604e+02 -5.664472e+00 1.580000e+01
      vertex   1.011096e+02 -4.019858e+00 1.580000e+01
    endloop
  endfacet
  facet normal 9.995524e-01 2.991547e-02 0.000000e+00
    outer loop
      vertex   1.011096e+02 -4.019858e+00 1.860000e+01
      vertex   1.011096e+02 -4.019858e+00 1.580000e+01
      vertex   1.010604e+02 -2.375243e+00 1.860000e+01
    endloop
  endfacet
  facet normal 9.995524e-01 2.991547e-02 0.000000e+00
    outer loop
      vertex   1.010604e+02 -2.375243e+00 1.860000e+01
      vertex   1.011096e+02 -4.019858e+00 1.580000e+01
      vertex   1.010604e+02 -2.375243e+00 1.580000e+01
    endloop
  endfacet
  facet normal 9.959743e-01 8.963931e-02 0.000000e+00
    outer loop
      vertex   1.010604e+02 -2.375243e+00 1.860000e+01
      vertex   1.010604e+02 -2.375243e+00 1.580000e+01
      vertex   1.009129e+02 -7.365165e-01 1.860000e+01
    endloop
  endfacet
  facet normal 9.959743e-01 8.963931e-02 0.000000e+00
    outer loop
      vertex   1.009129e+02 -7.365165e-01 1.860000e+01
      vertex   1.010604e+02 -2.375243e+00 1.580000e+01
      vertex   1.009129e+02 -7.365165e-01 1.580000e+01
    endloop
  endfacet
  facet normal 9.888308e-01 1.490423e-01 0.000000e+00
    outer loop
      vertex   1.009129e+02 -7.365165e-01 1.860000e+01
      vertex   1.009129e+02 -7.365165e-01 1.580000e+01
      vertex   1.006677e+02 8.904569e-01 1.860000e+01
    endloop
  endfacet
  facet normal 9.888308e-01 1.490423e-01 0.000000e+00
    outer loop
      vertex   1.006677e+02 8.904569e-01 1.860000e+01
      vertex   1.009129e+02 -7.365165e-01 1.580000e+01
      vertex   1.006677e+02 8.904569e-01 1.580000e+01
    endloop
  endfacet
  facet normal 9.781476e-01 2.079117e-01 0.000000e+00
    outer loop
      vertex   1.006677e+02 8.904569e-01 1.860000e+01
      vertex   1.006677e+02 8.904569e-01 1.580000e+01
      vertex   1.003256e+02 2.499853e+00 1.860000e+01
    endloop
  endfacet
  facet normal 9.781476e-01 2.079117e-01 0.000000e+00
    outer loop
      vertex   1.003256e+02 2.499853e+00 1.860000e+01
      vertex   1.006677e+02 8.904569e-01 1.580000e+01
      vertex   1.003256e+02 2.499853e+00 1.580000e+01
    endloop
  endfacet
  facet normal 9.639629e-01 2.660368e-01 0.000000e+00
    outer loop
      vertex   1.003256e+02 2.499853e+00 1.860000e+01
      vertex   1.003256e+02 2.499853e+00 1.580000e+01
      vertex   9.988788e+01 4.085910e+00 1.860000e+01
    endloop
  endfacet
  facet normal 9.639629e-01 2.660368e-01 0.000000e+00
    outer loop
      vertex   9.988788e+01 4.085910e+00 1.860000e+01
      vertex   1.003256e+02 2.499853e+00 1.580000e+01
      vertex   9.988788e+01 4.085910e+00 1.580000e+01
    endloop
  endfacet
  facet normal 9.463274e-01 3.232097e-01 0.000000e+00
    outer loop
      vertex   9.988788e+01 4.085910e+00 1.860000e+01
      vertex   9.988788e+01 4.085910e+00 1.580000e+01
      vertex   9.935609e+01 5.642950e+00 1.860000e+01
    endloop
  endfacet
  facet normal 9.463274e-01 3.232097e-01 0.000000e+00
    outer loop
      vertex   9.935609e+01 5.642950e+00 1.860000e+01
      vertex   9.988788e+01 4.085910e+00 1.580000e+01
      vertex   9.935609e+01 5.642950e+00 1.580000e+01
    endloop
  endfacet
  facet normal 9.253043e-01 3.792255e-01 0.000000e+00
    outer loop
      vertex   9.935609e+01 5.642950e+00 1.860000e+01
      vertex   9.935609e+01 5.642950e+00 1.580000e+01
      vertex   9.873213e+01 7.165400e+00 1.860000e+01
    endloop
  endfacet
  facet normal 9.253043e-01 3.792255e-01 0.000000e+00
    outer loop
      vertex   9.873213e+01 7.165400e+00 1.860000e+01
      vertex   9.935609e+01 5.642950e+00 1.580000e+01
      vertex   9.873213e+01 7.165400e+00 1.580000e+01
    endloop
  endfacet
  facet normal 9.009689e-01 4.338837e-01 0.000000e+00
    outer loop
      vertex   9.873213e+01 7.165400e+00 1.860000e+01
      vertex   9.873213e+01 7.165400e+00 1.580000e+01
      vertex   9.801824e+01 8.647810e+00 1.860000e+01
    endloop
  endfacet
  facet normal 9.009689e-01 4.338837e-01 0.000000e+00
    outer loop
      vertex   9.801824e+01 8.647810e+00 1.860000e+01
      vertex   9.873213e+01 7.165400e+00 1.580000e+01
      vertex   9.801824e+01 8.647810e+00 1.580000e+01
    endloop
  endfacet
  facet normal 8.734082e-01 4.869888e-01 0.000000e+00
    outer loop
      vertex   9.801824e+01 8.647810e+00 1.860000e+01
      vertex   9.801824e+01 8.647810e+00 1.580000e+01
      vertex   9.721697e+01 1.008487e+01 1.860000e+01
    endloop
  endfacet
  facet normal 8.734082e-01 4.869888e-01 0.000000e+00
    outer loop
      vertex   9.721697e+01 1.008487e+01 1.860000e+01
      vertex   9.801824e+01 8.647810e+00 1.580000e+01
      vertex   9.721697e+01 1.008487e+01 1.580000e+01
    endloop
  endfacet
  facet normal 8.427210e-01 5.383506e-01 0.000000e+00
    outer loop
      vertex   9.721697e+01 1.008487e+01 1.860000e+01
      vertex   9.721697e+01 1.008487e+01 1.580000e+01
      vertex   9.633119e+01 1.147144e+01 1.860000e+01
    endloop
  endfacet
  facet normal 8.427210e-01 5.383506e-01 0.000000e+00
    outer loop
      vertex   9.633119e+01 1.147144e+01 1.860000e+01
      vertex   9.721697e+01 1.008487e+01 1.580000e+01
      vertex   9.633119e+01 1.147144e+01 1.580000e+01
    endloop
  endfacet
  facet normal 8.090170e-01 5.877853e-01 0.000000e+00
    outer loop
      vertex   9.633119e+01 1.147144e+01 1.860000e+01
      vertex   9.633119e+01 1.147144e+01 1.580000e+01
      vertex   9.536408e+01 1.280256e+01 1.860000e+01
    endloop
  endfacet
  facet normal 8.090170e-01 5.877853e-01 0.000000e+00
    outer loop
      vertex   9.536408e+01 1.280256e+01 1.860000e+01
      vertex   9.633119e+01 1.147144e+01 1.580000e+01
      vertex   9.536408e+01 1.280256e+01 1.580000e+01
    endloop
  endfacet
  facet normal 7.724170e-01 6.351158e-01 0.000000e+00
    outer loop
      vertex   9.536408e+01 1.280256e+01 1.860000e+01
      vertex   9.536408e+01 1.280256e+01 1.580000e+01
      vertex   9.431909e+01 1.407346e+01 1.860000e+01
    endloop
  endfacet
  facet normal 7.724170e-01 6.351158e-01 0.000000e+00
    outer loop
      vertex   9.431909e+01 1.407346e+01 1.860000e+01
      vertex   9.536408e+01 1.280256e+01 1.580000e+01
      vertex   9.431909e+01 1.407346e+01 1.580000e+01
    endloop
  endfacet
  facet normal 7.330519e-01 6.801727e-01 0.000000e+00
    outer loop
      vertex   9.431909e+01 1.407346e+01 1.860000e+01
      vertex   9.431909e+01 1.407346e+01 1.580000e+01
      vertex   9.319997e+01 1.527958e+01 1.860000e+01
    endloop
  endfacet
  facet normal 7.330519e-01 6.801727e-01 0.000000e+00
    outer loop
      vertex   9.319997e+01 1.527958e+01 1.860000e+01
      vertex   9.431909e+01 1.407346e+01 1.580000e+01
      vertex   9.319997e+01 1.527958e+01 1.580000e+01
    endloop
  endfacet
  facet normal 6.910626e-01 7.227949e-01 0.000000e+00
    outer loop
      vertex   9.319997e+01 1.527958e+01 1.860000e+01
      vertex   9.319997e+01 1.527958e+01 1.580000e+01
      vertex   9.201072e+01 1.641662e+01 1.860000e+01
    endloop
  endfacet
  facet normal 6.910626e-01 7.227949e-01 0.000000e+00
    outer loop
      vertex   9.201072e+01 1.641662e+01 1.860000e+01
      vertex   9.319997e+01 1.527958e+01 1.580000e+01
      vertex   9.201072e+01 1.641662e+01 1.580000e+01
    endloop
  endfacet
  facet normal 6.465996e-01 7.628296e-01 0.000000e+00
    outer loop
      vertex   9.201072e+01 1.641662e+01 1.860000e+01
      vertex   9.201072e+01 1.641662e+01 1.580000e+01
      vertex   9.075560e+01 1.748051e+01 1.860000e+01
    endloop
  endfacet
  facet normal 6.465996e-01 7.628296e-01 0.000000e+00
    outer loop
      vertex   9.075560e+01 1.748051e+01 1.860000e+01
      vertex   9.201072e+01 1.641662e+01 1.580000e+01
      vertex   9.075560e+01 1.748051e+01 1.580000e+01
    endloop
  endfacet
  facet normal 5.998219e-01 8.001335e-01 0.000000e+00
    outer loop
      vertex   9.075560e+01 1.748051e+01 1.860000e+01
      vertex   9.075560e+01 1.748051e+01 1.580000e+01
      vertex   8.943910e+01 1.846743e+01 1.860000e+01
    endloop
  endfacet
  facet normal 5.998219e-01 8.001335e-01 0.000000e+00
    outer loop
      vertex   8.943910e+01 1.846743e+01 1.860000e+01
      vertex   9.075560e+01 1.748051e+01 1.580000e+01
      vertex   8.943910e+01 1.846743e+01 1.580000e+01
    endloop
  endfacet
  facet normal 5.508970e-01 8.345733e-01 0.000000e+00
    outer loop
      vertex   8.943910e+01 1.846743e+01 1.860000e+01
      vertex   8.943910e+01 1.846743e+01 1.580000e+01
      vertex   8.806593e+01 1.937384e+01 1.860000e+01
    endloop
  endfacet
  facet normal 5.508970e-01 8.345733e-01 0.000000e+00
    outer loop
      vertex   8.806593e+01 1.937384e+01 1.860000e+01
      vertex   8.943910e+01 1.846743e+01 1.580000e+01
      vertex   8.806593e+01 1.937384e+01 1.580000e+01
    endloop
  endfacet
  facet normal 5.000000e-01 8.660254e-01 0.000000e+00
    outer loop
      vertex   8.806593e+01 1.937384e+01 1.860000e+01
      vertex   8.806593e+01 1.937384e+01 1.580000e+01
      vertex   8.664102e+01 2.019652e+01 1.860000e+01
    endloop
  endfacet
  facet normal 5.000000e-01 8.660254e-01 0.000000e+00
    outer loop
      vertex   8.664102e+01 2.019652e+01 1.860000e+01
      vertex   8.806593e+01 1.937384e+01 1.580000e+01
      vertex   8.664102e+01 2.019652e+01 1.580000e+01
    endloop
  endfacet
  facet normal 4.473131e-01 8.943774e-01 0.000000e+00
    outer loop
      vertex   8.664102e+01 2.019652e+01 1.860000e+01
      vertex   8.664102e+01 2.019652e+01 1.580000e+01
      vertex   8.516945e+01 2.093251e+01 1.860000e+01
    endloop
  endfacet
  facet normal 4.473131e-01 8.943774e-01 0.000000e+00
    outer loop
      vertex   8.516945e+01 2.093251e+01 1.860000e+01
      vertex   8.664102e+01 2.019652e+01 1.580000e+01
      vertex   8.516945e+01 2.093251e+01 1.580000e+01
    endloop
  endfacet
  facet normal 3.930250e-01 9.195278e-01 0.000000e+00
    outer loop
      vertex   8.516945e+01 2.093251e+01 1.860000e+01
      vertex   8.516945e+01 2.093251e+01 1.580000e+01
      vertex   8.365651e+01 2.157917e+01 1.860000e+01
    endloop
  endfacet
  facet normal 3.930250e-01 9.195278e-01 0.000000e+00
    outer loop
      vertex   8.365651e+01 2.157917e+01 1.860000e+01
      vertex   8.516945e+01 2.093251e+01 1.580000e+01
      vertex   8.365651e+01 2.157917e+01 1.580000e+01
    endloop
  endfacet
  facet normal 3.373300e-01 9.413865e-01 0.000000e+00
    outer loop
      vertex   8.365651e+01 2.157917e+01 1.860000e+01
      vertex   8.365651e+01 2.157917e+01 1.580000e+01
      vertex   8.210760e+01 2.213420e+01 1.860000e+01
    endloop
  endfacet
  facet normal 3.373300e-01 9.413865e-01 0.000000e+00
    outer loop
      vertex   8.210760e+01 2.213420e+01 1.860000e+01
      vertex   8.365651e+01 2.157917e+01 1.580000e+01
      vertex   8.210760e+01 2.213420e+01 1.580000e+01
    endloop
  endfacet
  facet normal 2.804274e-01 9.598752e-01 0.000000e+00
    outer loop
      vertex   8.210760e+01 2.213420e+01 1.860000e+01
      vertex   8.210760e+01 2.213420e+01 1.580000e+01
      vertex   8.052826e+01 2.259560e+01 1.860000e+01
    endloop
  endfacet
  facet normal 2.804274e-01 9.598752e-01 0.000000e+00
    outer loop
      vertex   8.052826e+01 2.259560e+01 1.860000e+01
      vertex   8.210760e+01 2.213420e+01 1.580000e+01
      vertex   8.052826e+01 2.259560e+01 1.580000e+01
    endloop
  endfacet
  facet normal 2.225209e-01 9.749279e-01 0.000000e+00
    outer loop
      vertex   8.052826e+01 2.259560e+01 1.860000e+01
      vertex   8.052826e+01 2.259560e+01 1.580000e+01
      vertex   7.892417e+01 2.296172e+01 1.860000e+01
    endloop
  endfacet
  facet normal 2.225209e-01 9.749279e-01 0.000000e+00
    outer loop
      vertex   7.892417e+01 2.296172e+01 1.860000e+01
      vertex   8.052826e+01 2.259560e+01 1.580000e+01
      vertex   7.892417e+01 2.296172e+01 1.580000e+01
    endloop
  endfacet
  facet normal 1.638179e-01 9.864906e-01 0.000000e+00
    outer loop
      vertex   7.892417e+01 2.296172e+01 1.860000e+01
      vertex   7.892417e+01 2.296172e+01 1.580000e+01
      vertex   7.730104e+01 2.323126e+01 1.860000e+01
    endloop
  endfacet
  facet normal 1.638179e-01 9.864906e-01 0.000000e+00
    outer loop
      vertex   7.730104e+01 2.323126e+01 1.860000e+01
      vertex   7.892417e+01 2.296172e+01 1.580000e+01
      vertex   7.730104e+01 2.323126e+01 1.580000e+01
    endloop
  endfacet
  facet normal 1.045285e-01 9.945219e-01 0.000000e+00
    outer loop
      vertex   7.730104e+01 2.323126e+01 1.860000e+01
      vertex   7.730104e+01 2.323126e+01 1.580000e+01
      vertex   7.566471e+01 2.340325e+01 1.860000e+01
    endloop
  endfacet
  facet normal 1.045285e-01 9.945219e-01 0.000000e+00
    outer loop
      vertex   7.566471e+01 2.340325e+01 1.860000e+01
      vertex   7.730104e+01 2.323126e+01 1.580000e+01
      vertex   7.566471e+01 2.340325e+01 1.580000e+01
    endloop
  endfacet
  facet normal 4.486483e-02 9.989931e-01 0.000000e+00
    outer loop
      vertex   7.566471e+01 2.340325e+01 1.860000e+01
      vertex   7.566471e+01 2.340325e+01 1.580000e+01
      vertex   7.402101e+01 2.347707e+01 1.860000e+01
    endloop
  endfacet
  facet normal 4.486483e-02 9.989931e-01 0.000000e+00
    outer loop
      vertex   7.402101e+01 2.347707e+01 1.860000e+01
      vertex   7.566471e+01 2.340325e+01 1.580000e+01
      vertex   7.402101e+01 2.347707e+01 1.580000e+01
    endloop
  endfacet
  facet normal -1.495941e-02 9.998881e-01 0.000000e+00
    outer loop
      vertex   7.402101e+01 2.347707e+01 1.860000e+01
      vertex   7.402101e+01 2.347707e+01 1.580000e+01
      vertex   7.237585e+01 2.345245e+01 1.860000e+01
    endloop
  endfacet
  facet normal -1.495941e-02 9.998881e-01 0.000000e+00
    outer loop
      vertex   7.237585e+01 2.345245e+01 1.860000e+01
      vertex   7.402101e+01 2.347707e+01 1.580000e+01
      vertex   7.237585e+01 2.345245e+01 1.580000e+01
    endloop
  endfacet
  facet normal -7.473009e-02 9.972038e-01 0.000000e+00
    outer loop
      vertex   7.237585e+01 2.345245e+01 1.860000e+01
      vertex   7.237585e+01 2.345245e+01 1.580000e+01
      vertex   7.073510e+01 2.332949e+01 1.860000e+01
    endloop
  endfacet
  facet normal -7.473009e-02 9.972038e-01 0.000000e+00
    outer loop
      vertex   7.073510e+01 2.332949e+01 1.860000e+01
      vertex   7.237585e+01 2.345245e+01 1.580000e+01
      vertex   7.073510e+01 2.332949e+01 1.580000e+01
    endloop
  endfacet
  facet normal -1.342333e-01 9.909498e-01 0.000000e+00
    outer loop
      vertex   7.073510e+01 2.332949e+01 1.860000e+01
      vertex   7.073510e+01 2.332949e+01 1.580000e+01
      vertex   6.910464e+01 2.310863e+01 1.860000e+01
    endloop
  endfacet
  facet normal -1.342333e-01 9.909498e-01 0.000000e+00
    outer loop
      vertex   6.910464e+01 2.310863e+01 1.860000e+01
      vertex   7.073510e+01 2.332949e+01 1.580000e+01
      vertex   6.910464e+01 2.310863e+01 1.580000e+01
    endloop
  endfacet
  facet normal -1.932559e-01 9.811484e-01 0.000000e+00
    outer loop
      vertex   6.910464e+01 2.310863e+01 1.860000e+01
      vertex   6.910464e+01 2.310863e+01 1.580000e+01
      vertex   6.749030e+01 2.279066e+01 1.860000e+01
    endloop
  endfacet
  facet normal -1.932559e-01 9.811484e-01 0.000000e+00
    outer loop
      vertex   6.749030e+01 2.279066e+01 1.860000e+01
      vertex   6.910464e+01 2.310863e+01 1.580000e+01
      vertex   6.749030e+01 2.279066e+01 1.580000e+01
    endloop
  endfacet
  facet normal -2.515868e-01 9.678347e-01 0.000000e+00
    outer loop
      vertex   6.749030e+01 2.279066e+01 1.860000e+01
      vertex   6.749030e+01 2.279066e+01 1.580000e+01
      vertex   6.589787e+01 2.237671e+01 1.860000e+01
    endloop
  endfacet
  facet normal -2.515868e-01 9.678347e-01 0.000000e+00
    outer loop
      vertex   6.589787e+01 2.237671e+01 1.860000e+01
      vertex   6.749030e+01 2.279066e+01 1.580000e+01
      vertex   6.589787e+01 2.237671e+01 1.580000e+01
    endloop
  endfacet
  facet normal -3.090170e-01 9.510565e-01 0.000000e+00
    outer loop
      vertex   6.589787e+01 2.237671e+01 1.860000e+01
      vertex   6.589787e+01 2.237671e+01 1.580000e+01
      vertex   6.433305e+01 2.186827e+01 1.860000e+01
    endloop
  endfacet
  facet normal -3.090170e-01 9.510565e-01 0.000000e+00
    outer loop
      vertex   6.433305e+01 2.186827e+01 1.860000e+01
      vertex   6.589787e+01 2.237671e+01 1.580000e+01
      vertex   6.433305e+01 2.186827e+01 1.580000e+01
    endloop
  endfacet
  facet normal -3.653410e-01 9.308737e-01 0.000000e+00
    outer loop
      vertex   6.433305e+01 2.186827e+01 1.860000e+01
      vertex   6.433305e+01 2.186827e+01 1.580000e+01
      vertex   6.280144e+01 2.126716e+01 1.860000e+01
    endloop
  endfacet
  facet normal -3.653410e-01 9.308737e-01 0.000000e+00
    outer loop
      vertex   6.280144e+01 2.126716e+01 1.860000e+01
      vertex   6.433305e+01 2.186827e+01 1.580000e+01
      vertex   6.280144e+01 2.126716e+01 1.580000e+01
    endloop
  endfacet
  facet normal -4.203572e-01 9.073587e-01 0.000000e+00
    outer loop
      vertex   6.280144e+01 2.126716e+01 1.860000e+01
      vertex   6.280144e+01 2.126716e+01 1.580000e+01
      vertex   6.130852e+01 2.057552e+01 1.860000e+01
    endloop
  endfacet
  facet normal -4.203572e-01 9.073587e-01 0.000000e+00
    outer loop
      vertex   6.130852e+01 2.057552e+01 1.860000e+01
      vertex   6.280144e+01 2.126716e+01 1.580000e+01
      vertex   6.130852e+01 2.057552e+01 1.580000e+01
    endloop
  endfacet
  facet normal -4.738687e-01 8.805955e-01 0.000000e+00
    outer loop
      vertex   6.130852e+01 2.057552e+01 1.860000e+01
      vertex   6.130852e+01 2.057552e+01 1.580000e+01
      vertex   5.985963e+01 1.979584e+01 1.860000e+01
    endloop
  endfacet
  facet normal -4.738687e-01 8.805955e-01 0.000000e+00
    outer loop
      vertex   5.985963e+01 1.979584e+01 1.860000e+01
      vertex   6.130852e+01 2.057552e+01 1.580000e+01
      vertex   5.985963e+01 1.979584e+01 1.580000e+01
    endloop
  endfacet
  facet normal -5.256838e-01 8.506801e-01 0.000000e+00
    outer loop
      vertex   5.985963e+01 1.979584e+01 1.860000e+01
      vertex   5.985963e+01 1.979584e+01 1.580000e+01
      vertex   5.845996e+01 1.893091e+01 1.860000e+01
    endloop
  endfacet
  facet normal -5.256838e-01 8.506801e-01 0.000000e+00
    outer loop
      vertex   5.845996e+01 1.893091e+01 1.860000e+01
      vertex   5.985963e+01 1.979584e+01 1.580000e+01
      vertex   5.845996e+01 1.893091e+01 1.580000e+01
    endloop
  endfacet
  facet normal -5.756171e-01 8.177194e-01 0.000000e+00
    outer loop
      vertex   5.845996e+01 1.893091e+01 1.860000e+01
      vertex   5.845996e+01 1.893091e+01 1.580000e+01
      vertex   5.711453e+01 1.798381e+01 1.860000e+01
    endloop
  endfacet
  facet normal -5.756171e-01 8.177194e-01 0.000000e+00
    outer loop
      vertex   5.711453e+01 1.798381e+01 1.860000e+01
      vertex   5.845996e+01 1.893091e+01 1.580000e+01
      vertex   5.711453e+01 1.798381e+01 1.580000e+01
    endloop
  endfacet
  facet normal -6.234898e-01 7.818315e-01 0.000000e+00
    outer loop
      vertex   5.711453e+01 1.798381e+01 1.860000e+01
      vertex   5.711453e+01 1.798381e+01 1.580000e+01
      vertex   5.582814e+01 1.695796e+01 1.860000e+01
    endloop
  endfacet
  facet normal -6.234898e-01 7.818315e-01 0.000000e+00
    outer loop
      vertex   5.582814e+01 1.695796e+01 1.860000e+01
      vertex   5.711453e+01 1.798381e+01 1.580000e+01
      vertex   5.582814e+01 1.695796e+01 1.580000e+01
    endloop
  endfacet
  facet normal -6.691306e-01 7.431448e-01 0.000000e+00
    outer loop
      vertex   5.582814e+01 1.695796e+01 1.860000e+01
      vertex   5.582814e+01 1.695796e+01 1.580000e+01
      vertex   5.460541e+01 1.585700e+01 1.860000e+01
    endloop
  endfacet
  facet normal -6.691306e-01 7.431448e-01 0.000000e+00
    outer loop
      vertex   5.460541e+01 1.585700e+01 1.860000e+01
      vertex   5.582814e+01 1.695796e+01 1.580000e+01
      vertex   5.460541e+01 1.585700e+01 1.580000e+01
    endloop
  endfacet
  facet normal -7.123761e-01 7.017979e-01 0.000000e+00
    outer loop
      vertex   5.460541e+01 1.585700e+01 1.860000e+01
      vertex   5.460541e+01 1.585700e+01 1.580000e+01
      vertex   5.345070e+01 1.468489e+01 1.860000e+01
    endloop
  endfacet
  facet normal -7.123761e-01 7.017979e-01 0.000000e+00
    outer loop
      vertex   5.345070e+01 1.468489e+01 1.860000e+01
      vertex   5.460541e+01 1.585700e+01 1.580000e+01
      vertex   5.345070e+01 1.468489e+01 1.580000e+01
    endloop
  endfacet
  facet normal -7.530715e-01 6.579387e-01 0.000000e+00
    outer loop
      vertex   5.345070e+01 1.468489e+01 1.860000e+01
      vertex   5.345070e+01 1.468489e+01 1.580000e+01
      vertex   5.236816e+01 1.344583e+01 1.860000e+01
    endloop
  endfacet
  facet normal -7.530715e-01 6.579387e-01 0.000000e+00
    outer loop
      vertex   5.236816e+01 1.344583e+01 1.860000e+01
      vertex   5.345070e+01 1.468489e+01 1.580000e+01
      vertex   5.236816e+01 1.344583e+01 1.580000e+01
    endloop
  endfacet
  facet normal -7.910710e-01 6.117243e-01 0.000000e+00
    outer loop
      vertex   5.236816e+01 1.344583e+01 1.860000e+01
      vertex   5.236816e+01 1.344583e+01 1.580000e+01
      vertex   5.136166e+01 1.214424e+01 1.860000e+01
    endloop
  endfacet
  facet normal -7.910710e-01 6.117243e-01 0.000000e+00
    outer loop
      vertex   5.136166e+01 1.214424e+01 1.860000e+01
      vertex   5.236816e+01 1.344583e+01 1.580000e+01
      vertex   5.136166e+01 1.214424e+01 1.580000e+01
    endloop
  endfacet
  facet normal -8.262388e-01 5.633201e-01 0.000000e+00
    outer loop
      vertex   5.136166e+01 1.214424e+01 1.860000e+01
      vertex   5.136166e+01 1.214424e+01 1.580000e+01
      vertex   5.043480e+01 1.078478e+01 1.860000e+01
    endloop
  endfacet
  facet normal -8.262388e-01 5.633201e-01 0.000000e+00
    outer loop
      vertex   5.043480e+01 1.078478e+01 1.860000e+01
      vertex   5.136166e+01 1.214424e+01 1.580000e+01
      vertex   5.043480e+01 1.078478e+01 1.580000e+01
    endloop
  endfacet
  facet normal -8.584488e-01 5.128993e-01 0.000000e+00
    outer loop
      vertex   5.043480e+01 1.078478e+01 1.860000e+01
      vertex   5.043480e+01 1.078478e+01 1.580000e+01
      vertex   4.959090e+01 9.372335e+00 1.860000e+01
    endloop
  endfacet
  facet normal -8.584488e-01 5.128993e-01 0.000000e+00
    outer loop
      vertex   4.959090e+01 9.372335e+00 1.860000e+01
      vertex   5.043480e+01 1.078478e+01 1.580000e+01
      vertex   4.959090e+01 9.372335e+00 1.580000e+01
    endloop
  endfacet
  facet normal -8.875858e-01 4.606425e-01 0.000000e+00
    outer loop
      vertex   4.959090e+01 9.372335e+00 1.860000e+01
      vertex   4.959090e+01 9.372335e+00 1.580000e+01
      vertex   4.883298e+01 7.911945e+00 1.860000e+01
    endloop
  endfacet
  facet normal -8.875858e-01 4.606425e-01 0.000000e+00
    outer loop
      vertex   4.883298e+01 7.911945e+00 1.860000e+01
      vertex   4.959090e+01 9.372335e+00 1.580000e+01
      vertex   4.883298e+01 7.911945e+00 1.580000e+01
    endloop
  endfacet
  facet normal -9.135455e-01 4.067366e-01 0.000000e+00
    outer loop
      vertex   4.883298e+01 7.911945e+00 1.860000e+01
      vertex   4.883298e+01 7.911945e+00 1.580000e+01
      vertex   4.816376e+01 6.408843e+00 1.860000e+01
    endloop
  endfacet
  facet normal -9.135455e-01 4.067366e-01 0.000000e+00
    outer loop
      vertex   4.816376e+01 6.408843e+00 1.860000e+01
      vertex   4.883298e+01 7.911945e+00 1.580000e+01
      vertex   4.816376e+01 6.408843e+00 1.580000e+01
    endloop
  endfacet
  facet normal -9.362349e-01 3.513748e-01 0.000000e+00
    outer loop
      vertex   4.816376e+01 6.408843e+00 1.860000e+01
      vertex   4.816376e+01 6.408843e+00 1.580000e+01
      vertex   4.758563e+01 4.868408e+00 1.860000e+01
    endloop
  endfacet
  facet normal -9.362349e-01 3.513748e-01 0.000000e+00
    outer loop
      vertex   4.758563e+01 4.868408e+00 1.860000e+01
      vertex   4.816376e+01 6.408843e+00 1.580000e+01
      vertex   4.758563e+01 4.868408e+00 1.580000e+01
    endloop
  endfacet
  facet normal -9.555728e-01 2.947552e-01 0.000000e+00
    outer loop
      vertex   4.758563e+01 4.868408e+00 1.860000e+01
      vertex   4.758563e+01 4.868408e+00 1.580000e+01
      vertex   4.710065e+01 3.296156e+00 1.860000e+01
    endloop
  endfacet
  facet normal -9.555728e-01 2.947552e-01 0.000000e+00
    outer loop
      vertex   4.710065e+01 3.296156e+00 1.860000e+01
      vertex   4.758563e+01 4.868408e+00 1.580000e+01
      vertex   4.710065e+01 3.296156e+00 1.580000e+01
    endloop
  endfacet
  facet normal -9.714900e-01 2.370804e-01 0.000000e+00
    outer loop
      vertex   4.710065e+01 3.296156e+00 1.860000e+01
      vertex   4.710065e+01 3.296156e+00 1.580000e+01
      vertex   4.671057e+01 1.697714e+00 1.860000e+01
    endloop
  endfacet
  facet normal -9.714900e-01 2.370804e-01 0.000000e+00
    outer loop
      vertex   4.671057e+01 1.697714e+00 1.860000e+01
      vertex   4.710065e+01 3.296156e+00 1.580000e+01
      vertex   4.671057e+01 1.697714e+00 1.580000e+01
    endloop
  endfacet
  facet normal -9.839296e-01 1.785569e-01 0.000000e+00
    outer loop
      vertex   4.671057e+01 1.697714e+00 1.860000e+01
      vertex   4.671057e+01 1.697714e+00 1.580000e+01
      vertex   4.641678e+01 7.880461e-02 1.860000e+01
    endloop
  endfacet
  facet normal -9.839296e-01 1.785569e-01 0.000000e+00
    outer loop
      vertex   4.641678e+01 7.880461e-02 1.860000e+01
      vertex   4.671057e+01 1.697714e+00 1.580000e+01
      vertex   4.641678e+01 7.880461e-02 1.580000e+01
    endloop
  endfacet
  facet normal -9.928469e-01 1.193942e-01 0.000000e+00
    outer loop
      vertex   4.641678e+01 7.880461e-02 1.860000e+01
      vertex   4.641678e+01 7.880461e-02 1.580000e+01
      vertex   4.622033e+01 -1.554777e+00 1.860000e+01
    endloop
  endfacet
  facet normal -9.928469e-01 1.193942e-01 0.000000e+00
    outer loop
      vertex   4.622033e+01 -1.554777e+00 1.860000e+01
      vertex   4.641678e+01 7.880461e-02 1.580000e+01
      vertex   4.622033e+01 -1.554777e+00 1.580000e+01
    endloop
  endfacet
  facet normal -9.982101e-01 5.980415e-02 0.000000e+00
    outer loop
      vertex   4.622033e+01 -1.554777e+00 1.860000e+01
      vertex   4.622033e+01 -1.554777e+00 1.580000e+01
      vertex   4.612194e+01 -3.197182e+00 1.860000e+01
    endloop
  endfacet
  facet normal -9.982101e-01 5.980415e-02 0.000000e+00
    outer loop
      vertex   4.612194e+01 -3.197182e+00 1.860000e+01
      vertex   4.622033e+01 -1.554777e+00 1.580000e+01
      vertex   4.612194e+01 -3.197182e+00 1.580000e+01
    endloop
  endfacet
  facet normal -1.000000e+00 -0.000000e+00 -0.000000e+00
    outer loop
      vertex   4.612194e+01 -3.197182e+00 1.860000e+01
      vertex   4.612194e+01 -3.197182e+00 1.580000e+01
      vertex   4.612194e+01 -4.842533e+00 1.860000e+01
    endloop
  endfacet
  facet normal -1.000000e+00 0.000000e+00 0.000000e+00
    outer loop
      vertex   4.612194e+01 -4.842533e+00 1.860000e+01
      vertex   4.612194e+01 -3.197182e+00 1.580000e+01
      vertex   4.612194e+01 -4.842533e+00 1.580000e+01
    endloop
  endfacet
  facet normal -9.982101e-01 -5.980415e-02 -0.000000e+00
    outer loop
      vertex   4.612194e+01 -4.842533e+00 1.860000e+01
      vertex   4.612194e+01 -4.842533e+00 1.580000e+01
      vertex   4.622033e+01 -6.484939e+00 1.860000e+01
    endloop
  endfacet
  facet normal -9.982101e-01 -5.980415e-02 -0.000000e+00
    outer loop
      vertex   4.622033e+01 -6.484939e+00 1.860000e+01
      vertex   4.612194e+01 -4.842533e+00 1.580000e+01
      vertex   4.622033e+01 -6.484939e+00 1.580000e+01
    endloop
  endfacet
  facet normal -9.928469e-01 -1.193942e-01 -0.000000e+00
    outer loop
      vertex   4.622033e+01 -6.484939e+00 1.860000e+01
      vertex   4.622033e+01 -6.484939e+00 1.580000e+01
      vertex   4.641678e+01 -8.118520e+00 1.860000e+01
    endloop
  endfacet
  facet normal -9.928469e-01 -1.193942e-01 -0.000000e+00
    outer loop
      vertex   4.641678e+01 -8.118520e+00 1.860000e+01
      vertex   4.622033e+01 -6.484939e+00 1.580000e+01
      vertex   4.641678e+01 -8.118520e+00 1.580000e+01
    endloop
  endfacet
  facet normal -9.839296e-01 -1.785569e-01 -0.000000e+00
    outer loop
      vertex   4.641678e+01 -8.118520e+00 1.860000e+01
      vertex   4.641678e+01 -8.118520e+00 1.580000e+01
      vertex   4.671057e+01 -9.737429e+00 1.860000e+01
    endloop
  endfacet
  facet normal -9.839296e-01 -1.785569e-01 -0.000000e+00
    outer loop
      vertex   4.671057e+01 -9.737429e+00 1.860000e+01
      vertex   4.641678e+01 -8.118520e+00 1.580000e+01
      vertex   4.671057e+01 -9.737429e+00 1.580000e+01
    endloop
  endfacet
  facet normal -9.714900e-01 -2.370804e-01 -0.000000e+00
    outer loop
      vertex   4.671057e+01 -9.737429e+00 1.860000e+01
      vertex   4.671057e+01 -9.737429e+00 1.580000e+01
      vertex   4.710065e+01 -1.133587e+01 1.860000e+01
    endloop
  endfacet
  facet normal -9.714900e-01 -2.370804e-01 -0.000000e+00
    outer loop
      vertex   4.710065e+01 -1.133587e+01 1.860000e+01
      vertex   4.671057e+01 -9.737429e+00 1.580000e+01
      vertex   4.710065e+01 -1.133587e+01 1.580000e+01
    endloop
  endfacet
  facet normal -9.555728e-01 -2.947552e-01 -0.000000e+00
    outer loop
      vertex   4.710065e+01 -1.133587e+01 1.860000e+01
      vertex   4.710065e+01 -1.133587e+01 1.580000e+01
      vertex   4.758563e+01 -1.290812e+01 1.860000e+01
    endloop
  endfacet
  facet normal -9.555728e-01 -2.947552e-01 -0.000000e+00
    outer loop
      vertex   4.758563e+01 -1.290812e+01 1.860000e+01
      vertex   4.710065e+01 -1.133587e+01 1.580000e+01
      vertex   4.758563e+01 -1.290812e+01 1.580000e+01
    endloop
  endfacet
  facet normal -9.362349e-01 -3.513748e-01 -0.000000e+00
    outer loop
      vertex   4.758563e+01 -1.290812e+01 1.860000e+01
      vertex   4.758563e+01 -1.290812e+01 1.580000e+01
      vertex   4.816376e+01 -1.444856e+01 1.860000e+01
    endloop
  endfacet
  facet normal -9.362349e-01 -3.513748e-01 -0.000000e+00
    outer loop
      vertex   4.816376e+01 -1.444856e+01 1.860000e+01
      vertex   4.758563e+01 -1.290812e+01 1.580000e+01
      vertex   4.816376e+01 -1.444856e+01 1.580000e+01
    endloop
  endfacet
  facet normal -9.135455e-01 -4.067366e-01 -0.000000e+00
    outer loop
      vertex   4.816376e+01 -1.444856e+01 1.860000e+01
      vertex   4.816376e+01 -1.444856e+01 1.580000e+01
      vertex   4.883298e+01 -1.595166e+01 1.860000e+01
    endloop
  endfacet
  facet normal -9.135455e-01 -4.067366e-01 -0.000000e+00
    outer loop
      vertex   4.883298e+01 -1.595166e+01 1.860000e+01
      vertex   4.816376e+01 -1.444856e+01 1.580000e+01
      vertex   4.883298e+01 -1.595166e+01 1.580000e+01
    endloop
  endfacet
  facet normal -8.875858e-01 -4.606425e-01 -0.000000e+00
    outer loop
      vertex   4.883298e+01 -1.595166e+01 1.860000e+01
      vertex   4.883298e+01 -1.595166e+01 1.580000e+01
      vertex   4.959090e+01 -1.741205e+01 1.860000e+01
    endloop
  endfacet
  facet normal -8.875858e-01 -4.606425e-01 -0.000000e+00
    outer loop
      vertex   4.959090e+01 -1.741205e+01 1.860000e+01
      vertex   4.883298e+01 -1.595166e+01 1.580000e+01
      vertex   4.959090e+01 -1.741205e+01 1.580000e+01
    endloop
  endfacet
  facet normal -8.584488e-01 -5.128993e-01 -0.000000e+00
    outer loop
      vertex   4.959090e+01 -1.741205e+01 1.860000e+01
      vertex   4.959090e+01 -1.741205e+01 1.580000e+01
      vertex   5.043480e+01 -1.882450e+01 1.860000e+01
    endloop
  endfacet
  facet normal -8.584488e-01 -5.128993e-01 -0.000000e+00
    outer loop
      vertex   5.043480e+01 -1.882450e+01 1.860000e+01
      vertex   4.959090e+01 -1.741205e+01 1.580000e+01
      vertex   5.043480e+01 -1.882450e+01 1.580000e+01
    endloop
  endfacet
  facet normal -8.262388e-01 -5.633201e-01 -0.000000e+00
    outer loop
      vertex   5.043480e+01 -1.882450e+01 1.860000e+01
      vertex   5.043480e+01 -1.882450e+01 1.580000e+01
      vertex   5.136166e+01 -2.018395e+01 1.860000e+01
    endloop
  endfacet
  facet normal -8.262388e-01 -5.633201e-01 -0.000000e+00
    outer loop
      vertex   5.136166e+01 -2.018395e+01 1.860000e+01
      vertex   5.043480e+01 -1.882450e+01 1.580000e+01
      vertex   5.136166e+01 -2.018395e+01 1.580000e+01
    endloop
  endfacet
  facet normal -7.910710e-01 -6.117243e-01 -0.000000e+00
    outer loop
      vertex   5.136166e+01 -2.018395e+01 1.860000e+01
      vertex   5.136166e+01 -2.018395e+01 1.580000e+01
      vertex   5.236816e+01 -2.148554e+01 1.860000e+01
    endloop
  endfacet
  facet normal -7.910710e-01 -6.117243e-01 -0.000000e+00
    outer loop
      vertex   5.236816e+01 -2.148554e+01 1.860000e+01
      vertex   5.136166e+01 -2.018395e+01 1.580000e+01
      vertex   5.236816e+01 -2.148554e+01 1.580000e+01
    endloop
  endfacet
  facet normal -7.530715e-01 -6.579387e-01 -0.000000e+00
    outer loop
      vertex   5.236816e+01 -2.148554e+01 1.860000e+01
      vertex   5.236816e+01 -2.148554e+01 1.580000e+01
      vertex   5.345070e+01 -2.272461e+01 1.860000e+01
    endloop
  endfacet
  facet normal -7.530715e-01 -6.579387e-01 -0.000000e+00
    outer loop
      vertex   5.345070e+01 -2.272461e+01 1.860000e+01
      vertex   5.236816e+01 -2.148554e+01 1.580000e+01
      vertex   5.345070e+01 -2.272461e+01 1.580000e+01
    endloop
  endfacet
  facet normal -7.123761e-01 -7.017979e-01 -0.000000e+00
    outer loop
      vertex   5.345070e+01 -2.272461e+01 1.860000e+01
      vertex   5.345070e+01 -2.272461e+01 1.580000e+01
      vertex   5.460541e+01 -2.389672e+01 1.860000e+01
    endloop
  endfacet
  facet normal -7.123761e-01 -7.017979e-01 -0.000000e+00
    outer loop
      vertex   5.460541e+01 -2.389672e+01 1.860000e+01
      vertex   5.345070e+01 -2.272461e+01 1.580000e+01
      vertex   5.460541e+01 -2.389672e+01 1.580000e+01
    endloop
  endfacet
  facet normal -6.691306e-01 -7.431448e-01 -0.000000e+00
    outer loop
      vertex   5.460541e+01 -2.389672e+01 1.860000e+01
      vertex   5.460541e+01 -2.389672e+01 1.580000e+01
      vertex   5.582814e+01 -2.499767e+01 1.860000e+01
    endloop
  endfacet
  facet normal -6.691306e-01 -7.431448e-01 -0.000000e+00
    outer loop
      vertex   5.582814e+01 -2.499767e+01 1.860000e+01
      vertex   5.460541e+01 -2.389672e+01 1.580000e+01
      vertex   5.582814e+01 -2.499767e+01 1.580000e+01
    endloop
  endfacet
  facet normal -6.234898e-01 -7.818315e-01 -0.000000e+00
    outer loop
      vertex   5.582814e+01 -2.499767e+01 1.860000e+01
      vertex   5.582814e+01 -2.499767e+01 1.580000e+01
      vertex   5.711453e+01 -2.602353e+01 1.860000e+01
    endloop
  endfacet
  facet normal -6.234898e-01 -7.818315e-01 -0.000000e+00
    outer loop
      vertex   5.711453e+01 -2.602353e+01 1.860000e+01
      vertex   5.582814e+01 -2.499767e+01 1.580000e+01
      vertex   5.711453e+01 -2.602353e+01 1.580000e+01
    endloop
  endfacet
  facet normal -5.756171e-01 -8.177194e-01 -0.000000e+00
    outer loop
      vertex   5.711453e+01 -2.602353e+01 1.860000e+01
      vertex   5.711453e+01 -2.602353e+01 1.580000e+01
      vertex   5.845996e+01 -2.697062e+01 1.860000e+01
    endloop
  endfacet
  facet normal -5.756171e-01 -8.177194e-01 -0.000000e+00
    outer loop
      vertex   5.845996e+01 -2.697062e+01 1.860000e+01
      vertex   5.711453e+01 -2.602353e+01 1.580000e+01
      vertex   5.845996e+01 -2.697062e+01 1.580000e+01
    endloop
  endfacet
  facet normal -5.256838e-01 -8.506801e-01 -0.000000e+00
    outer loop
      vertex   5.845996e+01 -2.697062e+01 1.860000e+01
      vertex   5.845996e+01 -2.697062e+01 1.580000e+01
      vertex   5.985963e+01 -2.783556e+01 1.860000e+01
    endloop
  endfacet
  facet normal -5.256838e-01 -8.506801e-01 -0.000000e+00
    outer loop
      vertex   5.985963e+01 -2.783556e+01 1.860000e+01
      vertex   5.845996e+01 -2.697062e+01 1.580000e+01
      vertex   5.985963e+01 -2.783556e+01 1.580000e+01
    endloop
  endfacet
  facet normal -4.738687e-01 -8.805955e-01 -0.000000e+00
    outer loop
      vertex   5.985963e+01 -2.783556e+01 1.860000e+01
      vertex   5.985963e+01 -2.783556e+01 1.580000e+01
      vertex   6.130852e+01 -2.861524e+01 1.860000e+01
    endloop
  endfacet
  facet normal -4.738687e-01 -8.805955e-01 -0.000000e+00
    outer loop
      vertex   6.130852e+01 -2.861524e+01 1.860000e+01
      vertex   5.985963e+01 -2.783556e+01 1.580000e+01
      vertex   6.130852e+01 -2.861524e+01 1.580000e+01
    endloop
  endfacet
  facet normal -4.203572e-01 -9.073587e-01 -0.000000e+00
    outer loop
      vertex   6.130852e+01 -2.861524e+01 1.860000e+01
      vertex   6.130852e+01 -2.861524e+01 1.580000e+01
      vertex   6.280144e+01 -2.930687e+01 1.860000e+01
    endloop
  endfacet
  facet normal -4.203572e-01 -9.073587e-01 -0.000000e+00
    outer loop
      vertex   6.280144e+01 -2.930687e+01 1.860000e+01
      vertex   6.130852e+01 -2.861524e+01 1.580000e+01
      vertex   6.280144e+01 -2.930687e+01 1.580000e+01
    endloop
  endfacet
  facet normal -3.653410e-01 -9.308737e-01 -0.000000e+00
    outer loop
      vertex   6.280144e+01 -2.930687e+01 1.860000e+01
      vertex   6.280144e+01 -2.930687e+01 1.580000e+01
      vertex   6.433305e+01 -2.990799e+01 1.860000e+01
    endloop
  endfacet
  facet normal -3.653410e-01 -9.308737e-01 -0.000000e+00
    outer loop
      vertex   6.433305e+01 -2.990799e+01 1.860000e+01
      vertex   6.280144e+01 -2.930687e+01 1.580000e+01
      vertex   6.433305e+01 -2.990799e+01 1.580000e+01
    endloop
  endfacet
  facet normal -3.090170e-01 -9.510565e-01 -0.000000e+00
    outer loop
      vertex   6.433305e+01 -2.990799e+01 1.860000e+01
      vertex   6.433305e+01 -2.990799e+01 1.580000e+01
      vertex   6.589787e+01 -3.041643e+01 1.860000e+01
    endloop
  endfacet
  facet normal -3.090170e-01 -9.510565e-01 -0.000000e+00
    outer loop
      vertex   6.589787e+01 -3.041643e+01 1.860000e+01
      vertex   6.433305e+01 -2.990799e+01 1.580000e+01
      vertex   6.589787e+01 -3.041643e+01 1.580000e+01
    endloop
  endfacet
  facet normal -2.515868e-01 -9.678347e-01 -0.000000e+00
    outer loop
      vertex   6.589787e+01 -3.041643e+01 1.860000e+01
      vertex   6.589787e+01 -3.041643e+01 1.580000e+01
      vertex   6.749030e+01 -3.083038e+01 1.860000e+01
    endloop
  endfacet
  facet normal -2.515868e-01 -9.678347e-01 -0.000000e+00
    outer loop
      vertex   6.749030e+01 -3.083038e+01 1.860000e+01
      vertex   6.589787e+01 -3.041643e+01 1.580000e+01
      vertex   6.749030e+01 -3.083038e+01 1.580000e+01
    endloop
  endfacet
  facet normal -1.932559e-01 -9.811484e-01 -0.000000e+00
    outer loop
      vertex   6.749030e+01 -3.083038e+01 1.860000e+01
      vertex   6.749030e+01 -3.083038e+01 1.580000e+01
      vertex   6.910464e+01 -3.114835e+01 1.860000e+01
    endloop
  endfacet
  facet normal -1.932559e-01 -9.811484e-01 -0.000000e+00
    outer loop
      vertex   6.910464e+01 -3.114835e+01 1.860000e+01
      vertex   6.749030e+01 -3.083038e+01 1.580000e+01
      vertex   6.910464e+01 -3.114835e+01 1.580000e+01
    endloop
  endfacet
  facet normal -1.342333e-01 -9.909498e-01 -0.000000e+00
    outer loop
      vertex   6.910464e+01 -3.114835e+01 1.860000e+01
      vertex   6.910464e+01 -3.114835e+01 1.580000e+01
      vertex   7.073510e+01 -3.136921e+01 1.860000e+01
    endloop
  endfacet
  facet normal -1.342333e-01 -9.909498e-01 -0.000000e+00
    outer loop
      vertex   7.073510e+01 -3.136921e+01 1.860000e+01
      vertex   6.910464e+01 -3.114835e+01 1.580000e+01
      vertex   7.073510e+01 -3.136921e+01 1.580000e+01
    endloop
  endfacet
  facet normal -7.473009e-02 -9.972038e-01 -0.000000e+00
    outer loop
      vertex   7.073510e+01 -3.136921e+01 1.860000e+01
      vertex   7.073510e+01 -3.136921e+01 1.580000e+01
      vertex   7.237585e+01 -3.149217e+01 1.860000e+01
    endloop
  endfacet
  facet normal -7.473009e-02 -9.972038e-01 -0.000000e+00
    outer loop
      vertex   7.237585e+01 -3.149217e+01 1.860000e+01
      vertex   7.073510e+01 -3.136921e+01 1.580000e+01
      vertex   7.237585e+01 -3.149217e+01 1.580000e+01
    endloop
  endfacet
  facet normal -1.495941e-02 -9.998881e-01 -0.000000e+00
    outer loop
      vertex   7.237585e+01 -3.149217e+01 1.860000e+01
      vertex   7.237585e+01 -3.149217e+01 1.580000e+01
      vertex   7.402101e+01 -3.151678e+01 1.860000e+01
    endloop
  endfacet
  facet normal -1.495941e-02 -9.998881e-01 -0.000000e+00
    outer loop
      vertex   7.402101e+01 -3.151678e+01 1.860000e+01
      vertex   7.237585e+01 -3.149217e+01 1.580000e+01
      vertex   7.402101e+01 -3.151678e+01 1.580000e+01
    endloop
  endfacet
  facet normal 4.486483e-02 -9.989931e-01 0.000000e+00
    outer loop
      vertex   7.402101e+01 -3.151678e+01 1.860000e+01
      vertex   7.402101e+01 -3.151678e+01 1.580000e+01
      vertex   7.566471e+01 -3.144296e+01 1.860000e+01
    endloop
  endfacet
  facet normal 4.486483e-02 -9.989931e-01 0.000000e+00
    outer loop
      vertex   7.566471e+01 -3.144296e+01 1.860000e+01
      vertex   7.402101e+01 -3.151678e+01 1.580000e+01
      vertex   7.566471e+01 -3.144296e+01 1.580000e+01
    endloop
  endfacet
  facet normal 1.045285e-01 -9.945219e-01 0.000000e+00
    outer loop
      vertex   7.566471e+01 -3.144296e+01 1.860000e+01
      vertex   7.566471e+01 -3.144296e+01 1.580000e+01
      vertex   7.730104e+01 -3.127098e+01 1.860000e+01
    endloop
  endfacet
  facet normal 1.045285e-01 -9.945219e-01 0.000000e+00
    outer loop
      vertex   7.730104e+01 -3.127098e+01 1.860000e+01
      vertex   7.566471e+01 -3.144296e+01 1.580000e+01
      vertex   7.730104e+01 -3.127098e+01 1.580000e+01
    endloop
  endfacet
  facet normal 1.638179e-01 -9.864906e-01 0.000000e+00
    outer loop
      vertex   7.730104e+01 -3.127098e+01 1.860000e+01
      vertex   7.730104e+01 -3.127098e+01 1.580000e+01
      vertex   7.892417e+01 -3.100144e+01 1.860000e+01
    endloop
  endfacet
  facet normal 1.638179e-01 -9.864906e-01 0.000000e+00
    outer loop
      vertex   7.892417e+01 -3.100144e+01 1.860000e+01
      vertex   7.730104e+01 -3.127098e+01 1.580000e+01
      vertex   7.892417e+01 -3.100144e+01 1.580000e+01
    endloop
  endfacet
  facet normal 2.225209e-01 -9.749279e-01 0.000000e+00
    outer loop
      vertex   7.892417e+01 -3.100144e+01 1.860000e+01
      vertex   7.892417e+01 -3.100144e+01 1.580000e+01
      vertex   8.052826e+01 -3.063531e+01 1.860000e+01
    endloop
  endfacet
  facet normal 2.225209e-01 -9.749279e-01 0.000000e+00
    outer loop
      vertex   8.052826e+01 -3.063531e+01 1.860000e+01
      vertex   7.892417e+01 -3.100144e+01 1.580000e+01
      vertex   8.052826e+01 -3.063531e+01 1.580000e+01
    endloop
  endfacet
  facet normal 2.804274e-01 -9.598752e-01 0.000000e+00
    outer loop
      vertex   8.052826e+01 -3.063531e+01 1.860000e+01
      vertex   8.052826e+01 -3.063531e+01 1.580000e+01
      vertex   8.210760e+01 -3.017391e+01 1.860000e+01
    endloop
  endfacet
  facet normal 2.804274e-01 -9.598752e-01 0.000000e+00
    outer loop
      vertex   8.210760e+01 -3.017391e+01 1.860000e+01
      vertex   8.052826e+01 -3.063531e+01 1.580000e+01
      vertex   8.210760e+01 -3.017391e+01 1.580000e+01
    endloop
  endfacet
  facet normal 3.373300e-01 -9.413865e-01 0.000000e+00
    outer loop
      vertex   8.210760e+01 -3.017391e+01 1.860000e+01
      vertex   8.210760e+01 -3.017391e+01 1.580000e+01
      vertex   8.365651e+01 -2.961889e+01 1.860000e+01
    endloop
  endfacet
  facet normal 3.373300e-01 -9.413865e-01 0.000000e+00
    outer loop
      vertex   8.365651e+01 -2.961889e+01 1.860000e+01
      vertex   8.210760e+01 -3.017391e+01 1.580000e+01
      vertex   8.365651e+01 -2.961889e+01 1.580000e+01
    endloop
  endfacet
  facet normal 3.930250e-01 -9.195278e-01 0.000000e+00
    outer loop
      vertex   8.365651e+01 -2.961889e+01 1.860000e+01
      vertex   8.365651e+01 -2.961889e+01 1.580000e+01
      vertex   8.516945e+01 -2.897222e+01 1.860000e+01
    endloop
  endfacet
  facet normal 3.930250e-01 -9.195278e-01 0.000000e+00
    outer loop
      vertex   8.516945e+01 -2.897222e+01 1.860000e+01
      vertex   8.365651e+01 -2.961889e+01 1.580000e+01
      vertex   8.516945e+01 -2.897222e+01 1.580000e+01
    endloop
  endfacet
  facet normal 4.473131e-01 -8.943774e-01 0.000000e+00
    outer loop
      vertex   8.516945e+01 -2.897222e+01 1.860000e+01
      vertex   8.516945e+01 -2.897222e+01 1.580000e+01
      vertex   8.664102e+01 -2.823623e+01 1.860000e+01
    endloop
  endfacet
  facet normal 4.473131e-01 -8.943774e-01 0.000000e+00
    outer loop
      vertex   8.664102e+01 -2.823623e+01 1.860000e+01
      vertex   8.516945e+01 -2.897222e+01 1.580000e+01
      vertex   8.664102e+01 -2.823623e+01 1.580000e+01
    endloop
  endfacet
  facet normal 5.000000e-01 -8.660254e-01 0.000000e+00
    outer loop
      vertex   8.664102e+01 -2.823623e+01 1.860000e+01
      vertex   8.664102e+01 -2.823623e+01 1.580000e+01
      vertex   8.806593e+01 -2.741356e+01 1.860000e+01
    endloop
  endfacet
  facet normal 5.000000e-01 -8.660254e-01 0.000000e+00
    outer loop
      vertex   8.806593e+01 -2.741356e+01 1.860000e+01
      vertex   8.664102e+01 -2.823623e+01 1.580000e+01
      vertex   8.806593e+01 -2.741356e+01 1.580000e+01
    endloop
  endfacet
  facet normal 5.508970e-01 -8.345733e-01 0.000000e+00
    outer loop
      vertex   8.806593e+01 -2.741356e+01 1.860000e+01
      vertex   8.806593e+01 -2.741356e+01 1.580000e+01
      vertex   8.943910e+01 -2.650714e+01 1.860000e+01
    endloop
  endfacet
  facet normal 5.508970e-01 -8.345733e-01 0.000000e+00
    outer loop
      vertex   8.943910e+01 -2.650714e+01 1.860000e+01
      vertex   8.806593e+01 -2.741356e+01 1.580000e+01
      vertex   8.943910e+01 -2.650714e+01 1.580000e+01
    endloop
  endfacet
  facet normal 5.998219e-01 -8.001335e-01 0.000000e+00
    outer loop
      vertex   8.943910e+01 -2.650714e+01 1.860000e+01
      vertex   8.943910e+01 -2.650714e+01 1.580000e+01
      vertex   9.075560e+01 -2.552022e+01 1.860000e+01
    endloop
  endfacet
  facet normal 5.998219e-01 -8.001335e-01 0.000000e+00
    outer loop
      vertex   9.075560e+01 -2.552022e+01 1.860000e+01
      vertex   8.943910e+01 -2.650714e+01 1.580000e+01
      vertex   9.075560e+01 -2.552022e+01 1.580000e+01
    endloop
  endfacet
  facet normal 6.465996e-01 -7.628296e-01 0.000000e+00
    outer loop
      vertex   9.075560e+01 -2.552022e+01 1.860000e+01
      vertex   9.075560e+01 -2.552022e+01 1.580000e+01
      vertex   9.201072e+01 -2.445634e+01 1.860000e+01
    endloop
  endfacet
  facet normal 6.465996e-01 -7.628296e-01 0.000000e+00
    outer loop
      vertex   9.201072e+01 -2.445634e+01 1.860000e+01
      vertex   9.075560e+01 -2.552022e+01 1.580000e+01
      vertex   9.201072e+01 -2.445634e+01 1.580000e+01
    endloop
  endfacet
  facet normal 6.910626e-01 -7.227949e-01 0.000000e+00
    outer loop
      vertex   9.201072e+01 -2.445634e+01 1.860000e+01
      vertex   9.201072e+01 -2.445634e+01 1.580000e+01
      vertex   9.319997e+01 -2.331930e+01 1.860000e+01
    endloop
  endfacet
  facet normal 6.910626e-01 -7.227949e-01 0.000000e+00
    outer loop
      vertex   9.319997e+01 -2.331930e+01 1.860000e+01
      vertex   9.201072e+01 -2.445634e+01 1.580000e+01
      vertex   9.319997e+01 -2.331930e+01 1.580000e+01
    endloop
  endfacet
  facet normal 7.330519e-01 -6.801727e-01 0.000000e+00
    outer loop
      vertex   9.319997e+01 -2.331930e+01 1.860000e+01
      vertex   9.319997e+01 -2.331930e+01 1.580000e+01
      vertex   9.431909e+01 -2.211317e+01 1.860000e+01
    endloop
  endfacet
  facet normal 7.330519e-01 -6.801727e-01 0.000000e+00
    outer loop
      vertex   9.431909e+01 -2.211317e+01 1.860000e+01
      vertex   9.319997e+01 -2.331930e+01 1.580000e+01
      vertex   9.431909e+01 -2.211317e+01 1.580000e+01
    endloop
  endfacet
  facet normal 7.724170e-01 -6.351158e-01 0.000000e+00
    outer loop
      vertex   9.431909e+01 -2.211317e+01 1.860000e+01
      vertex   9.431909e+01 -2.211317e+01 1.580000e+01
      vertex   9.536408e+01 -2.084228e+01 1.860000e+01
    endloop
  endfacet
  facet normal 7.724170e-01 -6.351158e-01 0.000000e+00
    outer loop
      vertex   9.536408e+01 -2.084228e+01 1.860000e+01
      vertex   9.431909e+01 -2.211317e+01 1.580000e+01
      vertex   9.536408e+01 -2.084228e+01 1.580000e+01
    endloop
  endfacet
  facet normal 8.090170e-01 -5.877853e-01 0.000000e+00
    outer loop
      vertex   9.536408e+01 -2.084228e+01 1.860000e+01
      vertex   9.536408e+01 -2.084228e+01 1.580000e+01
      vertex   9.633119e+01 -1.951116e+01 1.860000e+01
    endloop
  endfacet
  facet normal 8.090170e-01 -5.877853e-01 0.000000e+00
    outer loop
      vertex   9.633119e+01 -1.951116e+01 1.860000e+01
      vertex   9.536408e+01 -2.084228e+01 1.580000e+01
      vertex   9.633119e+01 -1.951116e+01 1.580000e+01
    endloop
  endfacet
  facet normal 8.427210e-01 -5.383506e-01 0.000000e+00
    outer loop
      vertex   9.633119e+01 -1.951116e+01 1.860000e+01
      vertex   9.633119e+01 -1.951116e+01 1.580000e+01
      vertex   9.721697e+01 -1.812459e+01 1.860000e+01
    endloop
  endfacet
  facet normal 8.427210e-01 -5.383506e-01 0.000000e+00
    outer loop
      vertex   9.721697e+01 -1.812459e+01 1.860000e+01
      vertex   9.633119e+01 -1.951116e+01 1.580000e+01
      vertex   9.721697e+01 -1.812459e+01 1.580000e+01
    endloop
  endfacet
  facet normal 8.734082e-01 -4.869888e-01 0.000000e+00
    outer loop
      vertex   9.721697e+01 -1.812459e+01 1.860000e+01
      vertex   9.721697e+01 -1.812459e+01 1.580000e+01
      vertex   9.801824e+01 -1.668753e+01 1.860000e+01
    endloop
  endfacet
  facet normal 8.734082e-01 -4.869888e-01 0.000000e+00
    outer loop
      vertex   9.801824e+01 -1.668753e+01 1.860000e+01
      vertex   9.721697e+01 -1.812459e+01 1.580000e+01
      vertex   9.801824e+01 -1.668753e+01 1.580000e+01
    endloop
  endfacet
  facet normal 9.009689e-01 -4.338837e-01 0.000000e+00
    outer loop
      vertex   9.801824e+01 -1.668753e+01 1.860000e+01
      vertex   9.801824e+01 -1.668753e+01 1.580000e+01
      vertex   9.873213e+01 -1.520512e+01 1.860000e+01
    endloop
  endfacet
  facet normal 9.009689e-01 -4.338837e-01 0.000000e+00
    outer loop
      vertex   9.873213e+01 -1.520512e+01 1.860000e+01
      vertex   9.801824e+01 -1.668753e+01 1.580000e+01
      vertex   9.873213e+01 -1.520512e+01 1.580000e+01
    endloop
  endfacet
  facet normal 9.253043e-01 -3.792255e-01 0.000000e+00
    outer loop
      vertex   9.873213e+01 -1.520512e+01 1.860000e+01
      vertex   9.873213e+01 -1.520512e+01 1.580000e+01
      vertex   9.935609e+01 -1.368267e+01 1.860000e+01
    endloop
  endfacet
  facet normal 9.253043e-01 -3.792255e-01 0.000000e+00
    outer loop
      vertex   9.935609e+01 -1.368267e+01 1.860000e+01
      vertex   9.873213e+01 -1.520512e+01 1.580000e+01
      vertex   9.935609e+01 -1.368267e+01 1.580000e+01
    endloop
  endfacet
  facet normal 9.463274e-01 -3.232097e-01 0.000000e+00
    outer loop
      vertex   9.935609e+01 -1.368267e+01 1.860000e+01
      vertex   9.935609e+01 -1.368267e+01 1.580000e+01
      vertex   9.988788e+01 -1.212563e+01 1.860000e+01
    endloop
  endfacet
  facet normal 9.463274e-01 -3.232097e-01 0.000000e+00
    outer loop
      vertex   9.988788e+01 -1.212563e+01 1.860000e+01
      vertex   9.935609e+01 -1.368267e+01 1.580000e+01
      vertex   9.988788e+01 -1.212563e+01 1.580000e+01
    endloop
  endfacet
  facet normal 9.639629e-01 -2.660368e-01 0.000000e+00
    outer loop
      vertex   9.988788e+01 -1.212563e+01 1.860000e+01
      vertex   9.988788e+01 -1.212563e+01 1.580000e+01
      vertex   1.003256e+02 -1.053957e+01 1.860000e+01
    endloop
  endfacet
  facet normal 9.639629e-01 -2.660368e-01 0.000000e+00
    outer loop
      vertex   1.003256e+02 -1.053957e+01 1.860000e+01
      vertex   9.988788e+01 -1.212563e+01 1.580000e+01
      vertex   1.003256e+02 -1.053957e+01 1.580000e+01
    endloop
  endfacet
  facet normal 9.781476e-01 -2.079117e-01 0.000000e+00
    outer loop
      vertex   1.003256e+02 -1.053957e+01 1.860000e+01
      vertex   1.003256e+02 -1.053957e+01 1.580000e+01
      vertex   1.006677e+02 -8.930172e+00 1.860000e+01
    endloop
  endfacet
  facet normal 9.781476e-01 -2.079117e-01 0.000000e+00
    outer loop
      vertex   1.006677e+02 -8.930172e+00 1.860000e+01
      vertex   1.003256e+02 -1.053957e+01 1.580000e+01
      vertex   1.006677e+02 -8.930172e+00 1.580000e+01
    endloop
  endfacet
  facet normal 9.888308e-01 -1.490423e-01 0.000000e+00
    outer loop
      vertex   1.006677e+02 -8.930172e+00 1.860000e+01
      vertex   1.006677e+02 -8.930172e+00 1.580000e+01
      vertex   1.009129e+02 -7.303199e+00 1.860000e+01
    endloop
  endfacet
  facet normal 9.888308e-01 -1.490423e-01 0.000000e+00
    outer loop
      vertex   1.009129e+02 -7.303199e+00 1.860000e+01
      vertex   1.006677e+02 -8.930172e+00 1.580000e+01
      vertex   1.009129e+02 -7.303199e+00 1.580000e+01
    endloop
  endfacet
  facet normal 9.959743e-01 -8.963931e-02 0.000000e+00
    outer loop
      vertex   1.009129e+02 -7.303199e+00 1.860000e+01
      vertex   1.009129e+02 -7.303199e+00 1.580000e+01
      vertex   1.010604e+02 -5.664472e+00 1.860000e+01
    endloop
  endfacet
  facet normal 9.959743e-01 -8.963931e-02 0.000000e+00
    outer loop
      vertex   1.010604e+02 -5.664472e+00 1.860000e+01
      vertex   1.009129e+02 -7.303199e+00 1.580000e+01
      vertex   1.010604e+02 -5.664472e+00 1.580000e+01
    endloop
  endfacet
  facet normal 0.000000e+00 0.000000e+00 1.000000e+00
    outer loop
      vertex   1.010604e+02 -2.375243e+00 1.860000e+01
      vertex   1.001125e+02 -3.561170e+00 1.860000e+01
      vertex   1.011096e+02 -4.019858e+00 1.860000e+01
    endloop
  endfacet
  facet normal 0.000000e+00 0.000000e+00 1.000000e+00
    outer loop
      vertex   1.011096e+02 -4.019858e+00 1.860000e+01
      vertex   1.001125e+02 -3.561170e+00 1.860000e+01
      vertex   1.001596e+02 -4.024157e+00 1.860000e+01
    endloop
  endfacet
  facet normal 0.000000e+00 0.000000e+00 1.000000e+00
    outer loop
      vertex   1.011096e+02 -4.019858e+00 1.860000e+01
      vertex   1.001596e+02 -4.024157e+00 1.860000e+01
      vertex   1.001125e+02 -4.487144e+00 1.860000e+01
    endloop
  endfacet
  facet normal 0.000000e+00 0.000000e+00 1.000000e+00
    outer loop
      vertex   1.009129e+02 -7.365165e-01 1.860000e+01
      vertex   9.944424e+01 -2.357134e+00 1.860000e+01
      vertex   1.010604e+02 -2.375243e+00 1.860000e+01
    endloop
  endfacet
  facet normal 0.000000e+00 0.000000e+00 1.000000e+00
    outer loop
      vertex   1.010604e+02 -2.375243e+00 1.860000e+01
      vertex   9.944424e+01 -2.357134e+00 1.860000e+01
      vertex   9.974737e+01 -2.710240e+00 1.860000e+01
    endloop
  endfacet
  facet normal 0.000000e+00 0.000000e+00 1.000000e+00
    outer loop
      vertex   1.010604e+02 -2.375243e+00 1.860000e+01
      vertex   9.974737e+01 -2.710240e+00 1.860000e+01
      vertex   9.997322e+01 -3.117139e+00 1.860000e+01
    endloop
  endfacet
  facet normal 0.000000e+00 0.000000e+00 1.000000e+00
    outer loop
      vertex   1.006677e+02 8.904569e-01 1.860000e+01
      vertex   9.865842e+01 -1.867327e+00 1.860000e+01
      vertex   1.009129e+02 -7.365165e-01 1.860000e+01
    endloop
  endfacet
  facet normal 0.000000e+00 0.000000e+00 1.000000e+00
    outer loop
      vertex   1.009129e+02 -7.365165e-01 1.860000e+01
      vertex   9.865842e+01 -1.867327e+00 1.860000e+01
      vertex   9.907623e+01 -2.072275e+00 1.860000e+01
    endloop
  endfacet
  facet normal 0.000000e+00 0.000000e+00 1.000000e+00
    outer loop
      vertex   1.009129e+02 -7.365165e-01 1.860000e+01
      vertex   9.907623e+01 -2.072275e+00 1.860000e+01
      vertex   9.944424e+01 -2.357134e+00 1.860000e+01
    endloop
  endfacet
  facet normal 0.000000e+00 0.000000e+00 1.000000e+00
    outer loop
      vertex   1.003256e+02 2.499853e+00 1.860000e+01
      vertex   9.774312e+01 -1.727109e+00 1.860000e+01
      vertex   1.006677e+02 8.904569e-01 1.860000e+01
    endloop
  endfacet
  facet normal 0.000000e+00 0.000000e+00 1.000000e+00
    outer loop
      vertex   1.006677e+02 8.904569e-01 1.860000e+01
      vertex   9.774312e+01 -1.727109e+00 1.860000e+01
      vertex   9.820790e+01 -1.750680e+00 1.860000e+01
    endloop
  endfacet
  facet normal 0.000000e+00 0.000000e+00 1.000000e+00
    outer loop
      vertex   1.006677e+02 8.904569e-01 1.860000e+01
      vertex   9.820790e+01 -1.750680e+00 1.860000e+01
      vertex   9.865842e+01 -1.867327e+00 1.860000e+01
    endloop
  endfacet
  facet normal 0.000000e+00 -0.000000e+00 1.000000e+00
    outer loop
      vertex   9.774312e+01 -1.727109e+00 1.860000e+01
      vertex   1.003256e+02 2.499853e+00 1.860000e+01
      vertex   9.728312e+01 -1.797580e+00 1.860000e+01
    endloop
  endfacet
  facet normal 0.000000e+00 0.000000e+00 1.000000e+00
    outer loop
      vertex   9.728312e+01 -1.797580e+00 1.860000e+01
      vertex   1.003256e+02 2.499853e+00 1.860000e+01
      vertex   9.988788e+01 4.085910e+00 1.860000e+01
    endloop
  endfacet
  facet normal 0.000000e+00 -0.000000e+00 1.000000e+00
    outer loop
      vertex   9.728312e+01 -1.797580e+00 1.860000e+01
      vertex   9.988788e+01 4.085910e+00 1.860000e+01
      vertex   9.684671e+01 -1.959207e+00 1.860000e+01
    endloop
  endfacet
  facet normal 0.000000e+00 0.000000e+00 1.000000e+00
    outer loop
      vertex   9.684671e+01 -1.959207e+00 1.860000e+01
      vertex   9.988788e+01 4.085910e+00 1.860000e+01
      vertex   9.935609e+01 5.642950e+00 1.860000e+01
    endloop
  endfacet
  facet normal 0.000000e+00 -0.000000e+00 1.000000e+00
    outer loop
      vertex   9.684671e+01 -1.959207e+00 1.860000e+01
      vertex   9.935609e+01 5.642950e+00 1.860000e+01
      vertex   9.645177e+01 -2.205373e+00 1.860000e+01
    endloop
  endfacet
  facet normal 0.000000e+00 0.000000e+00 1.000000e+00
    outer loop
      vertex   9.645177e+01 -2.205373e+00 1.860000e+01
      vertex   9.935609e+01 5.642950e+00 1.860000e+01
      vertex   9.873213e+01 7.165400e+00 1.860000e+01
    endloop
  endfacet
  facet normal 0.000000e+00 0.000000e+00 1.000000e+00
    outer loop
      vertex   9.645177e+01 -2.205373e+00 1.860000e+01
      vertex   9.873213e+01 7.165400e+00 1.860000e+01
      vertex   9.801824e+01 8.647810e+00 1.860000e+01
    endloop
  endfacet
  facet normal 0.000000e+00 0.000000e+00 1.000000e+00
    outer loop
      vertex   9.721697e+01 1.008487e+01 1.860000e+01
      vertex   8.608663e+01 1.470562e+01 1.860000e+01
      vertex   9.801824e+01 8.647810e+00 1.860000e+01
    endloop
  endfacet
  facet normal 0.000000e+00 0.000000e+00 1.000000e+00
    outer loop
      vertex   9.801824e+01 8.647810e+00 1.860000e+01
      vertex   8.608663e+01 1.470562e+01 1.860000e+01
      vertex   7.731618e+01 -1.840072e+00 1.860000e+01
    endloop
  endfacet
  facet normal 0.000000e+00 0.000000e+00 1.000000e+00
    outer loop
      vertex   9.801824e+01 8.647810e+00 1.860000e+01
      vertex   7.731618e+01 -1.840072e+00 1.860000e+01
      vertex   9.611447e+01 -2.526000e+00 1.860000e+01
    endloop
  endfacet
  facet normal 0.000000e+00 0.000000e+00 1.000000e+00
    outer loop
      vertex   9.611447e+01 -2.526000e+00 1.860000e+01
      vertex   7.731618e+01 -1.840072e+00 1.860000e+01
      vertex   9.584862e+01 -2.907963e+00 1.860000e+01
    endloop
  endfacet
  facet normal 0.000000e+00 0.000000e+00 1.000000e+00
    outer loop
      vertex   9.584862e+01 -2.907963e+00 1.860000e+01
      vertex   7.731618e+01 -1.840072e+00 1.860000e+01
      vertex   7.759782e+01 -2.412283e+00 1.860000e+01
    endloop
  endfacet
  facet normal 0.000000e+00 0.000000e+00 1.000000e+00
    outer loop
      vertex   9.584862e+01 -2.907963e+00 1.860000e+01
      vertex   7.759782e+01 -2.412283e+00 1.860000e+01
      vertex   9.566510e+01 -3.335622e+00 1.860000e+01
    endloop
  endfacet
  facet normal 0.000000e+00 0.000000e+00 1.000000e+00
    outer loop
      vertex   9.566510e+01 -3.335622e+00 1.860000e+01
      vertex   7.759782e+01 -2.412283e+00 1.860000e+01
      vertex   7.779173e+01 -3.019858e+00 1.860000e+01
    endloop
  endfacet
  facet normal 0.000000e+00 0.000000e+00 1.000000e+00
    outer loop
      vertex   9.566510e+01 -3.335622e+00 1.860000e+01
      vertex   7.779173e+01 -3.019858e+00 1.860000e+01
      vertex   9.557142e+01 -3.791470e+00 1.860000e+01
    endloop
  endfacet
  facet normal 0.000000e+00 0.000000e+00 1.000000e+00
    outer loop
      vertex   9.557142e+01 -3.791470e+00 1.860000e+01
      vertex   7.779173e+01 -3.019858e+00 1.860000e+01
      vertex   7.779173e+01 -5.019858e+00 1.860000e+01
    endloop
  endfacet
  facet normal 0.000000e+00 0.000000e+00 1.000000e+00
    outer loop
      vertex   9.557142e+01 -3.791470e+00 1.860000e+01
      vertex   7.779173e+01 -5.019858e+00 1.860000e+01
      vertex   9.557142e+01 -4.256844e+00 1.860000e+01
    endloop
  endfacet
  facet normal 0.000000e+00 0.000000e+00 1.000000e+00
    outer loop
      vertex   9.557142e+01 -4.256844e+00 1.860000e+01
      vertex   7.779173e+01 -5.019858e+00 1.860000e+01
      vertex   9.566510e+01 -4.712692e+00 1.860000e+01
    endloop
  endfacet
  facet normal 0.000000e+00 0.000000e+00 1.000000e+00
    outer loop
      vertex   9.566510e+01 -4.712692e+00 1.860000e+01
      vertex   7.779173e+01 -5.019858e+00 1.860000e+01
      vertex   7.759782e+01 -5.627432e+00 1.860000e+01
    endloop
  endfacet
  facet normal 0.000000e+00 0.000000e+00 1.000000e+00
    outer loop
      vertex   9.566510e+01 -4.712692e+00 1.860000e+01
      vertex   7.759782e+01 -5.627432e+00 1.860000e+01
      vertex   9.584862e+01 -5.140352e+00 1.860000e+01
    endloop
  endfacet
  facet normal 0.000000e+00 0.000000e+00 1.000000e+00
    outer loop
      vertex   9.584862e+01 -5.140352e+00 1.860000e+01
      vertex   7.759782e+01 -5.627432e+00 1.860000e+01
      vertex   7.731618e+01 -6.199643e+00 1.860000e+01
    endloop
  endfacet
  facet normal 0.000000e+00 0.000000e+00 1.000000e+00
    outer loop
      vertex   9.584862e+01 -5.140352e+00 1.860000e+01
      vertex   7.731618e+01 -6.199643e+00 1.860000e+01
      vertex   9.611447e+01 -5.522314e+00 1.860000e+01
    endloop
  endfacet
  facet normal 0.000000e+00 0.000000e+00 1.000000e+00
    outer loop
      vertex   9.611447e+01 -5.522314e+00 1.860000e+01
      vertex   7.731618e+01 -6.199643e+00 1.860000e+01
      vertex   9.721697e+01 -1.812459e+01 1.860000e+01
    endloop
  endfacet
  facet normal 0.000000e+00 0.000000e+00 1.000000e+00
    outer loop
      vertex   9.611447e+01 -5.522314e+00 1.860000e+01
      vertex   9.721697e+01 -1.812459e+01 1.860000e+01
      vertex   9.801824e+01 -1.668753e+01 1.860000e+01
    endloop
  endfacet
  facet normal -0.000000e+00 0.000000e+00 1.000000e+00
    outer loop
      vertex   8.608663e+01 1.470562e+01 1.860000e+01
      vertex   9.721697e+01 1.008487e+01 1.860000e+01
      vertex   8.653715e+01 1.482227e+01 1.860000e+01
    endloop
  endfacet
  facet normal 0.000000e+00 0.000000e+00 1.000000e+00
    outer loop
      vertex   8.653715e+01 1.482227e+01 1.860000e+01
      vertex   9.721697e+01 1.008487e+01 1.860000e+01
      vertex   9.633119e+01 1.147144e+01 1.860000e+01
    endloop
  endfacet
  facet normal 0.000000e+00 0.000000e+00 1.000000e+00
    outer loop
      vertex   8.653715e+01 1.482227e+01 1.860000e+01
      vertex   9.633119e+01 1.147144e+01 1.860000e+01
      vertex   9.536408e+01 1.280256e+01 1.860000e+01
    endloop
  endfacet
  facet normal -0.000000e+00 0.000000e+00 1.000000e+00
    outer loop
      vertex   8.653715e+01 1.482227e+01 1.860000e+01
      vertex   9.536408e+01 1.280256e+01 1.860000e+01
      vertex   8.695496e+01 1.502722e+01 1.860000e+01
    endloop
  endfacet
  facet normal 0.000000e+00 0.000000e+00 1.000000e+00
    outer loop
      vertex   8.695496e+01 1.502722e+01 1.860000e+01
      vertex   9.536408e+01 1.280256e+01 1.860000e+01
      vertex   9.431909e+01 1.407346e+01 1.860000e+01
    endloop
  endfacet
  facet normal -0.000000e+00 0.000000e+00 1.000000e+00
    outer loop
      vertex   8.695496e+01 1.502722e+01 1.860000e+01
      vertex   9.431909e+01 1.407346e+01 1.860000e+01
      vertex   8.732297e+01 1.531208e+01 1.860000e+01
    endloop
  endfacet
  facet normal 0.000000e+00 0.000000e+00 1.000000e+00
    outer loop
      vertex   8.732297e+01 1.531208e+01 1.860000e+01
      vertex   9.431909e+01 1.407346e+01 1.860000e+01
      vertex   9.319997e+01 1.527958e+01 1.860000e+01
    endloop
  endfacet
  facet normal -0.000000e+00 0.000000e+00 1.000000e+00
    outer loop
      vertex   8.732297e+01 1.531208e+01 1.860000e+01
      vertex   9.319997e+01 1.527958e+01 1.860000e+01
      vertex   8.762610e+01 1.566518e+01 1.860000e+01
    endloop
  endfacet
  facet normal -0.000000e+00 0.000000e+00 1.000000e+00
    outer loop
      vertex   8.762610e+01 1.566518e+01 1.860000e+01
      vertex   9.319997e+01 1.527958e+01 1.860000e+01
      vertex   9.201072e+01 1.641662e+01 1.860000e+01
    endloop
  endfacet
  facet normal 0.000000e+00 0.000000e+00 1.000000e+00
    outer loop
      vertex   8.762610e+01 1.566518e+01 1.860000e+01
      vertex   9.201072e+01 1.641662e+01 1.860000e+01
      vertex   8.785195e+01 1.607208e+01 1.860000e+01
    endloop
  endfacet
  facet normal 0.000000e+00 0.000000e+00 1.000000e+00
    outer loop
      vertex   8.785195e+01 1.607208e+01 1.860000e+01
      vertex   9.201072e+01 1.641662e+01 1.860000e+01
      vertex   9.075560e+01 1.748051e+01 1.860000e+01
    endloop
  endfacet
  facet normal 0.000000e+00 0.000000e+00 1.000000e+00
    outer loop
      vertex   8.785195e+01 1.607208e+01 1.860000e+01
      vertex   9.075560e+01 1.748051e+01 1.860000e+01
      vertex   8.799126e+01 1.651611e+01 1.860000e+01
    endloop
  endfacet
  facet normal 0.000000e+00 0.000000e+00 1.000000e+00
    outer loop
      vertex   8.799126e+01 1.651611e+01 1.860000e+01
      vertex   9.075560e+01 1.748051e+01 1.860000e+01
      vertex   8.803835e+01 1.697910e+01 1.860000e+01
    endloop
  endfacet
  facet normal 0.000000e+00 0.000000e+00 1.000000e+00
    outer loop
      vertex   8.803835e+01 1.697910e+01 1.860000e+01
      vertex   9.075560e+01 1.748051e+01 1.860000e+01
      vertex   8.943910e+01 1.846743e+01 1.860000e+01
    endloop
  endfacet
  facet normal 0.000000e+00 -0.000000e+00 1.000000e+00
    outer loop
      vertex   8.803835e+01 1.697910e+01 1.860000e+01
      vertex   8.943910e+01 1.846743e+01 1.860000e+01
      vertex   8.799126e+01 1.744209e+01 1.860000e+01
    endloop
  endfacet
  facet normal 0.000000e+00 -0.000000e+00 1.000000e+00
    outer loop
      vertex   8.799126e+01 1.744209e+01 1.860000e+01
      vertex   8.943910e+01 1.846743e+01 1.860000e+01
      vertex   8.785195e+01 1.788612e+01 1.860000e+01
    endloop
  endfacet
  facet normal 0.000000e+00 -0.000000e+00 1.000000e+00
    outer loop
      vertex   8.785195e+01 1.788612e+01 1.860000e+01
      vertex   8.943910e+01 1.846743e+01 1.860000e+01
      vertex   8.762610e+01 1.829302e+01 1.860000e+01
    endloop
  endfacet
  facet normal 0.000000e+00 0.000000e+00 1.000000e+00
    outer loop
      vertex   8.762610e+01 1.829302e+01 1.860000e+01
      vertex   8.943910e+01 1.846743e+01 1.860000e+01
      vertex   8.806593e+01 1.937384e+01 1.860000e+01
    endloop
  endfacet
  facet normal 0.000000e+00 -0.000000e+00 1.000000e+00
    outer loop
      vertex   8.762610e+01 1.829302e+01 1.860000e+01
      vertex   8.806593e+01 1.937384e+01 1.860000e+01
      vertex   8.732297e+01 1.864612e+01 1.860000e+01
    endloop
  endfacet
  facet normal 0.000000e+00 -0.000000e+00 1.000000e+00
    outer loop
      vertex   8.732297e+01 1.864612e+01 1.860000e+01
      vertex   8.806593e+01 1.937384e+01 1.860000e+01
      vertex   8.695496e+01 1.893098e+01 1.860000e+01
    endloop
  endfacet
  facet normal 0.000000e+00 -0.000000e+00 1.000000e+00
    outer loop
      vertex   8.695496e+01 1.893098e+01 1.860000e+01
      vertex   8.806593e+01 1.937384e+01 1.860000e+01
      vertex   8.664102e+01 2.019652e+01 1.860000e+01
    endloop
  endfacet
  facet normal 0.000000e+00 0.000000e+00 1.000000e+00
    outer loop
      vertex   8.695496e+01 1.893098e+01 1.860000e+01
      vertex   8.664102e+01 2.019652e+01 1.860000e+01
      vertex   8.653715e+01 1.913593e+01 1.860000e+01
    endloop
  endfacet
  facet normal 0.000000e+00 -0.000000e+00 1.000000e+00
    outer loop
      vertex   8.653715e+01 1.913593e+01 1.860000e+01
      vertex   8.664102e+01 2.019652e+01 1.860000e+01
      vertex   8.608663e+01 1.925258e+01 1.860000e+01
    endloop
  endfacet
  facet normal 0.000000e+00 -0.000000e+00 1.000000e+00
    outer loop
      vertex   8.608663e+01 1.925258e+01 1.860000e+01
      vertex   8.664102e+01 2.019652e+01 1.860000e+01
      vertex   8.562185e+01 1.927615e+01 1.860000e+01
    endloop
  endfacet
  facet normal 0.000000e+00 -0.000000e+00 1.000000e+00
    outer loop
      vertex   8.562185e+01 1.927615e+01 1.860000e+01
      vertex   8.664102e+01 2.019652e+01 1.860000e+01
      vertex   8.516945e+01 2.093251e+01 1.860000e+01
    endloop
  endfacet
  facet normal 0.000000e+00 0.000000e+00 1.000000e+00
    outer loop
      vertex   8.562185e+01 1.927615e+01 1.860000e+01
      vertex   8.516945e+01 2.093251e+01 1.860000e+01
      vertex   8.516184e+01 1.920568e+01 1.860000e+01
    endloop
  endfacet
  facet normal 0.000000e+00 -0.000000e+00 1.000000e+00
    outer loop
      vertex   8.516184e+01 1.920568e+01 1.860000e+01
      vertex   8.516945e+01 2.093251e+01 1.860000e+01
      vertex   8.472544e+01 1.904405e+01 1.860000e+01
    endloop
  endfacet
  facet normal 0.000000e+00 -0.000000e+00 1.000000e+00
    outer loop
      vertex   8.472544e+01 1.904405e+01 1.860000e+01
      vertex   8.516945e+01 2.093251e+01 1.860000e+01
      vertex   8.365651e+01 2.157917e+01 1.860000e+01
    endloop
  endfacet
  facet normal 0.000000e+00 0.000000e+00 1.000000e+00
    outer loop
      vertex   8.472544e+01 1.904405e+01 1.860000e+01
      vertex   8.365651e+01 2.157917e+01 1.860000e+01
      vertex   8.433050e+01 1.879788e+01 1.860000e+01
    endloop
  endfacet
  facet normal 0.000000e+00 0.000000e+00 1.000000e+00
    outer loop
      vertex   8.433050e+01 1.879788e+01 1.860000e+01
      vertex   8.365651e+01 2.157917e+01 1.860000e+01
      vertex   8.399320e+01 1.847726e+01 1.860000e+01
    endloop
  endfacet
  facet normal 0.000000e+00 0.000000e+00 1.000000e+00
    outer loop
      vertex   8.399320e+01 1.847726e+01 1.860000e+01
      vertex   8.365651e+01 2.157917e+01 1.860000e+01
      vertex   8.210760e+01 2.213420e+01 1.860000e+01
    endloop
  endfacet
  facet normal 0.000000e+00 0.000000e+00 1.000000e+00
    outer loop
      vertex   8.399320e+01 1.847726e+01 1.860000e+01
      vertex   8.210760e+01 2.213420e+01 1.860000e+01
      vertex   8.372735e+01 1.809529e+01 1.860000e+01
    endloop
  endfacet
  facet normal 0.000000e+00 0.000000e+00 1.000000e+00
    outer loop
      vertex   8.372735e+01 1.809529e+01 1.860000e+01
      vertex   8.210760e+01 2.213420e+01 1.860000e+01
      vertex   8.354383e+01 1.766763e+01 1.860000e+01
    endloop
  endfacet
  facet normal 0.000000e+00 0.000000e+00 1.000000e+00
    outer loop
      vertex   8.354383e+01 1.766763e+01 1.860000e+01
      vertex   8.210760e+01 2.213420e+01 1.860000e+01
      vertex   8.052826e+01 2.259560e+01 1.860000e+01
    endloop
  endfacet
  facet normal 0.000000e+00 0.000000e+00 1.000000e+00
    outer loop
      vertex   8.354383e+01 1.766763e+01 1.860000e+01
      vertex   8.052826e+01 2.259560e+01 1.860000e+01
      vertex   8.345015e+01 1.721179e+01 1.860000e+01
    endloop
  endfacet
  facet normal 0.000000e+00 0.000000e+00 1.000000e+00
    outer loop
      vertex   8.345015e+01 1.721179e+01 1.860000e+01
      vertex   8.052826e+01 2.259560e+01 1.860000e+01
      vertex   7.892417e+01 2.296172e+01 1.860000e+01
    endloop
  endfacet
  facet normal 0.000000e+00 0.000000e+00 1.000000e+00
    outer loop
      vertex   8.345015e+01 1.721179e+01 1.860000e+01
      vertex   7.892417e+01 2.296172e+01 1.860000e+01
      vertex   8.345015e+01 1.674641e+01 1.860000e+01
    endloop
  endfacet
  facet normal 0.000000e+00 0.000000e+00 1.000000e+00
    outer loop
      vertex   8.345015e+01 1.674641e+01 1.860000e+01
      vertex   7.892417e+01 2.296172e+01 1.860000e+01
      vertex   7.730104e+01 2.323126e+01 1.860000e+01
    endloop
  endfacet
  facet normal 0.000000e+00 0.000000e+00 1.000000e+00
    outer loop
      vertex   8.345015e+01 1.674641e+01 1.860000e+01
      vertex   7.730104e+01 2.323126e+01 1.860000e+01
      vertex   7.566471e+01 2.340325e+01 1.860000e+01
    endloop
  endfacet
  facet normal 0.000000e+00 0.000000e+00 1.000000e+00
    outer loop
      vertex   8.345015e+01 1.674641e+01 1.860000e+01
      vertex   7.566471e+01 2.340325e+01 1.860000e+01
      vertex   8.354383e+01 1.629056e+01 1.860000e+01
    endloop
  endfacet
  facet normal 0.000000e+00 0.000000e+00 1.000000e+00
    outer loop
      vertex   8.354383e+01 1.629056e+01 1.860000e+01
      vertex   7.566471e+01 2.340325e+01 1.860000e+01
      vertex   7.402101e+01 2.347707e+01 1.860000e+01
    endloop
  endfacet
  facet normal 0.000000e+00 0.000000e+00 1.000000e+00
    outer loop
      vertex   8.354383e+01 1.629056e+01 1.860000e+01
      vertex   7.402101e+01 2.347707e+01 1.860000e+01
      vertex   6.360196e+01 1.607638e+01 1.860000e+01
    endloop
  endfacet
  facet normal 0.000000e+00 0.000000e+00 1.000000e+00
    outer loop
      vertex   6.360196e+01 1.607638e+01 1.860000e+01
      vertex   7.402101e+01 2.347707e+01 1.860000e+01
      vertex   6.374128e+01 1.652041e+01 1.860000e+01
    endloop
  endfacet
  facet normal 0.000000e+00 0.000000e+00 1.000000e+00
    outer loop
      vertex   6.374128e+01 1.652041e+01 1.860000e+01
      vertex   7.402101e+01 2.347707e+01 1.860000e+01
      vertex   7.237585e+01 2.345245e+01 1.860000e+01
    endloop
  endfacet
  facet normal 0.000000e+00 0.000000e+00 1.000000e+00
    outer loop
      vertex   6.374128e+01 1.652041e+01 1.860000e+01
      vertex   7.237585e+01 2.345245e+01 1.860000e+01
      vertex   7.073510e+01 2.332949e+01 1.860000e+01
    endloop
  endfacet
  facet normal 0.000000e+00 0.000000e+00 1.000000e+00
    outer loop
      vertex   6.374128e+01 1.652041e+01 1.860000e+01
      vertex   7.073510e+01 2.332949e+01 1.860000e+01
      vertex   6.378836e+01 1.698340e+01 1.860000e+01
    endloop
  endfacet
  facet normal 0.000000e+00 0.000000e+00 1.000000e+00
    outer loop
      vertex   6.378836e+01 1.698340e+01 1.860000e+01
      vertex   7.073510e+01 2.332949e+01 1.860000e+01
      vertex   6.910464e+01 2.310863e+01 1.860000e+01
    endloop
  endfacet
  facet normal 0.000000e+00 0.000000e+00 1.000000e+00
    outer loop
      vertex   6.378836e+01 1.698340e+01 1.860000e+01
      vertex   6.910464e+01 2.310863e+01 1.860000e+01
      vertex   6.749030e+01 2.279066e+01 1.860000e+01
    endloop
  endfacet
  facet normal 0.000000e+00 -0.000000e+00 1.000000e+00
    outer loop
      vertex   6.378836e+01 1.698340e+01 1.860000e+01
      vertex   6.749030e+01 2.279066e+01 1.860000e+01
      vertex   6.374128e+01 1.744638e+01 1.860000e+01
    endloop
  endfacet
  facet normal 0.000000e+00 0.000000e+00 1.000000e+00
    outer loop
      vertex   6.374128e+01 1.744638e+01 1.860000e+01
      vertex   6.749030e+01 2.279066e+01 1.860000e+01
      vertex   6.589787e+01 2.237671e+01 1.860000e+01
    endloop
  endfacet
  facet normal 0.000000e+00 -0.000000e+00 1.000000e+00
    outer loop
      vertex   6.374128e+01 1.744638e+01 1.860000e+01
      vertex   6.589787e+01 2.237671e+01 1.860000e+01
      vertex   6.360196e+01 1.789042e+01 1.860000e+01
    endloop
  endfacet
  facet normal 0.000000e+00 -0.000000e+00 1.000000e+00
    outer loop
      vertex   6.360196e+01 1.789042e+01 1.860000e+01
      vertex   6.589787e+01 2.237671e+01 1.860000e+01
      vertex   6.337611e+01 1.829731e+01 1.860000e+01
    endloop
  endfacet
  facet normal 0.000000e+00 0.000000e+00 1.000000e+00
    outer loop
      vertex   6.337611e+01 1.829731e+01 1.860000e+01
      vertex   6.589787e+01 2.237671e+01 1.860000e+01
      vertex   6.433305e+01 2.186827e+01 1.860000e+01
    endloop
  endfacet
  facet normal 0.000000e+00 -0.000000e+00 1.000000e+00
    outer loop
      vertex   6.337611e+01 1.829731e+01 1.860000e+01
      vertex   6.433305e+01 2.186827e+01 1.860000e+01
      vertex   6.307298e+01 1.865042e+01 1.860000e+01
    endloop
  endfacet
  facet normal 0.000000e+00 -0.000000e+00 1.000000e+00
    outer loop
      vertex   6.307298e+01 1.865042e+01 1.860000e+01
      vertex   6.433305e+01 2.186827e+01 1.860000e+01
      vertex   6.280144e+01 2.126716e+01 1.860000e+01
    endloop
  endfacet
  facet normal 0.000000e+00 0.000000e+00 1.000000e+00
    outer loop
      vertex   6.307298e+01 1.865042e+01 1.860000e+01
      vertex   6.280144e+01 2.126716e+01 1.860000e+01
      vertex   6.270497e+01 1.893528e+01 1.860000e+01
    endloop
  endfacet
  facet normal 0.000000e+00 -0.000000e+00 1.000000e+00
    outer loop
      vertex   6.270497e+01 1.893528e+01 1.860000e+01
      vertex   6.280144e+01 2.126716e+01 1.860000e+01
      vertex   6.228716e+01 1.914023e+01 1.860000e+01
    endloop
  endfacet
  facet normal 0.000000e+00 -0.000000e+00 1.000000e+00
    outer loop
      vertex   6.228716e+01 1.914023e+01 1.860000e+01
      vertex   6.280144e+01 2.126716e+01 1.860000e+01
      vertex   6.183664e+01 1.925688e+01 1.860000e+01
    endloop
  endfacet
  facet normal 0.000000e+00 -0.000000e+00 1.000000e+00
    outer loop
      vertex   6.183664e+01 1.925688e+01 1.860000e+01
      vertex   6.280144e+01 2.126716e+01 1.860000e+01
      vertex   6.130852e+01 2.057552e+01 1.860000e+01
    endloop
  endfacet
  facet normal 0.000000e+00 0.000000e+00 1.000000e+00
    outer loop
      vertex   6.183664e+01 1.925688e+01 1.860000e+01
      vertex   6.130852e+01 2.057552e+01 1.860000e+01
      vertex   6.137186e+01 1.928045e+01 1.860000e+01
    endloop
  endfacet
  facet normal 0.000000e+00 0.000000e+00 1.000000e+00
    outer loop
      vertex   6.137186e+01 1.928045e+01 1.860000e+01
      vertex   6.130852e+01 2.057552e+01 1.860000e+01
      vertex   6.091186e+01 1.920998e+01 1.860000e+01
    endloop
  endfacet
  facet normal 0.000000e+00 -0.000000e+00 1.000000e+00
    outer loop
      vertex   6.091186e+01 1.920998e+01 1.860000e+01
      vertex   6.130852e+01 2.057552e+01 1.860000e+01
      vertex   5.985963e+01 1.979584e+01 1.860000e+01
    endloop
  endfacet
  facet normal 0.000000e+00 0.000000e+00 1.000000e+00
    outer loop
      vertex   6.091186e+01 1.920998e+01 1.860000e+01
      vertex   5.985963e+01 1.979584e+01 1.860000e+01
      vertex   6.047545e+01 1.904835e+01 1.860000e+01
    endloop
  endfacet
  facet normal 0.000000e+00 0.000000e+00 1.000000e+00
    outer loop
      vertex   6.047545e+01 1.904835e+01 1.860000e+01
      vertex   5.985963e+01 1.979584e+01 1.860000e+01
      vertex   6.008051e+01 1.880218e+01 1.860000e+01
    endloop
  endfacet
  facet normal 0.000000e+00 0.000000e+00 1.000000e+00
    outer loop
      vertex   6.008051e+01 1.880218e+01 1.860000e+01
      vertex   5.985963e+01 1.979584e+01 1.860000e+01
      vertex   5.974321e+01 1.848155e+01 1.860000e+01
    endloop
  endfacet
  facet normal 0.000000e+00 -0.000000e+00 1.000000e+00
    outer loop
      vertex   5.974321e+01 1.848155e+01 1.860000e+01
      vertex   5.985963e+01 1.979584e+01 1.860000e+01
      vertex   5.845996e+01 1.893091e+01 1.860000e+01
    endloop
  endfacet
  facet normal 0.000000e+00 0.000000e+00 1.000000e+00
    outer loop
      vertex   5.974321e+01 1.848155e+01 1.860000e+01
      vertex   5.845996e+01 1.893091e+01 1.860000e+01
      vertex   5.947736e+01 1.809959e+01 1.860000e+01
    endloop
  endfacet
  facet normal 0.000000e+00 0.000000e+00 1.000000e+00
    outer loop
      vertex   5.947736e+01 1.809959e+01 1.860000e+01
      vertex   5.845996e+01 1.893091e+01 1.860000e+01
      vertex   5.929384e+01 1.767193e+01 1.860000e+01
    endloop
  endfacet
  facet normal 0.000000e+00 0.000000e+00 1.000000e+00
    outer loop
      vertex   5.929384e+01 1.767193e+01 1.860000e+01
      vertex   5.845996e+01 1.893091e+01 1.860000e+01
      vertex   5.711453e+01 1.798381e+01 1.860000e+01
    endloop
  endfacet
  facet normal 0.000000e+00 0.000000e+00 1.000000e+00
    outer loop
      vertex   5.929384e+01 1.767193e+01 1.860000e+01
      vertex   5.711453e+01 1.798381e+01 1.860000e+01
      vertex   5.920016e+01 1.721609e+01 1.860000e+01
    endloop
  endfacet
  facet normal 0.000000e+00 0.000000e+00 1.000000e+00
    outer loop
      vertex   5.920016e+01 1.721609e+01 1.860000e+01
      vertex   5.711453e+01 1.798381e+01 1.860000e+01
      vertex   5.920016e+01 1.675071e+01 1.860000e+01
    endloop
  endfacet
  facet normal 0.000000e+00 0.000000e+00 1.000000e+00
    outer loop
      vertex   5.920016e+01 1.675071e+01 1.860000e+01
      vertex   5.711453e+01 1.798381e+01 1.860000e+01
      vertex   5.582814e+01 1.695796e+01 1.860000e+01
    endloop
  endfacet
  facet normal 0.000000e+00 0.000000e+00 1.000000e+00
    outer loop
      vertex   5.920016e+01 1.675071e+01 1.860000e+01
      vertex   5.582814e+01 1.695796e+01 1.860000e+01
      vertex   5.929384e+01 1.629486e+01 1.860000e+01
    endloop
  endfacet
  facet normal 0.000000e+00 0.000000e+00 1.000000e+00
    outer loop
      vertex   5.929384e+01 1.629486e+01 1.860000e+01
      vertex   5.582814e+01 1.695796e+01 1.860000e+01
      vertex   5.947736e+01 1.586720e+01 1.860000e+01
    endloop
  endfacet
  facet normal 0.000000e+00 0.000000e+00 1.000000e+00
    outer loop
      vertex   5.947736e+01 1.586720e+01 1.860000e+01
      vertex   5.582814e+01 1.695796e+01 1.860000e+01
      vertex   5.460541e+01 1.585700e+01 1.860000e+01
    endloop
  endfacet
  facet normal 0.000000e+00 0.000000e+00 1.000000e+00
    outer loop
      vertex   5.947736e+01 1.586720e+01 1.860000e+01
      vertex   5.460541e+01 1.585700e+01 1.860000e+01
      vertex   5.974321e+01 1.548524e+01 1.860000e+01
    endloop
  endfacet
  facet normal 0.000000e+00 0.000000e+00 1.000000e+00
    outer loop
      vertex   5.974321e+01 1.548524e+01 1.860000e+01
      vertex   5.460541e+01 1.585700e+01 1.860000e+01
      vertex   5.345070e+01 1.468489e+01 1.860000e+01
    endloop
  endfacet
  facet normal 0.000000e+00 0.000000e+00 1.000000e+00
    outer loop
      vertex   5.974321e+01 1.548524e+01 1.860000e+01
      vertex   5.345070e+01 1.468489e+01 1.860000e+01
      vertex   6.008051e+01 1.516461e+01 1.860000e+01
    endloop
  endfacet
  facet normal 0.000000e+00 0.000000e+00 1.000000e+00
    outer loop
      vertex   6.008051e+01 1.516461e+01 1.860000e+01
      vertex   5.345070e+01 1.468489e+01 1.860000e+01
      vertex   5.236816e+01 1.344583e+01 1.860000e+01
    endloop
  endfacet
  facet normal 0.000000e+00 0.000000e+00 1.000000e+00
    outer loop
      vertex   6.008051e+01 1.516461e+01 1.860000e+01
      vertex   5.236816e+01 1.344583e+01 1.860000e+01
      vertex   6.047545e+01 1.491845e+01 1.860000e+01
    endloop
  endfacet
  facet normal 0.000000e+00 0.000000e+00 1.000000e+00
    outer loop
      vertex   6.047545e+01 1.491845e+01 1.860000e+01
      vertex   5.236816e+01 1.344583e+01 1.860000e+01
      vertex   5.136166e+01 1.214424e+01 1.860000e+01
    endloop
  endfacet
  facet normal 0.000000e+00 0.000000e+00 1.000000e+00
    outer loop
      vertex   6.047545e+01 1.491845e+01 1.860000e+01
      vertex   5.136166e+01 1.214424e+01 1.860000e+01
      vertex   6.091186e+01 1.475682e+01 1.860000e+01
    endloop
  endfacet
  facet normal 0.000000e+00 0.000000e+00 1.000000e+00
    outer loop
      vertex   6.091186e+01 1.475682e+01 1.860000e+01
      vertex   5.136166e+01 1.214424e+01 1.860000e+01
      vertex   5.043480e+01 1.078478e+01 1.860000e+01
    endloop
  endfacet
  facet normal 0.000000e+00 0.000000e+00 1.000000e+00
    outer loop
      vertex   6.091186e+01 1.475682e+01 1.860000e+01
      vertex   5.043480e+01 1.078478e+01 1.860000e+01
      vertex   6.990307e+01 -1.840072e+00 1.860000e+01
    endloop
  endfacet
  facet normal 0.000000e+00 0.000000e+00 1.000000e+00
    outer loop
      vertex   6.990307e+01 -1.840072e+00 1.860000e+01
      vertex   5.043480e+01 1.078478e+01 1.860000e+01
      vertex   5.124740e+01 -2.701641e+00 1.860000e+01
    endloop
  endfacet
  facet normal 0.000000e+00 0.000000e+00 1.000000e+00
    outer loop
      vertex   6.990307e+01 -1.840072e+00 1.860000e+01
      vertex   5.124740e+01 -2.701641e+00 1.860000e+01
      vertex   6.962143e+01 -2.412283e+00 1.860000e+01
    endloop
  endfacet
  facet normal 0.000000e+00 0.000000e+00 1.000000e+00
    outer loop
      vertex   6.962143e+01 -2.412283e+00 1.860000e+01
      vertex   5.124740e+01 -2.701641e+00 1.860000e+01
      vertex   5.147324e+01 -3.108540e+00 1.860000e+01
    endloop
  endfacet
  facet normal 0.000000e+00 0.000000e+00 1.000000e+00
    outer loop
      vertex   6.962143e+01 -2.412283e+00 1.860000e+01
      vertex   5.147324e+01 -3.108540e+00 1.860000e+01
      vertex   6.942752e+01 -3.019858e+00 1.860000e+01
    endloop
  endfacet
  facet normal 0.000000e+00 0.000000e+00 1.000000e+00
    outer loop
      vertex   6.942752e+01 -3.019858e+00 1.860000e+01
      vertex   5.147324e+01 -3.108540e+00 1.860000e+01
      vertex   5.161256e+01 -3.552572e+00 1.860000e+01
    endloop
  endfacet
  facet normal 0.000000e+00 0.000000e+00 1.000000e+00
    outer loop
      vertex   6.942752e+01 -3.019858e+00 1.860000e+01
      vertex   5.161256e+01 -3.552572e+00 1.860000e+01
      vertex   5.165964e+01 -4.015558e+00 1.860000e+01
    endloop
  endfacet
  facet normal 0.000000e+00 0.000000e+00 1.000000e+00
    outer loop
      vertex   5.124740e+01 -2.701641e+00 1.860000e+01
      vertex   5.043480e+01 1.078478e+01 1.860000e+01
      vertex   5.094426e+01 -2.348535e+00 1.860000e+01
    endloop
  endfacet
  facet normal 0.000000e+00 0.000000e+00 1.000000e+00
    outer loop
      vertex   5.094426e+01 -2.348535e+00 1.860000e+01
      vertex   5.043480e+01 1.078478e+01 1.860000e+01
      vertex   4.959090e+01 9.372335e+00 1.860000e+01
    endloop
  endfacet
  facet normal 0.000000e+00 0.000000e+00 1.000000e+00
    outer loop
      vertex   5.094426e+01 -2.348535e+00 1.860000e+01
      vertex   4.959090e+01 9.372335e+00 1.860000e+01
      vertex   4.883298e+01 7.911945e+00 1.860000e+01
    endloop
  endfacet
  facet normal 0.000000e+00 0.000000e+00 1.000000e+00
    outer loop
      vertex   4.883298e+01 7.911945e+00 1.860000e+01
      vertex   4.816376e+01 6.408843e+00 1.860000e+01
      vertex   5.094426e+01 -2.348535e+00 1.860000e+01
    endloop
  endfacet
  facet normal 0.000000e+00 0.000000e+00 1.000000e+00
    outer loop
      vertex   5.094426e+01 -2.348535e+00 1.860000e+01
      vertex   4.816376e+01 6.408843e+00 1.860000e+01
      vertex   5.057626e+01 -2.063677e+00 1.860000e+01
    endloop
  endfacet
  facet normal 0.000000e+00 0.000000e+00 1.000000e+00
    outer loop
      vertex   5.057626e+01 -2.063677e+00 1.860000e+01
      vertex   4.816376e+01 6.408843e+00 1.860000e+01
      vertex   4.758563e+01 4.868408e+00 1.860000e+01
    endloop
  endfacet
  facet normal 0.000000e+00 0.000000e+00 1.000000e+00
    outer loop
      vertex   5.057626e+01 -2.063677e+00 1.860000e+01
      vertex   4.758563e+01 4.868408e+00 1.860000e+01
      vertex   5.015844e+01 -1.858728e+00 1.860000e+01
    endloop
  endfacet
  facet normal 0.000000e+00 0.000000e+00 1.000000e+00
    outer loop
      vertex   5.015844e+01 -1.858728e+00 1.860000e+01
      vertex   4.758563e+01 4.868408e+00 1.860000e+01
      vertex   4.710065e+01 3.296156e+00 1.860000e+01
    endloop
  endfacet
  facet normal 0.000000e+00 0.000000e+00 1.000000e+00
    outer loop
      vertex   5.015844e+01 -1.858728e+00 1.860000e+01
      vertex   4.710065e+01 3.296156e+00 1.860000e+01
      vertex   4.970792e+01 -1.742081e+00 1.860000e+01
    endloop
  endfacet
  facet normal 0.000000e+00 0.000000e+00 1.000000e+00
    outer loop
      vertex   4.970792e+01 -1.742081e+00 1.860000e+01
      vertex   4.710065e+01 3.296156e+00 1.860000e+01
      vertex   4.671057e+01 1.697714e+00 1.860000e+01
    endloop
  endfacet
  facet normal 0.000000e+00 0.000000e+00 1.000000e+00
    outer loop
      vertex   4.970792e+01 -1.742081e+00 1.860000e+01
      vertex   4.671057e+01 1.697714e+00 1.860000e+01
      vertex   4.924315e+01 -1.718510e+00 1.860000e+01
    endloop
  endfacet
  facet normal 0.000000e+00 0.000000e+00 1.000000e+00
    outer loop
      vertex   4.924315e+01 -1.718510e+00 1.860000e+01
      vertex   4.671057e+01 1.697714e+00 1.860000e+01
      vertex   4.878314e+01 -1.788981e+00 1.860000e+01
    endloop
  endfacet
  facet normal 0.000000e+00 0.000000e+00 1.000000e+00
    outer loop
      vertex   4.878314e+01 -1.788981e+00 1.860000e+01
      vertex   4.671057e+01 1.697714e+00 1.860000e+01
      vertex   4.641678e+01 7.880461e-02 1.860000e+01
    endloop
  endfacet
  facet normal 0.000000e+00 0.000000e+00 1.000000e+00
    outer loop
      vertex   4.878314e+01 -1.788981e+00 1.860000e+01
      vertex   4.641678e+01 7.880461e-02 1.860000e+01
      vertex   4.834673e+01 -1.950608e+00 1.860000e+01
    endloop
  endfacet
  facet normal 0.000000e+00 0.000000e+00 1.000000e+00
    outer loop
      vertex   4.834673e+01 -1.950608e+00 1.860000e+01
      vertex   4.641678e+01 7.880461e-02 1.860000e+01
      vertex   4.795180e+01 -2.196774e+00 1.860000e+01
    endloop
  endfacet
  facet normal 0.000000e+00 0.000000e+00 1.000000e+00
    outer loop
      vertex   4.795180e+01 -2.196774e+00 1.860000e+01
      vertex   4.641678e+01 7.880461e-02 1.860000e+01
      vertex   4.622033e+01 -1.554777e+00 1.860000e+01
    endloop
  endfacet
  facet normal 0.000000e+00 0.000000e+00 1.000000e+00
    outer loop
      vertex   4.795180e+01 -2.196774e+00 1.860000e+01
      vertex   4.622033e+01 -1.554777e+00 1.860000e+01
      vertex   4.761450e+01 -2.517402e+00 1.860000e+01
    endloop
  endfacet
  facet normal 0.000000e+00 0.000000e+00 1.000000e+00
    outer loop
      vertex   4.761450e+01 -2.517402e+00 1.860000e+01
      vertex   4.622033e+01 -1.554777e+00 1.860000e+01
      vertex   4.734864e+01 -2.899364e+00 1.860000e+01
    endloop
  endfacet
  facet normal 0.000000e+00 0.000000e+00 1.000000e+00
    outer loop
      vertex   4.734864e+01 -2.899364e+00 1.860000e+01
      vertex   4.622033e+01 -1.554777e+00 1.860000e+01
      vertex   4.612194e+01 -3.197182e+00 1.860000e+01
    endloop
  endfacet
  facet normal 0.000000e+00 0.000000e+00 1.000000e+00
    outer loop
      vertex   4.734864e+01 -2.899364e+00 1.860000e+01
      vertex   4.612194e+01 -3.197182e+00 1.860000e+01
      vertex   4.716512e+01 -3.327023e+00 1.860000e+01
    endloop
  endfacet
  facet normal 0.000000e+00 0.000000e+00 1.000000e+00
    outer loop
      vertex   4.716512e+01 -3.327023e+00 1.860000e+01
      vertex   4.612194e+01 -3.197182e+00 1.860000e+01
      vertex   4.707144e+01 -3.782871e+00 1.860000e+01
    endloop
  endfacet
  facet normal 0.000000e+00 0.000000e+00 1.000000e+00
    outer loop
      vertex   4.707144e+01 -3.782871e+00 1.860000e+01
      vertex   4.612194e+01 -3.197182e+00 1.860000e+01
      vertex   4.707144e+01 -4.248245e+00 1.860000e+01
    endloop
  endfacet
  facet normal 0.000000e+00 0.000000e+00 1.000000e+00
    outer loop
      vertex   4.707144e+01 -4.248245e+00 1.860000e+01
      vertex   4.612194e+01 -3.197182e+00 1.860000e+01
      vertex   4.612194e+01 -4.842533e+00 1.860000e+01
    endloop
  endfacet
  facet normal 0.000000e+00 0.000000e+00 1.000000e+00
    outer loop
      vertex   4.707144e+01 -4.248245e+00 1.860000e+01
      vertex   4.612194e+01 -4.842533e+00 1.860000e+01
      vertex   4.716512e+01 -4.704094e+00 1.860000e+01
    endloop
  endfacet
  facet normal 0.000000e+00 0.000000e+00 1.000000e+00
    outer loop
      vertex   4.716512e+01 -4.704094e+00 1.860000e+01
      vertex   4.612194e+01 -4.842533e+00 1.860000e+01
      vertex   4.734864e+01 -5.131753e+00 1.860000e+01
    endloop
  endfacet
  facet normal 0.000000e+00 0.000000e+00 1.000000e+00
    outer loop
      vertex   4.734864e+01 -5.131753e+00 1.860000e+01
      vertex   4.612194e+01 -4.842533e+00 1.860000e+01
      vertex   4.622033e+01 -6.484939e+00 1.860000e+01
    endloop
  endfacet
  facet normal 0.000000e+00 0.000000e+00 1.000000e+00
    outer loop
      vertex   4.734864e+01 -5.131753e+00 1.860000e+01
      vertex   4.622033e+01 -6.484939e+00 1.860000e+01
      vertex   4.761450e+01 -5.513715e+00 1.860000e+01
    endloop
  endfacet
  facet normal 0.000000e+00 0.000000e+00 1.000000e+00
    outer loop
      vertex   4.761450e+01 -5.513715e+00 1.860000e+01
      vertex   4.622033e+01 -6.484939e+00 1.860000e+01
      vertex   4.795180e+01 -5.834343e+00 1.860000e+01
    endloop
  endfacet
  facet normal 0.000000e+00 0.000000e+00 1.000000e+00
    outer loop
      vertex   4.795180e+01 -5.834343e+00 1.860000e+01
      vertex   4.622033e+01 -6.484939e+00 1.860000e+01
      vertex   4.834673e+01 -6.080509e+00 1.860000e+01
    endloop
  endfacet
  facet normal 0.000000e+00 0.000000e+00 1.000000e+00
    outer loop
      vertex   4.834673e+01 -6.080509e+00 1.860000e+01
      vertex   4.622033e+01 -6.484939e+00 1.860000e+01
      vertex   4.641678e+01 -8.118520e+00 1.860000e+01
    endloop
  endfacet
  facet normal 0.000000e+00 0.000000e+00 1.000000e+00
    outer loop
      vertex   4.834673e+01 -6.080509e+00 1.860000e+01
      vertex   4.641678e+01 -8.118520e+00 1.860000e+01
      vertex   4.878314e+01 -6.242136e+00 1.860000e+01
    endloop
  endfacet
  facet normal 0.000000e+00 0.000000e+00 1.000000e+00
    outer loop
      vertex   4.878314e+01 -6.242136e+00 1.860000e+01
      vertex   4.641678e+01 -8.118520e+00 1.860000e+01
      vertex   4.671057e+01 -9.737429e+00 1.860000e+01
    endloop
  endfacet
  facet normal 0.000000e+00 0.000000e+00 1.000000e+00
    outer loop
      vertex   4.878314e+01 -6.242136e+00 1.860000e+01
      vertex   4.671057e+01 -9.737429e+00 1.860000e+01
      vertex   4.924315e+01 -6.312606e+00 1.860000e+01
    endloop
  endfacet
  facet normal -0.000000e+00 0.000000e+00 1.000000e+00
    outer loop
      vertex   4.924315e+01 -6.312606e+00 1.860000e+01
      vertex   4.671057e+01 -9.737429e+00 1.860000e+01
      vertex   4.970792e+01 -6.289035e+00 1.860000e+01
    endloop
  endfacet
  facet normal 0.000000e+00 0.000000e+00 1.000000e+00
    outer loop
      vertex   4.970792e+01 -6.289035e+00 1.860000e+01
      vertex   4.671057e+01 -9.737429e+00 1.860000e+01
      vertex   4.710065e+01 -1.133587e+01 1.860000e+01
    endloop
  endfacet
  facet normal -0.000000e+00 0.000000e+00 1.000000e+00
    outer loop
      vertex   4.970792e+01 -6.289035e+00 1.860000e+01
      vertex   4.710065e+01 -1.133587e+01 1.860000e+01
      vertex   5.015844e+01 -6.172388e+00 1.860000e+01
    endloop
  endfacet
  facet normal 0.000000e+00 0.000000e+00 1.000000e+00
    outer loop
      vertex   5.015844e+01 -6.172388e+00 1.860000e+01
      vertex   4.710065e+01 -1.133587e+01 1.860000e+01
      vertex   4.758563e+01 -1.290812e+01 1.860000e+01
    endloop
  endfacet
  facet normal -0.000000e+00 0.000000e+00 1.000000e+00
    outer loop
      vertex   5.015844e+01 -6.172388e+00 1.860000e+01
      vertex   4.758563e+01 -1.290812e+01 1.860000e+01
      vertex   5.057626e+01 -5.967440e+00 1.860000e+01
    endloop
  endfacet
  facet normal 0.000000e+00 0.000000e+00 1.000000e+00
    outer loop
      vertex   5.057626e+01 -5.967440e+00 1.860000e+01
      vertex   4.758563e+01 -1.290812e+01 1.860000e+01
      vertex   4.816376e+01 -1.444856e+01 1.860000e+01
    endloop
  endfacet
  facet normal -0.000000e+00 0.000000e+00 1.000000e+00
    outer loop
      vertex   5.057626e+01 -5.967440e+00 1.860000e+01
      vertex   4.816376e+01 -1.444856e+01 1.860000e+01
      vertex   5.094426e+01 -5.682582e+00 1.860000e+01
    endloop
  endfacet
  facet normal 0.000000e+00 0.000000e+00 1.000000e+00
    outer loop
      vertex   5.094426e+01 -5.682582e+00 1.860000e+01
      vertex   4.816376e+01 -1.444856e+01 1.860000e+01
      vertex   4.883298e+01 -1.595166e+01 1.860000e+01
    endloop
  endfacet
  facet normal 0.000000e+00 0.000000e+00 1.000000e+00
    outer loop
      vertex   5.094426e+01 -5.682582e+00 1.860000e+01
      vertex   4.883298e+01 -1.595166e+01 1.860000e+01
      vertex   4.959090e+01 -1.741205e+01 1.860000e+01
    endloop
  endfacet
  facet normal 0.000000e+00 0.000000e+00 1.000000e+00
    outer loop
      vertex   5.094426e+01 -5.682582e+00 1.860000e+01
      vertex   4.959090e+01 -1.741205e+01 1.860000e+01
      vertex   6.090441e+01 -2.279224e+01 1.860000e+01
    endloop
  endfacet
  facet normal 0.000000e+00 0.000000e+00 1.000000e+00
    outer loop
      vertex   6.090441e+01 -2.279224e+01 1.860000e+01
      vertex   4.959090e+01 -1.741205e+01 1.860000e+01
      vertex   5.043480e+01 -1.882450e+01 1.860000e+01
    endloop
  endfacet
  facet normal 0.000000e+00 0.000000e+00 1.000000e+00
    outer loop
      vertex   6.090441e+01 -2.279224e+01 1.860000e+01
      vertex   5.043480e+01 -1.882450e+01 1.860000e+01
      vertex   5.136166e+01 -2.018395e+01 1.860000e+01
    endloop
  endfacet
  facet normal 0.000000e+00 0.000000e+00 1.000000e+00
    outer loop
      vertex   6.090441e+01 -2.279224e+01 1.860000e+01
      vertex   5.136166e+01 -2.018395e+01 1.860000e+01
      vertex   6.046800e+01 -2.295386e+01 1.860000e+01
    endloop
  endfacet
  facet normal 0.000000e+00 0.000000e+00 1.000000e+00
    outer loop
      vertex   6.046800e+01 -2.295386e+01 1.860000e+01
      vertex   5.136166e+01 -2.018395e+01 1.860000e+01
      vertex   5.236816e+01 -2.148554e+01 1.860000e+01
    endloop
  endfacet
  facet normal 0.000000e+00 0.000000e+00 1.000000e+00
    outer loop
      vertex   6.046800e+01 -2.295386e+01 1.860000e+01
      vertex   5.236816e+01 -2.148554e+01 1.860000e+01
      vertex   6.007307e+01 -2.320003e+01 1.860000e+01
    endloop
  endfacet
  facet normal 0.000000e+00 0.000000e+00 1.000000e+00
    outer loop
      vertex   6.007307e+01 -2.320003e+01 1.860000e+01
      vertex   5.236816e+01 -2.148554e+01 1.860000e+01
      vertex   5.345070e+01 -2.272461e+01 1.860000e+01
    endloop
  endfacet
  facet normal 0.000000e+00 0.000000e+00 1.000000e+00
    outer loop
      vertex   6.007307e+01 -2.320003e+01 1.860000e+01
      vertex   5.345070e+01 -2.272461e+01 1.860000e+01
      vertex   5.973577e+01 -2.352066e+01 1.860000e+01
    endloop
  endfacet
  facet normal 0.000000e+00 0.000000e+00 1.000000e+00
    outer loop
      vertex   5.973577e+01 -2.352066e+01 1.860000e+01
      vertex   5.345070e+01 -2.272461e+01 1.860000e+01
      vertex   5.460541e+01 -2.389672e+01 1.860000e+01
    endloop
  endfacet
  facet normal 0.000000e+00 0.000000e+00 1.000000e+00
    outer loop
      vertex   5.973577e+01 -2.352066e+01 1.860000e+01
      vertex   5.460541e+01 -2.389672e+01 1.860000e+01
      vertex   5.946991e+01 -2.390262e+01 1.860000e+01
    endloop
  endfacet
  facet normal 0.000000e+00 0.000000e+00 1.000000e+00
    outer loop
      vertex   5.946991e+01 -2.390262e+01 1.860000e+01
      vertex   5.460541e+01 -2.389672e+01 1.860000e+01
      vertex   5.582814e+01 -2.499767e+01 1.860000e+01
    endloop
  endfacet
  facet normal 0.000000e+00 0.000000e+00 1.000000e+00
    outer loop
      vertex   5.946991e+01 -2.390262e+01 1.860000e+01
      vertex   5.582814e+01 -2.499767e+01 1.860000e+01
      vertex   5.928639e+01 -2.433028e+01 1.860000e+01
    endloop
  endfacet
  facet normal 0.000000e+00 0.000000e+00 1.000000e+00
    outer loop
      vertex   5.928639e+01 -2.433028e+01 1.860000e+01
      vertex   5.582814e+01 -2.499767e+01 1.860000e+01
      vertex   5.919271e+01 -2.478613e+01 1.860000e+01
    endloop
  endfacet
  facet normal 0.000000e+00 0.000000e+00 1.000000e+00
    outer loop
      vertex   5.919271e+01 -2.478613e+01 1.860000e+01
      vertex   5.582814e+01 -2.499767e+01 1.860000e+01
      vertex   5.711453e+01 -2.602353e+01 1.860000e+01
    endloop
  endfacet
  facet normal 0.000000e+00 0.000000e+00 1.000000e+00
    outer loop
      vertex   5.919271e+01 -2.478613e+01 1.860000e+01
      vertex   5.711453e+01 -2.602353e+01 1.860000e+01
      vertex   5.919271e+01 -2.525150e+01 1.860000e+01
    endloop
  endfacet
  facet normal 0.000000e+00 0.000000e+00 1.000000e+00
    outer loop
      vertex   5.919271e+01 -2.525150e+01 1.860000e+01
      vertex   5.711453e+01 -2.602353e+01 1.860000e+01
      vertex   5.928639e+01 -2.570735e+01 1.860000e+01
    endloop
  endfacet
  facet normal 0.000000e+00 0.000000e+00 1.000000e+00
    outer loop
      vertex   5.928639e+01 -2.570735e+01 1.860000e+01
      vertex   5.711453e+01 -2.602353e+01 1.860000e+01
      vertex   5.845996e+01 -2.697062e+01 1.860000e+01
    endloop
  endfacet
  facet normal 0.000000e+00 0.000000e+00 1.000000e+00
    outer loop
      vertex   5.928639e+01 -2.570735e+01 1.860000e+01
      vertex   5.845996e+01 -2.697062e+01 1.860000e+01
      vertex   5.946991e+01 -2.613501e+01 1.860000e+01
    endloop
  endfacet
  facet normal 0.000000e+00 0.000000e+00 1.000000e+00
    outer loop
      vertex   5.946991e+01 -2.613501e+01 1.860000e+01
      vertex   5.845996e+01 -2.697062e+01 1.860000e+01
      vertex   5.973577e+01 -2.651697e+01 1.860000e+01
    endloop
  endfacet
  facet normal 0.000000e+00 0.000000e+00 1.000000e+00
    outer loop
      vertex   5.973577e+01 -2.651697e+01 1.860000e+01
      vertex   5.845996e+01 -2.697062e+01 1.860000e+01
      vertex   5.985963e+01 -2.783556e+01 1.860000e+01
    endloop
  endfacet
  facet normal 0.000000e+00 0.000000e+00 1.000000e+00
    outer loop
      vertex   5.973577e+01 -2.651697e+01 1.860000e+01
      vertex   5.985963e+01 -2.783556e+01 1.860000e+01
      vertex   6.007307e+01 -2.683760e+01 1.860000e+01
    endloop
  endfacet
  facet normal 0.000000e+00 0.000000e+00 1.000000e+00
    outer loop
      vertex   6.007307e+01 -2.683760e+01 1.860000e+01
      vertex   5.985963e+01 -2.783556e+01 1.860000e+01
      vertex   6.046800e+01 -2.708376e+01 1.860000e+01
    endloop
  endfacet
  facet normal 0.000000e+00 0.000000e+00 1.000000e+00
    outer loop
      vertex   6.046800e+01 -2.708376e+01 1.860000e+01
      vertex   5.985963e+01 -2.783556e+01 1.860000e+01
      vertex   6.090441e+01 -2.724539e+01 1.860000e+01
    endloop
  endfacet
  facet normal 0.000000e+00 0.000000e+00 1.000000e+00
    outer loop
      vertex   6.090441e+01 -2.724539e+01 1.860000e+01
      vertex   5.985963e+01 -2.783556e+01 1.860000e+01
      vertex   6.130852e+01 -2.861524e+01 1.860000e+01
    endloop
  endfacet
  facet normal 0.000000e+00 0.000000e+00 1.000000e+00
    outer loop
      vertex   6.090441e+01 -2.724539e+01 1.860000e+01
      vertex   6.130852e+01 -2.861524e+01 1.860000e+01
      vertex   6.136442e+01 -2.731586e+01 1.860000e+01
    endloop
  endfacet
  facet normal -0.000000e+00 0.000000e+00 1.000000e+00
    outer loop
      vertex   6.136442e+01 -2.731586e+01 1.860000e+01
      vertex   6.130852e+01 -2.861524e+01 1.860000e+01
      vertex   6.182919e+01 -2.729229e+01 1.860000e+01
    endloop
  endfacet
  facet normal -0.000000e+00 0.000000e+00 1.000000e+00
    outer loop
      vertex   6.182919e+01 -2.729229e+01 1.860000e+01
      vertex   6.130852e+01 -2.861524e+01 1.860000e+01
      vertex   6.227971e+01 -2.717564e+01 1.860000e+01
    endloop
  endfacet
  facet normal 0.000000e+00 0.000000e+00 1.000000e+00
    outer loop
      vertex   6.227971e+01 -2.717564e+01 1.860000e+01
      vertex   6.130852e+01 -2.861524e+01 1.860000e+01
      vertex   6.280144e+01 -2.930687e+01 1.860000e+01
    endloop
  endfacet
  facet normal -0.000000e+00 0.000000e+00 1.000000e+00
    outer loop
      vertex   6.227971e+01 -2.717564e+01 1.860000e+01
      vertex   6.280144e+01 -2.930687e+01 1.860000e+01
      vertex   6.269753e+01 -2.697070e+01 1.860000e+01
    endloop
  endfacet
  facet normal -0.000000e+00 0.000000e+00 1.000000e+00
    outer loop
      vertex   6.269753e+01 -2.697070e+01 1.860000e+01
      vertex   6.280144e+01 -2.930687e+01 1.860000e+01
      vertex   6.306553e+01 -2.668584e+01 1.860000e+01
    endloop
  endfacet
  facet normal 0.000000e+00 0.000000e+00 1.000000e+00
    outer loop
      vertex   6.306553e+01 -2.668584e+01 1.860000e+01
      vertex   6.280144e+01 -2.930687e+01 1.860000e+01
      vertex   6.433305e+01 -2.990799e+01 1.860000e+01
    endloop
  endfacet
  facet normal -0.000000e+00 0.000000e+00 1.000000e+00
    outer loop
      vertex   6.306553e+01 -2.668584e+01 1.860000e+01
      vertex   6.433305e+01 -2.990799e+01 1.860000e+01
      vertex   6.336867e+01 -2.633273e+01 1.860000e+01
    endloop
  endfacet
  facet normal 0.000000e+00 0.000000e+00 1.000000e+00
    outer loop
      vertex   6.336867e+01 -2.633273e+01 1.860000e+01
      vertex   6.433305e+01 -2.990799e+01 1.860000e+01
      vertex   6.589787e+01 -3.041643e+01 1.860000e+01
    endloop
  endfacet
  facet normal -0.000000e+00 0.000000e+00 1.000000e+00
    outer loop
      vertex   6.336867e+01 -2.633273e+01 1.860000e+01
      vertex   6.589787e+01 -3.041643e+01 1.860000e+01
      vertex   6.359451e+01 -2.592583e+01 1.860000e+01
    endloop
  endfacet
  facet normal -0.000000e+00 0.000000e+00 1.000000e+00
    outer loop
      vertex   6.359451e+01 -2.592583e+01 1.860000e+01
      vertex   6.589787e+01 -3.041643e+01 1.860000e+01
      vertex   6.373383e+01 -2.548180e+01 1.860000e+01
    endloop
  endfacet
  facet normal 0.000000e+00 0.000000e+00 1.000000e+00
    outer loop
      vertex   6.373383e+01 -2.548180e+01 1.860000e+01
      vertex   6.589787e+01 -3.041643e+01 1.860000e+01
      vertex   6.749030e+01 -3.083038e+01 1.860000e+01
    endloop
  endfacet
  facet normal -0.000000e+00 0.000000e+00 1.000000e+00
    outer loop
      vertex   6.373383e+01 -2.548180e+01 1.860000e+01
      vertex   6.749030e+01 -3.083038e+01 1.860000e+01
      vertex   6.378091e+01 -2.501881e+01 1.860000e+01
    endloop
  endfacet
  facet normal 0.000000e+00 0.000000e+00 1.000000e+00
    outer loop
      vertex   6.378091e+01 -2.501881e+01 1.860000e+01
      vertex   6.749030e+01 -3.083038e+01 1.860000e+01
      vertex   6.910464e+01 -3.114835e+01 1.860000e+01
    endloop
  endfacet
  facet normal 0.000000e+00 0.000000e+00 1.000000e+00
    outer loop
      vertex   6.378091e+01 -2.501881e+01 1.860000e+01
      vertex   6.910464e+01 -3.114835e+01 1.860000e+01
      vertex   7.073510e+01 -3.136921e+01 1.860000e+01
    endloop
  endfacet
  facet normal -0.000000e+00 -0.000000e+00 1.000000e+00
    outer loop
      vertex   6.378091e+01 -2.501881e+01 1.860000e+01
      vertex   7.073510e+01 -3.136921e+01 1.860000e+01
      vertex   6.373383e+01 -2.455583e+01 1.860000e+01
    endloop
  endfacet
  facet normal 0.000000e+00 0.000000e+00 1.000000e+00
    outer loop
      vertex   6.373383e+01 -2.455583e+01 1.860000e+01
      vertex   7.073510e+01 -3.136921e+01 1.860000e+01
      vertex   7.237585e+01 -3.149217e+01 1.860000e+01
    endloop
  endfacet
  facet normal 0.000000e+00 0.000000e+00 1.000000e+00
    outer loop
      vertex   6.373383e+01 -2.455583e+01 1.860000e+01
      vertex   7.237585e+01 -3.149217e+01 1.860000e+01
      vertex   7.402101e+01 -3.151678e+01 1.860000e+01
    endloop
  endfacet
  facet normal 0.000000e+00 -0.000000e+00 1.000000e+00
    outer loop
      vertex   7.566471e+01 -3.144296e+01 1.860000e+01
      vertex   8.353638e+01 -2.433458e+01 1.860000e+01
      vertex   7.402101e+01 -3.151678e+01 1.860000e+01
    endloop
  endfacet
  facet normal 0.000000e+00 -0.000000e+00 1.000000e+00
    outer loop
      vertex   7.402101e+01 -3.151678e+01 1.860000e+01
      vertex   8.353638e+01 -2.433458e+01 1.860000e+01
      vertex   6.359451e+01 -2.411180e+01 1.860000e+01
    endloop
  endfacet
  facet normal 0.000000e+00 0.000000e+00 1.000000e+00
    outer loop
      vertex   7.402101e+01 -3.151678e+01 1.860000e+01
      vertex   6.359451e+01 -2.411180e+01 1.860000e+01
      vertex   6.373383e+01 -2.455583e+01 1.860000e+01
    endloop
  endfacet
  facet normal 0.000000e+00 0.000000e+00 1.000000e+00
    outer loop
      vertex   8.353638e+01 -2.433458e+01 1.860000e+01
      vertex   7.566471e+01 -3.144296e+01 1.860000e+01
      vertex   8.344270e+01 -2.479043e+01 1.860000e+01
    endloop
  endfacet
  facet normal 0.000000e+00 0.000000e+00 1.000000e+00
    outer loop
      vertex   8.344270e+01 -2.479043e+01 1.860000e+01
      vertex   7.566471e+01 -3.144296e+01 1.860000e+01
      vertex   7.730104e+01 -3.127098e+01 1.860000e+01
    endloop
  endfacet
  facet normal 0.000000e+00 0.000000e+00 1.000000e+00
    outer loop
      vertex   8.344270e+01 -2.479043e+01 1.860000e+01
      vertex   7.730104e+01 -3.127098e+01 1.860000e+01
      vertex   7.892417e+01 -3.100144e+01 1.860000e+01
    endloop
  endfacet
  facet normal 0.000000e+00 0.000000e+00 1.000000e+00
    outer loop
      vertex   8.344270e+01 -2.479043e+01 1.860000e+01
      vertex   7.892417e+01 -3.100144e+01 1.860000e+01
      vertex   8.344270e+01 -2.525580e+01 1.860000e+01
    endloop
  endfacet
  facet normal 0.000000e+00 0.000000e+00 1.000000e+00
    outer loop
      vertex   8.344270e+01 -2.525580e+01 1.860000e+01
      vertex   7.892417e+01 -3.100144e+01 1.860000e+01
      vertex   8.052826e+01 -3.063531e+01 1.860000e+01
    endloop
  endfacet
  facet normal 0.000000e+00 0.000000e+00 1.000000e+00
    outer loop
      vertex   8.344270e+01 -2.525580e+01 1.860000e+01
      vertex   8.052826e+01 -3.063531e+01 1.860000e+01
      vertex   8.353638e+01 -2.571165e+01 1.860000e+01
    endloop
  endfacet
  facet normal 0.000000e+00 0.000000e+00 1.000000e+00
    outer loop
      vertex   8.353638e+01 -2.571165e+01 1.860000e+01
      vertex   8.052826e+01 -3.063531e+01 1.860000e+01
      vertex   8.210760e+01 -3.017391e+01 1.860000e+01
    endloop
  endfacet
  facet normal 0.000000e+00 0.000000e+00 1.000000e+00
    outer loop
      vertex   8.353638e+01 -2.571165e+01 1.860000e+01
      vertex   8.210760e+01 -3.017391e+01 1.860000e+01
      vertex   8.371990e+01 -2.613931e+01 1.860000e+01
    endloop
  endfacet
  facet normal 0.000000e+00 0.000000e+00 1.000000e+00
    outer loop
      vertex   8.371990e+01 -2.613931e+01 1.860000e+01
      vertex   8.210760e+01 -3.017391e+01 1.860000e+01
      vertex   8.398576e+01 -2.652127e+01 1.860000e+01
    endloop
  endfacet
  facet normal 0.000000e+00 0.000000e+00 1.000000e+00
    outer loop
      vertex   8.398576e+01 -2.652127e+01 1.860000e+01
      vertex   8.210760e+01 -3.017391e+01 1.860000e+01
      vertex   8.365651e+01 -2.961889e+01 1.860000e+01
    endloop
  endfacet
  facet normal 0.000000e+00 0.000000e+00 1.000000e+00
    outer loop
      vertex   8.398576e+01 -2.652127e+01 1.860000e+01
      vertex   8.365651e+01 -2.961889e+01 1.860000e+01
      vertex   8.432306e+01 -2.684190e+01 1.860000e+01
    endloop
  endfacet
  facet normal 0.000000e+00 0.000000e+00 1.000000e+00
    outer loop
      vertex   8.432306e+01 -2.684190e+01 1.860000e+01
      vertex   8.365651e+01 -2.961889e+01 1.860000e+01
      vertex   8.471799e+01 -2.708806e+01 1.860000e+01
    endloop
  endfacet
  facet normal 0.000000e+00 0.000000e+00 1.000000e+00
    outer loop
      vertex   8.471799e+01 -2.708806e+01 1.860000e+01
      vertex   8.365651e+01 -2.961889e+01 1.860000e+01
      vertex   8.516945e+01 -2.897222e+01 1.860000e+01
    endloop
  endfacet
  facet normal 0.000000e+00 0.000000e+00 1.000000e+00
    outer loop
      vertex   8.471799e+01 -2.708806e+01 1.860000e+01
      vertex   8.516945e+01 -2.897222e+01 1.860000e+01
      vertex   8.515440e+01 -2.724969e+01 1.860000e+01
    endloop
  endfacet
  facet normal 0.000000e+00 0.000000e+00 1.000000e+00
    outer loop
      vertex   8.515440e+01 -2.724969e+01 1.860000e+01
      vertex   8.516945e+01 -2.897222e+01 1.860000e+01
      vertex   8.561441e+01 -2.732016e+01 1.860000e+01
    endloop
  endfacet
  facet normal 0.000000e+00 0.000000e+00 1.000000e+00
    outer loop
      vertex   8.561441e+01 -2.732016e+01 1.860000e+01
      vertex   8.516945e+01 -2.897222e+01 1.860000e+01
      vertex   8.664102e+01 -2.823623e+01 1.860000e+01
    endloop
  endfacet
  facet normal -0.000000e+00 0.000000e+00 1.000000e+00
    outer loop
      vertex   8.561441e+01 -2.732016e+01 1.860000e+01
      vertex   8.664102e+01 -2.823623e+01 1.860000e+01
      vertex   8.607918e+01 -2.729659e+01 1.860000e+01
    endloop
  endfacet
  facet normal -0.000000e+00 0.000000e+00 1.000000e+00
    outer loop
      vertex   8.607918e+01 -2.729659e+01 1.860000e+01
      vertex   8.664102e+01 -2.823623e+01 1.860000e+01
      vertex   8.652970e+01 -2.717994e+01 1.860000e+01
    endloop
  endfacet
  facet normal -0.000000e+00 0.000000e+00 1.000000e+00
    outer loop
      vertex   8.652970e+01 -2.717994e+01 1.860000e+01
      vertex   8.664102e+01 -2.823623e+01 1.860000e+01
      vertex   8.694752e+01 -2.697500e+01 1.860000e+01
    endloop
  endfacet
  facet normal 0.000000e+00 0.000000e+00 1.000000e+00
    outer loop
      vertex   8.694752e+01 -2.697500e+01 1.860000e+01
      vertex   8.664102e+01 -2.823623e+01 1.860000e+01
      vertex   8.806593e+01 -2.741356e+01 1.860000e+01
    endloop
  endfacet
  facet normal -0.000000e+00 0.000000e+00 1.000000e+00
    outer loop
      vertex   8.694752e+01 -2.697500e+01 1.860000e+01
      vertex   8.806593e+01 -2.741356e+01 1.860000e+01
      vertex   8.731552e+01 -2.669014e+01 1.860000e+01
    endloop
  endfacet
  facet normal -0.000000e+00 0.000000e+00 1.000000e+00
    outer loop
      vertex   8.731552e+01 -2.669014e+01 1.860000e+01
      vertex   8.806593e+01 -2.741356e+01 1.860000e+01
      vertex   8.761865e+01 -2.633703e+01 1.860000e+01
    endloop
  endfacet
  facet normal 0.000000e+00 0.000000e+00 1.000000e+00
    outer loop
      vertex   8.761865e+01 -2.633703e+01 1.860000e+01
      vertex   8.806593e+01 -2.741356e+01 1.860000e+01
      vertex   8.943910e+01 -2.650714e+01 1.860000e+01
    endloop
  endfacet
  facet normal -0.000000e+00 0.000000e+00 1.000000e+00
    outer loop
      vertex   8.761865e+01 -2.633703e+01 1.860000e+01
      vertex   8.943910e+01 -2.650714e+01 1.860000e+01
      vertex   8.784450e+01 -2.593013e+01 1.860000e+01
    endloop
  endfacet
  facet normal -0.000000e+00 0.000000e+00 1.000000e+00
    outer loop
      vertex   8.784450e+01 -2.593013e+01 1.860000e+01
      vertex   8.943910e+01 -2.650714e+01 1.860000e+01
      vertex   8.798382e+01 -2.548610e+01 1.860000e+01
    endloop
  endfacet
  facet normal -0.000000e+00 0.000000e+00 1.000000e+00
    outer loop
      vertex   8.798382e+01 -2.548610e+01 1.860000e+01
      vertex   8.943910e+01 -2.650714e+01 1.860000e+01
      vertex   8.803090e+01 -2.502311e+01 1.860000e+01
    endloop
  endfacet
  facet normal 0.000000e+00 0.000000e+00 1.000000e+00
    outer loop
      vertex   8.803090e+01 -2.502311e+01 1.860000e+01
      vertex   8.943910e+01 -2.650714e+01 1.860000e+01
      vertex   9.075560e+01 -2.552022e+01 1.860000e+01
    endloop
  endfacet
  facet normal -0.000000e+00 -0.000000e+00 1.000000e+00
    outer loop
      vertex   8.803090e+01 -2.502311e+01 1.860000e+01
      vertex   9.075560e+01 -2.552022e+01 1.860000e+01
      vertex   8.798382e+01 -2.456013e+01 1.860000e+01
    endloop
  endfacet
  facet normal -0.000000e+00 -0.000000e+00 1.000000e+00
    outer loop
      vertex   8.798382e+01 -2.456013e+01 1.860000e+01
      vertex   9.075560e+01 -2.552022e+01 1.860000e+01
      vertex   8.784450e+01 -2.411609e+01 1.860000e+01
    endloop
  endfacet
  facet normal 0.000000e+00 0.000000e+00 1.000000e+00
    outer loop
      vertex   8.784450e+01 -2.411609e+01 1.860000e+01
      vertex   9.075560e+01 -2.552022e+01 1.860000e+01
      vertex   9.201072e+01 -2.445634e+01 1.860000e+01
    endloop
  endfacet
  facet normal -0.000000e+00 -0.000000e+00 1.000000e+00
    outer loop
      vertex   8.784450e+01 -2.411609e+01 1.860000e+01
      vertex   9.201072e+01 -2.445634e+01 1.860000e+01
      vertex   8.761865e+01 -2.370920e+01 1.860000e+01
    endloop
  endfacet
  facet normal -0.000000e+00 0.000000e+00 1.000000e+00
    outer loop
      vertex   8.761865e+01 -2.370920e+01 1.860000e+01
      vertex   9.201072e+01 -2.445634e+01 1.860000e+01
      vertex   9.319997e+01 -2.331930e+01 1.860000e+01
    endloop
  endfacet
  facet normal 0.000000e+00 -0.000000e+00 1.000000e+00
    outer loop
      vertex   8.761865e+01 -2.370920e+01 1.860000e+01
      vertex   9.319997e+01 -2.331930e+01 1.860000e+01
      vertex   8.731552e+01 -2.335609e+01 1.860000e+01
    endloop
  endfacet
  facet normal 0.000000e+00 0.000000e+00 1.000000e+00
    outer loop
      vertex   8.731552e+01 -2.335609e+01 1.860000e+01
      vertex   9.319997e+01 -2.331930e+01 1.860000e+01
      vertex   9.431909e+01 -2.211317e+01 1.860000e+01
    endloop
  endfacet
  facet normal 0.000000e+00 -0.000000e+00 1.000000e+00
    outer loop
      vertex   8.731552e+01 -2.335609e+01 1.860000e+01
      vertex   9.431909e+01 -2.211317e+01 1.860000e+01
      vertex   8.694752e+01 -2.307123e+01 1.860000e+01
    endloop
  endfacet
  facet normal 0.000000e+00 0.000000e+00 1.000000e+00
    outer loop
      vertex   8.694752e+01 -2.307123e+01 1.860000e+01
      vertex   9.431909e+01 -2.211317e+01 1.860000e+01
      vertex   9.536408e+01 -2.084228e+01 1.860000e+01
    endloop
  endfacet
  facet normal 0.000000e+00 -0.000000e+00 1.000000e+00
    outer loop
      vertex   8.694752e+01 -2.307123e+01 1.860000e+01
      vertex   9.536408e+01 -2.084228e+01 1.860000e+01
      vertex   8.652970e+01 -2.286628e+01 1.860000e+01
    endloop
  endfacet
  facet normal 0.000000e+00 0.000000e+00 1.000000e+00
    outer loop
      vertex   8.652970e+01 -2.286628e+01 1.860000e+01
      vertex   9.536408e+01 -2.084228e+01 1.860000e+01
      vertex   9.633119e+01 -1.951116e+01 1.860000e+01
    endloop
  endfacet
  facet normal 0.000000e+00 0.000000e+00 1.000000e+00
    outer loop
      vertex   8.652970e+01 -2.286628e+01 1.860000e+01
      vertex   9.633119e+01 -1.951116e+01 1.860000e+01
      vertex   9.721697e+01 -1.812459e+01 1.860000e+01
    endloop
  endfacet
  facet normal 0.000000e+00 0.000000e+00 1.000000e+00
    outer loop
      vertex   9.611447e+01 -5.522314e+00 1.860000e+01
      vertex   9.801824e+01 -1.668753e+01 1.860000e+01
      vertex   9.645177e+01 -5.842941e+00 1.860000e+01
    endloop
  endfacet
  facet normal 0.000000e+00 0.000000e+00 1.000000e+00
    outer loop
      vertex   9.645177e+01 -5.842941e+00 1.860000e+01
      vertex   9.801824e+01 -1.668753e+01 1.860000e+01
      vertex   9.873213e+01 -1.520512e+01 1.860000e+01
    endloop
  endfacet
  facet normal 0.000000e+00 0.000000e+00 1.000000e+00
    outer loop
      vertex   9.645177e+01 -5.842941e+00 1.860000e+01
      vertex   9.873213e+01 -1.520512e+01 1.860000e+01
      vertex   9.935609e+01 -1.368267e+01 1.860000e+01
    endloop
  endfacet
  facet normal 0.000000e+00 0.000000e+00 1.000000e+00
    outer loop
      vertex   9.645177e+01 -5.842941e+00 1.860000e+01
      vertex   9.935609e+01 -1.368267e+01 1.860000e+01
      vertex   9.684671e+01 -6.089108e+00 1.860000e+01
    endloop
  endfacet
  facet normal 0.000000e+00 0.000000e+00 1.000000e+00
    outer loop
      vertex   9.684671e+01 -6.089108e+00 1.860000e+01
      vertex   9.935609e+01 -1.368267e+01 1.860000e+01
      vertex   9.988788e+01 -1.212563e+01 1.860000e+01
    endloop
  endfacet
  facet normal 0.000000e+00 0.000000e+00 1.000000e+00
    outer loop
      vertex   9.684671e+01 -6.089108e+00 1.860000e+01
      vertex   9.988788e+01 -1.212563e+01 1.860000e+01
      vertex   9.728312e+01 -6.250734e+00 1.860000e+01
    endloop
  endfacet
  facet normal 0.000000e+00 0.000000e+00 1.000000e+00
    outer loop
      vertex   9.728312e+01 -6.250734e+00 1.860000e+01
      vertex   9.988788e+01 -1.212563e+01 1.860000e+01
      vertex   1.003256e+02 -1.053957e+01 1.860000e+01
    endloop
  endfacet
  facet normal 0.000000e+00 0.000000e+00 1.000000e+00
    outer loop
      vertex   9.728312e+01 -6.250734e+00 1.860000e+01
      vertex   1.003256e+02 -1.053957e+01 1.860000e+01
      vertex   9.774312e+01 -6.321205e+00 1.860000e+01
    endloop
  endfacet
  facet normal 0.000000e+00 0.000000e+00 1.000000e+00
    outer loop
      vertex   9.774312e+01 -6.321205e+00 1.860000e+01
      vertex   1.003256e+02 -1.053957e+01 1.860000e+01
      vertex   1.006677e+02 -8.930172e+00 1.860000e+01
    endloop
  endfacet
  facet normal -0.000000e+00 0.000000e+00 1.000000e+00
    outer loop
      vertex   9.774312e+01 -6.321205e+00 1.860000e+01
      vertex   1.006677e+02 -8.930172e+00 1.860000e+01
      vertex   9.820790e+01 -6.297634e+00 1.860000e+01
    endloop
  endfacet
  facet normal -0.000000e+00 0.000000e+00 1.000000e+00
    outer loop
      vertex   9.820790e+01 -6.297634e+00 1.860000e+01
      vertex   1.006677e+02 -8.930172e+00 1.860000e+01
      vertex   9.865842e+01 -6.180987e+00 1.860000e+01
    endloop
  endfacet
  facet normal 0.000000e+00 0.000000e+00 1.000000e+00
    outer loop
      vertex   9.865842e+01 -6.180987e+00 1.860000e+01
      vertex   1.006677e+02 -8.930172e+00 1.860000e+01
      vertex   1.009129e+02 -7.303199e+00 1.860000e+01
    endloop
  endfacet
  facet normal -0.000000e+00 0.000000e+00 1.000000e+00
    outer loop
      vertex   9.865842e+01 -6.180987e+00 1.860000e+01
      vertex   1.009129e+02 -7.303199e+00 1.860000e+01
      vertex   9.907623e+01 -5.976039e+00 1.860000e+01
    endloop
  endfacet
  facet normal -0.000000e+00 0.000000e+00 1.000000e+00
    outer loop
      vertex   9.907623e+01 -5.976039e+00 1.860000e+01
      vertex   1.009129e+02 -7.303199e+00 1.860000e+01
      vertex   9.944424e+01 -5.691181e+00 1.860000e+01
    endloop
  endfacet
  facet normal -0.000000e+00 0.000000e+00 1.000000e+00
    outer loop
      vertex   9.944424e+01 -5.691181e+00 1.860000e+01
      vertex   1.009129e+02 -7.303199e+00 1.860000e+01
      vertex   1.010604e+02 -5.664472e+00 1.860000e+01
    endloop
  endfacet
  facet normal 0.000000e+00 0.000000e+00 1.000000e+00
    outer loop
      vertex   9.944424e+01 -5.691181e+00 1.860000e+01
      vertex   1.010604e+02 -5.664472e+00 1.860000e+01
      vertex   9.974737e+01 -5.338074e+00 1.860000e+01
    endloop
  endfacet
  facet normal -0.000000e+00 0.000000e+00 1.000000e+00
    outer loop
      vertex   9.974737e+01 -5.338074e+00 1.860000e+01
      vertex   1.010604e+02 -5.664472e+00 1.860000e+01
      vertex   9.997322e+01 -4.931176e+00 1.860000e+01
    endloop
  endfacet
  facet normal -0.000000e+00 0.000000e+00 1.000000e+00
    outer loop
      vertex   9.997322e+01 -4.931176e+00 1.860000e+01
      vertex   1.010604e+02 -5.664472e+00 1.860000e+01
      vertex   1.001125e+02 -4.487144e+00 1.860000e+01
    endloop
  endfacet
  facet normal -0.000000e+00 0.000000e+00 1.000000e+00
    outer loop
      vertex   1.001125e+02 -4.487144e+00 1.860000e+01
      vertex   1.010604e+02 -5.664472e+00 1.860000e+01
      vertex   1.011096e+02 -4.019858e+00 1.860000e+01
    endloop
  endfacet
  facet normal 0.000000e+00 0.000000e+00 1.000000e+00
    outer loop
      vertex   6.091186e+01 1.475682e+01 1.860000e+01
      vertex   6.990307e+01 -1.840072e+00 1.860000e+01
      vertex   6.137186e+01 1.468635e+01 1.860000e+01
    endloop
  endfacet
  facet normal 0.000000e+00 0.000000e+00 1.000000e+00
    outer loop
      vertex   6.137186e+01 1.468635e+01 1.860000e+01
      vertex   6.990307e+01 -1.840072e+00 1.860000e+01
      vertex   7.026626e+01 -1.315813e+00 1.860000e+01
    endloop
  endfacet
  facet normal -0.000000e+00 0.000000e+00 1.000000e+00
    outer loop
      vertex   6.137186e+01 1.468635e+01 1.860000e+01
      vertex   7.026626e+01 -1.315813e+00 1.860000e+01
      vertex   6.183664e+01 1.470992e+01 1.860000e+01
    endloop
  endfacet
  facet normal 0.000000e+00 0.000000e+00 1.000000e+00
    outer loop
      vertex   6.183664e+01 1.470992e+01 1.860000e+01
      vertex   7.026626e+01 -1.315813e+00 1.860000e+01
      vertex   7.070298e+01 -8.510380e-01 1.860000e+01
    endloop
  endfacet
  facet normal -0.000000e+00 0.000000e+00 1.000000e+00
    outer loop
      vertex   6.183664e+01 1.470992e+01 1.860000e+01
      vertex   7.070298e+01 -8.510380e-01 1.860000e+01
      vertex   6.228716e+01 1.482657e+01 1.860000e+01
    endloop
  endfacet
  facet normal 0.000000e+00 0.000000e+00 1.000000e+00
    outer loop
      vertex   6.228716e+01 1.482657e+01 1.860000e+01
      vertex   7.070298e+01 -8.510380e-01 1.860000e+01
      vertex   7.120365e+01 -4.559714e-01 1.860000e+01
    endloop
  endfacet
  facet normal -0.000000e+00 0.000000e+00 1.000000e+00
    outer loop
      vertex   6.228716e+01 1.482657e+01 1.860000e+01
      vertex   7.120365e+01 -4.559714e-01 1.860000e+01
      vertex   6.270497e+01 1.503152e+01 1.860000e+01
    endloop
  endfacet
  facet normal 0.000000e+00 0.000000e+00 1.000000e+00
    outer loop
      vertex   6.270497e+01 1.503152e+01 1.860000e+01
      vertex   7.120365e+01 -4.559714e-01 1.860000e+01
      vertex   7.175725e+01 -1.393041e-01 1.860000e+01
    endloop
  endfacet
  facet normal -0.000000e+00 0.000000e+00 1.000000e+00
    outer loop
      vertex   6.270497e+01 1.503152e+01 1.860000e+01
      vertex   7.175725e+01 -1.393041e-01 1.860000e+01
      vertex   6.307298e+01 1.531637e+01 1.860000e+01
    endloop
  endfacet
  facet normal 0.000000e+00 0.000000e+00 1.000000e+00
    outer loop
      vertex   6.307298e+01 1.531637e+01 1.860000e+01
      vertex   7.175725e+01 -1.393041e-01 1.860000e+01
      vertex   7.235160e+01 9.199777e-02 1.860000e+01
    endloop
  endfacet
  facet normal -0.000000e+00 0.000000e+00 1.000000e+00
    outer loop
      vertex   6.307298e+01 1.531637e+01 1.860000e+01
      vertex   7.235160e+01 9.199777e-02 1.860000e+01
      vertex   6.337611e+01 1.566948e+01 1.860000e+01
    endloop
  endfacet
  facet normal 0.000000e+00 0.000000e+00 1.000000e+00
    outer loop
      vertex   6.337611e+01 1.566948e+01 1.860000e+01
      vertex   7.235160e+01 9.199777e-02 1.860000e+01
      vertex   7.297362e+01 2.328461e-01 1.860000e+01
    endloop
  endfacet
  facet normal 0.000000e+00 0.000000e+00 1.000000e+00
    outer loop
      vertex   6.337611e+01 1.566948e+01 1.860000e+01
      vertex   7.297362e+01 2.328461e-01 1.860000e+01
      vertex   7.360963e+01 2.801423e-01 1.860000e+01
    endloop
  endfacet
  facet normal 0.000000e+00 -0.000000e+00 1.000000e+00
    outer loop
      vertex   7.424564e+01 2.328461e-01 1.860000e+01
      vertex   8.372735e+01 1.586290e+01 1.860000e+01
      vertex   7.360963e+01 2.801423e-01 1.860000e+01
    endloop
  endfacet
  facet normal 0.000000e+00 -0.000000e+00 1.000000e+00
    outer loop
      vertex   7.360963e+01 2.801423e-01 1.860000e+01
      vertex   8.372735e+01 1.586290e+01 1.860000e+01
      vertex   6.360196e+01 1.607638e+01 1.860000e+01
    endloop
  endfacet
  facet normal 0.000000e+00 0.000000e+00 1.000000e+00
    outer loop
      vertex   7.360963e+01 2.801423e-01 1.860000e+01
      vertex   6.360196e+01 1.607638e+01 1.860000e+01
      vertex   6.337611e+01 1.566948e+01 1.860000e+01
    endloop
  endfacet
  facet normal 0.000000e+00 0.000000e+00 1.000000e+00
    outer loop
      vertex   8.372735e+01 1.586290e+01 1.860000e+01
      vertex   7.424564e+01 2.328461e-01 1.860000e+01
      vertex   8.399320e+01 1.548094e+01 1.860000e+01
    endloop
  endfacet
  facet normal 0.000000e+00 0.000000e+00 1.000000e+00
    outer loop
      vertex   8.399320e+01 1.548094e+01 1.860000e+01
      vertex   7.424564e+01 2.328461e-01 1.860000e+01
      vertex   7.486766e+01 9.199777e-02 1.860000e+01
    endloop
  endfacet
  facet normal 0.000000e+00 0.000000e+00 1.000000e+00
    outer loop
      vertex   8.399320e+01 1.548094e+01 1.860000e+01
      vertex   7.486766e+01 9.199777e-02 1.860000e+01
      vertex   8.433050e+01 1.516031e+01 1.860000e+01
    endloop
  endfacet
  facet normal 0.000000e+00 0.000000e+00 1.000000e+00
    outer loop
      vertex   8.433050e+01 1.516031e+01 1.860000e+01
      vertex   7.486766e+01 9.199777e-02 1.860000e+01
      vertex   7.546201e+01 -1.393041e-01 1.860000e+01
    endloop
  endfacet
  facet normal 0.000000e+00 0.000000e+00 1.000000e+00
    outer loop
      vertex   8.433050e+01 1.516031e+01 1.860000e+01
      vertex   7.546201e+01 -1.393041e-01 1.860000e+01
      vertex   8.472544e+01 1.491415e+01 1.860000e+01
    endloop
  endfacet
  facet normal 0.000000e+00 0.000000e+00 1.000000e+00
    outer loop
      vertex   8.472544e+01 1.491415e+01 1.860000e+01
      vertex   7.546201e+01 -1.393041e-01 1.860000e+01
      vertex   7.601560e+01 -4.559714e-01 1.860000e+01
    endloop
  endfacet
  facet normal 0.000000e+00 0.000000e+00 1.000000e+00
    outer loop
      vertex   8.472544e+01 1.491415e+01 1.860000e+01
      vertex   7.601560e+01 -4.559714e-01 1.860000e+01
      vertex   8.516184e+01 1.475252e+01 1.860000e+01
    endloop
  endfacet
  facet normal 0.000000e+00 0.000000e+00 1.000000e+00
    outer loop
      vertex   8.516184e+01 1.475252e+01 1.860000e+01
      vertex   7.601560e+01 -4.559714e-01 1.860000e+01
      vertex   7.651627e+01 -8.510380e-01 1.860000e+01
    endloop
  endfacet
  facet normal 0.000000e+00 0.000000e+00 1.000000e+00
    outer loop
      vertex   8.516184e+01 1.475252e+01 1.860000e+01
      vertex   7.651627e+01 -8.510380e-01 1.860000e+01
      vertex   7.695300e+01 -1.315813e+00 1.860000e+01
    endloop
  endfacet
  facet normal 0.000000e+00 0.000000e+00 1.000000e+00
    outer loop
      vertex   8.516184e+01 1.475252e+01 1.860000e+01
      vertex   7.695300e+01 -1.315813e+00 1.860000e+01
      vertex   8.562185e+01 1.468205e+01 1.860000e+01
    endloop
  endfacet
  facet normal 0.000000e+00 0.000000e+00 1.000000e+00
    outer loop
      vertex   8.562185e+01 1.468205e+01 1.860000e+01
      vertex   7.695300e+01 -1.315813e+00 1.860000e+01
      vertex   7.731618e+01 -1.840072e+00 1.860000e+01
    endloop
  endfacet
  facet normal -0.000000e+00 0.000000e+00 1.000000e+00
    outer loop
      vertex   8.562185e+01 1.468205e+01 1.860000e+01
      vertex   7.731618e+01 -1.840072e+00 1.860000e+01
      vertex   8.608663e+01 1.470562e+01 1.860000e+01
    endloop
  endfacet
  facet normal 0.000000e+00 0.000000e+00 1.000000e+00
    outer loop
      vertex   7.779173e+01 -3.019858e+00 1.860000e+01
      vertex   6.942752e+01 -3.019858e+00 1.860000e+01
      vertex   7.779173e+01 -5.019858e+00 1.860000e+01
    endloop
  endfacet
  facet normal 0.000000e+00 0.000000e+00 1.000000e+00
    outer loop
      vertex   7.779173e+01 -5.019858e+00 1.860000e+01
      vertex   6.942752e+01 -3.019858e+00 1.860000e+01
      vertex   6.942752e+01 -5.019858e+00 1.860000e+01
    endloop
  endfacet
  facet normal 0.000000e+00 -0.000000e+00 1.000000e+00
    outer loop
      vertex   6.942752e+01 -5.019858e+00 1.860000e+01
      vertex   6.942752e+01 -3.019858e+00 1.860000e+01
      vertex   5.165964e+01 -4.015558e+00 1.860000e+01
    endloop
  endfacet
  facet normal 0.000000e+00 0.000000e+00 1.000000e+00
    outer loop
      vertex   6.942752e+01 -5.019858e+00 1.860000e+01
      vertex   5.165964e+01 -4.015558e+00 1.860000e+01
      vertex   5.161256e+01 -4.478545e+00 1.860000e+01
    endloop
  endfacet
  facet normal -0.000000e+00 0.000000e+00 1.000000e+00
    outer loop
      vertex   7.695300e+01 -6.723902e+00 1.860000e+01
      vertex   8.561441e+01 -2.272607e+01 1.860000e+01
      vertex   7.731618e+01 -6.199643e+00 1.860000e+01
    endloop
  endfacet
  facet normal 0.000000e+00 0.000000e+00 1.000000e+00
    outer loop
      vertex   7.731618e+01 -6.199643e+00 1.860000e+01
      vertex   8.561441e+01 -2.272607e+01 1.860000e+01
      vertex   8.607918e+01 -2.274964e+01 1.860000e+01
    endloop
  endfacet
  facet normal 0.000000e+00 0.000000e+00 1.000000e+00
    outer loop
      vertex   7.731618e+01 -6.199643e+00 1.860000e+01
      vertex   8.607918e+01 -2.274964e+01 1.860000e+01
      vertex   9.721697e+01 -1.812459e+01 1.860000e+01
    endloop
  endfacet
  facet normal 0.000000e+00 0.000000e+00 1.000000e+00
    outer loop
      vertex   9.721697e+01 -1.812459e+01 1.860000e+01
      vertex   8.607918e+01 -2.274964e+01 1.860000e+01
      vertex   8.652970e+01 -2.286628e+01 1.860000e+01
    endloop
  endfacet
  facet normal 0.000000e+00 0.000000e+00 1.000000e+00
    outer loop
      vertex   8.561441e+01 -2.272607e+01 1.860000e+01
      vertex   7.695300e+01 -6.723902e+00 1.860000e+01
      vertex   8.515440e+01 -2.279654e+01 1.860000e+01
    endloop
  endfacet
  facet normal 0.000000e+00 0.000000e+00 1.000000e+00
    outer loop
      vertex   8.515440e+01 -2.279654e+01 1.860000e+01
      vertex   7.695300e+01 -6.723902e+00 1.860000e+01
      vertex   7.651627e+01 -7.188677e+00 1.860000e+01
    endloop
  endfacet
  facet normal 0.000000e+00 0.000000e+00 1.000000e+00
    outer loop
      vertex   8.515440e+01 -2.279654e+01 1.860000e+01
      vertex   7.651627e+01 -7.188677e+00 1.860000e+01
      vertex   7.601560e+01 -7.583744e+00 1.860000e+01
    endloop
  endfacet
  facet normal 0.000000e+00 0.000000e+00 1.000000e+00
    outer loop
      vertex   8.515440e+01 -2.279654e+01 1.860000e+01
      vertex   7.601560e+01 -7.583744e+00 1.860000e+01
      vertex   8.471799e+01 -2.295816e+01 1.860000e+01
    endloop
  endfacet
  facet normal 0.000000e+00 0.000000e+00 1.000000e+00
    outer loop
      vertex   8.471799e+01 -2.295816e+01 1.860000e+01
      vertex   7.601560e+01 -7.583744e+00 1.860000e+01
      vertex   7.546201e+01 -7.900411e+00 1.860000e+01
    endloop
  endfacet
  facet normal 0.000000e+00 0.000000e+00 1.000000e+00
    outer loop
      vertex   8.471799e+01 -2.295816e+01 1.860000e+01
      vertex   7.546201e+01 -7.900411e+00 1.860000e+01
      vertex   8.432306e+01 -2.320433e+01 1.860000e+01
    endloop
  endfacet
  facet normal 0.000000e+00 0.000000e+00 1.000000e+00
    outer loop
      vertex   8.432306e+01 -2.320433e+01 1.860000e+01
      vertex   7.546201e+01 -7.900411e+00 1.860000e+01
      vertex   7.486766e+01 -8.131713e+00 1.860000e+01
    endloop
  endfacet
  facet normal 0.000000e+00 0.000000e+00 1.000000e+00
    outer loop
      vertex   8.432306e+01 -2.320433e+01 1.860000e+01
      vertex   7.486766e+01 -8.131713e+00 1.860000e+01
      vertex   8.398576e+01 -2.352496e+01 1.860000e+01
    endloop
  endfacet
  facet normal 0.000000e+00 0.000000e+00 1.000000e+00
    outer loop
      vertex   8.398576e+01 -2.352496e+01 1.860000e+01
      vertex   7.486766e+01 -8.131713e+00 1.860000e+01
      vertex   7.424564e+01 -8.272561e+00 1.860000e+01
    endloop
  endfacet
  facet normal 0.000000e+00 0.000000e+00 1.000000e+00
    outer loop
      vertex   8.398576e+01 -2.352496e+01 1.860000e+01
      vertex   7.424564e+01 -8.272561e+00 1.860000e+01
      vertex   8.371990e+01 -2.390692e+01 1.860000e+01
    endloop
  endfacet
  facet normal 0.000000e+00 0.000000e+00 1.000000e+00
    outer loop
      vertex   8.371990e+01 -2.390692e+01 1.860000e+01
      vertex   7.424564e+01 -8.272561e+00 1.860000e+01
      vertex   7.360963e+01 -8.319858e+00 1.860000e+01
    endloop
  endfacet
  facet normal 0.000000e+00 0.000000e+00 1.000000e+00
    outer loop
      vertex   8.371990e+01 -2.390692e+01 1.860000e+01
      vertex   7.360963e+01 -8.319858e+00 1.860000e+01
      vertex   6.359451e+01 -2.411180e+01 1.860000e+01
    endloop
  endfacet
  facet normal 0.000000e+00 -0.000000e+00 1.000000e+00
    outer loop
      vertex   6.359451e+01 -2.411180e+01 1.860000e+01
      vertex   7.360963e+01 -8.319858e+00 1.860000e+01
      vertex   6.336867e+01 -2.370490e+01 1.860000e+01
    endloop
  endfacet
  facet normal 0.000000e+00 0.000000e+00 1.000000e+00
    outer loop
      vertex   6.336867e+01 -2.370490e+01 1.860000e+01
      vertex   7.360963e+01 -8.319858e+00 1.860000e+01
      vertex   7.297362e+01 -8.272561e+00 1.860000e+01
    endloop
  endfacet
  facet normal 0.000000e+00 0.000000e+00 1.000000e+00
    outer loop
      vertex   6.336867e+01 -2.370490e+01 1.860000e+01
      vertex   7.297362e+01 -8.272561e+00 1.860000e+01
      vertex   7.235160e+01 -8.131713e+00 1.860000e+01
    endloop
  endfacet
  facet normal 0.000000e+00 -0.000000e+00 1.000000e+00
    outer loop
      vertex   6.336867e+01 -2.370490e+01 1.860000e+01
      vertex   7.235160e+01 -8.131713e+00 1.860000e+01
      vertex   6.306553e+01 -2.335179e+01 1.860000e+01
    endloop
  endfacet
  facet normal 0.000000e+00 0.000000e+00 1.000000e+00
    outer loop
      vertex   6.306553e+01 -2.335179e+01 1.860000e+01
      vertex   7.235160e+01 -8.131713e+00 1.860000e+01
      vertex   7.175725e+01 -7.900411e+00 1.860000e+01
    endloop
  endfacet
  facet normal 0.000000e+00 -0.000000e+00 1.000000e+00
    outer loop
      vertex   6.306553e+01 -2.335179e+01 1.860000e+01
      vertex   7.175725e+01 -7.900411e+00 1.860000e+01
      vertex   6.269753e+01 -2.306693e+01 1.860000e+01
    endloop
  endfacet
  facet normal 0.000000e+00 0.000000e+00 1.000000e+00
    outer loop
      vertex   6.269753e+01 -2.306693e+01 1.860000e+01
      vertex   7.175725e+01 -7.900411e+00 1.860000e+01
      vertex   7.120365e+01 -7.583744e+00 1.860000e+01
    endloop
  endfacet
  facet normal 0.000000e+00 -0.000000e+00 1.000000e+00
    outer loop
      vertex   6.269753e+01 -2.306693e+01 1.860000e+01
      vertex   7.120365e+01 -7.583744e+00 1.860000e+01
      vertex   6.227971e+01 -2.286198e+01 1.860000e+01
    endloop
  endfacet
  facet normal 0.000000e+00 0.000000e+00 1.000000e+00
    outer loop
      vertex   6.227971e+01 -2.286198e+01 1.860000e+01
      vertex   7.120365e+01 -7.583744e+00 1.860000e+01
      vertex   7.070298e+01 -7.188677e+00 1.860000e+01
    endloop
  endfacet
  facet normal 0.000000e+00 -0.000000e+00 1.000000e+00
    outer loop
      vertex   6.227971e+01 -2.286198e+01 1.860000e+01
      vertex   7.070298e+01 -7.188677e+00 1.860000e+01
      vertex   6.182919e+01 -2.274534e+01 1.860000e+01
    endloop
  endfacet
  facet normal 0.000000e+00 0.000000e+00 1.000000e+00
    outer loop
      vertex   6.182919e+01 -2.274534e+01 1.860000e+01
      vertex   7.070298e+01 -7.188677e+00 1.860000e+01
      vertex   7.026626e+01 -6.723902e+00 1.860000e+01
    endloop
  endfacet
  facet normal 0.000000e+00 -0.000000e+00 1.000000e+00
    outer loop
      vertex   6.182919e+01 -2.274534e+01 1.860000e+01
      vertex   7.026626e+01 -6.723902e+00 1.860000e+01
      vertex   6.136442e+01 -2.272177e+01 1.860000e+01
    endloop
  endfacet
  facet normal 0.000000e+00 0.000000e+00 1.000000e+00
    outer loop
      vertex   6.136442e+01 -2.272177e+01 1.860000e+01
      vertex   7.026626e+01 -6.723902e+00 1.860000e+01
      vertex   6.990307e+01 -6.199643e+00 1.860000e+01
    endloop
  endfacet
  facet normal 0.000000e+00 -0.000000e+00 1.000000e+00
    outer loop
      vertex   6.136442e+01 -2.272177e+01 1.860000e+01
      vertex   6.990307e+01 -6.199643e+00 1.860000e+01
      vertex   5.124740e+01 -5.329475e+00 1.860000e+01
    endloop
  endfacet
  facet normal 0.000000e+00 0.000000e+00 1.000000e+00
    outer loop
      vertex   5.124740e+01 -5.329475e+00 1.860000e+01
      vertex   6.990307e+01 -6.199643e+00 1.860000e+01
      vertex   6.962143e+01 -5.627432e+00 1.860000e+01
    endloop
  endfacet
  facet normal -0.000000e+00 0.000000e+00 1.000000e+00
    outer loop
      vertex   5.124740e+01 -5.329475e+00 1.860000e+01
      vertex   6.962143e+01 -5.627432e+00 1.860000e+01
      vertex   5.147324e+01 -4.922577e+00 1.860000e+01
    endloop
  endfacet
  facet normal 0.000000e+00 0.000000e+00 1.000000e+00
    outer loop
      vertex   5.147324e+01 -4.922577e+00 1.860000e+01
      vertex   6.962143e+01 -5.627432e+00 1.860000e+01
      vertex   6.942752e+01 -5.019858e+00 1.860000e+01
    endloop
  endfacet
  facet normal -0.000000e+00 0.000000e+00 1.000000e+00
    outer loop
      vertex   5.147324e+01 -4.922577e+00 1.860000e+01
      vertex   6.942752e+01 -5.019858e+00 1.860000e+01
      vertex   5.161256e+01 -4.478545e+00 1.860000e+01
    endloop
  endfacet
  facet normal -0.000000e+00 0.000000e+00 1.000000e+00
    outer loop
      vertex   5.094426e+01 -5.682582e+00 1.860000e+01
      vertex   6.090441e+01 -2.279224e+01 1.860000e+01
      vertex   5.124740e+01 -5.329475e+00 1.860000e+01
    endloop
  endfacet
  facet normal 0.000000e+00 0.000000e+00 1.000000e+00
    outer loop
      vertex   5.124740e+01 -5.329475e+00 1.860000e+01
      vertex   6.090441e+01 -2.279224e+01 1.860000e+01
      vertex   6.136442e+01 -2.272177e+01 1.860000e+01
    endloop
  endfacet
  facet normal 0.000000e+00 -0.000000e+00 1.000000e+00
    outer loop
      vertex   8.353638e+01 -2.433458e+01 1.860000e+01
      vertex   8.371990e+01 -2.390692e+01 1.860000e+01
      vertex   6.359451e+01 -2.411180e+01 1.860000e+01
    endloop
  endfacet
  facet normal 0.000000e+00 0.000000e+00 1.000000e+00
    outer loop
      vertex   8.372735e+01 1.586290e+01 1.860000e+01
      vertex   8.354383e+01 1.629056e+01 1.860000e+01
      vertex   6.360196e+01 1.607638e+01 1.860000e+01
    endloop
  endfacet
  facet normal 0.000000e+00 0.000000e+00 1.000000e+00
    outer loop
      vertex   9.611447e+01 -2.526000e+00 1.860000e+01
      vertex   9.645177e+01 -2.205373e+00 1.860000e+01
      vertex   9.801824e+01 8.647810e+00 1.860000e+01
    endloop
  endfacet
  facet normal -0.000000e+00 0.000000e+00 1.000000e+00
    outer loop
      vertex   9.997322e+01 -3.117139e+00 1.860000e+01
      vertex   1.001125e+02 -3.561170e+00 1.860000e+01
      vertex   1.010604e+02 -2.375243e+00 1.860000e+01
    endloop
  endfacet
  facet normal 0.000000e+00 0.000000e+00 -1.000000e+00
    outer loop
      vertex   1.001125e+02 -4.487144e+00 1.580000e+01
      vertex   1.001596e+02 -4.024157e+00 1.580000e+01
      vertex   1.011096e+02 -4.019858e+00 1.580000e+01
    endloop
  endfacet
  facet normal -0.000000e+00 0.000000e+00 -1.000000e+00
    outer loop
      vertex   1.011096e+02 -4.019858e+00 1.580000e+01
      vertex   1.001596e+02 -4.024157e+00 1.580000e+01
      vertex   1.001125e+02 -3.561170e+00 1.580000e+01
    endloop
  endfacet
  facet normal 0.000000e+00 0.000000e+00 -1.000000e+00
    outer loop
      vertex   1.011096e+02 -4.019858e+00 1.580000e+01
      vertex   1.001125e+02 -3.561170e+00 1.580000e+01
      vertex   1.010604e+02 -2.375243e+00 1.580000e+01
    endloop
  endfacet
  facet normal 0.000000e+00 0.000000e+00 -1.000000e+00
    outer loop
      vertex   1.010604e+02 -2.375243e+00 1.580000e+01
      vertex   1.001125e+02 -3.561170e+00 1.580000e+01
      vertex   9.997322e+01 -3.117139e+00 1.580000e+01
    endloop
  endfacet
  facet normal 0.000000e+00 0.000000e+00 -1.000000e+00
    outer loop
      vertex   1.010604e+02 -2.375243e+00 1.580000e+01
      vertex   9.997322e+01 -3.117139e+00 1.580000e+01
      vertex   9.974737e+01 -2.710240e+00 1.580000e+01
    endloop
  endfacet
  facet normal 0.000000e+00 0.000000e+00 -1.000000e+00
    outer loop
      vertex   9.974737e+01 -2.710240e+00 1.580000e+01
      vertex   9.944424e+01 -2.357134e+00 1.580000e+01
      vertex   1.010604e+02 -2.375243e+00 1.580000e+01
    endloop
  endfacet
  facet normal 0.000000e+00 0.000000e+00 -1.000000e+00
    outer loop
      vertex   1.010604e+02 -2.375243e+00 1.580000e+01
      vertex   9.944424e+01 -2.357134e+00 1.580000e+01
      vertex   1.009129e+02 -7.365165e-01 1.580000e+01
    endloop
  endfacet
  facet normal 0.000000e+00 0.000000e+00 -1.000000e+00
    outer loop
      vertex   1.009129e+02 -7.365165e-01 1.580000e+01
      vertex   9.944424e+01 -2.357134e+00 1.580000e+01
      vertex   9.907623e+01 -2.072275e+00 1.580000e+01
    endloop
  endfacet
  facet normal 0.000000e+00 0.000000e+00 -1.000000e+00
    outer loop
      vertex   1.009129e+02 -7.365165e-01 1.580000e+01
      vertex   9.907623e+01 -2.072275e+00 1.580000e+01
      vertex   9.865842e+01 -1.867327e+00 1.580000e+01
    endloop
  endfacet
  facet normal -0.000000e+00 0.000000e+00 -1.000000e+00
    outer loop
      vertex   1.009129e+02 -7.365165e-01 1.580000e+01
      vertex   9.865842e+01 -1.867327e+00 1.580000e+01
      vertex   1.006677e+02 8.904569e-01 1.580000e+01
    endloop
  endfacet
  facet normal 0.000000e+00 0.000000e+00 -1.000000e+00
    outer loop
      vertex   1.006677e+02 8.904569e-01 1.580000e+01
      vertex   9.865842e+01 -1.867327e+00 1.580000e+01
      vertex   9.820790e+01 -1.750680e+00 1.580000e+01
    endloop
  endfacet
  facet normal 0.000000e+00 0.000000e+00 -1.000000e+00
    outer loop
      vertex   1.006677e+02 8.904569e-01 1.580000e+01
      vertex   9.820790e+01 -1.750680e+00 1.580000e+01
      vertex   9.774312e+01 -1.727109e+00 1.580000e+01
    endloop
  endfacet
  facet normal -0.000000e+00 0.000000e+00 -1.000000e+00
    outer loop
      vertex   1.006677e+02 8.904569e-01 1.580000e+01
      vertex   9.774312e+01 -1.727109e+00 1.580000e+01
      vertex   1.003256e+02 2.499853e+00 1.580000e+01
    endloop
  endfacet
  facet normal 0.000000e+00 0.000000e+00 -1.000000e+00
    outer loop
      vertex   1.003256e+02 2.499853e+00 1.580000e+01
      vertex   9.774312e+01 -1.727109e+00 1.580000e+01
      vertex   9.728312e+01 -1.797580e+00 1.580000e+01
    endloop
  endfacet
  facet normal -0.000000e+00 0.000000e+00 -1.000000e+00
    outer loop
      vertex   1.003256e+02 2.499853e+00 1.580000e+01
      vertex   9.728312e+01 -1.797580e+00 1.580000e+01
      vertex   9.988788e+01 4.085910e+00 1.580000e+01
    endloop
  endfacet
  facet normal 0.000000e+00 0.000000e+00 -1.000000e+00
    outer loop
      vertex   9.988788e+01 4.085910e+00 1.580000e+01
      vertex   9.728312e+01 -1.797580e+00 1.580000e+01
      vertex   9.684671e+01 -1.959207e+00 1.580000e+01
    endloop
  endfacet
  facet normal -0.000000e+00 0.000000e+00 -1.000000e+00
    outer loop
      vertex   9.988788e+01 4.085910e+00 1.580000e+01
      vertex   9.684671e+01 -1.959207e+00 1.580000e+01
      vertex   9.935609e+01 5.642950e+00 1.580000e+01
    endloop
  endfacet
  facet normal 0.000000e+00 0.000000e+00 -1.000000e+00
    outer loop
      vertex   9.935609e+01 5.642950e+00 1.580000e+01
      vertex   9.684671e+01 -1.959207e+00 1.580000e+01
      vertex   9.645177e+01 -2.205373e+00 1.580000e+01
    endloop
  endfacet
  facet normal 0.000000e+00 0.000000e+00 -1.000000e+00
    outer loop
      vertex   9.935609e+01 5.642950e+00 1.580000e+01
      vertex   9.645177e+01 -2.205373e+00 1.580000e+01
      vertex   8.569690e+01 1.528817e+00 1.580000e+01
    endloop
  endfacet
  facet normal 0.000000e+00 0.000000e+00 -1.000000e+00
    outer loop
      vertex   8.569690e+01 1.528817e+00 1.580000e+01
      vertex   9.645177e+01 -2.205373e+00 1.580000e+01
      vertex   8.612915e+01 4.691969e-01 1.580000e+01
    endloop
  endfacet
  facet normal 0.000000e+00 0.000000e+00 -1.000000e+00
    outer loop
      vertex   8.612915e+01 4.691969e-01 1.580000e+01
      vertex   9.645177e+01 -2.205373e+00 1.580000e+01
      vertex   9.611447e+01 -2.526000e+00 1.580000e+01
    endloop
  endfacet
  facet normal 0.000000e+00 0.000000e+00 -1.000000e+00
    outer loop
      vertex   8.612915e+01 4.691969e-01 1.580000e+01
      vertex   9.611447e+01 -2.526000e+00 1.580000e+01
      vertex   8.646870e+01 -6.236589e-01 1.580000e+01
    endloop
  endfacet
  facet normal 0.000000e+00 0.000000e+00 -1.000000e+00
    outer loop
      vertex   8.646870e+01 -6.236589e-01 1.580000e+01
      vertex   9.611447e+01 -2.526000e+00 1.580000e+01
      vertex   9.584862e+01 -2.907963e+00 1.580000e+01
    endloop
  endfacet
  facet normal 0.000000e+00 0.000000e+00 -1.000000e+00
    outer loop
      vertex   8.646870e+01 -6.236589e-01 1.580000e+01
      vertex   9.584862e+01 -2.907963e+00 1.580000e+01
      vertex   8.671306e+01 -1.741659e+00 1.580000e+01
    endloop
  endfacet
  facet normal 0.000000e+00 0.000000e+00 -1.000000e+00
    outer loop
      vertex   8.671306e+01 -1.741659e+00 1.580000e+01
      vertex   9.584862e+01 -2.907963e+00 1.580000e+01
      vertex   9.566510e+01 -3.335622e+00 1.580000e+01
    endloop
  endfacet
  facet normal 0.000000e+00 0.000000e+00 -1.000000e+00
    outer loop
      vertex   8.671306e+01 -1.741659e+00 1.580000e+01
      vertex   9.566510e+01 -3.335622e+00 1.580000e+01
      vertex   8.686039e+01 -2.876526e+00 1.580000e+01
    endloop
  endfacet
  facet normal 0.000000e+00 0.000000e+00 -1.000000e+00
    outer loop
      vertex   8.686039e+01 -2.876526e+00 1.580000e+01
      vertex   9.566510e+01 -3.335622e+00 1.580000e+01
      vertex   9.557142e+01 -3.791470e+00 1.580000e+01
    endloop
  endfacet
  facet normal 0.000000e+00 0.000000e+00 -1.000000e+00
    outer loop
      vertex   8.686039e+01 -2.876526e+00 1.580000e+01
      vertex   9.557142e+01 -3.791470e+00 1.580000e+01
      vertex   8.690963e+01 -4.019858e+00 1.580000e+01
    endloop
  endfacet
  facet normal 0.000000e+00 0.000000e+00 -1.000000e+00
    outer loop
      vertex   8.690963e+01 -4.019858e+00 1.580000e+01
      vertex   9.557142e+01 -3.791470e+00 1.580000e+01
      vertex   9.557142e+01 -4.256844e+00 1.580000e+01
    endloop
  endfacet
  facet normal 0.000000e+00 -0.000000e+00 -1.000000e+00
    outer loop
      vertex   8.690963e+01 -4.019858e+00 1.580000e+01
      vertex   9.557142e+01 -4.256844e+00 1.580000e+01
      vertex   8.686039e+01 -5.163190e+00 1.580000e+01
    endloop
  endfacet
  facet normal 0.000000e+00 0.000000e+00 -1.000000e+00
    outer loop
      vertex   8.686039e+01 -5.163190e+00 1.580000e+01
      vertex   9.557142e+01 -4.256844e+00 1.580000e+01
      vertex   9.566510e+01 -4.712692e+00 1.580000e+01
    endloop
  endfacet
  facet normal 0.000000e+00 -0.000000e+00 -1.000000e+00
    outer loop
      vertex   8.686039e+01 -5.163190e+00 1.580000e+01
      vertex   9.566510e+01 -4.712692e+00 1.580000e+01
      vertex   8.671306e+01 -6.298057e+00 1.580000e+01
    endloop
  endfacet
  facet normal 0.000000e+00 0.000000e+00 -1.000000e+00
    outer loop
      vertex   8.671306e+01 -6.298057e+00 1.580000e+01
      vertex   9.566510e+01 -4.712692e+00 1.580000e+01
      vertex   9.584862e+01 -5.140352e+00 1.580000e+01
    endloop
  endfacet
  facet normal 0.000000e+00 -0.000000e+00 -1.000000e+00
    outer loop
      vertex   8.671306e+01 -6.298057e+00 1.580000e+01
      vertex   9.584862e+01 -5.140352e+00 1.580000e+01
      vertex   8.646870e+01 -7.416057e+00 1.580000e+01
    endloop
  endfacet
  facet normal 0.000000e+00 0.000000e+00 -1.000000e+00
    outer loop
      vertex   8.646870e+01 -7.416057e+00 1.580000e+01
      vertex   9.584862e+01 -5.140352e+00 1.580000e+01
      vertex   9.611447e+01 -5.522314e+00 1.580000e+01
    endloop
  endfacet
  facet normal 0.000000e+00 -0.000000e+00 -1.000000e+00
    outer loop
      vertex   8.646870e+01 -7.416057e+00 1.580000e+01
      vertex   9.611447e+01 -5.522314e+00 1.580000e+01
      vertex   8.612915e+01 -8.508912e+00 1.580000e+01
    endloop
  endfacet
  facet normal 0.000000e+00 0.000000e+00 -1.000000e+00
    outer loop
      vertex   8.612915e+01 -8.508912e+00 1.580000e+01
      vertex   9.611447e+01 -5.522314e+00 1.580000e+01
      vertex   9.645177e+01 -5.842941e+00 1.580000e+01
    endloop
  endfacet
  facet normal 0.000000e+00 -0.000000e+00 -1.000000e+00
    outer loop
      vertex   8.612915e+01 -8.508912e+00 1.580000e+01
      vertex   9.645177e+01 -5.842941e+00 1.580000e+01
      vertex   8.569690e+01 -9.568533e+00 1.580000e+01
    endloop
  endfacet
  facet normal 0.000000e+00 0.000000e+00 -1.000000e+00
    outer loop
      vertex   8.569690e+01 -9.568533e+00 1.580000e+01
      vertex   9.645177e+01 -5.842941e+00 1.580000e+01
      vertex   9.935609e+01 -1.368267e+01 1.580000e+01
    endloop
  endfacet
  facet normal 0.000000e+00 0.000000e+00 -1.000000e+00
    outer loop
      vertex   8.569690e+01 -9.568533e+00 1.580000e+01
      vertex   9.935609e+01 -1.368267e+01 1.580000e+01
      vertex   9.873213e+01 -1.520512e+01 1.580000e+01
    endloop
  endfacet
  facet normal 0.000000e+00 0.000000e+00 -1.000000e+00
    outer loop
      vertex   9.645177e+01 -5.842941e+00 1.580000e+01
      vertex   9.684671e+01 -6.089108e+00 1.580000e+01
      vertex   9.935609e+01 -1.368267e+01 1.580000e+01
    endloop
  endfacet
  facet normal 0.000000e+00 0.000000e+00 -1.000000e+00
    outer loop
      vertex   9.935609e+01 -1.368267e+01 1.580000e+01
      vertex   9.684671e+01 -6.089108e+00 1.580000e+01
      vertex   9.988788e+01 -1.212563e+01 1.580000e+01
    endloop
  endfacet
  facet normal 0.000000e+00 0.000000e+00 -1.000000e+00
    outer loop
      vertex   9.988788e+01 -1.212563e+01 1.580000e+01
      vertex   9.684671e+01 -6.089108e+00 1.580000e+01
      vertex   9.728312e+01 -6.250734e+00 1.580000e+01
    endloop
  endfacet
  facet normal 0.000000e+00 0.000000e+00 -1.000000e+00
    outer loop
      vertex   9.988788e+01 -1.212563e+01 1.580000e+01
      vertex   9.728312e+01 -6.250734e+00 1.580000e+01
      vertex   1.003256e+02 -1.053957e+01 1.580000e+01
    endloop
  endfacet
  facet normal 0.000000e+00 0.000000e+00 -1.000000e+00
    outer loop
      vertex   1.003256e+02 -1.053957e+01 1.580000e+01
      vertex   9.728312e+01 -6.250734e+00 1.580000e+01
      vertex   9.774312e+01 -6.321205e+00 1.580000e+01
    endloop
  endfacet
  facet normal 0.000000e+00 0.000000e+00 -1.000000e+00
    outer loop
      vertex   1.003256e+02 -1.053957e+01 1.580000e+01
      vertex   9.774312e+01 -6.321205e+00 1.580000e+01
      vertex   1.006677e+02 -8.930172e+00 1.580000e+01
    endloop
  endfacet
  facet normal 0.000000e+00 0.000000e+00 -1.000000e+00
    outer loop
      vertex   1.006677e+02 -8.930172e+00 1.580000e+01
      vertex   9.774312e+01 -6.321205e+00 1.580000e+01
      vertex   9.820790e+01 -6.297634e+00 1.580000e+01
    endloop
  endfacet
  facet normal 0.000000e+00 0.000000e+00 -1.000000e+00
    outer loop
      vertex   1.006677e+02 -8.930172e+00 1.580000e+01
      vertex   9.820790e+01 -6.297634e+00 1.580000e+01
      vertex   9.865842e+01 -6.180987e+00 1.580000e+01
    endloop
  endfacet
  facet normal 0.000000e+00 0.000000e+00 -1.000000e+00
    outer loop
      vertex   1.006677e+02 -8.930172e+00 1.580000e+01
      vertex   9.865842e+01 -6.180987e+00 1.580000e+01
      vertex   1.009129e+02 -7.303199e+00 1.580000e+01
    endloop
  endfacet
  facet normal 0.000000e+00 0.000000e+00 -1.000000e+00
    outer loop
      vertex   1.009129e+02 -7.303199e+00 1.580000e+01
      vertex   9.865842e+01 -6.180987e+00 1.580000e+01
      vertex   9.907623e+01 -5.976039e+00 1.580000e+01
    endloop
  endfacet
  facet normal 0.000000e+00 0.000000e+00 -1.000000e+00
    outer loop
      vertex   1.009129e+02 -7.303199e+00 1.580000e+01
      vertex   9.907623e+01 -5.976039e+00 1.580000e+01
      vertex   9.944424e+01 -5.691181e+00 1.580000e+01
    endloop
  endfacet
  facet normal 0.000000e+00 0.000000e+00 -1.000000e+00
    outer loop
      vertex   1.009129e+02 -7.303199e+00 1.580000e+01
      vertex   9.944424e+01 -5.691181e+00 1.580000e+01
      vertex   1.010604e+02 -5.664472e+00 1.580000e+01
    endloop
  endfacet
  facet normal -0.000000e+00 0.000000e+00 -1.000000e+00
    outer loop
      vertex   1.010604e+02 -5.664472e+00 1.580000e+01
      vertex   9.944424e+01 -5.691181e+00 1.580000e+01
      vertex   9.974737e+01 -5.338074e+00 1.580000e+01
    endloop
  endfacet
  facet normal 0.000000e+00 0.000000e+00 -1.000000e+00
    outer loop
      vertex   1.010604e+02 -5.664472e+00 1.580000e+01
      vertex   9.974737e+01 -5.338074e+00 1.580000e+01
      vertex   9.997322e+01 -4.931176e+00 1.580000e+01
    endloop
  endfacet
  facet normal 0.000000e+00 0.000000e+00 -1.000000e+00
    outer loop
      vertex   9.997322e+01 -4.931176e+00 1.580000e+01
      vertex   1.001125e+02 -4.487144e+00 1.580000e+01
      vertex   1.010604e+02 -5.664472e+00 1.580000e+01
    endloop
  endfacet
  facet normal 0.000000e+00 0.000000e+00 -1.000000e+00
    outer loop
      vertex   1.010604e+02 -5.664472e+00 1.580000e+01
      vertex   1.001125e+02 -4.487144e+00 1.580000e+01
      vertex   1.011096e+02 -4.019858e+00 1.580000e+01
    endloop
  endfacet
  facet normal 0.000000e+00 0.000000e+00 -1.000000e+00
    outer loop
      vertex   5.161256e+01 -3.552572e+00 1.580000e+01
      vertex   6.032194e+01 -3.447662e+00 1.580000e+01
      vertex   5.165964e+01 -4.015558e+00 1.580000e+01
    endloop
  endfacet
  facet normal 0.000000e+00 0.000000e+00 -1.000000e+00
    outer loop
      vertex   5.165964e+01 -4.015558e+00 1.580000e+01
      vertex   6.032194e+01 -3.447662e+00 1.580000e+01
      vertex   6.032194e+01 -4.592053e+00 1.580000e+01
    endloop
  endfacet
  facet normal 0.000000e+00 -0.000000e+00 -1.000000e+00
    outer loop
      vertex   5.165964e+01 -4.015558e+00 1.580000e+01
      vertex   6.032194e+01 -4.592053e+00 1.580000e+01
      vertex   5.161256e+01 -4.478545e+00 1.580000e+01
    endloop
  endfacet
  facet normal 0.000000e+00 0.000000e+00 -1.000000e+00
    outer loop
      vertex   5.161256e+01 -4.478545e+00 1.580000e+01
      vertex   6.032194e+01 -4.592053e+00 1.580000e+01
      vertex   6.042032e+01 -5.732208e+00 1.580000e+01
    endloop
  endfacet
  facet normal 0.000000e+00 -0.000000e+00 -1.000000e+00
    outer loop
      vertex   5.161256e+01 -4.478545e+00 1.580000e+01
      vertex   6.042032e+01 -5.732208e+00 1.580000e+01
      vertex   5.147324e+01 -4.922577e+00 1.580000e+01
    endloop
  endfacet
  facet normal 0.000000e+00 0.000000e+00 -1.000000e+00
    outer loop
      vertex   5.147324e+01 -4.922577e+00 1.580000e+01
      vertex   6.042032e+01 -5.732208e+00 1.580000e+01
      vertex   6.061635e+01 -6.859686e+00 1.580000e+01
    endloop
  endfacet
  facet normal 0.000000e+00 -0.000000e+00 -1.000000e+00
    outer loop
      vertex   5.147324e+01 -4.922577e+00 1.580000e+01
      vertex   6.061635e+01 -6.859686e+00 1.580000e+01
      vertex   5.124740e+01 -5.329475e+00 1.580000e+01
    endloop
  endfacet
  facet normal 0.000000e+00 0.000000e+00 -1.000000e+00
    outer loop
      vertex   5.124740e+01 -5.329475e+00 1.580000e+01
      vertex   6.061635e+01 -6.859686e+00 1.580000e+01
      vertex   6.090857e+01 -7.966138e+00 1.580000e+01
    endloop
  endfacet
  facet normal 0.000000e+00 -0.000000e+00 -1.000000e+00
    outer loop
      vertex   5.124740e+01 -5.329475e+00 1.580000e+01
      vertex   6.090857e+01 -7.966138e+00 1.580000e+01
      vertex   5.094426e+01 -5.682582e+00 1.580000e+01
    endloop
  endfacet
  facet normal 0.000000e+00 0.000000e+00 -1.000000e+00
    outer loop
      vertex   5.094426e+01 -5.682582e+00 1.580000e+01
      vertex   6.090857e+01 -7.966138e+00 1.580000e+01
      vertex   6.129483e+01 -9.043374e+00 1.580000e+01
    endloop
  endfacet
  facet normal 0.000000e+00 -0.000000e+00 -1.000000e+00
    outer loop
      vertex   5.094426e+01 -5.682582e+00 1.580000e+01
      vertex   6.129483e+01 -9.043374e+00 1.580000e+01
      vertex   5.057626e+01 -5.967440e+00 1.580000e+01
    endloop
  endfacet
  facet normal 0.000000e+00 -0.000000e+00 -1.000000e+00
    outer loop
      vertex   5.057626e+01 -5.967440e+00 1.580000e+01
      vertex   6.129483e+01 -9.043374e+00 1.580000e+01
      vertex   4.816376e+01 -1.444856e+01 1.580000e+01
    endloop
  endfacet
  facet normal 0.000000e+00 0.000000e+00 -1.000000e+00
    outer loop
      vertex   5.057626e+01 -5.967440e+00 1.580000e+01
      vertex   4.816376e+01 -1.444856e+01 1.580000e+01
      vertex   4.758563e+01 -1.290812e+01 1.580000e+01
    endloop
  endfacet
  facet normal -0.000000e+00 0.000000e+00 -1.000000e+00
    outer loop
      vertex   6.032194e+01 -3.447662e+00 1.580000e+01
      vertex   5.161256e+01 -3.552572e+00 1.580000e+01
      vertex   6.042032e+01 -2.307507e+00 1.580000e+01
    endloop
  endfacet
  facet normal 0.000000e+00 0.000000e+00 -1.000000e+00
    outer loop
      vertex   6.042032e+01 -2.307507e+00 1.580000e+01
      vertex   5.161256e+01 -3.552572e+00 1.580000e+01
      vertex   5.147324e+01 -3.108540e+00 1.580000e+01
    endloop
  endfacet
  facet normal -0.000000e+00 0.000000e+00 -1.000000e+00
    outer loop
      vertex   6.042032e+01 -2.307507e+00 1.580000e+01
      vertex   5.147324e+01 -3.108540e+00 1.580000e+01
      vertex   6.061635e+01 -1.180030e+00 1.580000e+01
    endloop
  endfacet
  facet normal 0.000000e+00 0.000000e+00 -1.000000e+00
    outer loop
      vertex   6.061635e+01 -1.180030e+00 1.580000e+01
      vertex   5.147324e+01 -3.108540e+00 1.580000e+01
      vertex   5.124740e+01 -2.701641e+00 1.580000e+01
    endloop
  endfacet
  facet normal -0.000000e+00 0.000000e+00 -1.000000e+00
    outer loop
      vertex   6.061635e+01 -1.180030e+00 1.580000e+01
      vertex   5.124740e+01 -2.701641e+00 1.580000e+01
      vertex   6.090857e+01 -7.357721e-02 1.580000e+01
    endloop
  endfacet
  facet normal 0.000000e+00 0.000000e+00 -1.000000e+00
    outer loop
      vertex   6.090857e+01 -7.357721e-02 1.580000e+01
      vertex   5.124740e+01 -2.701641e+00 1.580000e+01
      vertex   5.094426e+01 -2.348535e+00 1.580000e+01
    endloop
  endfacet
  facet normal -0.000000e+00 0.000000e+00 -1.000000e+00
    outer loop
      vertex   6.090857e+01 -7.357721e-02 1.580000e+01
      vertex   5.094426e+01 -2.348535e+00 1.580000e+01
      vertex   6.129483e+01 1.003658e+00 1.580000e+01
    endloop
  endfacet
  facet normal 0.000000e+00 0.000000e+00 -1.000000e+00
    outer loop
      vertex   6.129483e+01 1.003658e+00 1.580000e+01
      vertex   5.094426e+01 -2.348535e+00 1.580000e+01
      vertex   5.057626e+01 -2.063677e+00 1.580000e+01
    endloop
  endfacet
  facet normal -0.000000e+00 0.000000e+00 -1.000000e+00
    outer loop
      vertex   6.129483e+01 1.003658e+00 1.580000e+01
      vertex   5.057626e+01 -2.063677e+00 1.580000e+01
      vertex   4.816376e+01 6.408843e+00 1.580000e+01
    endloop
  endfacet
  facet normal 0.000000e+00 -0.000000e+00 -1.000000e+00
    outer loop
      vertex   4.816376e+01 6.408843e+00 1.580000e+01
      vertex   5.057626e+01 -2.063677e+00 1.580000e+01
      vertex   4.758563e+01 4.868408e+00 1.580000e+01
    endloop
  endfacet
  facet normal 0.000000e+00 0.000000e+00 -1.000000e+00
    outer loop
      vertex   4.758563e+01 4.868408e+00 1.580000e+01
      vertex   5.057626e+01 -2.063677e+00 1.580000e+01
      vertex   5.015844e+01 -1.858728e+00 1.580000e+01
    endloop
  endfacet
  facet normal 0.000000e+00 -0.000000e+00 -1.000000e+00
    outer loop
      vertex   4.758563e+01 4.868408e+00 1.580000e+01
      vertex   5.015844e+01 -1.858728e+00 1.580000e+01
      vertex   4.710065e+01 3.296156e+00 1.580000e+01
    endloop
  endfacet
  facet normal 0.000000e+00 0.000000e+00 -1.000000e+00
    outer loop
      vertex   4.710065e+01 3.296156e+00 1.580000e+01
      vertex   5.015844e+01 -1.858728e+00 1.580000e+01
      vertex   4.970792e+01 -1.742081e+00 1.580000e+01
    endloop
  endfacet
  facet normal 0.000000e+00 -0.000000e+00 -1.000000e+00
    outer loop
      vertex   4.710065e+01 3.296156e+00 1.580000e+01
      vertex   4.970792e+01 -1.742081e+00 1.580000e+01
      vertex   4.671057e+01 1.697714e+00 1.580000e+01
    endloop
  endfacet
  facet normal 0.000000e+00 0.000000e+00 -1.000000e+00
    outer loop
      vertex   4.671057e+01 1.697714e+00 1.580000e+01
      vertex   4.970792e+01 -1.742081e+00 1.580000e+01
      vertex   4.924315e+01 -1.718510e+00 1.580000e+01
    endloop
  endfacet
  facet normal 0.000000e+00 0.000000e+00 -1.000000e+00
    outer loop
      vertex   4.671057e+01 1.697714e+00 1.580000e+01
      vertex   4.924315e+01 -1.718510e+00 1.580000e+01
      vertex   4.878314e+01 -1.788981e+00 1.580000e+01
    endloop
  endfacet
  facet normal 0.000000e+00 -0.000000e+00 -1.000000e+00
    outer loop
      vertex   4.671057e+01 1.697714e+00 1.580000e+01
      vertex   4.878314e+01 -1.788981e+00 1.580000e+01
      vertex   4.641678e+01 7.880461e-02 1.580000e+01
    endloop
  endfacet
  facet normal 0.000000e+00 0.000000e+00 -1.000000e+00
    outer loop
      vertex   4.641678e+01 7.880461e-02 1.580000e+01
      vertex   4.878314e+01 -1.788981e+00 1.580000e+01
      vertex   4.834673e+01 -1.950608e+00 1.580000e+01
    endloop
  endfacet
  facet normal 0.000000e+00 0.000000e+00 -1.000000e+00
    outer loop
      vertex   4.641678e+01 7.880461e-02 1.580000e+01
      vertex   4.834673e+01 -1.950608e+00 1.580000e+01
      vertex   4.795180e+01 -2.196774e+00 1.580000e+01
    endloop
  endfacet
  facet normal 0.000000e+00 -0.000000e+00 -1.000000e+00
    outer loop
      vertex   4.641678e+01 7.880461e-02 1.580000e+01
      vertex   4.795180e+01 -2.196774e+00 1.580000e+01
      vertex   4.622033e+01 -1.554777e+00 1.580000e+01
    endloop
  endfacet
  facet normal 0.000000e+00 0.000000e+00 -1.000000e+00
    outer loop
      vertex   4.622033e+01 -1.554777e+00 1.580000e+01
      vertex   4.795180e+01 -2.196774e+00 1.580000e+01
      vertex   4.761450e+01 -2.517402e+00 1.580000e+01
    endloop
  endfacet
  facet normal 0.000000e+00 0.000000e+00 -1.000000e+00
    outer loop
      vertex   4.622033e+01 -1.554777e+00 1.580000e+01
      vertex   4.761450e+01 -2.517402e+00 1.580000e+01
      vertex   4.734864e+01 -2.899364e+00 1.580000e+01
    endloop
  endfacet
  facet normal 0.000000e+00 -0.000000e+00 -1.000000e+00
    outer loop
      vertex   4.622033e+01 -1.554777e+00 1.580000e+01
      vertex   4.734864e+01 -2.899364e+00 1.580000e+01
      vertex   4.612194e+01 -3.197182e+00 1.580000e+01
    endloop
  endfacet
  facet normal 0.000000e+00 0.000000e+00 -1.000000e+00
    outer loop
      vertex   4.612194e+01 -3.197182e+00 1.580000e+01
      vertex   4.734864e+01 -2.899364e+00 1.580000e+01
      vertex   4.716512e+01 -3.327023e+00 1.580000e+01
    endloop
  endfacet
  facet normal 0.000000e+00 0.000000e+00 -1.000000e+00
    outer loop
      vertex   4.612194e+01 -3.197182e+00 1.580000e+01
      vertex   4.716512e+01 -3.327023e+00 1.580000e+01
      vertex   4.707144e+01 -3.782871e+00 1.580000e+01
    endloop
  endfacet
  facet normal -0.000000e+00 -0.000000e+00 -1.000000e+00
    outer loop
      vertex   4.707144e+01 -3.782871e+00 1.580000e+01
      vertex   4.707144e+01 -4.248245e+00 1.580000e+01
      vertex   4.612194e+01 -3.197182e+00 1.580000e+01
    endloop
  endfacet
  facet normal 0.000000e+00 0.000000e+00 -1.000000e+00
    outer loop
      vertex   4.612194e+01 -3.197182e+00 1.580000e+01
      vertex   4.707144e+01 -4.248245e+00 1.580000e+01
      vertex   4.612194e+01 -4.842533e+00 1.580000e+01
    endloop
  endfacet
  facet normal 0.000000e+00 0.000000e+00 -1.000000e+00
    outer loop
      vertex   4.612194e+01 -4.842533e+00 1.580000e+01
      vertex   4.707144e+01 -4.248245e+00 1.580000e+01
      vertex   4.716512e+01 -4.704094e+00 1.580000e+01
    endloop
  endfacet
  facet normal 0.000000e+00 0.000000e+00 -1.000000e+00
    outer loop
      vertex   4.612194e+01 -4.842533e+00 1.580000e+01
      vertex   4.716512e+01 -4.704094e+00 1.580000e+01
      vertex   4.734864e+01 -5.131753e+00 1.580000e+01
    endloop
  endfacet
  facet normal 0.000000e+00 0.000000e+00 -1.000000e+00
    outer loop
      vertex   4.612194e+01 -4.842533e+00 1.580000e+01
      vertex   4.734864e+01 -5.131753e+00 1.580000e+01
      vertex   4.622033e+01 -6.484939e+00 1.580000e+01
    endloop
  endfacet
  facet normal 0.000000e+00 0.000000e+00 -1.000000e+00
    outer loop
      vertex   4.622033e+01 -6.484939e+00 1.580000e+01
      vertex   4.734864e+01 -5.131753e+00 1.580000e+01
      vertex   4.761450e+01 -5.513715e+00 1.580000e+01
    endloop
  endfacet
  facet normal 0.000000e+00 0.000000e+00 -1.000000e+00
    outer loop
      vertex   4.622033e+01 -6.484939e+00 1.580000e+01
      vertex   4.761450e+01 -5.513715e+00 1.580000e+01
      vertex   4.795180e+01 -5.834343e+00 1.580000e+01
    endloop
  endfacet
  facet normal 0.000000e+00 -0.000000e+00 -1.000000e+00
    outer loop
      vertex   4.795180e+01 -5.834343e+00 1.580000e+01
      vertex   4.834673e+01 -6.080509e+00 1.580000e+01
      vertex   4.622033e+01 -6.484939e+00 1.580000e+01
    endloop
  endfacet
  facet normal 0.000000e+00 0.000000e+00 -1.000000e+00
    outer loop
      vertex   4.622033e+01 -6.484939e+00 1.580000e+01
      vertex   4.834673e+01 -6.080509e+00 1.580000e+01
      vertex   4.641678e+01 -8.118520e+00 1.580000e+01
    endloop
  endfacet
  facet normal 0.000000e+00 0.000000e+00 -1.000000e+00
    outer loop
      vertex   4.641678e+01 -8.118520e+00 1.580000e+01
      vertex   4.834673e+01 -6.080509e+00 1.580000e+01
      vertex   4.878314e+01 -6.242136e+00 1.580000e+01
    endloop
  endfacet
  facet normal 0.000000e+00 0.000000e+00 -1.000000e+00
    outer loop
      vertex   4.641678e+01 -8.118520e+00 1.580000e+01
      vertex   4.878314e+01 -6.242136e+00 1.580000e+01
      vertex   4.671057e+01 -9.737429e+00 1.580000e+01
    endloop
  endfacet
  facet normal 0.000000e+00 0.000000e+00 -1.000000e+00
    outer loop
      vertex   4.671057e+01 -9.737429e+00 1.580000e+01
      vertex   4.878314e+01 -6.242136e+00 1.580000e+01
      vertex   4.924315e+01 -6.312606e+00 1.580000e+01
    endloop
  endfacet
  facet normal 0.000000e+00 0.000000e+00 -1.000000e+00
    outer loop
      vertex   4.671057e+01 -9.737429e+00 1.580000e+01
      vertex   4.924315e+01 -6.312606e+00 1.580000e+01
      vertex   4.970792e+01 -6.289035e+00 1.580000e+01
    endloop
  endfacet
  facet normal 0.000000e+00 0.000000e+00 -1.000000e+00
    outer loop
      vertex   4.671057e+01 -9.737429e+00 1.580000e+01
      vertex   4.970792e+01 -6.289035e+00 1.580000e+01
      vertex   4.710065e+01 -1.133587e+01 1.580000e+01
    endloop
  endfacet
  facet normal 0.000000e+00 0.000000e+00 -1.000000e+00
    outer loop
      vertex   4.710065e+01 -1.133587e+01 1.580000e+01
      vertex   4.970792e+01 -6.289035e+00 1.580000e+01
      vertex   5.015844e+01 -6.172388e+00 1.580000e+01
    endloop
  endfacet
  facet normal 0.000000e+00 0.000000e+00 -1.000000e+00
    outer loop
      vertex   4.710065e+01 -1.133587e+01 1.580000e+01
      vertex   5.015844e+01 -6.172388e+00 1.580000e+01
      vertex   4.758563e+01 -1.290812e+01 1.580000e+01
    endloop
  endfacet
  facet normal 0.000000e+00 0.000000e+00 -1.000000e+00
    outer loop
      vertex   4.758563e+01 -1.290812e+01 1.580000e+01
      vertex   5.015844e+01 -6.172388e+00 1.580000e+01
      vertex   5.057626e+01 -5.967440e+00 1.580000e+01
    endloop
  endfacet
  facet normal 0.000000e+00 0.000000e+00 -1.000000e+00
    outer loop
      vertex   8.799126e+01 1.744209e+01 1.580000e+01
      vertex   8.943910e+01 1.846743e+01 1.580000e+01
      vertex   8.803835e+01 1.697910e+01 1.580000e+01
    endloop
  endfacet
  facet normal 0.000000e+00 0.000000e+00 -1.000000e+00
    outer loop
      vertex   8.803835e+01 1.697910e+01 1.580000e+01
      vertex   8.943910e+01 1.846743e+01 1.580000e+01
      vertex   9.075560e+01 1.748051e+01 1.580000e+01
    endloop
  endfacet
  facet normal 0.000000e+00 -0.000000e+00 -1.000000e+00
    outer loop
      vertex   8.803835e+01 1.697910e+01 1.580000e+01
      vertex   9.075560e+01 1.748051e+01 1.580000e+01
      vertex   8.799126e+01 1.651611e+01 1.580000e+01
    endloop
  endfacet
  facet normal 0.000000e+00 -0.000000e+00 -1.000000e+00
    outer loop
      vertex   8.799126e+01 1.651611e+01 1.580000e+01
      vertex   9.075560e+01 1.748051e+01 1.580000e+01
      vertex   8.785195e+01 1.607208e+01 1.580000e+01
    endloop
  endfacet
  facet normal 0.000000e+00 0.000000e+00 -1.000000e+00
    outer loop
      vertex   8.785195e+01 1.607208e+01 1.580000e+01
      vertex   9.075560e+01 1.748051e+01 1.580000e+01
      vertex   9.201072e+01 1.641662e+01 1.580000e+01
    endloop
  endfacet
  facet normal 0.000000e+00 -0.000000e+00 -1.000000e+00
    outer loop
      vertex   8.785195e+01 1.607208e+01 1.580000e+01
      vertex   9.201072e+01 1.641662e+01 1.580000e+01
      vertex   8.762610e+01 1.566518e+01 1.580000e+01
    endloop
  endfacet
  facet normal 0.000000e+00 0.000000e+00 -1.000000e+00
    outer loop
      vertex   8.762610e+01 1.566518e+01 1.580000e+01
      vertex   9.201072e+01 1.641662e+01 1.580000e+01
      vertex   9.319997e+01 1.527958e+01 1.580000e+01
    endloop
  endfacet
  facet normal 0.000000e+00 -0.000000e+00 -1.000000e+00
    outer loop
      vertex   8.762610e+01 1.566518e+01 1.580000e+01
      vertex   9.319997e+01 1.527958e+01 1.580000e+01
      vertex   8.732297e+01 1.531208e+01 1.580000e+01
    endloop
  endfacet
  facet normal 0.000000e+00 0.000000e+00 -1.000000e+00
    outer loop
      vertex   8.732297e+01 1.531208e+01 1.580000e+01
      vertex   9.319997e+01 1.527958e+01 1.580000e+01
      vertex   9.431909e+01 1.407346e+01 1.580000e+01
    endloop
  endfacet
  facet normal 0.000000e+00 -0.000000e+00 -1.000000e+00
    outer loop
      vertex   8.732297e+01 1.531208e+01 1.580000e+01
      vertex   9.431909e+01 1.407346e+01 1.580000e+01
      vertex   8.695496e+01 1.502722e+01 1.580000e+01
    endloop
  endfacet
  facet normal 0.000000e+00 0.000000e+00 -1.000000e+00
    outer loop
      vertex   8.695496e+01 1.502722e+01 1.580000e+01
      vertex   9.431909e+01 1.407346e+01 1.580000e+01
      vertex   9.536408e+01 1.280256e+01 1.580000e+01
    endloop
  endfacet
  facet normal 0.000000e+00 -0.000000e+00 -1.000000e+00
    outer loop
      vertex   8.695496e+01 1.502722e+01 1.580000e+01
      vertex   9.536408e+01 1.280256e+01 1.580000e+01
      vertex   8.653715e+01 1.482227e+01 1.580000e+01
    endloop
  endfacet
  facet normal 0.000000e+00 -0.000000e+00 -1.000000e+00
    outer loop
      vertex   8.653715e+01 1.482227e+01 1.580000e+01
      vertex   9.536408e+01 1.280256e+01 1.580000e+01
      vertex   8.387931e+01 4.431392e+00 1.580000e+01
    endloop
  endfacet
  facet normal 0.000000e+00 0.000000e+00 -1.000000e+00
    outer loop
      vertex   8.653715e+01 1.482227e+01 1.580000e+01
      vertex   8.387931e+01 4.431392e+00 1.580000e+01
      vertex   8.311478e+01 5.282938e+00 1.580000e+01
    endloop
  endfacet
  facet normal 0.000000e+00 0.000000e+00 -1.000000e+00
    outer loop
      vertex   8.799126e+01 1.744209e+01 1.580000e+01
      vertex   8.785195e+01 1.788612e+01 1.580000e+01
      vertex   8.943910e+01 1.846743e+01 1.580000e+01
    endloop
  endfacet
  facet normal 0.000000e+00 0.000000e+00 -1.000000e+00
    outer loop
      vertex   8.943910e+01 1.846743e+01 1.580000e+01
      vertex   8.785195e+01 1.788612e+01 1.580000e+01
      vertex   8.762610e+01 1.829302e+01 1.580000e+01
    endloop
  endfacet
  facet normal -0.000000e+00 0.000000e+00 -1.000000e+00
    outer loop
      vertex   8.943910e+01 1.846743e+01 1.580000e+01
      vertex   8.762610e+01 1.829302e+01 1.580000e+01
      vertex   8.806593e+01 1.937384e+01 1.580000e+01
    endloop
  endfacet
  facet normal 0.000000e+00 0.000000e+00 -1.000000e+00
    outer loop
      vertex   8.806593e+01 1.937384e+01 1.580000e+01
      vertex   8.762610e+01 1.829302e+01 1.580000e+01
      vertex   8.732297e+01 1.864612e+01 1.580000e+01
    endloop
  endfacet
  facet normal 0.000000e+00 0.000000e+00 -1.000000e+00
    outer loop
      vertex   8.806593e+01 1.937384e+01 1.580000e+01
      vertex   8.732297e+01 1.864612e+01 1.580000e+01
      vertex   8.695496e+01 1.893098e+01 1.580000e+01
    endloop
  endfacet
  facet normal -0.000000e+00 0.000000e+00 -1.000000e+00
    outer loop
      vertex   8.806593e+01 1.937384e+01 1.580000e+01
      vertex   8.695496e+01 1.893098e+01 1.580000e+01
      vertex   8.664102e+01 2.019652e+01 1.580000e+01
    endloop
  endfacet
  facet normal 0.000000e+00 -0.000000e+00 -1.000000e+00
    outer loop
      vertex   8.664102e+01 2.019652e+01 1.580000e+01
      vertex   8.695496e+01 1.893098e+01 1.580000e+01
      vertex   8.653715e+01 1.913593e+01 1.580000e+01
    endloop
  endfacet
  facet normal 0.000000e+00 0.000000e+00 -1.000000e+00
    outer loop
      vertex   8.664102e+01 2.019652e+01 1.580000e+01
      vertex   8.653715e+01 1.913593e+01 1.580000e+01
      vertex   8.608663e+01 1.925258e+01 1.580000e+01
    endloop
  endfacet
  facet normal 0.000000e+00 0.000000e+00 -1.000000e+00
    outer loop
      vertex   8.608663e+01 1.925258e+01 1.580000e+01
      vertex   8.562185e+01 1.927615e+01 1.580000e+01
      vertex   8.664102e+01 2.019652e+01 1.580000e+01
    endloop
  endfacet
  facet normal -0.000000e+00 0.000000e+00 -1.000000e+00
    outer loop
      vertex   8.664102e+01 2.019652e+01 1.580000e+01
      vertex   8.562185e+01 1.927615e+01 1.580000e+01
      vertex   8.516945e+01 2.093251e+01 1.580000e+01
    endloop
  endfacet
  facet normal 0.000000e+00 -0.000000e+00 -1.000000e+00
    outer loop
      vertex   8.516945e+01 2.093251e+01 1.580000e+01
      vertex   8.562185e+01 1.927615e+01 1.580000e+01
      vertex   8.516184e+01 1.920568e+01 1.580000e+01
    endloop
  endfacet
  facet normal 0.000000e+00 0.000000e+00 -1.000000e+00
    outer loop
      vertex   8.516945e+01 2.093251e+01 1.580000e+01
      vertex   8.516184e+01 1.920568e+01 1.580000e+01
      vertex   8.472544e+01 1.904405e+01 1.580000e+01
    endloop
  endfacet
  facet normal -0.000000e+00 0.000000e+00 -1.000000e+00
    outer loop
      vertex   8.516945e+01 2.093251e+01 1.580000e+01
      vertex   8.472544e+01 1.904405e+01 1.580000e+01
      vertex   8.365651e+01 2.157917e+01 1.580000e+01
    endloop
  endfacet
  facet normal 0.000000e+00 0.000000e+00 -1.000000e+00
    outer loop
      vertex   8.365651e+01 2.157917e+01 1.580000e+01
      vertex   8.472544e+01 1.904405e+01 1.580000e+01
      vertex   8.433050e+01 1.879788e+01 1.580000e+01
    endloop
  endfacet
  facet normal 0.000000e+00 0.000000e+00 -1.000000e+00
    outer loop
      vertex   8.365651e+01 2.157917e+01 1.580000e+01
      vertex   8.433050e+01 1.879788e+01 1.580000e+01
      vertex   8.399320e+01 1.847726e+01 1.580000e+01
    endloop
  endfacet
  facet normal -0.000000e+00 -0.000000e+00 -1.000000e+00
    outer loop
      vertex   8.365651e+01 2.157917e+01 1.580000e+01
      vertex   8.399320e+01 1.847726e+01 1.580000e+01
      vertex   8.210760e+01 2.213420e+01 1.580000e+01
    endloop
  endfacet
  facet normal 0.000000e+00 0.000000e+00 -1.000000e+00
    outer loop
      vertex   8.210760e+01 2.213420e+01 1.580000e+01
      vertex   8.399320e+01 1.847726e+01 1.580000e+01
      vertex   8.372735e+01 1.809529e+01 1.580000e+01
    endloop
  endfacet
  facet normal 0.000000e+00 0.000000e+00 -1.000000e+00
    outer loop
      vertex   8.210760e+01 2.213420e+01 1.580000e+01
      vertex   8.372735e+01 1.809529e+01 1.580000e+01
      vertex   8.354383e+01 1.766763e+01 1.580000e+01
    endloop
  endfacet
  facet normal -0.000000e+00 -0.000000e+00 -1.000000e+00
    outer loop
      vertex   8.210760e+01 2.213420e+01 1.580000e+01
      vertex   8.354383e+01 1.766763e+01 1.580000e+01
      vertex   8.052826e+01 2.259560e+01 1.580000e+01
    endloop
  endfacet
  facet normal 0.000000e+00 0.000000e+00 -1.000000e+00
    outer loop
      vertex   8.052826e+01 2.259560e+01 1.580000e+01
      vertex   8.354383e+01 1.766763e+01 1.580000e+01
      vertex   8.345015e+01 1.721179e+01 1.580000e+01
    endloop
  endfacet
  facet normal -0.000000e+00 -0.000000e+00 -1.000000e+00
    outer loop
      vertex   8.052826e+01 2.259560e+01 1.580000e+01
      vertex   8.345015e+01 1.721179e+01 1.580000e+01
      vertex   7.892417e+01 2.296172e+01 1.580000e+01
    endloop
  endfacet
  facet normal 0.000000e+00 0.000000e+00 -1.000000e+00
    outer loop
      vertex   7.892417e+01 2.296172e+01 1.580000e+01
      vertex   8.345015e+01 1.721179e+01 1.580000e+01
      vertex   8.345015e+01 1.674641e+01 1.580000e+01
    endloop
  endfacet
  facet normal -0.000000e+00 -0.000000e+00 -1.000000e+00
    outer loop
      vertex   7.892417e+01 2.296172e+01 1.580000e+01
      vertex   8.345015e+01 1.674641e+01 1.580000e+01
      vertex   7.730104e+01 2.323126e+01 1.580000e+01
    endloop
  endfacet
  facet normal 0.000000e+00 -0.000000e+00 -1.000000e+00
    outer loop
      vertex   7.730104e+01 2.323126e+01 1.580000e+01
      vertex   8.345015e+01 1.674641e+01 1.580000e+01
      vertex   7.503780e+01 9.203240e+00 1.580000e+01
    endloop
  endfacet
  facet normal -0.000000e+00 0.000000e+00 -1.000000e+00
    outer loop
      vertex   7.730104e+01 2.323126e+01 1.580000e+01
      vertex   7.503780e+01 9.203240e+00 1.580000e+01
      vertex   7.566471e+01 2.340325e+01 1.580000e+01
    endloop
  endfacet
  facet normal 0.000000e+00 0.000000e+00 -1.000000e+00
    outer loop
      vertex   7.566471e+01 2.340325e+01 1.580000e+01
      vertex   7.503780e+01 9.203240e+00 1.580000e+01
      vertex   7.389579e+01 9.277063e+00 1.580000e+01
    endloop
  endfacet
  facet normal -0.000000e+00 0.000000e+00 -1.000000e+00
    outer loop
      vertex   7.566471e+01 2.340325e+01 1.580000e+01
      vertex   7.389579e+01 9.277063e+00 1.580000e+01
      vertex   7.402101e+01 2.347707e+01 1.580000e+01
    endloop
  endfacet
  facet normal 0.000000e+00 0.000000e+00 -1.000000e+00
    outer loop
      vertex   7.402101e+01 2.347707e+01 1.580000e+01
      vertex   7.389579e+01 9.277063e+00 1.580000e+01
      vertex   7.237585e+01 2.345245e+01 1.580000e+01
    endloop
  endfacet
  facet normal 0.000000e+00 0.000000e+00 -1.000000e+00
    outer loop
      vertex   7.237585e+01 2.345245e+01 1.580000e+01
      vertex   7.389579e+01 9.277063e+00 1.580000e+01
      vertex   7.275167e+01 9.252441e+00 1.580000e+01
    endloop
  endfacet
  facet normal 0.000000e+00 -0.000000e+00 -1.000000e+00
    outer loop
      vertex   7.237585e+01 2.345245e+01 1.580000e+01
      vertex   7.275167e+01 9.252441e+00 1.580000e+01
      vertex   7.073510e+01 2.332949e+01 1.580000e+01
    endloop
  endfacet
  facet normal 0.000000e+00 0.000000e+00 -1.000000e+00
    outer loop
      vertex   7.073510e+01 2.332949e+01 1.580000e+01
      vertex   7.275167e+01 9.252441e+00 1.580000e+01
      vertex   7.161389e+01 9.129554e+00 1.580000e+01
    endloop
  endfacet
  facet normal 0.000000e+00 -0.000000e+00 -1.000000e+00
    outer loop
      vertex   7.073510e+01 2.332949e+01 1.580000e+01
      vertex   7.161389e+01 9.129554e+00 1.580000e+01
      vertex   6.910464e+01 2.310863e+01 1.580000e+01
    endloop
  endfacet
  facet normal 0.000000e+00 -0.000000e+00 -1.000000e+00
    outer loop
      vertex   6.910464e+01 2.310863e+01 1.580000e+01
      vertex   7.161389e+01 9.129554e+00 1.580000e+01
      vertex   6.378836e+01 1.698340e+01 1.580000e+01
    endloop
  endfacet
  facet normal 0.000000e+00 0.000000e+00 -1.000000e+00
    outer loop
      vertex   6.910464e+01 2.310863e+01 1.580000e+01
      vertex   6.378836e+01 1.698340e+01 1.580000e+01
      vertex   6.749030e+01 2.279066e+01 1.580000e+01
    endloop
  endfacet
  facet normal 0.000000e+00 0.000000e+00 -1.000000e+00
    outer loop
      vertex   6.749030e+01 2.279066e+01 1.580000e+01
      vertex   6.378836e+01 1.698340e+01 1.580000e+01
      vertex   6.374128e+01 1.744638e+01 1.580000e+01
    endloop
  endfacet
  facet normal 0.000000e+00 0.000000e+00 -1.000000e+00
    outer loop
      vertex   6.749030e+01 2.279066e+01 1.580000e+01
      vertex   6.374128e+01 1.744638e+01 1.580000e+01
      vertex   6.589787e+01 2.237671e+01 1.580000e+01
    endloop
  endfacet
  facet normal 0.000000e+00 0.000000e+00 -1.000000e+00
    outer loop
      vertex   6.589787e+01 2.237671e+01 1.580000e+01
      vertex   6.374128e+01 1.744638e+01 1.580000e+01
      vertex   6.360196e+01 1.789042e+01 1.580000e+01
    endloop
  endfacet
  facet normal 0.000000e+00 0.000000e+00 -1.000000e+00
    outer loop
      vertex   6.589787e+01 2.237671e+01 1.580000e+01
      vertex   6.360196e+01 1.789042e+01 1.580000e+01
      vertex   6.337611e+01 1.829731e+01 1.580000e+01
    endloop
  endfacet
  facet normal 0.000000e+00 0.000000e+00 -1.000000e+00
    outer loop
      vertex   7.503780e+01 9.203240e+00 1.580000e+01
      vertex   8.345015e+01 1.674641e+01 1.580000e+01
      vertex   7.616923e+01 9.031518e+00 1.580000e+01
    endloop
  endfacet
  facet normal 0.000000e+00 0.000000e+00 -1.000000e+00
    outer loop
      vertex   7.616923e+01 9.031518e+00 1.580000e+01
      vertex   8.345015e+01 1.674641e+01 1.580000e+01
      vertex   8.354383e+01 1.629056e+01 1.580000e+01
    endloop
  endfacet
  facet normal 0.000000e+00 0.000000e+00 -1.000000e+00
    outer loop
      vertex   7.616923e+01 9.031518e+00 1.580000e+01
      vertex   8.354383e+01 1.629056e+01 1.580000e+01
      vertex   7.728172e+01 8.763168e+00 1.580000e+01
    endloop
  endfacet
  facet normal 0.000000e+00 0.000000e+00 -1.000000e+00
    outer loop
      vertex   7.728172e+01 8.763168e+00 1.580000e+01
      vertex   8.354383e+01 1.629056e+01 1.580000e+01
      vertex   8.372735e+01 1.586290e+01 1.580000e+01
    endloop
  endfacet
  facet normal 0.000000e+00 0.000000e+00 -1.000000e+00
    outer loop
      vertex   7.728172e+01 8.763168e+00 1.580000e+01
      vertex   8.372735e+01 1.586290e+01 1.580000e+01
      vertex   7.836701e+01 8.400177e+00 1.580000e+01
    endloop
  endfacet
  facet normal 0.000000e+00 0.000000e+00 -1.000000e+00
    outer loop
      vertex   7.836701e+01 8.400177e+00 1.580000e+01
      vertex   8.372735e+01 1.586290e+01 1.580000e+01
      vertex   8.399320e+01 1.548094e+01 1.580000e+01
    endloop
  endfacet
  facet normal 0.000000e+00 0.000000e+00 -1.000000e+00
    outer loop
      vertex   7.836701e+01 8.400177e+00 1.580000e+01
      vertex   8.399320e+01 1.548094e+01 1.580000e+01
      vertex   7.941709e+01 7.945233e+00 1.580000e+01
    endloop
  endfacet
  facet normal 0.000000e+00 0.000000e+00 -1.000000e+00
    outer loop
      vertex   7.941709e+01 7.945233e+00 1.580000e+01
      vertex   8.399320e+01 1.548094e+01 1.580000e+01
      vertex   8.433050e+01 1.516031e+01 1.580000e+01
    endloop
  endfacet
  facet normal 0.000000e+00 0.000000e+00 -1.000000e+00
    outer loop
      vertex   7.941709e+01 7.945233e+00 1.580000e+01
      vertex   8.433050e+01 1.516031e+01 1.580000e+01
      vertex   8.042417e+01 7.401703e+00 1.580000e+01
    endloop
  endfacet
  facet normal 0.000000e+00 0.000000e+00 -1.000000e+00
    outer loop
      vertex   8.042417e+01 7.401703e+00 1.580000e+01
      vertex   8.433050e+01 1.516031e+01 1.580000e+01
      vertex   8.472544e+01 1.491415e+01 1.580000e+01
    endloop
  endfacet
  facet normal 0.000000e+00 0.000000e+00 -1.000000e+00
    outer loop
      vertex   8.042417e+01 7.401703e+00 1.580000e+01
      vertex   8.472544e+01 1.491415e+01 1.580000e+01
      vertex   8.138079e+01 6.773612e+00 1.580000e+01
    endloop
  endfacet
  facet normal 0.000000e+00 0.000000e+00 -1.000000e+00
    outer loop
      vertex   8.138079e+01 6.773612e+00 1.580000e+01
      vertex   8.472544e+01 1.491415e+01 1.580000e+01
      vertex   8.516184e+01 1.475252e+01 1.580000e+01
    endloop
  endfacet
  facet normal 0.000000e+00 0.000000e+00 -1.000000e+00
    outer loop
      vertex   8.138079e+01 6.773612e+00 1.580000e+01
      vertex   8.516184e+01 1.475252e+01 1.580000e+01
      vertex   8.562185e+01 1.468205e+01 1.580000e+01
    endloop
  endfacet
  facet normal 0.000000e+00 0.000000e+00 -1.000000e+00
    outer loop
      vertex   8.138079e+01 6.773612e+00 1.580000e+01
      vertex   8.562185e+01 1.468205e+01 1.580000e+01
      vertex   8.227988e+01 6.065610e+00 1.580000e+01
    endloop
  endfacet
  facet normal 0.000000e+00 0.000000e+00 -1.000000e+00
    outer loop
      vertex   8.227988e+01 6.065610e+00 1.580000e+01
      vertex   8.562185e+01 1.468205e+01 1.580000e+01
      vertex   8.608663e+01 1.470562e+01 1.580000e+01
    endloop
  endfacet
  facet normal 0.000000e+00 0.000000e+00 -1.000000e+00
    outer loop
      vertex   8.227988e+01 6.065610e+00 1.580000e+01
      vertex   8.608663e+01 1.470562e+01 1.580000e+01
      vertex   8.311478e+01 5.282938e+00 1.580000e+01
    endloop
  endfacet
  facet normal 0.000000e+00 0.000000e+00 -1.000000e+00
    outer loop
      vertex   8.311478e+01 5.282938e+00 1.580000e+01
      vertex   8.608663e+01 1.470562e+01 1.580000e+01
      vertex   8.653715e+01 1.482227e+01 1.580000e+01
    endloop
  endfacet
  facet normal 0.000000e+00 0.000000e+00 -1.000000e+00
    outer loop
      vertex   8.798382e+01 -2.456013e+01 1.580000e+01
      vertex   9.075560e+01 -2.552022e+01 1.580000e+01
      vertex   8.803090e+01 -2.502311e+01 1.580000e+01
    endloop
  endfacet
  facet normal 0.000000e+00 0.000000e+00 -1.000000e+00
    outer loop
      vertex   8.803090e+01 -2.502311e+01 1.580000e+01
      vertex   9.075560e+01 -2.552022e+01 1.580000e+01
      vertex   8.943910e+01 -2.650714e+01 1.580000e+01
    endloop
  endfacet
  facet normal 0.000000e+00 -0.000000e+00 -1.000000e+00
    outer loop
      vertex   8.803090e+01 -2.502311e+01 1.580000e+01
      vertex   8.943910e+01 -2.650714e+01 1.580000e+01
      vertex   8.798382e+01 -2.548610e+01 1.580000e+01
    endloop
  endfacet
  facet normal 0.000000e+00 -0.000000e+00 -1.000000e+00
    outer loop
      vertex   8.798382e+01 -2.548610e+01 1.580000e+01
      vertex   8.943910e+01 -2.650714e+01 1.580000e+01
      vertex   8.784450e+01 -2.593013e+01 1.580000e+01
    endloop
  endfacet
  facet normal 0.000000e+00 -0.000000e+00 -1.000000e+00
    outer loop
      vertex   8.784450e+01 -2.593013e+01 1.580000e+01
      vertex   8.943910e+01 -2.650714e+01 1.580000e+01
      vertex   8.761865e+01 -2.633703e+01 1.580000e+01
    endloop
  endfacet
  facet normal 0.000000e+00 0.000000e+00 -1.000000e+00
    outer loop
      vertex   8.761865e+01 -2.633703e+01 1.580000e+01
      vertex   8.943910e+01 -2.650714e+01 1.580000e+01
      vertex   8.806593e+01 -2.741356e+01 1.580000e+01
    endloop
  endfacet
  facet normal 0.000000e+00 -0.000000e+00 -1.000000e+00
    outer loop
      vertex   8.761865e+01 -2.633703e+01 1.580000e+01
      vertex   8.806593e+01 -2.741356e+01 1.580000e+01
      vertex   8.731552e+01 -2.669014e+01 1.580000e+01
    endloop
  endfacet
  facet normal 0.000000e+00 -0.000000e+00 -1.000000e+00
    outer loop
      vertex   8.731552e+01 -2.669014e+01 1.580000e+01
      vertex   8.806593e+01 -2.741356e+01 1.580000e+01
      vertex   8.694752e+01 -2.697500e+01 1.580000e+01
    endloop
  endfacet
  facet normal 0.000000e+00 -0.000000e+00 -1.000000e+00
    outer loop
      vertex   8.694752e+01 -2.697500e+01 1.580000e+01
      vertex   8.806593e+01 -2.741356e+01 1.580000e+01
      vertex   8.664102e+01 -2.823623e+01 1.580000e+01
    endloop
  endfacet
  facet normal 0.000000e+00 0.000000e+00 -1.000000e+00
    outer loop
      vertex   8.694752e+01 -2.697500e+01 1.580000e+01
      vertex   8.664102e+01 -2.823623e+01 1.580000e+01
      vertex   8.652970e+01 -2.717994e+01 1.580000e+01
    endloop
  endfacet
  facet normal 0.000000e+00 -0.000000e+00 -1.000000e+00
    outer loop
      vertex   8.652970e+01 -2.717994e+01 1.580000e+01
      vertex   8.664102e+01 -2.823623e+01 1.580000e+01
      vertex   8.607918e+01 -2.729659e+01 1.580000e+01
    endloop
  endfacet
  facet normal 0.000000e+00 -0.000000e+00 -1.000000e+00
    outer loop
      vertex   8.607918e+01 -2.729659e+01 1.580000e+01
      vertex   8.664102e+01 -2.823623e+01 1.580000e+01
      vertex   8.561441e+01 -2.732016e+01 1.580000e+01
    endloop
  endfacet
  facet normal 0.000000e+00 -0.000000e+00 -1.000000e+00
    outer loop
      vertex   8.561441e+01 -2.732016e+01 1.580000e+01
      vertex   8.664102e+01 -2.823623e+01 1.580000e+01
      vertex   8.516945e+01 -2.897222e+01 1.580000e+01
    endloop
  endfacet
  facet normal -0.000000e+00 0.000000e+00 -1.000000e+00
    outer loop
      vertex   8.561441e+01 -2.732016e+01 1.580000e+01
      vertex   8.516945e+01 -2.897222e+01 1.580000e+01
      vertex   8.515440e+01 -2.724969e+01 1.580000e+01
    endloop
  endfacet
  facet normal -0.000000e+00 -0.000000e+00 -1.000000e+00
    outer loop
      vertex   8.515440e+01 -2.724969e+01 1.580000e+01
      vertex   8.516945e+01 -2.897222e+01 1.580000e+01
      vertex   8.471799e+01 -2.708806e+01 1.580000e+01
    endloop
  endfacet
  facet normal 0.000000e+00 -0.000000e+00 -1.000000e+00
    outer loop
      vertex   8.471799e+01 -2.708806e+01 1.580000e+01
      vertex   8.516945e+01 -2.897222e+01 1.580000e+01
      vertex   8.365651e+01 -2.961889e+01 1.580000e+01
    endloop
  endfacet
  facet normal -0.000000e+00 0.000000e+00 -1.000000e+00
    outer loop
      vertex   8.471799e+01 -2.708806e+01 1.580000e+01
      vertex   8.365651e+01 -2.961889e+01 1.580000e+01
      vertex   8.432306e+01 -2.684190e+01 1.580000e+01
    endloop
  endfacet
  facet normal -0.000000e+00 0.000000e+00 -1.000000e+00
    outer loop
      vertex   8.432306e+01 -2.684190e+01 1.580000e+01
      vertex   8.365651e+01 -2.961889e+01 1.580000e+01
      vertex   8.398576e+01 -2.652127e+01 1.580000e+01
    endloop
  endfacet
  facet normal 0.000000e+00 0.000000e+00 -1.000000e+00
    outer loop
      vertex   8.398576e+01 -2.652127e+01 1.580000e+01
      vertex   8.365651e+01 -2.961889e+01 1.580000e+01
      vertex   8.210760e+01 -3.017391e+01 1.580000e+01
    endloop
  endfacet
  facet normal -0.000000e+00 0.000000e+00 -1.000000e+00
    outer loop
      vertex   8.398576e+01 -2.652127e+01 1.580000e+01
      vertex   8.210760e+01 -3.017391e+01 1.580000e+01
      vertex   8.371990e+01 -2.613931e+01 1.580000e+01
    endloop
  endfacet
  facet normal -0.000000e+00 0.000000e+00 -1.000000e+00
    outer loop
      vertex   8.371990e+01 -2.613931e+01 1.580000e+01
      vertex   8.210760e+01 -3.017391e+01 1.580000e+01
      vertex   8.353638e+01 -2.571165e+01 1.580000e+01
    endloop
  endfacet
  facet normal 0.000000e+00 0.000000e+00 -1.000000e+00
    outer loop
      vertex   8.353638e+01 -2.571165e+01 1.580000e+01
      vertex   8.210760e+01 -3.017391e+01 1.580000e+01
      vertex   8.052826e+01 -3.063531e+01 1.580000e+01
    endloop
  endfacet
  facet normal -0.000000e+00 0.000000e+00 -1.000000e+00
    outer loop
      vertex   8.353638e+01 -2.571165e+01 1.580000e+01
      vertex   8.052826e+01 -3.063531e+01 1.580000e+01
      vertex   8.344270e+01 -2.525580e+01 1.580000e+01
    endloop
  endfacet
  facet normal 0.000000e+00 0.000000e+00 -1.000000e+00
    outer loop
      vertex   8.344270e+01 -2.525580e+01 1.580000e+01
      vertex   8.052826e+01 -3.063531e+01 1.580000e+01
      vertex   7.892417e+01 -3.100144e+01 1.580000e+01
    endloop
  endfacet
  facet normal -0.000000e+00 0.000000e+00 -1.000000e+00
    outer loop
      vertex   8.344270e+01 -2.525580e+01 1.580000e+01
      vertex   7.892417e+01 -3.100144e+01 1.580000e+01
      vertex   8.344270e+01 -2.479043e+01 1.580000e+01
    endloop
  endfacet
  facet normal 0.000000e+00 0.000000e+00 -1.000000e+00
    outer loop
      vertex   8.344270e+01 -2.479043e+01 1.580000e+01
      vertex   7.892417e+01 -3.100144e+01 1.580000e+01
      vertex   7.730104e+01 -3.127098e+01 1.580000e+01
    endloop
  endfacet
  facet normal -0.000000e+00 0.000000e+00 -1.000000e+00
    outer loop
      vertex   8.344270e+01 -2.479043e+01 1.580000e+01
      vertex   7.730104e+01 -3.127098e+01 1.580000e+01
      vertex   7.503780e+01 -1.724296e+01 1.580000e+01
    endloop
  endfacet
  facet normal 0.000000e+00 0.000000e+00 -1.000000e+00
    outer loop
      vertex   7.503780e+01 -1.724296e+01 1.580000e+01
      vertex   7.730104e+01 -3.127098e+01 1.580000e+01
      vertex   7.566471e+01 -3.144296e+01 1.580000e+01
    endloop
  endfacet
  facet normal 0.000000e+00 -0.000000e+00 -1.000000e+00
    outer loop
      vertex   7.503780e+01 -1.724296e+01 1.580000e+01
      vertex   7.566471e+01 -3.144296e+01 1.580000e+01
      vertex   7.389579e+01 -1.731678e+01 1.580000e+01
    endloop
  endfacet
  facet normal 0.000000e+00 0.000000e+00 -1.000000e+00
    outer loop
      vertex   7.389579e+01 -1.731678e+01 1.580000e+01
      vertex   7.566471e+01 -3.144296e+01 1.580000e+01
      vertex   7.402101e+01 -3.151678e+01 1.580000e+01
    endloop
  endfacet
  facet normal 0.000000e+00 -0.000000e+00 -1.000000e+00
    outer loop
      vertex   7.389579e+01 -1.731678e+01 1.580000e+01
      vertex   7.402101e+01 -3.151678e+01 1.580000e+01
      vertex   7.237585e+01 -3.149217e+01 1.580000e+01
    endloop
  endfacet
  facet normal 0.000000e+00 0.000000e+00 -1.000000e+00
    outer loop
      vertex   8.798382e+01 -2.456013e+01 1.580000e+01
      vertex   8.784450e+01 -2.411609e+01 1.580000e+01
      vertex   9.075560e+01 -2.552022e+01 1.580000e+01
    endloop
  endfacet
  facet normal 0.000000e+00 0.000000e+00 -1.000000e+00
    outer loop
      vertex   9.075560e+01 -2.552022e+01 1.580000e+01
      vertex   8.784450e+01 -2.411609e+01 1.580000e+01
      vertex   9.201072e+01 -2.445634e+01 1.580000e+01
    endloop
  endfacet
  facet normal 0.000000e+00 0.000000e+00 -1.000000e+00
    outer loop
      vertex   9.201072e+01 -2.445634e+01 1.580000e+01
      vertex   8.784450e+01 -2.411609e+01 1.580000e+01
      vertex   8.761865e+01 -2.370920e+01 1.580000e+01
    endloop
  endfacet
  facet normal 0.000000e+00 0.000000e+00 -1.000000e+00
    outer loop
      vertex   9.201072e+01 -2.445634e+01 1.580000e+01
      vertex   8.761865e+01 -2.370920e+01 1.580000e+01
      vertex   9.319997e+01 -2.331930e+01 1.580000e+01
    endloop
  endfacet
  facet normal 0.000000e+00 0.000000e+00 -1.000000e+00
    outer loop
      vertex   9.319997e+01 -2.331930e+01 1.580000e+01
      vertex   8.761865e+01 -2.370920e+01 1.580000e+01
      vertex   8.731552e+01 -2.335609e+01 1.580000e+01
    endloop
  endfacet
  facet normal -0.000000e+00 0.000000e+00 -1.000000e+00
    outer loop
      vertex   9.319997e+01 -2.331930e+01 1.580000e+01
      vertex   8.731552e+01 -2.335609e+01 1.580000e+01
      vertex   9.431909e+01 -2.211317e+01 1.580000e+01
    endloop
  endfacet
  facet normal 0.000000e+00 0.000000e+00 -1.000000e+00
    outer loop
      vertex   9.431909e+01 -2.211317e+01 1.580000e+01
      vertex   8.731552e+01 -2.335609e+01 1.580000e+01
      vertex   8.694752e+01 -2.307123e+01 1.580000e+01
    endloop
  endfacet
  facet normal -0.000000e+00 0.000000e+00 -1.000000e+00
    outer loop
      vertex   9.431909e+01 -2.211317e+01 1.580000e+01
      vertex   8.694752e+01 -2.307123e+01 1.580000e+01
      vertex   9.536408e+01 -2.084228e+01 1.580000e+01
    endloop
  endfacet
  facet normal 0.000000e+00 0.000000e+00 -1.000000e+00
    outer loop
      vertex   9.536408e+01 -2.084228e+01 1.580000e+01
      vertex   8.694752e+01 -2.307123e+01 1.580000e+01
      vertex   8.652970e+01 -2.286628e+01 1.580000e+01
    endloop
  endfacet
  facet normal -0.000000e+00 0.000000e+00 -1.000000e+00
    outer loop
      vertex   9.536408e+01 -2.084228e+01 1.580000e+01
      vertex   8.652970e+01 -2.286628e+01 1.580000e+01
      vertex   8.387931e+01 -1.247111e+01 1.580000e+01
    endloop
  endfacet
  facet normal 0.000000e+00 -0.000000e+00 -1.000000e+00
    outer loop
      vertex   8.387931e+01 -1.247111e+01 1.580000e+01
      vertex   8.652970e+01 -2.286628e+01 1.580000e+01
      vertex   8.311478e+01 -1.332265e+01 1.580000e+01
    endloop
  endfacet
  facet normal 0.000000e+00 0.000000e+00 -1.000000e+00
    outer loop
      vertex   8.311478e+01 -1.332265e+01 1.580000e+01
      vertex   8.652970e+01 -2.286628e+01 1.580000e+01
      vertex   8.607918e+01 -2.274964e+01 1.580000e+01
    endloop
  endfacet
  facet normal 0.000000e+00 -0.000000e+00 -1.000000e+00
    outer loop
      vertex   8.311478e+01 -1.332265e+01 1.580000e+01
      vertex   8.607918e+01 -2.274964e+01 1.580000e+01
      vertex   8.227988e+01 -1.410532e+01 1.580000e+01
    endloop
  endfacet
  facet normal 0.000000e+00 0.000000e+00 -1.000000e+00
    outer loop
      vertex   8.227988e+01 -1.410532e+01 1.580000e+01
      vertex   8.607918e+01 -2.274964e+01 1.580000e+01
      vertex   8.561441e+01 -2.272607e+01 1.580000e+01
    endloop
  endfacet
  facet normal 0.000000e+00 -0.000000e+00 -1.000000e+00
    outer loop
      vertex   8.227988e+01 -1.410532e+01 1.580000e+01
      vertex   8.561441e+01 -2.272607e+01 1.580000e+01
      vertex   8.138079e+01 -1.481333e+01 1.580000e+01
    endloop
  endfacet
  facet normal 0.000000e+00 0.000000e+00 -1.000000e+00
    outer loop
      vertex   8.138079e+01 -1.481333e+01 1.580000e+01
      vertex   8.561441e+01 -2.272607e+01 1.580000e+01
      vertex   8.515440e+01 -2.279654e+01 1.580000e+01
    endloop
  endfacet
  facet normal 0.000000e+00 0.000000e+00 -1.000000e+00
    outer loop
      vertex   8.138079e+01 -1.481333e+01 1.580000e+01
      vertex   8.515440e+01 -2.279654e+01 1.580000e+01
      vertex   8.471799e+01 -2.295816e+01 1.580000e+01
    endloop
  endfacet
  facet normal 0.000000e+00 -0.000000e+00 -1.000000e+00
    outer loop
      vertex   8.138079e+01 -1.481333e+01 1.580000e+01
      vertex   8.471799e+01 -2.295816e+01 1.580000e+01
      vertex   8.042417e+01 -1.544142e+01 1.580000e+01
    endloop
  endfacet
  facet normal 0.000000e+00 0.000000e+00 -1.000000e+00
    outer loop
      vertex   8.042417e+01 -1.544142e+01 1.580000e+01
      vertex   8.471799e+01 -2.295816e+01 1.580000e+01
      vertex   8.432306e+01 -2.320433e+01 1.580000e+01
    endloop
  endfacet
  facet normal 0.000000e+00 -0.000000e+00 -1.000000e+00
    outer loop
      vertex   8.042417e+01 -1.544142e+01 1.580000e+01
      vertex   8.432306e+01 -2.320433e+01 1.580000e+01
      vertex   7.941709e+01 -1.598495e+01 1.580000e+01
    endloop
  endfacet
  facet normal 0.000000e+00 0.000000e+00 -1.000000e+00
    outer loop
      vertex   7.941709e+01 -1.598495e+01 1.580000e+01
      vertex   8.432306e+01 -2.320433e+01 1.580000e+01
      vertex   8.398576e+01 -2.352496e+01 1.580000e+01
    endloop
  endfacet
  facet normal 0.000000e+00 -0.000000e+00 -1.000000e+00
    outer loop
      vertex   7.941709e+01 -1.598495e+01 1.580000e+01
      vertex   8.398576e+01 -2.352496e+01 1.580000e+01
      vertex   7.836701e+01 -1.643989e+01 1.580000e+01
    endloop
  endfacet
  facet normal 0.000000e+00 0.000000e+00 -1.000000e+00
    outer loop
      vertex   7.836701e+01 -1.643989e+01 1.580000e+01
      vertex   8.398576e+01 -2.352496e+01 1.580000e+01
      vertex   8.371990e+01 -2.390692e+01 1.580000e+01
    endloop
  endfacet
  facet normal 0.000000e+00 -0.000000e+00 -1.000000e+00
    outer loop
      vertex   7.836701e+01 -1.643989e+01 1.580000e+01
      vertex   8.371990e+01 -2.390692e+01 1.580000e+01
      vertex   7.728172e+01 -1.680288e+01 1.580000e+01
    endloop
  endfacet
  facet normal 0.000000e+00 0.000000e+00 -1.000000e+00
    outer loop
      vertex   7.728172e+01 -1.680288e+01 1.580000e+01
      vertex   8.371990e+01 -2.390692e+01 1.580000e+01
      vertex   8.353638e+01 -2.433458e+01 1.580000e+01
    endloop
  endfacet
  facet normal 0.000000e+00 -0.000000e+00 -1.000000e+00
    outer loop
      vertex   7.728172e+01 -1.680288e+01 1.580000e+01
      vertex   8.353638e+01 -2.433458e+01 1.580000e+01
      vertex   7.616923e+01 -1.707123e+01 1.580000e+01
    endloop
  endfacet
  facet normal 0.000000e+00 0.000000e+00 -1.000000e+00
    outer loop
      vertex   7.616923e+01 -1.707123e+01 1.580000e+01
      vertex   8.353638e+01 -2.433458e+01 1.580000e+01
      vertex   8.344270e+01 -2.479043e+01 1.580000e+01
    endloop
  endfacet
  facet normal 0.000000e+00 -0.000000e+00 -1.000000e+00
    outer loop
      vertex   7.616923e+01 -1.707123e+01 1.580000e+01
      vertex   8.344270e+01 -2.479043e+01 1.580000e+01
      vertex   7.503780e+01 -1.724296e+01 1.580000e+01
    endloop
  endfacet
  facet normal 0.000000e+00 0.000000e+00 -1.000000e+00
    outer loop
      vertex   6.373383e+01 -2.455583e+01 1.580000e+01
      vertex   7.161389e+01 -1.716927e+01 1.580000e+01
      vertex   6.378091e+01 -2.501881e+01 1.580000e+01
    endloop
  endfacet
  facet normal 0.000000e+00 0.000000e+00 -1.000000e+00
    outer loop
      vertex   6.378091e+01 -2.501881e+01 1.580000e+01
      vertex   7.161389e+01 -1.716927e+01 1.580000e+01
      vertex   6.910464e+01 -3.114835e+01 1.580000e+01
    endloop
  endfacet
  facet normal 0.000000e+00 0.000000e+00 -1.000000e+00
    outer loop
      vertex   6.378091e+01 -2.501881e+01 1.580000e+01
      vertex   6.910464e+01 -3.114835e+01 1.580000e+01
      vertex   6.749030e+01 -3.083038e+01 1.580000e+01
    endloop
  endfacet
  facet normal -0.000000e+00 0.000000e+00 -1.000000e+00
    outer loop
      vertex   7.161389e+01 -1.716927e+01 1.580000e+01
      vertex   6.373383e+01 -2.455583e+01 1.580000e+01
      vertex   7.049089e+01 -1.694903e+01 1.580000e+01
    endloop
  endfacet
  facet normal 0.000000e+00 0.000000e+00 -1.000000e+00
    outer loop
      vertex   7.049089e+01 -1.694903e+01 1.580000e+01
      vertex   6.373383e+01 -2.455583e+01 1.580000e+01
      vertex   6.359451e+01 -2.411180e+01 1.580000e+01
    endloop
  endfacet
  facet normal -0.000000e+00 0.000000e+00 -1.000000e+00
    outer loop
      vertex   7.049089e+01 -1.694903e+01 1.580000e+01
      vertex   6.359451e+01 -2.411180e+01 1.580000e+01
      vertex   6.939098e+01 -1.663307e+01 1.580000e+01
    endloop
  endfacet
  facet normal 0.000000e+00 0.000000e+00 -1.000000e+00
    outer loop
      vertex   6.939098e+01 -1.663307e+01 1.580000e+01
      vertex   6.359451e+01 -2.411180e+01 1.580000e+01
      vertex   6.336867e+01 -2.370490e+01 1.580000e+01
    endloop
  endfacet
  facet normal -0.000000e+00 0.000000e+00 -1.000000e+00
    outer loop
      vertex   6.939098e+01 -1.663307e+01 1.580000e+01
      vertex   6.336867e+01 -2.370490e+01 1.580000e+01
      vertex   6.832231e+01 -1.622372e+01 1.580000e+01
    endloop
  endfacet
  facet normal 0.000000e+00 0.000000e+00 -1.000000e+00
    outer loop
      vertex   6.832231e+01 -1.622372e+01 1.580000e+01
      vertex   6.336867e+01 -2.370490e+01 1.580000e+01
      vertex   6.306553e+01 -2.335179e+01 1.580000e+01
    endloop
  endfacet
  facet normal -0.000000e+00 0.000000e+00 -1.000000e+00
    outer loop
      vertex   6.832231e+01 -1.622372e+01 1.580000e+01
      vertex   6.306553e+01 -2.335179e+01 1.580000e+01
      vertex   6.729278e+01 -1.572402e+01 1.580000e+01
    endloop
  endfacet
  facet normal 0.000000e+00 0.000000e+00 -1.000000e+00
    outer loop
      vertex   6.729278e+01 -1.572402e+01 1.580000e+01
      vertex   6.306553e+01 -2.335179e+01 1.580000e+01
      vertex   6.269753e+01 -2.306693e+01 1.580000e+01
    endloop
  endfacet
  facet normal -0.000000e+00 0.000000e+00 -1.000000e+00
    outer loop
      vertex   6.729278e+01 -1.572402e+01 1.580000e+01
      vertex   6.269753e+01 -2.306693e+01 1.580000e+01
      vertex   6.631002e+01 -1.513767e+01 1.580000e+01
    endloop
  endfacet
  facet normal 0.000000e+00 0.000000e+00 -1.000000e+00
    outer loop
      vertex   6.631002e+01 -1.513767e+01 1.580000e+01
      vertex   6.269753e+01 -2.306693e+01 1.580000e+01
      vertex   6.227971e+01 -2.286198e+01 1.580000e+01
    endloop
  endfacet
  facet normal -0.000000e+00 0.000000e+00 -1.000000e+00
    outer loop
      vertex   6.631002e+01 -1.513767e+01 1.580000e+01
      vertex   6.227971e+01 -2.286198e+01 1.580000e+01
      vertex   6.538130e+01 -1.446900e+01 1.580000e+01
    endloop
  endfacet
  facet normal 0.000000e+00 0.000000e+00 -1.000000e+00
    outer loop
      vertex   6.538130e+01 -1.446900e+01 1.580000e+01
      vertex   6.227971e+01 -2.286198e+01 1.580000e+01
      vertex   6.182919e+01 -2.274534e+01 1.580000e+01
    endloop
  endfacet
  facet normal 0.000000e+00 0.000000e+00 -1.000000e+00
    outer loop
      vertex   6.538130e+01 -1.446900e+01 1.580000e+01
      vertex   6.182919e+01 -2.274534e+01 1.580000e+01
      vertex   6.136442e+01 -2.272177e+01 1.580000e+01
    endloop
  endfacet
  facet normal -0.000000e+00 0.000000e+00 -1.000000e+00
    outer loop
      vertex   6.538130e+01 -1.446900e+01 1.580000e+01
      vertex   6.136442e+01 -2.272177e+01 1.580000e+01
      vertex   6.451350e+01 -1.372297e+01 1.580000e+01
    endloop
  endfacet
  facet normal 0.000000e+00 0.000000e+00 -1.000000e+00
    outer loop
      vertex   6.451350e+01 -1.372297e+01 1.580000e+01
      vertex   6.136442e+01 -2.272177e+01 1.580000e+01
      vertex   6.090441e+01 -2.279224e+01 1.580000e+01
    endloop
  endfacet
  facet normal -0.000000e+00 0.000000e+00 -1.000000e+00
    outer loop
      vertex   6.451350e+01 -1.372297e+01 1.580000e+01
      vertex   6.090441e+01 -2.279224e+01 1.580000e+01
      vertex   6.371305e+01 -1.290511e+01 1.580000e+01
    endloop
  endfacet
  facet normal 0.000000e+00 0.000000e+00 -1.000000e+00
    outer loop
      vertex   6.371305e+01 -1.290511e+01 1.580000e+01
      vertex   6.090441e+01 -2.279224e+01 1.580000e+01
      vertex   6.046800e+01 -2.295386e+01 1.580000e+01
    endloop
  endfacet
  facet normal -0.000000e+00 0.000000e+00 -1.000000e+00
    outer loop
      vertex   6.371305e+01 -1.290511e+01 1.580000e+01
      vertex   6.046800e+01 -2.295386e+01 1.580000e+01
      vertex   6.298586e+01 -1.202146e+01 1.580000e+01
    endloop
  endfacet
  facet normal 0.000000e+00 0.000000e+00 -1.000000e+00
    outer loop
      vertex   6.298586e+01 -1.202146e+01 1.580000e+01
      vertex   6.046800e+01 -2.295386e+01 1.580000e+01
      vertex   5.236816e+01 -2.148554e+01 1.580000e+01
    endloop
  endfacet
  facet normal 0.000000e+00 0.000000e+00 -1.000000e+00
    outer loop
      vertex   6.298586e+01 -1.202146e+01 1.580000e+01
      vertex   5.236816e+01 -2.148554e+01 1.580000e+01
      vertex   5.136166e+01 -2.018395e+01 1.580000e+01
    endloop
  endfacet
  facet normal -0.000000e+00 0.000000e+00 -1.000000e+00
    outer loop
      vertex   6.046800e+01 -2.295386e+01 1.580000e+01
      vertex   6.007307e+01 -2.320003e+01 1.580000e+01
      vertex   5.236816e+01 -2.148554e+01 1.580000e+01
    endloop
  endfacet
  facet normal 0.000000e+00 0.000000e+00 -1.000000e+00
    outer loop
      vertex   5.236816e+01 -2.148554e+01 1.580000e+01
      vertex   6.007307e+01 -2.320003e+01 1.580000e+01
      vertex   5.345070e+01 -2.272461e+01 1.580000e+01
    endloop
  endfacet
  facet normal 0.000000e+00 0.000000e+00 -1.000000e+00
    outer loop
      vertex   5.345070e+01 -2.272461e+01 1.580000e+01
      vertex   6.007307e+01 -2.320003e+01 1.580000e+01
      vertex   5.973577e+01 -2.352066e+01 1.580000e+01
    endloop
  endfacet
  facet normal 0.000000e+00 0.000000e+00 -1.000000e+00
    outer loop
      vertex   5.345070e+01 -2.272461e+01 1.580000e+01
      vertex   5.973577e+01 -2.352066e+01 1.580000e+01
      vertex   5.460541e+01 -2.389672e+01 1.580000e+01
    endloop
  endfacet
  facet normal 0.000000e+00 0.000000e+00 -1.000000e+00
    outer loop
      vertex   5.460541e+01 -2.389672e+01 1.580000e+01
      vertex   5.973577e+01 -2.352066e+01 1.580000e+01
      vertex   5.946991e+01 -2.390262e+01 1.580000e+01
    endloop
  endfacet
  facet normal 0.000000e+00 0.000000e+00 -1.000000e+00
    outer loop
      vertex   5.460541e+01 -2.389672e+01 1.580000e+01
      vertex   5.946991e+01 -2.390262e+01 1.580000e+01
      vertex   5.582814e+01 -2.499767e+01 1.580000e+01
    endloop
  endfacet
  facet normal 0.000000e+00 0.000000e+00 -1.000000e+00
    outer loop
      vertex   5.582814e+01 -2.499767e+01 1.580000e+01
      vertex   5.946991e+01 -2.390262e+01 1.580000e+01
      vertex   5.928639e+01 -2.433028e+01 1.580000e+01
    endloop
  endfacet
  facet normal 0.000000e+00 0.000000e+00 -1.000000e+00
    outer loop
      vertex   5.582814e+01 -2.499767e+01 1.580000e+01
      vertex   5.928639e+01 -2.433028e+01 1.580000e+01
      vertex   5.919271e+01 -2.478613e+01 1.580000e+01
    endloop
  endfacet
  facet normal 0.000000e+00 0.000000e+00 -1.000000e+00
    outer loop
      vertex   5.582814e+01 -2.499767e+01 1.580000e+01
      vertex   5.919271e+01 -2.478613e+01 1.580000e+01
      vertex   5.711453e+01 -2.602353e+01 1.580000e+01
    endloop
  endfacet
  facet normal 0.000000e+00 0.000000e+00 -1.000000e+00
    outer loop
      vertex   5.711453e+01 -2.602353e+01 1.580000e+01
      vertex   5.919271e+01 -2.478613e+01 1.580000e+01
      vertex   5.919271e+01 -2.525150e+01 1.580000e+01
    endloop
  endfacet
  facet normal 0.000000e+00 0.000000e+00 -1.000000e+00
    outer loop
      vertex   5.711453e+01 -2.602353e+01 1.580000e+01
      vertex   5.919271e+01 -2.525150e+01 1.580000e+01
      vertex   5.928639e+01 -2.570735e+01 1.580000e+01
    endloop
  endfacet
  facet normal 0.000000e+00 0.000000e+00 -1.000000e+00
    outer loop
      vertex   5.711453e+01 -2.602353e+01 1.580000e+01
      vertex   5.928639e+01 -2.570735e+01 1.580000e+01
      vertex   5.845996e+01 -2.697062e+01 1.580000e+01
    endloop
  endfacet
  facet normal 0.000000e+00 0.000000e+00 -1.000000e+00
    outer loop
      vertex   5.845996e+01 -2.697062e+01 1.580000e+01
      vertex   5.928639e+01 -2.570735e+01 1.580000e+01
      vertex   5.946991e+01 -2.613501e+01 1.580000e+01
    endloop
  endfacet
  facet normal 0.000000e+00 0.000000e+00 -1.000000e+00
    outer loop
      vertex   5.845996e+01 -2.697062e+01 1.580000e+01
      vertex   5.946991e+01 -2.613501e+01 1.580000e+01
      vertex   5.973577e+01 -2.651697e+01 1.580000e+01
    endloop
  endfacet
  facet normal 0.000000e+00 0.000000e+00 -1.000000e+00
    outer loop
      vertex   5.845996e+01 -2.697062e+01 1.580000e+01
      vertex   5.973577e+01 -2.651697e+01 1.580000e+01
      vertex   5.985963e+01 -2.783556e+01 1.580000e+01
    endloop
  endfacet
  facet normal 0.000000e+00 0.000000e+00 -1.000000e+00
    outer loop
      vertex   5.985963e+01 -2.783556e+01 1.580000e+01
      vertex   5.973577e+01 -2.651697e+01 1.580000e+01
      vertex   6.007307e+01 -2.683760e+01 1.580000e+01
    endloop
  endfacet
  facet normal 0.000000e+00 0.000000e+00 -1.000000e+00
    outer loop
      vertex   5.985963e+01 -2.783556e+01 1.580000e+01
      vertex   6.007307e+01 -2.683760e+01 1.580000e+01
      vertex   6.046800e+01 -2.708376e+01 1.580000e+01
    endloop
  endfacet
  facet normal 0.000000e+00 -0.000000e+00 -1.000000e+00
    outer loop
      vertex   6.046800e+01 -2.708376e+01 1.580000e+01
      vertex   6.090441e+01 -2.724539e+01 1.580000e+01
      vertex   5.985963e+01 -2.783556e+01 1.580000e+01
    endloop
  endfacet
  facet normal 0.000000e+00 0.000000e+00 -1.000000e+00
    outer loop
      vertex   5.985963e+01 -2.783556e+01 1.580000e+01
      vertex   6.090441e+01 -2.724539e+01 1.580000e+01
      vertex   6.130852e+01 -2.861524e+01 1.580000e+01
    endloop
  endfacet
  facet normal 0.000000e+00 0.000000e+00 -1.000000e+00
    outer loop
      vertex   6.130852e+01 -2.861524e+01 1.580000e+01
      vertex   6.090441e+01 -2.724539e+01 1.580000e+01
      vertex   6.136442e+01 -2.731586e+01 1.580000e+01
    endloop
  endfacet
  facet normal 0.000000e+00 0.000000e+00 -1.000000e+00
    outer loop
      vertex   6.130852e+01 -2.861524e+01 1.580000e+01
      vertex   6.136442e+01 -2.731586e+01 1.580000e+01
      vertex   6.182919e+01 -2.729229e+01 1.580000e+01
    endloop
  endfacet
  facet normal 0.000000e+00 -0.000000e+00 -1.000000e+00
    outer loop
      vertex   6.182919e+01 -2.729229e+01 1.580000e+01
      vertex   6.227971e+01 -2.717564e+01 1.580000e+01
      vertex   6.130852e+01 -2.861524e+01 1.580000e+01
    endloop
  endfacet
  facet normal 0.000000e+00 0.000000e+00 -1.000000e+00
    outer loop
      vertex   6.130852e+01 -2.861524e+01 1.580000e+01
      vertex   6.227971e+01 -2.717564e+01 1.580000e+01
      vertex   6.280144e+01 -2.930687e+01 1.580000e+01
    endloop
  endfacet
  facet normal 0.000000e+00 0.000000e+00 -1.000000e+00
    outer loop
      vertex   6.280144e+01 -2.930687e+01 1.580000e+01
      vertex   6.227971e+01 -2.717564e+01 1.580000e+01
      vertex   6.269753e+01 -2.697070e+01 1.580000e+01
    endloop
  endfacet
  facet normal 0.000000e+00 0.000000e+00 -1.000000e+00
    outer loop
      vertex   6.280144e+01 -2.930687e+01 1.580000e+01
      vertex   6.269753e+01 -2.697070e+01 1.580000e+01
      vertex   6.306553e+01 -2.668584e+01 1.580000e+01
    endloop
  endfacet
  facet normal 0.000000e+00 0.000000e+00 -1.000000e+00
    outer loop
      vertex   6.280144e+01 -2.930687e+01 1.580000e+01
      vertex   6.306553e+01 -2.668584e+01 1.580000e+01
      vertex   6.433305e+01 -2.990799e+01 1.580000e+01
    endloop
  endfacet
  facet normal 0.000000e+00 0.000000e+00 -1.000000e+00
    outer loop
      vertex   6.433305e+01 -2.990799e+01 1.580000e+01
      vertex   6.306553e+01 -2.668584e+01 1.580000e+01
      vertex   6.336867e+01 -2.633273e+01 1.580000e+01
    endloop
  endfacet
  facet normal 0.000000e+00 0.000000e+00 -1.000000e+00
    outer loop
      vertex   6.433305e+01 -2.990799e+01 1.580000e+01
      vertex   6.336867e+01 -2.633273e+01 1.580000e+01
      vertex   6.589787e+01 -3.041643e+01 1.580000e+01
    endloop
  endfacet
  facet normal 0.000000e+00 0.000000e+00 -1.000000e+00
    outer loop
      vertex   6.589787e+01 -3.041643e+01 1.580000e+01
      vertex   6.336867e+01 -2.633273e+01 1.580000e+01
      vertex   6.359451e+01 -2.592583e+01 1.580000e+01
    endloop
  endfacet
  facet normal 0.000000e+00 0.000000e+00 -1.000000e+00
    outer loop
      vertex   6.589787e+01 -3.041643e+01 1.580000e+01
      vertex   6.359451e+01 -2.592583e+01 1.580000e+01
      vertex   6.373383e+01 -2.548180e+01 1.580000e+01
    endloop
  endfacet
  facet normal 0.000000e+00 0.000000e+00 -1.000000e+00
    outer loop
      vertex   6.589787e+01 -3.041643e+01 1.580000e+01
      vertex   6.373383e+01 -2.548180e+01 1.580000e+01
      vertex   6.749030e+01 -3.083038e+01 1.580000e+01
    endloop
  endfacet
  facet normal 0.000000e+00 0.000000e+00 -1.000000e+00
    outer loop
      vertex   6.749030e+01 -3.083038e+01 1.580000e+01
      vertex   6.373383e+01 -2.548180e+01 1.580000e+01
      vertex   6.378091e+01 -2.501881e+01 1.580000e+01
    endloop
  endfacet
  facet normal 0.000000e+00 0.000000e+00 -1.000000e+00
    outer loop
      vertex   6.589787e+01 2.237671e+01 1.580000e+01
      vertex   6.337611e+01 1.829731e+01 1.580000e+01
      vertex   6.433305e+01 2.186827e+01 1.580000e+01
    endloop
  endfacet
  facet normal 0.000000e+00 0.000000e+00 -1.000000e+00
    outer loop
      vertex   6.433305e+01 2.186827e+01 1.580000e+01
      vertex   6.337611e+01 1.829731e+01 1.580000e+01
      vertex   6.307298e+01 1.865042e+01 1.580000e+01
    endloop
  endfacet
  facet normal 0.000000e+00 0.000000e+00 -1.000000e+00
    outer loop
      vertex   6.433305e+01 2.186827e+01 1.580000e+01
      vertex   6.307298e+01 1.865042e+01 1.580000e+01
      vertex   6.280144e+01 2.126716e+01 1.580000e+01
    endloop
  endfacet
  facet normal 0.000000e+00 -0.000000e+00 -1.000000e+00
    outer loop
      vertex   6.280144e+01 2.126716e+01 1.580000e+01
      vertex   6.307298e+01 1.865042e+01 1.580000e+01
      vertex   6.270497e+01 1.893528e+01 1.580000e+01
    endloop
  endfacet
  facet normal 0.000000e+00 0.000000e+00 -1.000000e+00
    outer loop
      vertex   6.280144e+01 2.126716e+01 1.580000e+01
      vertex   6.270497e+01 1.893528e+01 1.580000e+01
      vertex   6.228716e+01 1.914023e+01 1.580000e+01
    endloop
  endfacet
  facet normal 0.000000e+00 0.000000e+00 -1.000000e+00
    outer loop
      vertex   6.228716e+01 1.914023e+01 1.580000e+01
      vertex   6.183664e+01 1.925688e+01 1.580000e+01
      vertex   6.280144e+01 2.126716e+01 1.580000e+01
    endloop
  endfacet
  facet normal 0.000000e+00 0.000000e+00 -1.000000e+00
    outer loop
      vertex   6.280144e+01 2.126716e+01 1.580000e+01
      vertex   6.183664e+01 1.925688e+01 1.580000e+01
      vertex   6.130852e+01 2.057552e+01 1.580000e+01
    endloop
  endfacet
  facet normal 0.000000e+00 0.000000e+00 -1.000000e+00
    outer loop
      vertex   6.130852e+01 2.057552e+01 1.580000e+01
      vertex   6.183664e+01 1.925688e+01 1.580000e+01
      vertex   6.137186e+01 1.928045e+01 1.580000e+01
    endloop
  endfacet
  facet normal 0.000000e+00 -0.000000e+00 -1.000000e+00
    outer loop
      vertex   6.130852e+01 2.057552e+01 1.580000e+01
      vertex   6.137186e+01 1.928045e+01 1.580000e+01
      vertex   6.091186e+01 1.920998e+01 1.580000e+01
    endloop
  endfacet
  facet normal 0.000000e+00 0.000000e+00 -1.000000e+00
    outer loop
      vertex   6.130852e+01 2.057552e+01 1.580000e+01
      vertex   6.091186e+01 1.920998e+01 1.580000e+01
      vertex   5.985963e+01 1.979584e+01 1.580000e+01
    endloop
  endfacet
  facet normal 0.000000e+00 0.000000e+00 -1.000000e+00
    outer loop
      vertex   5.985963e+01 1.979584e+01 1.580000e+01
      vertex   6.091186e+01 1.920998e+01 1.580000e+01
      vertex   6.047545e+01 1.904835e+01 1.580000e+01
    endloop
  endfacet
  facet normal 0.000000e+00 0.000000e+00 -1.000000e+00
    outer loop
      vertex   5.985963e+01 1.979584e+01 1.580000e+01
      vertex   6.047545e+01 1.904835e+01 1.580000e+01
      vertex   6.008051e+01 1.880218e+01 1.580000e+01
    endloop
  endfacet
  facet normal -0.000000e+00 0.000000e+00 -1.000000e+00
    outer loop
      vertex   6.008051e+01 1.880218e+01 1.580000e+01
      vertex   5.974321e+01 1.848155e+01 1.580000e+01
      vertex   5.985963e+01 1.979584e+01 1.580000e+01
    endloop
  endfacet
  facet normal 0.000000e+00 0.000000e+00 -1.000000e+00
    outer loop
      vertex   5.985963e+01 1.979584e+01 1.580000e+01
      vertex   5.974321e+01 1.848155e+01 1.580000e+01
      vertex   5.845996e+01 1.893091e+01 1.580000e+01
    endloop
  endfacet
  facet normal 0.000000e+00 0.000000e+00 -1.000000e+00
    outer loop
      vertex   5.845996e+01 1.893091e+01 1.580000e+01
      vertex   5.974321e+01 1.848155e+01 1.580000e+01
      vertex   5.947736e+01 1.809959e+01 1.580000e+01
    endloop
  endfacet
  facet normal 0.000000e+00 0.000000e+00 -1.000000e+00
    outer loop
      vertex   5.845996e+01 1.893091e+01 1.580000e+01
      vertex   5.947736e+01 1.809959e+01 1.580000e+01
      vertex   5.929384e+01 1.767193e+01 1.580000e+01
    endloop
  endfacet
  facet normal 0.000000e+00 -0.000000e+00 -1.000000e+00
    outer loop
      vertex   5.845996e+01 1.893091e+01 1.580000e+01
      vertex   5.929384e+01 1.767193e+01 1.580000e+01
      vertex   5.711453e+01 1.798381e+01 1.580000e+01
    endloop
  endfacet
  facet normal 0.000000e+00 0.000000e+00 -1.000000e+00
    outer loop
      vertex   5.711453e+01 1.798381e+01 1.580000e+01
      vertex   5.929384e+01 1.767193e+01 1.580000e+01
      vertex   5.920016e+01 1.721609e+01 1.580000e+01
    endloop
  endfacet
  facet normal 0.000000e+00 0.000000e+00 -1.000000e+00
    outer loop
      vertex   5.711453e+01 1.798381e+01 1.580000e+01
      vertex   5.920016e+01 1.721609e+01 1.580000e+01
      vertex   5.920016e+01 1.675071e+01 1.580000e+01
    endloop
  endfacet
  facet normal 0.000000e+00 -0.000000e+00 -1.000000e+00
    outer loop
      vertex   5.711453e+01 1.798381e+01 1.580000e+01
      vertex   5.920016e+01 1.675071e+01 1.580000e+01
      vertex   5.582814e+01 1.695796e+01 1.580000e+01
    endloop
  endfacet
  facet normal 0.000000e+00 0.000000e+00 -1.000000e+00
    outer loop
      vertex   5.582814e+01 1.695796e+01 1.580000e+01
      vertex   5.920016e+01 1.675071e+01 1.580000e+01
      vertex   5.929384e+01 1.629486e+01 1.580000e+01
    endloop
  endfacet
  facet normal 0.000000e+00 0.000000e+00 -1.000000e+00
    outer loop
      vertex   5.582814e+01 1.695796e+01 1.580000e+01
      vertex   5.929384e+01 1.629486e+01 1.580000e+01
      vertex   5.947736e+01 1.586720e+01 1.580000e+01
    endloop
  endfacet
  facet normal 0.000000e+00 -0.000000e+00 -1.000000e+00
    outer loop
      vertex   5.582814e+01 1.695796e+01 1.580000e+01
      vertex   5.947736e+01 1.586720e+01 1.580000e+01
      vertex   5.460541e+01 1.585700e+01 1.580000e+01
    endloop
  endfacet
  facet normal 0.000000e+00 0.000000e+00 -1.000000e+00
    outer loop
      vertex   5.460541e+01 1.585700e+01 1.580000e+01
      vertex   5.947736e+01 1.586720e+01 1.580000e+01
      vertex   5.974321e+01 1.548524e+01 1.580000e+01
    endloop
  endfacet
  facet normal 0.000000e+00 -0.000000e+00 -1.000000e+00
    outer loop
      vertex   5.460541e+01 1.585700e+01 1.580000e+01
      vertex   5.974321e+01 1.548524e+01 1.580000e+01
      vertex   5.345070e+01 1.468489e+01 1.580000e+01
    endloop
  endfacet
  facet normal 0.000000e+00 0.000000e+00 -1.000000e+00
    outer loop
      vertex   5.345070e+01 1.468489e+01 1.580000e+01
      vertex   5.974321e+01 1.548524e+01 1.580000e+01
      vertex   6.008051e+01 1.516461e+01 1.580000e+01
    endloop
  endfacet
  facet normal 0.000000e+00 -0.000000e+00 -1.000000e+00
    outer loop
      vertex   5.345070e+01 1.468489e+01 1.580000e+01
      vertex   6.008051e+01 1.516461e+01 1.580000e+01
      vertex   5.236816e+01 1.344583e+01 1.580000e+01
    endloop
  endfacet
  facet normal 0.000000e+00 0.000000e+00 -1.000000e+00
    outer loop
      vertex   5.236816e+01 1.344583e+01 1.580000e+01
      vertex   6.008051e+01 1.516461e+01 1.580000e+01
      vertex   6.047545e+01 1.491845e+01 1.580000e+01
    endloop
  endfacet
  facet normal 0.000000e+00 0.000000e+00 -1.000000e+00
    outer loop
      vertex   5.236816e+01 1.344583e+01 1.580000e+01
      vertex   6.047545e+01 1.491845e+01 1.580000e+01
      vertex   6.298586e+01 3.981742e+00 1.580000e+01
    endloop
  endfacet
  facet normal 0.000000e+00 0.000000e+00 -1.000000e+00
    outer loop
      vertex   6.298586e+01 3.981742e+00 1.580000e+01
      vertex   6.047545e+01 1.491845e+01 1.580000e+01
      vertex   6.371305e+01 4.865392e+00 1.580000e+01
    endloop
  endfacet
  facet normal 0.000000e+00 0.000000e+00 -1.000000e+00
    outer loop
      vertex   6.371305e+01 4.865392e+00 1.580000e+01
      vertex   6.047545e+01 1.491845e+01 1.580000e+01
      vertex   6.091186e+01 1.475682e+01 1.580000e+01
    endloop
  endfacet
  facet normal 0.000000e+00 0.000000e+00 -1.000000e+00
    outer loop
      vertex   6.371305e+01 4.865392e+00 1.580000e+01
      vertex   6.091186e+01 1.475682e+01 1.580000e+01
      vertex   6.451350e+01 5.683258e+00 1.580000e+01
    endloop
  endfacet
  facet normal 0.000000e+00 0.000000e+00 -1.000000e+00
    outer loop
      vertex   6.451350e+01 5.683258e+00 1.580000e+01
      vertex   6.091186e+01 1.475682e+01 1.580000e+01
      vertex   6.137186e+01 1.468635e+01 1.580000e+01
    endloop
  endfacet
  facet normal 0.000000e+00 0.000000e+00 -1.000000e+00
    outer loop
      vertex   6.451350e+01 5.683258e+00 1.580000e+01
      vertex   6.137186e+01 1.468635e+01 1.580000e+01
      vertex   6.538130e+01 6.429285e+00 1.580000e+01
    endloop
  endfacet
  facet normal 0.000000e+00 0.000000e+00 -1.000000e+00
    outer loop
      vertex   6.538130e+01 6.429285e+00 1.580000e+01
      vertex   6.137186e+01 1.468635e+01 1.580000e+01
      vertex   6.183664e+01 1.470992e+01 1.580000e+01
    endloop
  endfacet
  facet normal 0.000000e+00 0.000000e+00 -1.000000e+00
    outer loop
      vertex   6.538130e+01 6.429285e+00 1.580000e+01
      vertex   6.183664e+01 1.470992e+01 1.580000e+01
      vertex   6.228716e+01 1.482657e+01 1.580000e+01
    endloop
  endfacet
  facet normal 0.000000e+00 0.000000e+00 -1.000000e+00
    outer loop
      vertex   6.538130e+01 6.429285e+00 1.580000e+01
      vertex   6.228716e+01 1.482657e+01 1.580000e+01
      vertex   6.631002e+01 7.097951e+00 1.580000e+01
    endloop
  endfacet
  facet normal 0.000000e+00 0.000000e+00 -1.000000e+00
    outer loop
      vertex   6.631002e+01 7.097951e+00 1.580000e+01
      vertex   6.228716e+01 1.482657e+01 1.580000e+01
      vertex   6.270497e+01 1.503152e+01 1.580000e+01
    endloop
  endfacet
  facet normal 0.000000e+00 0.000000e+00 -1.000000e+00
    outer loop
      vertex   6.631002e+01 7.097951e+00 1.580000e+01
      vertex   6.270497e+01 1.503152e+01 1.580000e+01
      vertex   6.729278e+01 7.684305e+00 1.580000e+01
    endloop
  endfacet
  facet normal 0.000000e+00 0.000000e+00 -1.000000e+00
    outer loop
      vertex   6.729278e+01 7.684305e+00 1.580000e+01
      vertex   6.270497e+01 1.503152e+01 1.580000e+01
      vertex   6.307298e+01 1.531637e+01 1.580000e+01
    endloop
  endfacet
  facet normal 0.000000e+00 0.000000e+00 -1.000000e+00
    outer loop
      vertex   6.729278e+01 7.684305e+00 1.580000e+01
      vertex   6.307298e+01 1.531637e+01 1.580000e+01
      vertex   6.832231e+01 8.184005e+00 1.580000e+01
    endloop
  endfacet
  facet normal 0.000000e+00 0.000000e+00 -1.000000e+00
    outer loop
      vertex   6.832231e+01 8.184005e+00 1.580000e+01
      vertex   6.307298e+01 1.531637e+01 1.580000e+01
      vertex   6.337611e+01 1.566948e+01 1.580000e+01
    endloop
  endfacet
  facet normal 0.000000e+00 0.000000e+00 -1.000000e+00
    outer loop
      vertex   6.832231e+01 8.184005e+00 1.580000e+01
      vertex   6.337611e+01 1.566948e+01 1.580000e+01
      vertex   6.939098e+01 8.593351e+00 1.580000e+01
    endloop
  endfacet
  facet normal 0.000000e+00 0.000000e+00 -1.000000e+00
    outer loop
      vertex   6.939098e+01 8.593351e+00 1.580000e+01
      vertex   6.337611e+01 1.566948e+01 1.580000e+01
      vertex   6.360196e+01 1.607638e+01 1.580000e+01
    endloop
  endfacet
  facet normal 0.000000e+00 0.000000e+00 -1.000000e+00
    outer loop
      vertex   6.939098e+01 8.593351e+00 1.580000e+01
      vertex   6.360196e+01 1.607638e+01 1.580000e+01
      vertex   7.049089e+01 8.909314e+00 1.580000e+01
    endloop
  endfacet
  facet normal 0.000000e+00 0.000000e+00 -1.000000e+00
    outer loop
      vertex   7.049089e+01 8.909314e+00 1.580000e+01
      vertex   6.360196e+01 1.607638e+01 1.580000e+01
      vertex   6.374128e+01 1.652041e+01 1.580000e+01
    endloop
  endfacet
  facet normal 0.000000e+00 0.000000e+00 -1.000000e+00
    outer loop
      vertex   7.049089e+01 8.909314e+00 1.580000e+01
      vertex   6.374128e+01 1.652041e+01 1.580000e+01
      vertex   7.161389e+01 9.129554e+00 1.580000e+01
    endloop
  endfacet
  facet normal 0.000000e+00 0.000000e+00 -1.000000e+00
    outer loop
      vertex   7.161389e+01 9.129554e+00 1.580000e+01
      vertex   6.374128e+01 1.652041e+01 1.580000e+01
      vertex   6.378836e+01 1.698340e+01 1.580000e+01
    endloop
  endfacet
  facet normal -0.000000e+00 0.000000e+00 -1.000000e+00
    outer loop
      vertex   9.873213e+01 -1.520512e+01 1.580000e+01
      vertex   9.801824e+01 -1.668753e+01 1.580000e+01
      vertex   8.569690e+01 -9.568533e+00 1.580000e+01
    endloop
  endfacet
  facet normal 0.000000e+00 -0.000000e+00 -1.000000e+00
    outer loop
      vertex   8.569690e+01 -9.568533e+00 1.580000e+01
      vertex   9.801824e+01 -1.668753e+01 1.580000e+01
      vertex   8.517517e+01 -1.058707e+01 1.580000e+01
    endloop
  endfacet
  facet normal 0.000000e+00 0.000000e+00 -1.000000e+00
    outer loop
      vertex   8.517517e+01 -1.058707e+01 1.580000e+01
      vertex   9.801824e+01 -1.668753e+01 1.580000e+01
      vertex   9.721697e+01 -1.812459e+01 1.580000e+01
    endloop
  endfacet
  facet normal 0.000000e+00 -0.000000e+00 -1.000000e+00
    outer loop
      vertex   8.517517e+01 -1.058707e+01 1.580000e+01
      vertex   9.721697e+01 -1.812459e+01 1.580000e+01
      vertex   8.456780e+01 -1.155699e+01 1.580000e+01
    endloop
  endfacet
  facet normal 0.000000e+00 0.000000e+00 -1.000000e+00
    outer loop
      vertex   8.456780e+01 -1.155699e+01 1.580000e+01
      vertex   9.721697e+01 -1.812459e+01 1.580000e+01
      vertex   9.633119e+01 -1.951116e+01 1.580000e+01
    endloop
  endfacet
  facet normal 0.000000e+00 0.000000e+00 -1.000000e+00
    outer loop
      vertex   8.456780e+01 -1.155699e+01 1.580000e+01
      vertex   9.633119e+01 -1.951116e+01 1.580000e+01
      vertex   9.536408e+01 -2.084228e+01 1.580000e+01
    endloop
  endfacet
  facet normal -0.000000e+00 0.000000e+00 -1.000000e+00
    outer loop
      vertex   7.389579e+01 -1.731678e+01 1.580000e+01
      vertex   7.237585e+01 -3.149217e+01 1.580000e+01
      vertex   7.275167e+01 -1.729216e+01 1.580000e+01
    endloop
  endfacet
  facet normal 0.000000e+00 0.000000e+00 -1.000000e+00
    outer loop
      vertex   7.275167e+01 -1.729216e+01 1.580000e+01
      vertex   7.237585e+01 -3.149217e+01 1.580000e+01
      vertex   7.073510e+01 -3.136921e+01 1.580000e+01
    endloop
  endfacet
  facet normal -0.000000e+00 0.000000e+00 -1.000000e+00
    outer loop
      vertex   7.275167e+01 -1.729216e+01 1.580000e+01
      vertex   7.073510e+01 -3.136921e+01 1.580000e+01
      vertex   7.161389e+01 -1.716927e+01 1.580000e+01
    endloop
  endfacet
  facet normal 0.000000e+00 0.000000e+00 -1.000000e+00
    outer loop
      vertex   7.161389e+01 -1.716927e+01 1.580000e+01
      vertex   7.073510e+01 -3.136921e+01 1.580000e+01
      vertex   6.910464e+01 -3.114835e+01 1.580000e+01
    endloop
  endfacet
  facet normal -0.000000e+00 0.000000e+00 -1.000000e+00
    outer loop
      vertex   6.298586e+01 -1.202146e+01 1.580000e+01
      vertex   5.136166e+01 -2.018395e+01 1.580000e+01
      vertex   6.233733e+01 -1.107857e+01 1.580000e+01
    endloop
  endfacet
  facet normal 0.000000e+00 0.000000e+00 -1.000000e+00
    outer loop
      vertex   6.233733e+01 -1.107857e+01 1.580000e+01
      vertex   5.136166e+01 -2.018395e+01 1.580000e+01
      vertex   5.043480e+01 -1.882450e+01 1.580000e+01
    endloop
  endfacet
  facet normal 0.000000e+00 0.000000e+00 -1.000000e+00
    outer loop
      vertex   6.233733e+01 -1.107857e+01 1.580000e+01
      vertex   5.043480e+01 -1.882450e+01 1.580000e+01
      vertex   4.959090e+01 -1.741205e+01 1.580000e+01
    endloop
  endfacet
  facet normal -0.000000e+00 0.000000e+00 -1.000000e+00
    outer loop
      vertex   6.233733e+01 -1.107857e+01 1.580000e+01
      vertex   4.959090e+01 -1.741205e+01 1.580000e+01
      vertex   6.177226e+01 -1.008342e+01 1.580000e+01
    endloop
  endfacet
  facet normal 0.000000e+00 0.000000e+00 -1.000000e+00
    outer loop
      vertex   6.177226e+01 -1.008342e+01 1.580000e+01
      vertex   4.959090e+01 -1.741205e+01 1.580000e+01
      vertex   4.883298e+01 -1.595166e+01 1.580000e+01
    endloop
  endfacet
  facet normal -0.000000e+00 0.000000e+00 -1.000000e+00
    outer loop
      vertex   6.177226e+01 -1.008342e+01 1.580000e+01
      vertex   4.883298e+01 -1.595166e+01 1.580000e+01
      vertex   6.129483e+01 -9.043374e+00 1.580000e+01
    endloop
  endfacet
  facet normal 0.000000e+00 0.000000e+00 -1.000000e+00
    outer loop
      vertex   6.129483e+01 -9.043374e+00 1.580000e+01
      vertex   4.883298e+01 -1.595166e+01 1.580000e+01
      vertex   4.816376e+01 -1.444856e+01 1.580000e+01
    endloop
  endfacet
  facet normal 0.000000e+00 0.000000e+00 -1.000000e+00
    outer loop
      vertex   4.816376e+01 6.408843e+00 1.580000e+01
      vertex   4.883298e+01 7.911945e+00 1.580000e+01
      vertex   6.129483e+01 1.003658e+00 1.580000e+01
    endloop
  endfacet
  facet normal 0.000000e+00 0.000000e+00 -1.000000e+00
    outer loop
      vertex   6.129483e+01 1.003658e+00 1.580000e+01
      vertex   4.883298e+01 7.911945e+00 1.580000e+01
      vertex   6.177226e+01 2.043701e+00 1.580000e+01
    endloop
  endfacet
  facet normal 0.000000e+00 0.000000e+00 -1.000000e+00
    outer loop
      vertex   6.177226e+01 2.043701e+00 1.580000e+01
      vertex   4.883298e+01 7.911945e+00 1.580000e+01
      vertex   4.959090e+01 9.372335e+00 1.580000e+01
    endloop
  endfacet
  facet normal 0.000000e+00 0.000000e+00 -1.000000e+00
    outer loop
      vertex   6.177226e+01 2.043701e+00 1.580000e+01
      vertex   4.959090e+01 9.372335e+00 1.580000e+01
      vertex   6.233733e+01 3.038852e+00 1.580000e+01
    endloop
  endfacet
  facet normal 0.000000e+00 0.000000e+00 -1.000000e+00
    outer loop
      vertex   6.233733e+01 3.038852e+00 1.580000e+01
      vertex   4.959090e+01 9.372335e+00 1.580000e+01
      vertex   5.043480e+01 1.078478e+01 1.580000e+01
    endloop
  endfacet
  facet normal 0.000000e+00 0.000000e+00 -1.000000e+00
    outer loop
      vertex   6.233733e+01 3.038852e+00 1.580000e+01
      vertex   5.043480e+01 1.078478e+01 1.580000e+01
      vertex   5.136166e+01 1.214424e+01 1.580000e+01
    endloop
  endfacet
  facet normal 0.000000e+00 0.000000e+00 -1.000000e+00
    outer loop
      vertex   6.233733e+01 3.038852e+00 1.580000e+01
      vertex   5.136166e+01 1.214424e+01 1.580000e+01
      vertex   6.298586e+01 3.981742e+00 1.580000e+01
    endloop
  endfacet
  facet normal 0.000000e+00 0.000000e+00 -1.000000e+00
    outer loop
      vertex   6.298586e+01 3.981742e+00 1.580000e+01
      vertex   5.136166e+01 1.214424e+01 1.580000e+01
      vertex   5.236816e+01 1.344583e+01 1.580000e+01
    endloop
  endfacet
  facet normal 0.000000e+00 0.000000e+00 -1.000000e+00
    outer loop
      vertex   8.387931e+01 4.431392e+00 1.580000e+01
      vertex   9.536408e+01 1.280256e+01 1.580000e+01
      vertex   8.456780e+01 3.517276e+00 1.580000e+01
    endloop
  endfacet
  facet normal 0.000000e+00 0.000000e+00 -1.000000e+00
    outer loop
      vertex   8.456780e+01 3.517276e+00 1.580000e+01
      vertex   9.536408e+01 1.280256e+01 1.580000e+01
      vertex   9.633119e+01 1.147144e+01 1.580000e+01
    endloop
  endfacet
  facet normal 0.000000e+00 0.000000e+00 -1.000000e+00
    outer loop
      vertex   8.456780e+01 3.517276e+00 1.580000e+01
      vertex   9.633119e+01 1.147144e+01 1.580000e+01
      vertex   9.721697e+01 1.008487e+01 1.580000e+01
    endloop
  endfacet
  facet normal 0.000000e+00 0.000000e+00 -1.000000e+00
    outer loop
      vertex   8.456780e+01 3.517276e+00 1.580000e+01
      vertex   9.721697e+01 1.008487e+01 1.580000e+01
      vertex   8.517517e+01 2.547357e+00 1.580000e+01
    endloop
  endfacet
  facet normal 0.000000e+00 0.000000e+00 -1.000000e+00
    outer loop
      vertex   8.517517e+01 2.547357e+00 1.580000e+01
      vertex   9.721697e+01 1.008487e+01 1.580000e+01
      vertex   9.801824e+01 8.647810e+00 1.580000e+01
    endloop
  endfacet
  facet normal 0.000000e+00 0.000000e+00 -1.000000e+00
    outer loop
      vertex   8.517517e+01 2.547357e+00 1.580000e+01
      vertex   9.801824e+01 8.647810e+00 1.580000e+01
      vertex   8.569690e+01 1.528817e+00 1.580000e+01
    endloop
  endfacet
  facet normal 0.000000e+00 0.000000e+00 -1.000000e+00
    outer loop
      vertex   8.569690e+01 1.528817e+00 1.580000e+01
      vertex   9.801824e+01 8.647810e+00 1.580000e+01
      vertex   9.873213e+01 7.165400e+00 1.580000e+01
    endloop
  endfacet
  facet normal 0.000000e+00 0.000000e+00 -1.000000e+00
    outer loop
      vertex   8.569690e+01 1.528817e+00 1.580000e+01
      vertex   9.873213e+01 7.165400e+00 1.580000e+01
      vertex   9.935609e+01 5.642950e+00 1.580000e+01
    endloop
  endfacet
  facet normal 0.000000e+00 0.000000e+00 -1.000000e+00
    outer loop
      vertex   8.387931e+01 -1.247111e+01 1.580000e+01
      vertex   8.456780e+01 -1.155699e+01 1.580000e+01
      vertex   9.536408e+01 -2.084228e+01 1.580000e+01
    endloop
  endfacet
  facet normal -9.177184e-01 -3.972316e-01 -0.000000e+00
    outer loop
      vertex   6.982677e+01 -5.319858e+00 1.860000e+01
      vertex   6.982677e+01 -5.319858e+00 1.580000e+01
      vertex   7.007277e+01 -5.888175e+00 1.860000e+01
    endloop
  endfacet
  facet normal -9.177184e-01 -3.972316e-01 -0.000000e+00
    outer loop
      vertex   7.007277e+01 -5.888175e+00 1.860000e+01
      vertex   6.982677e+01 -5.319858e+00 1.580000e+01
      vertex   7.007277e+01 -5.888175e+00 1.580000e+01
    endloop
  endfacet
  facet normal -8.454061e-01 -5.341241e-01 -0.000000e+00
    outer loop
      vertex   7.007277e+01 -5.888175e+00 1.860000e+01
      vertex   7.007277e+01 -5.888175e+00 1.580000e+01
      vertex   7.040353e+01 -6.411712e+00 1.860000e+01
    endloop
  endfacet
  facet normal -8.454061e-01 -5.341241e-01 -0.000000e+00
    outer loop
      vertex   7.040353e+01 -6.411712e+00 1.860000e+01
      vertex   7.007277e+01 -5.888175e+00 1.580000e+01
      vertex   7.040353e+01 -6.411712e+00 1.580000e+01
    endloop
  endfacet
  facet normal -7.528305e-01 -6.582144e-01 -0.000000e+00
    outer loop
      vertex   7.040353e+01 -6.411712e+00 1.860000e+01
      vertex   7.040353e+01 -6.411712e+00 1.580000e+01
      vertex   7.081115e+01 -6.877919e+00 1.860000e+01
    endloop
  endfacet
  facet normal -7.528305e-01 -6.582144e-01 -0.000000e+00
    outer loop
      vertex   7.081115e+01 -6.877919e+00 1.860000e+01
      vertex   7.040353e+01 -6.411712e+00 1.580000e+01
      vertex   7.081115e+01 -6.877919e+00 1.580000e+01
    endloop
  endfacet
  facet normal -6.422107e-01 -7.665282e-01 -0.000000e+00
    outer loop
      vertex   7.081115e+01 -6.877919e+00 1.860000e+01
      vertex   7.081115e+01 -6.877919e+00 1.580000e+01
      vertex   7.128584e+01 -7.275622e+00 1.860000e+01
    endloop
  endfacet
  facet normal -6.422107e-01 -7.665282e-01 -0.000000e+00
    outer loop
      vertex   7.128584e+01 -7.275622e+00 1.860000e+01
      vertex   7.081115e+01 -6.877919e+00 1.580000e+01
      vertex   7.128584e+01 -7.275622e+00 1.580000e+01
    endloop
  endfacet
  facet normal -5.161979e-01 -8.564693e-01 -0.000000e+00
    outer loop
      vertex   7.128584e+01 -7.275622e+00 1.860000e+01
      vertex   7.128584e+01 -7.275622e+00 1.580000e+01
      vertex   7.181623e+01 -7.595289e+00 1.860000e+01
    endloop
  endfacet
  facet normal -5.161979e-01 -8.564693e-01 -0.000000e+00
    outer loop
      vertex   7.181623e+01 -7.595289e+00 1.860000e+01
      vertex   7.128584e+01 -7.275622e+00 1.580000e+01
      vertex   7.181623e+01 -7.595289e+00 1.580000e+01
    endloop
  endfacet
  facet normal -3.778126e-01 -9.258821e-01 -0.000000e+00
    outer loop
      vertex   7.181623e+01 -7.595289e+00 1.860000e+01
      vertex   7.181623e+01 -7.595289e+00 1.580000e+01
      vertex   7.238960e+01 -7.829258e+00 1.860000e+01
    endloop
  endfacet
  facet normal -3.778126e-01 -9.258821e-01 -0.000000e+00
    outer loop
      vertex   7.238960e+01 -7.829258e+00 1.860000e+01
      vertex   7.181623e+01 -7.595289e+00 1.580000e+01
      vertex   7.238960e+01 -7.829258e+00 1.580000e+01
    endloop
  endfacet
  facet normal -2.303717e-01 -9.731027e-01 -0.000000e+00
    outer loop
      vertex   7.238960e+01 -7.829258e+00 1.860000e+01
      vertex   7.238960e+01 -7.829258e+00 1.580000e+01
      vertex   7.299221e+01 -7.971920e+00 1.860000e+01
    endloop
  endfacet
  facet normal -2.303717e-01 -9.731027e-01 -0.000000e+00
    outer loop
      vertex   7.299221e+01 -7.971920e+00 1.860000e+01
      vertex   7.238960e+01 -7.829258e+00 1.580000e+01
      vertex   7.299221e+01 -7.971920e+00 1.580000e+01
    endloop
  endfacet
  facet normal -7.740902e-02 -9.969994e-01 -0.000000e+00
    outer loop
      vertex   7.299221e+01 -7.971920e+00 1.860000e+01
      vertex   7.299221e+01 -7.971920e+00 1.580000e+01
      vertex   7.360963e+01 -8.019858e+00 1.860000e+01
    endloop
  endfacet
  facet normal -7.740902e-02 -9.969994e-01 -0.000000e+00
    outer loop
      vertex   7.360963e+01 -8.019858e+00 1.860000e+01
      vertex   7.299221e+01 -7.971920e+00 1.580000e+01
      vertex   7.360963e+01 -8.019858e+00 1.580000e+01
    endloop
  endfacet
  facet normal 7.740902e-02 -9.969994e-01 0.000000e+00
    outer loop
      vertex   7.360963e+01 -8.019858e+00 1.860000e+01
      vertex   7.360963e+01 -8.019858e+00 1.580000e+01
      vertex   7.422704e+01 -7.971920e+00 1.860000e+01
    endloop
  endfacet
  facet normal 7.740902e-02 -9.969994e-01 0.000000e+00
    outer loop
      vertex   7.422704e+01 -7.971920e+00 1.860000e+01
      vertex   7.360963e+01 -8.019858e+00 1.580000e+01
      vertex   7.422704e+01 -7.971920e+00 1.580000e+01
    endloop
  endfacet
  facet normal 2.303717e-01 -9.731027e-01 0.000000e+00
    outer loop
      vertex   7.422704e+01 -7.971920e+00 1.860000e+01
      vertex   7.422704e+01 -7.971920e+00 1.580000e+01
      vertex   7.482966e+01 -7.829258e+00 1.860000e+01
    endloop
  endfacet
  facet normal 2.303717e-01 -9.731027e-01 0.000000e+00
    outer loop
      vertex   7.482966e+01 -7.829258e+00 1.860000e+01
      vertex   7.422704e+01 -7.971920e+00 1.580000e+01
      vertex   7.482966e+01 -7.829258e+00 1.580000e+01
    endloop
  endfacet
  facet normal 3.778126e-01 -9.258821e-01 0.000000e+00
    outer loop
      vertex   7.482966e+01 -7.829258e+00 1.860000e+01
      vertex   7.482966e+01 -7.829258e+00 1.580000e+01
      vertex   7.540303e+01 -7.595289e+00 1.860000e+01
    endloop
  endfacet
  facet normal 3.778126e-01 -9.258821e-01 0.000000e+00
    outer loop
      vertex   7.540303e+01 -7.595289e+00 1.860000e+01
      vertex   7.482966e+01 -7.829258e+00 1.580000e+01
      vertex   7.540303e+01 -7.595289e+00 1.580000e+01
    endloop
  endfacet
  facet normal 5.161979e-01 -8.564693e-01 0.000000e+00
    outer loop
      vertex   7.540303e+01 -7.595289e+00 1.860000e+01
      vertex   7.540303e+01 -7.595289e+00 1.580000e+01
      vertex   7.593342e+01 -7.275622e+00 1.860000e+01
    endloop
  endfacet
  facet normal 5.161979e-01 -8.564693e-01 0.000000e+00
    outer loop
      vertex   7.593342e+01 -7.275622e+00 1.860000e+01
      vertex   7.540303e+01 -7.595289e+00 1.580000e+01
      vertex   7.593342e+01 -7.275622e+00 1.580000e+01
    endloop
  endfacet
  facet normal 6.422107e-01 -7.665282e-01 0.000000e+00
    outer loop
      vertex   7.593342e+01 -7.275622e+00 1.860000e+01
      vertex   7.593342e+01 -7.275622e+00 1.580000e+01
      vertex   7.640811e+01 -6.877919e+00 1.860000e+01
    endloop
  endfacet
  facet normal 6.422107e-01 -7.665282e-01 0.000000e+00
    outer loop
      vertex   7.640811e+01 -6.877919e+00 1.860000e+01
      vertex   7.593342e+01 -7.275622e+00 1.580000e+01
      vertex   7.640811e+01 -6.877919e+00 1.580000e+01
    endloop
  endfacet
  facet normal 7.528305e-01 -6.582144e-01 0.000000e+00
    outer loop
      vertex   7.640811e+01 -6.877919e+00 1.860000e+01
      vertex   7.640811e+01 -6.877919e+00 1.580000e+01
      vertex   7.681572e+01 -6.411712e+00 1.860000e+01
    endloop
  endfacet
  facet normal 7.528305e-01 -6.582144e-01 0.000000e+00
    outer loop
      vertex   7.681572e+01 -6.411712e+00 1.860000e+01
      vertex   7.640811e+01 -6.877919e+00 1.580000e+01
      vertex   7.681572e+01 -6.411712e+00 1.580000e+01
    endloop
  endfacet
  facet normal 8.454061e-01 -5.341241e-01 0.000000e+00
    outer loop
      vertex   7.681572e+01 -6.411712e+00 1.860000e+01
      vertex   7.681572e+01 -6.411712e+00 1.580000e+01
      vertex   7.714649e+01 -5.888175e+00 1.860000e+01
    endloop
  endfacet
  facet normal 8.454061e-01 -5.341241e-01 0.000000e+00
    outer loop
      vertex   7.714649e+01 -5.888175e+00 1.860000e+01
      vertex   7.681572e+01 -6.411712e+00 1.580000e+01
      vertex   7.714649e+01 -5.888175e+00 1.580000e+01
    endloop
  endfacet
  facet normal 9.177184e-01 -3.972316e-01 0.000000e+00
    outer loop
      vertex   7.714649e+01 -5.888175e+00 1.860000e+01
      vertex   7.714649e+01 -5.888175e+00 1.580000e+01
      vertex   7.739248e+01 -5.319858e+00 1.860000e+01
    endloop
  endfacet
  facet normal 9.177184e-01 -3.972316e-01 0.000000e+00
    outer loop
      vertex   7.739248e+01 -5.319858e+00 1.860000e+01
      vertex   7.714649e+01 -5.888175e+00 1.580000e+01
      vertex   7.739248e+01 -5.319858e+00 1.580000e+01
    endloop
  endfacet
  facet normal 1.173952e-16 1.000000e+00 -0.000000e+00
    outer loop
      vertex   7.739248e+01 -5.319858e+00 1.580000e+01
      vertex   6.982677e+01 -5.319858e+00 1.580000e+01
      vertex   7.739248e+01 -5.319858e+00 1.860000e+01
    endloop
  endfacet
  facet normal 1.173952e-16 1.000000e+00 0.000000e+00
    outer loop
      vertex   7.739248e+01 -5.319858e+00 1.860000e+01
      vertex   6.982677e+01 -5.319858e+00 1.580000e+01
      vertex   6.982677e+01 -5.319858e+00 1.860000e+01
    endloop
  endfacet
  facet normal 0.000000e+00 0.000000e+00 1.000000e+00
    outer loop
      vertex   7.739248e+01 -5.319858e+00 1.860000e+01
      vertex   6.982677e+01 -5.319858e+00 1.860000e+01
      vertex   7.714649e+01 -5.888175e+00 1.860000e+01
    endloop
  endfacet
  facet normal 0.000000e+00 0.000000e+00 1.000000e+00
    outer loop
      vertex   7.714649e+01 -5.888175e+00 1.860000e+01
      vertex   6.982677e+01 -5.319858e+00 1.860000e+01
      vertex   7.007277e+01 -5.888175e+00 1.860000e+01
    endloop
  endfacet
  facet normal 0.000000e+00 0.000000e+00 1.000000e+00
    outer loop
      vertex   7.714649e+01 -5.888175e+00 1.860000e+01
      vertex   7.007277e+01 -5.888175e+00 1.860000e+01
      vertex   7.681572e+01 -6.411712e+00 1.860000e+01
    endloop
  endfacet
  facet normal 0.000000e+00 0.000000e+00 1.000000e+00
    outer loop
      vertex   7.681572e+01 -6.411712e+00 1.860000e+01
      vertex   7.007277e+01 -5.888175e+00 1.860000e+01
      vertex   7.040353e+01 -6.411712e+00 1.860000e+01
    endloop
  endfacet
  facet normal 0.000000e+00 0.000000e+00 1.000000e+00
    outer loop
      vertex   7.681572e+01 -6.411712e+00 1.860000e+01
      vertex   7.040353e+01 -6.411712e+00 1.860000e+01
      vertex   7.640811e+01 -6.877919e+00 1.860000e+01
    endloop
  endfacet
  facet normal 0.000000e+00 0.000000e+00 1.000000e+00
    outer loop
      vertex   7.640811e+01 -6.877919e+00 1.860000e+01
      vertex   7.040353e+01 -6.411712e+00 1.860000e+01
      vertex   7.081115e+01 -6.877919e+00 1.860000e+01
    endloop
  endfacet
  facet normal 0.000000e+00 0.000000e+00 1.000000e+00
    outer loop
      vertex   7.640811e+01 -6.877919e+00 1.860000e+01
      vertex   7.081115e+01 -6.877919e+00 1.860000e+01
      vertex   7.593342e+01 -7.275622e+00 1.860000e+01
    endloop
  endfacet
  facet normal 0.000000e+00 0.000000e+00 1.000000e+00
    outer loop
      vertex   7.593342e+01 -7.275622e+00 1.860000e+01
      vertex   7.081115e+01 -6.877919e+00 1.860000e+01
      vertex   7.128584e+01 -7.275622e+00 1.860000e+01
    endloop
  endfacet
  facet normal 0.000000e+00 0.000000e+00 1.000000e+00
    outer loop
      vertex   7.593342e+01 -7.275622e+00 1.860000e+01
      vertex   7.128584e+01 -7.275622e+00 1.860000e+01
      vertex   7.540303e+01 -7.595289e+00 1.860000e+01
    endloop
  endfacet
  facet normal 0.000000e+00 0.000000e+00 1.000000e+00
    outer loop
      vertex   7.540303e+01 -7.595289e+00 1.860000e+01
      vertex   7.128584e+01 -7.275622e+00 1.860000e+01
      vertex   7.181623e+01 -7.595289e+00 1.860000e+01
    endloop
  endfacet
  facet normal 0.000000e+00 0.000000e+00 1.000000e+00
    outer loop
      vertex   7.540303e+01 -7.595289e+00 1.860000e+01
      vertex   7.181623e+01 -7.595289e+00 1.860000e+01
      vertex   7.482966e+01 -7.829258e+00 1.860000e+01
    endloop
  endfacet
  facet normal 0.000000e+00 0.000000e+00 1.000000e+00
    outer loop
      vertex   7.482966e+01 -7.829258e+00 1.860000e+01
      vertex   7.181623e+01 -7.595289e+00 1.860000e+01
      vertex   7.238960e+01 -7.829258e+00 1.860000e+01
    endloop
  endfacet
  facet normal 0.000000e+00 0.000000e+00 1.000000e+00
    outer loop
      vertex   7.482966e+01 -7.829258e+00 1.860000e+01
      vertex   7.238960e+01 -7.829258e+00 1.860000e+01
      vertex   7.422704e+01 -7.971920e+00 1.860000e+01
    endloop
  endfacet
  facet normal 0.000000e+00 0.000000e+00 1.000000e+00
    outer loop
      vertex   7.422704e+01 -7.971920e+00 1.860000e+01
      vertex   7.238960e+01 -7.829258e+00 1.860000e+01
      vertex   7.299221e+01 -7.971920e+00 1.860000e+01
    endloop
  endfacet
  facet normal 0.000000e+00 0.000000e+00 1.000000e+00
    outer loop
      vertex   7.422704e+01 -7.971920e+00 1.860000e+01
      vertex   7.299221e+01 -7.971920e+00 1.860000e+01
      vertex   7.360963e+01 -8.019858e+00 1.860000e+01
    endloop
  endfacet
  facet normal 0.000000e+00 -1.000000e+00 0.000000e+00
    outer loop
      vertex   6.982677e+01 -2.719858e+00 1.580000e+01
      vertex   7.739248e+01 -2.719858e+00 1.580000e+01
      vertex   6.982677e+01 -2.719858e+00 1.860000e+01
    endloop
  endfacet
  facet normal 0.000000e+00 -1.000000e+00 0.000000e+00
    outer loop
      vertex   6.982677e+01 -2.719858e+00 1.860000e+01
      vertex   7.739248e+01 -2.719858e+00 1.580000e+01
      vertex   7.739248e+01 -2.719858e+00 1.860000e+01
    endloop
  endfacet
  facet normal 9.177184e-01 3.972316e-01 0.000000e+00
    outer loop
      vertex   7.739248e+01 -2.719858e+00 1.860000e+01
      vertex   7.739248e+01 -2.719858e+00 1.580000e+01
      vertex   7.714649e+01 -2.151540e+00 1.860000e+01
    endloop
  endfacet
  facet normal 9.177184e-01 3.972316e-01 0.000000e+00
    outer loop
      vertex   7.714649e+01 -2.151540e+00 1.860000e+01
      vertex   7.739248e+01 -2.719858e+00 1.580000e+01
      vertex   7.714649e+01 -2.151540e+00 1.580000e+01
    endloop
  endfacet
  facet normal 8.454061e-01 5.341241e-01 0.000000e+00
    outer loop
      vertex   7.714649e+01 -2.151540e+00 1.860000e+01
      vertex   7.714649e+01 -2.151540e+00 1.580000e+01
      vertex   7.681572e+01 -1.628004e+00 1.860000e+01
    endloop
  endfacet
  facet normal 8.454061e-01 5.341241e-01 0.000000e+00
    outer loop
      vertex   7.681572e+01 -1.628004e+00 1.860000e+01
      vertex   7.714649e+01 -2.151540e+00 1.580000e+01
      vertex   7.681572e+01 -1.628004e+00 1.580000e+01
    endloop
  endfacet
  facet normal 7.528305e-01 6.582144e-01 0.000000e+00
    outer loop
      vertex   7.681572e+01 -1.628004e+00 1.860000e+01
      vertex   7.681572e+01 -1.628004e+00 1.580000e+01
      vertex   7.640811e+01 -1.161797e+00 1.860000e+01
    endloop
  endfacet
  facet normal 7.528305e-01 6.582144e-01 0.000000e+00
    outer loop
      vertex   7.640811e+01 -1.161797e+00 1.860000e+01
      vertex   7.681572e+01 -1.628004e+00 1.580000e+01
      vertex   7.640811e+01 -1.161797e+00 1.580000e+01
    endloop
  endfacet
  facet normal 6.422107e-01 7.665282e-01 0.000000e+00
    outer loop
      vertex   7.640811e+01 -1.161797e+00 1.860000e+01
      vertex   7.640811e+01 -1.161797e+00 1.580000e+01
      vertex   7.593342e+01 -7.640936e-01 1.860000e+01
    endloop
  endfacet
  facet normal 6.422107e-01 7.665282e-01 0.000000e+00
    outer loop
      vertex   7.593342e+01 -7.640936e-01 1.860000e+01
      vertex   7.640811e+01 -1.161797e+00 1.580000e+01
      vertex   7.593342e+01 -7.640936e-01 1.580000e+01
    endloop
  endfacet
  facet normal 5.161979e-01 8.564693e-01 0.000000e+00
    outer loop
      vertex   7.593342e+01 -7.640936e-01 1.860000e+01
      vertex   7.593342e+01 -7.640936e-01 1.580000e+01
      vertex   7.540303e+01 -4.444266e-01 1.860000e+01
    endloop
  endfacet
  facet normal 5.161979e-01 8.564693e-01 0.000000e+00
    outer loop
      vertex   7.540303e+01 -4.444266e-01 1.860000e+01
      vertex   7.593342e+01 -7.640936e-01 1.580000e+01
      vertex   7.540303e+01 -4.444266e-01 1.580000e+01
    endloop
  endfacet
  facet normal 3.778126e-01 9.258821e-01 0.000000e+00
    outer loop
      vertex   7.540303e+01 -4.444266e-01 1.860000e+01
      vertex   7.540303e+01 -4.444266e-01 1.580000e+01
      vertex   7.482966e+01 -2.104577e-01 1.860000e+01
    endloop
  endfacet
  facet normal 3.778126e-01 9.258821e-01 0.000000e+00
    outer loop
      vertex   7.482966e+01 -2.104577e-01 1.860000e+01
      vertex   7.540303e+01 -4.444266e-01 1.580000e+01
      vertex   7.482966e+01 -2.104577e-01 1.580000e+01
    endloop
  endfacet
  facet normal 2.303717e-01 9.731027e-01 0.000000e+00
    outer loop
      vertex   7.482966e+01 -2.104577e-01 1.860000e+01
      vertex   7.482966e+01 -2.104577e-01 1.580000e+01
      vertex   7.422704e+01 -6.779496e-02 1.860000e+01
    endloop
  endfacet
  facet normal 2.303717e-01 9.731027e-01 0.000000e+00
    outer loop
      vertex   7.422704e+01 -6.779496e-02 1.860000e+01
      vertex   7.482966e+01 -2.104577e-01 1.580000e+01
      vertex   7.422704e+01 -6.779496e-02 1.580000e+01
    endloop
  endfacet
  facet normal 7.740902e-02 9.969994e-01 0.000000e+00
    outer loop
      vertex   7.422704e+01 -6.779496e-02 1.860000e+01
      vertex   7.422704e+01 -6.779496e-02 1.580000e+01
      vertex   7.360963e+01 -1.985771e-02 1.860000e+01
    endloop
  endfacet
  facet normal 7.740902e-02 9.969994e-01 0.000000e+00
    outer loop
      vertex   7.360963e+01 -1.985771e-02 1.860000e+01
      vertex   7.422704e+01 -6.779496e-02 1.580000e+01
      vertex   7.360963e+01 -1.985771e-02 1.580000e+01
    endloop
  endfacet
  facet normal -7.740902e-02 9.969994e-01 0.000000e+00
    outer loop
      vertex   7.360963e+01 -1.985771e-02 1.860000e+01
      vertex   7.360963e+01 -1.985771e-02 1.580000e+01
      vertex   7.299221e+01 -6.779496e-02 1.860000e+01
    endloop
  endfacet
  facet normal -7.740902e-02 9.969994e-01 0.000000e+00
    outer loop
      vertex   7.299221e+01 -6.779496e-02 1.860000e+01
      vertex   7.360963e+01 -1.985771e-02 1.580000e+01
      vertex   7.299221e+01 -6.779496e-02 1.580000e+01
    endloop
  endfacet
  facet normal -2.303717e-01 9.731027e-01 0.000000e+00
    outer loop
      vertex   7.299221e+01 -6.779496e-02 1.860000e+01
      vertex   7.299221e+01 -6.779496e-02 1.580000e+01
      vertex   7.238960e+01 -2.104577e-01 1.860000e+01
    endloop
  endfacet
  facet normal -2.303717e-01 9.731027e-01 0.000000e+00
    outer loop
      vertex   7.238960e+01 -2.104577e-01 1.860000e+01
      vertex   7.299221e+01 -6.779496e-02 1.580000e+01
      vertex   7.238960e+01 -2.104577e-01 1.580000e+01
    endloop
  endfacet
  facet normal -3.778126e-01 9.258821e-01 0.000000e+00
    outer loop
      vertex   7.238960e+01 -2.104577e-01 1.860000e+01
      vertex   7.238960e+01 -2.104577e-01 1.580000e+01
      vertex   7.181623e+01 -4.444266e-01 1.860000e+01
    endloop
  endfacet
  facet normal -3.778126e-01 9.258821e-01 0.000000e+00
    outer loop
      vertex   7.181623e+01 -4.444266e-01 1.860000e+01
      vertex   7.238960e+01 -2.104577e-01 1.580000e+01
      vertex   7.181623e+01 -4.444266e-01 1.580000e+01
    endloop
  endfacet
  facet normal -5.161979e-01 8.564693e-01 0.000000e+00
    outer loop
      vertex   7.181623e+01 -4.444266e-01 1.860000e+01
      vertex   7.181623e+01 -4.444266e-01 1.580000e+01
      vertex   7.128584e+01 -7.640936e-01 1.860000e+01
    endloop
  endfacet
  facet normal -5.161979e-01 8.564693e-01 0.000000e+00
    outer loop
      vertex   7.128584e+01 -7.640936e-01 1.860000e+01
      vertex   7.181623e+01 -4.444266e-01 1.580000e+01
      vertex   7.128584e+01 -7.640936e-01 1.580000e+01
    endloop
  endfacet
  facet normal -6.422107e-01 7.665282e-01 0.000000e+00
    outer loop
      vertex   7.128584e+01 -7.640936e-01 1.860000e+01
      vertex   7.128584e+01 -7.640936e-01 1.580000e+01
      vertex   7.081115e+01 -1.161797e+00 1.860000e+01
    endloop
  endfacet
  facet normal -6.422107e-01 7.665282e-01 0.000000e+00
    outer loop
      vertex   7.081115e+01 -1.161797e+00 1.860000e+01
      vertex   7.128584e+01 -7.640936e-01 1.580000e+01
      vertex   7.081115e+01 -1.161797e+00 1.580000e+01
    endloop
  endfacet
  facet normal -7.528305e-01 6.582144e-01 0.000000e+00
    outer loop
      vertex   7.081115e+01 -1.161797e+00 1.860000e+01
      vertex   7.081115e+01 -1.161797e+00 1.580000e+01
      vertex   7.040353e+01 -1.628004e+00 1.860000e+01
    endloop
  endfacet
  facet normal -7.528305e-01 6.582144e-01 0.000000e+00
    outer loop
      vertex   7.040353e+01 -1.628004e+00 1.860000e+01
      vertex   7.081115e+01 -1.161797e+00 1.580000e+01
      vertex   7.040353e+01 -1.628004e+00 1.580000e+01
    endloop
  endfacet
  facet normal -8.454061e-01 5.341241e-01 0.000000e+00
    outer loop
      vertex   7.040353e+01 -1.628004e+00 1.860000e+01
      vertex   7.040353e+01 -1.628004e+00 1.580000e+01
      vertex   7.007277e+01 -2.151540e+00 1.860000e+01
    endloop
  endfacet
  facet normal -8.454061e-01 5.341241e-01 0.000000e+00
    outer loop
      vertex   7.007277e+01 -2.151540e+00 1.860000e+01
      vertex   7.040353e+01 -1.628004e+00 1.580000e+01
      vertex   7.007277e+01 -2.151540e+00 1.580000e+01
    endloop
  endfacet
  facet normal -9.177184e-01 3.972316e-01 0.000000e+00
    outer loop
      vertex   7.007277e+01 -2.151540e+00 1.860000e+01
      vertex   7.007277e+01 -2.151540e+00 1.580000e+01
      vertex   6.982677e+01 -2.719858e+00 1.860000e+01
    endloop
  endfacet
  facet normal -9.177184e-01 3.972316e-01 0.000000e+00
    outer loop
      vertex   6.982677e+01 -2.719858e+00 1.860000e+01
      vertex   7.007277e+01 -2.151540e+00 1.580000e+01
      vertex   6.982677e+01 -2.719858e+00 1.580000e+01
    endloop
  endfacet
  facet normal 0.000000e+00 0.000000e+00 1.000000e+00
    outer loop
      vertex   6.982677e+01 -2.719858e+00 1.860000e+01
      vertex   7.739248e+01 -2.719858e+00 1.860000e+01
      vertex   7.007277e+01 -2.151540e+00 1.860000e+01
    endloop
  endfacet
  facet normal -0.000000e+00 0.000000e+00 1.000000e+00
    outer loop
      vertex   7.007277e+01 -2.151540e+00 1.860000e+01
      vertex   7.739248e+01 -2.719858e+00 1.860000e+01
      vertex   7.714649e+01 -2.151540e+00 1.860000e+01
    endloop
  endfacet
  facet normal 0.000000e+00 0.000000e+00 1.000000e+00
    outer loop
      vertex   7.007277e+01 -2.151540e+00 1.860000e+01
      vertex   7.714649e+01 -2.151540e+00 1.860000e+01
      vertex   7.040353e+01 -1.628004e+00 1.860000e+01
    endloop
  endfacet
  facet normal -0.000000e+00 0.000000e+00 1.000000e+00
    outer loop
      vertex   7.040353e+01 -1.628004e+00 1.860000e+01
      vertex   7.714649e+01 -2.151540e+00 1.860000e+01
      vertex   7.681572e+01 -1.628004e+00 1.860000e+01
    endloop
  endfacet
  facet normal 0.000000e+00 0.000000e+00 1.000000e+00
    outer loop
      vertex   7.040353e+01 -1.628004e+00 1.860000e+01
      vertex   7.681572e+01 -1.628004e+00 1.860000e+01
      vertex   7.081115e+01 -1.161797e+00 1.860000e+01
    endloop
  endfacet
  facet normal -0.000000e+00 0.000000e+00 1.000000e+00
    outer loop
      vertex   7.081115e+01 -1.161797e+00 1.860000e+01
      vertex   7.681572e+01 -1.628004e+00 1.860000e+01
      vertex   7.640811e+01 -1.161797e+00 1.860000e+01
    endloop
  endfacet
  facet normal 0.000000e+00 0.000000e+00 1.000000e+00
    outer loop
      vertex   7.081115e+01 -1.161797e+00 1.860000e+01
      vertex   7.640811e+01 -1.161797e+00 1.860000e+01
      vertex   7.128584e+01 -7.640936e-01 1.860000e+01
    endloop
  endfacet
  facet normal -0.000000e+00 0.000000e+00 1.000000e+00
    outer loop
      vertex   7.128584e+01 -7.640936e-01 1.860000e+01
      vertex   7.640811e+01 -1.161797e+00 1.860000e+01
      vertex   7.593342e+01 -7.640936e-01 1.860000e+01
    endloop
  endfacet
  facet normal 0.000000e+00 0.000000e+00 1.000000e+00
    outer loop
      vertex   7.128584e+01 -7.640936e-01 1.860000e+01
      vertex   7.593342e+01 -7.640936e-01 1.860000e+01
      vertex   7.181623e+01 -4.444266e-01 1.860000e+01
    endloop
  endfacet
  facet normal -0.000000e+00 0.000000e+00 1.000000e+00
    outer loop
      vertex   7.181623e+01 -4.444266e-01 1.860000e+01
      vertex   7.593342e+01 -7.640936e-01 1.860000e+01
      vertex   7.540303e+01 -4.444266e-01 1.860000e+01
    endloop
  endfacet
  facet normal 0.000000e+00 0.000000e+00 1.000000e+00
    outer loop
      vertex   7.181623e+01 -4.444266e-01 1.860000e+01
      vertex   7.540303e+01 -4.444266e-01 1.860000e+01
      vertex   7.238960e+01 -2.104577e-01 1.860000e+01
    endloop
  endfacet
  facet normal -0.000000e+00 0.000000e+00 1.000000e+00
    outer loop
      vertex   7.238960e+01 -2.104577e-01 1.860000e+01
      vertex   7.540303e+01 -4.444266e-01 1.860000e+01
      vertex   7.482966e+01 -2.104577e-01 1.860000e+01
    endloop
  endfacet
  facet normal 0.000000e+00 0.000000e+00 1.000000e+00
    outer loop
      vertex   7.238960e+01 -2.104577e-01 1.860000e+01
      vertex   7.482966e+01 -2.104577e-01 1.860000e+01
      vertex   7.299221e+01 -6.779496e-02 1.860000e+01
    endloop
  endfacet
  facet normal -0.000000e+00 0.000000e+00 1.000000e+00
    outer loop
      vertex   7.299221e+01 -6.779496e-02 1.860000e+01
      vertex   7.482966e+01 -2.104577e-01 1.860000e+01
      vertex   7.422704e+01 -6.779496e-02 1.860000e+01
    endloop
  endfacet
  facet normal 0.000000e+00 0.000000e+00 1.000000e+00
    outer loop
      vertex   7.299221e+01 -6.779496e-02 1.860000e+01
      vertex   7.422704e+01 -6.779496e-02 1.860000e+01
      vertex   7.360963e+01 -1.985771e-02 1.860000e+01
    endloop
  endfacet
endsolid
