solid ASCII
  facet normal 0.000000e+00 0.000000e+00 1.000000e+00
    outer loop
      vertex   -1.200000e+01 -2.900000e+01 -4.310000e+01
      vertex   -1.000000e+01 3.500000e+00 -4.310000e+01
      vertex   -1.200000e+01 1.300000e+01 -4.310000e+01
    endloop
  endfacet
  facet normal 0.000000e+00 0.000000e+00 1.000000e+00
    outer loop
      vertex   -1.200000e+01 1.300000e+01 -4.310000e+01
      vertex   -1.000000e+01 3.500000e+00 -4.310000e+01
      vertex   1.000000e+01 3.500000e+00 -4.310000e+01
    endloop
  endfacet
  facet normal -0.000000e+00 0.000000e+00 1.000000e+00
    outer loop
      vertex   -1.200000e+01 1.300000e+01 -4.310000e+01
      vertex   1.000000e+01 3.500000e+00 -4.310000e+01
      vertex   2.250000e+01 1.300000e+01 -4.310000e+01
    endloop
  endfacet
  facet normal 0.000000e+00 0.000000e+00 1.000000e+00
    outer loop
      vertex   2.250000e+01 1.300000e+01 -4.310000e+01
      vertex   1.000000e+01 3.500000e+00 -4.310000e+01
      vertex   1.000000e+01 -1.950000e+01 -4.310000e+01
    endloop
  endfacet
  facet normal 0.000000e+00 0.000000e+00 1.000000e+00
    outer loop
      vertex   2.250000e+01 1.300000e+01 -4.310000e+01
      vertex   1.000000e+01 -1.950000e+01 -4.310000e+01
      vertex   2.250000e+01 -2.900000e+01 -4.310000e+01
    endloop
  endfacet
  facet normal 0.000000e+00 0.000000e+00 1.000000e+00
    outer loop
      vertex   2.250000e+01 -2.900000e+01 -4.310000e+01
      vertex   1.000000e+01 -1.950000e+01 -4.310000e+01
      vertex   -1.200000e+01 -2.900000e+01 -4.310000e+01
    endloop
  endfacet
  facet normal 0.000000e+00 0.000000e+00 1.000000e+00
    outer loop
      vertex   -1.200000e+01 -2.900000e+01 -4.310000e+01
      vertex   1.000000e+01 -1.950000e+01 -4.310000e+01
      vertex   -1.000000e+01 -1.950000e+01 -4.310000e+01
    endloop
  endfacet
  facet normal 0.000000e+00 0.000000e+00 1.000000e+00
    outer loop
      vertex   -1.200000e+01 -2.900000e+01 -4.310000e+01
      vertex   -1.000000e+01 -1.950000e+01 -4.310000e+01
      vertex   -1.000000e+01 3.500000e+00 -4.310000e+01
    endloop
  endfacet
  facet normal 0.000000e+00 -1.305262e-01 9.914449e-01
    outer loop
      vertex   -1.200000e+01 -2.925882e+01 -4.313407e+01
      vertex   -7.071429e+00 -2.925882e+01 -4.313407e+01
      vertex   -1.200000e+01 -2.900000e+01 -4.310000e+01
    endloop
  endfacet
  facet normal 0.000000e+00 -1.305262e-01 9.914449e-01
    outer loop
      vertex   -1.200000e+01 -2.900000e+01 -4.310000e+01
      vertex   -7.071429e+00 -2.925882e+01 -4.313407e+01
      vertex   -2.142857e+00 -2.925882e+01 -4.313407e+01
    endloop
  endfacet
  facet normal 0.000000e+00 -1.305262e-01 9.914449e-01
    outer loop
      vertex   -1.200000e+01 -2.900000e+01 -4.310000e+01
      vertex   -2.142857e+00 -2.925882e+01 -4.313407e+01
      vertex   2.785715e+00 -2.925882e+01 -4.313407e+01
    endloop
  endfacet
  facet normal 0.000000e+00 -3.826834e-01 9.238795e-01
    outer loop
      vertex   2.785715e+00 -2.925882e+01 -4.313407e+01
      vertex   -2.142857e+00 -2.925882e+01 -4.313407e+01
      vertex   2.785715e+00 -2.950000e+01 -4.323397e+01
    endloop
  endfacet
  facet normal -2.750500e-16 -3.826834e-01 9.238795e-01
    outer loop
      vertex   2.785715e+00 -2.925882e+01 -4.313407e+01
      vertex   2.785715e+00 -2.950000e+01 -4.323397e+01
      vertex   7.714286e+00 -2.950000e+01 -4.323397e+01
    endloop
  endfacet
  facet normal -4.388199e-16 -6.087614e-01 7.933533e-01
    outer loop
      vertex   7.714286e+00 -2.950000e+01 -4.323397e+01
      vertex   2.785715e+00 -2.950000e+01 -4.323397e+01
      vertex   7.714286e+00 -2.970711e+01 -4.339289e+01
    endloop
  endfacet
  facet normal 0.000000e+00 -6.087614e-01 7.933533e-01
    outer loop
      vertex   7.714286e+00 -2.950000e+01 -4.323397e+01
      vertex   7.714286e+00 -2.970711e+01 -4.339289e+01
      vertex   1.264286e+01 -2.970711e+01 -4.339289e+01
    endloop
  endfacet
  facet normal 0.000000e+00 -7.933533e-01 6.087614e-01
    outer loop
      vertex   1.264286e+01 -2.970711e+01 -4.339289e+01
      vertex   7.714286e+00 -2.970711e+01 -4.339289e+01
      vertex   1.264286e+01 -2.986603e+01 -4.360000e+01
    endloop
  endfacet
  facet normal 0.000000e+00 -7.933533e-01 6.087614e-01
    outer loop
      vertex   1.264286e+01 -2.970711e+01 -4.339289e+01
      vertex   1.264286e+01 -2.986603e+01 -4.360000e+01
      vertex   1.757143e+01 -2.986603e+01 -4.360000e+01
    endloop
  endfacet
  facet normal 0.000000e+00 -9.238795e-01 3.826834e-01
    outer loop
      vertex   1.757143e+01 -2.986603e+01 -4.360000e+01
      vertex   1.264286e+01 -2.986603e+01 -4.360000e+01
      vertex   1.757143e+01 -2.996593e+01 -4.384118e+01
    endloop
  endfacet
  facet normal 0.000000e+00 -9.238795e-01 3.826834e-01
    outer loop
      vertex   1.757143e+01 -2.986603e+01 -4.360000e+01
      vertex   1.757143e+01 -2.996593e+01 -4.384118e+01
      vertex   2.250000e+01 -2.996593e+01 -4.384118e+01
    endloop
  endfacet
  facet normal 0.000000e+00 -9.914449e-01 1.305262e-01
    outer loop
      vertex   2.250000e+01 -2.996593e+01 -4.384118e+01
      vertex   1.757143e+01 -2.996593e+01 -4.384118e+01
      vertex   2.250000e+01 -3.000000e+01 -4.410000e+01
    endloop
  endfacet
  facet normal 0.000000e+00 -9.914449e-01 1.305262e-01
    outer loop
      vertex   2.250000e+01 -3.000000e+01 -4.410000e+01
      vertex   1.757143e+01 -2.996593e+01 -4.384118e+01
      vertex   1.264286e+01 -2.996593e+01 -4.384118e+01
    endloop
  endfacet
  facet normal 0.000000e+00 -9.914449e-01 1.305262e-01
    outer loop
      vertex   2.250000e+01 -3.000000e+01 -4.410000e+01
      vertex   1.264286e+01 -2.996593e+01 -4.384118e+01
      vertex   7.714286e+00 -2.996593e+01 -4.384118e+01
    endloop
  endfacet
  facet normal 0.000000e+00 -9.238795e-01 3.826834e-01
    outer loop
      vertex   7.714286e+00 -2.996593e+01 -4.384118e+01
      vertex   1.264286e+01 -2.996593e+01 -4.384118e+01
      vertex   7.714286e+00 -2.986603e+01 -4.360000e+01
    endloop
  endfacet
  facet normal -1.332105e-15 -9.238795e-01 3.826834e-01
    outer loop
      vertex   7.714286e+00 -2.996593e+01 -4.384118e+01
      vertex   7.714286e+00 -2.986603e+01 -4.360000e+01
      vertex   2.785715e+00 -2.986603e+01 -4.360000e+01
    endloop
  endfacet
  facet normal -1.143762e-15 -7.933533e-01 6.087614e-01
    outer loop
      vertex   2.785715e+00 -2.986603e+01 -4.360000e+01
      vertex   7.714286e+00 -2.986603e+01 -4.360000e+01
      vertex   2.785715e+00 -2.970711e+01 -4.339289e+01
    endloop
  endfacet
  facet normal 0.000000e+00 -7.933533e-01 6.087614e-01
    outer loop
      vertex   2.785715e+00 -2.986603e+01 -4.360000e+01
      vertex   2.785715e+00 -2.970711e+01 -4.339289e+01
      vertex   -2.142857e+00 -2.970711e+01 -4.339289e+01
    endloop
  endfacet
  facet normal 0.000000e+00 -6.087614e-01 7.933533e-01
    outer loop
      vertex   -2.142857e+00 -2.970711e+01 -4.339289e+01
      vertex   2.785715e+00 -2.970711e+01 -4.339289e+01
      vertex   -2.142857e+00 -2.950000e+01 -4.323397e+01
    endloop
  endfacet
  facet normal 0.000000e+00 -6.087614e-01 7.933533e-01
    outer loop
      vertex   -2.142857e+00 -2.970711e+01 -4.339289e+01
      vertex   -2.142857e+00 -2.950000e+01 -4.323397e+01
      vertex   -7.071429e+00 -2.950000e+01 -4.323397e+01
    endloop
  endfacet
  facet normal 0.000000e+00 -3.826834e-01 9.238795e-01
    outer loop
      vertex   -7.071429e+00 -2.950000e+01 -4.323397e+01
      vertex   -2.142857e+00 -2.950000e+01 -4.323397e+01
      vertex   -7.071429e+00 -2.925882e+01 -4.313407e+01
    endloop
  endfacet
  facet normal 0.000000e+00 -3.826834e-01 9.238795e-01
    outer loop
      vertex   -7.071429e+00 -2.950000e+01 -4.323397e+01
      vertex   -7.071429e+00 -2.925882e+01 -4.313407e+01
      vertex   -1.200000e+01 -2.925882e+01 -4.313407e+01
    endloop
  endfacet
  facet normal -3.217007e-15 -3.826834e-01 9.238795e-01
    outer loop
      vertex   -1.200000e+01 -2.925882e+01 -4.313407e+01
      vertex   -1.200000e+01 -2.950000e+01 -4.323397e+01
      vertex   -7.071429e+00 -2.950000e+01 -4.323397e+01
    endloop
  endfacet
  facet normal -3.165164e-15 -6.087614e-01 7.933533e-01
    outer loop
      vertex   -7.071429e+00 -2.950000e+01 -4.323397e+01
      vertex   -1.200000e+01 -2.950000e+01 -4.323397e+01
      vertex   -7.071429e+00 -2.970711e+01 -4.339289e+01
    endloop
  endfacet
  facet normal 0.000000e+00 -6.087614e-01 7.933533e-01
    outer loop
      vertex   -7.071429e+00 -2.950000e+01 -4.323397e+01
      vertex   -7.071429e+00 -2.970711e+01 -4.339289e+01
      vertex   -2.142857e+00 -2.970711e+01 -4.339289e+01
    endloop
  endfacet
  facet normal 0.000000e+00 -7.933533e-01 6.087614e-01
    outer loop
      vertex   -2.142857e+00 -2.970711e+01 -4.339289e+01
      vertex   -7.071429e+00 -2.970711e+01 -4.339289e+01
      vertex   -2.142857e+00 -2.986603e+01 -4.360000e+01
    endloop
  endfacet
  facet normal 0.000000e+00 -7.933533e-01 6.087614e-01
    outer loop
      vertex   -2.142857e+00 -2.970711e+01 -4.339289e+01
      vertex   -2.142857e+00 -2.986603e+01 -4.360000e+01
      vertex   2.785715e+00 -2.986603e+01 -4.360000e+01
    endloop
  endfacet
  facet normal 0.000000e+00 -9.238795e-01 3.826834e-01
    outer loop
      vertex   2.785715e+00 -2.986603e+01 -4.360000e+01
      vertex   -2.142857e+00 -2.986603e+01 -4.360000e+01
      vertex   2.785715e+00 -2.996593e+01 -4.384118e+01
    endloop
  endfacet
  facet normal -6.660525e-16 -9.238795e-01 3.826834e-01
    outer loop
      vertex   2.785715e+00 -2.986603e+01 -4.360000e+01
      vertex   2.785715e+00 -2.996593e+01 -4.384118e+01
      vertex   7.714286e+00 -2.996593e+01 -4.384118e+01
    endloop
  endfacet
  facet normal -7.146735e-16 -9.914449e-01 1.305262e-01
    outer loop
      vertex   7.714286e+00 -2.996593e+01 -4.384118e+01
      vertex   2.785715e+00 -2.996593e+01 -4.384118e+01
      vertex   2.250000e+01 -3.000000e+01 -4.410000e+01
    endloop
  endfacet
  facet normal -4.368442e-16 -6.087614e-01 7.933533e-01
    outer loop
      vertex   -1.200000e+01 -2.950000e+01 -4.323397e+01
      vertex   -1.200000e+01 -2.970711e+01 -4.339289e+01
      vertex   -7.071429e+00 -2.970711e+01 -4.339289e+01
    endloop
  endfacet
  facet normal -5.718812e-16 -7.933533e-01 6.087614e-01
    outer loop
      vertex   -7.071429e+00 -2.970711e+01 -4.339289e+01
      vertex   -1.200000e+01 -2.970711e+01 -4.339289e+01
      vertex   -7.071429e+00 -2.986603e+01 -4.360000e+01
    endloop
  endfacet
  facet normal 0.000000e+00 -7.933533e-01 6.087614e-01
    outer loop
      vertex   -7.071429e+00 -2.970711e+01 -4.339289e+01
      vertex   -7.071429e+00 -2.986603e+01 -4.360000e+01
      vertex   -2.142857e+00 -2.986603e+01 -4.360000e+01
    endloop
  endfacet
  facet normal 0.000000e+00 -9.238795e-01 3.826834e-01
    outer loop
      vertex   -2.142857e+00 -2.986603e+01 -4.360000e+01
      vertex   -7.071429e+00 -2.986603e+01 -4.360000e+01
      vertex   -2.142857e+00 -2.996593e+01 -4.384118e+01
    endloop
  endfacet
  facet normal 0.000000e+00 -9.238795e-01 3.826834e-01
    outer loop
      vertex   -2.142857e+00 -2.986603e+01 -4.360000e+01
      vertex   -2.142857e+00 -2.996593e+01 -4.384118e+01
      vertex   2.785715e+00 -2.996593e+01 -4.384118e+01
    endloop
  endfacet
  facet normal 0.000000e+00 -9.914449e-01 1.305262e-01
    outer loop
      vertex   2.785715e+00 -2.996593e+01 -4.384118e+01
      vertex   -2.142857e+00 -2.996593e+01 -4.384118e+01
      vertex   -1.200000e+01 -3.000000e+01 -4.410000e+01
    endloop
  endfacet
  facet normal -1.020844e-16 -9.914449e-01 1.305262e-01
    outer loop
      vertex   2.785715e+00 -2.996593e+01 -4.384118e+01
      vertex   -1.200000e+01 -3.000000e+01 -4.410000e+01
      vertex   2.250000e+01 -3.000000e+01 -4.410000e+01
    endloop
  endfacet
  facet normal 0.000000e+00 -7.933533e-01 6.087614e-01
    outer loop
      vertex   -1.200000e+01 -2.970711e+01 -4.339289e+01
      vertex   -1.200000e+01 -2.986603e+01 -4.360000e+01
      vertex   -7.071429e+00 -2.986603e+01 -4.360000e+01
    endloop
  endfacet
  facet normal 0.000000e+00 -9.238795e-01 3.826834e-01
    outer loop
      vertex   -7.071429e+00 -2.986603e+01 -4.360000e+01
      vertex   -1.200000e+01 -2.986603e+01 -4.360000e+01
      vertex   -7.071429e+00 -2.996593e+01 -4.384118e+01
    endloop
  endfacet
  facet normal 0.000000e+00 -9.238795e-01 3.826834e-01
    outer loop
      vertex   -7.071429e+00 -2.986603e+01 -4.360000e+01
      vertex   -7.071429e+00 -2.996593e+01 -4.384118e+01
      vertex   -2.142857e+00 -2.996593e+01 -4.384118e+01
    endloop
  endfacet
  facet normal 0.000000e+00 -9.914449e-01 1.305262e-01
    outer loop
      vertex   -2.142857e+00 -2.996593e+01 -4.384118e+01
      vertex   -7.071429e+00 -2.996593e+01 -4.384118e+01
      vertex   -1.200000e+01 -3.000000e+01 -4.410000e+01
    endloop
  endfacet
  facet normal 0.000000e+00 -9.238795e-01 3.826834e-01
    outer loop
      vertex   -1.200000e+01 -2.986603e+01 -4.360000e+01
      vertex   -1.200000e+01 -2.996593e+01 -4.384118e+01
      vertex   -7.071429e+00 -2.996593e+01 -4.384118e+01
    endloop
  endfacet
  facet normal 0.000000e+00 -9.914449e-01 1.305262e-01
    outer loop
      vertex   -7.071429e+00 -2.996593e+01 -4.384118e+01
      vertex   -1.200000e+01 -2.996593e+01 -4.384118e+01
      vertex   -1.200000e+01 -3.000000e+01 -4.410000e+01
    endloop
  endfacet
  facet normal 0.000000e+00 -9.238795e-01 3.826834e-01
    outer loop
      vertex   2.250000e+01 -2.996593e+01 -4.384118e+01
      vertex   2.250000e+01 -2.986603e+01 -4.360000e+01
      vertex   1.757143e+01 -2.986603e+01 -4.360000e+01
    endloop
  endfacet
  facet normal 0.000000e+00 -7.933533e-01 6.087614e-01
    outer loop
      vertex   1.757143e+01 -2.986603e+01 -4.360000e+01
      vertex   2.250000e+01 -2.986603e+01 -4.360000e+01
      vertex   1.757143e+01 -2.970711e+01 -4.339289e+01
    endloop
  endfacet
  facet normal 0.000000e+00 -7.933533e-01 6.087614e-01
    outer loop
      vertex   1.757143e+01 -2.986603e+01 -4.360000e+01
      vertex   1.757143e+01 -2.970711e+01 -4.339289e+01
      vertex   1.264286e+01 -2.970711e+01 -4.339289e+01
    endloop
  endfacet
  facet normal 0.000000e+00 -6.087614e-01 7.933533e-01
    outer loop
      vertex   1.264286e+01 -2.970711e+01 -4.339289e+01
      vertex   1.757143e+01 -2.970711e+01 -4.339289e+01
      vertex   1.264286e+01 -2.950000e+01 -4.323397e+01
    endloop
  endfacet
  facet normal 0.000000e+00 -6.087614e-01 7.933533e-01
    outer loop
      vertex   1.264286e+01 -2.970711e+01 -4.339289e+01
      vertex   1.264286e+01 -2.950000e+01 -4.323397e+01
      vertex   7.714286e+00 -2.950000e+01 -4.323397e+01
    endloop
  endfacet
  facet normal 0.000000e+00 -3.826834e-01 9.238795e-01
    outer loop
      vertex   7.714286e+00 -2.950000e+01 -4.323397e+01
      vertex   1.264286e+01 -2.950000e+01 -4.323397e+01
      vertex   7.714286e+00 -2.925882e+01 -4.313407e+01
    endloop
  endfacet
  facet normal -2.750500e-16 -3.826834e-01 9.238795e-01
    outer loop
      vertex   7.714286e+00 -2.950000e+01 -4.323397e+01
      vertex   7.714286e+00 -2.925882e+01 -4.313407e+01
      vertex   2.785715e+00 -2.925882e+01 -4.313407e+01
    endloop
  endfacet
  facet normal -9.408856e-17 -1.305262e-01 9.914449e-01
    outer loop
      vertex   2.785715e+00 -2.925882e+01 -4.313407e+01
      vertex   7.714286e+00 -2.925882e+01 -4.313407e+01
      vertex   -1.200000e+01 -2.900000e+01 -4.310000e+01
    endloop
  endfacet
  facet normal 1.143345e-15 -7.933533e-01 6.087614e-01
    outer loop
      vertex   2.250000e+01 -2.986603e+01 -4.360000e+01
      vertex   2.250000e+01 -2.970711e+01 -4.339289e+01
      vertex   1.757143e+01 -2.970711e+01 -4.339289e+01
    endloop
  endfacet
  facet normal 8.776397e-16 -6.087614e-01 7.933533e-01
    outer loop
      vertex   1.757143e+01 -2.970711e+01 -4.339289e+01
      vertex   2.250000e+01 -2.970711e+01 -4.339289e+01
      vertex   1.757143e+01 -2.950000e+01 -4.323397e+01
    endloop
  endfacet
  facet normal 0.000000e+00 -6.087614e-01 7.933533e-01
    outer loop
      vertex   1.757143e+01 -2.970711e+01 -4.339289e+01
      vertex   1.757143e+01 -2.950000e+01 -4.323397e+01
      vertex   1.264286e+01 -2.950000e+01 -4.323397e+01
    endloop
  endfacet
  facet normal 0.000000e+00 -3.826834e-01 9.238795e-01
    outer loop
      vertex   1.264286e+01 -2.950000e+01 -4.323397e+01
      vertex   1.757143e+01 -2.950000e+01 -4.323397e+01
      vertex   1.264286e+01 -2.925882e+01 -4.313407e+01
    endloop
  endfacet
  facet normal 0.000000e+00 -3.826834e-01 9.238795e-01
    outer loop
      vertex   1.264286e+01 -2.950000e+01 -4.323397e+01
      vertex   1.264286e+01 -2.925882e+01 -4.313407e+01
      vertex   7.714286e+00 -2.925882e+01 -4.313407e+01
    endloop
  endfacet
  facet normal 0.000000e+00 -1.305262e-01 9.914449e-01
    outer loop
      vertex   7.714286e+00 -2.925882e+01 -4.313407e+01
      vertex   1.264286e+01 -2.925882e+01 -4.313407e+01
      vertex   2.250000e+01 -2.900000e+01 -4.310000e+01
    endloop
  endfacet
  facet normal -1.348284e-17 -1.305262e-01 9.914449e-01
    outer loop
      vertex   7.714286e+00 -2.925882e+01 -4.313407e+01
      vertex   2.250000e+01 -2.900000e+01 -4.310000e+01
      vertex   -1.200000e+01 -2.900000e+01 -4.310000e+01
    endloop
  endfacet
  facet normal 2.728928e-15 -6.087614e-01 7.933533e-01
    outer loop
      vertex   2.250000e+01 -2.970711e+01 -4.339289e+01
      vertex   2.250000e+01 -2.950000e+01 -4.323397e+01
      vertex   1.757143e+01 -2.950000e+01 -4.323397e+01
    endloop
  endfacet
  facet normal 2.939733e-15 -3.826834e-01 9.238795e-01
    outer loop
      vertex   1.757143e+01 -2.950000e+01 -4.323397e+01
      vertex   2.250000e+01 -2.950000e+01 -4.323397e+01
      vertex   1.757143e+01 -2.925882e+01 -4.313407e+01
    endloop
  endfacet
  facet normal 0.000000e+00 -3.826834e-01 9.238795e-01
    outer loop
      vertex   1.757143e+01 -2.950000e+01 -4.323397e+01
      vertex   1.757143e+01 -2.925882e+01 -4.313407e+01
      vertex   1.264286e+01 -2.925882e+01 -4.313407e+01
    endloop
  endfacet
  facet normal 0.000000e+00 -1.305262e-01 9.914449e-01
    outer loop
      vertex   1.264286e+01 -2.925882e+01 -4.313407e+01
      vertex   1.757143e+01 -2.925882e+01 -4.313407e+01
      vertex   2.250000e+01 -2.900000e+01 -4.310000e+01
    endloop
  endfacet
  facet normal 0.000000e+00 -3.826834e-01 9.238795e-01
    outer loop
      vertex   2.250000e+01 -2.950000e+01 -4.323397e+01
      vertex   2.250000e+01 -2.925882e+01 -4.313407e+01
      vertex   1.757143e+01 -2.925882e+01 -4.313407e+01
    endloop
  endfacet
  facet normal 0.000000e+00 -1.305262e-01 9.914449e-01
    outer loop
      vertex   1.757143e+01 -2.925882e+01 -4.313407e+01
      vertex   2.250000e+01 -2.925882e+01 -4.313407e+01
      vertex   2.250000e+01 -2.900000e+01 -4.310000e+01
    endloop
  endfacet
  facet normal 0.000000e+00 -3.826834e-01 9.238795e-01
    outer loop
      vertex   2.785715e+00 -2.950000e+01 -4.323397e+01
      vertex   -2.142857e+00 -2.925882e+01 -4.313407e+01
      vertex   -2.142857e+00 -2.950000e+01 -4.323397e+01
    endloop
  endfacet
  facet normal 0.000000e+00 -3.826834e-01 9.238795e-01
    outer loop
      vertex   -2.142857e+00 -2.950000e+01 -4.323397e+01
      vertex   -2.142857e+00 -2.925882e+01 -4.313407e+01
      vertex   -7.071429e+00 -2.925882e+01 -4.313407e+01
    endloop
  endfacet
  facet normal -8.776397e-16 -6.087614e-01 7.933533e-01
    outer loop
      vertex   7.714286e+00 -2.970711e+01 -4.339289e+01
      vertex   2.785715e+00 -2.950000e+01 -4.323397e+01
      vertex   2.785715e+00 -2.970711e+01 -4.339289e+01
    endloop
  endfacet
  facet normal 0.000000e+00 -6.087614e-01 7.933533e-01
    outer loop
      vertex   2.785715e+00 -2.970711e+01 -4.339289e+01
      vertex   2.785715e+00 -2.950000e+01 -4.323397e+01
      vertex   -2.142857e+00 -2.950000e+01 -4.323397e+01
    endloop
  endfacet
  facet normal 0.000000e+00 -7.933533e-01 6.087614e-01
    outer loop
      vertex   1.264286e+01 -2.986603e+01 -4.360000e+01
      vertex   7.714286e+00 -2.970711e+01 -4.339289e+01
      vertex   7.714286e+00 -2.986603e+01 -4.360000e+01
    endloop
  endfacet
  facet normal -1.143345e-15 -7.933533e-01 6.087614e-01
    outer loop
      vertex   7.714286e+00 -2.986603e+01 -4.360000e+01
      vertex   7.714286e+00 -2.970711e+01 -4.339289e+01
      vertex   2.785715e+00 -2.970711e+01 -4.339289e+01
    endloop
  endfacet
  facet normal 0.000000e+00 -9.238795e-01 3.826834e-01
    outer loop
      vertex   1.757143e+01 -2.996593e+01 -4.384118e+01
      vertex   1.264286e+01 -2.986603e+01 -4.360000e+01
      vertex   1.264286e+01 -2.996593e+01 -4.384118e+01
    endloop
  endfacet
  facet normal 0.000000e+00 -9.238795e-01 3.826834e-01
    outer loop
      vertex   1.264286e+01 -2.996593e+01 -4.384118e+01
      vertex   1.264286e+01 -2.986603e+01 -4.360000e+01
      vertex   7.714286e+00 -2.986603e+01 -4.360000e+01
    endloop
  endfacet
  facet normal 3.573368e-16 9.914449e-01 1.305262e-01
    outer loop
      vertex   -1.200000e+01 1.396593e+01 -4.384118e+01
      vertex   -7.071429e+00 1.396593e+01 -4.384118e+01
      vertex   -1.200000e+01 1.400000e+01 -4.410000e+01
    endloop
  endfacet
  facet normal 3.572954e-16 9.914449e-01 1.305262e-01
    outer loop
      vertex   -1.200000e+01 1.400000e+01 -4.410000e+01
      vertex   -7.071429e+00 1.396593e+01 -4.384118e+01
      vertex   -2.142857e+00 1.396593e+01 -4.384118e+01
    endloop
  endfacet
  facet normal 0.000000e+00 9.914449e-01 1.305262e-01
    outer loop
      vertex   -1.200000e+01 1.400000e+01 -4.410000e+01
      vertex   -2.142857e+00 1.396593e+01 -4.384118e+01
      vertex   2.785715e+00 1.396593e+01 -4.384118e+01
    endloop
  endfacet
  facet normal 0.000000e+00 9.238795e-01 3.826834e-01
    outer loop
      vertex   2.785715e+00 1.396593e+01 -4.384118e+01
      vertex   -2.142857e+00 1.396593e+01 -4.384118e+01
      vertex   2.785715e+00 1.386603e+01 -4.360000e+01
    endloop
  endfacet
  facet normal 0.000000e+00 9.238795e-01 3.826834e-01
    outer loop
      vertex   2.785715e+00 1.396593e+01 -4.384118e+01
      vertex   2.785715e+00 1.386603e+01 -4.360000e+01
      vertex   7.714286e+00 1.386603e+01 -4.360000e+01
    endloop
  endfacet
  facet normal 0.000000e+00 7.933533e-01 6.087614e-01
    outer loop
      vertex   7.714286e+00 1.386603e+01 -4.360000e+01
      vertex   2.785715e+00 1.386603e+01 -4.360000e+01
      vertex   7.714286e+00 1.370711e+01 -4.339289e+01
    endloop
  endfacet
  facet normal 2.858363e-16 7.933533e-01 6.087614e-01
    outer loop
      vertex   7.714286e+00 1.386603e+01 -4.360000e+01
      vertex   7.714286e+00 1.370711e+01 -4.339289e+01
      vertex   1.264286e+01 1.370711e+01 -4.339289e+01
    endloop
  endfacet
  facet normal 2.194099e-16 6.087614e-01 7.933533e-01
    outer loop
      vertex   1.264286e+01 1.370711e+01 -4.339289e+01
      vertex   7.714286e+00 1.370711e+01 -4.339289e+01
      vertex   1.264286e+01 1.350000e+01 -4.323397e+01
    endloop
  endfacet
  facet normal 0.000000e+00 6.087614e-01 7.933533e-01
    outer loop
      vertex   1.264286e+01 1.370711e+01 -4.339289e+01
      vertex   1.264286e+01 1.350000e+01 -4.323397e+01
      vertex   1.757143e+01 1.350000e+01 -4.323397e+01
    endloop
  endfacet
  facet normal 0.000000e+00 3.826834e-01 9.238795e-01
    outer loop
      vertex   1.757143e+01 1.350000e+01 -4.323397e+01
      vertex   1.264286e+01 1.350000e+01 -4.323397e+01
      vertex   1.757143e+01 1.325882e+01 -4.313407e+01
    endloop
  endfacet
  facet normal 1.402216e-16 3.826834e-01 9.238795e-01
    outer loop
      vertex   1.757143e+01 1.350000e+01 -4.323397e+01
      vertex   1.757143e+01 1.325882e+01 -4.313407e+01
      vertex   2.250000e+01 1.325882e+01 -4.313407e+01
    endloop
  endfacet
  facet normal 4.704428e-17 1.305262e-01 9.914449e-01
    outer loop
      vertex   2.250000e+01 1.325882e+01 -4.313407e+01
      vertex   1.757143e+01 1.325882e+01 -4.313407e+01
      vertex   2.250000e+01 1.300000e+01 -4.310000e+01
    endloop
  endfacet
  facet normal 0.000000e+00 1.305262e-01 9.914449e-01
    outer loop
      vertex   2.250000e+01 1.300000e+01 -4.310000e+01
      vertex   1.757143e+01 1.325882e+01 -4.313407e+01
      vertex   1.264286e+01 1.325882e+01 -4.313407e+01
    endloop
  endfacet
  facet normal 9.437991e-17 1.305262e-01 9.914449e-01
    outer loop
      vertex   2.250000e+01 1.300000e+01 -4.310000e+01
      vertex   1.264286e+01 1.325882e+01 -4.313407e+01
      vertex   7.714286e+00 1.325882e+01 -4.313407e+01
    endloop
  endfacet
  facet normal 2.758537e-16 3.826834e-01 9.238795e-01
    outer loop
      vertex   7.714286e+00 1.325882e+01 -4.313407e+01
      vertex   1.264286e+01 1.325882e+01 -4.313407e+01
      vertex   7.714286e+00 1.350000e+01 -4.323397e+01
    endloop
  endfacet
  facet normal 0.000000e+00 3.826834e-01 9.238795e-01
    outer loop
      vertex   7.714286e+00 1.325882e+01 -4.313407e+01
      vertex   7.714286e+00 1.350000e+01 -4.323397e+01
      vertex   2.785715e+00 1.350000e+01 -4.323397e+01
    endloop
  endfacet
  facet normal -0.000000e+00 6.087614e-01 7.933533e-01
    outer loop
      vertex   2.785715e+00 1.350000e+01 -4.323397e+01
      vertex   7.714286e+00 1.350000e+01 -4.323397e+01
      vertex   2.785715e+00 1.370711e+01 -4.339289e+01
    endloop
  endfacet
  facet normal 0.000000e+00 6.087614e-01 7.933533e-01
    outer loop
      vertex   2.785715e+00 1.350000e+01 -4.323397e+01
      vertex   2.785715e+00 1.370711e+01 -4.339289e+01
      vertex   -2.142857e+00 1.370711e+01 -4.339289e+01
    endloop
  endfacet
  facet normal -0.000000e+00 7.933533e-01 6.087614e-01
    outer loop
      vertex   -2.142857e+00 1.370711e+01 -4.339289e+01
      vertex   2.785715e+00 1.370711e+01 -4.339289e+01
      vertex   -2.142857e+00 1.386603e+01 -4.360000e+01
    endloop
  endfacet
  facet normal 5.716726e-16 7.933533e-01 6.087614e-01
    outer loop
      vertex   -2.142857e+00 1.370711e+01 -4.339289e+01
      vertex   -2.142857e+00 1.386603e+01 -4.360000e+01
      vertex   -7.071429e+00 1.386603e+01 -4.360000e+01
    endloop
  endfacet
  facet normal 6.659697e-16 9.238795e-01 3.826834e-01
    outer loop
      vertex   -7.071429e+00 1.386603e+01 -4.360000e+01
      vertex   -2.142857e+00 1.386603e+01 -4.360000e+01
      vertex   -7.071429e+00 1.396593e+01 -4.384118e+01
    endloop
  endfacet
  facet normal 3.316780e-16 9.238795e-01 3.826834e-01
    outer loop
      vertex   -7.071429e+00 1.386603e+01 -4.360000e+01
      vertex   -7.071429e+00 1.396593e+01 -4.384118e+01
      vertex   -1.200000e+01 1.396593e+01 -4.384118e+01
    endloop
  endfacet
  facet normal 3.316780e-16 9.238795e-01 3.826834e-01
    outer loop
      vertex   -1.200000e+01 1.396593e+01 -4.384118e+01
      vertex   -1.200000e+01 1.386603e+01 -4.360000e+01
      vertex   -7.071429e+00 1.386603e+01 -4.360000e+01
    endloop
  endfacet
  facet normal 2.859406e-16 7.933533e-01 6.087614e-01
    outer loop
      vertex   -7.071429e+00 1.386603e+01 -4.360000e+01
      vertex   -1.200000e+01 1.386603e+01 -4.360000e+01
      vertex   -7.071429e+00 1.370711e+01 -4.339289e+01
    endloop
  endfacet
  facet normal 2.858363e-16 7.933533e-01 6.087614e-01
    outer loop
      vertex   -7.071429e+00 1.386603e+01 -4.360000e+01
      vertex   -7.071429e+00 1.370711e+01 -4.339289e+01
      vertex   -2.142857e+00 1.370711e+01 -4.339289e+01
    endloop
  endfacet
  facet normal 2.194099e-16 6.087614e-01 7.933533e-01
    outer loop
      vertex   -2.142857e+00 1.370711e+01 -4.339289e+01
      vertex   -7.071429e+00 1.370711e+01 -4.339289e+01
      vertex   -2.142857e+00 1.350000e+01 -4.323397e+01
    endloop
  endfacet
  facet normal 0.000000e+00 6.087614e-01 7.933533e-01
    outer loop
      vertex   -2.142857e+00 1.370711e+01 -4.339289e+01
      vertex   -2.142857e+00 1.350000e+01 -4.323397e+01
      vertex   2.785715e+00 1.350000e+01 -4.323397e+01
    endloop
  endfacet
  facet normal 0.000000e+00 3.826834e-01 9.238795e-01
    outer loop
      vertex   2.785715e+00 1.350000e+01 -4.323397e+01
      vertex   -2.142857e+00 1.350000e+01 -4.323397e+01
      vertex   2.785715e+00 1.325882e+01 -4.313407e+01
    endloop
  endfacet
  facet normal 0.000000e+00 3.826834e-01 9.238795e-01
    outer loop
      vertex   2.785715e+00 1.350000e+01 -4.323397e+01
      vertex   2.785715e+00 1.325882e+01 -4.313407e+01
      vertex   7.714286e+00 1.325882e+01 -4.313407e+01
    endloop
  endfacet
  facet normal 0.000000e+00 1.305262e-01 9.914449e-01
    outer loop
      vertex   7.714286e+00 1.325882e+01 -4.313407e+01
      vertex   2.785715e+00 1.325882e+01 -4.313407e+01
      vertex   2.250000e+01 1.300000e+01 -4.310000e+01
    endloop
  endfacet
  facet normal 2.615672e-15 7.933533e-01 6.087614e-01
    outer loop
      vertex   -1.200000e+01 1.386603e+01 -4.360000e+01
      vertex   -1.200000e+01 1.370711e+01 -4.339289e+01
      vertex   -7.071429e+00 1.370711e+01 -4.339289e+01
    endloop
  endfacet
  facet normal 2.945754e-15 6.087614e-01 7.933533e-01
    outer loop
      vertex   -7.071429e+00 1.370711e+01 -4.339289e+01
      vertex   -1.200000e+01 1.370711e+01 -4.339289e+01
      vertex   -7.071429e+00 1.350000e+01 -4.323397e+01
    endloop
  endfacet
  facet normal 2.211186e-16 6.087614e-01 7.933533e-01
    outer loop
      vertex   -7.071429e+00 1.370711e+01 -4.339289e+01
      vertex   -7.071429e+00 1.350000e+01 -4.323397e+01
      vertex   -2.142857e+00 1.350000e+01 -4.323397e+01
    endloop
  endfacet
  facet normal 1.379268e-16 3.826834e-01 9.238795e-01
    outer loop
      vertex   -2.142857e+00 1.350000e+01 -4.323397e+01
      vertex   -7.071429e+00 1.350000e+01 -4.323397e+01
      vertex   -2.142857e+00 1.325882e+01 -4.313407e+01
    endloop
  endfacet
  facet normal -2.777466e-16 3.826834e-01 9.238795e-01
    outer loop
      vertex   -2.142857e+00 1.350000e+01 -4.323397e+01
      vertex   -2.142857e+00 1.325882e+01 -4.313407e+01
      vertex   2.785715e+00 1.325882e+01 -4.313407e+01
    endloop
  endfacet
  facet normal -9.408856e-17 1.305262e-01 9.914449e-01
    outer loop
      vertex   2.785715e+00 1.325882e+01 -4.313407e+01
      vertex   -2.142857e+00 1.325882e+01 -4.313407e+01
      vertex   -1.200000e+01 1.300000e+01 -4.310000e+01
    endloop
  endfacet
  facet normal 0.000000e+00 1.305262e-01 9.914449e-01
    outer loop
      vertex   2.785715e+00 1.325882e+01 -4.313407e+01
      vertex   -1.200000e+01 1.300000e+01 -4.310000e+01
      vertex   2.250000e+01 1.300000e+01 -4.310000e+01
    endloop
  endfacet
  facet normal -2.211186e-16 6.087614e-01 7.933533e-01
    outer loop
      vertex   -1.200000e+01 1.370711e+01 -4.339289e+01
      vertex   -1.200000e+01 1.350000e+01 -4.323397e+01
      vertex   -7.071429e+00 1.350000e+01 -4.323397e+01
    endloop
  endfacet
  facet normal -1.379268e-16 3.826834e-01 9.238795e-01
    outer loop
      vertex   -7.071429e+00 1.350000e+01 -4.323397e+01
      vertex   -1.200000e+01 1.350000e+01 -4.323397e+01
      vertex   -7.071429e+00 1.325882e+01 -4.313407e+01
    endloop
  endfacet
  facet normal 2.750500e-16 3.826834e-01 9.238795e-01
    outer loop
      vertex   -7.071429e+00 1.350000e+01 -4.323397e+01
      vertex   -7.071429e+00 1.325882e+01 -4.313407e+01
      vertex   -2.142857e+00 1.325882e+01 -4.313407e+01
    endloop
  endfacet
  facet normal 9.408856e-17 1.305262e-01 9.914449e-01
    outer loop
      vertex   -2.142857e+00 1.325882e+01 -4.313407e+01
      vertex   -7.071429e+00 1.325882e+01 -4.313407e+01
      vertex   -1.200000e+01 1.300000e+01 -4.310000e+01
    endloop
  endfacet
  facet normal 0.000000e+00 3.826834e-01 9.238795e-01
    outer loop
      vertex   -1.200000e+01 1.350000e+01 -4.323397e+01
      vertex   -1.200000e+01 1.325882e+01 -4.313407e+01
      vertex   -7.071429e+00 1.325882e+01 -4.313407e+01
    endloop
  endfacet
  facet normal 0.000000e+00 1.305262e-01 9.914449e-01
    outer loop
      vertex   -7.071429e+00 1.325882e+01 -4.313407e+01
      vertex   -1.200000e+01 1.325882e+01 -4.313407e+01
      vertex   -1.200000e+01 1.300000e+01 -4.310000e+01
    endloop
  endfacet
  facet normal 1.402216e-16 3.826834e-01 9.238795e-01
    outer loop
      vertex   2.250000e+01 1.325882e+01 -4.313407e+01
      vertex   2.250000e+01 1.350000e+01 -4.323397e+01
      vertex   1.757143e+01 1.350000e+01 -4.323397e+01
    endloop
  endfacet
  facet normal 2.194099e-16 6.087614e-01 7.933533e-01
    outer loop
      vertex   1.757143e+01 1.350000e+01 -4.323397e+01
      vertex   2.250000e+01 1.350000e+01 -4.323397e+01
      vertex   1.757143e+01 1.370711e+01 -4.339289e+01
    endloop
  endfacet
  facet normal 0.000000e+00 6.087614e-01 7.933533e-01
    outer loop
      vertex   1.757143e+01 1.350000e+01 -4.323397e+01
      vertex   1.757143e+01 1.370711e+01 -4.339289e+01
      vertex   1.264286e+01 1.370711e+01 -4.339289e+01
    endloop
  endfacet
  facet normal -0.000000e+00 7.933533e-01 6.087614e-01
    outer loop
      vertex   1.264286e+01 1.370711e+01 -4.339289e+01
      vertex   1.757143e+01 1.370711e+01 -4.339289e+01
      vertex   1.264286e+01 1.386603e+01 -4.360000e+01
    endloop
  endfacet
  facet normal 2.858363e-16 7.933533e-01 6.087614e-01
    outer loop
      vertex   1.264286e+01 1.370711e+01 -4.339289e+01
      vertex   1.264286e+01 1.386603e+01 -4.360000e+01
      vertex   7.714286e+00 1.386603e+01 -4.360000e+01
    endloop
  endfacet
  facet normal 3.329849e-16 9.238795e-01 3.826834e-01
    outer loop
      vertex   7.714286e+00 1.386603e+01 -4.360000e+01
      vertex   1.264286e+01 1.386603e+01 -4.360000e+01
      vertex   7.714286e+00 1.396593e+01 -4.384118e+01
    endloop
  endfacet
  facet normal 0.000000e+00 9.238795e-01 3.826834e-01
    outer loop
      vertex   7.714286e+00 1.386603e+01 -4.360000e+01
      vertex   7.714286e+00 1.396593e+01 -4.384118e+01
      vertex   2.785715e+00 1.396593e+01 -4.384118e+01
    endloop
  endfacet
  facet normal -0.000000e+00 9.914449e-01 1.305262e-01
    outer loop
      vertex   2.785715e+00 1.396593e+01 -4.384118e+01
      vertex   7.714286e+00 1.396593e+01 -4.384118e+01
      vertex   -1.200000e+01 1.400000e+01 -4.410000e+01
    endloop
  endfacet
  facet normal -2.723535e-15 6.087614e-01 7.933533e-01
    outer loop
      vertex   2.250000e+01 1.350000e+01 -4.323397e+01
      vertex   2.250000e+01 1.370711e+01 -4.339289e+01
      vertex   1.757143e+01 1.370711e+01 -4.339289e+01
    endloop
  endfacet
  facet normal -2.327161e-15 7.933533e-01 6.087614e-01
    outer loop
      vertex   1.757143e+01 1.370711e+01 -4.339289e+01
      vertex   2.250000e+01 1.370711e+01 -4.339289e+01
      vertex   1.757143e+01 1.386603e+01 -4.360000e+01
    endloop
  endfacet
  facet normal 0.000000e+00 7.933533e-01 6.087614e-01
    outer loop
      vertex   1.757143e+01 1.370711e+01 -4.339289e+01
      vertex   1.757143e+01 1.386603e+01 -4.360000e+01
      vertex   1.264286e+01 1.386603e+01 -4.360000e+01
    endloop
  endfacet
  facet normal -0.000000e+00 9.238795e-01 3.826834e-01
    outer loop
      vertex   1.264286e+01 1.386603e+01 -4.360000e+01
      vertex   1.757143e+01 1.386603e+01 -4.360000e+01
      vertex   1.264286e+01 1.396593e+01 -4.384118e+01
    endloop
  endfacet
  facet normal 6.660525e-16 9.238795e-01 3.826834e-01
    outer loop
      vertex   1.264286e+01 1.386603e+01 -4.360000e+01
      vertex   1.264286e+01 1.396593e+01 -4.384118e+01
      vertex   7.714286e+00 1.396593e+01 -4.384118e+01
    endloop
  endfacet
  facet normal 7.146735e-16 9.914449e-01 1.305262e-01
    outer loop
      vertex   7.714286e+00 1.396593e+01 -4.384118e+01
      vertex   1.264286e+01 1.396593e+01 -4.384118e+01
      vertex   2.250000e+01 1.400000e+01 -4.410000e+01
    endloop
  endfacet
  facet normal 0.000000e+00 9.914449e-01 1.305262e-01
    outer loop
      vertex   7.714286e+00 1.396593e+01 -4.384118e+01
      vertex   2.250000e+01 1.400000e+01 -4.410000e+01
      vertex   -1.200000e+01 1.400000e+01 -4.410000e+01
    endloop
  endfacet
  facet normal -2.858363e-16 7.933533e-01 6.087614e-01
    outer loop
      vertex   2.250000e+01 1.370711e+01 -4.339289e+01
      vertex   2.250000e+01 1.386603e+01 -4.360000e+01
      vertex   1.757143e+01 1.386603e+01 -4.360000e+01
    endloop
  endfacet
  facet normal -3.329849e-16 9.238795e-01 3.826834e-01
    outer loop
      vertex   1.757143e+01 1.386603e+01 -4.360000e+01
      vertex   2.250000e+01 1.386603e+01 -4.360000e+01
      vertex   1.757143e+01 1.396593e+01 -4.384118e+01
    endloop
  endfacet
  facet normal 0.000000e+00 9.238795e-01 3.826834e-01
    outer loop
      vertex   1.757143e+01 1.386603e+01 -4.360000e+01
      vertex   1.757143e+01 1.396593e+01 -4.384118e+01
      vertex   1.264286e+01 1.396593e+01 -4.384118e+01
    endloop
  endfacet
  facet normal -0.000000e+00 9.914449e-01 1.305262e-01
    outer loop
      vertex   1.264286e+01 1.396593e+01 -4.384118e+01
      vertex   1.757143e+01 1.396593e+01 -4.384118e+01
      vertex   2.250000e+01 1.400000e+01 -4.410000e+01
    endloop
  endfacet
  facet normal -6.660525e-16 9.238795e-01 3.826834e-01
    outer loop
      vertex   2.250000e+01 1.386603e+01 -4.360000e+01
      vertex   2.250000e+01 1.396593e+01 -4.384118e+01
      vertex   1.757143e+01 1.396593e+01 -4.384118e+01
    endloop
  endfacet
  facet normal -7.146735e-16 9.914449e-01 1.305262e-01
    outer loop
      vertex   1.757143e+01 1.396593e+01 -4.384118e+01
      vertex   2.250000e+01 1.396593e+01 -4.384118e+01
      vertex   2.250000e+01 1.400000e+01 -4.410000e+01
    endloop
  endfacet
  facet normal 0.000000e+00 9.238795e-01 3.826834e-01
    outer loop
      vertex   2.785715e+00 1.386603e+01 -4.360000e+01
      vertex   -2.142857e+00 1.396593e+01 -4.384118e+01
      vertex   -2.142857e+00 1.386603e+01 -4.360000e+01
    endloop
  endfacet
  facet normal 3.343745e-16 9.238795e-01 3.826834e-01
    outer loop
      vertex   -2.142857e+00 1.386603e+01 -4.360000e+01
      vertex   -2.142857e+00 1.396593e+01 -4.384118e+01
      vertex   -7.071429e+00 1.396593e+01 -4.384118e+01
    endloop
  endfacet
  facet normal 0.000000e+00 7.933533e-01 6.087614e-01
    outer loop
      vertex   7.714286e+00 1.370711e+01 -4.339289e+01
      vertex   2.785715e+00 1.386603e+01 -4.360000e+01
      vertex   2.785715e+00 1.370711e+01 -4.339289e+01
    endloop
  endfacet
  facet normal 0.000000e+00 7.933533e-01 6.087614e-01
    outer loop
      vertex   2.785715e+00 1.370711e+01 -4.339289e+01
      vertex   2.785715e+00 1.386603e+01 -4.360000e+01
      vertex   -2.142857e+00 1.386603e+01 -4.360000e+01
    endloop
  endfacet
  facet normal 4.388199e-16 6.087614e-01 7.933533e-01
    outer loop
      vertex   1.264286e+01 1.350000e+01 -4.323397e+01
      vertex   7.714286e+00 1.370711e+01 -4.339289e+01
      vertex   7.714286e+00 1.350000e+01 -4.323397e+01
    endloop
  endfacet
  facet normal 0.000000e+00 6.087614e-01 7.933533e-01
    outer loop
      vertex   7.714286e+00 1.350000e+01 -4.323397e+01
      vertex   7.714286e+00 1.370711e+01 -4.339289e+01
      vertex   2.785715e+00 1.370711e+01 -4.339289e+01
    endloop
  endfacet
  facet normal 0.000000e+00 3.826834e-01 9.238795e-01
    outer loop
      vertex   1.757143e+01 1.325882e+01 -4.313407e+01
      vertex   1.264286e+01 1.350000e+01 -4.323397e+01
      vertex   1.264286e+01 1.325882e+01 -4.313407e+01
    endloop
  endfacet
  facet normal 2.777466e-16 3.826834e-01 9.238795e-01
    outer loop
      vertex   1.264286e+01 1.325882e+01 -4.313407e+01
      vertex   1.264286e+01 1.350000e+01 -4.323397e+01
      vertex   7.714286e+00 1.350000e+01 -4.323397e+01
    endloop
  endfacet
  facet normal 1.029772e-16 1.000000e+00 -2.664535e-15
    outer loop
      vertex   -1.200000e+01 1.400000e+01 -4.610000e+01
      vertex   -1.200000e+01 1.400000e+01 -4.410000e+01
      vertex   2.250000e+01 1.400000e+01 -4.610000e+01
    endloop
  endfacet
  facet normal 0.000000e+00 1.000000e+00 -4.440892e-15
    outer loop
      vertex   2.250000e+01 1.400000e+01 -4.610000e+01
      vertex   -1.200000e+01 1.400000e+01 -4.410000e+01
      vertex   2.250000e+01 1.400000e+01 -4.410000e+01
    endloop
  endfacet
  facet normal 0.000000e+00 0.000000e+00 -1.000000e+00
    outer loop
      vertex   -1.200000e+01 -3.000000e+01 -4.610000e+01
      vertex   -1.200000e+01 1.400000e+01 -4.610000e+01
      vertex   2.250000e+01 -3.000000e+01 -4.610000e+01
    endloop
  endfacet
  facet normal 0.000000e+00 0.000000e+00 -1.000000e+00
    outer loop
      vertex   2.250000e+01 -3.000000e+01 -4.610000e+01
      vertex   -1.200000e+01 1.400000e+01 -4.610000e+01
      vertex   2.250000e+01 1.400000e+01 -4.610000e+01
    endloop
  endfacet
  facet normal -1.029772e-16 -1.000000e+00 -0.000000e+00
    outer loop
      vertex   -1.200000e+01 -3.000000e+01 -4.410000e+01
      vertex   -1.200000e+01 -3.000000e+01 -4.610000e+01
      vertex   2.250000e+01 -3.000000e+01 -4.410000e+01
    endloop
  endfacet
  facet normal -1.029772e-16 -1.000000e+00 -0.000000e+00
    outer loop
      vertex   2.250000e+01 -3.000000e+01 -4.410000e+01
      vertex   -1.200000e+01 -3.000000e+01 -4.610000e+01
      vertex   2.250000e+01 -3.000000e+01 -4.610000e+01
    endloop
  endfacet
  facet normal -1.000000e+00 2.018587e-16 -5.378597e-31
    outer loop
      vertex   -1.200000e+01 1.400000e+01 -4.610000e+01
      vertex   -1.200000e+01 -3.000000e+01 -4.610000e+01
      vertex   -1.200000e+01 1.400000e+01 -4.410000e+01
    endloop
  endfacet
  facet normal -1.000000e+00 2.018587e-16 0.000000e+00
    outer loop
      vertex   -1.200000e+01 1.400000e+01 -4.410000e+01
      vertex   -1.200000e+01 -3.000000e+01 -4.610000e+01
      vertex   -1.200000e+01 -3.000000e+01 -4.410000e+01
    endloop
  endfacet
  facet normal -1.000000e+00 2.018587e-16 2.657521e-17
    outer loop
      vertex   -1.200000e+01 1.400000e+01 -4.410000e+01
      vertex   -1.200000e+01 -3.000000e+01 -4.410000e+01
      vertex   -1.200000e+01 1.396593e+01 -4.384118e+01
    endloop
  endfacet
  facet normal -1.000000e+00 2.021719e-16 -2.661643e-17
    outer loop
      vertex   -1.200000e+01 1.396593e+01 -4.384118e+01
      vertex   -1.200000e+01 -3.000000e+01 -4.410000e+01
      vertex   -1.200000e+01 -2.996593e+01 -4.384118e+01
    endloop
  endfacet
  facet normal -1.000000e+00 2.021719e-16 8.374233e-17
    outer loop
      vertex   -1.200000e+01 1.396593e+01 -4.384118e+01
      vertex   -1.200000e+01 -2.996593e+01 -4.384118e+01
      vertex   -1.200000e+01 1.386603e+01 -4.360000e+01
    endloop
  endfacet
  facet normal -1.000000e+00 2.030955e-16 -8.412492e-17
    outer loop
      vertex   -1.200000e+01 1.386603e+01 -4.360000e+01
      vertex   -1.200000e+01 -2.996593e+01 -4.384118e+01
      vertex   -1.200000e+01 -2.986603e+01 -4.360000e+01
    endloop
  endfacet
  facet normal -1.000000e+00 2.030955e-16 1.558407e-16
    outer loop
      vertex   -1.200000e+01 1.386603e+01 -4.360000e+01
      vertex   -1.200000e+01 -2.986603e+01 -4.360000e+01
      vertex   -1.200000e+01 1.370711e+01 -4.339289e+01
    endloop
  endfacet
  facet normal -1.000000e+00 2.045824e-16 -1.569816e-16
    outer loop
      vertex   -1.200000e+01 1.370711e+01 -4.339289e+01
      vertex   -1.200000e+01 -2.986603e+01 -4.360000e+01
      vertex   -1.200000e+01 -2.970711e+01 -4.339289e+01
    endloop
  endfacet
  facet normal -1.000000e+00 2.045824e-16 4.939056e-16
    outer loop
      vertex   -1.200000e+01 1.370711e+01 -4.339289e+01
      vertex   -1.200000e+01 -2.970711e+01 -4.339289e+01
      vertex   -1.200000e+01 1.300000e+01 -4.310000e+01
    endloop
  endfacet
  facet normal -1.000000e+00 2.114711e-16 -5.105363e-16
    outer loop
      vertex   -1.200000e+01 1.300000e+01 -4.310000e+01
      vertex   -1.200000e+01 -2.970711e+01 -4.339289e+01
      vertex   -1.200000e+01 -2.900000e+01 -4.310000e+01
    endloop
  endfacet
  facet normal -1.000000e+00 0.000000e+00 0.000000e+00
    outer loop
      vertex   -1.200000e+01 -2.900000e+01 -4.310000e+01
      vertex   -1.200000e+01 -2.970711e+01 -4.339289e+01
      vertex   -1.200000e+01 -2.950000e+01 -4.323397e+01
    endloop
  endfacet
  facet normal -1.000000e+00 0.000000e+00 0.000000e+00
    outer loop
      vertex   -1.200000e+01 -2.900000e+01 -4.310000e+01
      vertex   -1.200000e+01 -2.950000e+01 -4.323397e+01
      vertex   -1.200000e+01 -2.925882e+01 -4.313407e+01
    endloop
  endfacet
  facet normal -1.000000e+00 -0.000000e+00 -0.000000e+00
    outer loop
      vertex   -1.200000e+01 1.325882e+01 -4.313407e+01
      vertex   -1.200000e+01 1.350000e+01 -4.323397e+01
      vertex   -1.200000e+01 1.300000e+01 -4.310000e+01
    endloop
  endfacet
  facet normal -1.000000e+00 0.000000e+00 0.000000e+00
    outer loop
      vertex   -1.200000e+01 1.300000e+01 -4.310000e+01
      vertex   -1.200000e+01 1.350000e+01 -4.323397e+01
      vertex   -1.200000e+01 1.370711e+01 -4.339289e+01
    endloop
  endfacet
  facet normal 1.000000e+00 0.000000e+00 0.000000e+00
    outer loop
      vertex   2.250000e+01 -3.000000e+01 -4.610000e+01
      vertex   2.250000e+01 1.400000e+01 -4.610000e+01
      vertex   2.250000e+01 -3.000000e+01 -4.410000e+01
    endloop
  endfacet
  facet normal 1.000000e+00 -0.000000e+00 0.000000e+00
    outer loop
      vertex   2.250000e+01 -3.000000e+01 -4.410000e+01
      vertex   2.250000e+01 1.400000e+01 -4.610000e+01
      vertex   2.250000e+01 1.400000e+01 -4.410000e+01
    endloop
  endfacet
  facet normal 1.000000e+00 0.000000e+00 0.000000e+00
    outer loop
      vertex   2.250000e+01 -3.000000e+01 -4.410000e+01
      vertex   2.250000e+01 1.400000e+01 -4.410000e+01
      vertex   2.250000e+01 -2.996593e+01 -4.384118e+01
    endloop
  endfacet
  facet normal 1.000000e+00 -0.000000e+00 0.000000e+00
    outer loop
      vertex   2.250000e+01 -2.996593e+01 -4.384118e+01
      vertex   2.250000e+01 1.400000e+01 -4.410000e+01
      vertex   2.250000e+01 1.396593e+01 -4.384118e+01
    endloop
  endfacet
  facet normal 1.000000e+00 0.000000e+00 0.000000e+00
    outer loop
      vertex   2.250000e+01 -2.996593e+01 -4.384118e+01
      vertex   2.250000e+01 1.396593e+01 -4.384118e+01
      vertex   2.250000e+01 -2.986603e+01 -4.360000e+01
    endloop
  endfacet
  facet normal 1.000000e+00 -0.000000e+00 0.000000e+00
    outer loop
      vertex   2.250000e+01 -2.986603e+01 -4.360000e+01
      vertex   2.250000e+01 1.396593e+01 -4.384118e+01
      vertex   2.250000e+01 1.386603e+01 -4.360000e+01
    endloop
  endfacet
  facet normal 1.000000e+00 0.000000e+00 0.000000e+00
    outer loop
      vertex   2.250000e+01 -2.986603e+01 -4.360000e+01
      vertex   2.250000e+01 1.386603e+01 -4.360000e+01
      vertex   2.250000e+01 -2.970711e+01 -4.339289e+01
    endloop
  endfacet
  facet normal 1.000000e+00 -0.000000e+00 0.000000e+00
    outer loop
      vertex   2.250000e+01 -2.970711e+01 -4.339289e+01
      vertex   2.250000e+01 1.386603e+01 -4.360000e+01
      vertex   2.250000e+01 1.370711e+01 -4.339289e+01
    endloop
  endfacet
  facet normal 1.000000e+00 0.000000e+00 0.000000e+00
    outer loop
      vertex   2.250000e+01 -2.970711e+01 -4.339289e+01
      vertex   2.250000e+01 1.370711e+01 -4.339289e+01
      vertex   2.250000e+01 -2.900000e+01 -4.310000e+01
    endloop
  endfacet
  facet normal 1.000000e+00 -0.000000e+00 0.000000e+00
    outer loop
      vertex   2.250000e+01 -2.900000e+01 -4.310000e+01
      vertex   2.250000e+01 1.370711e+01 -4.339289e+01
      vertex   2.250000e+01 1.300000e+01 -4.310000e+01
    endloop
  endfacet
  facet normal 1.000000e+00 0.000000e+00 0.000000e+00
    outer loop
      vertex   2.250000e+01 1.300000e+01 -4.310000e+01
      vertex   2.250000e+01 1.370711e+01 -4.339289e+01
      vertex   2.250000e+01 1.350000e+01 -4.323397e+01
    endloop
  endfacet
  facet normal 1.000000e+00 0.000000e+00 0.000000e+00
    outer loop
      vertex   2.250000e+01 1.300000e+01 -4.310000e+01
      vertex   2.250000e+01 1.350000e+01 -4.323397e+01
      vertex   2.250000e+01 1.325882e+01 -4.313407e+01
    endloop
  endfacet
  facet normal 1.000000e+00 -0.000000e+00 0.000000e+00
    outer loop
      vertex   2.250000e+01 -2.925882e+01 -4.313407e+01
      vertex   2.250000e+01 -2.950000e+01 -4.323397e+01
      vertex   2.250000e+01 -2.900000e+01 -4.310000e+01
    endloop
  endfacet
  facet normal 1.000000e+00 0.000000e+00 0.000000e+00
    outer loop
      vertex   2.250000e+01 -2.900000e+01 -4.310000e+01
      vertex   2.250000e+01 -2.950000e+01 -4.323397e+01
      vertex   2.250000e+01 -2.970711e+01 -4.339289e+01
    endloop
  endfacet
  facet normal -1.000000e+00 0.000000e+00 0.000000e+00
    outer loop
      vertex   -1.000000e+01 -3.442845e+00 -3.882637e+01
      vertex   -1.000000e+01 -3.400000e+00 -3.820000e+01
      vertex   -1.000000e+01 -1.000000e+00 -3.860000e+01
    endloop
  endfacet
  facet normal -1.000000e+00 0.000000e+00 0.000000e+00
    outer loop
      vertex   -1.000000e+01 -1.000000e+00 -3.860000e+01
      vertex   -1.000000e+01 -3.400000e+00 -3.820000e+01
      vertex   -1.000000e+01 -3.442845e+00 -3.757363e+01
    endloop
  endfacet
  facet normal -1.000000e+00 0.000000e+00 0.000000e+00
    outer loop
      vertex   -1.000000e+01 -1.000000e+00 -3.860000e+01
      vertex   -1.000000e+01 -3.442845e+00 -3.757363e+01
      vertex   -1.000000e+01 -1.000000e+00 -3.660000e+01
    endloop
  endfacet
  facet normal -1.000000e+00 0.000000e+00 0.000000e+00
    outer loop
      vertex   -1.000000e+01 -1.000000e+00 -3.660000e+01
      vertex   -1.000000e+01 -3.442845e+00 -3.757363e+01
      vertex   -1.000000e+01 -3.570580e+00 -3.695893e+01
    endloop
  endfacet
  facet normal -1.000000e+00 -0.000000e+00 0.000000e+00
    outer loop
      vertex   -1.000000e+01 -1.000000e+00 -3.660000e+01
      vertex   -1.000000e+01 -3.570580e+00 -3.695893e+01
      vertex   -1.000000e+01 -3.780828e+00 -3.636735e+01
    endloop
  endfacet
  facet normal -1.000000e+00 0.000000e+00 0.000000e+00
    outer loop
      vertex   -1.000000e+01 -3.780828e+00 -3.636735e+01
      vertex   -1.000000e+01 -4.069671e+00 -3.580991e+01
      vertex   -1.000000e+01 -1.000000e+00 -3.660000e+01
    endloop
  endfacet
  facet normal -1.000000e+00 0.000000e+00 0.000000e+00
    outer loop
      vertex   -1.000000e+01 -1.000000e+00 -3.660000e+01
      vertex   -1.000000e+01 -4.069671e+00 -3.580991e+01
      vertex   -1.000000e+01 -4.431728e+00 -3.529700e+01
    endloop
  endfacet
  facet normal -1.000000e+00 5.159461e-16 1.358849e-15
    outer loop
      vertex   -1.000000e+01 -1.000000e+00 -3.660000e+01
      vertex   -1.000000e+01 -4.431728e+00 -3.529700e+01
      vertex   -1.000000e+01 4.362891e+00 -3.210000e+01
    endloop
  endfacet
  facet normal -1.000000e+00 7.539456e-16 7.041360e-16
    outer loop
      vertex   -1.000000e+01 4.362891e+00 -3.210000e+01
      vertex   -1.000000e+01 -4.431728e+00 -3.529700e+01
      vertex   -1.000000e+01 -4.860256e+00 -3.483815e+01
    endloop
  endfacet
  facet normal -1.000000e+00 7.055312e-16 8.672143e-16
    outer loop
      vertex   -1.000000e+01 4.362891e+00 -3.210000e+01
      vertex   -1.000000e+01 -4.860256e+00 -3.483815e+01
      vertex   -1.000000e+01 -5.347271e+00 -3.444194e+01
    endloop
  endfacet
  facet normal -1.000000e+00 6.549353e-16 1.076995e-15
    outer loop
      vertex   -1.000000e+01 -5.347271e+00 -3.444194e+01
      vertex   -1.000000e+01 -5.883701e+00 -3.411573e+01
      vertex   -1.000000e+01 4.362891e+00 -3.210000e+01
    endloop
  endfacet
  facet normal -1.000000e+00 5.966029e-16 1.373518e-15
    outer loop
      vertex   -1.000000e+01 4.362891e+00 -3.210000e+01
      vertex   -1.000000e+01 -5.883701e+00 -3.411573e+01
      vertex   -1.000000e+01 -6.459554e+00 -3.386560e+01
    endloop
  endfacet
  facet normal -1.000000e+00 5.186760e-16 1.851179e-15
    outer loop
      vertex   -1.000000e+01 4.362891e+00 -3.210000e+01
      vertex   -1.000000e+01 -6.459554e+00 -3.386560e+01
      vertex   -1.000000e+01 -7.064102e+00 -3.369621e+01
    endloop
  endfacet
  facet normal -1.000000e+00 3.854890e-16 2.804641e-15
    outer loop
      vertex   -1.000000e+01 -7.064102e+00 -3.369621e+01
      vertex   -1.000000e+01 -7.686085e+00 -3.361072e+01
      vertex   -1.000000e+01 4.362891e+00 -3.210000e+01
    endloop
  endfacet
  facet normal -1.000000e+00 0.000000e+00 5.879159e-15
    outer loop
      vertex   -1.000000e+01 4.362891e+00 -3.210000e+01
      vertex   -1.000000e+01 -7.686085e+00 -3.361072e+01
      vertex   -1.000000e+01 -8.313915e+00 -3.361072e+01
    endloop
  endfacet
  facet normal -1.000000e+00 0.000000e+00 5.879159e-15
    outer loop
      vertex   -1.000000e+01 4.362891e+00 -3.210000e+01
      vertex   -1.000000e+01 -8.313915e+00 -3.361072e+01
      vertex   -1.000000e+01 -2.036289e+01 -3.210000e+01
    endloop
  endfacet
  facet normal -1.000000e+00 -3.854890e-16 2.804641e-15
    outer loop
      vertex   -1.000000e+01 -2.036289e+01 -3.210000e+01
      vertex   -1.000000e+01 -8.313915e+00 -3.361072e+01
      vertex   -1.000000e+01 -8.935898e+00 -3.369621e+01
    endloop
  endfacet
  facet normal -1.000000e+00 -5.186760e-16 1.851179e-15
    outer loop
      vertex   -1.000000e+01 -2.036289e+01 -3.210000e+01
      vertex   -1.000000e+01 -8.935898e+00 -3.369621e+01
      vertex   -1.000000e+01 -9.540446e+00 -3.386560e+01
    endloop
  endfacet
  facet normal -1.000000e+00 -5.966029e-16 1.373518e-15
    outer loop
      vertex   -1.000000e+01 -9.540446e+00 -3.386560e+01
      vertex   -1.000000e+01 -1.011630e+01 -3.411573e+01
      vertex   -1.000000e+01 -2.036289e+01 -3.210000e+01
    endloop
  endfacet
  facet normal -1.000000e+00 -6.549353e-16 1.076995e-15
    outer loop
      vertex   -1.000000e+01 -2.036289e+01 -3.210000e+01
      vertex   -1.000000e+01 -1.011630e+01 -3.411573e+01
      vertex   -1.000000e+01 -1.065273e+01 -3.444194e+01
    endloop
  endfacet
  facet normal -1.000000e+00 -7.055312e-16 8.672143e-16
    outer loop
      vertex   -1.000000e+01 -2.036289e+01 -3.210000e+01
      vertex   -1.000000e+01 -1.065273e+01 -3.444194e+01
      vertex   -1.000000e+01 -1.113974e+01 -3.483815e+01
    endloop
  endfacet
  facet normal -1.000000e+00 -7.539456e-16 7.041360e-16
    outer loop
      vertex   -1.000000e+01 -1.113974e+01 -3.483815e+01
      vertex   -1.000000e+01 -1.156827e+01 -3.529700e+01
      vertex   -1.000000e+01 -2.036289e+01 -3.210000e+01
    endloop
  endfacet
  facet normal -1.000000e+00 -5.159461e-16 1.358849e-15
    outer loop
      vertex   -1.000000e+01 -2.036289e+01 -3.210000e+01
      vertex   -1.000000e+01 -1.156827e+01 -3.529700e+01
      vertex   -1.000000e+01 -1.500000e+01 -3.660000e+01
    endloop
  endfacet
  facet normal -1.000000e+00 0.000000e+00 0.000000e+00
    outer loop
      vertex   -1.000000e+01 -1.500000e+01 -3.660000e+01
      vertex   -1.000000e+01 -1.156827e+01 -3.529700e+01
      vertex   -1.000000e+01 -1.193033e+01 -3.580991e+01
    endloop
  endfacet
  facet normal -1.000000e+00 0.000000e+00 0.000000e+00
    outer loop
      vertex   -1.000000e+01 -1.500000e+01 -3.660000e+01
      vertex   -1.000000e+01 -1.193033e+01 -3.580991e+01
      vertex   -1.000000e+01 -1.221917e+01 -3.636735e+01
    endloop
  endfacet
  facet normal -1.000000e+00 0.000000e+00 0.000000e+00
    outer loop
      vertex   -1.000000e+01 -1.221917e+01 -3.636735e+01
      vertex   -1.000000e+01 -1.242942e+01 -3.695893e+01
      vertex   -1.000000e+01 -1.500000e+01 -3.660000e+01
    endloop
  endfacet
  facet normal -1.000000e+00 0.000000e+00 0.000000e+00
    outer loop
      vertex   -1.000000e+01 -1.500000e+01 -3.660000e+01
      vertex   -1.000000e+01 -1.242942e+01 -3.695893e+01
      vertex   -1.000000e+01 -1.255716e+01 -3.757363e+01
    endloop
  endfacet
  facet normal -1.000000e+00 0.000000e+00 0.000000e+00
    outer loop
      vertex   -1.000000e+01 -1.500000e+01 -3.660000e+01
      vertex   -1.000000e+01 -1.255716e+01 -3.757363e+01
      vertex   -1.000000e+01 -1.500000e+01 -3.860000e+01
    endloop
  endfacet
  facet normal -1.000000e+00 0.000000e+00 0.000000e+00
    outer loop
      vertex   -1.000000e+01 -1.500000e+01 -3.860000e+01
      vertex   -1.000000e+01 -1.255716e+01 -3.757363e+01
      vertex   -1.000000e+01 -1.260000e+01 -3.820000e+01
    endloop
  endfacet
  facet normal -1.000000e+00 0.000000e+00 0.000000e+00
    outer loop
      vertex   -1.000000e+01 -1.500000e+01 -3.860000e+01
      vertex   -1.000000e+01 -1.260000e+01 -3.820000e+01
      vertex   -1.000000e+01 -1.255716e+01 -3.882637e+01
    endloop
  endfacet
  facet normal -1.000000e+00 -0.000000e+00 -0.000000e+00
    outer loop
      vertex   -1.000000e+01 -1.255716e+01 -3.882637e+01
      vertex   -1.000000e+01 -1.242942e+01 -3.944107e+01
      vertex   -1.000000e+01 -1.500000e+01 -3.860000e+01
    endloop
  endfacet
  facet normal -1.000000e+00 0.000000e+00 0.000000e+00
    outer loop
      vertex   -1.000000e+01 -1.500000e+01 -3.860000e+01
      vertex   -1.000000e+01 -1.242942e+01 -3.944107e+01
      vertex   -1.000000e+01 -1.221917e+01 -4.003265e+01
    endloop
  endfacet
  facet normal -1.000000e+00 0.000000e+00 -0.000000e+00
    outer loop
      vertex   -1.000000e+01 -1.500000e+01 -3.860000e+01
      vertex   -1.000000e+01 -1.221917e+01 -4.003265e+01
      vertex   -1.000000e+01 -1.950000e+01 -4.310000e+01
    endloop
  endfacet
  facet normal -1.000000e+00 0.000000e+00 0.000000e+00
    outer loop
      vertex   -1.000000e+01 -1.950000e+01 -4.310000e+01
      vertex   -1.000000e+01 -1.221917e+01 -4.003265e+01
      vertex   -1.000000e+01 -1.193033e+01 -4.059009e+01
    endloop
  endfacet
  facet normal -1.000000e+00 0.000000e+00 0.000000e+00
    outer loop
      vertex   -1.000000e+01 -1.950000e+01 -4.310000e+01
      vertex   -1.000000e+01 -1.193033e+01 -4.059009e+01
      vertex   -1.000000e+01 -1.156827e+01 -4.110300e+01
    endloop
  endfacet
  facet normal -1.000000e+00 0.000000e+00 -0.000000e+00
    outer loop
      vertex   -1.000000e+01 -1.156827e+01 -4.110300e+01
      vertex   -1.000000e+01 -1.113974e+01 -4.156185e+01
      vertex   -1.000000e+01 -1.950000e+01 -4.310000e+01
    endloop
  endfacet
  facet normal -1.000000e+00 0.000000e+00 0.000000e+00
    outer loop
      vertex   -1.000000e+01 -1.950000e+01 -4.310000e+01
      vertex   -1.000000e+01 -1.113974e+01 -4.156185e+01
      vertex   -1.000000e+01 -1.065273e+01 -4.195806e+01
    endloop
  endfacet
  facet normal -1.000000e+00 0.000000e+00 0.000000e+00
    outer loop
      vertex   -1.000000e+01 -1.950000e+01 -4.310000e+01
      vertex   -1.000000e+01 -1.065273e+01 -4.195806e+01
      vertex   -1.000000e+01 -1.011630e+01 -4.228427e+01
    endloop
  endfacet
  facet normal -1.000000e+00 0.000000e+00 -0.000000e+00
    outer loop
      vertex   -1.000000e+01 -1.011630e+01 -4.228427e+01
      vertex   -1.000000e+01 -9.540446e+00 -4.253440e+01
      vertex   -1.000000e+01 -1.950000e+01 -4.310000e+01
    endloop
  endfacet
  facet normal -1.000000e+00 0.000000e+00 0.000000e+00
    outer loop
      vertex   -1.000000e+01 -1.950000e+01 -4.310000e+01
      vertex   -1.000000e+01 -9.540446e+00 -4.253440e+01
      vertex   -1.000000e+01 -8.935898e+00 -4.270379e+01
    endloop
  endfacet
  facet normal -1.000000e+00 0.000000e+00 0.000000e+00
    outer loop
      vertex   -1.000000e+01 -1.950000e+01 -4.310000e+01
      vertex   -1.000000e+01 -8.935898e+00 -4.270379e+01
      vertex   -1.000000e+01 -8.313915e+00 -4.278928e+01
    endloop
  endfacet
  facet normal -1.000000e+00 0.000000e+00 -0.000000e+00
    outer loop
      vertex   -1.000000e+01 -8.313915e+00 -4.278928e+01
      vertex   -1.000000e+01 -7.686085e+00 -4.278928e+01
      vertex   -1.000000e+01 -1.950000e+01 -4.310000e+01
    endloop
  endfacet
  facet normal -1.000000e+00 0.000000e+00 0.000000e+00
    outer loop
      vertex   -1.000000e+01 -1.950000e+01 -4.310000e+01
      vertex   -1.000000e+01 -7.686085e+00 -4.278928e+01
      vertex   -1.000000e+01 3.500000e+00 -4.310000e+01
    endloop
  endfacet
  facet normal -1.000000e+00 0.000000e+00 0.000000e+00
    outer loop
      vertex   -1.000000e+01 3.500000e+00 -4.310000e+01
      vertex   -1.000000e+01 -7.686085e+00 -4.278928e+01
      vertex   -1.000000e+01 -7.064102e+00 -4.270379e+01
    endloop
  endfacet
  facet normal -1.000000e+00 0.000000e+00 0.000000e+00
    outer loop
      vertex   -1.000000e+01 3.500000e+00 -4.310000e+01
      vertex   -1.000000e+01 -7.064102e+00 -4.270379e+01
      vertex   -1.000000e+01 -6.459554e+00 -4.253440e+01
    endloop
  endfacet
  facet normal -1.000000e+00 0.000000e+00 0.000000e+00
    outer loop
      vertex   -1.000000e+01 -6.459554e+00 -4.253440e+01
      vertex   -1.000000e+01 -5.883701e+00 -4.228427e+01
      vertex   -1.000000e+01 3.500000e+00 -4.310000e+01
    endloop
  endfacet
  facet normal -1.000000e+00 0.000000e+00 0.000000e+00
    outer loop
      vertex   -1.000000e+01 3.500000e+00 -4.310000e+01
      vertex   -1.000000e+01 -5.883701e+00 -4.228427e+01
      vertex   -1.000000e+01 -5.347271e+00 -4.195806e+01
    endloop
  endfacet
  facet normal -1.000000e+00 0.000000e+00 0.000000e+00
    outer loop
      vertex   -1.000000e+01 3.500000e+00 -4.310000e+01
      vertex   -1.000000e+01 -5.347271e+00 -4.195806e+01
      vertex   -1.000000e+01 -4.860256e+00 -4.156185e+01
    endloop
  endfacet
  facet normal -1.000000e+00 0.000000e+00 0.000000e+00
    outer loop
      vertex   -1.000000e+01 -4.860256e+00 -4.156185e+01
      vertex   -1.000000e+01 -4.431728e+00 -4.110300e+01
      vertex   -1.000000e+01 3.500000e+00 -4.310000e+01
    endloop
  endfacet
  facet normal -1.000000e+00 0.000000e+00 0.000000e+00
    outer loop
      vertex   -1.000000e+01 3.500000e+00 -4.310000e+01
      vertex   -1.000000e+01 -4.431728e+00 -4.110300e+01
      vertex   -1.000000e+01 -4.069671e+00 -4.059009e+01
    endloop
  endfacet
  facet normal -1.000000e+00 0.000000e+00 0.000000e+00
    outer loop
      vertex   -1.000000e+01 3.500000e+00 -4.310000e+01
      vertex   -1.000000e+01 -4.069671e+00 -4.059009e+01
      vertex   -1.000000e+01 -3.780828e+00 -4.003265e+01
    endloop
  endfacet
  facet normal -1.000000e+00 0.000000e+00 0.000000e+00
    outer loop
      vertex   -1.000000e+01 3.500000e+00 -4.310000e+01
      vertex   -1.000000e+01 -3.780828e+00 -4.003265e+01
      vertex   -1.000000e+01 -1.000000e+00 -3.860000e+01
    endloop
  endfacet
  facet normal -1.000000e+00 0.000000e+00 0.000000e+00
    outer loop
      vertex   -1.000000e+01 -1.000000e+00 -3.860000e+01
      vertex   -1.000000e+01 -3.780828e+00 -4.003265e+01
      vertex   -1.000000e+01 -3.570580e+00 -3.944107e+01
    endloop
  endfacet
  facet normal -1.000000e+00 0.000000e+00 0.000000e+00
    outer loop
      vertex   -1.000000e+01 -1.000000e+00 -3.860000e+01
      vertex   -1.000000e+01 -3.570580e+00 -3.944107e+01
      vertex   -1.000000e+01 -3.442845e+00 -3.882637e+01
    endloop
  endfacet
  facet normal 0.000000e+00 -9.976688e-01 6.824241e-02
    outer loop
      vertex   -1.000000e+01 -3.442845e+00 -3.882637e+01
      vertex   -3.129244e-07 -3.442845e+00 -3.882637e+01
      vertex   -1.000000e+01 -3.400000e+00 -3.820000e+01
    endloop
  endfacet
  facet normal 0.000000e+00 -9.976688e-01 6.824241e-02
    outer loop
      vertex   -1.000000e+01 -3.400000e+00 -3.820000e+01
      vertex   -3.129244e-07 -3.442845e+00 -3.882637e+01
      vertex   -3.129244e-07 -3.400000e+00 -3.820000e+01
    endloop
  endfacet
  facet normal 0.000000e+00 -9.976688e-01 -6.824241e-02
    outer loop
      vertex   -1.000000e+01 -3.400000e+00 -3.820000e+01
      vertex   -3.129244e-07 -3.400000e+00 -3.820000e+01
      vertex   -1.000000e+01 -3.442845e+00 -3.757363e+01
    endloop
  endfacet
  facet normal -4.430539e-17 -9.976688e-01 -6.824241e-02
    outer loop
      vertex   -1.000000e+01 -3.442845e+00 -3.757363e+01
      vertex   -3.129244e-07 -3.400000e+00 -3.820000e+01
      vertex   -3.129244e-07 -3.442845e+00 -3.757363e+01
    endloop
  endfacet
  facet normal -4.348007e-17 -9.790841e-01 -2.034560e-01
    outer loop
      vertex   -1.000000e+01 -3.442845e+00 -3.757363e+01
      vertex   -3.129244e-07 -3.442845e+00 -3.757363e+01
      vertex   -1.000000e+01 -3.570580e+00 -3.695893e+01
    endloop
  endfacet
  facet normal 0.000000e+00 -9.790841e-01 -2.034560e-01
    outer loop
      vertex   -1.000000e+01 -3.570580e+00 -3.695893e+01
      vertex   -3.129244e-07 -3.442845e+00 -3.757363e+01
      vertex   -3.129244e-07 -3.570580e+00 -3.695893e+01
    endloop
  endfacet
  facet normal 0.000000e+00 -9.422609e-01 -3.348796e-01
    outer loop
      vertex   -1.000000e+01 -3.570580e+00 -3.695893e+01
      vertex   -3.129244e-07 -3.570580e+00 -3.695893e+01
      vertex   -1.000000e+01 -3.780828e+00 -3.636735e+01
    endloop
  endfacet
  facet normal 1.124119e-16 -9.422609e-01 -3.348796e-01
    outer loop
      vertex   -1.000000e+01 -3.780828e+00 -3.636735e+01
      vertex   -3.129244e-07 -3.570580e+00 -3.695893e+01
      vertex   -3.129244e-07 -3.780828e+00 -3.636735e+01
    endloop
  endfacet
  facet normal 2.086058e-16 -8.878852e-01 -4.600650e-01
    outer loop
      vertex   -1.000000e+01 -3.780828e+00 -3.636735e+01
      vertex   -3.129244e-07 -3.780828e+00 -3.636735e+01
      vertex   -1.000000e+01 -4.069671e+00 -3.580991e+01
    endloop
  endfacet
  facet normal 0.000000e+00 -8.878852e-01 -4.600650e-01
    outer loop
      vertex   -1.000000e+01 -4.069671e+00 -3.580991e+01
      vertex   -3.129244e-07 -3.780828e+00 -3.636735e+01
      vertex   -3.129244e-07 -4.069671e+00 -3.580991e+01
    endloop
  endfacet
  facet normal 0.000000e+00 -8.169699e-01 -5.766803e-01
    outer loop
      vertex   -1.000000e+01 -4.069671e+00 -3.580991e+01
      vertex   -3.129244e-07 -4.069671e+00 -3.580991e+01
      vertex   -1.000000e+01 -4.431728e+00 -3.529700e+01
    endloop
  endfacet
  facet normal 0.000000e+00 -8.169699e-01 -5.766803e-01
    outer loop
      vertex   -1.000000e+01 -4.431728e+00 -3.529700e+01
      vertex   -3.129244e-07 -4.069671e+00 -3.580991e+01
      vertex   -3.129244e-07 -4.431728e+00 -3.529700e+01
    endloop
  endfacet
  facet normal 0.000000e+00 -7.308360e-01 -6.825531e-01
    outer loop
      vertex   -1.000000e+01 -4.431728e+00 -3.529700e+01
      vertex   -3.129244e-07 -4.431728e+00 -3.529700e+01
      vertex   -1.000000e+01 -4.860256e+00 -3.483815e+01
    endloop
  endfacet
  facet normal 4.200719e-16 -7.308360e-01 -6.825531e-01
    outer loop
      vertex   -1.000000e+01 -4.860256e+00 -3.483815e+01
      vertex   -3.129244e-07 -4.431728e+00 -3.529700e+01
      vertex   -3.129244e-07 -4.860256e+00 -3.483815e+01
    endloop
  endfacet
  facet normal 4.951242e-16 -6.310879e-01 -7.757113e-01
    outer loop
      vertex   -1.000000e+01 -4.860256e+00 -3.483815e+01
      vertex   -3.129244e-07 -4.860256e+00 -3.483815e+01
      vertex   -1.000000e+01 -5.347271e+00 -3.444194e+01
    endloop
  endfacet
  facet normal 0.000000e+00 -6.310879e-01 -7.757113e-01
    outer loop
      vertex   -1.000000e+01 -5.347271e+00 -3.444194e+01
      vertex   -3.129244e-07 -4.860256e+00 -3.483815e+01
      vertex   -3.129244e-07 -5.347271e+00 -3.444194e+01
    endloop
  endfacet
  facet normal 0.000000e+00 -5.195840e-01 -8.544194e-01
    outer loop
      vertex   -1.000000e+01 -5.347271e+00 -3.444194e+01
      vertex   -3.129244e-07 -5.347271e+00 -3.444194e+01
      vertex   -1.000000e+01 -5.883701e+00 -3.411573e+01
    endloop
  endfacet
  facet normal 0.000000e+00 -5.195840e-01 -8.544194e-01
    outer loop
      vertex   -1.000000e+01 -5.883701e+00 -3.411573e+01
      vertex   -3.129244e-07 -5.347271e+00 -3.444194e+01
      vertex   -3.129244e-07 -5.883701e+00 -3.411573e+01
    endloop
  endfacet
  facet normal 0.000000e+00 -3.984011e-01 -9.172113e-01
    outer loop
      vertex   -1.000000e+01 -5.883701e+00 -3.411573e+01
      vertex   -3.129244e-07 -5.883701e+00 -3.411573e+01
      vertex   -1.000000e+01 -6.459554e+00 -3.386560e+01
    endloop
  endfacet
  facet normal 0.000000e+00 -3.984011e-01 -9.172113e-01
    outer loop
      vertex   -1.000000e+01 -6.459554e+00 -3.386560e+01
      vertex   -3.129244e-07 -5.883701e+00 -3.411573e+01
      vertex   -3.129244e-07 -6.459554e+00 -3.386560e+01
    endloop
  endfacet
  facet normal 0.000000e+00 -2.697968e-01 -9.629173e-01
    outer loop
      vertex   -1.000000e+01 -6.459554e+00 -3.386560e+01
      vertex   -3.129244e-07 -6.459554e+00 -3.386560e+01
      vertex   -1.000000e+01 -7.064102e+00 -3.369621e+01
    endloop
  endfacet
  facet normal 0.000000e+00 -2.697968e-01 -9.629173e-01
    outer loop
      vertex   -1.000000e+01 -7.064102e+00 -3.369621e+01
      vertex   -3.129244e-07 -6.459554e+00 -3.386560e+01
      vertex   -3.129244e-07 -7.064102e+00 -3.369621e+01
    endloop
  endfacet
  facet normal 0.000000e+00 -1.361666e-01 -9.906859e-01
    outer loop
      vertex   -1.000000e+01 -7.064102e+00 -3.369621e+01
      vertex   -3.129244e-07 -7.064102e+00 -3.369621e+01
      vertex   -1.000000e+01 -7.686085e+00 -3.361072e+01
    endloop
  endfacet
  facet normal 0.000000e+00 -1.361666e-01 -9.906859e-01
    outer loop
      vertex   -1.000000e+01 -7.686085e+00 -3.361072e+01
      vertex   -3.129244e-07 -7.064102e+00 -3.369621e+01
      vertex   -3.129244e-07 -7.686085e+00 -3.361072e+01
    endloop
  endfacet
  facet normal 0.000000e+00 0.000000e+00 -1.000000e+00
    outer loop
      vertex   -1.000000e+01 -7.686085e+00 -3.361072e+01
      vertex   -3.129244e-07 -7.686085e+00 -3.361072e+01
      vertex   -1.000000e+01 -8.313915e+00 -3.361072e+01
    endloop
  endfacet
  facet normal 0.000000e+00 0.000000e+00 -1.000000e+00
    outer loop
      vertex   -1.000000e+01 -8.313915e+00 -3.361072e+01
      vertex   -3.129244e-07 -7.686085e+00 -3.361072e+01
      vertex   -3.129244e-07 -8.313915e+00 -3.361072e+01
    endloop
  endfacet
  facet normal 0.000000e+00 1.361666e-01 -9.906859e-01
    outer loop
      vertex   -1.000000e+01 -8.313915e+00 -3.361072e+01
      vertex   -3.129244e-07 -8.313915e+00 -3.361072e+01
      vertex   -1.000000e+01 -8.935898e+00 -3.369621e+01
    endloop
  endfacet
  facet normal -2.418806e-17 1.361666e-01 -9.906859e-01
    outer loop
      vertex   -1.000000e+01 -8.935898e+00 -3.369621e+01
      vertex   -3.129244e-07 -8.313915e+00 -3.361072e+01
      vertex   -3.129244e-07 -8.935898e+00 -3.369621e+01
    endloop
  endfacet
  facet normal -4.792553e-17 2.697968e-01 -9.629173e-01
    outer loop
      vertex   -1.000000e+01 -8.935898e+00 -3.369621e+01
      vertex   -3.129244e-07 -8.935898e+00 -3.369621e+01
      vertex   -1.000000e+01 -9.540446e+00 -3.386560e+01
    endloop
  endfacet
  facet normal 0.000000e+00 2.697968e-01 -9.629173e-01
    outer loop
      vertex   -1.000000e+01 -9.540446e+00 -3.386560e+01
      vertex   -3.129244e-07 -8.935898e+00 -3.369621e+01
      vertex   -3.129244e-07 -9.540446e+00 -3.386560e+01
    endloop
  endfacet
  facet normal 0.000000e+00 3.984011e-01 -9.172113e-01
    outer loop
      vertex   -1.000000e+01 -9.540446e+00 -3.386560e+01
      vertex   -3.129244e-07 -9.540446e+00 -3.386560e+01
      vertex   -1.000000e+01 -1.011630e+01 -3.411573e+01
    endloop
  endfacet
  facet normal 7.077025e-17 3.984011e-01 -9.172113e-01
    outer loop
      vertex   -1.000000e+01 -1.011630e+01 -3.411573e+01
      vertex   -3.129244e-07 -9.540446e+00 -3.386560e+01
      vertex   -3.129244e-07 -1.011630e+01 -3.411573e+01
    endloop
  endfacet
  facet normal 9.229665e-17 5.195840e-01 -8.544194e-01
    outer loop
      vertex   -1.000000e+01 -1.011630e+01 -3.411573e+01
      vertex   -3.129244e-07 -1.011630e+01 -3.411573e+01
      vertex   -1.000000e+01 -1.065273e+01 -3.444194e+01
    endloop
  endfacet
  facet normal 9.229665e-17 5.195840e-01 -8.544194e-01
    outer loop
      vertex   -1.000000e+01 -1.065273e+01 -3.444194e+01
      vertex   -3.129244e-07 -1.011630e+01 -3.411573e+01
      vertex   -3.129244e-07 -1.065273e+01 -3.444194e+01
    endloop
  endfacet
  facet normal 1.121037e-16 6.310879e-01 -7.757113e-01
    outer loop
      vertex   -1.000000e+01 -1.065273e+01 -3.444194e+01
      vertex   -3.129244e-07 -1.065273e+01 -3.444194e+01
      vertex   -1.000000e+01 -1.113974e+01 -3.483815e+01
    endloop
  endfacet
  facet normal 0.000000e+00 6.310879e-01 -7.757113e-01
    outer loop
      vertex   -1.000000e+01 -1.113974e+01 -3.483815e+01
      vertex   -3.129244e-07 -1.065273e+01 -3.444194e+01
      vertex   -3.129244e-07 -1.113974e+01 -3.483815e+01
    endloop
  endfacet
  facet normal 0.000000e+00 7.308360e-01 -6.825531e-01
    outer loop
      vertex   -1.000000e+01 -1.113974e+01 -3.483815e+01
      vertex   -3.129244e-07 -1.113974e+01 -3.483815e+01
      vertex   -1.000000e+01 -1.156827e+01 -3.529700e+01
    endloop
  endfacet
  facet normal 0.000000e+00 7.308360e-01 -6.825531e-01
    outer loop
      vertex   -1.000000e+01 -1.156827e+01 -3.529700e+01
      vertex   -3.129244e-07 -1.113974e+01 -3.483815e+01
      vertex   -3.129244e-07 -1.156827e+01 -3.529700e+01
    endloop
  endfacet
  facet normal 0.000000e+00 8.169699e-01 -5.766803e-01
    outer loop
      vertex   -1.000000e+01 -1.156827e+01 -3.529700e+01
      vertex   -3.129244e-07 -1.156827e+01 -3.529700e+01
      vertex   -1.000000e+01 -1.193033e+01 -3.580991e+01
    endloop
  endfacet
  facet normal 0.000000e+00 8.169699e-01 -5.766803e-01
    outer loop
      vertex   -1.000000e+01 -1.193033e+01 -3.580991e+01
      vertex   -3.129244e-07 -1.156827e+01 -3.529700e+01
      vertex   -3.129244e-07 -1.193033e+01 -3.580991e+01
    endloop
  endfacet
  facet normal 0.000000e+00 8.878852e-01 -4.600650e-01
    outer loop
      vertex   -1.000000e+01 -1.193033e+01 -3.580991e+01
      vertex   -3.129244e-07 -1.193033e+01 -3.580991e+01
      vertex   -1.000000e+01 -1.221917e+01 -3.636735e+01
    endloop
  endfacet
  facet normal -3.268959e-16 8.878852e-01 -4.600650e-01
    outer loop
      vertex   -1.000000e+01 -1.221917e+01 -3.636735e+01
      vertex   -3.129244e-07 -1.193033e+01 -3.580991e+01
      vertex   -3.129244e-07 -1.221917e+01 -3.636735e+01
    endloop
  endfacet
  facet normal -2.379463e-16 9.422609e-01 -3.348796e-01
    outer loop
      vertex   -1.000000e+01 -1.221917e+01 -3.636735e+01
      vertex   -3.129244e-07 -1.221917e+01 -3.636735e+01
      vertex   -1.000000e+01 -1.242942e+01 -3.695893e+01
    endloop
  endfacet
  facet normal 0.000000e+00 9.422609e-01 -3.348796e-01
    outer loop
      vertex   -1.000000e+01 -1.242942e+01 -3.695893e+01
      vertex   -3.129244e-07 -1.221917e+01 -3.636735e+01
      vertex   -3.129244e-07 -1.242942e+01 -3.695893e+01
    endloop
  endfacet
  facet normal 0.000000e+00 9.790841e-01 -2.034560e-01
    outer loop
      vertex   -1.000000e+01 -1.242942e+01 -3.695893e+01
      vertex   -3.129244e-07 -1.242942e+01 -3.695893e+01
      vertex   -1.000000e+01 -1.255716e+01 -3.757363e+01
    endloop
  endfacet
  facet normal 0.000000e+00 9.790841e-01 -2.034560e-01
    outer loop
      vertex   -1.000000e+01 -1.255716e+01 -3.757363e+01
      vertex   -3.129244e-07 -1.242942e+01 -3.695893e+01
      vertex   -3.129244e-07 -1.255716e+01 -3.757363e+01
    endloop
  endfacet
  facet normal 0.000000e+00 9.976688e-01 -6.824241e-02
    outer loop
      vertex   -1.000000e+01 -1.255716e+01 -3.757363e+01
      vertex   -3.129244e-07 -1.255716e+01 -3.757363e+01
      vertex   -1.000000e+01 -1.260000e+01 -3.820000e+01
    endloop
  endfacet
  facet normal 0.000000e+00 9.976688e-01 -6.824241e-02
    outer loop
      vertex   -1.000000e+01 -1.260000e+01 -3.820000e+01
      vertex   -3.129244e-07 -1.255716e+01 -3.757363e+01
      vertex   -3.129244e-07 -1.260000e+01 -3.820000e+01
    endloop
  endfacet
  facet normal -0.000000e+00 9.976688e-01 6.824241e-02
    outer loop
      vertex   -1.000000e+01 -1.260000e+01 -3.820000e+01
      vertex   -3.129244e-07 -1.260000e+01 -3.820000e+01
      vertex   -1.000000e+01 -1.255716e+01 -3.882637e+01
    endloop
  endfacet
  facet normal -0.000000e+00 9.976688e-01 6.824241e-02
    outer loop
      vertex   -1.000000e+01 -1.255716e+01 -3.882637e+01
      vertex   -3.129244e-07 -1.260000e+01 -3.820000e+01
      vertex   -3.129244e-07 -1.255716e+01 -3.882637e+01
    endloop
  endfacet
  facet normal -0.000000e+00 9.790841e-01 2.034560e-01
    outer loop
      vertex   -1.000000e+01 -1.255716e+01 -3.882637e+01
      vertex   -3.129244e-07 -1.255716e+01 -3.882637e+01
      vertex   -1.000000e+01 -1.242942e+01 -3.944107e+01
    endloop
  endfacet
  facet normal -0.000000e+00 9.790841e-01 2.034560e-01
    outer loop
      vertex   -1.000000e+01 -1.242942e+01 -3.944107e+01
      vertex   -3.129244e-07 -1.255716e+01 -3.882637e+01
      vertex   -3.129244e-07 -1.242942e+01 -3.944107e+01
    endloop
  endfacet
  facet normal -0.000000e+00 9.422609e-01 3.348796e-01
    outer loop
      vertex   -1.000000e+01 -1.242942e+01 -3.944107e+01
      vertex   -3.129244e-07 -1.242942e+01 -3.944107e+01
      vertex   -1.000000e+01 -1.221917e+01 -4.003265e+01
    endloop
  endfacet
  facet normal -0.000000e+00 9.422609e-01 3.348796e-01
    outer loop
      vertex   -1.000000e+01 -1.221917e+01 -4.003265e+01
      vertex   -3.129244e-07 -1.242942e+01 -3.944107e+01
      vertex   -3.129244e-07 -1.221917e+01 -4.003265e+01
    endloop
  endfacet
  facet normal -0.000000e+00 8.878852e-01 4.600650e-01
    outer loop
      vertex   -1.000000e+01 -1.221917e+01 -4.003265e+01
      vertex   -3.129244e-07 -1.221917e+01 -4.003265e+01
      vertex   -1.000000e+01 -1.193033e+01 -4.059009e+01
    endloop
  endfacet
  facet normal -3.154402e-16 8.878852e-01 4.600650e-01
    outer loop
      vertex   -1.000000e+01 -1.193033e+01 -4.059009e+01
      vertex   -3.129244e-07 -1.221917e+01 -4.003265e+01
      vertex   -3.129244e-07 -1.193033e+01 -4.059009e+01
    endloop
  endfacet
  facet normal -2.902460e-16 8.169699e-01 5.766803e-01
    outer loop
      vertex   -1.000000e+01 -1.193033e+01 -4.059009e+01
      vertex   -3.129244e-07 -1.193033e+01 -4.059009e+01
      vertex   -1.000000e+01 -1.156827e+01 -4.110300e+01
    endloop
  endfacet
  facet normal -0.000000e+00 8.169699e-01 5.766803e-01
    outer loop
      vertex   -1.000000e+01 -1.156827e+01 -4.110300e+01
      vertex   -3.129244e-07 -1.193033e+01 -4.059009e+01
      vertex   -3.129244e-07 -1.156827e+01 -4.110300e+01
    endloop
  endfacet
  facet normal -0.000000e+00 7.308360e-01 6.825531e-01
    outer loop
      vertex   -1.000000e+01 -1.156827e+01 -4.110300e+01
      vertex   -3.129244e-07 -1.156827e+01 -4.110300e+01
      vertex   -1.000000e+01 -1.113974e+01 -4.156185e+01
    endloop
  endfacet
  facet normal 1.298225e-16 7.308360e-01 6.825531e-01
    outer loop
      vertex   -1.000000e+01 -1.113974e+01 -4.156185e+01
      vertex   -3.129244e-07 -1.156827e+01 -4.110300e+01
      vertex   -3.129244e-07 -1.113974e+01 -4.156185e+01
    endloop
  endfacet
  facet normal 1.121037e-16 6.310879e-01 7.757113e-01
    outer loop
      vertex   -1.000000e+01 -1.113974e+01 -4.156185e+01
      vertex   -3.129244e-07 -1.113974e+01 -4.156185e+01
      vertex   -1.000000e+01 -1.065273e+01 -4.195806e+01
    endloop
  endfacet
  facet normal 1.121037e-16 6.310879e-01 7.757113e-01
    outer loop
      vertex   -1.000000e+01 -1.065273e+01 -4.195806e+01
      vertex   -3.129244e-07 -1.113974e+01 -4.156185e+01
      vertex   -3.129244e-07 -1.065273e+01 -4.195806e+01
    endloop
  endfacet
  facet normal 9.229665e-17 5.195840e-01 8.544194e-01
    outer loop
      vertex   -1.000000e+01 -1.065273e+01 -4.195806e+01
      vertex   -3.129244e-07 -1.065273e+01 -4.195806e+01
      vertex   -1.000000e+01 -1.011630e+01 -4.228427e+01
    endloop
  endfacet
  facet normal 5.148049e-16 5.195840e-01 8.544194e-01
    outer loop
      vertex   -1.000000e+01 -1.011630e+01 -4.228427e+01
      vertex   -3.129244e-07 -1.065273e+01 -4.195806e+01
      vertex   -3.129244e-07 -1.011630e+01 -4.228427e+01
    endloop
  endfacet
  facet normal 5.809476e-16 3.984011e-01 9.172113e-01
    outer loop
      vertex   -1.000000e+01 -1.011630e+01 -4.228427e+01
      vertex   -3.129244e-07 -1.011630e+01 -4.228427e+01
      vertex   -1.000000e+01 -9.540446e+00 -4.253440e+01
    endloop
  endfacet
  facet normal -1.415405e-16 3.984011e-01 9.172113e-01
    outer loop
      vertex   -1.000000e+01 -9.540446e+00 -4.253440e+01
      vertex   -3.129244e-07 -1.011630e+01 -4.228427e+01
      vertex   -3.129244e-07 -9.540446e+00 -4.253440e+01
    endloop
  endfacet
  facet normal -9.585107e-17 2.697968e-01 9.629173e-01
    outer loop
      vertex   -1.000000e+01 -9.540446e+00 -4.253440e+01
      vertex   -3.129244e-07 -9.540446e+00 -4.253440e+01
      vertex   -1.000000e+01 -8.935898e+00 -4.270379e+01
    endloop
  endfacet
  facet normal -0.000000e+00 2.697968e-01 9.629173e-01
    outer loop
      vertex   -1.000000e+01 -8.935898e+00 -4.270379e+01
      vertex   -3.129244e-07 -9.540446e+00 -4.253440e+01
      vertex   -3.129244e-07 -8.935898e+00 -4.270379e+01
    endloop
  endfacet
  facet normal -0.000000e+00 1.361666e-01 9.906859e-01
    outer loop
      vertex   -1.000000e+01 -8.935898e+00 -4.270379e+01
      vertex   -3.129244e-07 -8.935898e+00 -4.270379e+01
      vertex   -1.000000e+01 -8.313915e+00 -4.278928e+01
    endloop
  endfacet
  facet normal -0.000000e+00 1.361666e-01 9.906859e-01
    outer loop
      vertex   -1.000000e+01 -8.313915e+00 -4.278928e+01
      vertex   -3.129244e-07 -8.935898e+00 -4.270379e+01
      vertex   -3.129244e-07 -8.313915e+00 -4.278928e+01
    endloop
  endfacet
  facet normal 0.000000e+00 0.000000e+00 1.000000e+00
    outer loop
      vertex   -1.000000e+01 -8.313915e+00 -4.278928e+01
      vertex   -3.129244e-07 -8.313915e+00 -4.278928e+01
      vertex   -1.000000e+01 -7.686085e+00 -4.278928e+01
    endloop
  endfacet
  facet normal -0.000000e+00 0.000000e+00 1.000000e+00
    outer loop
      vertex   -1.000000e+01 -7.686085e+00 -4.278928e+01
      vertex   -3.129244e-07 -8.313915e+00 -4.278928e+01
      vertex   -3.129244e-07 -7.686085e+00 -4.278928e+01
    endloop
  endfacet
  facet normal 0.000000e+00 -1.361666e-01 9.906859e-01
    outer loop
      vertex   -1.000000e+01 -7.686085e+00 -4.278928e+01
      vertex   -3.129244e-07 -7.686085e+00 -4.278928e+01
      vertex   -1.000000e+01 -7.064102e+00 -4.270379e+01
    endloop
  endfacet
  facet normal 0.000000e+00 -1.361666e-01 9.906859e-01
    outer loop
      vertex   -1.000000e+01 -7.064102e+00 -4.270379e+01
      vertex   -3.129244e-07 -7.686085e+00 -4.278928e+01
      vertex   -3.129244e-07 -7.064102e+00 -4.270379e+01
    endloop
  endfacet
  facet normal 0.000000e+00 -2.697968e-01 9.629173e-01
    outer loop
      vertex   -1.000000e+01 -7.064102e+00 -4.270379e+01
      vertex   -3.129244e-07 -7.064102e+00 -4.270379e+01
      vertex   -1.000000e+01 -6.459554e+00 -4.253440e+01
    endloop
  endfacet
  facet normal -2.396277e-17 -2.697968e-01 9.629173e-01
    outer loop
      vertex   -1.000000e+01 -6.459554e+00 -4.253440e+01
      vertex   -3.129244e-07 -7.064102e+00 -4.270379e+01
      vertex   -3.129244e-07 -6.459554e+00 -4.253440e+01
    endloop
  endfacet
  facet normal -3.538513e-17 -3.984011e-01 9.172113e-01
    outer loop
      vertex   -1.000000e+01 -6.459554e+00 -4.253440e+01
      vertex   -3.129244e-07 -6.459554e+00 -4.253440e+01
      vertex   -1.000000e+01 -5.883701e+00 -4.228427e+01
    endloop
  endfacet
  facet normal 0.000000e+00 -3.984011e-01 9.172113e-01
    outer loop
      vertex   -1.000000e+01 -5.883701e+00 -4.228427e+01
      vertex   -3.129244e-07 -6.459554e+00 -4.253440e+01
      vertex   -3.129244e-07 -5.883701e+00 -4.228427e+01
    endloop
  endfacet
  facet normal 0.000000e+00 -5.195840e-01 8.544194e-01
    outer loop
      vertex   -1.000000e+01 -5.883701e+00 -4.228427e+01
      vertex   -3.129244e-07 -5.883701e+00 -4.228427e+01
      vertex   -1.000000e+01 -5.347271e+00 -4.195806e+01
    endloop
  endfacet
  facet normal 0.000000e+00 -5.195840e-01 8.544194e-01
    outer loop
      vertex   -1.000000e+01 -5.347271e+00 -4.195806e+01
      vertex   -3.129244e-07 -5.883701e+00 -4.228427e+01
      vertex   -3.129244e-07 -5.347271e+00 -4.195806e+01
    endloop
  endfacet
  facet normal 0.000000e+00 -6.310879e-01 7.757113e-01
    outer loop
      vertex   -1.000000e+01 -5.347271e+00 -4.195806e+01
      vertex   -3.129244e-07 -5.347271e+00 -4.195806e+01
      vertex   -1.000000e+01 -4.860256e+00 -4.156185e+01
    endloop
  endfacet
  facet normal -1.121037e-16 -6.310879e-01 7.757113e-01
    outer loop
      vertex   -1.000000e+01 -4.860256e+00 -4.156185e+01
      vertex   -3.129244e-07 -5.347271e+00 -4.195806e+01
      vertex   -3.129244e-07 -4.860256e+00 -4.156185e+01
    endloop
  endfacet
  facet normal -1.298225e-16 -7.308360e-01 6.825531e-01
    outer loop
      vertex   -1.000000e+01 -4.860256e+00 -4.156185e+01
      vertex   -3.129244e-07 -4.860256e+00 -4.156185e+01
      vertex   -1.000000e+01 -4.431728e+00 -4.110300e+01
    endloop
  endfacet
  facet normal -1.298225e-16 -7.308360e-01 6.825531e-01
    outer loop
      vertex   -1.000000e+01 -4.431728e+00 -4.110300e+01
      vertex   -3.129244e-07 -4.860256e+00 -4.156185e+01
      vertex   -3.129244e-07 -4.431728e+00 -4.110300e+01
    endloop
  endfacet
  facet normal -1.451230e-16 -8.169699e-01 5.766803e-01
    outer loop
      vertex   -1.000000e+01 -4.431728e+00 -4.110300e+01
      vertex   -3.129244e-07 -4.431728e+00 -4.110300e+01
      vertex   -1.000000e+01 -4.069671e+00 -4.059009e+01
    endloop
  endfacet
  facet normal -7.256150e-17 -8.169699e-01 5.766803e-01
    outer loop
      vertex   -1.000000e+01 -4.069671e+00 -4.059009e+01
      vertex   -3.129244e-07 -4.431728e+00 -4.110300e+01
      vertex   -3.129244e-07 -4.069671e+00 -4.059009e+01
    endloop
  endfacet
  facet normal -7.886005e-17 -8.878852e-01 4.600650e-01
    outer loop
      vertex   -1.000000e+01 -4.069671e+00 -4.059009e+01
      vertex   -3.129244e-07 -4.069671e+00 -4.059009e+01
      vertex   -1.000000e+01 -3.780828e+00 -4.003265e+01
    endloop
  endfacet
  facet normal 1.182901e-16 -8.878852e-01 4.600650e-01
    outer loop
      vertex   -1.000000e+01 -3.780828e+00 -4.003265e+01
      vertex   -3.129244e-07 -4.069671e+00 -4.059009e+01
      vertex   -3.129244e-07 -3.780828e+00 -4.003265e+01
    endloop
  endfacet
  facet normal 1.255344e-16 -9.422609e-01 3.348796e-01
    outer loop
      vertex   -1.000000e+01 -3.780828e+00 -4.003265e+01
      vertex   -3.129244e-07 -3.780828e+00 -4.003265e+01
      vertex   -1.000000e+01 -3.570580e+00 -3.944107e+01
    endloop
  endfacet
  facet normal -4.184479e-17 -9.422609e-01 3.348796e-01
    outer loop
      vertex   -1.000000e+01 -3.570580e+00 -3.944107e+01
      vertex   -3.129244e-07 -3.780828e+00 -4.003265e+01
      vertex   -3.129244e-07 -3.570580e+00 -3.944107e+01
    endloop
  endfacet
  facet normal -4.348007e-17 -9.790841e-01 2.034560e-01
    outer loop
      vertex   -1.000000e+01 -3.570580e+00 -3.944107e+01
      vertex   -3.129244e-07 -3.570580e+00 -3.944107e+01
      vertex   -1.000000e+01 -3.442845e+00 -3.882637e+01
    endloop
  endfacet
  facet normal 0.000000e+00 -9.790841e-01 2.034560e-01
    outer loop
      vertex   -1.000000e+01 -3.442845e+00 -3.882637e+01
      vertex   -3.129244e-07 -3.570580e+00 -3.944107e+01
      vertex   -3.129244e-07 -3.442845e+00 -3.882637e+01
    endloop
  endfacet
  facet normal -0.000000e+00 -9.976688e-01 -6.824241e-02
    outer loop
      vertex   1.000000e+01 -3.442845e+00 -3.757363e+01
      vertex   -3.129244e-07 -3.442845e+00 -3.757363e+01
      vertex   1.000000e+01 -3.400000e+00 -3.820000e+01
    endloop
  endfacet
  facet normal -0.000000e+00 -9.976688e-01 -6.824241e-02
    outer loop
      vertex   1.000000e+01 -3.400000e+00 -3.820000e+01
      vertex   -3.129244e-07 -3.442845e+00 -3.757363e+01
      vertex   -3.129244e-07 -3.400000e+00 -3.820000e+01
    endloop
  endfacet
  facet normal 0.000000e+00 -9.976688e-01 6.824241e-02
    outer loop
      vertex   1.000000e+01 -3.400000e+00 -3.820000e+01
      vertex   -3.129244e-07 -3.400000e+00 -3.820000e+01
      vertex   1.000000e+01 -3.442845e+00 -3.882637e+01
    endloop
  endfacet
  facet normal 4.430539e-17 -9.976688e-01 6.824241e-02
    outer loop
      vertex   1.000000e+01 -3.442845e+00 -3.882637e+01
      vertex   -3.129244e-07 -3.400000e+00 -3.820000e+01
      vertex   -3.129244e-07 -3.442845e+00 -3.882637e+01
    endloop
  endfacet
  facet normal 4.348007e-17 -9.790841e-01 2.034560e-01
    outer loop
      vertex   1.000000e+01 -3.442845e+00 -3.882637e+01
      vertex   -3.129244e-07 -3.442845e+00 -3.882637e+01
      vertex   1.000000e+01 -3.570580e+00 -3.944107e+01
    endloop
  endfacet
  facet normal 4.348007e-17 -9.790841e-01 2.034560e-01
    outer loop
      vertex   1.000000e+01 -3.570580e+00 -3.944107e+01
      vertex   -3.129244e-07 -3.442845e+00 -3.882637e+01
      vertex   -3.129244e-07 -3.570580e+00 -3.944107e+01
    endloop
  endfacet
  facet normal 4.184479e-17 -9.422609e-01 3.348796e-01
    outer loop
      vertex   1.000000e+01 -3.570580e+00 -3.944107e+01
      vertex   -3.129244e-07 -3.570580e+00 -3.944107e+01
      vertex   1.000000e+01 -3.780828e+00 -4.003265e+01
    endloop
  endfacet
  facet normal 0.000000e+00 -9.422609e-01 3.348796e-01
    outer loop
      vertex   1.000000e+01 -3.780828e+00 -4.003265e+01
      vertex   -3.129244e-07 -3.570580e+00 -3.944107e+01
      vertex   -3.129244e-07 -3.780828e+00 -4.003265e+01
    endloop
  endfacet
  facet normal 0.000000e+00 -8.878852e-01 4.600650e-01
    outer loop
      vertex   1.000000e+01 -3.780828e+00 -4.003265e+01
      vertex   -3.129244e-07 -3.780828e+00 -4.003265e+01
      vertex   1.000000e+01 -4.069671e+00 -4.059009e+01
    endloop
  endfacet
  facet normal 7.886005e-17 -8.878852e-01 4.600650e-01
    outer loop
      vertex   1.000000e+01 -4.069671e+00 -4.059009e+01
      vertex   -3.129244e-07 -3.780828e+00 -4.003265e+01
      vertex   -3.129244e-07 -4.069671e+00 -4.059009e+01
    endloop
  endfacet
  facet normal 7.256150e-17 -8.169699e-01 5.766803e-01
    outer loop
      vertex   1.000000e+01 -4.069671e+00 -4.059009e+01
      vertex   -3.129244e-07 -4.069671e+00 -4.059009e+01
      vertex   1.000000e+01 -4.431728e+00 -4.110300e+01
    endloop
  endfacet
  facet normal 1.451230e-16 -8.169699e-01 5.766803e-01
    outer loop
      vertex   1.000000e+01 -4.431728e+00 -4.110300e+01
      vertex   -3.129244e-07 -4.069671e+00 -4.059009e+01
      vertex   -3.129244e-07 -4.431728e+00 -4.110300e+01
    endloop
  endfacet
  facet normal 1.298225e-16 -7.308360e-01 6.825531e-01
    outer loop
      vertex   1.000000e+01 -4.431728e+00 -4.110300e+01
      vertex   -3.129244e-07 -4.431728e+00 -4.110300e+01
      vertex   1.000000e+01 -4.860256e+00 -4.156185e+01
    endloop
  endfacet
  facet normal 1.947338e-16 -7.308360e-01 6.825531e-01
    outer loop
      vertex   1.000000e+01 -4.860256e+00 -4.156185e+01
      vertex   -3.129244e-07 -4.431728e+00 -4.110300e+01
      vertex   -3.129244e-07 -4.860256e+00 -4.156185e+01
    endloop
  endfacet
  facet normal 1.681556e-16 -6.310879e-01 7.757113e-01
    outer loop
      vertex   1.000000e+01 -4.860256e+00 -4.156185e+01
      vertex   -3.129244e-07 -4.860256e+00 -4.156185e+01
      vertex   1.000000e+01 -5.347271e+00 -4.195806e+01
    endloop
  endfacet
  facet normal 0.000000e+00 -6.310879e-01 7.757113e-01
    outer loop
      vertex   1.000000e+01 -5.347271e+00 -4.195806e+01
      vertex   -3.129244e-07 -4.860256e+00 -4.156185e+01
      vertex   -3.129244e-07 -5.347271e+00 -4.195806e+01
    endloop
  endfacet
  facet normal 0.000000e+00 -5.195840e-01 8.544194e-01
    outer loop
      vertex   1.000000e+01 -5.347271e+00 -4.195806e+01
      vertex   -3.129244e-07 -5.347271e+00 -4.195806e+01
      vertex   1.000000e+01 -5.883701e+00 -4.228427e+01
    endloop
  endfacet
  facet normal 4.614833e-17 -5.195840e-01 8.544194e-01
    outer loop
      vertex   1.000000e+01 -5.883701e+00 -4.228427e+01
      vertex   -3.129244e-07 -5.347271e+00 -4.195806e+01
      vertex   -3.129244e-07 -5.883701e+00 -4.228427e+01
    endloop
  endfacet
  facet normal 3.538513e-17 -3.984011e-01 9.172113e-01
    outer loop
      vertex   1.000000e+01 -5.883701e+00 -4.228427e+01
      vertex   -3.129244e-07 -5.883701e+00 -4.228427e+01
      vertex   1.000000e+01 -6.459554e+00 -4.253440e+01
    endloop
  endfacet
  facet normal 3.538513e-17 -3.984011e-01 9.172113e-01
    outer loop
      vertex   1.000000e+01 -6.459554e+00 -4.253440e+01
      vertex   -3.129244e-07 -5.883701e+00 -4.228427e+01
      vertex   -3.129244e-07 -6.459554e+00 -4.253440e+01
    endloop
  endfacet
  facet normal 2.396277e-17 -2.697968e-01 9.629173e-01
    outer loop
      vertex   1.000000e+01 -6.459554e+00 -4.253440e+01
      vertex   -3.129244e-07 -6.459554e+00 -4.253440e+01
      vertex   1.000000e+01 -7.064102e+00 -4.270379e+01
    endloop
  endfacet
  facet normal 2.396277e-17 -2.697968e-01 9.629173e-01
    outer loop
      vertex   1.000000e+01 -7.064102e+00 -4.270379e+01
      vertex   -3.129244e-07 -6.459554e+00 -4.253440e+01
      vertex   -3.129244e-07 -7.064102e+00 -4.270379e+01
    endloop
  endfacet
  facet normal 1.209403e-17 -1.361666e-01 9.906859e-01
    outer loop
      vertex   1.000000e+01 -7.064102e+00 -4.270379e+01
      vertex   -3.129244e-07 -7.064102e+00 -4.270379e+01
      vertex   1.000000e+01 -7.686085e+00 -4.278928e+01
    endloop
  endfacet
  facet normal 0.000000e+00 -1.361666e-01 9.906859e-01
    outer loop
      vertex   1.000000e+01 -7.686085e+00 -4.278928e+01
      vertex   -3.129244e-07 -7.064102e+00 -4.270379e+01
      vertex   -3.129244e-07 -7.686085e+00 -4.278928e+01
    endloop
  endfacet
  facet normal 0.000000e+00 0.000000e+00 1.000000e+00
    outer loop
      vertex   1.000000e+01 -7.686085e+00 -4.278928e+01
      vertex   -3.129244e-07 -7.686085e+00 -4.278928e+01
      vertex   1.000000e+01 -8.313915e+00 -4.278928e+01
    endloop
  endfacet
  facet normal 0.000000e+00 0.000000e+00 1.000000e+00
    outer loop
      vertex   1.000000e+01 -8.313915e+00 -4.278928e+01
      vertex   -3.129244e-07 -7.686085e+00 -4.278928e+01
      vertex   -3.129244e-07 -8.313915e+00 -4.278928e+01
    endloop
  endfacet
  facet normal 0.000000e+00 1.361666e-01 9.906859e-01
    outer loop
      vertex   1.000000e+01 -8.313915e+00 -4.278928e+01
      vertex   -3.129244e-07 -8.313915e+00 -4.278928e+01
      vertex   1.000000e+01 -8.935898e+00 -4.270379e+01
    endloop
  endfacet
  facet normal 2.418806e-17 1.361666e-01 9.906859e-01
    outer loop
      vertex   1.000000e+01 -8.935898e+00 -4.270379e+01
      vertex   -3.129244e-07 -8.313915e+00 -4.278928e+01
      vertex   -3.129244e-07 -8.935898e+00 -4.270379e+01
    endloop
  endfacet
  facet normal 4.792553e-17 2.697968e-01 9.629173e-01
    outer loop
      vertex   1.000000e+01 -8.935898e+00 -4.270379e+01
      vertex   -3.129244e-07 -8.935898e+00 -4.270379e+01
      vertex   1.000000e+01 -9.540446e+00 -4.253440e+01
    endloop
  endfacet
  facet normal 9.585107e-17 2.697968e-01 9.629173e-01
    outer loop
      vertex   1.000000e+01 -9.540446e+00 -4.253440e+01
      vertex   -3.129244e-07 -8.935898e+00 -4.270379e+01
      vertex   -3.129244e-07 -9.540446e+00 -4.253440e+01
    endloop
  endfacet
  facet normal 1.415405e-16 3.984011e-01 9.172113e-01
    outer loop
      vertex   1.000000e+01 -9.540446e+00 -4.253440e+01
      vertex   -3.129244e-07 -9.540446e+00 -4.253440e+01
      vertex   1.000000e+01 -1.011630e+01 -4.228427e+01
    endloop
  endfacet
  facet normal 0.000000e+00 3.984011e-01 9.172113e-01
    outer loop
      vertex   1.000000e+01 -1.011630e+01 -4.228427e+01
      vertex   -3.129244e-07 -9.540446e+00 -4.253440e+01
      vertex   -3.129244e-07 -1.011630e+01 -4.228427e+01
    endloop
  endfacet
  facet normal 0.000000e+00 5.195840e-01 8.544194e-01
    outer loop
      vertex   1.000000e+01 -1.011630e+01 -4.228427e+01
      vertex   -3.129244e-07 -1.011630e+01 -4.228427e+01
      vertex   1.000000e+01 -1.065273e+01 -4.195806e+01
    endloop
  endfacet
  facet normal -9.229665e-17 5.195840e-01 8.544194e-01
    outer loop
      vertex   1.000000e+01 -1.065273e+01 -4.195806e+01
      vertex   -3.129244e-07 -1.011630e+01 -4.228427e+01
      vertex   -3.129244e-07 -1.065273e+01 -4.195806e+01
    endloop
  endfacet
  facet normal -1.121037e-16 6.310879e-01 7.757113e-01
    outer loop
      vertex   1.000000e+01 -1.065273e+01 -4.195806e+01
      vertex   -3.129244e-07 -1.065273e+01 -4.195806e+01
      vertex   1.000000e+01 -1.113974e+01 -4.156185e+01
    endloop
  endfacet
  facet normal -1.121037e-16 6.310879e-01 7.757113e-01
    outer loop
      vertex   1.000000e+01 -1.113974e+01 -4.156185e+01
      vertex   -3.129244e-07 -1.065273e+01 -4.195806e+01
      vertex   -3.129244e-07 -1.113974e+01 -4.156185e+01
    endloop
  endfacet
  facet normal -1.298225e-16 7.308360e-01 6.825531e-01
    outer loop
      vertex   1.000000e+01 -1.113974e+01 -4.156185e+01
      vertex   -3.129244e-07 -1.113974e+01 -4.156185e+01
      vertex   1.000000e+01 -1.156827e+01 -4.110300e+01
    endloop
  endfacet
  facet normal 0.000000e+00 7.308360e-01 6.825531e-01
    outer loop
      vertex   1.000000e+01 -1.156827e+01 -4.110300e+01
      vertex   -3.129244e-07 -1.113974e+01 -4.156185e+01
      vertex   -3.129244e-07 -1.156827e+01 -4.110300e+01
    endloop
  endfacet
  facet normal 0.000000e+00 8.169699e-01 5.766803e-01
    outer loop
      vertex   1.000000e+01 -1.156827e+01 -4.110300e+01
      vertex   -3.129244e-07 -1.156827e+01 -4.110300e+01
      vertex   1.000000e+01 -1.193033e+01 -4.059009e+01
    endloop
  endfacet
  facet normal 0.000000e+00 8.169699e-01 5.766803e-01
    outer loop
      vertex   1.000000e+01 -1.193033e+01 -4.059009e+01
      vertex   -3.129244e-07 -1.156827e+01 -4.110300e+01
      vertex   -3.129244e-07 -1.193033e+01 -4.059009e+01
    endloop
  endfacet
  facet normal 0.000000e+00 8.878852e-01 4.600650e-01
    outer loop
      vertex   1.000000e+01 -1.193033e+01 -4.059009e+01
      vertex   -3.129244e-07 -1.193033e+01 -4.059009e+01
      vertex   1.000000e+01 -1.221917e+01 -4.003265e+01
    endloop
  endfacet
  facet normal 0.000000e+00 8.878852e-01 4.600650e-01
    outer loop
      vertex   1.000000e+01 -1.221917e+01 -4.003265e+01
      vertex   -3.129244e-07 -1.193033e+01 -4.059009e+01
      vertex   -3.129244e-07 -1.221917e+01 -4.003265e+01
    endloop
  endfacet
  facet normal 0.000000e+00 9.422609e-01 3.348796e-01
    outer loop
      vertex   1.000000e+01 -1.221917e+01 -4.003265e+01
      vertex   -3.129244e-07 -1.221917e+01 -4.003265e+01
      vertex   1.000000e+01 -1.242942e+01 -3.944107e+01
    endloop
  endfacet
  facet normal 0.000000e+00 9.422609e-01 3.348796e-01
    outer loop
      vertex   1.000000e+01 -1.242942e+01 -3.944107e+01
      vertex   -3.129244e-07 -1.221917e+01 -4.003265e+01
      vertex   -3.129244e-07 -1.242942e+01 -3.944107e+01
    endloop
  endfacet
  facet normal 0.000000e+00 9.790841e-01 2.034560e-01
    outer loop
      vertex   1.000000e+01 -1.242942e+01 -3.944107e+01
      vertex   -3.129244e-07 -1.242942e+01 -3.944107e+01
      vertex   1.000000e+01 -1.255716e+01 -3.882637e+01
    endloop
  endfacet
  facet normal 0.000000e+00 9.790841e-01 2.034560e-01
    outer loop
      vertex   1.000000e+01 -1.255716e+01 -3.882637e+01
      vertex   -3.129244e-07 -1.242942e+01 -3.944107e+01
      vertex   -3.129244e-07 -1.255716e+01 -3.882637e+01
    endloop
  endfacet
  facet normal 0.000000e+00 9.976688e-01 6.824241e-02
    outer loop
      vertex   1.000000e+01 -1.255716e+01 -3.882637e+01
      vertex   -3.129244e-07 -1.255716e+01 -3.882637e+01
      vertex   1.000000e+01 -1.260000e+01 -3.820000e+01
    endloop
  endfacet
  facet normal 0.000000e+00 9.976688e-01 6.824241e-02
    outer loop
      vertex   1.000000e+01 -1.260000e+01 -3.820000e+01
      vertex   -3.129244e-07 -1.255716e+01 -3.882637e+01
      vertex   -3.129244e-07 -1.260000e+01 -3.820000e+01
    endloop
  endfacet
  facet normal 0.000000e+00 9.976688e-01 -6.824241e-02
    outer loop
      vertex   1.000000e+01 -1.260000e+01 -3.820000e+01
      vertex   -3.129244e-07 -1.260000e+01 -3.820000e+01
      vertex   1.000000e+01 -1.255716e+01 -3.757363e+01
    endloop
  endfacet
  facet normal 0.000000e+00 9.976688e-01 -6.824241e-02
    outer loop
      vertex   1.000000e+01 -1.255716e+01 -3.757363e+01
      vertex   -3.129244e-07 -1.260000e+01 -3.820000e+01
      vertex   -3.129244e-07 -1.255716e+01 -3.757363e+01
    endloop
  endfacet
  facet normal 0.000000e+00 9.790841e-01 -2.034560e-01
    outer loop
      vertex   1.000000e+01 -1.255716e+01 -3.757363e+01
      vertex   -3.129244e-07 -1.255716e+01 -3.757363e+01
      vertex   1.000000e+01 -1.242942e+01 -3.695893e+01
    endloop
  endfacet
  facet normal 0.000000e+00 9.790841e-01 -2.034560e-01
    outer loop
      vertex   1.000000e+01 -1.242942e+01 -3.695893e+01
      vertex   -3.129244e-07 -1.255716e+01 -3.757363e+01
      vertex   -3.129244e-07 -1.242942e+01 -3.695893e+01
    endloop
  endfacet
  facet normal 0.000000e+00 9.422609e-01 -3.348796e-01
    outer loop
      vertex   1.000000e+01 -1.242942e+01 -3.695893e+01
      vertex   -3.129244e-07 -1.242942e+01 -3.695893e+01
      vertex   1.000000e+01 -1.221917e+01 -3.636735e+01
    endloop
  endfacet
  facet normal 0.000000e+00 9.422609e-01 -3.348796e-01
    outer loop
      vertex   1.000000e+01 -1.221917e+01 -3.636735e+01
      vertex   -3.129244e-07 -1.242942e+01 -3.695893e+01
      vertex   -3.129244e-07 -1.221917e+01 -3.636735e+01
    endloop
  endfacet
  facet normal 0.000000e+00 8.878852e-01 -4.600650e-01
    outer loop
      vertex   1.000000e+01 -1.221917e+01 -3.636735e+01
      vertex   -3.129244e-07 -1.221917e+01 -3.636735e+01
      vertex   1.000000e+01 -1.193033e+01 -3.580991e+01
    endloop
  endfacet
  facet normal 3.154402e-16 8.878852e-01 -4.600650e-01
    outer loop
      vertex   1.000000e+01 -1.193033e+01 -3.580991e+01
      vertex   -3.129244e-07 -1.221917e+01 -3.636735e+01
      vertex   -3.129244e-07 -1.193033e+01 -3.580991e+01
    endloop
  endfacet
  facet normal 2.902460e-16 8.169699e-01 -5.766803e-01
    outer loop
      vertex   1.000000e+01 -1.193033e+01 -3.580991e+01
      vertex   -3.129244e-07 -1.193033e+01 -3.580991e+01
      vertex   1.000000e+01 -1.156827e+01 -3.529700e+01
    endloop
  endfacet
  facet normal 0.000000e+00 8.169699e-01 -5.766803e-01
    outer loop
      vertex   1.000000e+01 -1.156827e+01 -3.529700e+01
      vertex   -3.129244e-07 -1.193033e+01 -3.580991e+01
      vertex   -3.129244e-07 -1.156827e+01 -3.529700e+01
    endloop
  endfacet
  facet normal 0.000000e+00 7.308360e-01 -6.825531e-01
    outer loop
      vertex   1.000000e+01 -1.156827e+01 -3.529700e+01
      vertex   -3.129244e-07 -1.156827e+01 -3.529700e+01
      vertex   1.000000e+01 -1.113974e+01 -3.483815e+01
    endloop
  endfacet
  facet normal 0.000000e+00 7.308360e-01 -6.825531e-01
    outer loop
      vertex   1.000000e+01 -1.113974e+01 -3.483815e+01
      vertex   -3.129244e-07 -1.156827e+01 -3.529700e+01
      vertex   -3.129244e-07 -1.113974e+01 -3.483815e+01
    endloop
  endfacet
  facet normal 0.000000e+00 6.310879e-01 -7.757113e-01
    outer loop
      vertex   1.000000e+01 -1.113974e+01 -3.483815e+01
      vertex   -3.129244e-07 -1.113974e+01 -3.483815e+01
      vertex   1.000000e+01 -1.065273e+01 -3.444194e+01
    endloop
  endfacet
  facet normal -1.121037e-16 6.310879e-01 -7.757113e-01
    outer loop
      vertex   1.000000e+01 -1.065273e+01 -3.444194e+01
      vertex   -3.129244e-07 -1.113974e+01 -3.483815e+01
      vertex   -3.129244e-07 -1.065273e+01 -3.444194e+01
    endloop
  endfacet
  facet normal -9.229665e-17 5.195840e-01 -8.544194e-01
    outer loop
      vertex   1.000000e+01 -1.065273e+01 -3.444194e+01
      vertex   -3.129244e-07 -1.065273e+01 -3.444194e+01
      vertex   1.000000e+01 -1.011630e+01 -3.411573e+01
    endloop
  endfacet
  facet normal 0.000000e+00 5.195840e-01 -8.544194e-01
    outer loop
      vertex   1.000000e+01 -1.011630e+01 -3.411573e+01
      vertex   -3.129244e-07 -1.065273e+01 -3.444194e+01
      vertex   -3.129244e-07 -1.011630e+01 -3.411573e+01
    endloop
  endfacet
  facet normal 0.000000e+00 3.984011e-01 -9.172113e-01
    outer loop
      vertex   1.000000e+01 -1.011630e+01 -3.411573e+01
      vertex   -3.129244e-07 -1.011630e+01 -3.411573e+01
      vertex   1.000000e+01 -9.540446e+00 -3.386560e+01
    endloop
  endfacet
  facet normal 0.000000e+00 3.984011e-01 -9.172113e-01
    outer loop
      vertex   1.000000e+01 -9.540446e+00 -3.386560e+01
      vertex   -3.129244e-07 -1.011630e+01 -3.411573e+01
      vertex   -3.129244e-07 -9.540446e+00 -3.386560e+01
    endloop
  endfacet
  facet normal 0.000000e+00 2.697968e-01 -9.629173e-01
    outer loop
      vertex   1.000000e+01 -9.540446e+00 -3.386560e+01
      vertex   -3.129244e-07 -9.540446e+00 -3.386560e+01
      vertex   1.000000e+01 -8.935898e+00 -3.369621e+01
    endloop
  endfacet
  facet normal 0.000000e+00 2.697968e-01 -9.629173e-01
    outer loop
      vertex   1.000000e+01 -8.935898e+00 -3.369621e+01
      vertex   -3.129244e-07 -9.540446e+00 -3.386560e+01
      vertex   -3.129244e-07 -8.935898e+00 -3.369621e+01
    endloop
  endfacet
  facet normal 0.000000e+00 1.361666e-01 -9.906859e-01
    outer loop
      vertex   1.000000e+01 -8.935898e+00 -3.369621e+01
      vertex   -3.129244e-07 -8.935898e+00 -3.369621e+01
      vertex   1.000000e+01 -8.313915e+00 -3.361072e+01
    endloop
  endfacet
  facet normal 0.000000e+00 1.361666e-01 -9.906859e-01
    outer loop
      vertex   1.000000e+01 -8.313915e+00 -3.361072e+01
      vertex   -3.129244e-07 -8.935898e+00 -3.369621e+01
      vertex   -3.129244e-07 -8.313915e+00 -3.361072e+01
    endloop
  endfacet
  facet normal 0.000000e+00 0.000000e+00 -1.000000e+00
    outer loop
      vertex   1.000000e+01 -8.313915e+00 -3.361072e+01
      vertex   -3.129244e-07 -8.313915e+00 -3.361072e+01
      vertex   1.000000e+01 -7.686085e+00 -3.361072e+01
    endloop
  endfacet
  facet normal -0.000000e+00 0.000000e+00 -1.000000e+00
    outer loop
      vertex   1.000000e+01 -7.686085e+00 -3.361072e+01
      vertex   -3.129244e-07 -8.313915e+00 -3.361072e+01
      vertex   -3.129244e-07 -7.686085e+00 -3.361072e+01
    endloop
  endfacet
  facet normal -0.000000e+00 -1.361666e-01 -9.906859e-01
    outer loop
      vertex   1.000000e+01 -7.686085e+00 -3.361072e+01
      vertex   -3.129244e-07 -7.686085e+00 -3.361072e+01
      vertex   1.000000e+01 -7.064102e+00 -3.369621e+01
    endloop
  endfacet
  facet normal -1.209403e-17 -1.361666e-01 -9.906859e-01
    outer loop
      vertex   1.000000e+01 -7.064102e+00 -3.369621e+01
      vertex   -3.129244e-07 -7.686085e+00 -3.361072e+01
      vertex   -3.129244e-07 -7.064102e+00 -3.369621e+01
    endloop
  endfacet
  facet normal -2.396277e-17 -2.697968e-01 -9.629173e-01
    outer loop
      vertex   1.000000e+01 -7.064102e+00 -3.369621e+01
      vertex   -3.129244e-07 -7.064102e+00 -3.369621e+01
      vertex   1.000000e+01 -6.459554e+00 -3.386560e+01
    endloop
  endfacet
  facet normal -0.000000e+00 -2.697968e-01 -9.629173e-01
    outer loop
      vertex   1.000000e+01 -6.459554e+00 -3.386560e+01
      vertex   -3.129244e-07 -7.064102e+00 -3.369621e+01
      vertex   -3.129244e-07 -6.459554e+00 -3.386560e+01
    endloop
  endfacet
  facet normal -0.000000e+00 -3.984011e-01 -9.172113e-01
    outer loop
      vertex   1.000000e+01 -6.459554e+00 -3.386560e+01
      vertex   -3.129244e-07 -6.459554e+00 -3.386560e+01
      vertex   1.000000e+01 -5.883701e+00 -3.411573e+01
    endloop
  endfacet
  facet normal -3.538513e-17 -3.984011e-01 -9.172113e-01
    outer loop
      vertex   1.000000e+01 -5.883701e+00 -3.411573e+01
      vertex   -3.129244e-07 -6.459554e+00 -3.386560e+01
      vertex   -3.129244e-07 -5.883701e+00 -3.411573e+01
    endloop
  endfacet
  facet normal -4.614833e-17 -5.195840e-01 -8.544194e-01
    outer loop
      vertex   1.000000e+01 -5.883701e+00 -3.411573e+01
      vertex   -3.129244e-07 -5.883701e+00 -3.411573e+01
      vertex   1.000000e+01 -5.347271e+00 -3.444194e+01
    endloop
  endfacet
  facet normal -0.000000e+00 -5.195840e-01 -8.544194e-01
    outer loop
      vertex   1.000000e+01 -5.347271e+00 -3.444194e+01
      vertex   -3.129244e-07 -5.883701e+00 -3.411573e+01
      vertex   -3.129244e-07 -5.347271e+00 -3.444194e+01
    endloop
  endfacet
  facet normal -0.000000e+00 -6.310879e-01 -7.757113e-01
    outer loop
      vertex   1.000000e+01 -5.347271e+00 -3.444194e+01
      vertex   -3.129244e-07 -5.347271e+00 -3.444194e+01
      vertex   1.000000e+01 -4.860256e+00 -3.483815e+01
    endloop
  endfacet
  facet normal -0.000000e+00 -6.310879e-01 -7.757113e-01
    outer loop
      vertex   1.000000e+01 -4.860256e+00 -3.483815e+01
      vertex   -3.129244e-07 -5.347271e+00 -3.444194e+01
      vertex   -3.129244e-07 -4.860256e+00 -3.483815e+01
    endloop
  endfacet
  facet normal -0.000000e+00 -7.308360e-01 -6.825531e-01
    outer loop
      vertex   1.000000e+01 -4.860256e+00 -3.483815e+01
      vertex   -3.129244e-07 -4.860256e+00 -3.483815e+01
      vertex   1.000000e+01 -4.431728e+00 -3.529700e+01
    endloop
  endfacet
  facet normal -0.000000e+00 -7.308360e-01 -6.825531e-01
    outer loop
      vertex   1.000000e+01 -4.431728e+00 -3.529700e+01
      vertex   -3.129244e-07 -4.860256e+00 -3.483815e+01
      vertex   -3.129244e-07 -4.431728e+00 -3.529700e+01
    endloop
  endfacet
  facet normal -0.000000e+00 -8.169699e-01 -5.766803e-01
    outer loop
      vertex   1.000000e+01 -4.431728e+00 -3.529700e+01
      vertex   -3.129244e-07 -4.431728e+00 -3.529700e+01
      vertex   1.000000e+01 -4.069671e+00 -3.580991e+01
    endloop
  endfacet
  facet normal -0.000000e+00 -8.169699e-01 -5.766803e-01
    outer loop
      vertex   1.000000e+01 -4.069671e+00 -3.580991e+01
      vertex   -3.129244e-07 -4.431728e+00 -3.529700e+01
      vertex   -3.129244e-07 -4.069671e+00 -3.580991e+01
    endloop
  endfacet
  facet normal -0.000000e+00 -8.878852e-01 -4.600650e-01
    outer loop
      vertex   1.000000e+01 -4.069671e+00 -3.580991e+01
      vertex   -3.129244e-07 -4.069671e+00 -3.580991e+01
      vertex   1.000000e+01 -3.780828e+00 -3.636735e+01
    endloop
  endfacet
  facet normal -0.000000e+00 -8.878852e-01 -4.600650e-01
    outer loop
      vertex   1.000000e+01 -3.780828e+00 -3.636735e+01
      vertex   -3.129244e-07 -4.069671e+00 -3.580991e+01
      vertex   -3.129244e-07 -3.780828e+00 -3.636735e+01
    endloop
  endfacet
  facet normal -0.000000e+00 -9.422609e-01 -3.348796e-01
    outer loop
      vertex   1.000000e+01 -3.780828e+00 -3.636735e+01
      vertex   -3.129244e-07 -3.780828e+00 -3.636735e+01
      vertex   1.000000e+01 -3.570580e+00 -3.695893e+01
    endloop
  endfacet
  facet normal -0.000000e+00 -9.422609e-01 -3.348796e-01
    outer loop
      vertex   1.000000e+01 -3.570580e+00 -3.695893e+01
      vertex   -3.129244e-07 -3.780828e+00 -3.636735e+01
      vertex   -3.129244e-07 -3.570580e+00 -3.695893e+01
    endloop
  endfacet
  facet normal -0.000000e+00 -9.790841e-01 -2.034560e-01
    outer loop
      vertex   1.000000e+01 -3.570580e+00 -3.695893e+01
      vertex   -3.129244e-07 -3.570580e+00 -3.695893e+01
      vertex   1.000000e+01 -3.442845e+00 -3.757363e+01
    endloop
  endfacet
  facet normal -0.000000e+00 -9.790841e-01 -2.034560e-01
    outer loop
      vertex   1.000000e+01 -3.442845e+00 -3.757363e+01
      vertex   -3.129244e-07 -3.570580e+00 -3.695893e+01
      vertex   -3.129244e-07 -3.442845e+00 -3.757363e+01
    endloop
  endfacet
  facet normal 2.721537e-16 6.427876e-01 -7.660444e-01
    outer loop
      vertex   1.000000e+01 4.362891e+00 -3.210000e+01
      vertex   1.000000e+01 -1.000000e+00 -3.660000e+01
      vertex   -1.000000e+01 4.362891e+00 -3.210000e+01
    endloop
  endfacet
  facet normal 2.537378e-17 6.427876e-01 -7.660444e-01
    outer loop
      vertex   -1.000000e+01 4.362891e+00 -3.210000e+01
      vertex   1.000000e+01 -1.000000e+00 -3.660000e+01
      vertex   -1.000000e+01 -1.000000e+00 -3.660000e+01
    endloop
  endfacet
  facet normal 5.551115e-17 1.000000e+00 0.000000e+00
    outer loop
      vertex   1.000000e+01 -1.000000e+00 -3.660000e+01
      vertex   1.000000e+01 -1.000000e+00 -3.860000e+01
      vertex   -1.000000e+01 -1.000000e+00 -3.660000e+01
    endloop
  endfacet
  facet normal 5.551115e-17 1.000000e+00 0.000000e+00
    outer loop
      vertex   -1.000000e+01 -1.000000e+00 -3.660000e+01
      vertex   1.000000e+01 -1.000000e+00 -3.860000e+01
      vertex   -1.000000e+01 -1.000000e+00 -3.860000e+01
    endloop
  endfacet
  facet normal 3.925231e-17 7.071068e-01 7.071068e-01
    outer loop
      vertex   1.000000e+01 -1.000000e+00 -3.860000e+01
      vertex   1.000000e+01 3.500000e+00 -4.310000e+01
      vertex   -1.000000e+01 -1.000000e+00 -3.860000e+01
    endloop
  endfacet
  facet normal 0.000000e+00 7.071068e-01 7.071068e-01
    outer loop
      vertex   -1.000000e+01 -1.000000e+00 -3.860000e+01
      vertex   1.000000e+01 3.500000e+00 -4.310000e+01
      vertex   -1.000000e+01 3.500000e+00 -4.310000e+01
    endloop
  endfacet
  facet normal 0.000000e+00 -7.071068e-01 7.071068e-01
    outer loop
      vertex   1.000000e+01 -1.950000e+01 -4.310000e+01
      vertex   1.000000e+01 -1.500000e+01 -3.860000e+01
      vertex   -1.000000e+01 -1.950000e+01 -4.310000e+01
    endloop
  endfacet
  facet normal 0.000000e+00 -7.071068e-01 7.071068e-01
    outer loop
      vertex   -1.000000e+01 -1.950000e+01 -4.310000e+01
      vertex   1.000000e+01 -1.500000e+01 -3.860000e+01
      vertex   -1.000000e+01 -1.500000e+01 -3.860000e+01
    endloop
  endfacet
  facet normal 0.000000e+00 -1.000000e+00 0.000000e+00
    outer loop
      vertex   1.000000e+01 -1.500000e+01 -3.860000e+01
      vertex   1.000000e+01 -1.500000e+01 -3.660000e+01
      vertex   -1.000000e+01 -1.500000e+01 -3.860000e+01
    endloop
  endfacet
  facet normal 0.000000e+00 -1.000000e+00 0.000000e+00
    outer loop
      vertex   -1.000000e+01 -1.500000e+01 -3.860000e+01
      vertex   1.000000e+01 -1.500000e+01 -3.660000e+01
      vertex   -1.000000e+01 -1.500000e+01 -3.660000e+01
    endloop
  endfacet
  facet normal -0.000000e+00 -6.427876e-01 -7.660444e-01
    outer loop
      vertex   1.000000e+01 -1.500000e+01 -3.660000e+01
      vertex   1.000000e+01 -2.036289e+01 -3.210000e+01
      vertex   -1.000000e+01 -1.500000e+01 -3.660000e+01
    endloop
  endfacet
  facet normal 2.791116e-16 -6.427876e-01 -7.660444e-01
    outer loop
      vertex   -1.000000e+01 -1.500000e+01 -3.660000e+01
      vertex   1.000000e+01 -2.036289e+01 -3.210000e+01
      vertex   -1.000000e+01 -2.036289e+01 -3.210000e+01
    endloop
  endfacet
  facet normal 1.000000e+00 0.000000e+00 0.000000e+00
    outer loop
      vertex   1.000000e+01 -3.442845e+00 -3.757363e+01
      vertex   1.000000e+01 -3.400000e+00 -3.820000e+01
      vertex   1.000000e+01 -1.000000e+00 -3.860000e+01
    endloop
  endfacet
  facet normal 1.000000e+00 0.000000e+00 0.000000e+00
    outer loop
      vertex   1.000000e+01 -1.000000e+00 -3.860000e+01
      vertex   1.000000e+01 -3.400000e+00 -3.820000e+01
      vertex   1.000000e+01 -3.442845e+00 -3.882637e+01
    endloop
  endfacet
  facet normal 1.000000e+00 0.000000e+00 0.000000e+00
    outer loop
      vertex   1.000000e+01 -1.000000e+00 -3.860000e+01
      vertex   1.000000e+01 -3.442845e+00 -3.882637e+01
      vertex   1.000000e+01 -3.570580e+00 -3.944107e+01
    endloop
  endfacet
  facet normal 1.000000e+00 -0.000000e+00 0.000000e+00
    outer loop
      vertex   1.000000e+01 -3.570580e+00 -3.944107e+01
      vertex   1.000000e+01 -3.780828e+00 -4.003265e+01
      vertex   1.000000e+01 -1.000000e+00 -3.860000e+01
    endloop
  endfacet
  facet normal 1.000000e+00 0.000000e+00 0.000000e+00
    outer loop
      vertex   1.000000e+01 -1.000000e+00 -3.860000e+01
      vertex   1.000000e+01 -3.780828e+00 -4.003265e+01
      vertex   1.000000e+01 3.500000e+00 -4.310000e+01
    endloop
  endfacet
  facet normal 1.000000e+00 0.000000e+00 0.000000e+00
    outer loop
      vertex   1.000000e+01 3.500000e+00 -4.310000e+01
      vertex   1.000000e+01 -3.780828e+00 -4.003265e+01
      vertex   1.000000e+01 -4.069671e+00 -4.059009e+01
    endloop
  endfacet
  facet normal 1.000000e+00 0.000000e+00 0.000000e+00
    outer loop
      vertex   1.000000e+01 3.500000e+00 -4.310000e+01
      vertex   1.000000e+01 -4.069671e+00 -4.059009e+01
      vertex   1.000000e+01 -4.431728e+00 -4.110300e+01
    endloop
  endfacet
  facet normal 1.000000e+00 0.000000e+00 0.000000e+00
    outer loop
      vertex   1.000000e+01 -4.431728e+00 -4.110300e+01
      vertex   1.000000e+01 -4.860256e+00 -4.156185e+01
      vertex   1.000000e+01 3.500000e+00 -4.310000e+01
    endloop
  endfacet
  facet normal 1.000000e+00 0.000000e+00 0.000000e+00
    outer loop
      vertex   1.000000e+01 3.500000e+00 -4.310000e+01
      vertex   1.000000e+01 -4.860256e+00 -4.156185e+01
      vertex   1.000000e+01 -5.347271e+00 -4.195806e+01
    endloop
  endfacet
  facet normal 1.000000e+00 0.000000e+00 0.000000e+00
    outer loop
      vertex   1.000000e+01 3.500000e+00 -4.310000e+01
      vertex   1.000000e+01 -5.347271e+00 -4.195806e+01
      vertex   1.000000e+01 -5.883701e+00 -4.228427e+01
    endloop
  endfacet
  facet normal 1.000000e+00 0.000000e+00 0.000000e+00
    outer loop
      vertex   1.000000e+01 -5.883701e+00 -4.228427e+01
      vertex   1.000000e+01 -6.459554e+00 -4.253440e+01
      vertex   1.000000e+01 3.500000e+00 -4.310000e+01
    endloop
  endfacet
  facet normal 1.000000e+00 0.000000e+00 0.000000e+00
    outer loop
      vertex   1.000000e+01 3.500000e+00 -4.310000e+01
      vertex   1.000000e+01 -6.459554e+00 -4.253440e+01
      vertex   1.000000e+01 -7.064102e+00 -4.270379e+01
    endloop
  endfacet
  facet normal 1.000000e+00 0.000000e+00 0.000000e+00
    outer loop
      vertex   1.000000e+01 3.500000e+00 -4.310000e+01
      vertex   1.000000e+01 -7.064102e+00 -4.270379e+01
      vertex   1.000000e+01 -7.686085e+00 -4.278928e+01
    endloop
  endfacet
  facet normal 1.000000e+00 0.000000e+00 0.000000e+00
    outer loop
      vertex   1.000000e+01 -7.686085e+00 -4.278928e+01
      vertex   1.000000e+01 -8.313915e+00 -4.278928e+01
      vertex   1.000000e+01 3.500000e+00 -4.310000e+01
    endloop
  endfacet
  facet normal 1.000000e+00 0.000000e+00 0.000000e+00
    outer loop
      vertex   1.000000e+01 3.500000e+00 -4.310000e+01
      vertex   1.000000e+01 -8.313915e+00 -4.278928e+01
      vertex   1.000000e+01 -1.950000e+01 -4.310000e+01
    endloop
  endfacet
  facet normal 1.000000e+00 0.000000e+00 0.000000e+00
    outer loop
      vertex   1.000000e+01 -1.950000e+01 -4.310000e+01
      vertex   1.000000e+01 -8.313915e+00 -4.278928e+01
      vertex   1.000000e+01 -8.935898e+00 -4.270379e+01
    endloop
  endfacet
  facet normal 1.000000e+00 0.000000e+00 0.000000e+00
    outer loop
      vertex   1.000000e+01 -1.950000e+01 -4.310000e+01
      vertex   1.000000e+01 -8.935898e+00 -4.270379e+01
      vertex   1.000000e+01 -9.540446e+00 -4.253440e+01
    endloop
  endfacet
  facet normal 1.000000e+00 0.000000e+00 0.000000e+00
    outer loop
      vertex   1.000000e+01 -9.540446e+00 -4.253440e+01
      vertex   1.000000e+01 -1.011630e+01 -4.228427e+01
      vertex   1.000000e+01 -1.950000e+01 -4.310000e+01
    endloop
  endfacet
  facet normal 1.000000e+00 0.000000e+00 0.000000e+00
    outer loop
      vertex   1.000000e+01 -1.950000e+01 -4.310000e+01
      vertex   1.000000e+01 -1.011630e+01 -4.228427e+01
      vertex   1.000000e+01 -1.065273e+01 -4.195806e+01
    endloop
  endfacet
  facet normal 1.000000e+00 0.000000e+00 0.000000e+00
    outer loop
      vertex   1.000000e+01 -1.950000e+01 -4.310000e+01
      vertex   1.000000e+01 -1.065273e+01 -4.195806e+01
      vertex   1.000000e+01 -1.113974e+01 -4.156185e+01
    endloop
  endfacet
  facet normal 1.000000e+00 0.000000e+00 0.000000e+00
    outer loop
      vertex   1.000000e+01 -1.113974e+01 -4.156185e+01
      vertex   1.000000e+01 -1.156827e+01 -4.110300e+01
      vertex   1.000000e+01 -1.950000e+01 -4.310000e+01
    endloop
  endfacet
  facet normal 1.000000e+00 0.000000e+00 0.000000e+00
    outer loop
      vertex   1.000000e+01 -1.950000e+01 -4.310000e+01
      vertex   1.000000e+01 -1.156827e+01 -4.110300e+01
      vertex   1.000000e+01 -1.193033e+01 -4.059009e+01
    endloop
  endfacet
  facet normal 1.000000e+00 0.000000e+00 0.000000e+00
    outer loop
      vertex   1.000000e+01 -1.950000e+01 -4.310000e+01
      vertex   1.000000e+01 -1.193033e+01 -4.059009e+01
      vertex   1.000000e+01 -1.221917e+01 -4.003265e+01
    endloop
  endfacet
  facet normal 1.000000e+00 0.000000e+00 0.000000e+00
    outer loop
      vertex   1.000000e+01 -1.950000e+01 -4.310000e+01
      vertex   1.000000e+01 -1.221917e+01 -4.003265e+01
      vertex   1.000000e+01 -1.500000e+01 -3.860000e+01
    endloop
  endfacet
  facet normal 1.000000e+00 0.000000e+00 0.000000e+00
    outer loop
      vertex   1.000000e+01 -1.500000e+01 -3.860000e+01
      vertex   1.000000e+01 -1.221917e+01 -4.003265e+01
      vertex   1.000000e+01 -1.242942e+01 -3.944107e+01
    endloop
  endfacet
  facet normal 1.000000e+00 0.000000e+00 0.000000e+00
    outer loop
      vertex   1.000000e+01 -1.500000e+01 -3.860000e+01
      vertex   1.000000e+01 -1.242942e+01 -3.944107e+01
      vertex   1.000000e+01 -1.255716e+01 -3.882637e+01
    endloop
  endfacet
  facet normal 1.000000e+00 0.000000e+00 0.000000e+00
    outer loop
      vertex   1.000000e+01 -1.255716e+01 -3.882637e+01
      vertex   1.000000e+01 -1.260000e+01 -3.820000e+01
      vertex   1.000000e+01 -1.500000e+01 -3.860000e+01
    endloop
  endfacet
  facet normal 1.000000e+00 0.000000e+00 0.000000e+00
    outer loop
      vertex   1.000000e+01 -1.500000e+01 -3.860000e+01
      vertex   1.000000e+01 -1.260000e+01 -3.820000e+01
      vertex   1.000000e+01 -1.255716e+01 -3.757363e+01
    endloop
  endfacet
  facet normal 1.000000e+00 0.000000e+00 0.000000e+00
    outer loop
      vertex   1.000000e+01 -1.500000e+01 -3.860000e+01
      vertex   1.000000e+01 -1.255716e+01 -3.757363e+01
      vertex   1.000000e+01 -1.500000e+01 -3.660000e+01
    endloop
  endfacet
  facet normal 1.000000e+00 0.000000e+00 0.000000e+00
    outer loop
      vertex   1.000000e+01 -1.500000e+01 -3.660000e+01
      vertex   1.000000e+01 -1.255716e+01 -3.757363e+01
      vertex   1.000000e+01 -1.242942e+01 -3.695893e+01
    endloop
  endfacet
  facet normal 1.000000e+00 -0.000000e+00 0.000000e+00
    outer loop
      vertex   1.000000e+01 -1.500000e+01 -3.660000e+01
      vertex   1.000000e+01 -1.242942e+01 -3.695893e+01
      vertex   1.000000e+01 -1.221917e+01 -3.636735e+01
    endloop
  endfacet
  facet normal 1.000000e+00 0.000000e+00 -0.000000e+00
    outer loop
      vertex   1.000000e+01 -1.221917e+01 -3.636735e+01
      vertex   1.000000e+01 -1.193033e+01 -3.580991e+01
      vertex   1.000000e+01 -1.500000e+01 -3.660000e+01
    endloop
  endfacet
  facet normal 1.000000e+00 0.000000e+00 0.000000e+00
    outer loop
      vertex   1.000000e+01 -1.500000e+01 -3.660000e+01
      vertex   1.000000e+01 -1.193033e+01 -3.580991e+01
      vertex   1.000000e+01 -1.156827e+01 -3.529700e+01
    endloop
  endfacet
  facet normal 1.000000e+00 0.000000e+00 -0.000000e+00
    outer loop
      vertex   1.000000e+01 -1.500000e+01 -3.660000e+01
      vertex   1.000000e+01 -1.156827e+01 -3.529700e+01
      vertex   1.000000e+01 -2.036289e+01 -3.210000e+01
    endloop
  endfacet
  facet normal 1.000000e+00 0.000000e+00 0.000000e+00
    outer loop
      vertex   1.000000e+01 -2.036289e+01 -3.210000e+01
      vertex   1.000000e+01 -1.156827e+01 -3.529700e+01
      vertex   1.000000e+01 -1.113974e+01 -3.483815e+01
    endloop
  endfacet
  facet normal 1.000000e+00 0.000000e+00 0.000000e+00
    outer loop
      vertex   1.000000e+01 -2.036289e+01 -3.210000e+01
      vertex   1.000000e+01 -1.113974e+01 -3.483815e+01
      vertex   1.000000e+01 -1.065273e+01 -3.444194e+01
    endloop
  endfacet
  facet normal 1.000000e+00 0.000000e+00 -0.000000e+00
    outer loop
      vertex   1.000000e+01 -1.065273e+01 -3.444194e+01
      vertex   1.000000e+01 -1.011630e+01 -3.411573e+01
      vertex   1.000000e+01 -2.036289e+01 -3.210000e+01
    endloop
  endfacet
  facet normal 1.000000e+00 0.000000e+00 0.000000e+00
    outer loop
      vertex   1.000000e+01 -2.036289e+01 -3.210000e+01
      vertex   1.000000e+01 -1.011630e+01 -3.411573e+01
      vertex   1.000000e+01 -9.540446e+00 -3.386560e+01
    endloop
  endfacet
  facet normal 1.000000e+00 0.000000e+00 0.000000e+00
    outer loop
      vertex   1.000000e+01 -2.036289e+01 -3.210000e+01
      vertex   1.000000e+01 -9.540446e+00 -3.386560e+01
      vertex   1.000000e+01 -8.935898e+00 -3.369621e+01
    endloop
  endfacet
  facet normal 1.000000e+00 0.000000e+00 -0.000000e+00
    outer loop
      vertex   1.000000e+01 -8.935898e+00 -3.369621e+01
      vertex   1.000000e+01 -8.313915e+00 -3.361072e+01
      vertex   1.000000e+01 -2.036289e+01 -3.210000e+01
    endloop
  endfacet
  facet normal 1.000000e+00 0.000000e+00 0.000000e+00
    outer loop
      vertex   1.000000e+01 -2.036289e+01 -3.210000e+01
      vertex   1.000000e+01 -8.313915e+00 -3.361072e+01
      vertex   1.000000e+01 -7.686085e+00 -3.361072e+01
    endloop
  endfacet
  facet normal 1.000000e+00 -0.000000e+00 0.000000e+00
    outer loop
      vertex   1.000000e+01 -2.036289e+01 -3.210000e+01
      vertex   1.000000e+01 -7.686085e+00 -3.361072e+01
      vertex   1.000000e+01 4.362891e+00 -3.210000e+01
    endloop
  endfacet
  facet normal 1.000000e+00 0.000000e+00 0.000000e+00
    outer loop
      vertex   1.000000e+01 4.362891e+00 -3.210000e+01
      vertex   1.000000e+01 -7.686085e+00 -3.361072e+01
      vertex   1.000000e+01 -7.064102e+00 -3.369621e+01
    endloop
  endfacet
  facet normal 1.000000e+00 0.000000e+00 0.000000e+00
    outer loop
      vertex   1.000000e+01 4.362891e+00 -3.210000e+01
      vertex   1.000000e+01 -7.064102e+00 -3.369621e+01
      vertex   1.000000e+01 -6.459554e+00 -3.386560e+01
    endloop
  endfacet
  facet normal 1.000000e+00 -0.000000e+00 0.000000e+00
    outer loop
      vertex   1.000000e+01 -6.459554e+00 -3.386560e+01
      vertex   1.000000e+01 -5.883701e+00 -3.411573e+01
      vertex   1.000000e+01 4.362891e+00 -3.210000e+01
    endloop
  endfacet
  facet normal 1.000000e+00 0.000000e+00 0.000000e+00
    outer loop
      vertex   1.000000e+01 4.362891e+00 -3.210000e+01
      vertex   1.000000e+01 -5.883701e+00 -3.411573e+01
      vertex   1.000000e+01 -5.347271e+00 -3.444194e+01
    endloop
  endfacet
  facet normal 1.000000e+00 0.000000e+00 0.000000e+00
    outer loop
      vertex   1.000000e+01 4.362891e+00 -3.210000e+01
      vertex   1.000000e+01 -5.347271e+00 -3.444194e+01
      vertex   1.000000e+01 -4.860256e+00 -3.483815e+01
    endloop
  endfacet
  facet normal 1.000000e+00 -0.000000e+00 0.000000e+00
    outer loop
      vertex   1.000000e+01 -4.860256e+00 -3.483815e+01
      vertex   1.000000e+01 -4.431728e+00 -3.529700e+01
      vertex   1.000000e+01 4.362891e+00 -3.210000e+01
    endloop
  endfacet
  facet normal 1.000000e+00 0.000000e+00 0.000000e+00
    outer loop
      vertex   1.000000e+01 4.362891e+00 -3.210000e+01
      vertex   1.000000e+01 -4.431728e+00 -3.529700e+01
      vertex   1.000000e+01 -1.000000e+00 -3.660000e+01
    endloop
  endfacet
  facet normal 1.000000e+00 0.000000e+00 0.000000e+00
    outer loop
      vertex   1.000000e+01 -1.000000e+00 -3.660000e+01
      vertex   1.000000e+01 -4.431728e+00 -3.529700e+01
      vertex   1.000000e+01 -4.069671e+00 -3.580991e+01
    endloop
  endfacet
  facet normal 1.000000e+00 0.000000e+00 0.000000e+00
    outer loop
      vertex   1.000000e+01 -1.000000e+00 -3.660000e+01
      vertex   1.000000e+01 -4.069671e+00 -3.580991e+01
      vertex   1.000000e+01 -3.780828e+00 -3.636735e+01
    endloop
  endfacet
  facet normal 1.000000e+00 0.000000e+00 0.000000e+00
    outer loop
      vertex   1.000000e+01 -3.780828e+00 -3.636735e+01
      vertex   1.000000e+01 -3.570580e+00 -3.695893e+01
      vertex   1.000000e+01 -1.000000e+00 -3.660000e+01
    endloop
  endfacet
  facet normal 1.000000e+00 0.000000e+00 0.000000e+00
    outer loop
      vertex   1.000000e+01 -1.000000e+00 -3.660000e+01
      vertex   1.000000e+01 -3.570580e+00 -3.695893e+01
      vertex   1.000000e+01 -3.442845e+00 -3.757363e+01
    endloop
  endfacet
  facet normal 1.000000e+00 0.000000e+00 0.000000e+00
    outer loop
      vertex   1.000000e+01 -1.000000e+00 -3.660000e+01
      vertex   1.000000e+01 -3.442845e+00 -3.757363e+01
      vertex   1.000000e+01 -1.000000e+00 -3.860000e+01
    endloop
  endfacet
  facet normal 1.000000e+00 0.000000e+00 0.000000e+00
    outer loop
      vertex   2.450000e+01 -1.300000e+01 -3.210000e+01
      vertex   2.450000e+01 -3.000000e+00 -3.210000e+01
      vertex   2.450000e+01 -1.300000e+01 -2.960000e+01
    endloop
  endfacet
  facet normal 1.000000e+00 -0.000000e+00 0.000000e+00
    outer loop
      vertex   2.450000e+01 -1.300000e+01 -2.960000e+01
      vertex   2.450000e+01 -3.000000e+00 -3.210000e+01
      vertex   2.450000e+01 -3.000000e+00 -2.960000e+01
    endloop
  endfacet
  facet normal 9.801714e-02 -9.951847e-01 0.000000e+00
    outer loop
      vertex   2.250000e+01 -1.500000e+01 -2.960000e+01
      vertex   2.250000e+01 -1.500000e+01 -3.210000e+01
      vertex   2.289018e+01 -1.496157e+01 -2.960000e+01
    endloop
  endfacet
  facet normal 9.801714e-02 -9.951847e-01 0.000000e+00
    outer loop
      vertex   2.289018e+01 -1.496157e+01 -2.960000e+01
      vertex   2.250000e+01 -1.500000e+01 -3.210000e+01
      vertex   2.289018e+01 -1.496157e+01 -3.210000e+01
    endloop
  endfacet
  facet normal 2.902847e-01 -9.569403e-01 0.000000e+00
    outer loop
      vertex   2.289018e+01 -1.496157e+01 -2.960000e+01
      vertex   2.289018e+01 -1.496157e+01 -3.210000e+01
      vertex   2.326537e+01 -1.484776e+01 -2.960000e+01
    endloop
  endfacet
  facet normal 2.902847e-01 -9.569403e-01 0.000000e+00
    outer loop
      vertex   2.326537e+01 -1.484776e+01 -2.960000e+01
      vertex   2.289018e+01 -1.496157e+01 -3.210000e+01
      vertex   2.326537e+01 -1.484776e+01 -3.210000e+01
    endloop
  endfacet
  facet normal 4.713967e-01 -8.819213e-01 0.000000e+00
    outer loop
      vertex   2.326537e+01 -1.484776e+01 -2.960000e+01
      vertex   2.326537e+01 -1.484776e+01 -3.210000e+01
      vertex   2.361114e+01 -1.466294e+01 -2.960000e+01
    endloop
  endfacet
  facet normal 4.713967e-01 -8.819213e-01 0.000000e+00
    outer loop
      vertex   2.361114e+01 -1.466294e+01 -2.960000e+01
      vertex   2.326537e+01 -1.484776e+01 -3.210000e+01
      vertex   2.361114e+01 -1.466294e+01 -3.210000e+01
    endloop
  endfacet
  facet normal 6.343933e-01 -7.730105e-01 0.000000e+00
    outer loop
      vertex   2.361114e+01 -1.466294e+01 -2.960000e+01
      vertex   2.361114e+01 -1.466294e+01 -3.210000e+01
      vertex   2.391421e+01 -1.441421e+01 -2.960000e+01
    endloop
  endfacet
  facet normal 6.343933e-01 -7.730105e-01 0.000000e+00
    outer loop
      vertex   2.391421e+01 -1.441421e+01 -2.960000e+01
      vertex   2.361114e+01 -1.466294e+01 -3.210000e+01
      vertex   2.391421e+01 -1.441421e+01 -3.210000e+01
    endloop
  endfacet
  facet normal 7.730105e-01 -6.343933e-01 0.000000e+00
    outer loop
      vertex   2.391421e+01 -1.441421e+01 -2.960000e+01
      vertex   2.391421e+01 -1.441421e+01 -3.210000e+01
      vertex   2.416294e+01 -1.411114e+01 -2.960000e+01
    endloop
  endfacet
  facet normal 7.730105e-01 -6.343933e-01 0.000000e+00
    outer loop
      vertex   2.416294e+01 -1.411114e+01 -2.960000e+01
      vertex   2.391421e+01 -1.441421e+01 -3.210000e+01
      vertex   2.416294e+01 -1.411114e+01 -3.210000e+01
    endloop
  endfacet
  facet normal 8.819213e-01 -4.713967e-01 0.000000e+00
    outer loop
      vertex   2.416294e+01 -1.411114e+01 -2.960000e+01
      vertex   2.416294e+01 -1.411114e+01 -3.210000e+01
      vertex   2.434776e+01 -1.376537e+01 -2.960000e+01
    endloop
  endfacet
  facet normal 8.819213e-01 -4.713967e-01 0.000000e+00
    outer loop
      vertex   2.434776e+01 -1.376537e+01 -2.960000e+01
      vertex   2.416294e+01 -1.411114e+01 -3.210000e+01
      vertex   2.434776e+01 -1.376537e+01 -3.210000e+01
    endloop
  endfacet
  facet normal 9.569403e-01 -2.902847e-01 0.000000e+00
    outer loop
      vertex   2.434776e+01 -1.376537e+01 -2.960000e+01
      vertex   2.434776e+01 -1.376537e+01 -3.210000e+01
      vertex   2.446157e+01 -1.339018e+01 -2.960000e+01
    endloop
  endfacet
  facet normal 9.569403e-01 -2.902847e-01 0.000000e+00
    outer loop
      vertex   2.446157e+01 -1.339018e+01 -2.960000e+01
      vertex   2.434776e+01 -1.376537e+01 -3.210000e+01
      vertex   2.446157e+01 -1.339018e+01 -3.210000e+01
    endloop
  endfacet
  facet normal 9.951847e-01 -9.801714e-02 0.000000e+00
    outer loop
      vertex   2.446157e+01 -1.339018e+01 -2.960000e+01
      vertex   2.446157e+01 -1.339018e+01 -3.210000e+01
      vertex   2.450000e+01 -1.300000e+01 -2.960000e+01
    endloop
  endfacet
  facet normal 9.951847e-01 -9.801714e-02 0.000000e+00
    outer loop
      vertex   2.450000e+01 -1.300000e+01 -2.960000e+01
      vertex   2.446157e+01 -1.339018e+01 -3.210000e+01
      vertex   2.450000e+01 -1.300000e+01 -3.210000e+01
    endloop
  endfacet
  facet normal 0.000000e+00 -1.000000e+00 0.000000e+00
    outer loop
      vertex   1.603901e+01 -1.500000e+01 -3.210000e+01
      vertex   2.250000e+01 -1.500000e+01 -3.210000e+01
      vertex   1.603901e+01 -1.500000e+01 -2.960000e+01
    endloop
  endfacet
  facet normal 0.000000e+00 -1.000000e+00 0.000000e+00
    outer loop
      vertex   1.603901e+01 -1.500000e+01 -2.960000e+01
      vertex   2.250000e+01 -1.500000e+01 -3.210000e+01
      vertex   2.250000e+01 -1.500000e+01 -2.960000e+01
    endloop
  endfacet
  facet normal -5.155048e-16 1.000000e+00 0.000000e+00
    outer loop
      vertex   2.250000e+01 -1.000000e+00 -3.210000e+01
      vertex   1.603901e+01 -1.000000e+00 -3.210000e+01
      vertex   2.250000e+01 -1.000000e+00 -2.960000e+01
    endloop
  endfacet
  facet normal -5.155048e-16 1.000000e+00 0.000000e+00
    outer loop
      vertex   2.250000e+01 -1.000000e+00 -2.960000e+01
      vertex   1.603901e+01 -1.000000e+00 -3.210000e+01
      vertex   1.603901e+01 -1.000000e+00 -2.960000e+01
    endloop
  endfacet
  facet normal 9.951847e-01 9.801714e-02 0.000000e+00
    outer loop
      vertex   2.450000e+01 -3.000000e+00 -2.960000e+01
      vertex   2.450000e+01 -3.000000e+00 -3.210000e+01
      vertex   2.446157e+01 -2.609819e+00 -2.960000e+01
    endloop
  endfacet
  facet normal 9.951847e-01 9.801714e-02 0.000000e+00
    outer loop
      vertex   2.446157e+01 -2.609819e+00 -2.960000e+01
      vertex   2.450000e+01 -3.000000e+00 -3.210000e+01
      vertex   2.446157e+01 -2.609819e+00 -3.210000e+01
    endloop
  endfacet
  facet normal 9.569403e-01 2.902847e-01 0.000000e+00
    outer loop
      vertex   2.446157e+01 -2.609819e+00 -2.960000e+01
      vertex   2.446157e+01 -2.609819e+00 -3.210000e+01
      vertex   2.434776e+01 -2.234633e+00 -2.960000e+01
    endloop
  endfacet
  facet normal 9.569403e-01 2.902847e-01 0.000000e+00
    outer loop
      vertex   2.434776e+01 -2.234633e+00 -2.960000e+01
      vertex   2.446157e+01 -2.609819e+00 -3.210000e+01
      vertex   2.434776e+01 -2.234633e+00 -3.210000e+01
    endloop
  endfacet
  facet normal 8.819213e-01 4.713967e-01 0.000000e+00
    outer loop
      vertex   2.434776e+01 -2.234633e+00 -2.960000e+01
      vertex   2.434776e+01 -2.234633e+00 -3.210000e+01
      vertex   2.416294e+01 -1.888860e+00 -2.960000e+01
    endloop
  endfacet
  facet normal 8.819213e-01 4.713967e-01 0.000000e+00
    outer loop
      vertex   2.416294e+01 -1.888860e+00 -2.960000e+01
      vertex   2.434776e+01 -2.234633e+00 -3.210000e+01
      vertex   2.416294e+01 -1.888860e+00 -3.210000e+01
    endloop
  endfacet
  facet normal 7.730105e-01 6.343933e-01 0.000000e+00
    outer loop
      vertex   2.416294e+01 -1.888860e+00 -2.960000e+01
      vertex   2.416294e+01 -1.888860e+00 -3.210000e+01
      vertex   2.391421e+01 -1.585786e+00 -2.960000e+01
    endloop
  endfacet
  facet normal 7.730105e-01 6.343933e-01 0.000000e+00
    outer loop
      vertex   2.391421e+01 -1.585786e+00 -2.960000e+01
      vertex   2.416294e+01 -1.888860e+00 -3.210000e+01
      vertex   2.391421e+01 -1.585786e+00 -3.210000e+01
    endloop
  endfacet
  facet normal 6.343933e-01 7.730105e-01 0.000000e+00
    outer loop
      vertex   2.391421e+01 -1.585786e+00 -2.960000e+01
      vertex   2.391421e+01 -1.585786e+00 -3.210000e+01
      vertex   2.361114e+01 -1.337061e+00 -2.960000e+01
    endloop
  endfacet
  facet normal 6.343933e-01 7.730105e-01 0.000000e+00
    outer loop
      vertex   2.361114e+01 -1.337061e+00 -2.960000e+01
      vertex   2.391421e+01 -1.585786e+00 -3.210000e+01
      vertex   2.361114e+01 -1.337061e+00 -3.210000e+01
    endloop
  endfacet
  facet normal 4.713967e-01 8.819213e-01 0.000000e+00
    outer loop
      vertex   2.361114e+01 -1.337061e+00 -2.960000e+01
      vertex   2.361114e+01 -1.337061e+00 -3.210000e+01
      vertex   2.326537e+01 -1.152241e+00 -2.960000e+01
    endloop
  endfacet
  facet normal 4.713967e-01 8.819213e-01 0.000000e+00
    outer loop
      vertex   2.326537e+01 -1.152241e+00 -2.960000e+01
      vertex   2.361114e+01 -1.337061e+00 -3.210000e+01
      vertex   2.326537e+01 -1.152241e+00 -3.210000e+01
    endloop
  endfacet
  facet normal 2.902847e-01 9.569403e-01 0.000000e+00
    outer loop
      vertex   2.326537e+01 -1.152241e+00 -2.960000e+01
      vertex   2.326537e+01 -1.152241e+00 -3.210000e+01
      vertex   2.289018e+01 -1.038429e+00 -2.960000e+01
    endloop
  endfacet
  facet normal 2.902847e-01 9.569403e-01 0.000000e+00
    outer loop
      vertex   2.289018e+01 -1.038429e+00 -2.960000e+01
      vertex   2.326537e+01 -1.152241e+00 -3.210000e+01
      vertex   2.289018e+01 -1.038429e+00 -3.210000e+01
    endloop
  endfacet
  facet normal 9.801714e-02 9.951847e-01 0.000000e+00
    outer loop
      vertex   2.289018e+01 -1.038429e+00 -2.960000e+01
      vertex   2.289018e+01 -1.038429e+00 -3.210000e+01
      vertex   2.250000e+01 -1.000000e+00 -2.960000e+01
    endloop
  endfacet
  facet normal 9.801714e-02 9.951847e-01 0.000000e+00
    outer loop
      vertex   2.250000e+01 -1.000000e+00 -2.960000e+01
      vertex   2.289018e+01 -1.038429e+00 -3.210000e+01
      vertex   2.250000e+01 -1.000000e+00 -3.210000e+01
    endloop
  endfacet
  facet normal 9.023465e-01 -4.310114e-01 0.000000e+00
    outer loop
      vertex   1.603901e+01 -1.500000e+01 -3.210000e+01
      vertex   1.603901e+01 -1.500000e+01 -2.960000e+01
      vertex   1.552476e+01 -1.607663e+01 -3.210000e+01
    endloop
  endfacet
  facet normal 9.023465e-01 -4.310114e-01 -6.984592e-16
    outer loop
      vertex   1.552476e+01 -1.607663e+01 -3.210000e+01
      vertex   1.603901e+01 -1.500000e+01 -2.960000e+01
      vertex   1.552476e+01 -1.607663e+01 -2.960000e+01
    endloop
  endfacet
  facet normal 8.708801e-01 -4.914956e-01 -4.594782e-16
    outer loop
      vertex   1.552476e+01 -1.607663e+01 -3.210000e+01
      vertex   1.552476e+01 -1.607663e+01 -2.960000e+01
      vertex   1.493833e+01 -1.711572e+01 -2.960000e+01
    endloop
  endfacet
  facet normal 8.708801e-01 -4.914956e-01 0.000000e+00
    outer loop
      vertex   1.552476e+01 -1.607663e+01 -3.210000e+01
      vertex   1.493833e+01 -1.711572e+01 -2.960000e+01
      vertex   1.493833e+01 -1.711572e+01 -3.210000e+01
    endloop
  endfacet
  facet normal 8.353654e-01 -5.496950e-01 0.000000e+00
    outer loop
      vertex   1.493833e+01 -1.711572e+01 -3.210000e+01
      vertex   1.493833e+01 -1.711572e+01 -2.960000e+01
      vertex   1.428246e+01 -1.811243e+01 -2.960000e+01
    endloop
  endfacet
  facet normal 8.353654e-01 -5.496950e-01 0.000000e+00
    outer loop
      vertex   1.493833e+01 -1.711572e+01 -3.210000e+01
      vertex   1.428246e+01 -1.811243e+01 -2.960000e+01
      vertex   1.428246e+01 -1.811243e+01 -3.210000e+01
    endloop
  endfacet
  facet normal 7.959676e-01 -6.053393e-01 0.000000e+00
    outer loop
      vertex   1.428246e+01 -1.811243e+01 -3.210000e+01
      vertex   1.428246e+01 -1.811243e+01 -2.960000e+01
      vertex   1.356021e+01 -1.906213e+01 -2.960000e+01
    endloop
  endfacet
  facet normal 7.959676e-01 -6.053393e-01 1.451582e-15
    outer loop
      vertex   1.428246e+01 -1.811243e+01 -3.210000e+01
      vertex   1.356021e+01 -1.906213e+01 -2.960000e+01
      vertex   1.356021e+01 -1.906213e+01 -3.210000e+01
    endloop
  endfacet
  facet normal 7.528697e-01 -6.581696e-01 1.736054e-15
    outer loop
      vertex   1.356021e+01 -1.906213e+01 -3.210000e+01
      vertex   1.356021e+01 -1.906213e+01 -2.960000e+01
      vertex   1.277492e+01 -1.996041e+01 -2.960000e+01
    endloop
  endfacet
  facet normal 7.528697e-01 -6.581696e-01 0.000000e+00
    outer loop
      vertex   1.356021e+01 -1.906213e+01 -3.210000e+01
      vertex   1.277492e+01 -1.996041e+01 -2.960000e+01
      vertex   1.277492e+01 -1.996041e+01 -3.210000e+01
    endloop
  endfacet
  facet normal 7.062721e-01 -7.079405e-01 0.000000e+00
    outer loop
      vertex   1.277492e+01 -1.996041e+01 -3.210000e+01
      vertex   1.277492e+01 -1.996041e+01 -2.960000e+01
      vertex   1.193024e+01 -2.080310e+01 -2.960000e+01
    endloop
  endfacet
  facet normal 7.062721e-01 -7.079405e-01 0.000000e+00
    outer loop
      vertex   1.277492e+01 -1.996041e+01 -3.210000e+01
      vertex   1.193024e+01 -2.080310e+01 -2.960000e+01
      vertex   1.193024e+01 -2.080310e+01 -3.210000e+01
    endloop
  endfacet
  facet normal 6.563915e-01 -7.544205e-01 0.000000e+00
    outer loop
      vertex   1.193024e+01 -2.080310e+01 -3.210000e+01
      vertex   1.193024e+01 -2.080310e+01 -2.960000e+01
      vertex   1.103011e+01 -2.158627e+01 -2.960000e+01
    endloop
  endfacet
  facet normal 6.563915e-01 -7.544205e-01 1.488802e-16
    outer loop
      vertex   1.193024e+01 -2.080310e+01 -3.210000e+01
      vertex   1.103011e+01 -2.158627e+01 -2.960000e+01
      vertex   1.103011e+01 -2.158627e+01 -3.210000e+01
    endloop
  endfacet
  facet normal 6.034596e-01 -7.973936e-01 2.755968e-16
    outer loop
      vertex   1.103011e+01 -2.158627e+01 -3.210000e+01
      vertex   1.103011e+01 -2.158627e+01 -2.960000e+01
      vertex   1.007870e+01 -2.230628e+01 -2.960000e+01
    endloop
  endfacet
  facet normal 6.034596e-01 -7.973936e-01 7.071812e-16
    outer loop
      vertex   1.103011e+01 -2.158627e+01 -3.210000e+01
      vertex   1.007870e+01 -2.230628e+01 -2.960000e+01
      vertex   1.007870e+01 -2.230628e+01 -3.210000e+01
    endloop
  endfacet
  facet normal 5.477226e-01 -8.366600e-01 7.997851e-16
    outer loop
      vertex   1.007870e+01 -2.230628e+01 -3.210000e+01
      vertex   1.007870e+01 -2.230628e+01 -2.960000e+01
      vertex   9.080445e+00 -2.295980e+01 -2.960000e+01
    endloop
  endfacet
  facet normal 5.477226e-01 -8.366600e-01 0.000000e+00
    outer loop
      vertex   1.007870e+01 -2.230628e+01 -3.210000e+01
      vertex   9.080445e+00 -2.295980e+01 -2.960000e+01
      vertex   9.080445e+00 -2.295980e+01 -3.210000e+01
    endloop
  endfacet
  facet normal 4.894394e-01 -8.720373e-01 0.000000e+00
    outer loop
      vertex   9.080445e+00 -2.295980e+01 -3.210000e+01
      vertex   9.080445e+00 -2.295980e+01 -2.960000e+01
      vertex   8.039979e+00 -2.354377e+01 -2.960000e+01
    endloop
  endfacet
  facet normal 4.894394e-01 -8.720373e-01 -7.071812e-16
    outer loop
      vertex   9.080445e+00 -2.295980e+01 -3.210000e+01
      vertex   8.039979e+00 -2.354377e+01 -2.960000e+01
      vertex   8.039979e+00 -2.354377e+01 -3.210000e+01
    endloop
  endfacet
  facet normal 4.288812e-01 -9.033609e-01 -6.094768e-16
    outer loop
      vertex   8.039979e+00 -2.354377e+01 -3.210000e+01
      vertex   8.039979e+00 -2.354377e+01 -2.960000e+01
      vertex   6.962138e+00 -2.405549e+01 -2.960000e+01
    endloop
  endfacet
  facet normal 4.288812e-01 -9.033609e-01 -5.955210e-16
    outer loop
      vertex   8.039979e+00 -2.354377e+01 -3.210000e+01
      vertex   6.962138e+00 -2.405549e+01 -2.960000e+01
      vertex   6.962138e+00 -2.405549e+01 -3.210000e+01
    endloop
  endfacet
  facet normal 3.663293e-01 -9.304853e-01 -5.205852e-16
    outer loop
      vertex   6.962138e+00 -2.405549e+01 -3.210000e+01
      vertex   6.962138e+00 -2.405549e+01 -2.960000e+01
      vertex   5.851935e+00 -2.449257e+01 -2.960000e+01
    endloop
  endfacet
  facet normal 3.663293e-01 -9.304853e-01 0.000000e+00
    outer loop
      vertex   6.962138e+00 -2.405549e+01 -3.210000e+01
      vertex   5.851935e+00 -2.449257e+01 -2.960000e+01
      vertex   5.851935e+00 -2.449257e+01 -3.210000e+01
    endloop
  endfacet
  facet normal 3.020745e-01 -9.532843e-01 0.000000e+00
    outer loop
      vertex   5.851935e+00 -2.449257e+01 -3.210000e+01
      vertex   5.851935e+00 -2.449257e+01 -2.960000e+01
      vertex   4.714529e+00 -2.485299e+01 -2.960000e+01
    endloop
  endfacet
  facet normal 3.020745e-01 -9.532843e-01 -4.280307e-16
    outer loop
      vertex   5.851935e+00 -2.449257e+01 -3.210000e+01
      vertex   4.714529e+00 -2.485299e+01 -2.960000e+01
      vertex   4.714529e+00 -2.485299e+01 -3.210000e+01
    endloop
  endfacet
  facet normal 2.364156e-01 -9.716520e-01 -3.359667e-16
    outer loop
      vertex   4.714529e+00 -2.485299e+01 -3.210000e+01
      vertex   4.714529e+00 -2.485299e+01 -2.960000e+01
      vertex   3.555207e+00 -2.513507e+01 -2.960000e+01
    endloop
  endfacet
  facet normal 2.364156e-01 -9.716520e-01 -3.722006e-16
    outer loop
      vertex   4.714529e+00 -2.485299e+01 -3.210000e+01
      vertex   3.555207e+00 -2.513507e+01 -2.960000e+01
      vertex   3.555207e+00 -2.513507e+01 -3.210000e+01
    endloop
  endfacet
  facet normal 1.696577e-01 -9.855031e-01 -2.712353e-16
    outer loop
      vertex   3.555207e+00 -2.513507e+01 -3.210000e+01
      vertex   3.555207e+00 -2.513507e+01 -2.960000e+01
      vertex   2.379359e+00 -2.533749e+01 -2.960000e+01
    endloop
  endfacet
  facet normal 1.696577e-01 -9.855031e-01 -2.698455e-16
    outer loop
      vertex   3.555207e+00 -2.513507e+01 -3.210000e+01
      vertex   2.379359e+00 -2.533749e+01 -2.960000e+01
      vertex   2.379359e+00 -2.533749e+01 -3.210000e+01
    endloop
  endfacet
  facet normal 1.021111e-01 -9.947730e-01 -1.632471e-16
    outer loop
      vertex   2.379359e+00 -2.533749e+01 -3.210000e+01
      vertex   2.379359e+00 -2.533749e+01 -2.960000e+01
      vertex   1.192451e+00 -2.545933e+01 -2.960000e+01
    endloop
  endfacet
  facet normal 1.021111e-01 -9.947730e-01 -1.767953e-16
    outer loop
      vertex   2.379359e+00 -2.533749e+01 -3.210000e+01
      vertex   1.192451e+00 -2.545933e+01 -2.960000e+01
      vertex   1.192451e+00 -2.545933e+01 -3.210000e+01
    endloop
  endfacet
  facet normal 3.408985e-02 -9.994188e-01 -6.055574e-17
    outer loop
      vertex   1.192451e+00 -2.545933e+01 -3.210000e+01
      vertex   1.192451e+00 -2.545933e+01 -2.960000e+01
      vertex   0.000000e+00 -2.550000e+01 -2.960000e+01
    endloop
  endfacet
  facet normal 3.408985e-02 -9.994188e-01 0.000000e+00
    outer loop
      vertex   1.192451e+00 -2.545933e+01 -3.210000e+01
      vertex   0.000000e+00 -2.550000e+01 -2.960000e+01
      vertex   0.000000e+00 -2.550000e+01 -3.210000e+01
    endloop
  endfacet
  facet normal -3.408985e-02 -9.994188e-01 0.000000e+00
    outer loop
      vertex   0.000000e+00 -2.550000e+01 -3.210000e+01
      vertex   0.000000e+00 -2.550000e+01 -2.960000e+01
      vertex   -1.192451e+00 -2.545933e+01 -2.960000e+01
    endloop
  endfacet
  facet normal -3.408985e-02 -9.994188e-01 6.048260e-17
    outer loop
      vertex   0.000000e+00 -2.550000e+01 -3.210000e+01
      vertex   -1.192451e+00 -2.545933e+01 -2.960000e+01
      vertex   -1.192451e+00 -2.545933e+01 -3.210000e+01
    endloop
  endfacet
  facet normal -1.021111e-01 -9.947730e-01 1.813857e-16
    outer loop
      vertex   -1.192451e+00 -2.545933e+01 -3.210000e+01
      vertex   -1.192451e+00 -2.545933e+01 -2.960000e+01
      vertex   -2.379359e+00 -2.533749e+01 -2.960000e+01
    endloop
  endfacet
  facet normal -1.021111e-01 -9.947730e-01 1.498108e-15
    outer loop
      vertex   -1.192451e+00 -2.545933e+01 -3.210000e+01
      vertex   -2.379359e+00 -2.533749e+01 -2.960000e+01
      vertex   -2.379359e+00 -2.533749e+01 -3.210000e+01
    endloop
  endfacet
  facet normal -1.696577e-01 -9.855031e-01 1.551170e-15
    outer loop
      vertex   -2.379359e+00 -2.533749e+01 -3.210000e+01
      vertex   -2.379359e+00 -2.533749e+01 -2.960000e+01
      vertex   -3.555207e+00 -2.513507e+01 -2.960000e+01
    endloop
  endfacet
  facet normal -1.696577e-01 -9.855031e-01 -1.395752e-15
    outer loop
      vertex   -2.379359e+00 -2.533749e+01 -3.210000e+01
      vertex   -3.555207e+00 -2.513507e+01 -2.960000e+01
      vertex   -3.555207e+00 -2.513507e+01 -3.210000e+01
    endloop
  endfacet
  facet normal -2.364156e-01 -9.716520e-01 -1.380801e-15
    outer loop
      vertex   -3.555207e+00 -2.513507e+01 -3.210000e+01
      vertex   -3.555207e+00 -2.513507e+01 -2.960000e+01
      vertex   -4.714529e+00 -2.485299e+01 -2.960000e+01
    endloop
  endfacet
  facet normal -2.364156e-01 -9.716520e-01 0.000000e+00
    outer loop
      vertex   -3.555207e+00 -2.513507e+01 -3.210000e+01
      vertex   -4.714529e+00 -2.485299e+01 -2.960000e+01
      vertex   -4.714529e+00 -2.485299e+01 -3.210000e+01
    endloop
  endfacet
  facet normal -3.020745e-01 -9.532843e-01 0.000000e+00
    outer loop
      vertex   -4.714529e+00 -2.485299e+01 -3.210000e+01
      vertex   -4.714529e+00 -2.485299e+01 -2.960000e+01
      vertex   -5.851935e+00 -2.449257e+01 -2.960000e+01
    endloop
  endfacet
  facet normal -3.020745e-01 -9.532843e-01 0.000000e+00
    outer loop
      vertex   -4.714529e+00 -2.485299e+01 -3.210000e+01
      vertex   -5.851935e+00 -2.449257e+01 -2.960000e+01
      vertex   -5.851935e+00 -2.449257e+01 -3.210000e+01
    endloop
  endfacet
  facet normal -3.663293e-01 -9.304853e-01 0.000000e+00
    outer loop
      vertex   -5.851935e+00 -2.449257e+01 -3.210000e+01
      vertex   -5.851935e+00 -2.449257e+01 -2.960000e+01
      vertex   -6.962138e+00 -2.405549e+01 -2.960000e+01
    endloop
  endfacet
  facet normal -3.663293e-01 -9.304853e-01 2.605404e-16
    outer loop
      vertex   -5.851935e+00 -2.449257e+01 -3.210000e+01
      vertex   -6.962138e+00 -2.405549e+01 -2.960000e+01
      vertex   -6.962138e+00 -2.405549e+01 -3.210000e+01
    endloop
  endfacet
  facet normal -4.288812e-01 -9.033609e-01 3.047384e-16
    outer loop
      vertex   -6.962138e+00 -2.405549e+01 -3.210000e+01
      vertex   -6.962138e+00 -2.405549e+01 -2.960000e+01
      vertex   -8.039979e+00 -2.354377e+01 -2.960000e+01
    endloop
  endfacet
  facet normal -4.288812e-01 -9.033609e-01 2.977605e-16
    outer loop
      vertex   -6.962138e+00 -2.405549e+01 -3.210000e+01
      vertex   -8.039979e+00 -2.354377e+01 -2.960000e+01
      vertex   -8.039979e+00 -2.354377e+01 -3.210000e+01
    endloop
  endfacet
  facet normal -4.894394e-01 -8.720373e-01 3.477676e-16
    outer loop
      vertex   -8.039979e+00 -2.354377e+01 -3.210000e+01
      vertex   -8.039979e+00 -2.354377e+01 -2.960000e+01
      vertex   -9.080445e+00 -2.295980e+01 -2.960000e+01
    endloop
  endfacet
  facet normal -4.894394e-01 -8.720373e-01 0.000000e+00
    outer loop
      vertex   -8.039979e+00 -2.354377e+01 -3.210000e+01
      vertex   -9.080445e+00 -2.295980e+01 -2.960000e+01
      vertex   -9.080445e+00 -2.295980e+01 -3.210000e+01
    endloop
  endfacet
  facet normal -5.477226e-01 -8.366600e-01 0.000000e+00
    outer loop
      vertex   -9.080445e+00 -2.295980e+01 -3.210000e+01
      vertex   -9.080445e+00 -2.295980e+01 -2.960000e+01
      vertex   -1.007870e+01 -2.230628e+01 -2.960000e+01
    endloop
  endfacet
  facet normal -5.477226e-01 -8.366600e-01 0.000000e+00
    outer loop
      vertex   -9.080445e+00 -2.295980e+01 -3.210000e+01
      vertex   -1.007870e+01 -2.230628e+01 -2.960000e+01
      vertex   -1.007870e+01 -2.230628e+01 -3.210000e+01
    endloop
  endfacet
  facet normal -6.034596e-01 -7.973936e-01 0.000000e+00
    outer loop
      vertex   -1.007870e+01 -2.230628e+01 -3.210000e+01
      vertex   -1.007870e+01 -2.230628e+01 -2.960000e+01
      vertex   -1.103011e+01 -2.158627e+01 -2.960000e+01
    endloop
  endfacet
  facet normal -6.034596e-01 -7.973936e-01 4.094207e-16
    outer loop
      vertex   -1.007870e+01 -2.230628e+01 -3.210000e+01
      vertex   -1.103011e+01 -2.158627e+01 -2.960000e+01
      vertex   -1.103011e+01 -2.158627e+01 -3.210000e+01
    endloop
  endfacet
  facet normal -6.563915e-01 -7.544205e-01 4.663942e-16
    outer loop
      vertex   -1.103011e+01 -2.158627e+01 -3.210000e+01
      vertex   -1.103011e+01 -2.158627e+01 -2.960000e+01
      vertex   -1.193024e+01 -2.080310e+01 -2.960000e+01
    endloop
  endfacet
  facet normal -6.563915e-01 -7.544205e-01 0.000000e+00
    outer loop
      vertex   -1.103011e+01 -2.158627e+01 -3.210000e+01
      vertex   -1.193024e+01 -2.080310e+01 -2.960000e+01
      vertex   -1.193024e+01 -2.080310e+01 -3.210000e+01
    endloop
  endfacet
  facet normal -7.062721e-01 -7.079405e-01 0.000000e+00
    outer loop
      vertex   -1.193024e+01 -2.080310e+01 -3.210000e+01
      vertex   -1.193024e+01 -2.080310e+01 -2.960000e+01
      vertex   -1.277492e+01 -1.996041e+01 -2.960000e+01
    endloop
  endfacet
  facet normal -7.062721e-01 -7.079405e-01 0.000000e+00
    outer loop
      vertex   -1.193024e+01 -2.080310e+01 -3.210000e+01
      vertex   -1.277492e+01 -1.996041e+01 -2.960000e+01
      vertex   -1.277492e+01 -1.996041e+01 -3.210000e+01
    endloop
  endfacet
  facet normal -7.528697e-01 -6.581696e-01 0.000000e+00
    outer loop
      vertex   -1.277492e+01 -1.996041e+01 -3.210000e+01
      vertex   -1.277492e+01 -1.996041e+01 -2.960000e+01
      vertex   -1.356021e+01 -1.906213e+01 -2.960000e+01
    endloop
  endfacet
  facet normal -7.528697e-01 -6.581696e-01 1.079382e-15
    outer loop
      vertex   -1.277492e+01 -1.996041e+01 -3.210000e+01
      vertex   -1.356021e+01 -1.906213e+01 -2.960000e+01
      vertex   -1.356021e+01 -1.906213e+01 -3.210000e+01
    endloop
  endfacet
  facet normal -7.959676e-01 -6.053393e-01 1.131138e-15
    outer loop
      vertex   -1.356021e+01 -1.906213e+01 -3.210000e+01
      vertex   -1.356021e+01 -1.906213e+01 -2.960000e+01
      vertex   -1.428246e+01 -1.811243e+01 -2.960000e+01
    endloop
  endfacet
  facet normal -7.959676e-01 -6.053393e-01 -5.955210e-16
    outer loop
      vertex   -1.356021e+01 -1.906213e+01 -3.210000e+01
      vertex   -1.428246e+01 -1.811243e+01 -2.960000e+01
      vertex   -1.428246e+01 -1.811243e+01 -3.210000e+01
    endloop
  endfacet
  facet normal -8.353654e-01 -5.496950e-01 -5.935628e-16
    outer loop
      vertex   -1.428246e+01 -1.811243e+01 -3.210000e+01
      vertex   -1.428246e+01 -1.811243e+01 -2.960000e+01
      vertex   -1.493833e+01 -1.711572e+01 -2.960000e+01
    endloop
  endfacet
  facet normal -8.353654e-01 -5.496950e-01 -7.816213e-16
    outer loop
      vertex   -1.428246e+01 -1.811243e+01 -3.210000e+01
      vertex   -1.493833e+01 -1.711572e+01 -2.960000e+01
      vertex   -1.493833e+01 -1.711572e+01 -3.210000e+01
    endloop
  endfacet
  facet normal -8.708801e-01 -4.914956e-01 -6.984572e-16
    outer loop
      vertex   -1.493833e+01 -1.711572e+01 -3.210000e+01
      vertex   -1.493833e+01 -1.711572e+01 -2.960000e+01
      vertex   -1.552476e+01 -1.607663e+01 -2.960000e+01
    endloop
  endfacet
  facet normal -8.708801e-01 -4.914956e-01 -1.488802e-16
    outer loop
      vertex   -1.493833e+01 -1.711572e+01 -3.210000e+01
      vertex   -1.552476e+01 -1.607663e+01 -2.960000e+01
      vertex   -1.552476e+01 -1.607663e+01 -3.210000e+01
    endloop
  endfacet
  facet normal -9.023465e-01 -4.310114e-01 5.730350e-17
    outer loop
      vertex   -1.552476e+01 -1.607663e+01 -3.210000e+01
      vertex   -1.552476e+01 -1.607663e+01 -2.960000e+01
      vertex   -1.603901e+01 -1.500000e+01 -3.210000e+01
    endloop
  endfacet
  facet normal -9.023465e-01 -4.310114e-01 0.000000e+00
    outer loop
      vertex   -1.603901e+01 -1.500000e+01 -3.210000e+01
      vertex   -1.552476e+01 -1.607663e+01 -2.960000e+01
      vertex   -1.603901e+01 -1.500000e+01 -2.960000e+01
    endloop
  endfacet
  facet normal 1.631565e-01 9.866002e-01 0.000000e+00
    outer loop
      vertex   1.686627e+01 -1.041834e+01 -3.210000e+01
      vertex   1.732143e+01 -1.049361e+01 -2.960000e+01
      vertex   1.732143e+01 -1.049361e+01 -3.210000e+01
    endloop
  endfacet
  facet normal -2.090881e-02 9.997814e-01 0.000000e+00
    outer loop
      vertex   1.732143e+01 -1.049361e+01 -3.210000e+01
      vertex   1.732143e+01 -1.049361e+01 -2.960000e+01
      vertex   1.778267e+01 -1.048397e+01 -2.960000e+01
    endloop
  endfacet
  facet normal -2.090881e-02 9.997814e-01 -2.932932e-17
    outer loop
      vertex   1.732143e+01 -1.049361e+01 -3.210000e+01
      vertex   1.778267e+01 -1.048397e+01 -2.960000e+01
      vertex   1.778267e+01 -1.048397e+01 -3.210000e+01
    endloop
  endfacet
  facet normal -2.042621e-01 9.789162e-01 -2.902740e-16
    outer loop
      vertex   1.778267e+01 -1.048397e+01 -3.210000e+01
      vertex   1.778267e+01 -1.048397e+01 -2.960000e+01
      vertex   1.823428e+01 -1.038973e+01 -2.960000e+01
    endloop
  endfacet
  facet normal -2.042621e-01 9.789162e-01 0.000000e+00
    outer loop
      vertex   1.778267e+01 -1.048397e+01 -3.210000e+01
      vertex   1.823428e+01 -1.038973e+01 -2.960000e+01
      vertex   1.823428e+01 -1.038973e+01 -3.210000e+01
    endloop
  endfacet
  facet normal -3.806596e-01 9.247152e-01 0.000000e+00
    outer loop
      vertex   1.823428e+01 -1.038973e+01 -3.210000e+01
      vertex   1.823428e+01 -1.038973e+01 -2.960000e+01
      vertex   1.866089e+01 -1.021412e+01 -2.960000e+01
    endloop
  endfacet
  facet normal -3.806596e-01 9.247152e-01 1.311547e-15
    outer loop
      vertex   1.823428e+01 -1.038973e+01 -3.210000e+01
      vertex   1.866089e+01 -1.021412e+01 -2.960000e+01
      vertex   1.866089e+01 -1.021412e+01 -3.210000e+01
    endloop
  endfacet
  facet normal -5.440941e-01 8.390242e-01 1.192325e-15
    outer loop
      vertex   1.866089e+01 -1.021412e+01 -3.210000e+01
      vertex   1.866089e+01 -1.021412e+01 -2.960000e+01
      vertex   1.904797e+01 -9.963106e+00 -2.960000e+01
    endloop
  endfacet
  facet normal -5.440941e-01 8.390242e-01 -7.700828e-16
    outer loop
      vertex   1.866089e+01 -1.021412e+01 -3.210000e+01
      vertex   1.904797e+01 -9.963106e+00 -2.960000e+01
      vertex   1.904797e+01 -9.963106e+00 -3.210000e+01
    endloop
  endfacet
  facet normal -6.890002e-01 7.247612e-01 -9.791281e-16
    outer loop
      vertex   1.904797e+01 -9.963106e+00 -3.210000e+01
      vertex   1.904797e+01 -9.963106e+00 -2.960000e+01
      vertex   1.938233e+01 -9.645241e+00 -2.960000e+01
    endloop
  endfacet
  facet normal -6.890002e-01 7.247612e-01 0.000000e+00
    outer loop
      vertex   1.904797e+01 -9.963106e+00 -3.210000e+01
      vertex   1.938233e+01 -9.645241e+00 -2.960000e+01
      vertex   1.938233e+01 -9.645241e+00 -3.210000e+01
    endloop
  endfacet
  facet normal -8.104431e-01 5.858173e-01 0.000000e+00
    outer loop
      vertex   1.938233e+01 -9.645241e+00 -3.210000e+01
      vertex   1.938233e+01 -9.645241e+00 -2.960000e+01
      vertex   1.965260e+01 -9.271350e+00 -2.960000e+01
    endloop
  endfacet
  facet normal -8.104431e-01 5.858173e-01 0.000000e+00
    outer loop
      vertex   1.938233e+01 -9.645241e+00 -3.210000e+01
      vertex   1.965260e+01 -9.271350e+00 -2.960000e+01
      vertex   1.965260e+01 -9.271350e+00 -3.210000e+01
    endloop
  endfacet
  facet normal -9.042875e-01 4.269241e-01 0.000000e+00
    outer loop
      vertex   1.965260e+01 -9.271350e+00 -3.210000e+01
      vertex   1.965260e+01 -9.271350e+00 -2.960000e+01
      vertex   1.984955e+01 -8.854165e+00 -2.960000e+01
    endloop
  endfacet
  facet normal -9.042875e-01 4.269241e-01 3.008136e-16
    outer loop
      vertex   1.965260e+01 -9.271350e+00 -3.210000e+01
      vertex   1.984955e+01 -8.854165e+00 -2.960000e+01
      vertex   1.984955e+01 -8.854165e+00 -3.210000e+01
    endloop
  endfacet
  facet normal -9.673373e-01 2.534925e-01 1.801173e-16
    outer loop
      vertex   1.984955e+01 -8.854165e+00 -3.210000e+01
      vertex   1.984955e+01 -8.854165e+00 -2.960000e+01
      vertex   1.996650e+01 -8.407891e+00 -2.960000e+01
    endloop
  endfacet
  facet normal -9.673373e-01 2.534925e-01 0.000000e+00
    outer loop
      vertex   1.984955e+01 -8.854165e+00 -3.210000e+01
      vertex   1.996650e+01 -8.407891e+00 -2.960000e+01
      vertex   1.996650e+01 -8.407891e+00 -3.210000e+01
    endloop
  endfacet
  facet normal -9.974457e-01 7.142857e-02 0.000000e+00
    outer loop
      vertex   1.996650e+01 -8.407891e+00 -3.210000e+01
      vertex   1.996650e+01 -8.407891e+00 -2.960000e+01
      vertex   1.999945e+01 -7.947728e+00 -2.960000e+01
    endloop
  endfacet
  facet normal -9.974457e-01 7.142857e-02 2.556915e-17
    outer loop
      vertex   1.996650e+01 -8.407891e+00 -3.210000e+01
      vertex   1.999945e+01 -7.947728e+00 -2.960000e+01
      vertex   1.999945e+01 -7.947728e+00 -3.210000e+01
    endloop
  endfacet
  facet normal -9.935873e-01 -1.130678e-01 -4.016975e-17
    outer loop
      vertex   1.999945e+01 -7.947728e+00 -3.210000e+01
      vertex   1.999945e+01 -7.947728e+00 -2.960000e+01
      vertex   1.994729e+01 -7.489345e+00 -2.960000e+01
    endloop
  endfacet
  facet normal -9.935873e-01 -1.130678e-01 -4.211390e-17
    outer loop
      vertex   1.999945e+01 -7.947728e+00 -3.210000e+01
      vertex   1.994729e+01 -7.489345e+00 -2.960000e+01
      vertex   1.994729e+01 -7.489345e+00 -3.210000e+01
    endloop
  endfacet
  facet normal -9.558934e-01 -2.937138e-01 -1.043481e-16
    outer loop
      vertex   1.994729e+01 -7.489345e+00 -3.210000e+01
      vertex   1.994729e+01 -7.489345e+00 -2.960000e+01
      vertex   1.981179e+01 -7.048351e+00 -2.960000e+01
    endloop
  endfacet
  facet normal -9.558934e-01 -2.937138e-01 -1.082929e-16
    outer loop
      vertex   1.994729e+01 -7.489345e+00 -3.210000e+01
      vertex   1.981179e+01 -7.048351e+00 -2.960000e+01
      vertex   1.981179e+01 -7.048351e+00 -3.210000e+01
    endloop
  endfacet
  facet normal -8.856477e-01 -4.643577e-01 -1.649730e-16
    outer loop
      vertex   1.981179e+01 -7.048351e+00 -3.210000e+01
      vertex   1.981179e+01 -7.048351e+00 -2.960000e+01
      vertex   1.959756e+01 -6.639765e+00 -2.960000e+01
    endloop
  endfacet
  facet normal -8.856477e-01 -4.643577e-01 1.251384e-15
    outer loop
      vertex   1.981179e+01 -7.048351e+00 -3.210000e+01
      vertex   1.959756e+01 -6.639765e+00 -2.960000e+01
      vertex   1.959756e+01 -6.639765e+00 -3.210000e+01
    endloop
  endfacet
  facet normal -7.852424e-01 -6.191885e-01 1.115897e-15
    outer loop
      vertex   1.959756e+01 -6.639765e+00 -3.210000e+01
      vertex   1.959756e+01 -6.639765e+00 -2.960000e+01
      vertex   1.931190e+01 -6.277500e+00 -2.960000e+01
    endloop
  endfacet
  facet normal -7.852424e-01 -6.191885e-01 -2.286183e-16
    outer loop
      vertex   1.959756e+01 -6.639765e+00 -3.210000e+01
      vertex   1.931190e+01 -6.277500e+00 -2.960000e+01
      vertex   1.931190e+01 -6.277500e+00 -3.210000e+01
    endloop
  endfacet
  facet normal -6.580966e-01 -7.529335e-01 -2.674957e-16
    outer loop
      vertex   1.931190e+01 -6.277500e+00 -3.210000e+01
      vertex   1.931190e+01 -6.277500e+00 -2.960000e+01
      vertex   1.896454e+01 -5.973892e+00 -2.960000e+01
    endloop
  endfacet
  facet normal -6.580966e-01 -7.529335e-01 0.000000e+00
    outer loop
      vertex   1.931190e+01 -6.277500e+00 -3.210000e+01
      vertex   1.896454e+01 -5.973892e+00 -2.960000e+01
      vertex   1.896454e+01 -5.973892e+00 -3.210000e+01
    endloop
  endfacet
  facet normal -5.085400e-01 -8.610383e-01 0.000000e+00
    outer loop
      vertex   1.896454e+01 -5.973892e+00 -3.210000e+01
      vertex   1.896454e+01 -5.973892e+00 -2.960000e+01
      vertex   1.856731e+01 -5.739281e+00 -2.960000e+01
    endloop
  endfacet
  facet normal -5.085400e-01 -8.610383e-01 4.211390e-16
    outer loop
      vertex   1.896454e+01 -5.973892e+00 -3.210000e+01
      vertex   1.856731e+01 -5.739281e+00 -2.960000e+01
      vertex   1.856731e+01 -5.739281e+00 -3.210000e+01
    endloop
  endfacet
  facet normal -3.416658e-01 -9.398215e-01 1.516446e-16
    outer loop
      vertex   1.856731e+01 -5.739281e+00 -3.210000e+01
      vertex   1.856731e+01 -5.739281e+00 -2.960000e+01
      vertex   1.813373e+01 -5.581657e+00 -2.960000e+01
    endloop
  endfacet
  facet normal -3.416658e-01 -9.398215e-01 0.000000e+00
    outer loop
      vertex   1.856731e+01 -5.739281e+00 -3.210000e+01
      vertex   1.813373e+01 -5.581657e+00 -2.960000e+01
      vertex   1.813373e+01 -5.581657e+00 -3.210000e+01
    endloop
  endfacet
  facet normal -1.631565e-01 -9.866002e-01 0.000000e+00
    outer loop
      vertex   1.813373e+01 -5.581657e+00 -3.210000e+01
      vertex   1.813373e+01 -5.581657e+00 -2.960000e+01
      vertex   1.767857e+01 -5.506386e+00 -2.960000e+01
    endloop
  endfacet
  facet normal -1.631565e-01 -9.866002e-01 -6.978875e-16
    outer loop
      vertex   1.813373e+01 -5.581657e+00 -3.210000e+01
      vertex   1.767857e+01 -5.506386e+00 -2.960000e+01
      vertex   1.767857e+01 -5.506386e+00 -3.210000e+01
    endloop
  endfacet
  facet normal 2.090881e-02 -9.997814e-01 -7.103874e-16
    outer loop
      vertex   1.767857e+01 -5.506386e+00 -3.210000e+01
      vertex   1.767857e+01 -5.506386e+00 -2.960000e+01
      vertex   1.721733e+01 -5.516032e+00 -2.960000e+01
    endloop
  endfacet
  facet normal 2.090881e-02 -9.997814e-01 0.000000e+00
    outer loop
      vertex   1.767857e+01 -5.506386e+00 -3.210000e+01
      vertex   1.721733e+01 -5.516032e+00 -2.960000e+01
      vertex   1.721733e+01 -5.516032e+00 -3.210000e+01
    endloop
  endfacet
  facet normal 2.042621e-01 -9.789162e-01 0.000000e+00
    outer loop
      vertex   1.721733e+01 -5.516032e+00 -3.210000e+01
      vertex   1.721733e+01 -5.516032e+00 -2.960000e+01
      vertex   1.676572e+01 -5.610266e+00 -2.960000e+01
    endloop
  endfacet
  facet normal 2.042621e-01 -9.789162e-01 0.000000e+00
    outer loop
      vertex   1.721733e+01 -5.516032e+00 -3.210000e+01
      vertex   1.676572e+01 -5.610266e+00 -2.960000e+01
      vertex   1.676572e+01 -5.610266e+00 -3.210000e+01
    endloop
  endfacet
  facet normal 3.806596e-01 -9.247152e-01 0.000000e+00
    outer loop
      vertex   1.676572e+01 -5.610266e+00 -3.210000e+01
      vertex   1.676572e+01 -5.610266e+00 -2.960000e+01
      vertex   1.633911e+01 -5.785881e+00 -2.960000e+01
    endloop
  endfacet
  facet normal 3.806596e-01 -9.247152e-01 0.000000e+00
    outer loop
      vertex   1.676572e+01 -5.610266e+00 -3.210000e+01
      vertex   1.633911e+01 -5.785881e+00 -2.960000e+01
      vertex   1.633911e+01 -5.785881e+00 -3.210000e+01
    endloop
  endfacet
  facet normal 5.440941e-01 -8.390242e-01 0.000000e+00
    outer loop
      vertex   1.633911e+01 -5.785881e+00 -3.210000e+01
      vertex   1.633911e+01 -5.785881e+00 -2.960000e+01
      vertex   1.595203e+01 -6.036894e+00 -2.960000e+01
    endloop
  endfacet
  facet normal 5.440941e-01 -8.390242e-01 -3.850414e-16
    outer loop
      vertex   1.633911e+01 -5.785881e+00 -3.210000e+01
      vertex   1.595203e+01 -6.036894e+00 -2.960000e+01
      vertex   1.595203e+01 -6.036894e+00 -3.210000e+01
    endloop
  endfacet
  facet normal 6.890002e-01 -7.247612e-01 -4.895641e-16
    outer loop
      vertex   1.595203e+01 -6.036894e+00 -3.210000e+01
      vertex   1.595203e+01 -6.036894e+00 -2.960000e+01
      vertex   1.561767e+01 -6.354759e+00 -2.960000e+01
    endloop
  endfacet
  facet normal 6.890002e-01 -7.247612e-01 2.526834e-16
    outer loop
      vertex   1.595203e+01 -6.036894e+00 -3.210000e+01
      vertex   1.561767e+01 -6.354759e+00 -2.960000e+01
      vertex   1.561767e+01 -6.354759e+00 -3.210000e+01
    endloop
  endfacet
  facet normal 8.104431e-01 -5.858173e-01 2.081241e-16
    outer loop
      vertex   1.561767e+01 -6.354759e+00 -3.210000e+01
      vertex   1.561767e+01 -6.354759e+00 -2.960000e+01
      vertex   1.534740e+01 -6.728650e+00 -2.960000e+01
    endloop
  endfacet
  facet normal 8.104431e-01 -5.858173e-01 2.165858e-16
    outer loop
      vertex   1.561767e+01 -6.354759e+00 -3.210000e+01
      vertex   1.534740e+01 -6.728650e+00 -2.960000e+01
      vertex   1.534740e+01 -6.728650e+00 -3.210000e+01
    endloop
  endfacet
  facet normal 9.042875e-01 -4.269241e-01 1.516739e-16
    outer loop
      vertex   1.534740e+01 -6.728650e+00 -3.210000e+01
      vertex   1.534740e+01 -6.728650e+00 -2.960000e+01
      vertex   1.515045e+01 -7.145835e+00 -2.960000e+01
    endloop
  endfacet
  facet normal 9.042875e-01 -4.269241e-01 1.564231e-16
    outer loop
      vertex   1.534740e+01 -6.728650e+00 -3.210000e+01
      vertex   1.515045e+01 -7.145835e+00 -2.960000e+01
      vertex   1.515045e+01 -7.145835e+00 -3.210000e+01
    endloop
  endfacet
  facet normal 9.673373e-01 -2.534925e-01 9.005864e-17
    outer loop
      vertex   1.515045e+01 -7.145835e+00 -3.210000e+01
      vertex   1.515045e+01 -7.145835e+00 -2.960000e+01
      vertex   1.503350e+01 -7.592109e+00 -2.960000e+01
    endloop
  endfacet
  facet normal 9.673373e-01 -2.534925e-01 9.024407e-17
    outer loop
      vertex   1.515045e+01 -7.145835e+00 -3.210000e+01
      vertex   1.503350e+01 -7.592109e+00 -2.960000e+01
      vertex   1.503350e+01 -7.592109e+00 -3.210000e+01
    endloop
  endfacet
  facet normal 9.974457e-01 -7.142857e-02 2.537653e-17
    outer loop
      vertex   1.503350e+01 -7.592109e+00 -3.210000e+01
      vertex   1.503350e+01 -7.592109e+00 -2.960000e+01
      vertex   1.500055e+01 -8.052272e+00 -2.960000e+01
    endloop
  endfacet
  facet normal 9.974457e-01 -7.142857e-02 4.963424e-17
    outer loop
      vertex   1.503350e+01 -7.592109e+00 -3.210000e+01
      vertex   1.500055e+01 -8.052272e+00 -2.960000e+01
      vertex   1.500055e+01 -8.052272e+00 -3.210000e+01
    endloop
  endfacet
  facet normal 9.935873e-01 1.130678e-01 -8.033951e-17
    outer loop
      vertex   1.500055e+01 -8.052272e+00 -3.210000e+01
      vertex   1.500055e+01 -8.052272e+00 -2.960000e+01
      vertex   1.505271e+01 -8.510655e+00 -2.960000e+01
    endloop
  endfacet
  facet normal 9.935873e-01 1.130678e-01 0.000000e+00
    outer loop
      vertex   1.500055e+01 -8.052272e+00 -3.210000e+01
      vertex   1.505271e+01 -8.510655e+00 -2.960000e+01
      vertex   1.505271e+01 -8.510655e+00 -3.210000e+01
    endloop
  endfacet
  facet normal 9.558934e-01 2.937138e-01 -0.000000e+00
    outer loop
      vertex   1.505271e+01 -8.510655e+00 -3.210000e+01
      vertex   1.505271e+01 -8.510655e+00 -2.960000e+01
      vertex   1.518821e+01 -8.951649e+00 -2.960000e+01
    endloop
  endfacet
  facet normal 9.558934e-01 2.937138e-01 1.353661e-15
    outer loop
      vertex   1.505271e+01 -8.510655e+00 -3.210000e+01
      vertex   1.518821e+01 -8.951649e+00 -2.960000e+01
      vertex   1.518821e+01 -8.951649e+00 -3.210000e+01
    endloop
  endfacet
  facet normal 8.856477e-01 4.643577e-01 1.258581e-15
    outer loop
      vertex   1.518821e+01 -8.951649e+00 -3.210000e+01
      vertex   1.518821e+01 -8.951649e+00 -2.960000e+01
      vertex   1.540244e+01 -9.360235e+00 -2.960000e+01
    endloop
  endfacet
  facet normal 8.856477e-01 4.643577e-01 3.008136e-16
    outer loop
      vertex   1.518821e+01 -8.951649e+00 -3.210000e+01
      vertex   1.540244e+01 -9.360235e+00 -2.960000e+01
      vertex   1.540244e+01 -9.360235e+00 -3.210000e+01
    endloop
  endfacet
  facet normal 7.852424e-01 6.191885e-01 1.179884e-16
    outer loop
      vertex   1.540244e+01 -9.360235e+00 -3.210000e+01
      vertex   1.540244e+01 -9.360235e+00 -2.960000e+01
      vertex   1.568810e+01 -9.722500e+00 -2.960000e+01
    endloop
  endfacet
  facet normal 7.852424e-01 6.191885e-01 1.119027e-15
    outer loop
      vertex   1.540244e+01 -9.360235e+00 -3.210000e+01
      vertex   1.568810e+01 -9.722500e+00 -2.960000e+01
      vertex   1.568810e+01 -9.722500e+00 -3.210000e+01
    endloop
  endfacet
  facet normal 6.580966e-01 7.529335e-01 9.352115e-16
    outer loop
      vertex   1.568810e+01 -9.722500e+00 -3.210000e+01
      vertex   1.568810e+01 -9.722500e+00 -2.960000e+01
      vertex   1.603546e+01 -1.002611e+01 -2.960000e+01
    endloop
  endfacet
  facet normal 6.580966e-01 7.529335e-01 0.000000e+00
    outer loop
      vertex   1.568810e+01 -9.722500e+00 -3.210000e+01
      vertex   1.603546e+01 -1.002611e+01 -2.960000e+01
      vertex   1.603546e+01 -1.002611e+01 -3.210000e+01
    endloop
  endfacet
  facet normal 5.085400e-01 8.610383e-01 -0.000000e+00
    outer loop
      vertex   1.603546e+01 -1.002611e+01 -3.210000e+01
      vertex   1.603546e+01 -1.002611e+01 -2.960000e+01
      vertex   1.643269e+01 -1.026072e+01 -2.960000e+01
    endloop
  endfacet
  facet normal 5.085400e-01 8.610383e-01 -6.136597e-16
    outer loop
      vertex   1.603546e+01 -1.002611e+01 -3.210000e+01
      vertex   1.643269e+01 -1.026072e+01 -2.960000e+01
      vertex   1.643269e+01 -1.026072e+01 -3.210000e+01
    endloop
  endfacet
  facet normal 3.416658e-01 9.398215e-01 -6.677833e-16
    outer loop
      vertex   1.643269e+01 -1.026072e+01 -3.210000e+01
      vertex   1.643269e+01 -1.026072e+01 -2.960000e+01
      vertex   1.686627e+01 -1.041834e+01 -2.960000e+01
    endloop
  endfacet
  facet normal 3.416658e-01 9.398215e-01 0.000000e+00
    outer loop
      vertex   1.643269e+01 -1.026072e+01 -3.210000e+01
      vertex   1.686627e+01 -1.041834e+01 -2.960000e+01
      vertex   1.686627e+01 -1.041834e+01 -3.210000e+01
    endloop
  endfacet
  facet normal 1.631565e-01 9.866002e-01 -0.000000e+00
    outer loop
      vertex   1.686627e+01 -1.041834e+01 -3.210000e+01
      vertex   1.686627e+01 -1.041834e+01 -2.960000e+01
      vertex   1.732143e+01 -1.049361e+01 -2.960000e+01
    endloop
  endfacet
  facet normal 9.023465e-01 4.310114e-01 0.000000e+00
    outer loop
      vertex   1.603901e+01 -1.000000e+00 -2.960000e+01
      vertex   1.603901e+01 -1.000000e+00 -3.210000e+01
      vertex   1.552476e+01 7.662996e-02 -2.960000e+01
    endloop
  endfacet
  facet normal 9.023465e-01 4.310114e-01 -1.531260e-15
    outer loop
      vertex   1.552476e+01 7.662996e-02 -2.960000e+01
      vertex   1.603901e+01 -1.000000e+00 -3.210000e+01
      vertex   1.552476e+01 7.662996e-02 -3.210000e+01
    endloop
  endfacet
  facet normal 8.708801e-01 4.914956e-01 -1.746143e-15
    outer loop
      vertex   1.552476e+01 7.662996e-02 -2.960000e+01
      vertex   1.552476e+01 7.662996e-02 -3.210000e+01
      vertex   1.493833e+01 1.115716e+00 -3.210000e+01
    endloop
  endfacet
  facet normal 8.708801e-01 4.914956e-01 5.583009e-16
    outer loop
      vertex   1.552476e+01 7.662996e-02 -2.960000e+01
      vertex   1.493833e+01 1.115716e+00 -3.210000e+01
      vertex   1.493833e+01 1.115716e+00 -2.960000e+01
    endloop
  endfacet
  facet normal 8.353654e-01 5.496950e-01 3.160067e-16
    outer loop
      vertex   1.493833e+01 1.115716e+00 -2.960000e+01
      vertex   1.493833e+01 1.115716e+00 -3.210000e+01
      vertex   1.428246e+01 2.112428e+00 -3.210000e+01
    endloop
  endfacet
  facet normal 8.353654e-01 5.496950e-01 8.188414e-16
    outer loop
      vertex   1.493833e+01 1.115716e+00 -2.960000e+01
      vertex   1.428246e+01 2.112428e+00 -3.210000e+01
      vertex   1.428246e+01 2.112428e+00 -2.960000e+01
    endloop
  endfacet
  facet normal 7.959676e-01 6.053393e-01 6.214084e-16
    outer loop
      vertex   1.428246e+01 2.112428e+00 -2.960000e+01
      vertex   1.428246e+01 2.112428e+00 -3.210000e+01
      vertex   1.356021e+01 3.062132e+00 -3.210000e+01
    endloop
  endfacet
  facet normal 7.959676e-01 6.053393e-01 1.191042e-15
    outer loop
      vertex   1.428246e+01 2.112428e+00 -2.960000e+01
      vertex   1.356021e+01 3.062132e+00 -3.210000e+01
      vertex   1.356021e+01 3.062132e+00 -2.960000e+01
    endloop
  endfacet
  facet normal 7.528697e-01 6.581696e-01 9.706403e-16
    outer loop
      vertex   1.356021e+01 3.062132e+00 -2.960000e+01
      vertex   1.356021e+01 3.062132e+00 -3.210000e+01
      vertex   1.277492e+01 3.960415e+00 -3.210000e+01
    endloop
  endfacet
  facet normal 7.528697e-01 6.581696e-01 1.042162e-15
    outer loop
      vertex   1.356021e+01 3.062132e+00 -2.960000e+01
      vertex   1.277492e+01 3.960415e+00 -3.210000e+01
      vertex   1.277492e+01 3.960415e+00 -2.960000e+01
    endloop
  endfacet
  facet normal 7.062721e-01 7.079405e-01 8.767321e-16
    outer loop
      vertex   1.277492e+01 3.960415e+00 -2.960000e+01
      vertex   1.277492e+01 3.960415e+00 -3.210000e+01
      vertex   1.193024e+01 4.803100e+00 -3.210000e+01
    endloop
  endfacet
  facet normal 7.062721e-01 7.079405e-01 -2.605404e-16
    outer loop
      vertex   1.277492e+01 3.960415e+00 -2.960000e+01
      vertex   1.193024e+01 4.803100e+00 -3.210000e+01
      vertex   1.193024e+01 4.803100e+00 -2.960000e+01
    endloop
  endfacet
  facet normal 6.563915e-01 7.544205e-01 -4.073316e-16
    outer loop
      vertex   1.193024e+01 4.803100e+00 -2.960000e+01
      vertex   1.193024e+01 4.803100e+00 -3.210000e+01
      vertex   1.103011e+01 5.586270e+00 -3.210000e+01
    endloop
  endfacet
  facet normal 6.563915e-01 7.544205e-01 8.560614e-16
    outer loop
      vertex   1.193024e+01 4.803100e+00 -2.960000e+01
      vertex   1.103011e+01 5.586270e+00 -3.210000e+01
      vertex   1.103011e+01 5.586270e+00 -2.960000e+01
    endloop
  endfacet
  facet normal 6.034596e-01 7.973936e-01 7.197693e-16
    outer loop
      vertex   1.103011e+01 5.586270e+00 -2.960000e+01
      vertex   1.103011e+01 5.586270e+00 -3.210000e+01
      vertex   1.007870e+01 6.306284e+00 -3.210000e+01
    endloop
  endfacet
  facet normal 6.034596e-01 7.973936e-01 -7.071812e-16
    outer loop
      vertex   1.103011e+01 5.586270e+00 -2.960000e+01
      vertex   1.007870e+01 6.306284e+00 -3.210000e+01
      vertex   1.007870e+01 6.306284e+00 -2.960000e+01
    endloop
  endfacet
  facet normal 5.477226e-01 8.366600e-01 -7.997851e-16
    outer loop
      vertex   1.007870e+01 6.306284e+00 -2.960000e+01
      vertex   1.007870e+01 6.306284e+00 -3.210000e+01
      vertex   9.080445e+00 6.959797e+00 -3.210000e+01
    endloop
  endfacet
  facet normal 5.477226e-01 8.366600e-01 3.722006e-16
    outer loop
      vertex   1.007870e+01 6.306284e+00 -2.960000e+01
      vertex   9.080445e+00 6.959797e+00 -3.210000e+01
      vertex   9.080445e+00 6.959797e+00 -2.960000e+01
    endloop
  endfacet
  facet normal 4.894394e-01 8.720373e-01 1.518311e-16
    outer loop
      vertex   9.080445e+00 6.959797e+00 -2.960000e+01
      vertex   9.080445e+00 6.959797e+00 -3.210000e+01
      vertex   8.039979e+00 7.543769e+00 -3.210000e+01
    endloop
  endfacet
  facet normal 4.894394e-01 8.720373e-01 -5.583009e-16
    outer loop
      vertex   9.080445e+00 6.959797e+00 -2.960000e+01
      vertex   8.039979e+00 7.543769e+00 -3.210000e+01
      vertex   8.039979e+00 7.543769e+00 -2.960000e+01
    endloop
  endfacet
  facet normal 4.288812e-01 9.033609e-01 -6.742762e-16
    outer loop
      vertex   8.039979e+00 7.543769e+00 -2.960000e+01
      vertex   8.039979e+00 7.543769e+00 -3.210000e+01
      vertex   6.962138e+00 8.055486e+00 -3.210000e+01
    endloop
  endfacet
  facet normal 4.288812e-01 9.033609e-01 5.955210e-16
    outer loop
      vertex   8.039979e+00 7.543769e+00 -2.960000e+01
      vertex   6.962138e+00 8.055486e+00 -3.210000e+01
      vertex   6.962138e+00 8.055486e+00 -2.960000e+01
    endloop
  endfacet
  facet normal 3.663293e-01 9.304853e-01 5.205852e-16
    outer loop
      vertex   6.962138e+00 8.055486e+00 -2.960000e+01
      vertex   6.962138e+00 8.055486e+00 -3.210000e+01
      vertex   5.851935e+00 8.492570e+00 -3.210000e+01
    endloop
  endfacet
  facet normal 3.663293e-01 9.304853e-01 -4.094207e-16
    outer loop
      vertex   6.962138e+00 8.055486e+00 -2.960000e+01
      vertex   5.851935e+00 8.492570e+00 -3.210000e+01
      vertex   5.851935e+00 8.492570e+00 -2.960000e+01
    endloop
  endfacet
  facet normal 3.020745e-01 9.532843e-01 -6.034695e-16
    outer loop
      vertex   5.851935e+00 8.492570e+00 -2.960000e+01
      vertex   5.851935e+00 8.492570e+00 -3.210000e+01
      vertex   4.714529e+00 8.852988e+00 -3.210000e+01
    endloop
  endfacet
  facet normal 3.020745e-01 9.532843e-01 1.209652e-15
    outer loop
      vertex   5.851935e+00 8.492570e+00 -2.960000e+01
      vertex   4.714529e+00 8.852988e+00 -3.210000e+01
      vertex   4.714529e+00 8.852988e+00 -2.960000e+01
    endloop
  endfacet
  facet normal 2.364156e-01 9.716520e-01 1.110359e-15
    outer loop
      vertex   4.714529e+00 8.852988e+00 -2.960000e+01
      vertex   4.714529e+00 8.852988e+00 -3.210000e+01
      vertex   3.555207e+00 9.135066e+00 -3.210000e+01
    endloop
  endfacet
  facet normal 2.364156e-01 9.716520e-01 -1.042162e-15
    outer loop
      vertex   4.714529e+00 8.852988e+00 -2.960000e+01
      vertex   3.555207e+00 9.135066e+00 -3.210000e+01
      vertex   3.555207e+00 9.135066e+00 -2.960000e+01
    endloop
  endfacet
  facet normal 1.696577e-01 9.855031e-01 -1.159386e-15
    outer loop
      vertex   3.555207e+00 9.135066e+00 -2.960000e+01
      vertex   3.555207e+00 9.135066e+00 -3.210000e+01
      vertex   2.379359e+00 9.337493e+00 -3.210000e+01
    endloop
  endfacet
  facet normal 1.696577e-01 9.855031e-01 -4.280307e-16
    outer loop
      vertex   3.555207e+00 9.135066e+00 -2.960000e+01
      vertex   2.379359e+00 9.337493e+00 -3.210000e+01
      vertex   2.379359e+00 9.337493e+00 -2.960000e+01
    endloop
  endfacet
  facet normal 1.021111e-01 9.947730e-01 -5.435816e-16
    outer loop
      vertex   2.379359e+00 9.337493e+00 -2.960000e+01
      vertex   2.379359e+00 9.337493e+00 -3.210000e+01
      vertex   1.192451e+00 9.459326e+00 -3.210000e+01
    endloop
  endfacet
  facet normal 1.021111e-01 9.947730e-01 -3.442856e-16
    outer loop
      vertex   2.379359e+00 9.337493e+00 -2.960000e+01
      vertex   1.192451e+00 9.459326e+00 -3.210000e+01
      vertex   1.192451e+00 9.459326e+00 -2.960000e+01
    endloop
  endfacet
  facet normal 3.408985e-02 9.994188e-01 -5.890183e-16
    outer loop
      vertex   1.192451e+00 9.459326e+00 -2.960000e+01
      vertex   1.192451e+00 9.459326e+00 -3.210000e+01
      vertex   0.000000e+00 9.500000e+00 -3.210000e+01
    endloop
  endfacet
  facet normal 3.408985e-02 9.994188e-01 0.000000e+00
    outer loop
      vertex   1.192451e+00 9.459326e+00 -2.960000e+01
      vertex   0.000000e+00 9.500000e+00 -3.210000e+01
      vertex   0.000000e+00 9.500000e+00 -2.960000e+01
    endloop
  endfacet
  facet normal -3.408985e-02 9.994188e-01 0.000000e+00
    outer loop
      vertex   0.000000e+00 9.500000e+00 -2.960000e+01
      vertex   0.000000e+00 9.500000e+00 -3.210000e+01
      vertex   -1.192451e+00 9.459326e+00 -3.210000e+01
    endloop
  endfacet
  facet normal -3.408985e-02 9.994188e-01 -1.070077e-16
    outer loop
      vertex   0.000000e+00 9.500000e+00 -2.960000e+01
      vertex   -1.192451e+00 9.459326e+00 -3.210000e+01
      vertex   -1.192451e+00 9.459326e+00 -2.960000e+01
    endloop
  endfacet
  facet normal -1.021111e-01 9.947730e-01 -3.174250e-16
    outer loop
      vertex   -1.192451e+00 9.459326e+00 -2.960000e+01
      vertex   -1.192451e+00 9.459326e+00 -3.210000e+01
      vertex   -2.379359e+00 9.337493e+00 -3.210000e+01
    endloop
  endfacet
  facet normal -1.021111e-01 9.947730e-01 1.088687e-15
    outer loop
      vertex   -1.192451e+00 9.459326e+00 -2.960000e+01
      vertex   -2.379359e+00 9.337493e+00 -3.210000e+01
      vertex   -2.379359e+00 9.337493e+00 -2.960000e+01
    endloop
  endfacet
  facet normal -1.696577e-01 9.855031e-01 8.580135e-16
    outer loop
      vertex   -2.379359e+00 9.337493e+00 -2.960000e+01
      vertex   -2.379359e+00 9.337493e+00 -3.210000e+01
      vertex   -3.555207e+00 9.135066e+00 -3.210000e+01
    endloop
  endfacet
  facet normal -1.696577e-01 9.855031e-01 -1.302702e-15
    outer loop
      vertex   -2.379359e+00 9.337493e+00 -2.960000e+01
      vertex   -3.555207e+00 9.135066e+00 -3.210000e+01
      vertex   -3.555207e+00 9.135066e+00 -2.960000e+01
    endloop
  endfacet
  facet normal -2.364156e-01 9.716520e-01 -1.530317e-15
    outer loop
      vertex   -3.555207e+00 9.135066e+00 -2.960000e+01
      vertex   -3.555207e+00 9.135066e+00 -3.210000e+01
      vertex   -4.714529e+00 8.852988e+00 -3.210000e+01
    endloop
  endfacet
  facet normal -2.364156e-01 9.716520e-01 0.000000e+00
    outer loop
      vertex   -3.555207e+00 9.135066e+00 -2.960000e+01
      vertex   -4.714529e+00 8.852988e+00 -3.210000e+01
      vertex   -4.714529e+00 8.852988e+00 -2.960000e+01
    endloop
  endfacet
  facet normal -3.020745e-01 9.532843e-01 0.000000e+00
    outer loop
      vertex   -4.714529e+00 8.852988e+00 -2.960000e+01
      vertex   -4.714529e+00 8.852988e+00 -3.210000e+01
      vertex   -5.851935e+00 8.492570e+00 -3.210000e+01
    endloop
  endfacet
  facet normal -3.020745e-01 9.532843e-01 0.000000e+00
    outer loop
      vertex   -4.714529e+00 8.852988e+00 -2.960000e+01
      vertex   -5.851935e+00 8.492570e+00 -3.210000e+01
      vertex   -5.851935e+00 8.492570e+00 -2.960000e+01
    endloop
  endfacet
  facet normal -3.663293e-01 9.304853e-01 0.000000e+00
    outer loop
      vertex   -5.851935e+00 8.492570e+00 -2.960000e+01
      vertex   -5.851935e+00 8.492570e+00 -3.210000e+01
      vertex   -6.962138e+00 8.055486e+00 -3.210000e+01
    endloop
  endfacet
  facet normal -3.663293e-01 9.304853e-01 -2.419304e-16
    outer loop
      vertex   -5.851935e+00 8.492570e+00 -2.960000e+01
      vertex   -6.962138e+00 8.055486e+00 -3.210000e+01
      vertex   -6.962138e+00 8.055486e+00 -2.960000e+01
    endloop
  endfacet
  facet normal -4.288812e-01 9.033609e-01 -4.247079e-16
    outer loop
      vertex   -6.962138e+00 8.055486e+00 -2.960000e+01
      vertex   -6.962138e+00 8.055486e+00 -3.210000e+01
      vertex   -8.039979e+00 7.543769e+00 -3.210000e+01
    endloop
  endfacet
  facet normal -4.288812e-01 9.033609e-01 0.000000e+00
    outer loop
      vertex   -6.962138e+00 8.055486e+00 -2.960000e+01
      vertex   -8.039979e+00 7.543769e+00 -3.210000e+01
      vertex   -8.039979e+00 7.543769e+00 -2.960000e+01
    endloop
  endfacet
  facet normal -4.894394e-01 8.720373e-01 0.000000e+00
    outer loop
      vertex   -8.039979e+00 7.543769e+00 -2.960000e+01
      vertex   -8.039979e+00 7.543769e+00 -3.210000e+01
      vertex   -9.080445e+00 6.959797e+00 -3.210000e+01
    endloop
  endfacet
  facet normal -4.894394e-01 8.720373e-01 0.000000e+00
    outer loop
      vertex   -8.039979e+00 7.543769e+00 -2.960000e+01
      vertex   -9.080445e+00 6.959797e+00 -3.210000e+01
      vertex   -9.080445e+00 6.959797e+00 -2.960000e+01
    endloop
  endfacet
  facet normal -5.477226e-01 8.366600e-01 0.000000e+00
    outer loop
      vertex   -9.080445e+00 6.959797e+00 -2.960000e+01
      vertex   -9.080445e+00 6.959797e+00 -3.210000e+01
      vertex   -1.007870e+01 6.306284e+00 -3.210000e+01
    endloop
  endfacet
  facet normal -5.477226e-01 8.366600e-01 -5.583009e-16
    outer loop
      vertex   -9.080445e+00 6.959797e+00 -2.960000e+01
      vertex   -1.007870e+01 6.306284e+00 -3.210000e+01
      vertex   -1.007870e+01 6.306284e+00 -2.960000e+01
    endloop
  endfacet
  facet normal -6.034596e-01 7.973936e-01 -8.729563e-16
    outer loop
      vertex   -1.007870e+01 6.306284e+00 -2.960000e+01
      vertex   -1.007870e+01 6.306284e+00 -3.210000e+01
      vertex   -1.103011e+01 5.586270e+00 -3.210000e+01
    endloop
  endfacet
  facet normal -6.034596e-01 7.973936e-01 5.583009e-16
    outer loop
      vertex   -1.007870e+01 6.306284e+00 -2.960000e+01
      vertex   -1.103011e+01 5.586270e+00 -3.210000e+01
      vertex   -1.103011e+01 5.586270e+00 -2.960000e+01
    endloop
  endfacet
  facet normal -6.563915e-01 7.544205e-01 4.073316e-16
    outer loop
      vertex   -1.103011e+01 5.586270e+00 -2.960000e+01
      vertex   -1.103011e+01 5.586270e+00 -3.210000e+01
      vertex   -1.193024e+01 4.803100e+00 -3.210000e+01
    endloop
  endfacet
  facet normal -6.563915e-01 7.544205e-01 0.000000e+00
    outer loop
      vertex   -1.103011e+01 5.586270e+00 -2.960000e+01
      vertex   -1.193024e+01 4.803100e+00 -3.210000e+01
      vertex   -1.193024e+01 4.803100e+00 -2.960000e+01
    endloop
  endfacet
  facet normal -7.062721e-01 7.079405e-01 0.000000e+00
    outer loop
      vertex   -1.193024e+01 4.803100e+00 -2.960000e+01
      vertex   -1.193024e+01 4.803100e+00 -3.210000e+01
      vertex   -1.277492e+01 3.960415e+00 -3.210000e+01
    endloop
  endfacet
  facet normal -7.062721e-01 7.079405e-01 -4.838608e-16
    outer loop
      vertex   -1.193024e+01 4.803100e+00 -2.960000e+01
      vertex   -1.277492e+01 3.960415e+00 -3.210000e+01
      vertex   -1.277492e+01 3.960415e+00 -2.960000e+01
    endloop
  endfacet
  facet normal -7.528697e-01 6.581696e-01 -7.368115e-16
    outer loop
      vertex   -1.277492e+01 3.960415e+00 -2.960000e+01
      vertex   -1.277492e+01 3.960415e+00 -3.210000e+01
      vertex   -1.356021e+01 3.062132e+00 -3.210000e+01
    endloop
  endfacet
  facet normal -7.528697e-01 6.581696e-01 -2.977605e-16
    outer loop
      vertex   -1.277492e+01 3.960415e+00 -2.960000e+01
      vertex   -1.356021e+01 3.062132e+00 -3.210000e+01
      vertex   -1.356021e+01 3.062132e+00 -2.960000e+01
    endloop
  endfacet
  facet normal -7.959676e-01 6.053393e-01 -5.138785e-16
    outer loop
      vertex   -1.356021e+01 3.062132e+00 -2.960000e+01
      vertex   -1.356021e+01 3.062132e+00 -3.210000e+01
      vertex   -1.428246e+01 2.112428e+00 -3.210000e+01
    endloop
  endfacet
  facet normal -7.959676e-01 6.053393e-01 0.000000e+00
    outer loop
      vertex   -1.356021e+01 3.062132e+00 -2.960000e+01
      vertex   -1.428246e+01 2.112428e+00 -3.210000e+01
      vertex   -1.428246e+01 2.112428e+00 -2.960000e+01
    endloop
  endfacet
  facet normal -8.353654e-01 5.496950e-01 0.000000e+00
    outer loop
      vertex   -1.428246e+01 2.112428e+00 -2.960000e+01
      vertex   -1.428246e+01 2.112428e+00 -3.210000e+01
      vertex   -1.493833e+01 1.115716e+00 -3.210000e+01
    endloop
  endfacet
  facet normal -8.353654e-01 5.496950e-01 0.000000e+00
    outer loop
      vertex   -1.428246e+01 2.112428e+00 -2.960000e+01
      vertex   -1.493833e+01 1.115716e+00 -3.210000e+01
      vertex   -1.493833e+01 1.115716e+00 -2.960000e+01
    endloop
  endfacet
  facet normal -8.708801e-01 4.914956e-01 0.000000e+00
    outer loop
      vertex   -1.493833e+01 1.115716e+00 -2.960000e+01
      vertex   -1.493833e+01 1.115716e+00 -3.210000e+01
      vertex   -1.552476e+01 7.662996e-02 -3.210000e+01
    endloop
  endfacet
  facet normal -8.708801e-01 4.914956e-01 7.816213e-16
    outer loop
      vertex   -1.493833e+01 1.115716e+00 -2.960000e+01
      vertex   -1.552476e+01 7.662996e-02 -3.210000e+01
      vertex   -1.552476e+01 7.662996e-02 -2.960000e+01
    endloop
  endfacet
  facet normal -9.023465e-01 4.310114e-01 5.790671e-16
    outer loop
      vertex   -1.552476e+01 7.662996e-02 -2.960000e+01
      vertex   -1.552476e+01 7.662996e-02 -3.210000e+01
      vertex   -1.603901e+01 -1.000000e+00 -2.960000e+01
    endloop
  endfacet
  facet normal -9.023465e-01 4.310114e-01 0.000000e+00
    outer loop
      vertex   -1.603901e+01 -1.000000e+00 -2.960000e+01
      vertex   -1.552476e+01 7.662996e-02 -3.210000e+01
      vertex   -1.603901e+01 -1.000000e+00 -3.210000e+01
    endloop
  endfacet
  facet normal -6.873398e-17 1.000000e+00 0.000000e+00
    outer loop
      vertex   -1.603901e+01 -1.000000e+00 -3.210000e+01
      vertex   -2.250000e+01 -1.000000e+00 -3.210000e+01
      vertex   -1.603901e+01 -1.000000e+00 -2.960000e+01
    endloop
  endfacet
  facet normal -6.873398e-17 1.000000e+00 0.000000e+00
    outer loop
      vertex   -1.603901e+01 -1.000000e+00 -2.960000e+01
      vertex   -2.250000e+01 -1.000000e+00 -3.210000e+01
      vertex   -2.250000e+01 -1.000000e+00 -2.960000e+01
    endloop
  endfacet
  facet normal 2.090881e-02 -9.997814e-01 0.000000e+00
    outer loop
      vertex   -1.778267e+01 -5.516032e+00 -2.960000e+01
      vertex   -1.732143e+01 -5.506386e+00 -3.210000e+01
      vertex   -1.732143e+01 -5.506386e+00 -2.960000e+01
    endloop
  endfacet
  facet normal -1.631565e-01 -9.866002e-01 -0.000000e+00
    outer loop
      vertex   -1.732143e+01 -5.506386e+00 -2.960000e+01
      vertex   -1.732143e+01 -5.506386e+00 -3.210000e+01
      vertex   -1.686627e+01 -5.581657e+00 -3.210000e+01
    endloop
  endfacet
  facet normal -1.631565e-01 -9.866002e-01 0.000000e+00
    outer loop
      vertex   -1.732143e+01 -5.506386e+00 -2.960000e+01
      vertex   -1.686627e+01 -5.581657e+00 -3.210000e+01
      vertex   -1.686627e+01 -5.581657e+00 -2.960000e+01
    endloop
  endfacet
  facet normal -3.416658e-01 -9.398215e-01 -0.000000e+00
    outer loop
      vertex   -1.686627e+01 -5.581657e+00 -2.960000e+01
      vertex   -1.686627e+01 -5.581657e+00 -3.210000e+01
      vertex   -1.643269e+01 -5.739281e+00 -3.210000e+01
    endloop
  endfacet
  facet normal -3.416658e-01 -9.398215e-01 1.443905e-16
    outer loop
      vertex   -1.686627e+01 -5.581657e+00 -2.960000e+01
      vertex   -1.643269e+01 -5.739281e+00 -3.210000e+01
      vertex   -1.643269e+01 -5.739281e+00 -2.960000e+01
    endloop
  endfacet
  facet normal -5.085400e-01 -8.610383e-01 4.167766e-16
    outer loop
      vertex   -1.643269e+01 -5.739281e+00 -2.960000e+01
      vertex   -1.643269e+01 -5.739281e+00 -3.210000e+01
      vertex   -1.603546e+01 -5.973892e+00 -3.210000e+01
    endloop
  endfacet
  facet normal -5.085400e-01 -8.610383e-01 0.000000e+00
    outer loop
      vertex   -1.643269e+01 -5.739281e+00 -2.960000e+01
      vertex   -1.603546e+01 -5.973892e+00 -3.210000e+01
      vertex   -1.603546e+01 -5.973892e+00 -2.960000e+01
    endloop
  endfacet
  facet normal -6.580966e-01 -7.529335e-01 -0.000000e+00
    outer loop
      vertex   -1.603546e+01 -5.973892e+00 -2.960000e+01
      vertex   -1.603546e+01 -5.973892e+00 -3.210000e+01
      vertex   -1.568810e+01 -6.277500e+00 -3.210000e+01
    endloop
  endfacet
  facet normal -6.580966e-01 -7.529335e-01 5.414644e-16
    outer loop
      vertex   -1.603546e+01 -5.973892e+00 -2.960000e+01
      vertex   -1.568810e+01 -6.277500e+00 -3.210000e+01
      vertex   -1.568810e+01 -6.277500e+00 -2.960000e+01
    endloop
  endfacet
  facet normal -7.852424e-01 -6.191885e-01 4.399599e-16
    outer loop
      vertex   -1.568810e+01 -6.277500e+00 -2.960000e+01
      vertex   -1.568810e+01 -6.277500e+00 -3.210000e+01
      vertex   -1.540244e+01 -6.639765e+00 -3.210000e+01
    endloop
  endfacet
  facet normal -7.852424e-01 -6.191885e-01 -4.331716e-16
    outer loop
      vertex   -1.568810e+01 -6.277500e+00 -2.960000e+01
      vertex   -1.540244e+01 -6.639765e+00 -3.210000e+01
      vertex   -1.540244e+01 -6.639765e+00 -2.960000e+01
    endloop
  endfacet
  facet normal -8.856477e-01 -4.643577e-01 -3.299460e-16
    outer loop
      vertex   -1.540244e+01 -6.639765e+00 -2.960000e+01
      vertex   -1.540244e+01 -6.639765e+00 -3.210000e+01
      vertex   -1.518821e+01 -7.048351e+00 -3.210000e+01
    endloop
  endfacet
  facet normal -8.856477e-01 -4.643577e-01 -1.564231e-16
    outer loop
      vertex   -1.540244e+01 -6.639765e+00 -2.960000e+01
      vertex   -1.518821e+01 -7.048351e+00 -3.210000e+01
      vertex   -1.518821e+01 -7.048351e+00 -2.960000e+01
    endloop
  endfacet
  facet normal -9.558934e-01 -2.937138e-01 -1.043481e-16
    outer loop
      vertex   -1.518821e+01 -7.048351e+00 -2.960000e+01
      vertex   -1.518821e+01 -7.048351e+00 -3.210000e+01
      vertex   -1.505271e+01 -7.489345e+00 -3.210000e+01
    endloop
  endfacet
  facet normal -9.558934e-01 -2.937138e-01 0.000000e+00
    outer loop
      vertex   -1.518821e+01 -7.048351e+00 -2.960000e+01
      vertex   -1.505271e+01 -7.489345e+00 -3.210000e+01
      vertex   -1.505271e+01 -7.489345e+00 -2.960000e+01
    endloop
  endfacet
  facet normal -9.935873e-01 -1.130678e-01 -0.000000e+00
    outer loop
      vertex   -1.505271e+01 -7.489345e+00 -2.960000e+01
      vertex   -1.505271e+01 -7.489345e+00 -3.210000e+01
      vertex   -1.500055e+01 -7.947728e+00 -3.210000e+01
    endloop
  endfacet
  facet normal -9.935873e-01 -1.130678e-01 -1.203254e-16
    outer loop
      vertex   -1.505271e+01 -7.489345e+00 -2.960000e+01
      vertex   -1.500055e+01 -7.947728e+00 -3.210000e+01
      vertex   -1.500055e+01 -7.947728e+00 -2.960000e+01
    endloop
  endfacet
  facet normal -9.974457e-01 7.142857e-02 7.612958e-17
    outer loop
      vertex   -1.500055e+01 -7.947728e+00 -2.960000e+01
      vertex   -1.500055e+01 -7.947728e+00 -3.210000e+01
      vertex   -1.503350e+01 -8.407891e+00 -3.210000e+01
    endloop
  endfacet
  facet normal -9.974457e-01 7.142857e-02 5.113831e-17
    outer loop
      vertex   -1.500055e+01 -7.947728e+00 -2.960000e+01
      vertex   -1.503350e+01 -8.407891e+00 -3.210000e+01
      vertex   -1.503350e+01 -8.407891e+00 -2.960000e+01
    endloop
  endfacet
  facet normal -9.673373e-01 2.534925e-01 1.801173e-16
    outer loop
      vertex   -1.503350e+01 -8.407891e+00 -2.960000e+01
      vertex   -1.503350e+01 -8.407891e+00 -3.210000e+01
      vertex   -1.515045e+01 -8.854165e+00 -3.210000e+01
    endloop
  endfacet
  facet normal -9.673373e-01 2.534925e-01 0.000000e+00
    outer loop
      vertex   -1.503350e+01 -8.407891e+00 -2.960000e+01
      vertex   -1.515045e+01 -8.854165e+00 -3.210000e+01
      vertex   -1.515045e+01 -8.854165e+00 -2.960000e+01
    endloop
  endfacet
  facet normal -9.042875e-01 4.269241e-01 0.000000e+00
    outer loop
      vertex   -1.515045e+01 -8.854165e+00 -2.960000e+01
      vertex   -1.515045e+01 -8.854165e+00 -3.210000e+01
      vertex   -1.534740e+01 -9.271350e+00 -3.210000e+01
    endloop
  endfacet
  facet normal -9.042875e-01 4.269241e-01 -3.008136e-16
    outer loop
      vertex   -1.515045e+01 -8.854165e+00 -2.960000e+01
      vertex   -1.534740e+01 -9.271350e+00 -3.210000e+01
      vertex   -1.534740e+01 -9.271350e+00 -2.960000e+01
    endloop
  endfacet
  facet normal -8.104431e-01 5.858173e-01 -4.162482e-16
    outer loop
      vertex   -1.534740e+01 -9.271350e+00 -2.960000e+01
      vertex   -1.534740e+01 -9.271350e+00 -3.210000e+01
      vertex   -1.561767e+01 -9.645241e+00 -3.210000e+01
    endloop
  endfacet
  facet normal -8.104431e-01 5.858173e-01 4.091065e-16
    outer loop
      vertex   -1.534740e+01 -9.271350e+00 -2.960000e+01
      vertex   -1.561767e+01 -9.645241e+00 -3.210000e+01
      vertex   -1.561767e+01 -9.645241e+00 -2.960000e+01
    endloop
  endfacet
  facet normal -6.890002e-01 7.247612e-01 5.149738e-16
    outer loop
      vertex   -1.561767e+01 -9.645241e+00 -2.960000e+01
      vertex   -1.561767e+01 -9.645241e+00 -3.210000e+01
      vertex   -1.595203e+01 -9.963106e+00 -3.210000e+01
    endloop
  endfacet
  facet normal -6.890002e-01 7.247612e-01 0.000000e+00
    outer loop
      vertex   -1.561767e+01 -9.645241e+00 -2.960000e+01
      vertex   -1.595203e+01 -9.963106e+00 -3.210000e+01
      vertex   -1.595203e+01 -9.963106e+00 -2.960000e+01
    endloop
  endfacet
  facet normal -5.440941e-01 8.390242e-01 0.000000e+00
    outer loop
      vertex   -1.595203e+01 -9.963106e+00 -2.960000e+01
      vertex   -1.595203e+01 -9.963106e+00 -3.210000e+01
      vertex   -1.633911e+01 -1.021412e+01 -3.210000e+01
    endloop
  endfacet
  facet normal -5.440941e-01 8.390242e-01 0.000000e+00
    outer loop
      vertex   -1.595203e+01 -9.963106e+00 -2.960000e+01
      vertex   -1.633911e+01 -1.021412e+01 -3.210000e+01
      vertex   -1.633911e+01 -1.021412e+01 -2.960000e+01
    endloop
  endfacet
  facet normal -3.806596e-01 9.247152e-01 0.000000e+00
    outer loop
      vertex   -1.633911e+01 -1.021412e+01 -2.960000e+01
      vertex   -1.633911e+01 -1.021412e+01 -3.210000e+01
      vertex   -1.676572e+01 -1.038973e+01 -3.210000e+01
    endloop
  endfacet
  facet normal -3.806596e-01 9.247152e-01 0.000000e+00
    outer loop
      vertex   -1.633911e+01 -1.021412e+01 -2.960000e+01
      vertex   -1.676572e+01 -1.038973e+01 -3.210000e+01
      vertex   -1.676572e+01 -1.038973e+01 -2.960000e+01
    endloop
  endfacet
  facet normal -2.042621e-01 9.789162e-01 0.000000e+00
    outer loop
      vertex   -1.676572e+01 -1.038973e+01 -2.960000e+01
      vertex   -1.676572e+01 -1.038973e+01 -3.210000e+01
      vertex   -1.721733e+01 -1.048397e+01 -3.210000e+01
    endloop
  endfacet
  facet normal -2.042621e-01 9.789162e-01 0.000000e+00
    outer loop
      vertex   -1.676572e+01 -1.038973e+01 -2.960000e+01
      vertex   -1.721733e+01 -1.048397e+01 -3.210000e+01
      vertex   -1.721733e+01 -1.048397e+01 -2.960000e+01
    endloop
  endfacet
  facet normal -2.090881e-02 9.997814e-01 0.000000e+00
    outer loop
      vertex   -1.721733e+01 -1.048397e+01 -2.960000e+01
      vertex   -1.721733e+01 -1.048397e+01 -3.210000e+01
      vertex   -1.767857e+01 -1.049361e+01 -3.210000e+01
    endloop
  endfacet
  facet normal -2.090881e-02 9.997814e-01 3.008136e-17
    outer loop
      vertex   -1.721733e+01 -1.048397e+01 -2.960000e+01
      vertex   -1.767857e+01 -1.049361e+01 -3.210000e+01
      vertex   -1.767857e+01 -1.049361e+01 -2.960000e+01
    endloop
  endfacet
  facet normal 1.631565e-01 9.866002e-01 -2.318594e-16
    outer loop
      vertex   -1.767857e+01 -1.049361e+01 -2.960000e+01
      vertex   -1.767857e+01 -1.049361e+01 -3.210000e+01
      vertex   -1.813373e+01 -1.041834e+01 -3.210000e+01
    endloop
  endfacet
  facet normal 1.631565e-01 9.866002e-01 0.000000e+00
    outer loop
      vertex   -1.767857e+01 -1.049361e+01 -2.960000e+01
      vertex   -1.813373e+01 -1.041834e+01 -3.210000e+01
      vertex   -1.813373e+01 -1.041834e+01 -2.960000e+01
    endloop
  endfacet
  facet normal 3.416658e-01 9.398215e-01 0.000000e+00
    outer loop
      vertex   -1.813373e+01 -1.041834e+01 -2.960000e+01
      vertex   -1.813373e+01 -1.041834e+01 -3.210000e+01
      vertex   -1.856731e+01 -1.026072e+01 -3.210000e+01
    endloop
  endfacet
  facet normal 3.416658e-01 9.398215e-01 -6.738224e-16
    outer loop
      vertex   -1.813373e+01 -1.041834e+01 -2.960000e+01
      vertex   -1.856731e+01 -1.026072e+01 -3.210000e+01
      vertex   -1.856731e+01 -1.026072e+01 -2.960000e+01
    endloop
  endfacet
  facet normal 5.085400e-01 8.610383e-01 -6.118045e-16
    outer loop
      vertex   -1.856731e+01 -1.026072e+01 -2.960000e+01
      vertex   -1.856731e+01 -1.026072e+01 -3.210000e+01
      vertex   -1.896454e+01 -1.002611e+01 -3.210000e+01
    endloop
  endfacet
  facet normal 5.085400e-01 8.610383e-01 1.203254e-16
    outer loop
      vertex   -1.856731e+01 -1.026072e+01 -2.960000e+01
      vertex   -1.896454e+01 -1.002611e+01 -3.210000e+01
      vertex   -1.896454e+01 -1.002611e+01 -2.960000e+01
    endloop
  endfacet
  facet normal 6.580966e-01 7.529335e-01 4.002200e-16
    outer loop
      vertex   -1.896454e+01 -1.002611e+01 -2.960000e+01
      vertex   -1.896454e+01 -1.002611e+01 -3.210000e+01
      vertex   -1.931190e+01 -9.722500e+00 -3.210000e+01
    endloop
  endfacet
  facet normal 6.580966e-01 7.529335e-01 -5.294319e-16
    outer loop
      vertex   -1.896454e+01 -1.002611e+01 -2.960000e+01
      vertex   -1.931190e+01 -9.722500e+00 -3.210000e+01
      vertex   -1.931190e+01 -9.722500e+00 -2.960000e+01
    endloop
  endfacet
  facet normal 7.852424e-01 6.191885e-01 -4.399599e-16
    outer loop
      vertex   -1.931190e+01 -9.722500e+00 -2.960000e+01
      vertex   -1.931190e+01 -9.722500e+00 -3.210000e+01
      vertex   -1.959756e+01 -9.360235e+00 -3.210000e+01
    endloop
  endfacet
  facet normal 7.852424e-01 6.191885e-01 -4.452041e-16
    outer loop
      vertex   -1.931190e+01 -9.722500e+00 -2.960000e+01
      vertex   -1.959756e+01 -9.360235e+00 -3.210000e+01
      vertex   -1.959756e+01 -9.360235e+00 -2.960000e+01
    endloop
  endfacet
  facet normal 8.856477e-01 4.643577e-01 -3.299460e-16
    outer loop
      vertex   -1.959756e+01 -9.360235e+00 -2.960000e+01
      vertex   -1.959756e+01 -9.360235e+00 -3.210000e+01
      vertex   -1.981179e+01 -8.951649e+00 -3.210000e+01
    endloop
  endfacet
  facet normal 8.856477e-01 4.643577e-01 -3.248787e-16
    outer loop
      vertex   -1.959756e+01 -9.360235e+00 -2.960000e+01
      vertex   -1.981179e+01 -8.951649e+00 -3.210000e+01
      vertex   -1.981179e+01 -8.951649e+00 -2.960000e+01
    endloop
  endfacet
  facet normal 9.558934e-01 2.937138e-01 -2.086962e-16
    outer loop
      vertex   -1.981179e+01 -8.951649e+00 -2.960000e+01
      vertex   -1.981179e+01 -8.951649e+00 -3.210000e+01
      vertex   -1.994729e+01 -8.510655e+00 -3.210000e+01
    endloop
  endfacet
  facet normal 9.558934e-01 2.937138e-01 0.000000e+00
    outer loop
      vertex   -1.981179e+01 -8.951649e+00 -2.960000e+01
      vertex   -1.994729e+01 -8.510655e+00 -3.210000e+01
      vertex   -1.994729e+01 -8.510655e+00 -2.960000e+01
    endloop
  endfacet
  facet normal 9.935873e-01 1.130678e-01 0.000000e+00
    outer loop
      vertex   -1.994729e+01 -8.510655e+00 -2.960000e+01
      vertex   -1.994729e+01 -8.510655e+00 -3.210000e+01
      vertex   -1.999945e+01 -8.052272e+00 -3.210000e+01
    endloop
  endfacet
  facet normal 9.935873e-01 1.130678e-01 -7.821153e-17
    outer loop
      vertex   -1.994729e+01 -8.510655e+00 -2.960000e+01
      vertex   -1.999945e+01 -8.052272e+00 -3.210000e+01
      vertex   -1.999945e+01 -8.052272e+00 -2.960000e+01
    endloop
  endfacet
  facet normal 9.974457e-01 -7.142857e-02 5.075305e-17
    outer loop
      vertex   -1.999945e+01 -8.052272e+00 -2.960000e+01
      vertex   -1.999945e+01 -8.052272e+00 -3.210000e+01
      vertex   -1.996650e+01 -7.592109e+00 -3.210000e+01
    endloop
  endfacet
  facet normal 9.974457e-01 -7.142857e-02 -5.113831e-17
    outer loop
      vertex   -1.999945e+01 -8.052272e+00 -2.960000e+01
      vertex   -1.996650e+01 -7.592109e+00 -3.210000e+01
      vertex   -1.996650e+01 -7.592109e+00 -2.960000e+01
    endloop
  endfacet
  facet normal 9.673373e-01 -2.534925e-01 -1.801173e-16
    outer loop
      vertex   -1.996650e+01 -7.592109e+00 -2.960000e+01
      vertex   -1.996650e+01 -7.592109e+00 -3.210000e+01
      vertex   -1.984955e+01 -7.145835e+00 -3.210000e+01
    endloop
  endfacet
  facet normal 9.673373e-01 -2.534925e-01 2.707322e-16
    outer loop
      vertex   -1.996650e+01 -7.592109e+00 -2.960000e+01
      vertex   -1.984955e+01 -7.145835e+00 -3.210000e+01
      vertex   -1.984955e+01 -7.145835e+00 -2.960000e+01
    endloop
  endfacet
  facet normal 9.042875e-01 -4.269241e-01 4.550217e-16
    outer loop
      vertex   -1.984955e+01 -7.145835e+00 -2.960000e+01
      vertex   -1.984955e+01 -7.145835e+00 -3.210000e+01
      vertex   -1.965260e+01 -6.728650e+00 -3.210000e+01
    endloop
  endfacet
  facet normal 9.042875e-01 -4.269241e-01 1.564231e-16
    outer loop
      vertex   -1.984955e+01 -7.145835e+00 -2.960000e+01
      vertex   -1.965260e+01 -6.728650e+00 -3.210000e+01
      vertex   -1.965260e+01 -6.728650e+00 -2.960000e+01
    endloop
  endfacet
  facet normal 8.104431e-01 -5.858173e-01 2.081241e-16
    outer loop
      vertex   -1.965260e+01 -6.728650e+00 -2.960000e+01
      vertex   -1.965260e+01 -6.728650e+00 -3.210000e+01
      vertex   -1.938233e+01 -6.354759e+00 -3.210000e+01
    endloop
  endfacet
  facet normal 8.104431e-01 -5.858173e-01 0.000000e+00
    outer loop
      vertex   -1.965260e+01 -6.728650e+00 -2.960000e+01
      vertex   -1.938233e+01 -6.354759e+00 -3.210000e+01
      vertex   -1.938233e+01 -6.354759e+00 -2.960000e+01
    endloop
  endfacet
  facet normal 6.890002e-01 -7.247612e-01 0.000000e+00
    outer loop
      vertex   -1.938233e+01 -6.354759e+00 -2.960000e+01
      vertex   -1.938233e+01 -6.354759e+00 -3.210000e+01
      vertex   -1.904797e+01 -6.036894e+00 -3.210000e+01
    endloop
  endfacet
  facet normal 6.890002e-01 -7.247612e-01 2.647160e-16
    outer loop
      vertex   -1.938233e+01 -6.354759e+00 -2.960000e+01
      vertex   -1.904797e+01 -6.036894e+00 -3.210000e+01
      vertex   -1.904797e+01 -6.036894e+00 -2.960000e+01
    endloop
  endfacet
  facet normal 5.440941e-01 -8.390242e-01 2.980813e-16
    outer loop
      vertex   -1.904797e+01 -6.036894e+00 -2.960000e+01
      vertex   -1.904797e+01 -6.036894e+00 -3.210000e+01
      vertex   -1.866089e+01 -5.785881e+00 -3.210000e+01
    endloop
  endfacet
  facet normal 5.440941e-01 -8.390242e-01 0.000000e+00
    outer loop
      vertex   -1.904797e+01 -6.036894e+00 -2.960000e+01
      vertex   -1.866089e+01 -5.785881e+00 -3.210000e+01
      vertex   -1.866089e+01 -5.785881e+00 -2.960000e+01
    endloop
  endfacet
  facet normal 3.806596e-01 -9.247152e-01 0.000000e+00
    outer loop
      vertex   -1.866089e+01 -5.785881e+00 -2.960000e+01
      vertex   -1.866089e+01 -5.785881e+00 -3.210000e+01
      vertex   -1.823428e+01 -5.610266e+00 -3.210000e+01
    endloop
  endfacet
  facet normal 3.806596e-01 -9.247152e-01 -5.414644e-16
    outer loop
      vertex   -1.866089e+01 -5.785881e+00 -2.960000e+01
      vertex   -1.823428e+01 -5.610266e+00 -3.210000e+01
      vertex   -1.823428e+01 -5.610266e+00 -2.960000e+01
    endloop
  endfacet
  facet normal 2.042621e-01 -9.789162e-01 -2.902740e-16
    outer loop
      vertex   -1.823428e+01 -5.610266e+00 -2.960000e+01
      vertex   -1.823428e+01 -5.610266e+00 -3.210000e+01
      vertex   -1.778267e+01 -5.516032e+00 -3.210000e+01
    endloop
  endfacet
  facet normal 2.042621e-01 -9.789162e-01 0.000000e+00
    outer loop
      vertex   -1.823428e+01 -5.610266e+00 -2.960000e+01
      vertex   -1.778267e+01 -5.516032e+00 -3.210000e+01
      vertex   -1.778267e+01 -5.516032e+00 -2.960000e+01
    endloop
  endfacet
  facet normal 2.090881e-02 -9.997814e-01 0.000000e+00
    outer loop
      vertex   -1.778267e+01 -5.516032e+00 -2.960000e+01
      vertex   -1.778267e+01 -5.516032e+00 -3.210000e+01
      vertex   -1.732143e+01 -5.506386e+00 -3.210000e+01
    endloop
  endfacet
  facet normal 0.000000e+00 -1.000000e+00 0.000000e+00
    outer loop
      vertex   -2.250000e+01 -1.500000e+01 -3.210000e+01
      vertex   -1.603901e+01 -1.500000e+01 -3.210000e+01
      vertex   -2.250000e+01 -1.500000e+01 -2.960000e+01
    endloop
  endfacet
  facet normal 0.000000e+00 -1.000000e+00 0.000000e+00
    outer loop
      vertex   -2.250000e+01 -1.500000e+01 -2.960000e+01
      vertex   -1.603901e+01 -1.500000e+01 -3.210000e+01
      vertex   -1.603901e+01 -1.500000e+01 -2.960000e+01
    endloop
  endfacet
  facet normal -9.951847e-01 -9.801714e-02 -0.000000e+00
    outer loop
      vertex   -2.450000e+01 -1.300000e+01 -2.960000e+01
      vertex   -2.450000e+01 -1.300000e+01 -3.210000e+01
      vertex   -2.446157e+01 -1.339018e+01 -2.960000e+01
    endloop
  endfacet
  facet normal -9.951847e-01 -9.801714e-02 -0.000000e+00
    outer loop
      vertex   -2.446157e+01 -1.339018e+01 -2.960000e+01
      vertex   -2.450000e+01 -1.300000e+01 -3.210000e+01
      vertex   -2.446157e+01 -1.339018e+01 -3.210000e+01
    endloop
  endfacet
  facet normal -9.569403e-01 -2.902847e-01 -0.000000e+00
    outer loop
      vertex   -2.446157e+01 -1.339018e+01 -2.960000e+01
      vertex   -2.446157e+01 -1.339018e+01 -3.210000e+01
      vertex   -2.434776e+01 -1.376537e+01 -2.960000e+01
    endloop
  endfacet
  facet normal -9.569403e-01 -2.902847e-01 -0.000000e+00
    outer loop
      vertex   -2.434776e+01 -1.376537e+01 -2.960000e+01
      vertex   -2.446157e+01 -1.339018e+01 -3.210000e+01
      vertex   -2.434776e+01 -1.376537e+01 -3.210000e+01
    endloop
  endfacet
  facet normal -8.819213e-01 -4.713967e-01 -0.000000e+00
    outer loop
      vertex   -2.434776e+01 -1.376537e+01 -2.960000e+01
      vertex   -2.434776e+01 -1.376537e+01 -3.210000e+01
      vertex   -2.416294e+01 -1.411114e+01 -2.960000e+01
    endloop
  endfacet
  facet normal -8.819213e-01 -4.713967e-01 -0.000000e+00
    outer loop
      vertex   -2.416294e+01 -1.411114e+01 -2.960000e+01
      vertex   -2.434776e+01 -1.376537e+01 -3.210000e+01
      vertex   -2.416294e+01 -1.411114e+01 -3.210000e+01
    endloop
  endfacet
  facet normal -7.730105e-01 -6.343933e-01 -0.000000e+00
    outer loop
      vertex   -2.416294e+01 -1.411114e+01 -2.960000e+01
      vertex   -2.416294e+01 -1.411114e+01 -3.210000e+01
      vertex   -2.391421e+01 -1.441421e+01 -2.960000e+01
    endloop
  endfacet
  facet normal -7.730105e-01 -6.343933e-01 -0.000000e+00
    outer loop
      vertex   -2.391421e+01 -1.441421e+01 -2.960000e+01
      vertex   -2.416294e+01 -1.411114e+01 -3.210000e+01
      vertex   -2.391421e+01 -1.441421e+01 -3.210000e+01
    endloop
  endfacet
  facet normal -6.343933e-01 -7.730105e-01 -0.000000e+00
    outer loop
      vertex   -2.391421e+01 -1.441421e+01 -2.960000e+01
      vertex   -2.391421e+01 -1.441421e+01 -3.210000e+01
      vertex   -2.361114e+01 -1.466294e+01 -2.960000e+01
    endloop
  endfacet
  facet normal -6.343933e-01 -7.730105e-01 -0.000000e+00
    outer loop
      vertex   -2.361114e+01 -1.466294e+01 -2.960000e+01
      vertex   -2.391421e+01 -1.441421e+01 -3.210000e+01
      vertex   -2.361114e+01 -1.466294e+01 -3.210000e+01
    endloop
  endfacet
  facet normal -4.713967e-01 -8.819213e-01 -0.000000e+00
    outer loop
      vertex   -2.361114e+01 -1.466294e+01 -2.960000e+01
      vertex   -2.361114e+01 -1.466294e+01 -3.210000e+01
      vertex   -2.326537e+01 -1.484776e+01 -2.960000e+01
    endloop
  endfacet
  facet normal -4.713967e-01 -8.819213e-01 -0.000000e+00
    outer loop
      vertex   -2.326537e+01 -1.484776e+01 -2.960000e+01
      vertex   -2.361114e+01 -1.466294e+01 -3.210000e+01
      vertex   -2.326537e+01 -1.484776e+01 -3.210000e+01
    endloop
  endfacet
  facet normal -2.902847e-01 -9.569403e-01 -0.000000e+00
    outer loop
      vertex   -2.326537e+01 -1.484776e+01 -2.960000e+01
      vertex   -2.326537e+01 -1.484776e+01 -3.210000e+01
      vertex   -2.289018e+01 -1.496157e+01 -2.960000e+01
    endloop
  endfacet
  facet normal -2.902847e-01 -9.569403e-01 -0.000000e+00
    outer loop
      vertex   -2.289018e+01 -1.496157e+01 -2.960000e+01
      vertex   -2.326537e+01 -1.484776e+01 -3.210000e+01
      vertex   -2.289018e+01 -1.496157e+01 -3.210000e+01
    endloop
  endfacet
  facet normal -9.801714e-02 -9.951847e-01 -0.000000e+00
    outer loop
      vertex   -2.289018e+01 -1.496157e+01 -2.960000e+01
      vertex   -2.289018e+01 -1.496157e+01 -3.210000e+01
      vertex   -2.250000e+01 -1.500000e+01 -2.960000e+01
    endloop
  endfacet
  facet normal -9.801714e-02 -9.951847e-01 -0.000000e+00
    outer loop
      vertex   -2.250000e+01 -1.500000e+01 -2.960000e+01
      vertex   -2.289018e+01 -1.496157e+01 -3.210000e+01
      vertex   -2.250000e+01 -1.500000e+01 -3.210000e+01
    endloop
  endfacet
  facet normal -1.000000e+00 0.000000e+00 0.000000e+00
    outer loop
      vertex   -2.450000e+01 -3.000000e+00 -3.210000e+01
      vertex   -2.450000e+01 -1.300000e+01 -3.210000e+01
      vertex   -2.450000e+01 -3.000000e+00 -2.960000e+01
    endloop
  endfacet
  facet normal -1.000000e+00 -0.000000e+00 0.000000e+00
    outer loop
      vertex   -2.450000e+01 -3.000000e+00 -2.960000e+01
      vertex   -2.450000e+01 -1.300000e+01 -3.210000e+01
      vertex   -2.450000e+01 -1.300000e+01 -2.960000e+01
    endloop
  endfacet
  facet normal -9.801714e-02 9.951847e-01 0.000000e+00
    outer loop
      vertex   -2.250000e+01 -1.000000e+00 -2.960000e+01
      vertex   -2.250000e+01 -1.000000e+00 -3.210000e+01
      vertex   -2.289018e+01 -1.038429e+00 -2.960000e+01
    endloop
  endfacet
  facet normal -9.801714e-02 9.951847e-01 0.000000e+00
    outer loop
      vertex   -2.289018e+01 -1.038429e+00 -2.960000e+01
      vertex   -2.250000e+01 -1.000000e+00 -3.210000e+01
      vertex   -2.289018e+01 -1.038429e+00 -3.210000e+01
    endloop
  endfacet
  facet normal -2.902847e-01 9.569403e-01 0.000000e+00
    outer loop
      vertex   -2.289018e+01 -1.038429e+00 -2.960000e+01
      vertex   -2.289018e+01 -1.038429e+00 -3.210000e+01
      vertex   -2.326537e+01 -1.152241e+00 -2.960000e+01
    endloop
  endfacet
  facet normal -2.902847e-01 9.569403e-01 0.000000e+00
    outer loop
      vertex   -2.326537e+01 -1.152241e+00 -2.960000e+01
      vertex   -2.289018e+01 -1.038429e+00 -3.210000e+01
      vertex   -2.326537e+01 -1.152241e+00 -3.210000e+01
    endloop
  endfacet
  facet normal -4.713967e-01 8.819213e-01 0.000000e+00
    outer loop
      vertex   -2.326537e+01 -1.152241e+00 -2.960000e+01
      vertex   -2.326537e+01 -1.152241e+00 -3.210000e+01
      vertex   -2.361114e+01 -1.337061e+00 -2.960000e+01
    endloop
  endfacet
  facet normal -4.713967e-01 8.819213e-01 0.000000e+00
    outer loop
      vertex   -2.361114e+01 -1.337061e+00 -2.960000e+01
      vertex   -2.326537e+01 -1.152241e+00 -3.210000e+01
      vertex   -2.361114e+01 -1.337061e+00 -3.210000e+01
    endloop
  endfacet
  facet normal -6.343933e-01 7.730105e-01 0.000000e+00
    outer loop
      vertex   -2.361114e+01 -1.337061e+00 -2.960000e+01
      vertex   -2.361114e+01 -1.337061e+00 -3.210000e+01
      vertex   -2.391421e+01 -1.585786e+00 -2.960000e+01
    endloop
  endfacet
  facet normal -6.343933e-01 7.730105e-01 0.000000e+00
    outer loop
      vertex   -2.391421e+01 -1.585786e+00 -2.960000e+01
      vertex   -2.361114e+01 -1.337061e+00 -3.210000e+01
      vertex   -2.391421e+01 -1.585786e+00 -3.210000e+01
    endloop
  endfacet
  facet normal -7.730105e-01 6.343933e-01 0.000000e+00
    outer loop
      vertex   -2.391421e+01 -1.585786e+00 -2.960000e+01
      vertex   -2.391421e+01 -1.585786e+00 -3.210000e+01
      vertex   -2.416294e+01 -1.888860e+00 -2.960000e+01
    endloop
  endfacet
  facet normal -7.730105e-01 6.343933e-01 0.000000e+00
    outer loop
      vertex   -2.416294e+01 -1.888860e+00 -2.960000e+01
      vertex   -2.391421e+01 -1.585786e+00 -3.210000e+01
      vertex   -2.416294e+01 -1.888860e+00 -3.210000e+01
    endloop
  endfacet
  facet normal -8.819213e-01 4.713967e-01 0.000000e+00
    outer loop
      vertex   -2.416294e+01 -1.888860e+00 -2.960000e+01
      vertex   -2.416294e+01 -1.888860e+00 -3.210000e+01
      vertex   -2.434776e+01 -2.234633e+00 -2.960000e+01
    endloop
  endfacet
  facet normal -8.819213e-01 4.713967e-01 0.000000e+00
    outer loop
      vertex   -2.434776e+01 -2.234633e+00 -2.960000e+01
      vertex   -2.416294e+01 -1.888860e+00 -3.210000e+01
      vertex   -2.434776e+01 -2.234633e+00 -3.210000e+01
    endloop
  endfacet
  facet normal -9.569403e-01 2.902847e-01 0.000000e+00
    outer loop
      vertex   -2.434776e+01 -2.234633e+00 -2.960000e+01
      vertex   -2.434776e+01 -2.234633e+00 -3.210000e+01
      vertex   -2.446157e+01 -2.609819e+00 -2.960000e+01
    endloop
  endfacet
  facet normal -9.569403e-01 2.902847e-01 0.000000e+00
    outer loop
      vertex   -2.446157e+01 -2.609819e+00 -2.960000e+01
      vertex   -2.434776e+01 -2.234633e+00 -3.210000e+01
      vertex   -2.446157e+01 -2.609819e+00 -3.210000e+01
    endloop
  endfacet
  facet normal -9.951847e-01 9.801714e-02 0.000000e+00
    outer loop
      vertex   -2.446157e+01 -2.609819e+00 -2.960000e+01
      vertex   -2.446157e+01 -2.609819e+00 -3.210000e+01
      vertex   -2.450000e+01 -3.000000e+00 -2.960000e+01
    endloop
  endfacet
  facet normal -9.951847e-01 9.801714e-02 0.000000e+00
    outer loop
      vertex   -2.450000e+01 -3.000000e+00 -2.960000e+01
      vertex   -2.446157e+01 -2.609819e+00 -3.210000e+01
      vertex   -2.450000e+01 -3.000000e+00 -3.210000e+01
    endloop
  endfacet
  facet normal 1.420930e-15 0.000000e+00 -1.000000e+00
    outer loop
      vertex   -1.000000e+01 -2.036289e+01 -3.210000e+01
      vertex   -1.500055e+01 -7.947728e+00 -3.210000e+01
      vertex   -1.000000e+01 4.362891e+00 -3.210000e+01
    endloop
  endfacet
  facet normal 1.109969e-15 1.263118e-16 -1.000000e+00
    outer loop
      vertex   -1.000000e+01 4.362891e+00 -3.210000e+01
      vertex   -1.500055e+01 -7.947728e+00 -3.210000e+01
      vertex   -1.505271e+01 -7.489345e+00 -3.210000e+01
    endloop
  endfacet
  facet normal 8.172323e-16 2.511079e-16 -1.000000e+00
    outer loop
      vertex   -1.000000e+01 4.362891e+00 -3.210000e+01
      vertex   -1.505271e+01 -7.489345e+00 -3.210000e+01
      vertex   -1.518821e+01 -7.048351e+00 -3.210000e+01
    endloop
  endfacet
  facet normal 3.552714e-16 2.074735e-15 -1.000000e+00
    outer loop
      vertex   1.000000e+01 -2.036289e+01 -3.210000e+01
      vertex   0.000000e+00 -2.550000e+01 -3.210000e+01
      vertex   -1.000000e+01 -2.036289e+01 -3.210000e+01
    endloop
  endfacet
  facet normal 5.053445e-17 1.481528e-15 -1.000000e+00
    outer loop
      vertex   -1.000000e+01 -2.036289e+01 -3.210000e+01
      vertex   0.000000e+00 -2.550000e+01 -3.210000e+01
      vertex   -1.192451e+00 -2.545933e+01 -3.210000e+01
    endloop
  endfacet
  facet normal 1.739724e-16 1.694851e-15 -1.000000e+00
    outer loop
      vertex   -1.000000e+01 -2.036289e+01 -3.210000e+01
      vertex   -1.192451e+00 -2.545933e+01 -3.210000e+01
      vertex   -2.379359e+00 -2.533749e+01 -3.210000e+01
    endloop
  endfacet
  facet normal -2.841860e-15 -0.000000e+00 -1.000000e+00
    outer loop
      vertex   1.000000e+01 4.362891e+00 -3.210000e+01
      vertex   1.500055e+01 -8.052272e+00 -3.210000e+01
      vertex   1.000000e+01 -2.036289e+01 -3.210000e+01
    endloop
  endfacet
  facet normal -2.219938e-15 -2.526235e-16 -1.000000e+00
    outer loop
      vertex   1.000000e+01 -2.036289e+01 -3.210000e+01
      vertex   1.500055e+01 -8.052272e+00 -3.210000e+01
      vertex   1.505271e+01 -8.510655e+00 -3.210000e+01
    endloop
  endfacet
  facet normal -1.634464e-15 -5.022158e-16 -1.000000e+00
    outer loop
      vertex   1.000000e+01 -2.036289e+01 -3.210000e+01
      vertex   1.505271e+01 -8.510655e+00 -3.210000e+01
      vertex   1.518821e+01 -8.951649e+00 -3.210000e+01
    endloop
  endfacet
  facet normal 3.552714e-16 -2.074735e-15 -1.000000e+00
    outer loop
      vertex   -1.000000e+01 4.362891e+00 -3.210000e+01
      vertex   0.000000e+00 9.500000e+00 -3.210000e+01
      vertex   1.000000e+01 4.362891e+00 -3.210000e+01
    endloop
  endfacet
  facet normal -1.010689e-16 -2.963056e-15 -1.000000e+00
    outer loop
      vertex   1.000000e+01 4.362891e+00 -3.210000e+01
      vertex   0.000000e+00 9.500000e+00 -3.210000e+01
      vertex   1.192451e+00 9.459326e+00 -3.210000e+01
    endloop
  endfacet
  facet normal -3.479449e-16 -3.389702e-15 -1.000000e+00
    outer loop
      vertex   1.000000e+01 4.362891e+00 -3.210000e+01
      vertex   1.192451e+00 9.459326e+00 -3.210000e+01
      vertex   2.379359e+00 9.337493e+00 -3.210000e+01
    endloop
  endfacet
  facet normal 0.000000e+00 0.000000e+00 -1.000000e+00
    outer loop
      vertex   1.552476e+01 -1.607663e+01 -3.210000e+01
      vertex   1.540244e+01 -9.360235e+00 -3.210000e+01
      vertex   1.603901e+01 -1.500000e+01 -3.210000e+01
    endloop
  endfacet
  facet normal 0.000000e+00 0.000000e+00 -1.000000e+00
    outer loop
      vertex   1.603901e+01 -1.500000e+01 -3.210000e+01
      vertex   1.540244e+01 -9.360235e+00 -3.210000e+01
      vertex   1.568810e+01 -9.722500e+00 -3.210000e+01
    endloop
  endfacet
  facet normal 0.000000e+00 0.000000e+00 -1.000000e+00
    outer loop
      vertex   1.603901e+01 -1.500000e+01 -3.210000e+01
      vertex   1.568810e+01 -9.722500e+00 -3.210000e+01
      vertex   1.603546e+01 -1.002611e+01 -3.210000e+01
    endloop
  endfacet
  facet normal -2.536377e-15 -4.619156e-17 -1.000000e+00
    outer loop
      vertex   1.540244e+01 -9.360235e+00 -3.210000e+01
      vertex   1.552476e+01 -1.607663e+01 -3.210000e+01
      vertex   1.000000e+01 -2.036289e+01 -3.210000e+01
    endloop
  endfacet
  facet normal -4.575683e-15 2.582362e-15 -1.000000e+00
    outer loop
      vertex   1.000000e+01 -2.036289e+01 -3.210000e+01
      vertex   1.552476e+01 -1.607663e+01 -3.210000e+01
      vertex   1.493833e+01 -1.711572e+01 -3.210000e+01
    endloop
  endfacet
  facet normal -5.072417e-15 3.337800e-15 -1.000000e+00
    outer loop
      vertex   1.000000e+01 -2.036289e+01 -3.210000e+01
      vertex   1.493833e+01 -1.711572e+01 -3.210000e+01
      vertex   1.428246e+01 -1.811243e+01 -3.210000e+01
    endloop
  endfacet
  facet normal -5.527427e-15 4.203649e-15 -1.000000e+00
    outer loop
      vertex   1.428246e+01 -1.811243e+01 -3.210000e+01
      vertex   1.356021e+01 -1.906213e+01 -3.210000e+01
      vertex   1.000000e+01 -2.036289e+01 -3.210000e+01
    endloop
  endfacet
  facet normal -5.864825e-15 5.127115e-15 -1.000000e+00
    outer loop
      vertex   1.000000e+01 -2.036289e+01 -3.210000e+01
      vertex   1.356021e+01 -1.906213e+01 -3.210000e+01
      vertex   1.277492e+01 -1.996041e+01 -3.210000e+01
    endloop
  endfacet
  facet normal -5.992376e-15 6.006531e-15 -1.000000e+00
    outer loop
      vertex   1.000000e+01 -2.036289e+01 -3.210000e+01
      vertex   1.277492e+01 -1.996041e+01 -3.210000e+01
      vertex   1.193024e+01 -2.080310e+01 -3.210000e+01
    endloop
  endfacet
  facet normal -5.833223e-15 6.704388e-15 -1.000000e+00
    outer loop
      vertex   1.193024e+01 -2.080310e+01 -3.210000e+01
      vertex   1.103011e+01 -2.158627e+01 -3.210000e+01
      vertex   1.000000e+01 -2.036289e+01 -3.210000e+01
    endloop
  endfacet
  facet normal -5.369386e-15 7.094948e-15 -1.000000e+00
    outer loop
      vertex   1.000000e+01 -2.036289e+01 -3.210000e+01
      vertex   1.103011e+01 -2.158627e+01 -3.210000e+01
      vertex   1.007870e+01 -2.230628e+01 -3.210000e+01
    endloop
  endfacet
  facet normal -4.663449e-15 7.123536e-15 -1.000000e+00
    outer loop
      vertex   1.000000e+01 -2.036289e+01 -3.210000e+01
      vertex   1.007870e+01 -2.230628e+01 -3.210000e+01
      vertex   9.080445e+00 -2.295980e+01 -3.210000e+01
    endloop
  endfacet
  facet normal -3.833138e-15 6.829526e-15 -1.000000e+00
    outer loop
      vertex   9.080445e+00 -2.295980e+01 -3.210000e+01
      vertex   8.039979e+00 -2.354377e+01 -3.210000e+01
      vertex   1.000000e+01 -2.036289e+01 -3.210000e+01
    endloop
  endfacet
  facet normal -2.998119e-15 6.314997e-15 -1.000000e+00
    outer loop
      vertex   1.000000e+01 -2.036289e+01 -3.210000e+01
      vertex   8.039979e+00 -2.354377e+01 -3.210000e+01
      vertex   6.962138e+00 -2.405549e+01 -3.210000e+01
    endloop
  endfacet
  facet normal -2.240958e-15 5.692088e-15 -1.000000e+00
    outer loop
      vertex   1.000000e+01 -2.036289e+01 -3.210000e+01
      vertex   6.962138e+00 -2.405549e+01 -3.210000e+01
      vertex   5.851935e+00 -2.449257e+01 -3.210000e+01
    endloop
  endfacet
  facet normal -1.599540e-15 5.047814e-15 -1.000000e+00
    outer loop
      vertex   5.851935e+00 -2.449257e+01 -3.210000e+01
      vertex   4.714529e+00 -2.485299e+01 -3.210000e+01
      vertex   1.000000e+01 -2.036289e+01 -3.210000e+01
    endloop
  endfacet
  facet normal -1.079153e-15 4.435246e-15 -1.000000e+00
    outer loop
      vertex   1.000000e+01 -2.036289e+01 -3.210000e+01
      vertex   4.714529e+00 -2.485299e+01 -3.210000e+01
      vertex   3.555207e+00 -2.513507e+01 -3.210000e+01
    endloop
  endfacet
  facet normal -6.679384e-16 3.879903e-15 -1.000000e+00
    outer loop
      vertex   1.000000e+01 -2.036289e+01 -3.210000e+01
      vertex   3.555207e+00 -2.513507e+01 -3.210000e+01
      vertex   2.379359e+00 -2.533749e+01 -3.210000e+01
    endloop
  endfacet
  facet normal -3.479449e-16 3.389702e-15 -1.000000e+00
    outer loop
      vertex   2.379359e+00 -2.533749e+01 -3.210000e+01
      vertex   1.192451e+00 -2.545933e+01 -3.210000e+01
      vertex   1.000000e+01 -2.036289e+01 -3.210000e+01
    endloop
  endfacet
  facet normal -1.010689e-16 2.963056e-15 -1.000000e+00
    outer loop
      vertex   1.000000e+01 -2.036289e+01 -3.210000e+01
      vertex   1.192451e+00 -2.545933e+01 -3.210000e+01
      vertex   0.000000e+00 -2.550000e+01 -3.210000e+01
    endloop
  endfacet
  facet normal 3.339692e-16 1.939952e-15 -1.000000e+00
    outer loop
      vertex   -2.379359e+00 -2.533749e+01 -3.210000e+01
      vertex   -3.555207e+00 -2.513507e+01 -3.210000e+01
      vertex   -1.000000e+01 -2.036289e+01 -3.210000e+01
    endloop
  endfacet
  facet normal 5.395766e-16 2.217623e-15 -1.000000e+00
    outer loop
      vertex   -1.000000e+01 -2.036289e+01 -3.210000e+01
      vertex   -3.555207e+00 -2.513507e+01 -3.210000e+01
      vertex   -4.714529e+00 -2.485299e+01 -3.210000e+01
    endloop
  endfacet
  facet normal 7.997698e-16 2.523907e-15 -1.000000e+00
    outer loop
      vertex   -1.000000e+01 -2.036289e+01 -3.210000e+01
      vertex   -4.714529e+00 -2.485299e+01 -3.210000e+01
      vertex   -5.851935e+00 -2.449257e+01 -3.210000e+01
    endloop
  endfacet
  facet normal 1.120479e-15 2.846044e-15 -1.000000e+00
    outer loop
      vertex   -5.851935e+00 -2.449257e+01 -3.210000e+01
      vertex   -6.962138e+00 -2.405549e+01 -3.210000e+01
      vertex   -1.000000e+01 -2.036289e+01 -3.210000e+01
    endloop
  endfacet
  facet normal 1.499060e-15 3.157499e-15 -1.000000e+00
    outer loop
      vertex   -1.000000e+01 -2.036289e+01 -3.210000e+01
      vertex   -6.962138e+00 -2.405549e+01 -3.210000e+01
      vertex   -8.039979e+00 -2.354377e+01 -3.210000e+01
    endloop
  endfacet
  facet normal 1.916570e-15 3.414764e-15 -1.000000e+00
    outer loop
      vertex   -1.000000e+01 -2.036289e+01 -3.210000e+01
      vertex   -8.039979e+00 -2.354377e+01 -3.210000e+01
      vertex   -9.080445e+00 -2.295980e+01 -3.210000e+01
    endloop
  endfacet
  facet normal 2.331725e-15 3.561769e-15 -1.000000e+00
    outer loop
      vertex   -9.080445e+00 -2.295980e+01 -3.210000e+01
      vertex   -1.007870e+01 -2.230628e+01 -3.210000e+01
      vertex   -1.000000e+01 -2.036289e+01 -3.210000e+01
    endloop
  endfacet
  facet normal 2.684694e-15 3.547475e-15 -1.000000e+00
    outer loop
      vertex   -1.000000e+01 -2.036289e+01 -3.210000e+01
      vertex   -1.007870e+01 -2.230628e+01 -3.210000e+01
      vertex   -1.103011e+01 -2.158627e+01 -3.210000e+01
    endloop
  endfacet
  facet normal 2.916612e-15 3.352195e-15 -1.000000e+00
    outer loop
      vertex   -1.000000e+01 -2.036289e+01 -3.210000e+01
      vertex   -1.103011e+01 -2.158627e+01 -3.210000e+01
      vertex   -1.193024e+01 -2.080310e+01 -3.210000e+01
    endloop
  endfacet
  facet normal 2.996189e-15 3.003266e-15 -1.000000e+00
    outer loop
      vertex   -1.193024e+01 -2.080310e+01 -3.210000e+01
      vertex   -1.277492e+01 -1.996041e+01 -3.210000e+01
      vertex   -1.000000e+01 -2.036289e+01 -3.210000e+01
    endloop
  endfacet
  facet normal 2.932413e-15 2.563558e-15 -1.000000e+00
    outer loop
      vertex   -1.000000e+01 -2.036289e+01 -3.210000e+01
      vertex   -1.277492e+01 -1.996041e+01 -3.210000e+01
      vertex   -1.356021e+01 -1.906213e+01 -3.210000e+01
    endloop
  endfacet
  facet normal 2.763714e-15 2.101825e-15 -1.000000e+00
    outer loop
      vertex   -1.000000e+01 -2.036289e+01 -3.210000e+01
      vertex   -1.356021e+01 -1.906213e+01 -3.210000e+01
      vertex   -1.428246e+01 -1.811243e+01 -3.210000e+01
    endloop
  endfacet
  facet normal 2.536209e-15 1.668900e-15 -1.000000e+00
    outer loop
      vertex   -1.428246e+01 -1.811243e+01 -3.210000e+01
      vertex   -1.493833e+01 -1.711572e+01 -3.210000e+01
      vertex   -1.000000e+01 -2.036289e+01 -3.210000e+01
    endloop
  endfacet
  facet normal 2.287842e-15 1.291181e-15 -1.000000e+00
    outer loop
      vertex   -1.000000e+01 -2.036289e+01 -3.210000e+01
      vertex   -1.493833e+01 -1.711572e+01 -3.210000e+01
      vertex   -1.552476e+01 -1.607663e+01 -3.210000e+01
    endloop
  endfacet
  facet normal 1.260619e-15 -3.285288e-17 -1.000000e+00
    outer loop
      vertex   -1.000000e+01 -2.036289e+01 -3.210000e+01
      vertex   -1.552476e+01 -1.607663e+01 -3.210000e+01
      vertex   -1.534740e+01 -9.271350e+00 -3.210000e+01
    endloop
  endfacet
  facet normal 0.000000e+00 0.000000e+00 -1.000000e+00
    outer loop
      vertex   -1.534740e+01 -9.271350e+00 -3.210000e+01
      vertex   -1.552476e+01 -1.607663e+01 -3.210000e+01
      vertex   -1.603901e+01 -1.500000e+01 -3.210000e+01
    endloop
  endfacet
  facet normal 0.000000e+00 0.000000e+00 -1.000000e+00
    outer loop
      vertex   -1.534740e+01 -9.271350e+00 -3.210000e+01
      vertex   -1.603901e+01 -1.500000e+01 -3.210000e+01
      vertex   -1.561767e+01 -9.645241e+00 -3.210000e+01
    endloop
  endfacet
  facet normal 0.000000e+00 0.000000e+00 -1.000000e+00
    outer loop
      vertex   -1.561767e+01 -9.645241e+00 -3.210000e+01
      vertex   -1.603901e+01 -1.500000e+01 -3.210000e+01
      vertex   -1.595203e+01 -9.963106e+00 -3.210000e+01
    endloop
  endfacet
  facet normal 0.000000e+00 0.000000e+00 -1.000000e+00
    outer loop
      vertex   -1.595203e+01 -9.963106e+00 -3.210000e+01
      vertex   -1.603901e+01 -1.500000e+01 -3.210000e+01
      vertex   -1.633911e+01 -1.021412e+01 -3.210000e+01
    endloop
  endfacet
  facet normal 0.000000e+00 -0.000000e+00 -1.000000e+00
    outer loop
      vertex   -1.633911e+01 -1.021412e+01 -3.210000e+01
      vertex   -1.603901e+01 -1.500000e+01 -3.210000e+01
      vertex   -1.676572e+01 -1.038973e+01 -3.210000e+01
    endloop
  endfacet
  facet normal 0.000000e+00 -0.000000e+00 -1.000000e+00
    outer loop
      vertex   -1.676572e+01 -1.038973e+01 -3.210000e+01
      vertex   -1.603901e+01 -1.500000e+01 -3.210000e+01
      vertex   -1.721733e+01 -1.048397e+01 -3.210000e+01
    endloop
  endfacet
  facet normal 0.000000e+00 -0.000000e+00 -1.000000e+00
    outer loop
      vertex   -1.721733e+01 -1.048397e+01 -3.210000e+01
      vertex   -1.603901e+01 -1.500000e+01 -3.210000e+01
      vertex   -1.767857e+01 -1.049361e+01 -3.210000e+01
    endloop
  endfacet
  facet normal -0.000000e+00 -0.000000e+00 -1.000000e+00
    outer loop
      vertex   -1.767857e+01 -1.049361e+01 -3.210000e+01
      vertex   -1.603901e+01 -1.500000e+01 -3.210000e+01
      vertex   -1.813373e+01 -1.041834e+01 -3.210000e+01
    endloop
  endfacet
  facet normal 0.000000e+00 -0.000000e+00 -1.000000e+00
    outer loop
      vertex   -1.813373e+01 -1.041834e+01 -3.210000e+01
      vertex   -1.603901e+01 -1.500000e+01 -3.210000e+01
      vertex   -2.250000e+01 -1.500000e+01 -3.210000e+01
    endloop
  endfacet
  facet normal -0.000000e+00 0.000000e+00 -1.000000e+00
    outer loop
      vertex   -1.813373e+01 -1.041834e+01 -3.210000e+01
      vertex   -2.250000e+01 -1.500000e+01 -3.210000e+01
      vertex   -1.856731e+01 -1.026072e+01 -3.210000e+01
    endloop
  endfacet
  facet normal 0.000000e+00 0.000000e+00 -1.000000e+00
    outer loop
      vertex   -1.856731e+01 -1.026072e+01 -3.210000e+01
      vertex   -2.250000e+01 -1.500000e+01 -3.210000e+01
      vertex   -2.450000e+01 -1.300000e+01 -3.210000e+01
    endloop
  endfacet
  facet normal -0.000000e+00 0.000000e+00 -1.000000e+00
    outer loop
      vertex   -1.856731e+01 -1.026072e+01 -3.210000e+01
      vertex   -2.450000e+01 -1.300000e+01 -3.210000e+01
      vertex   -1.896454e+01 -1.002611e+01 -3.210000e+01
    endloop
  endfacet
  facet normal -0.000000e+00 0.000000e+00 -1.000000e+00
    outer loop
      vertex   -1.896454e+01 -1.002611e+01 -3.210000e+01
      vertex   -2.450000e+01 -1.300000e+01 -3.210000e+01
      vertex   -1.931190e+01 -9.722500e+00 -3.210000e+01
    endloop
  endfacet
  facet normal -0.000000e+00 0.000000e+00 -1.000000e+00
    outer loop
      vertex   -1.931190e+01 -9.722500e+00 -3.210000e+01
      vertex   -2.450000e+01 -1.300000e+01 -3.210000e+01
      vertex   -1.959756e+01 -9.360235e+00 -3.210000e+01
    endloop
  endfacet
  facet normal -0.000000e+00 0.000000e+00 -1.000000e+00
    outer loop
      vertex   -1.959756e+01 -9.360235e+00 -3.210000e+01
      vertex   -2.450000e+01 -1.300000e+01 -3.210000e+01
      vertex   -1.981179e+01 -8.951649e+00 -3.210000e+01
    endloop
  endfacet
  facet normal -0.000000e+00 0.000000e+00 -1.000000e+00
    outer loop
      vertex   -1.981179e+01 -8.951649e+00 -3.210000e+01
      vertex   -2.450000e+01 -1.300000e+01 -3.210000e+01
      vertex   -1.994729e+01 -8.510655e+00 -3.210000e+01
    endloop
  endfacet
  facet normal -0.000000e+00 0.000000e+00 -1.000000e+00
    outer loop
      vertex   -1.994729e+01 -8.510655e+00 -3.210000e+01
      vertex   -2.450000e+01 -1.300000e+01 -3.210000e+01
      vertex   -1.999945e+01 -8.052272e+00 -3.210000e+01
    endloop
  endfacet
  facet normal -0.000000e+00 0.000000e+00 -1.000000e+00
    outer loop
      vertex   -1.999945e+01 -8.052272e+00 -3.210000e+01
      vertex   -2.450000e+01 -1.300000e+01 -3.210000e+01
      vertex   -2.450000e+01 -3.000000e+00 -3.210000e+01
    endloop
  endfacet
  facet normal 0.000000e+00 0.000000e+00 -1.000000e+00
    outer loop
      vertex   -1.999945e+01 -8.052272e+00 -3.210000e+01
      vertex   -2.450000e+01 -3.000000e+00 -3.210000e+01
      vertex   -1.996650e+01 -7.592109e+00 -3.210000e+01
    endloop
  endfacet
  facet normal 0.000000e+00 0.000000e+00 -1.000000e+00
    outer loop
      vertex   -1.996650e+01 -7.592109e+00 -3.210000e+01
      vertex   -2.450000e+01 -3.000000e+00 -3.210000e+01
      vertex   -1.984955e+01 -7.145835e+00 -3.210000e+01
    endloop
  endfacet
  facet normal 0.000000e+00 0.000000e+00 -1.000000e+00
    outer loop
      vertex   -1.984955e+01 -7.145835e+00 -3.210000e+01
      vertex   -2.450000e+01 -3.000000e+00 -3.210000e+01
      vertex   -1.965260e+01 -6.728650e+00 -3.210000e+01
    endloop
  endfacet
  facet normal 0.000000e+00 0.000000e+00 -1.000000e+00
    outer loop
      vertex   -1.965260e+01 -6.728650e+00 -3.210000e+01
      vertex   -2.450000e+01 -3.000000e+00 -3.210000e+01
      vertex   -1.938233e+01 -6.354759e+00 -3.210000e+01
    endloop
  endfacet
  facet normal 0.000000e+00 0.000000e+00 -1.000000e+00
    outer loop
      vertex   -1.938233e+01 -6.354759e+00 -3.210000e+01
      vertex   -2.450000e+01 -3.000000e+00 -3.210000e+01
      vertex   -1.904797e+01 -6.036894e+00 -3.210000e+01
    endloop
  endfacet
  facet normal 0.000000e+00 0.000000e+00 -1.000000e+00
    outer loop
      vertex   -1.904797e+01 -6.036894e+00 -3.210000e+01
      vertex   -2.450000e+01 -3.000000e+00 -3.210000e+01
      vertex   -1.866089e+01 -5.785881e+00 -3.210000e+01
    endloop
  endfacet
  facet normal 0.000000e+00 0.000000e+00 -1.000000e+00
    outer loop
      vertex   -1.866089e+01 -5.785881e+00 -3.210000e+01
      vertex   -2.450000e+01 -3.000000e+00 -3.210000e+01
      vertex   -2.250000e+01 -1.000000e+00 -3.210000e+01
    endloop
  endfacet
  facet normal 0.000000e+00 0.000000e+00 -1.000000e+00
    outer loop
      vertex   -1.866089e+01 -5.785881e+00 -3.210000e+01
      vertex   -2.250000e+01 -1.000000e+00 -3.210000e+01
      vertex   -1.823428e+01 -5.610266e+00 -3.210000e+01
    endloop
  endfacet
  facet normal 0.000000e+00 0.000000e+00 -1.000000e+00
    outer loop
      vertex   -1.823428e+01 -5.610266e+00 -3.210000e+01
      vertex   -2.250000e+01 -1.000000e+00 -3.210000e+01
      vertex   -1.603901e+01 -1.000000e+00 -3.210000e+01
    endloop
  endfacet
  facet normal 0.000000e+00 0.000000e+00 -1.000000e+00
    outer loop
      vertex   -1.823428e+01 -5.610266e+00 -3.210000e+01
      vertex   -1.603901e+01 -1.000000e+00 -3.210000e+01
      vertex   -1.778267e+01 -5.516032e+00 -3.210000e+01
    endloop
  endfacet
  facet normal 0.000000e+00 0.000000e+00 -1.000000e+00
    outer loop
      vertex   -1.778267e+01 -5.516032e+00 -3.210000e+01
      vertex   -1.603901e+01 -1.000000e+00 -3.210000e+01
      vertex   -1.732143e+01 -5.506386e+00 -3.210000e+01
    endloop
  endfacet
  facet normal 0.000000e+00 0.000000e+00 -1.000000e+00
    outer loop
      vertex   -1.732143e+01 -5.506386e+00 -3.210000e+01
      vertex   -1.603901e+01 -1.000000e+00 -3.210000e+01
      vertex   -1.686627e+01 -5.581657e+00 -3.210000e+01
    endloop
  endfacet
  facet normal 0.000000e+00 0.000000e+00 -1.000000e+00
    outer loop
      vertex   -1.686627e+01 -5.581657e+00 -3.210000e+01
      vertex   -1.603901e+01 -1.000000e+00 -3.210000e+01
      vertex   -1.643269e+01 -5.739281e+00 -3.210000e+01
    endloop
  endfacet
  facet normal 0.000000e+00 0.000000e+00 -1.000000e+00
    outer loop
      vertex   -1.643269e+01 -5.739281e+00 -3.210000e+01
      vertex   -1.603901e+01 -1.000000e+00 -3.210000e+01
      vertex   -1.603546e+01 -5.973892e+00 -3.210000e+01
    endloop
  endfacet
  facet normal 0.000000e+00 0.000000e+00 -1.000000e+00
    outer loop
      vertex   -1.603546e+01 -5.973892e+00 -3.210000e+01
      vertex   -1.603901e+01 -1.000000e+00 -3.210000e+01
      vertex   -1.568810e+01 -6.277500e+00 -3.210000e+01
    endloop
  endfacet
  facet normal 0.000000e+00 0.000000e+00 -1.000000e+00
    outer loop
      vertex   -1.568810e+01 -6.277500e+00 -3.210000e+01
      vertex   -1.603901e+01 -1.000000e+00 -3.210000e+01
      vertex   -1.540244e+01 -6.639765e+00 -3.210000e+01
    endloop
  endfacet
  facet normal 0.000000e+00 0.000000e+00 -1.000000e+00
    outer loop
      vertex   -1.540244e+01 -6.639765e+00 -3.210000e+01
      vertex   -1.603901e+01 -1.000000e+00 -3.210000e+01
      vertex   -1.552476e+01 7.662996e-02 -3.210000e+01
    endloop
  endfacet
  facet normal 1.268189e-15 2.309578e-17 -1.000000e+00
    outer loop
      vertex   -1.540244e+01 -6.639765e+00 -3.210000e+01
      vertex   -1.552476e+01 7.662996e-02 -3.210000e+01
      vertex   -1.000000e+01 4.362891e+00 -3.210000e+01
    endloop
  endfacet
  facet normal 2.287842e-15 -1.291181e-15 -1.000000e+00
    outer loop
      vertex   -1.000000e+01 4.362891e+00 -3.210000e+01
      vertex   -1.552476e+01 7.662996e-02 -3.210000e+01
      vertex   -1.493833e+01 1.115716e+00 -3.210000e+01
    endloop
  endfacet
  facet normal 2.536209e-15 -1.668900e-15 -1.000000e+00
    outer loop
      vertex   -1.000000e+01 4.362891e+00 -3.210000e+01
      vertex   -1.493833e+01 1.115716e+00 -3.210000e+01
      vertex   -1.428246e+01 2.112428e+00 -3.210000e+01
    endloop
  endfacet
  facet normal 0.000000e+00 0.000000e+00 -1.000000e+00
    outer loop
      vertex   -2.289018e+01 -1.496157e+01 -3.210000e+01
      vertex   -2.326537e+01 -1.484776e+01 -3.210000e+01
      vertex   -2.250000e+01 -1.500000e+01 -3.210000e+01
    endloop
  endfacet
  facet normal 0.000000e+00 0.000000e+00 -1.000000e+00
    outer loop
      vertex   -2.250000e+01 -1.500000e+01 -3.210000e+01
      vertex   -2.326537e+01 -1.484776e+01 -3.210000e+01
      vertex   -2.361114e+01 -1.466294e+01 -3.210000e+01
    endloop
  endfacet
  facet normal 0.000000e+00 0.000000e+00 -1.000000e+00
    outer loop
      vertex   -2.250000e+01 -1.500000e+01 -3.210000e+01
      vertex   -2.361114e+01 -1.466294e+01 -3.210000e+01
      vertex   -2.391421e+01 -1.441421e+01 -3.210000e+01
    endloop
  endfacet
  facet normal 0.000000e+00 0.000000e+00 -1.000000e+00
    outer loop
      vertex   -2.391421e+01 -1.441421e+01 -3.210000e+01
      vertex   -2.416294e+01 -1.411114e+01 -3.210000e+01
      vertex   -2.250000e+01 -1.500000e+01 -3.210000e+01
    endloop
  endfacet
  facet normal 0.000000e+00 0.000000e+00 -1.000000e+00
    outer loop
      vertex   -2.250000e+01 -1.500000e+01 -3.210000e+01
      vertex   -2.416294e+01 -1.411114e+01 -3.210000e+01
      vertex   -2.434776e+01 -1.376537e+01 -3.210000e+01
    endloop
  endfacet
  facet normal 0.000000e+00 0.000000e+00 -1.000000e+00
    outer loop
      vertex   -2.250000e+01 -1.500000e+01 -3.210000e+01
      vertex   -2.434776e+01 -1.376537e+01 -3.210000e+01
      vertex   -2.446157e+01 -1.339018e+01 -3.210000e+01
    endloop
  endfacet
  facet normal 0.000000e+00 0.000000e+00 -1.000000e+00
    outer loop
      vertex   -2.446157e+01 -1.339018e+01 -3.210000e+01
      vertex   -2.450000e+01 -1.300000e+01 -3.210000e+01
      vertex   -2.250000e+01 -1.500000e+01 -3.210000e+01
    endloop
  endfacet
  facet normal 0.000000e+00 0.000000e+00 -1.000000e+00
    outer loop
      vertex   -2.450000e+01 -3.000000e+00 -3.210000e+01
      vertex   -2.446157e+01 -2.609819e+00 -3.210000e+01
      vertex   -2.250000e+01 -1.000000e+00 -3.210000e+01
    endloop
  endfacet
  facet normal 0.000000e+00 0.000000e+00 -1.000000e+00
    outer loop
      vertex   -2.250000e+01 -1.000000e+00 -3.210000e+01
      vertex   -2.446157e+01 -2.609819e+00 -3.210000e+01
      vertex   -2.434776e+01 -2.234633e+00 -3.210000e+01
    endloop
  endfacet
  facet normal 0.000000e+00 0.000000e+00 -1.000000e+00
    outer loop
      vertex   -2.250000e+01 -1.000000e+00 -3.210000e+01
      vertex   -2.434776e+01 -2.234633e+00 -3.210000e+01
      vertex   -2.416294e+01 -1.888860e+00 -3.210000e+01
    endloop
  endfacet
  facet normal 0.000000e+00 0.000000e+00 -1.000000e+00
    outer loop
      vertex   -2.416294e+01 -1.888860e+00 -3.210000e+01
      vertex   -2.391421e+01 -1.585786e+00 -3.210000e+01
      vertex   -2.250000e+01 -1.000000e+00 -3.210000e+01
    endloop
  endfacet
  facet normal 0.000000e+00 0.000000e+00 -1.000000e+00
    outer loop
      vertex   -2.250000e+01 -1.000000e+00 -3.210000e+01
      vertex   -2.391421e+01 -1.585786e+00 -3.210000e+01
      vertex   -2.361114e+01 -1.337061e+00 -3.210000e+01
    endloop
  endfacet
  facet normal 0.000000e+00 0.000000e+00 -1.000000e+00
    outer loop
      vertex   -2.250000e+01 -1.000000e+00 -3.210000e+01
      vertex   -2.361114e+01 -1.337061e+00 -3.210000e+01
      vertex   -2.326537e+01 -1.152241e+00 -3.210000e+01
    endloop
  endfacet
  facet normal 0.000000e+00 0.000000e+00 -1.000000e+00
    outer loop
      vertex   -2.326537e+01 -1.152241e+00 -3.210000e+01
      vertex   -2.289018e+01 -1.038429e+00 -3.210000e+01
      vertex   -2.250000e+01 -1.000000e+00 -3.210000e+01
    endloop
  endfacet
  facet normal 2.763714e-15 -2.101825e-15 -1.000000e+00
    outer loop
      vertex   -1.428246e+01 2.112428e+00 -3.210000e+01
      vertex   -1.356021e+01 3.062132e+00 -3.210000e+01
      vertex   -1.000000e+01 4.362891e+00 -3.210000e+01
    endloop
  endfacet
  facet normal 2.932413e-15 -2.563558e-15 -1.000000e+00
    outer loop
      vertex   -1.000000e+01 4.362891e+00 -3.210000e+01
      vertex   -1.356021e+01 3.062132e+00 -3.210000e+01
      vertex   -1.277492e+01 3.960415e+00 -3.210000e+01
    endloop
  endfacet
  facet normal 2.996189e-15 -3.003266e-15 -1.000000e+00
    outer loop
      vertex   -1.000000e+01 4.362891e+00 -3.210000e+01
      vertex   -1.277492e+01 3.960415e+00 -3.210000e+01
      vertex   -1.193024e+01 4.803100e+00 -3.210000e+01
    endloop
  endfacet
  facet normal 2.916612e-15 -3.352195e-15 -1.000000e+00
    outer loop
      vertex   -1.193024e+01 4.803100e+00 -3.210000e+01
      vertex   -1.103011e+01 5.586270e+00 -3.210000e+01
      vertex   -1.000000e+01 4.362891e+00 -3.210000e+01
    endloop
  endfacet
  facet normal 2.684694e-15 -3.547475e-15 -1.000000e+00
    outer loop
      vertex   -1.000000e+01 4.362891e+00 -3.210000e+01
      vertex   -1.103011e+01 5.586270e+00 -3.210000e+01
      vertex   -1.007870e+01 6.306284e+00 -3.210000e+01
    endloop
  endfacet
  facet normal 2.331725e-15 -3.561769e-15 -1.000000e+00
    outer loop
      vertex   -1.000000e+01 4.362891e+00 -3.210000e+01
      vertex   -1.007870e+01 6.306284e+00 -3.210000e+01
      vertex   -9.080445e+00 6.959797e+00 -3.210000e+01
    endloop
  endfacet
  facet normal 1.916570e-15 -3.414764e-15 -1.000000e+00
    outer loop
      vertex   -9.080445e+00 6.959797e+00 -3.210000e+01
      vertex   -8.039979e+00 7.543769e+00 -3.210000e+01
      vertex   -1.000000e+01 4.362891e+00 -3.210000e+01
    endloop
  endfacet
  facet normal 1.499060e-15 -3.157499e-15 -1.000000e+00
    outer loop
      vertex   -1.000000e+01 4.362891e+00 -3.210000e+01
      vertex   -8.039979e+00 7.543769e+00 -3.210000e+01
      vertex   -6.962138e+00 8.055486e+00 -3.210000e+01
    endloop
  endfacet
  facet normal 1.120479e-15 -2.846044e-15 -1.000000e+00
    outer loop
      vertex   -1.000000e+01 4.362891e+00 -3.210000e+01
      vertex   -6.962138e+00 8.055486e+00 -3.210000e+01
      vertex   -5.851935e+00 8.492570e+00 -3.210000e+01
    endloop
  endfacet
  facet normal 7.997698e-16 -2.523907e-15 -1.000000e+00
    outer loop
      vertex   -5.851935e+00 8.492570e+00 -3.210000e+01
      vertex   -4.714529e+00 8.852988e+00 -3.210000e+01
      vertex   -1.000000e+01 4.362891e+00 -3.210000e+01
    endloop
  endfacet
  facet normal 5.395766e-16 -2.217623e-15 -1.000000e+00
    outer loop
      vertex   -1.000000e+01 4.362891e+00 -3.210000e+01
      vertex   -4.714529e+00 8.852988e+00 -3.210000e+01
      vertex   -3.555207e+00 9.135066e+00 -3.210000e+01
    endloop
  endfacet
  facet normal 3.339692e-16 -1.939952e-15 -1.000000e+00
    outer loop
      vertex   -1.000000e+01 4.362891e+00 -3.210000e+01
      vertex   -3.555207e+00 9.135066e+00 -3.210000e+01
      vertex   -2.379359e+00 9.337493e+00 -3.210000e+01
    endloop
  endfacet
  facet normal 1.739724e-16 -1.694851e-15 -1.000000e+00
    outer loop
      vertex   -2.379359e+00 9.337493e+00 -3.210000e+01
      vertex   -1.192451e+00 9.459326e+00 -3.210000e+01
      vertex   -1.000000e+01 4.362891e+00 -3.210000e+01
    endloop
  endfacet
  facet normal 5.053445e-17 -1.481528e-15 -1.000000e+00
    outer loop
      vertex   -1.000000e+01 4.362891e+00 -3.210000e+01
      vertex   -1.192451e+00 9.459326e+00 -3.210000e+01
      vertex   0.000000e+00 9.500000e+00 -3.210000e+01
    endloop
  endfacet
  facet normal -6.679384e-16 -3.879903e-15 -1.000000e+00
    outer loop
      vertex   2.379359e+00 9.337493e+00 -3.210000e+01
      vertex   3.555207e+00 9.135066e+00 -3.210000e+01
      vertex   1.000000e+01 4.362891e+00 -3.210000e+01
    endloop
  endfacet
  facet normal -1.079153e-15 -4.435246e-15 -1.000000e+00
    outer loop
      vertex   1.000000e+01 4.362891e+00 -3.210000e+01
      vertex   3.555207e+00 9.135066e+00 -3.210000e+01
      vertex   4.714529e+00 8.852988e+00 -3.210000e+01
    endloop
  endfacet
  facet normal -1.599540e-15 -5.047814e-15 -1.000000e+00
    outer loop
      vertex   1.000000e+01 4.362891e+00 -3.210000e+01
      vertex   4.714529e+00 8.852988e+00 -3.210000e+01
      vertex   5.851935e+00 8.492570e+00 -3.210000e+01
    endloop
  endfacet
  facet normal -2.240958e-15 -5.692088e-15 -1.000000e+00
    outer loop
      vertex   5.851935e+00 8.492570e+00 -3.210000e+01
      vertex   6.962138e+00 8.055486e+00 -3.210000e+01
      vertex   1.000000e+01 4.362891e+00 -3.210000e+01
    endloop
  endfacet
  facet normal -2.998119e-15 -6.314997e-15 -1.000000e+00
    outer loop
      vertex   1.000000e+01 4.362891e+00 -3.210000e+01
      vertex   6.962138e+00 8.055486e+00 -3.210000e+01
      vertex   8.039979e+00 7.543769e+00 -3.210000e+01
    endloop
  endfacet
  facet normal -3.833138e-15 -6.829526e-15 -1.000000e+00
    outer loop
      vertex   1.000000e+01 4.362891e+00 -3.210000e+01
      vertex   8.039979e+00 7.543769e+00 -3.210000e+01
      vertex   9.080445e+00 6.959797e+00 -3.210000e+01
    endloop
  endfacet
  facet normal -4.663449e-15 -7.123536e-15 -1.000000e+00
    outer loop
      vertex   9.080445e+00 6.959797e+00 -3.210000e+01
      vertex   1.007870e+01 6.306284e+00 -3.210000e+01
      vertex   1.000000e+01 4.362891e+00 -3.210000e+01
    endloop
  endfacet
  facet normal -5.369386e-15 -7.094948e-15 -1.000000e+00
    outer loop
      vertex   1.000000e+01 4.362891e+00 -3.210000e+01
      vertex   1.007870e+01 6.306284e+00 -3.210000e+01
      vertex   1.103011e+01 5.586270e+00 -3.210000e+01
    endloop
  endfacet
  facet normal -5.833223e-15 -6.704388e-15 -1.000000e+00
    outer loop
      vertex   1.000000e+01 4.362891e+00 -3.210000e+01
      vertex   1.103011e+01 5.586270e+00 -3.210000e+01
      vertex   1.193024e+01 4.803100e+00 -3.210000e+01
    endloop
  endfacet
  facet normal -5.992376e-15 -6.006531e-15 -1.000000e+00
    outer loop
      vertex   1.193024e+01 4.803100e+00 -3.210000e+01
      vertex   1.277492e+01 3.960415e+00 -3.210000e+01
      vertex   1.000000e+01 4.362891e+00 -3.210000e+01
    endloop
  endfacet
  facet normal -5.864825e-15 -5.127115e-15 -1.000000e+00
    outer loop
      vertex   1.000000e+01 4.362891e+00 -3.210000e+01
      vertex   1.277492e+01 3.960415e+00 -3.210000e+01
      vertex   1.356021e+01 3.062132e+00 -3.210000e+01
    endloop
  endfacet
  facet normal -5.527427e-15 -4.203649e-15 -1.000000e+00
    outer loop
      vertex   1.000000e+01 4.362891e+00 -3.210000e+01
      vertex   1.356021e+01 3.062132e+00 -3.210000e+01
      vertex   1.428246e+01 2.112428e+00 -3.210000e+01
    endloop
  endfacet
  facet normal -5.072417e-15 -3.337800e-15 -1.000000e+00
    outer loop
      vertex   1.428246e+01 2.112428e+00 -3.210000e+01
      vertex   1.493833e+01 1.115716e+00 -3.210000e+01
      vertex   1.000000e+01 4.362891e+00 -3.210000e+01
    endloop
  endfacet
  facet normal -4.575683e-15 -2.582362e-15 -1.000000e+00
    outer loop
      vertex   1.000000e+01 4.362891e+00 -3.210000e+01
      vertex   1.493833e+01 1.115716e+00 -3.210000e+01
      vertex   1.552476e+01 7.662996e-02 -3.210000e+01
    endloop
  endfacet
  facet normal -2.521237e-15 6.570576e-17 -1.000000e+00
    outer loop
      vertex   1.000000e+01 4.362891e+00 -3.210000e+01
      vertex   1.552476e+01 7.662996e-02 -3.210000e+01
      vertex   1.534740e+01 -6.728650e+00 -3.210000e+01
    endloop
  endfacet
  facet normal 0.000000e+00 0.000000e+00 -1.000000e+00
    outer loop
      vertex   1.534740e+01 -6.728650e+00 -3.210000e+01
      vertex   1.552476e+01 7.662996e-02 -3.210000e+01
      vertex   1.603901e+01 -1.000000e+00 -3.210000e+01
    endloop
  endfacet
  facet normal 0.000000e+00 0.000000e+00 -1.000000e+00
    outer loop
      vertex   1.534740e+01 -6.728650e+00 -3.210000e+01
      vertex   1.603901e+01 -1.000000e+00 -3.210000e+01
      vertex   1.561767e+01 -6.354759e+00 -3.210000e+01
    endloop
  endfacet
  facet normal 0.000000e+00 0.000000e+00 -1.000000e+00
    outer loop
      vertex   1.561767e+01 -6.354759e+00 -3.210000e+01
      vertex   1.603901e+01 -1.000000e+00 -3.210000e+01
      vertex   1.595203e+01 -6.036894e+00 -3.210000e+01
    endloop
  endfacet
  facet normal 0.000000e+00 0.000000e+00 -1.000000e+00
    outer loop
      vertex   1.595203e+01 -6.036894e+00 -3.210000e+01
      vertex   1.603901e+01 -1.000000e+00 -3.210000e+01
      vertex   1.633911e+01 -5.785881e+00 -3.210000e+01
    endloop
  endfacet
  facet normal 0.000000e+00 0.000000e+00 -1.000000e+00
    outer loop
      vertex   1.633911e+01 -5.785881e+00 -3.210000e+01
      vertex   1.603901e+01 -1.000000e+00 -3.210000e+01
      vertex   1.676572e+01 -5.610266e+00 -3.210000e+01
    endloop
  endfacet
  facet normal 0.000000e+00 0.000000e+00 -1.000000e+00
    outer loop
      vertex   1.676572e+01 -5.610266e+00 -3.210000e+01
      vertex   1.603901e+01 -1.000000e+00 -3.210000e+01
      vertex   1.721733e+01 -5.516032e+00 -3.210000e+01
    endloop
  endfacet
  facet normal 0.000000e+00 0.000000e+00 -1.000000e+00
    outer loop
      vertex   1.721733e+01 -5.516032e+00 -3.210000e+01
      vertex   1.603901e+01 -1.000000e+00 -3.210000e+01
      vertex   1.767857e+01 -5.506386e+00 -3.210000e+01
    endloop
  endfacet
  facet normal 0.000000e+00 0.000000e+00 -1.000000e+00
    outer loop
      vertex   1.767857e+01 -5.506386e+00 -3.210000e+01
      vertex   1.603901e+01 -1.000000e+00 -3.210000e+01
      vertex   1.813373e+01 -5.581657e+00 -3.210000e+01
    endloop
  endfacet
  facet normal 0.000000e+00 0.000000e+00 -1.000000e+00
    outer loop
      vertex   1.813373e+01 -5.581657e+00 -3.210000e+01
      vertex   1.603901e+01 -1.000000e+00 -3.210000e+01
      vertex   2.250000e+01 -1.000000e+00 -3.210000e+01
    endloop
  endfacet
  facet normal 0.000000e+00 0.000000e+00 -1.000000e+00
    outer loop
      vertex   1.813373e+01 -5.581657e+00 -3.210000e+01
      vertex   2.250000e+01 -1.000000e+00 -3.210000e+01
      vertex   1.856731e+01 -5.739281e+00 -3.210000e+01
    endloop
  endfacet
  facet normal 0.000000e+00 0.000000e+00 -1.000000e+00
    outer loop
      vertex   1.856731e+01 -5.739281e+00 -3.210000e+01
      vertex   2.250000e+01 -1.000000e+00 -3.210000e+01
      vertex   2.450000e+01 -3.000000e+00 -3.210000e+01
    endloop
  endfacet
  facet normal 0.000000e+00 0.000000e+00 -1.000000e+00
    outer loop
      vertex   1.856731e+01 -5.739281e+00 -3.210000e+01
      vertex   2.450000e+01 -3.000000e+00 -3.210000e+01
      vertex   1.896454e+01 -5.973892e+00 -3.210000e+01
    endloop
  endfacet
  facet normal 0.000000e+00 0.000000e+00 -1.000000e+00
    outer loop
      vertex   1.896454e+01 -5.973892e+00 -3.210000e+01
      vertex   2.450000e+01 -3.000000e+00 -3.210000e+01
      vertex   1.931190e+01 -6.277500e+00 -3.210000e+01
    endloop
  endfacet
  facet normal 0.000000e+00 0.000000e+00 -1.000000e+00
    outer loop
      vertex   1.931190e+01 -6.277500e+00 -3.210000e+01
      vertex   2.450000e+01 -3.000000e+00 -3.210000e+01
      vertex   1.959756e+01 -6.639765e+00 -3.210000e+01
    endloop
  endfacet
  facet normal 0.000000e+00 0.000000e+00 -1.000000e+00
    outer loop
      vertex   1.959756e+01 -6.639765e+00 -3.210000e+01
      vertex   2.450000e+01 -3.000000e+00 -3.210000e+01
      vertex   1.981179e+01 -7.048351e+00 -3.210000e+01
    endloop
  endfacet
  facet normal 0.000000e+00 0.000000e+00 -1.000000e+00
    outer loop
      vertex   1.981179e+01 -7.048351e+00 -3.210000e+01
      vertex   2.450000e+01 -3.000000e+00 -3.210000e+01
      vertex   1.994729e+01 -7.489345e+00 -3.210000e+01
    endloop
  endfacet
  facet normal 0.000000e+00 0.000000e+00 -1.000000e+00
    outer loop
      vertex   1.994729e+01 -7.489345e+00 -3.210000e+01
      vertex   2.450000e+01 -3.000000e+00 -3.210000e+01
      vertex   1.999945e+01 -7.947728e+00 -3.210000e+01
    endloop
  endfacet
  facet normal 0.000000e+00 0.000000e+00 -1.000000e+00
    outer loop
      vertex   1.999945e+01 -7.947728e+00 -3.210000e+01
      vertex   2.450000e+01 -3.000000e+00 -3.210000e+01
      vertex   2.450000e+01 -1.300000e+01 -3.210000e+01
    endloop
  endfacet
  facet normal 0.000000e+00 -0.000000e+00 -1.000000e+00
    outer loop
      vertex   1.999945e+01 -7.947728e+00 -3.210000e+01
      vertex   2.450000e+01 -1.300000e+01 -3.210000e+01
      vertex   1.996650e+01 -8.407891e+00 -3.210000e+01
    endloop
  endfacet
  facet normal 0.000000e+00 -0.000000e+00 -1.000000e+00
    outer loop
      vertex   1.996650e+01 -8.407891e+00 -3.210000e+01
      vertex   2.450000e+01 -1.300000e+01 -3.210000e+01
      vertex   1.984955e+01 -8.854165e+00 -3.210000e+01
    endloop
  endfacet
  facet normal 0.000000e+00 -0.000000e+00 -1.000000e+00
    outer loop
      vertex   1.984955e+01 -8.854165e+00 -3.210000e+01
      vertex   2.450000e+01 -1.300000e+01 -3.210000e+01
      vertex   1.965260e+01 -9.271350e+00 -3.210000e+01
    endloop
  endfacet
  facet normal 0.000000e+00 -0.000000e+00 -1.000000e+00
    outer loop
      vertex   1.965260e+01 -9.271350e+00 -3.210000e+01
      vertex   2.450000e+01 -1.300000e+01 -3.210000e+01
      vertex   1.938233e+01 -9.645241e+00 -3.210000e+01
    endloop
  endfacet
  facet normal 0.000000e+00 -0.000000e+00 -1.000000e+00
    outer loop
      vertex   1.938233e+01 -9.645241e+00 -3.210000e+01
      vertex   2.450000e+01 -1.300000e+01 -3.210000e+01
      vertex   1.904797e+01 -9.963106e+00 -3.210000e+01
    endloop
  endfacet
  facet normal 0.000000e+00 -0.000000e+00 -1.000000e+00
    outer loop
      vertex   1.904797e+01 -9.963106e+00 -3.210000e+01
      vertex   2.450000e+01 -1.300000e+01 -3.210000e+01
      vertex   1.866089e+01 -1.021412e+01 -3.210000e+01
    endloop
  endfacet
  facet normal 0.000000e+00 0.000000e+00 -1.000000e+00
    outer loop
      vertex   1.866089e+01 -1.021412e+01 -3.210000e+01
      vertex   2.450000e+01 -1.300000e+01 -3.210000e+01
      vertex   2.250000e+01 -1.500000e+01 -3.210000e+01
    endloop
  endfacet
  facet normal 0.000000e+00 -0.000000e+00 -1.000000e+00
    outer loop
      vertex   1.866089e+01 -1.021412e+01 -3.210000e+01
      vertex   2.250000e+01 -1.500000e+01 -3.210000e+01
      vertex   1.823428e+01 -1.038973e+01 -3.210000e+01
    endloop
  endfacet
  facet normal 0.000000e+00 -0.000000e+00 -1.000000e+00
    outer loop
      vertex   1.823428e+01 -1.038973e+01 -3.210000e+01
      vertex   2.250000e+01 -1.500000e+01 -3.210000e+01
      vertex   1.603901e+01 -1.500000e+01 -3.210000e+01
    endloop
  endfacet
  facet normal 0.000000e+00 0.000000e+00 -1.000000e+00
    outer loop
      vertex   1.823428e+01 -1.038973e+01 -3.210000e+01
      vertex   1.603901e+01 -1.500000e+01 -3.210000e+01
      vertex   1.778267e+01 -1.048397e+01 -3.210000e+01
    endloop
  endfacet
  facet normal 0.000000e+00 0.000000e+00 -1.000000e+00
    outer loop
      vertex   1.778267e+01 -1.048397e+01 -3.210000e+01
      vertex   1.603901e+01 -1.500000e+01 -3.210000e+01
      vertex   1.732143e+01 -1.049361e+01 -3.210000e+01
    endloop
  endfacet
  facet normal -0.000000e+00 0.000000e+00 -1.000000e+00
    outer loop
      vertex   1.732143e+01 -1.049361e+01 -3.210000e+01
      vertex   1.603901e+01 -1.500000e+01 -3.210000e+01
      vertex   1.686627e+01 -1.041834e+01 -3.210000e+01
    endloop
  endfacet
  facet normal -0.000000e+00 0.000000e+00 -1.000000e+00
    outer loop
      vertex   1.686627e+01 -1.041834e+01 -3.210000e+01
      vertex   1.603901e+01 -1.500000e+01 -3.210000e+01
      vertex   1.643269e+01 -1.026072e+01 -3.210000e+01
    endloop
  endfacet
  facet normal -0.000000e+00 0.000000e+00 -1.000000e+00
    outer loop
      vertex   1.643269e+01 -1.026072e+01 -3.210000e+01
      vertex   1.603901e+01 -1.500000e+01 -3.210000e+01
      vertex   1.603546e+01 -1.002611e+01 -3.210000e+01
    endloop
  endfacet
  facet normal -0.000000e+00 -0.000000e+00 -1.000000e+00
    outer loop
      vertex   2.289018e+01 -1.038429e+00 -3.210000e+01
      vertex   2.326537e+01 -1.152241e+00 -3.210000e+01
      vertex   2.250000e+01 -1.000000e+00 -3.210000e+01
    endloop
  endfacet
  facet normal 0.000000e+00 0.000000e+00 -1.000000e+00
    outer loop
      vertex   2.250000e+01 -1.000000e+00 -3.210000e+01
      vertex   2.326537e+01 -1.152241e+00 -3.210000e+01
      vertex   2.361114e+01 -1.337061e+00 -3.210000e+01
    endloop
  endfacet
  facet normal 0.000000e+00 0.000000e+00 -1.000000e+00
    outer loop
      vertex   2.250000e+01 -1.000000e+00 -3.210000e+01
      vertex   2.361114e+01 -1.337061e+00 -3.210000e+01
      vertex   2.391421e+01 -1.585786e+00 -3.210000e+01
    endloop
  endfacet
  facet normal -0.000000e+00 -0.000000e+00 -1.000000e+00
    outer loop
      vertex   2.391421e+01 -1.585786e+00 -3.210000e+01
      vertex   2.416294e+01 -1.888860e+00 -3.210000e+01
      vertex   2.250000e+01 -1.000000e+00 -3.210000e+01
    endloop
  endfacet
  facet normal 0.000000e+00 0.000000e+00 -1.000000e+00
    outer loop
      vertex   2.250000e+01 -1.000000e+00 -3.210000e+01
      vertex   2.416294e+01 -1.888860e+00 -3.210000e+01
      vertex   2.434776e+01 -2.234633e+00 -3.210000e+01
    endloop
  endfacet
  facet normal 0.000000e+00 0.000000e+00 -1.000000e+00
    outer loop
      vertex   2.250000e+01 -1.000000e+00 -3.210000e+01
      vertex   2.434776e+01 -2.234633e+00 -3.210000e+01
      vertex   2.446157e+01 -2.609819e+00 -3.210000e+01
    endloop
  endfacet
  facet normal -0.000000e+00 -0.000000e+00 -1.000000e+00
    outer loop
      vertex   2.446157e+01 -2.609819e+00 -3.210000e+01
      vertex   2.450000e+01 -3.000000e+00 -3.210000e+01
      vertex   2.250000e+01 -1.000000e+00 -3.210000e+01
    endloop
  endfacet
  facet normal 0.000000e+00 0.000000e+00 -1.000000e+00
    outer loop
      vertex   2.450000e+01 -1.300000e+01 -3.210000e+01
      vertex   2.446157e+01 -1.339018e+01 -3.210000e+01
      vertex   2.250000e+01 -1.500000e+01 -3.210000e+01
    endloop
  endfacet
  facet normal 0.000000e+00 0.000000e+00 -1.000000e+00
    outer loop
      vertex   2.250000e+01 -1.500000e+01 -3.210000e+01
      vertex   2.446157e+01 -1.339018e+01 -3.210000e+01
      vertex   2.434776e+01 -1.376537e+01 -3.210000e+01
    endloop
  endfacet
  facet normal 0.000000e+00 0.000000e+00 -1.000000e+00
    outer loop
      vertex   2.250000e+01 -1.500000e+01 -3.210000e+01
      vertex   2.434776e+01 -1.376537e+01 -3.210000e+01
      vertex   2.416294e+01 -1.411114e+01 -3.210000e+01
    endloop
  endfacet
  facet normal 0.000000e+00 0.000000e+00 -1.000000e+00
    outer loop
      vertex   2.416294e+01 -1.411114e+01 -3.210000e+01
      vertex   2.391421e+01 -1.441421e+01 -3.210000e+01
      vertex   2.250000e+01 -1.500000e+01 -3.210000e+01
    endloop
  endfacet
  facet normal 0.000000e+00 0.000000e+00 -1.000000e+00
    outer loop
      vertex   2.250000e+01 -1.500000e+01 -3.210000e+01
      vertex   2.391421e+01 -1.441421e+01 -3.210000e+01
      vertex   2.361114e+01 -1.466294e+01 -3.210000e+01
    endloop
  endfacet
  facet normal 0.000000e+00 0.000000e+00 -1.000000e+00
    outer loop
      vertex   2.250000e+01 -1.500000e+01 -3.210000e+01
      vertex   2.361114e+01 -1.466294e+01 -3.210000e+01
      vertex   2.326537e+01 -1.484776e+01 -3.210000e+01
    endloop
  endfacet
  facet normal 0.000000e+00 0.000000e+00 -1.000000e+00
    outer loop
      vertex   2.326537e+01 -1.484776e+01 -3.210000e+01
      vertex   2.289018e+01 -1.496157e+01 -3.210000e+01
      vertex   2.250000e+01 -1.500000e+01 -3.210000e+01
    endloop
  endfacet
  facet normal 6.713466e-16 -3.169502e-16 -1.000000e+00
    outer loop
      vertex   -1.534740e+01 -9.271350e+00 -3.210000e+01
      vertex   -1.515045e+01 -8.854165e+00 -3.210000e+01
      vertex   -1.000000e+01 -2.036289e+01 -3.210000e+01
    endloop
  endfacet
  facet normal 8.700883e-16 -2.280082e-16 -1.000000e+00
    outer loop
      vertex   -1.000000e+01 -2.036289e+01 -3.210000e+01
      vertex   -1.515045e+01 -8.854165e+00 -3.210000e+01
      vertex   -1.503350e+01 -8.407891e+00 -3.210000e+01
    endloop
  endfacet
  facet normal 1.206433e-15 -8.639449e-17 -1.000000e+00
    outer loop
      vertex   -1.000000e+01 -2.036289e+01 -3.210000e+01
      vertex   -1.503350e+01 -8.407891e+00 -3.210000e+01
      vertex   -1.500055e+01 -7.947728e+00 -3.210000e+01
    endloop
  endfacet
  facet normal 6.360437e-16 3.334868e-16 -1.000000e+00
    outer loop
      vertex   -1.518821e+01 -7.048351e+00 -3.210000e+01
      vertex   -1.540244e+01 -6.639765e+00 -3.210000e+01
      vertex   -1.000000e+01 4.362891e+00 -3.210000e+01
    endloop
  endfacet
  facet normal -1.342693e-15 6.339003e-16 -1.000000e+00
    outer loop
      vertex   1.534740e+01 -6.728650e+00 -3.210000e+01
      vertex   1.515045e+01 -7.145835e+00 -3.210000e+01
      vertex   1.000000e+01 4.362891e+00 -3.210000e+01
    endloop
  endfacet
  facet normal -1.740176e-15 4.560165e-16 -1.000000e+00
    outer loop
      vertex   1.000000e+01 4.362891e+00 -3.210000e+01
      vertex   1.515045e+01 -7.145835e+00 -3.210000e+01
      vertex   1.503350e+01 -7.592109e+00 -3.210000e+01
    endloop
  endfacet
  facet normal -2.412866e-15 1.727890e-16 -1.000000e+00
    outer loop
      vertex   1.000000e+01 4.362891e+00 -3.210000e+01
      vertex   1.503350e+01 -7.592109e+00 -3.210000e+01
      vertex   1.500055e+01 -8.052272e+00 -3.210000e+01
    endloop
  endfacet
  facet normal -1.272087e-15 -6.669735e-16 -1.000000e+00
    outer loop
      vertex   1.518821e+01 -8.951649e+00 -3.210000e+01
      vertex   1.540244e+01 -9.360235e+00 -3.210000e+01
      vertex   1.000000e+01 -2.036289e+01 -3.210000e+01
    endloop
  endfacet
  facet normal -1.658626e-17 7.930933e-16 1.000000e+00
    outer loop
      vertex   1.778267e+01 -1.048397e+01 -2.960000e+01
      vertex   1.732143e+01 -1.049361e+01 -2.960000e+01
      vertex   1.603901e+01 -1.500000e+01 -2.960000e+01
    endloop
  endfacet
  facet normal 1.245154e-16 7.529390e-16 1.000000e+00
    outer loop
      vertex   1.603901e+01 -1.500000e+01 -2.960000e+01
      vertex   1.732143e+01 -1.049361e+01 -2.960000e+01
      vertex   1.686627e+01 -1.041834e+01 -2.960000e+01
    endloop
  endfacet
  facet normal 2.645350e-16 7.276574e-16 1.000000e+00
    outer loop
      vertex   1.603901e+01 -1.500000e+01 -2.960000e+01
      vertex   1.686627e+01 -1.041834e+01 -2.960000e+01
      vertex   1.643269e+01 -1.026072e+01 -2.960000e+01
    endloop
  endfacet
  facet normal 4.220365e-16 7.145743e-16 1.000000e+00
    outer loop
      vertex   1.643269e+01 -1.026072e+01 -2.960000e+01
      vertex   1.603546e+01 -1.002611e+01 -2.960000e+01
      vertex   1.603901e+01 -1.500000e+01 -2.960000e+01
    endloop
  endfacet
  facet normal 6.246956e-16 7.147193e-16 1.000000e+00
    outer loop
      vertex   1.603901e+01 -1.500000e+01 -2.960000e+01
      vertex   1.603546e+01 -1.002611e+01 -2.960000e+01
      vertex   1.568810e+01 -9.722500e+00 -2.960000e+01
    endloop
  endfacet
  facet normal 9.323343e-16 7.351751e-16 1.000000e+00
    outer loop
      vertex   1.603901e+01 -1.500000e+01 -2.960000e+01
      vertex   1.568810e+01 -9.722500e+00 -2.960000e+01
      vertex   1.540244e+01 -9.360235e+00 -2.960000e+01
    endloop
  endfacet
  facet normal 0.000000e+00 0.000000e+00 1.000000e+00
    outer loop
      vertex   1.518821e+01 -8.951649e+00 -2.960000e+01
      vertex   1.493833e+01 -1.711572e+01 -2.960000e+01
      vertex   1.540244e+01 -9.360235e+00 -2.960000e+01
    endloop
  endfacet
  facet normal 0.000000e+00 0.000000e+00 1.000000e+00
    outer loop
      vertex   1.540244e+01 -9.360235e+00 -2.960000e+01
      vertex   1.493833e+01 -1.711572e+01 -2.960000e+01
      vertex   1.552476e+01 -1.607663e+01 -2.960000e+01
    endloop
  endfacet
  facet normal -6.654690e-15 -1.211927e-16 1.000000e+00
    outer loop
      vertex   1.540244e+01 -9.360235e+00 -2.960000e+01
      vertex   1.552476e+01 -1.607663e+01 -2.960000e+01
      vertex   1.603901e+01 -1.500000e+01 -2.960000e+01
    endloop
  endfacet
  facet normal 0.000000e+00 0.000000e+00 1.000000e+00
    outer loop
      vertex   1.505271e+01 -8.510655e+00 -2.960000e+01
      vertex   -1.515045e+01 -8.854165e+00 -2.960000e+01
      vertex   1.518821e+01 -8.951649e+00 -2.960000e+01
    endloop
  endfacet
  facet normal 0.000000e+00 0.000000e+00 1.000000e+00
    outer loop
      vertex   1.518821e+01 -8.951649e+00 -2.960000e+01
      vertex   -1.515045e+01 -8.854165e+00 -2.960000e+01
      vertex   -1.534740e+01 -9.271350e+00 -2.960000e+01
    endloop
  endfacet
  facet normal 0.000000e+00 0.000000e+00 1.000000e+00
    outer loop
      vertex   1.518821e+01 -8.951649e+00 -2.960000e+01
      vertex   -1.534740e+01 -9.271350e+00 -2.960000e+01
      vertex   -1.428246e+01 -1.811243e+01 -2.960000e+01
    endloop
  endfacet
  facet normal 0.000000e+00 0.000000e+00 1.000000e+00
    outer loop
      vertex   -1.428246e+01 -1.811243e+01 -2.960000e+01
      vertex   -1.534740e+01 -9.271350e+00 -2.960000e+01
      vertex   -1.493833e+01 -1.711572e+01 -2.960000e+01
    endloop
  endfacet
  facet normal 0.000000e+00 0.000000e+00 1.000000e+00
    outer loop
      vertex   -1.493833e+01 -1.711572e+01 -2.960000e+01
      vertex   -1.534740e+01 -9.271350e+00 -2.960000e+01
      vertex   -1.552476e+01 -1.607663e+01 -2.960000e+01
    endloop
  endfacet
  facet normal 6.550992e-15 -1.707249e-16 1.000000e+00
    outer loop
      vertex   -1.552476e+01 -1.607663e+01 -2.960000e+01
      vertex   -1.534740e+01 -9.271350e+00 -2.960000e+01
      vertex   -1.603901e+01 -1.500000e+01 -2.960000e+01
    endloop
  endfacet
  facet normal -1.029992e-15 7.445153e-16 1.000000e+00
    outer loop
      vertex   -1.603901e+01 -1.500000e+01 -2.960000e+01
      vertex   -1.534740e+01 -9.271350e+00 -2.960000e+01
      vertex   -1.561767e+01 -9.645241e+00 -2.960000e+01
    endloop
  endfacet
  facet normal -6.817279e-16 7.171115e-16 1.000000e+00
    outer loop
      vertex   -1.603901e+01 -1.500000e+01 -2.960000e+01
      vertex   -1.561767e+01 -9.645241e+00 -2.960000e+01
      vertex   -1.595203e+01 -9.963106e+00 -2.960000e+01
    endloop
  endfacet
  facet normal 0.000000e+00 0.000000e+00 1.000000e+00
    outer loop
      vertex   -1.515045e+01 -8.854165e+00 -2.960000e+01
      vertex   1.505271e+01 -8.510655e+00 -2.960000e+01
      vertex   -1.503350e+01 -8.407891e+00 -2.960000e+01
    endloop
  endfacet
  facet normal -0.000000e+00 0.000000e+00 1.000000e+00
    outer loop
      vertex   -1.503350e+01 -8.407891e+00 -2.960000e+01
      vertex   1.505271e+01 -8.510655e+00 -2.960000e+01
      vertex   1.500055e+01 -8.052272e+00 -2.960000e+01
    endloop
  endfacet
  facet normal 0.000000e+00 0.000000e+00 1.000000e+00
    outer loop
      vertex   -1.503350e+01 -8.407891e+00 -2.960000e+01
      vertex   1.500055e+01 -8.052272e+00 -2.960000e+01
      vertex   -1.500055e+01 -7.947728e+00 -2.960000e+01
    endloop
  endfacet
  facet normal -0.000000e+00 0.000000e+00 1.000000e+00
    outer loop
      vertex   -1.500055e+01 -7.947728e+00 -2.960000e+01
      vertex   1.500055e+01 -8.052272e+00 -2.960000e+01
      vertex   1.503350e+01 -7.592109e+00 -2.960000e+01
    endloop
  endfacet
  facet normal 0.000000e+00 -0.000000e+00 1.000000e+00
    outer loop
      vertex   -1.500055e+01 -7.947728e+00 -2.960000e+01
      vertex   1.503350e+01 -7.592109e+00 -2.960000e+01
      vertex   -1.505271e+01 -7.489345e+00 -2.960000e+01
    endloop
  endfacet
  facet normal -0.000000e+00 0.000000e+00 1.000000e+00
    outer loop
      vertex   -1.505271e+01 -7.489345e+00 -2.960000e+01
      vertex   1.503350e+01 -7.592109e+00 -2.960000e+01
      vertex   1.515045e+01 -7.145835e+00 -2.960000e+01
    endloop
  endfacet
  facet normal 0.000000e+00 -0.000000e+00 1.000000e+00
    outer loop
      vertex   -1.505271e+01 -7.489345e+00 -2.960000e+01
      vertex   1.515045e+01 -7.145835e+00 -2.960000e+01
      vertex   -1.518821e+01 -7.048351e+00 -2.960000e+01
    endloop
  endfacet
  facet normal -0.000000e+00 0.000000e+00 1.000000e+00
    outer loop
      vertex   -1.518821e+01 -7.048351e+00 -2.960000e+01
      vertex   1.515045e+01 -7.145835e+00 -2.960000e+01
      vertex   1.534740e+01 -6.728650e+00 -2.960000e+01
    endloop
  endfacet
  facet normal 0.000000e+00 0.000000e+00 1.000000e+00
    outer loop
      vertex   -1.518821e+01 -7.048351e+00 -2.960000e+01
      vertex   1.534740e+01 -6.728650e+00 -2.960000e+01
      vertex   1.428246e+01 2.112428e+00 -2.960000e+01
    endloop
  endfacet
  facet normal 0.000000e+00 0.000000e+00 1.000000e+00
    outer loop
      vertex   1.428246e+01 2.112428e+00 -2.960000e+01
      vertex   1.534740e+01 -6.728650e+00 -2.960000e+01
      vertex   1.493833e+01 1.115716e+00 -2.960000e+01
    endloop
  endfacet
  facet normal 0.000000e+00 0.000000e+00 1.000000e+00
    outer loop
      vertex   1.493833e+01 1.115716e+00 -2.960000e+01
      vertex   1.534740e+01 -6.728650e+00 -2.960000e+01
      vertex   1.552476e+01 7.662996e-02 -2.960000e+01
    endloop
  endfacet
  facet normal -6.550992e-15 1.707249e-16 1.000000e+00
    outer loop
      vertex   1.552476e+01 7.662996e-02 -2.960000e+01
      vertex   1.534740e+01 -6.728650e+00 -2.960000e+01
      vertex   1.603901e+01 -1.000000e+00 -2.960000e+01
    endloop
  endfacet
  facet normal 1.029992e-15 -7.445153e-16 1.000000e+00
    outer loop
      vertex   1.603901e+01 -1.000000e+00 -2.960000e+01
      vertex   1.534740e+01 -6.728650e+00 -2.960000e+01
      vertex   1.561767e+01 -6.354759e+00 -2.960000e+01
    endloop
  endfacet
  facet normal 6.817279e-16 -7.171115e-16 1.000000e+00
    outer loop
      vertex   1.603901e+01 -1.000000e+00 -2.960000e+01
      vertex   1.561767e+01 -6.354759e+00 -2.960000e+01
      vertex   1.595203e+01 -6.036894e+00 -2.960000e+01
    endloop
  endfacet
  facet normal 4.625814e-16 -7.133269e-16 1.000000e+00
    outer loop
      vertex   1.595203e+01 -6.036894e+00 -2.960000e+01
      vertex   1.633911e+01 -5.785881e+00 -2.960000e+01
      vertex   1.603901e+01 -1.000000e+00 -2.960000e+01
    endloop
  endfacet
  facet normal 2.978924e-16 -7.236534e-16 1.000000e+00
    outer loop
      vertex   1.603901e+01 -1.000000e+00 -2.960000e+01
      vertex   1.633911e+01 -5.785881e+00 -2.960000e+01
      vertex   1.676572e+01 -5.610266e+00 -2.960000e+01
    endloop
  endfacet
  facet normal 1.556762e-16 -7.460705e-16 1.000000e+00
    outer loop
      vertex   1.603901e+01 -1.000000e+00 -2.960000e+01
      vertex   1.676572e+01 -5.610266e+00 -2.960000e+01
      vertex   1.721733e+01 -5.516032e+00 -2.960000e+01
    endloop
  endfacet
  facet normal 1.636304e-17 -7.824198e-16 1.000000e+00
    outer loop
      vertex   1.721733e+01 -5.516032e+00 -2.960000e+01
      vertex   1.767857e+01 -5.506386e+00 -2.960000e+01
      vertex   1.603901e+01 -1.000000e+00 -2.960000e+01
    endloop
  endfacet
  facet normal -1.387218e-16 -8.388443e-16 1.000000e+00
    outer loop
      vertex   1.603901e+01 -1.000000e+00 -2.960000e+01
      vertex   1.767857e+01 -5.506386e+00 -2.960000e+01
      vertex   1.813373e+01 -5.581657e+00 -2.960000e+01
    endloop
  endfacet
  facet normal 3.997334e-31 -7.754212e-16 1.000000e+00
    outer loop
      vertex   1.603901e+01 -1.000000e+00 -2.960000e+01
      vertex   1.813373e+01 -5.581657e+00 -2.960000e+01
      vertex   2.250000e+01 -1.000000e+00 -2.960000e+01
    endloop
  endfacet
  facet normal -2.093643e-16 -5.758993e-16 1.000000e+00
    outer loop
      vertex   2.250000e+01 -1.000000e+00 -2.960000e+01
      vertex   1.813373e+01 -5.581657e+00 -2.960000e+01
      vertex   1.856731e+01 -5.739281e+00 -2.960000e+01
    endloop
  endfacet
  facet normal -4.096777e-16 -4.096777e-16 1.000000e+00
    outer loop
      vertex   2.250000e+01 -1.000000e+00 -2.960000e+01
      vertex   1.856731e+01 -5.739281e+00 -2.960000e+01
      vertex   2.450000e+01 -3.000000e+00 -2.960000e+01
    endloop
  endfacet
  facet normal -3.360899e-16 -5.690531e-16 1.000000e+00
    outer loop
      vertex   2.450000e+01 -3.000000e+00 -2.960000e+01
      vertex   1.856731e+01 -5.739281e+00 -2.960000e+01
      vertex   1.896454e+01 -5.973892e+00 -2.960000e+01
    endloop
  endfacet
  facet normal -3.974882e-16 -4.547694e-16 1.000000e+00
    outer loop
      vertex   2.450000e+01 -3.000000e+00 -2.960000e+01
      vertex   1.896454e+01 -5.973892e+00 -2.960000e+01
      vertex   1.931190e+01 -6.277500e+00 -2.960000e+01
    endloop
  endfacet
  facet normal -4.570871e-16 -3.604276e-16 1.000000e+00
    outer loop
      vertex   1.931190e+01 -6.277500e+00 -2.960000e+01
      vertex   1.959756e+01 -6.639765e+00 -2.960000e+01
      vertex   2.450000e+01 -3.000000e+00 -2.960000e+01
    endloop
  endfacet
  facet normal -5.216279e-16 -2.734969e-16 1.000000e+00
    outer loop
      vertex   2.450000e+01 -3.000000e+00 -2.960000e+01
      vertex   1.959756e+01 -6.639765e+00 -2.960000e+01
      vertex   1.981179e+01 -7.048351e+00 -2.960000e+01
    endloop
  endfacet
  facet normal -5.988930e-16 -1.840196e-16 1.000000e+00
    outer loop
      vertex   2.450000e+01 -3.000000e+00 -2.960000e+01
      vertex   1.981179e+01 -7.048351e+00 -2.960000e+01
      vertex   1.994729e+01 -7.489345e+00 -2.960000e+01
    endloop
  endfacet
  facet normal -7.016201e-16 -7.984265e-17 1.000000e+00
    outer loop
      vertex   1.994729e+01 -7.489345e+00 -2.960000e+01
      vertex   1.999945e+01 -7.947728e+00 -2.960000e+01
      vertex   2.450000e+01 -3.000000e+00 -2.960000e+01
    endloop
  endfacet
  facet normal -7.893960e-16 0.000000e+00 1.000000e+00
    outer loop
      vertex   2.450000e+01 -3.000000e+00 -2.960000e+01
      vertex   1.999945e+01 -7.947728e+00 -2.960000e+01
      vertex   2.450000e+01 -1.300000e+01 -2.960000e+01
    endloop
  endfacet
  facet normal -7.306581e-16 5.232351e-17 1.000000e+00
    outer loop
      vertex   2.450000e+01 -1.300000e+01 -2.960000e+01
      vertex   1.999945e+01 -7.947728e+00 -2.960000e+01
      vertex   1.996650e+01 -8.407891e+00 -2.960000e+01
    endloop
  endfacet
  facet normal -6.192773e-16 1.622828e-16 1.000000e+00
    outer loop
      vertex   2.450000e+01 -1.300000e+01 -2.960000e+01
      vertex   1.996650e+01 -8.407891e+00 -2.960000e+01
      vertex   1.984955e+01 -8.854165e+00 -2.960000e+01
    endloop
  endfacet
  facet normal -5.376593e-16 2.538349e-16 1.000000e+00
    outer loop
      vertex   1.984955e+01 -8.854165e+00 -2.960000e+01
      vertex   1.965260e+01 -9.271350e+00 -2.960000e+01
      vertex   2.450000e+01 -1.300000e+01 -2.960000e+01
    endloop
  endfacet
  facet normal -4.710194e-16 3.404697e-16 1.000000e+00
    outer loop
      vertex   2.450000e+01 -1.300000e+01 -2.960000e+01
      vertex   1.965260e+01 -9.271350e+00 -2.960000e+01
      vertex   1.938233e+01 -9.645241e+00 -2.960000e+01
    endloop
  endfacet
  facet normal -4.108824e-16 4.322083e-16 1.000000e+00
    outer loop
      vertex   2.450000e+01 -1.300000e+01 -2.960000e+01
      vertex   1.938233e+01 -9.645241e+00 -2.960000e+01
      vertex   1.904797e+01 -9.963106e+00 -2.960000e+01
    endloop
  endfacet
  facet normal -3.505359e-16 5.405463e-16 1.000000e+00
    outer loop
      vertex   1.904797e+01 -9.963106e+00 -2.960000e+01
      vertex   1.866089e+01 -1.021412e+01 -2.960000e+01
      vertex   2.450000e+01 -1.300000e+01 -2.960000e+01
    endloop
  endfacet
  facet normal -4.119095e-16 4.119095e-16 1.000000e+00
    outer loop
      vertex   2.450000e+01 -1.300000e+01 -2.960000e+01
      vertex   1.866089e+01 -1.021412e+01 -2.960000e+01
      vertex   2.250000e+01 -1.500000e+01 -2.960000e+01
    endloop
  endfacet
  facet normal 0.000000e+00 0.000000e+00 1.000000e+00
    outer loop
      vertex   2.450000e+01 -1.300000e+01 -2.960000e+01
      vertex   2.250000e+01 -1.500000e+01 -2.960000e+01
      vertex   2.446157e+01 -1.339018e+01 -2.960000e+01
    endloop
  endfacet
  facet normal 0.000000e+00 0.000000e+00 1.000000e+00
    outer loop
      vertex   2.446157e+01 -1.339018e+01 -2.960000e+01
      vertex   2.250000e+01 -1.500000e+01 -2.960000e+01
      vertex   2.434776e+01 -1.376537e+01 -2.960000e+01
    endloop
  endfacet
  facet normal 0.000000e+00 0.000000e+00 1.000000e+00
    outer loop
      vertex   2.434776e+01 -1.376537e+01 -2.960000e+01
      vertex   2.250000e+01 -1.500000e+01 -2.960000e+01
      vertex   2.416294e+01 -1.411114e+01 -2.960000e+01
    endloop
  endfacet
  facet normal 0.000000e+00 0.000000e+00 1.000000e+00
    outer loop
      vertex   2.416294e+01 -1.411114e+01 -2.960000e+01
      vertex   2.250000e+01 -1.500000e+01 -2.960000e+01
      vertex   2.391421e+01 -1.441421e+01 -2.960000e+01
    endloop
  endfacet
  facet normal 0.000000e+00 0.000000e+00 1.000000e+00
    outer loop
      vertex   2.391421e+01 -1.441421e+01 -2.960000e+01
      vertex   2.250000e+01 -1.500000e+01 -2.960000e+01
      vertex   2.361114e+01 -1.466294e+01 -2.960000e+01
    endloop
  endfacet
  facet normal 0.000000e+00 0.000000e+00 1.000000e+00
    outer loop
      vertex   2.361114e+01 -1.466294e+01 -2.960000e+01
      vertex   2.250000e+01 -1.500000e+01 -2.960000e+01
      vertex   2.326537e+01 -1.484776e+01 -2.960000e+01
    endloop
  endfacet
  facet normal 0.000000e+00 0.000000e+00 1.000000e+00
    outer loop
      vertex   2.326537e+01 -1.484776e+01 -2.960000e+01
      vertex   2.250000e+01 -1.500000e+01 -2.960000e+01
      vertex   2.289018e+01 -1.496157e+01 -2.960000e+01
    endloop
  endfacet
  facet normal -2.297234e-16 5.580543e-16 1.000000e+00
    outer loop
      vertex   1.866089e+01 -1.021412e+01 -2.960000e+01
      vertex   1.823428e+01 -1.038973e+01 -2.960000e+01
      vertex   2.250000e+01 -1.500000e+01 -2.960000e+01
    endloop
  endfacet
  facet normal 0.000000e+00 7.706092e-16 1.000000e+00
    outer loop
      vertex   2.250000e+01 -1.500000e+01 -2.960000e+01
      vertex   1.823428e+01 -1.038973e+01 -2.960000e+01
      vertex   1.603901e+01 -1.500000e+01 -2.960000e+01
    endloop
  endfacet
  facet normal -1.785355e-16 8.556224e-16 1.000000e+00
    outer loop
      vertex   1.603901e+01 -1.500000e+01 -2.960000e+01
      vertex   1.823428e+01 -1.038973e+01 -2.960000e+01
      vertex   1.778267e+01 -1.048397e+01 -2.960000e+01
    endloop
  endfacet
  facet normal 0.000000e+00 0.000000e+00 1.000000e+00
    outer loop
      vertex   2.450000e+01 -3.000000e+00 -2.960000e+01
      vertex   2.446157e+01 -2.609819e+00 -2.960000e+01
      vertex   2.250000e+01 -1.000000e+00 -2.960000e+01
    endloop
  endfacet
  facet normal 0.000000e+00 0.000000e+00 1.000000e+00
    outer loop
      vertex   2.250000e+01 -1.000000e+00 -2.960000e+01
      vertex   2.446157e+01 -2.609819e+00 -2.960000e+01
      vertex   2.434776e+01 -2.234633e+00 -2.960000e+01
    endloop
  endfacet
  facet normal 0.000000e+00 0.000000e+00 1.000000e+00
    outer loop
      vertex   2.250000e+01 -1.000000e+00 -2.960000e+01
      vertex   2.434776e+01 -2.234633e+00 -2.960000e+01
      vertex   2.416294e+01 -1.888860e+00 -2.960000e+01
    endloop
  endfacet
  facet normal 0.000000e+00 0.000000e+00 1.000000e+00
    outer loop
      vertex   2.416294e+01 -1.888860e+00 -2.960000e+01
      vertex   2.391421e+01 -1.585786e+00 -2.960000e+01
      vertex   2.250000e+01 -1.000000e+00 -2.960000e+01
    endloop
  endfacet
  facet normal 0.000000e+00 0.000000e+00 1.000000e+00
    outer loop
      vertex   2.250000e+01 -1.000000e+00 -2.960000e+01
      vertex   2.391421e+01 -1.585786e+00 -2.960000e+01
      vertex   2.361114e+01 -1.337061e+00 -2.960000e+01
    endloop
  endfacet
  facet normal 0.000000e+00 0.000000e+00 1.000000e+00
    outer loop
      vertex   2.250000e+01 -1.000000e+00 -2.960000e+01
      vertex   2.361114e+01 -1.337061e+00 -2.960000e+01
      vertex   2.326537e+01 -1.152241e+00 -2.960000e+01
    endloop
  endfacet
  facet normal 0.000000e+00 0.000000e+00 1.000000e+00
    outer loop
      vertex   2.326537e+01 -1.152241e+00 -2.960000e+01
      vertex   2.289018e+01 -1.038429e+00 -2.960000e+01
      vertex   2.250000e+01 -1.000000e+00 -2.960000e+01
    endloop
  endfacet
  facet normal 0.000000e+00 0.000000e+00 1.000000e+00
    outer loop
      vertex   1.356021e+01 3.062132e+00 -2.960000e+01
      vertex   -1.356021e+01 3.062132e+00 -2.960000e+01
      vertex   1.428246e+01 2.112428e+00 -2.960000e+01
    endloop
  endfacet
  facet normal 0.000000e+00 0.000000e+00 1.000000e+00
    outer loop
      vertex   1.428246e+01 2.112428e+00 -2.960000e+01
      vertex   -1.356021e+01 3.062132e+00 -2.960000e+01
      vertex   -1.428246e+01 2.112428e+00 -2.960000e+01
    endloop
  endfacet
  facet normal 0.000000e+00 0.000000e+00 1.000000e+00
    outer loop
      vertex   1.428246e+01 2.112428e+00 -2.960000e+01
      vertex   -1.428246e+01 2.112428e+00 -2.960000e+01
      vertex   -1.518821e+01 -7.048351e+00 -2.960000e+01
    endloop
  endfacet
  facet normal 0.000000e+00 0.000000e+00 1.000000e+00
    outer loop
      vertex   -1.518821e+01 -7.048351e+00 -2.960000e+01
      vertex   -1.428246e+01 2.112428e+00 -2.960000e+01
      vertex   -1.493833e+01 1.115716e+00 -2.960000e+01
    endloop
  endfacet
  facet normal 0.000000e+00 -0.000000e+00 1.000000e+00
    outer loop
      vertex   -1.518821e+01 -7.048351e+00 -2.960000e+01
      vertex   -1.493833e+01 1.115716e+00 -2.960000e+01
      vertex   -1.540244e+01 -6.639765e+00 -2.960000e+01
    endloop
  endfacet
  facet normal 0.000000e+00 -0.000000e+00 1.000000e+00
    outer loop
      vertex   -1.540244e+01 -6.639765e+00 -2.960000e+01
      vertex   -1.493833e+01 1.115716e+00 -2.960000e+01
      vertex   -1.552476e+01 7.662996e-02 -2.960000e+01
    endloop
  endfacet
  facet normal 6.654690e-15 1.211927e-16 1.000000e+00
    outer loop
      vertex   -1.540244e+01 -6.639765e+00 -2.960000e+01
      vertex   -1.552476e+01 7.662996e-02 -2.960000e+01
      vertex   -1.603901e+01 -1.000000e+00 -2.960000e+01
    endloop
  endfacet
  facet normal -0.000000e+00 0.000000e+00 1.000000e+00
    outer loop
      vertex   -1.356021e+01 3.062132e+00 -2.960000e+01
      vertex   1.356021e+01 3.062132e+00 -2.960000e+01
      vertex   -1.277492e+01 3.960415e+00 -2.960000e+01
    endloop
  endfacet
  facet normal 0.000000e+00 0.000000e+00 1.000000e+00
    outer loop
      vertex   -1.277492e+01 3.960415e+00 -2.960000e+01
      vertex   1.356021e+01 3.062132e+00 -2.960000e+01
      vertex   1.277492e+01 3.960415e+00 -2.960000e+01
    endloop
  endfacet
  facet normal -0.000000e+00 0.000000e+00 1.000000e+00
    outer loop
      vertex   -1.277492e+01 3.960415e+00 -2.960000e+01
      vertex   1.277492e+01 3.960415e+00 -2.960000e+01
      vertex   -1.193024e+01 4.803100e+00 -2.960000e+01
    endloop
  endfacet
  facet normal 0.000000e+00 0.000000e+00 1.000000e+00
    outer loop
      vertex   -1.193024e+01 4.803100e+00 -2.960000e+01
      vertex   1.277492e+01 3.960415e+00 -2.960000e+01
      vertex   1.193024e+01 4.803100e+00 -2.960000e+01
    endloop
  endfacet
  facet normal -0.000000e+00 0.000000e+00 1.000000e+00
    outer loop
      vertex   -1.193024e+01 4.803100e+00 -2.960000e+01
      vertex   1.193024e+01 4.803100e+00 -2.960000e+01
      vertex   -1.103011e+01 5.586270e+00 -2.960000e+01
    endloop
  endfacet
  facet normal 0.000000e+00 0.000000e+00 1.000000e+00
    outer loop
      vertex   -1.103011e+01 5.586270e+00 -2.960000e+01
      vertex   1.193024e+01 4.803100e+00 -2.960000e+01
      vertex   1.103011e+01 5.586270e+00 -2.960000e+01
    endloop
  endfacet
  facet normal -0.000000e+00 0.000000e+00 1.000000e+00
    outer loop
      vertex   -1.103011e+01 5.586270e+00 -2.960000e+01
      vertex   1.103011e+01 5.586270e+00 -2.960000e+01
      vertex   -1.007870e+01 6.306284e+00 -2.960000e+01
    endloop
  endfacet
  facet normal -0.000000e+00 0.000000e+00 1.000000e+00
    outer loop
      vertex   -1.007870e+01 6.306284e+00 -2.960000e+01
      vertex   1.103011e+01 5.586270e+00 -2.960000e+01
      vertex   1.007870e+01 6.306284e+00 -2.960000e+01
    endloop
  endfacet
  facet normal 0.000000e+00 0.000000e+00 1.000000e+00
    outer loop
      vertex   -1.007870e+01 6.306284e+00 -2.960000e+01
      vertex   1.007870e+01 6.306284e+00 -2.960000e+01
      vertex   -9.080445e+00 6.959797e+00 -2.960000e+01
    endloop
  endfacet
  facet normal 0.000000e+00 0.000000e+00 1.000000e+00
    outer loop
      vertex   -9.080445e+00 6.959797e+00 -2.960000e+01
      vertex   1.007870e+01 6.306284e+00 -2.960000e+01
      vertex   9.080445e+00 6.959797e+00 -2.960000e+01
    endloop
  endfacet
  facet normal -0.000000e+00 0.000000e+00 1.000000e+00
    outer loop
      vertex   -9.080445e+00 6.959797e+00 -2.960000e+01
      vertex   9.080445e+00 6.959797e+00 -2.960000e+01
      vertex   -8.039979e+00 7.543769e+00 -2.960000e+01
    endloop
  endfacet
  facet normal 0.000000e+00 0.000000e+00 1.000000e+00
    outer loop
      vertex   -8.039979e+00 7.543769e+00 -2.960000e+01
      vertex   9.080445e+00 6.959797e+00 -2.960000e+01
      vertex   8.039979e+00 7.543769e+00 -2.960000e+01
    endloop
  endfacet
  facet normal -0.000000e+00 0.000000e+00 1.000000e+00
    outer loop
      vertex   -8.039979e+00 7.543769e+00 -2.960000e+01
      vertex   8.039979e+00 7.543769e+00 -2.960000e+01
      vertex   -6.962138e+00 8.055486e+00 -2.960000e+01
    endloop
  endfacet
  facet normal -0.000000e+00 0.000000e+00 1.000000e+00
    outer loop
      vertex   -6.962138e+00 8.055486e+00 -2.960000e+01
      vertex   8.039979e+00 7.543769e+00 -2.960000e+01
      vertex   6.962138e+00 8.055486e+00 -2.960000e+01
    endloop
  endfacet
  facet normal 0.000000e+00 0.000000e+00 1.000000e+00
    outer loop
      vertex   -6.962138e+00 8.055486e+00 -2.960000e+01
      vertex   6.962138e+00 8.055486e+00 -2.960000e+01
      vertex   -5.851935e+00 8.492570e+00 -2.960000e+01
    endloop
  endfacet
  facet normal -0.000000e+00 0.000000e+00 1.000000e+00
    outer loop
      vertex   -5.851935e+00 8.492570e+00 -2.960000e+01
      vertex   6.962138e+00 8.055486e+00 -2.960000e+01
      vertex   5.851935e+00 8.492570e+00 -2.960000e+01
    endloop
  endfacet
  facet normal 0.000000e+00 0.000000e+00 1.000000e+00
    outer loop
      vertex   -5.851935e+00 8.492570e+00 -2.960000e+01
      vertex   5.851935e+00 8.492570e+00 -2.960000e+01
      vertex   -4.714529e+00 8.852988e+00 -2.960000e+01
    endloop
  endfacet
  facet normal 0.000000e+00 0.000000e+00 1.000000e+00
    outer loop
      vertex   -4.714529e+00 8.852988e+00 -2.960000e+01
      vertex   5.851935e+00 8.492570e+00 -2.960000e+01
      vertex   4.714529e+00 8.852988e+00 -2.960000e+01
    endloop
  endfacet
  facet normal -0.000000e+00 0.000000e+00 1.000000e+00
    outer loop
      vertex   -4.714529e+00 8.852988e+00 -2.960000e+01
      vertex   4.714529e+00 8.852988e+00 -2.960000e+01
      vertex   -3.555207e+00 9.135066e+00 -2.960000e+01
    endloop
  endfacet
  facet normal 0.000000e+00 0.000000e+00 1.000000e+00
    outer loop
      vertex   -3.555207e+00 9.135066e+00 -2.960000e+01
      vertex   4.714529e+00 8.852988e+00 -2.960000e+01
      vertex   3.555207e+00 9.135066e+00 -2.960000e+01
    endloop
  endfacet
  facet normal -0.000000e+00 0.000000e+00 1.000000e+00
    outer loop
      vertex   -3.555207e+00 9.135066e+00 -2.960000e+01
      vertex   3.555207e+00 9.135066e+00 -2.960000e+01
      vertex   -2.379359e+00 9.337493e+00 -2.960000e+01
    endloop
  endfacet
  facet normal -0.000000e+00 0.000000e+00 1.000000e+00
    outer loop
      vertex   -2.379359e+00 9.337493e+00 -2.960000e+01
      vertex   3.555207e+00 9.135066e+00 -2.960000e+01
      vertex   2.379359e+00 9.337493e+00 -2.960000e+01
    endloop
  endfacet
  facet normal 0.000000e+00 0.000000e+00 1.000000e+00
    outer loop
      vertex   -2.379359e+00 9.337493e+00 -2.960000e+01
      vertex   2.379359e+00 9.337493e+00 -2.960000e+01
      vertex   -1.192451e+00 9.459326e+00 -2.960000e+01
    endloop
  endfacet
  facet normal -0.000000e+00 0.000000e+00 1.000000e+00
    outer loop
      vertex   -1.192451e+00 9.459326e+00 -2.960000e+01
      vertex   2.379359e+00 9.337493e+00 -2.960000e+01
      vertex   1.192451e+00 9.459326e+00 -2.960000e+01
    endloop
  endfacet
  facet normal 0.000000e+00 0.000000e+00 1.000000e+00
    outer loop
      vertex   -1.192451e+00 9.459326e+00 -2.960000e+01
      vertex   1.192451e+00 9.459326e+00 -2.960000e+01
      vertex   0.000000e+00 9.500000e+00 -2.960000e+01
    endloop
  endfacet
  facet normal 5.296703e-32 -7.706092e-16 1.000000e+00
    outer loop
      vertex   -2.250000e+01 -1.000000e+00 -2.960000e+01
      vertex   -1.823428e+01 -5.610266e+00 -2.960000e+01
      vertex   -1.603901e+01 -1.000000e+00 -2.960000e+01
    endloop
  endfacet
  facet normal 1.785355e-16 -8.556224e-16 1.000000e+00
    outer loop
      vertex   -1.603901e+01 -1.000000e+00 -2.960000e+01
      vertex   -1.823428e+01 -5.610266e+00 -2.960000e+01
      vertex   -1.778267e+01 -5.516032e+00 -2.960000e+01
    endloop
  endfacet
  facet normal -7.748627e-15 2.205081e-15 1.000000e+00
    outer loop
      vertex   -1.603901e+01 -1.000000e+00 -2.960000e+01
      vertex   -1.778267e+01 -5.516032e+00 -2.960000e+01
      vertex   -1.732143e+01 -5.506386e+00 -2.960000e+01
    endloop
  endfacet
  facet normal -0.000000e+00 0.000000e+00 1.000000e+00
    outer loop
      vertex   -2.289018e+01 -1.038429e+00 -2.960000e+01
      vertex   -2.326537e+01 -1.152241e+00 -2.960000e+01
      vertex   -2.250000e+01 -1.000000e+00 -2.960000e+01
    endloop
  endfacet
  facet normal 0.000000e+00 0.000000e+00 1.000000e+00
    outer loop
      vertex   -2.250000e+01 -1.000000e+00 -2.960000e+01
      vertex   -2.326537e+01 -1.152241e+00 -2.960000e+01
      vertex   -2.361114e+01 -1.337061e+00 -2.960000e+01
    endloop
  endfacet
  facet normal 0.000000e+00 0.000000e+00 1.000000e+00
    outer loop
      vertex   -2.250000e+01 -1.000000e+00 -2.960000e+01
      vertex   -2.361114e+01 -1.337061e+00 -2.960000e+01
      vertex   -2.391421e+01 -1.585786e+00 -2.960000e+01
    endloop
  endfacet
  facet normal -0.000000e+00 0.000000e+00 1.000000e+00
    outer loop
      vertex   -2.391421e+01 -1.585786e+00 -2.960000e+01
      vertex   -2.416294e+01 -1.888860e+00 -2.960000e+01
      vertex   -2.250000e+01 -1.000000e+00 -2.960000e+01
    endloop
  endfacet
  facet normal 0.000000e+00 0.000000e+00 1.000000e+00
    outer loop
      vertex   -2.250000e+01 -1.000000e+00 -2.960000e+01
      vertex   -2.416294e+01 -1.888860e+00 -2.960000e+01
      vertex   -2.434776e+01 -2.234633e+00 -2.960000e+01
    endloop
  endfacet
  facet normal 0.000000e+00 0.000000e+00 1.000000e+00
    outer loop
      vertex   -2.250000e+01 -1.000000e+00 -2.960000e+01
      vertex   -2.434776e+01 -2.234633e+00 -2.960000e+01
      vertex   -2.446157e+01 -2.609819e+00 -2.960000e+01
    endloop
  endfacet
  facet normal -0.000000e+00 0.000000e+00 1.000000e+00
    outer loop
      vertex   -2.446157e+01 -2.609819e+00 -2.960000e+01
      vertex   -2.450000e+01 -3.000000e+00 -2.960000e+01
      vertex   -2.250000e+01 -1.000000e+00 -2.960000e+01
    endloop
  endfacet
  facet normal 4.119095e-16 -4.119095e-16 1.000000e+00
    outer loop
      vertex   -2.250000e+01 -1.000000e+00 -2.960000e+01
      vertex   -2.450000e+01 -3.000000e+00 -2.960000e+01
      vertex   -1.866089e+01 -5.785881e+00 -2.960000e+01
    endloop
  endfacet
  facet normal 2.297234e-16 -5.580543e-16 1.000000e+00
    outer loop
      vertex   -2.250000e+01 -1.000000e+00 -2.960000e+01
      vertex   -1.866089e+01 -5.785881e+00 -2.960000e+01
      vertex   -1.823428e+01 -5.610266e+00 -2.960000e+01
    endloop
  endfacet
  facet normal 7.893960e-16 -0.000000e+00 1.000000e+00
    outer loop
      vertex   -2.450000e+01 -1.300000e+01 -2.960000e+01
      vertex   -1.999945e+01 -8.052272e+00 -2.960000e+01
      vertex   -2.450000e+01 -3.000000e+00 -2.960000e+01
    endloop
  endfacet
  facet normal 7.306581e-16 -5.232351e-17 1.000000e+00
    outer loop
      vertex   -2.450000e+01 -3.000000e+00 -2.960000e+01
      vertex   -1.999945e+01 -8.052272e+00 -2.960000e+01
      vertex   -1.996650e+01 -7.592109e+00 -2.960000e+01
    endloop
  endfacet
  facet normal 6.192773e-16 -1.622828e-16 1.000000e+00
    outer loop
      vertex   -2.450000e+01 -3.000000e+00 -2.960000e+01
      vertex   -1.996650e+01 -7.592109e+00 -2.960000e+01
      vertex   -1.984955e+01 -7.145835e+00 -2.960000e+01
    endloop
  endfacet
  facet normal -0.000000e+00 -0.000000e+00 1.000000e+00
    outer loop
      vertex   -2.446157e+01 -1.339018e+01 -2.960000e+01
      vertex   -2.250000e+01 -1.500000e+01 -2.960000e+01
      vertex   -2.450000e+01 -1.300000e+01 -2.960000e+01
    endloop
  endfacet
  facet normal 4.096777e-16 4.096777e-16 1.000000e+00
    outer loop
      vertex   -2.450000e+01 -1.300000e+01 -2.960000e+01
      vertex   -2.250000e+01 -1.500000e+01 -2.960000e+01
      vertex   -1.856731e+01 -1.026072e+01 -2.960000e+01
    endloop
  endfacet
  facet normal 3.360899e-16 5.690531e-16 1.000000e+00
    outer loop
      vertex   -2.450000e+01 -1.300000e+01 -2.960000e+01
      vertex   -1.856731e+01 -1.026072e+01 -2.960000e+01
      vertex   -1.896454e+01 -1.002611e+01 -2.960000e+01
    endloop
  endfacet
  facet normal 0.000000e+00 0.000000e+00 1.000000e+00
    outer loop
      vertex   -2.446157e+01 -1.339018e+01 -2.960000e+01
      vertex   -2.434776e+01 -1.376537e+01 -2.960000e+01
      vertex   -2.250000e+01 -1.500000e+01 -2.960000e+01
    endloop
  endfacet
  facet normal 0.000000e+00 0.000000e+00 1.000000e+00
    outer loop
      vertex   -2.250000e+01 -1.500000e+01 -2.960000e+01
      vertex   -2.434776e+01 -1.376537e+01 -2.960000e+01
      vertex   -2.416294e+01 -1.411114e+01 -2.960000e+01
    endloop
  endfacet
  facet normal 0.000000e+00 0.000000e+00 1.000000e+00
    outer loop
      vertex   -2.250000e+01 -1.500000e+01 -2.960000e+01
      vertex   -2.416294e+01 -1.411114e+01 -2.960000e+01
      vertex   -2.391421e+01 -1.441421e+01 -2.960000e+01
    endloop
  endfacet
  facet normal 0.000000e+00 0.000000e+00 1.000000e+00
    outer loop
      vertex   -2.391421e+01 -1.441421e+01 -2.960000e+01
      vertex   -2.361114e+01 -1.466294e+01 -2.960000e+01
      vertex   -2.250000e+01 -1.500000e+01 -2.960000e+01
    endloop
  endfacet
  facet normal 0.000000e+00 0.000000e+00 1.000000e+00
    outer loop
      vertex   -2.250000e+01 -1.500000e+01 -2.960000e+01
      vertex   -2.361114e+01 -1.466294e+01 -2.960000e+01
      vertex   -2.326537e+01 -1.484776e+01 -2.960000e+01
    endloop
  endfacet
  facet normal 0.000000e+00 0.000000e+00 1.000000e+00
    outer loop
      vertex   -2.250000e+01 -1.500000e+01 -2.960000e+01
      vertex   -2.326537e+01 -1.484776e+01 -2.960000e+01
      vertex   -2.289018e+01 -1.496157e+01 -2.960000e+01
    endloop
  endfacet
  facet normal 2.093643e-16 5.758993e-16 1.000000e+00
    outer loop
      vertex   -1.856731e+01 -1.026072e+01 -2.960000e+01
      vertex   -2.250000e+01 -1.500000e+01 -2.960000e+01
      vertex   -1.813373e+01 -1.041834e+01 -2.960000e+01
    endloop
  endfacet
  facet normal 0.000000e+00 7.754212e-16 1.000000e+00
    outer loop
      vertex   -1.813373e+01 -1.041834e+01 -2.960000e+01
      vertex   -2.250000e+01 -1.500000e+01 -2.960000e+01
      vertex   -1.603901e+01 -1.500000e+01 -2.960000e+01
    endloop
  endfacet
  facet normal 1.387218e-16 8.388443e-16 1.000000e+00
    outer loop
      vertex   -1.813373e+01 -1.041834e+01 -2.960000e+01
      vertex   -1.603901e+01 -1.500000e+01 -2.960000e+01
      vertex   -1.767857e+01 -1.049361e+01 -2.960000e+01
    endloop
  endfacet
  facet normal -1.636304e-17 7.824198e-16 1.000000e+00
    outer loop
      vertex   -1.767857e+01 -1.049361e+01 -2.960000e+01
      vertex   -1.603901e+01 -1.500000e+01 -2.960000e+01
      vertex   -1.721733e+01 -1.048397e+01 -2.960000e+01
    endloop
  endfacet
  facet normal -1.556762e-16 7.460705e-16 1.000000e+00
    outer loop
      vertex   -1.721733e+01 -1.048397e+01 -2.960000e+01
      vertex   -1.603901e+01 -1.500000e+01 -2.960000e+01
      vertex   -1.676572e+01 -1.038973e+01 -2.960000e+01
    endloop
  endfacet
  facet normal -2.978924e-16 7.236534e-16 1.000000e+00
    outer loop
      vertex   -1.676572e+01 -1.038973e+01 -2.960000e+01
      vertex   -1.603901e+01 -1.500000e+01 -2.960000e+01
      vertex   -1.633911e+01 -1.021412e+01 -2.960000e+01
    endloop
  endfacet
  facet normal -4.625814e-16 7.133269e-16 1.000000e+00
    outer loop
      vertex   -1.633911e+01 -1.021412e+01 -2.960000e+01
      vertex   -1.603901e+01 -1.500000e+01 -2.960000e+01
      vertex   -1.595203e+01 -9.963106e+00 -2.960000e+01
    endloop
  endfacet
  facet normal 0.000000e+00 -0.000000e+00 1.000000e+00
    outer loop
      vertex   -1.356021e+01 -1.906213e+01 -2.960000e+01
      vertex   1.356021e+01 -1.906213e+01 -2.960000e+01
      vertex   -1.428246e+01 -1.811243e+01 -2.960000e+01
    endloop
  endfacet
  facet normal -0.000000e+00 0.000000e+00 1.000000e+00
    outer loop
      vertex   -1.428246e+01 -1.811243e+01 -2.960000e+01
      vertex   1.356021e+01 -1.906213e+01 -2.960000e+01
      vertex   1.428246e+01 -1.811243e+01 -2.960000e+01
    endloop
  endfacet
  facet normal 0.000000e+00 0.000000e+00 1.000000e+00
    outer loop
      vertex   -1.428246e+01 -1.811243e+01 -2.960000e+01
      vertex   1.428246e+01 -1.811243e+01 -2.960000e+01
      vertex   1.518821e+01 -8.951649e+00 -2.960000e+01
    endloop
  endfacet
  facet normal 0.000000e+00 0.000000e+00 1.000000e+00
    outer loop
      vertex   1.518821e+01 -8.951649e+00 -2.960000e+01
      vertex   1.428246e+01 -1.811243e+01 -2.960000e+01
      vertex   1.493833e+01 -1.711572e+01 -2.960000e+01
    endloop
  endfacet
  facet normal 0.000000e+00 0.000000e+00 1.000000e+00
    outer loop
      vertex   1.356021e+01 -1.906213e+01 -2.960000e+01
      vertex   -1.356021e+01 -1.906213e+01 -2.960000e+01
      vertex   1.277492e+01 -1.996041e+01 -2.960000e+01
    endloop
  endfacet
  facet normal 0.000000e+00 0.000000e+00 1.000000e+00
    outer loop
      vertex   1.277492e+01 -1.996041e+01 -2.960000e+01
      vertex   -1.356021e+01 -1.906213e+01 -2.960000e+01
      vertex   -1.277492e+01 -1.996041e+01 -2.960000e+01
    endloop
  endfacet
  facet normal 0.000000e+00 0.000000e+00 1.000000e+00
    outer loop
      vertex   1.277492e+01 -1.996041e+01 -2.960000e+01
      vertex   -1.277492e+01 -1.996041e+01 -2.960000e+01
      vertex   1.193024e+01 -2.080310e+01 -2.960000e+01
    endloop
  endfacet
  facet normal 0.000000e+00 0.000000e+00 1.000000e+00
    outer loop
      vertex   1.193024e+01 -2.080310e+01 -2.960000e+01
      vertex   -1.277492e+01 -1.996041e+01 -2.960000e+01
      vertex   -1.193024e+01 -2.080310e+01 -2.960000e+01
    endloop
  endfacet
  facet normal 0.000000e+00 0.000000e+00 1.000000e+00
    outer loop
      vertex   1.193024e+01 -2.080310e+01 -2.960000e+01
      vertex   -1.193024e+01 -2.080310e+01 -2.960000e+01
      vertex   1.103011e+01 -2.158627e+01 -2.960000e+01
    endloop
  endfacet
  facet normal 0.000000e+00 0.000000e+00 1.000000e+00
    outer loop
      vertex   1.103011e+01 -2.158627e+01 -2.960000e+01
      vertex   -1.193024e+01 -2.080310e+01 -2.960000e+01
      vertex   -1.103011e+01 -2.158627e+01 -2.960000e+01
    endloop
  endfacet
  facet normal 0.000000e+00 0.000000e+00 1.000000e+00
    outer loop
      vertex   1.103011e+01 -2.158627e+01 -2.960000e+01
      vertex   -1.103011e+01 -2.158627e+01 -2.960000e+01
      vertex   1.007870e+01 -2.230628e+01 -2.960000e+01
    endloop
  endfacet
  facet normal 0.000000e+00 0.000000e+00 1.000000e+00
    outer loop
      vertex   1.007870e+01 -2.230628e+01 -2.960000e+01
      vertex   -1.103011e+01 -2.158627e+01 -2.960000e+01
      vertex   -1.007870e+01 -2.230628e+01 -2.960000e+01
    endloop
  endfacet
  facet normal 0.000000e+00 0.000000e+00 1.000000e+00
    outer loop
      vertex   1.007870e+01 -2.230628e+01 -2.960000e+01
      vertex   -1.007870e+01 -2.230628e+01 -2.960000e+01
      vertex   9.080445e+00 -2.295980e+01 -2.960000e+01
    endloop
  endfacet
  facet normal 0.000000e+00 0.000000e+00 1.000000e+00
    outer loop
      vertex   9.080445e+00 -2.295980e+01 -2.960000e+01
      vertex   -1.007870e+01 -2.230628e+01 -2.960000e+01
      vertex   -9.080445e+00 -2.295980e+01 -2.960000e+01
    endloop
  endfacet
  facet normal 0.000000e+00 0.000000e+00 1.000000e+00
    outer loop
      vertex   9.080445e+00 -2.295980e+01 -2.960000e+01
      vertex   -9.080445e+00 -2.295980e+01 -2.960000e+01
      vertex   8.039979e+00 -2.354377e+01 -2.960000e+01
    endloop
  endfacet
  facet normal 0.000000e+00 0.000000e+00 1.000000e+00
    outer loop
      vertex   8.039979e+00 -2.354377e+01 -2.960000e+01
      vertex   -9.080445e+00 -2.295980e+01 -2.960000e+01
      vertex   -8.039979e+00 -2.354377e+01 -2.960000e+01
    endloop
  endfacet
  facet normal 0.000000e+00 0.000000e+00 1.000000e+00
    outer loop
      vertex   8.039979e+00 -2.354377e+01 -2.960000e+01
      vertex   -8.039979e+00 -2.354377e+01 -2.960000e+01
      vertex   6.962138e+00 -2.405549e+01 -2.960000e+01
    endloop
  endfacet
  facet normal 0.000000e+00 0.000000e+00 1.000000e+00
    outer loop
      vertex   6.962138e+00 -2.405549e+01 -2.960000e+01
      vertex   -8.039979e+00 -2.354377e+01 -2.960000e+01
      vertex   -6.962138e+00 -2.405549e+01 -2.960000e+01
    endloop
  endfacet
  facet normal 0.000000e+00 0.000000e+00 1.000000e+00
    outer loop
      vertex   6.962138e+00 -2.405549e+01 -2.960000e+01
      vertex   -6.962138e+00 -2.405549e+01 -2.960000e+01
      vertex   5.851935e+00 -2.449257e+01 -2.960000e+01
    endloop
  endfacet
  facet normal 0.000000e+00 0.000000e+00 1.000000e+00
    outer loop
      vertex   5.851935e+00 -2.449257e+01 -2.960000e+01
      vertex   -6.962138e+00 -2.405549e+01 -2.960000e+01
      vertex   -5.851935e+00 -2.449257e+01 -2.960000e+01
    endloop
  endfacet
  facet normal 0.000000e+00 0.000000e+00 1.000000e+00
    outer loop
      vertex   5.851935e+00 -2.449257e+01 -2.960000e+01
      vertex   -5.851935e+00 -2.449257e+01 -2.960000e+01
      vertex   4.714529e+00 -2.485299e+01 -2.960000e+01
    endloop
  endfacet
  facet normal 0.000000e+00 0.000000e+00 1.000000e+00
    outer loop
      vertex   4.714529e+00 -2.485299e+01 -2.960000e+01
      vertex   -5.851935e+00 -2.449257e+01 -2.960000e+01
      vertex   -4.714529e+00 -2.485299e+01 -2.960000e+01
    endloop
  endfacet
  facet normal 0.000000e+00 0.000000e+00 1.000000e+00
    outer loop
      vertex   4.714529e+00 -2.485299e+01 -2.960000e+01
      vertex   -4.714529e+00 -2.485299e+01 -2.960000e+01
      vertex   3.555207e+00 -2.513507e+01 -2.960000e+01
    endloop
  endfacet
  facet normal 0.000000e+00 0.000000e+00 1.000000e+00
    outer loop
      vertex   3.555207e+00 -2.513507e+01 -2.960000e+01
      vertex   -4.714529e+00 -2.485299e+01 -2.960000e+01
      vertex   -3.555207e+00 -2.513507e+01 -2.960000e+01
    endloop
  endfacet
  facet normal 0.000000e+00 0.000000e+00 1.000000e+00
    outer loop
      vertex   3.555207e+00 -2.513507e+01 -2.960000e+01
      vertex   -3.555207e+00 -2.513507e+01 -2.960000e+01
      vertex   2.379359e+00 -2.533749e+01 -2.960000e+01
    endloop
  endfacet
  facet normal 0.000000e+00 0.000000e+00 1.000000e+00
    outer loop
      vertex   2.379359e+00 -2.533749e+01 -2.960000e+01
      vertex   -3.555207e+00 -2.513507e+01 -2.960000e+01
      vertex   -2.379359e+00 -2.533749e+01 -2.960000e+01
    endloop
  endfacet
  facet normal 0.000000e+00 0.000000e+00 1.000000e+00
    outer loop
      vertex   2.379359e+00 -2.533749e+01 -2.960000e+01
      vertex   -2.379359e+00 -2.533749e+01 -2.960000e+01
      vertex   1.192451e+00 -2.545933e+01 -2.960000e+01
    endloop
  endfacet
  facet normal 0.000000e+00 0.000000e+00 1.000000e+00
    outer loop
      vertex   1.192451e+00 -2.545933e+01 -2.960000e+01
      vertex   -2.379359e+00 -2.533749e+01 -2.960000e+01
      vertex   -1.192451e+00 -2.545933e+01 -2.960000e+01
    endloop
  endfacet
  facet normal 0.000000e+00 0.000000e+00 1.000000e+00
    outer loop
      vertex   1.192451e+00 -2.545933e+01 -2.960000e+01
      vertex   -1.192451e+00 -2.545933e+01 -2.960000e+01
      vertex   0.000000e+00 -2.550000e+01 -2.960000e+01
    endloop
  endfacet
  facet normal 7.454596e-15 -2.121407e-15 1.000000e+00
    outer loop
      vertex   -1.732143e+01 -5.506386e+00 -2.960000e+01
      vertex   -1.686627e+01 -5.581657e+00 -2.960000e+01
      vertex   -1.603901e+01 -1.000000e+00 -2.960000e+01
    endloop
  endfacet
  facet normal -2.645350e-16 -7.276574e-16 1.000000e+00
    outer loop
      vertex   -1.603901e+01 -1.000000e+00 -2.960000e+01
      vertex   -1.686627e+01 -5.581657e+00 -2.960000e+01
      vertex   -1.643269e+01 -5.739281e+00 -2.960000e+01
    endloop
  endfacet
  facet normal -4.220365e-16 -7.145743e-16 1.000000e+00
    outer loop
      vertex   -1.603901e+01 -1.000000e+00 -2.960000e+01
      vertex   -1.643269e+01 -5.739281e+00 -2.960000e+01
      vertex   -1.603546e+01 -5.973892e+00 -2.960000e+01
    endloop
  endfacet
  facet normal -6.246956e-16 -7.147193e-16 1.000000e+00
    outer loop
      vertex   -1.603546e+01 -5.973892e+00 -2.960000e+01
      vertex   -1.568810e+01 -6.277500e+00 -2.960000e+01
      vertex   -1.603901e+01 -1.000000e+00 -2.960000e+01
    endloop
  endfacet
  facet normal -9.323343e-16 -7.351751e-16 1.000000e+00
    outer loop
      vertex   -1.603901e+01 -1.000000e+00 -2.960000e+01
      vertex   -1.568810e+01 -6.277500e+00 -2.960000e+01
      vertex   -1.540244e+01 -6.639765e+00 -2.960000e+01
    endloop
  endfacet
  facet normal 3.974882e-16 4.547694e-16 1.000000e+00
    outer loop
      vertex   -1.896454e+01 -1.002611e+01 -2.960000e+01
      vertex   -1.931190e+01 -9.722500e+00 -2.960000e+01
      vertex   -2.450000e+01 -1.300000e+01 -2.960000e+01
    endloop
  endfacet
  facet normal 4.570871e-16 3.604276e-16 1.000000e+00
    outer loop
      vertex   -2.450000e+01 -1.300000e+01 -2.960000e+01
      vertex   -1.931190e+01 -9.722500e+00 -2.960000e+01
      vertex   -1.959756e+01 -9.360235e+00 -2.960000e+01
    endloop
  endfacet
  facet normal 5.216279e-16 2.734969e-16 1.000000e+00
    outer loop
      vertex   -2.450000e+01 -1.300000e+01 -2.960000e+01
      vertex   -1.959756e+01 -9.360235e+00 -2.960000e+01
      vertex   -1.981179e+01 -8.951649e+00 -2.960000e+01
    endloop
  endfacet
  facet normal 5.988930e-16 1.840196e-16 1.000000e+00
    outer loop
      vertex   -1.981179e+01 -8.951649e+00 -2.960000e+01
      vertex   -1.994729e+01 -8.510655e+00 -2.960000e+01
      vertex   -2.450000e+01 -1.300000e+01 -2.960000e+01
    endloop
  endfacet
  facet normal 7.016201e-16 7.984265e-17 1.000000e+00
    outer loop
      vertex   -2.450000e+01 -1.300000e+01 -2.960000e+01
      vertex   -1.994729e+01 -8.510655e+00 -2.960000e+01
      vertex   -1.999945e+01 -8.052272e+00 -2.960000e+01
    endloop
  endfacet
  facet normal 5.376593e-16 -2.538349e-16 1.000000e+00
    outer loop
      vertex   -1.984955e+01 -7.145835e+00 -2.960000e+01
      vertex   -1.965260e+01 -6.728650e+00 -2.960000e+01
      vertex   -2.450000e+01 -3.000000e+00 -2.960000e+01
    endloop
  endfacet
  facet normal 4.710194e-16 -3.404697e-16 1.000000e+00
    outer loop
      vertex   -2.450000e+01 -3.000000e+00 -2.960000e+01
      vertex   -1.965260e+01 -6.728650e+00 -2.960000e+01
      vertex   -1.938233e+01 -6.354759e+00 -2.960000e+01
    endloop
  endfacet
  facet normal 4.108824e-16 -4.322083e-16 1.000000e+00
    outer loop
      vertex   -2.450000e+01 -3.000000e+00 -2.960000e+01
      vertex   -1.938233e+01 -6.354759e+00 -2.960000e+01
      vertex   -1.904797e+01 -6.036894e+00 -2.960000e+01
    endloop
  endfacet
  facet normal 3.505359e-16 -5.405463e-16 1.000000e+00
    outer loop
      vertex   -1.904797e+01 -6.036894e+00 -2.960000e+01
      vertex   -1.866089e+01 -5.785881e+00 -2.960000e+01
      vertex   -2.450000e+01 -3.000000e+00 -2.960000e+01
    endloop
  endfacet
endsolid
