solid ASCII
  facet normal -1.000000e+00 0.000000e+00 0.000000e+00
    outer loop
      vertex   1.580000e+02 -1.711400e+02 3.000000e+00
      vertex   1.580000e+02 -1.711400e+02 8.000000e+00
      vertex   1.580000e+02 -1.691400e+02 3.000000e+00
    endloop
  endfacet
  facet normal -1.000000e+00 0.000000e+00 0.000000e+00
    outer loop
      vertex   1.580000e+02 -1.691400e+02 3.000000e+00
      vertex   1.580000e+02 -1.711400e+02 8.000000e+00
      vertex   1.580000e+02 -1.691400e+02 8.000000e+00
    endloop
  endfacet
  facet normal 0.000000e+00 0.000000e+00 -1.000000e+00
    outer loop
      vertex   1.580000e+02 -1.711400e+02 8.000000e+00
      vertex   1.490000e+02 -1.711400e+02 8.000000e+00
      vertex   1.580000e+02 -1.691400e+02 8.000000e+00
    endloop
  endfacet
  facet normal -0.000000e+00 0.000000e+00 -1.000000e+00
    outer loop
      vertex   1.580000e+02 -1.691400e+02 8.000000e+00
      vertex   1.490000e+02 -1.711400e+02 8.000000e+00
      vertex   1.490000e+02 -1.691400e+02 8.000000e+00
    endloop
  endfacet
  facet normal 1.000000e+00 -0.000000e+00 0.000000e+00
    outer loop
      vertex   1.490000e+02 -1.711400e+02 8.000000e+00
      vertex   1.490000e+02 -1.711400e+02 3.000000e+00
      vertex   1.490000e+02 -1.691400e+02 8.000000e+00
    endloop
  endfacet
  facet normal 1.000000e+00 0.000000e+00 0.000000e+00
    outer loop
      vertex   1.490000e+02 -1.691400e+02 8.000000e+00
      vertex   1.490000e+02 -1.711400e+02 3.000000e+00
      vertex   1.490000e+02 -1.691400e+02 3.000000e+00
    endloop
  endfacet
  facet normal 0.000000e+00 0.000000e+00 1.000000e+00
    outer loop
      vertex   1.490000e+02 -1.711400e+02 3.000000e+00
      vertex   1.580000e+02 -1.711400e+02 3.000000e+00
      vertex   1.490000e+02 -1.691400e+02 3.000000e+00
    endloop
  endfacet
  facet normal -0.000000e+00 0.000000e+00 1.000000e+00
    outer loop
      vertex   1.490000e+02 -1.691400e+02 3.000000e+00
      vertex   1.580000e+02 -1.711400e+02 3.000000e+00
      vertex   1.580000e+02 -1.691400e+02 3.000000e+00
    endloop
  endfacet
  facet normal 0.000000e+00 0.000000e+00 -1.000000e+00
    outer loop
      vertex   1.355789e+02 -1.711400e+02 1.069948e+01
      vertex   1.139695e+02 -1.711400e+02 1.069948e+01
      vertex   1.355789e+02 -1.691400e+02 1.069948e+01
    endloop
  endfacet
  facet normal -0.000000e+00 0.000000e+00 -1.000000e+00
    outer loop
      vertex   1.355789e+02 -1.691400e+02 1.069948e+01
      vertex   1.139695e+02 -1.711400e+02 1.069948e+01
      vertex   1.139695e+02 -1.691400e+02 1.069948e+01
    endloop
  endfacet
  facet normal 1.000000e+00 -0.000000e+00 0.000000e+00
    outer loop
      vertex   1.139695e+02 -1.711400e+02 1.069948e+01
      vertex   1.139695e+02 -1.711400e+02 1.483215e+00
      vertex   1.139695e+02 -1.691400e+02 1.069948e+01
    endloop
  endfacet
  facet normal 1.000000e+00 0.000000e+00 0.000000e+00
    outer loop
      vertex   1.139695e+02 -1.691400e+02 1.069948e+01
      vertex   1.139695e+02 -1.711400e+02 1.483215e+00
      vertex   1.139695e+02 -1.691400e+02 1.483215e+00
    endloop
  endfacet
  facet normal 0.000000e+00 0.000000e+00 1.000000e+00
    outer loop
      vertex   1.139695e+02 -1.711400e+02 1.483215e+00
      vertex   1.355789e+02 -1.711400e+02 1.483215e+00
      vertex   1.139695e+02 -1.691400e+02 1.483215e+00
    endloop
  endfacet
  facet normal -0.000000e+00 0.000000e+00 1.000000e+00
    outer loop
      vertex   1.139695e+02 -1.691400e+02 1.483215e+00
      vertex   1.355789e+02 -1.711400e+02 1.483215e+00
      vertex   1.355789e+02 -1.691400e+02 1.483215e+00
    endloop
  endfacet
  facet normal -1.000000e+00 0.000000e+00 0.000000e+00
    outer loop
      vertex   1.355789e+02 -1.711400e+02 1.483215e+00
      vertex   1.355789e+02 -1.711400e+02 1.069948e+01
      vertex   1.355789e+02 -1.691400e+02 1.483215e+00
    endloop
  endfacet
  facet normal -1.000000e+00 0.000000e+00 0.000000e+00
    outer loop
      vertex   1.355789e+02 -1.691400e+02 1.483215e+00
      vertex   1.355789e+02 -1.711400e+02 1.069948e+01
      vertex   1.355789e+02 -1.691400e+02 1.069948e+01
    endloop
  endfacet
  facet normal -1.000000e+00 0.000000e+00 0.000000e+00
    outer loop
      vertex   7.970000e+01 -1.611400e+02 1.200000e+01
      vertex   7.970000e+01 -1.041400e+02 1.200000e+01
      vertex   7.970000e+01 -1.611400e+02 1.000000e+01
    endloop
  endfacet
  facet normal -1.000000e+00 0.000000e+00 0.000000e+00
    outer loop
      vertex   7.970000e+01 -1.611400e+02 1.000000e+01
      vertex   7.970000e+01 -1.041400e+02 1.200000e+01
      vertex   7.970000e+01 -1.041400e+02 1.000000e+01
    endloop
  endfacet
  facet normal -0.000000e+00 1.000000e+00 0.000000e+00
    outer loop
      vertex   6.970000e+01 -1.611400e+02 1.200000e+01
      vertex   7.970000e+01 -1.611400e+02 1.200000e+01
      vertex   6.970000e+01 -1.611400e+02 1.000000e+01
    endloop
  endfacet
  facet normal 0.000000e+00 1.000000e+00 0.000000e+00
    outer loop
      vertex   6.970000e+01 -1.611400e+02 1.000000e+01
      vertex   7.970000e+01 -1.611400e+02 1.200000e+01
      vertex   7.970000e+01 -1.611400e+02 1.000000e+01
    endloop
  endfacet
  facet normal 1.000000e+00 0.000000e+00 0.000000e+00
    outer loop
      vertex   6.970000e+01 -1.041400e+02 1.200000e+01
      vertex   6.970000e+01 -1.611400e+02 1.200000e+01
      vertex   6.970000e+01 -1.041400e+02 1.000000e+01
    endloop
  endfacet
  facet normal 1.000000e+00 0.000000e+00 0.000000e+00
    outer loop
      vertex   6.970000e+01 -1.041400e+02 1.000000e+01
      vertex   6.970000e+01 -1.611400e+02 1.200000e+01
      vertex   6.970000e+01 -1.611400e+02 1.000000e+01
    endloop
  endfacet
  facet normal 0.000000e+00 -1.000000e+00 -0.000000e+00
    outer loop
      vertex   7.970000e+01 -1.041400e+02 1.200000e+01
      vertex   6.970000e+01 -1.041400e+02 1.200000e+01
      vertex   7.970000e+01 -1.041400e+02 1.000000e+01
    endloop
  endfacet
  facet normal 0.000000e+00 -1.000000e+00 0.000000e+00
    outer loop
      vertex   7.970000e+01 -1.041400e+02 1.000000e+01
      vertex   6.970000e+01 -1.041400e+02 1.200000e+01
      vertex   6.970000e+01 -1.041400e+02 1.000000e+01
    endloop
  endfacet
  facet normal -2.583792e-14 -1.000000e+00 -0.000000e+00
    outer loop
      vertex   9.806000e+01 -1.441600e+02 2.800000e+01
      vertex   9.586000e+01 -1.441600e+02 2.800000e+01
      vertex   9.806000e+01 -1.441600e+02 2.600000e+01
    endloop
  endfacet
  facet normal -2.583792e-14 -1.000000e+00 0.000000e+00
    outer loop
      vertex   9.806000e+01 -1.441600e+02 2.600000e+01
      vertex   9.586000e+01 -1.441600e+02 2.800000e+01
      vertex   9.586000e+01 -1.441600e+02 2.600000e+01
    endloop
  endfacet
  facet normal -1.000000e+00 0.000000e+00 0.000000e+00
    outer loop
      vertex   9.806000e+01 -1.604600e+02 2.800000e+01
      vertex   9.806000e+01 -1.441600e+02 2.800000e+01
      vertex   9.806000e+01 -1.604600e+02 2.600000e+01
    endloop
  endfacet
  facet normal -1.000000e+00 0.000000e+00 0.000000e+00
    outer loop
      vertex   9.806000e+01 -1.604600e+02 2.600000e+01
      vertex   9.806000e+01 -1.441600e+02 2.800000e+01
      vertex   9.806000e+01 -1.441600e+02 2.600000e+01
    endloop
  endfacet
  facet normal 2.583792e-14 1.000000e+00 0.000000e+00
    outer loop
      vertex   9.586000e+01 -1.604600e+02 2.800000e+01
      vertex   9.806000e+01 -1.604600e+02 2.800000e+01
      vertex   9.586000e+01 -1.604600e+02 2.600000e+01
    endloop
  endfacet
  facet normal 2.583792e-14 1.000000e+00 0.000000e+00
    outer loop
      vertex   9.586000e+01 -1.604600e+02 2.600000e+01
      vertex   9.806000e+01 -1.604600e+02 2.800000e+01
      vertex   9.806000e+01 -1.604600e+02 2.600000e+01
    endloop
  endfacet
  facet normal 1.000000e+00 0.000000e+00 0.000000e+00
    outer loop
      vertex   9.586000e+01 -1.441600e+02 2.800000e+01
      vertex   9.586000e+01 -1.604600e+02 2.800000e+01
      vertex   9.586000e+01 -1.441600e+02 2.600000e+01
    endloop
  endfacet
  facet normal 1.000000e+00 0.000000e+00 0.000000e+00
    outer loop
      vertex   9.586000e+01 -1.441600e+02 2.600000e+01
      vertex   9.586000e+01 -1.604600e+02 2.800000e+01
      vertex   9.586000e+01 -1.604600e+02 2.600000e+01
    endloop
  endfacet
  facet normal -9.604206e-01 2.785538e-01 0.000000e+00
    outer loop
      vertex   1.605000e+02 -1.573600e+02 3.050000e+01
      vertex   1.605000e+02 -1.573600e+02 2.850000e+01
      vertex   1.603187e+02 -1.579852e+02 3.050000e+01
    endloop
  endfacet
  facet normal -9.603799e-01 2.786940e-01 4.752940e-05
    outer loop
      vertex   1.603187e+02 -1.579852e+02 3.050000e+01
      vertex   1.605000e+02 -1.573600e+02 2.850000e+01
      vertex   1.603184e+02 -1.579857e+02 2.850000e+01
    endloop
  endfacet
  facet normal -9.357624e-01 3.526311e-01 2.477662e-05
    outer loop
      vertex   1.603187e+02 -1.579852e+02 3.050000e+01
      vertex   1.603184e+02 -1.579857e+02 2.850000e+01
      vertex   1.600892e+02 -1.585942e+02 3.050000e+01
    endloop
  endfacet
  facet normal -9.356884e-01 3.528275e-01 9.302520e-05
    outer loop
      vertex   1.600892e+02 -1.585942e+02 3.050000e+01
      vertex   1.603184e+02 -1.579857e+02 2.850000e+01
      vertex   1.600887e+02 -1.585950e+02 2.850000e+01
    endloop
  endfacet
  facet normal -9.052738e-01 4.248286e-01 5.548852e-05
    outer loop
      vertex   1.600892e+02 -1.585942e+02 3.050000e+01
      vertex   1.600887e+02 -1.585950e+02 2.850000e+01
      vertex   1.598120e+02 -1.591848e+02 3.050000e+01
    endloop
  endfacet
  facet normal -9.052750e-01 4.248260e-01 5.453047e-05
    outer loop
      vertex   1.598120e+02 -1.591848e+02 3.050000e+01
      vertex   1.600887e+02 -1.585950e+02 2.850000e+01
      vertex   1.598117e+02 -1.591852e+02 2.850000e+01
    endloop
  endfacet
  facet normal -8.691603e-01 4.945305e-01 3.445572e-05
    outer loop
      vertex   1.598120e+02 -1.591848e+02 3.050000e+01
      vertex   1.598117e+02 -1.591852e+02 2.850000e+01
      vertex   1.594877e+02 -1.597549e+02 3.050000e+01
    endloop
  endfacet
  facet normal -8.691296e-01 4.945845e-01 5.480524e-05
    outer loop
      vertex   1.594877e+02 -1.597549e+02 3.050000e+01
      vertex   1.598117e+02 -1.591852e+02 2.850000e+01
      vertex   1.594876e+02 -1.597548e+02 2.850000e+01
    endloop
  endfacet
  facet normal -8.137714e-01 5.811851e-01 5.473883e-05
    outer loop
      vertex   1.594877e+02 -1.597549e+02 3.050000e+01
      vertex   1.594876e+02 -1.597548e+02 2.850000e+01
      vertex   1.588997e+02 -1.605782e+02 3.050000e+01
    endloop
  endfacet
  facet normal -8.142232e-01 5.805519e-01 -3.387513e-04
    outer loop
      vertex   1.588997e+02 -1.605782e+02 3.050000e+01
      vertex   1.594876e+02 -1.597548e+02 2.850000e+01
      vertex   1.588990e+02 -1.605803e+02 2.850000e+01
    endloop
  endfacet
  facet normal -7.345001e-01 6.786085e-01 -4.695238e-04
    outer loop
      vertex   1.588997e+02 -1.605782e+02 3.050000e+01
      vertex   1.588990e+02 -1.605803e+02 2.850000e+01
      vertex   1.582124e+02 -1.613220e+02 3.050000e+01
    endloop
  endfacet
  facet normal -7.347356e-01 6.783533e-01 -6.450181e-04
    outer loop
      vertex   1.582124e+02 -1.613220e+02 3.050000e+01
      vertex   1.588990e+02 -1.605803e+02 2.850000e+01
      vertex   1.582117e+02 -1.613247e+02 2.850000e+01
    endloop
  endfacet
  facet normal -6.437680e-01 7.652204e-01 -7.925838e-04
    outer loop
      vertex   1.582124e+02 -1.613220e+02 3.050000e+01
      vertex   1.582117e+02 -1.613247e+02 2.850000e+01
      vertex   1.574378e+02 -1.619758e+02 2.850000e+01
    endloop
  endfacet
  facet normal -6.443688e-01 7.647147e-01 -3.945869e-04
    outer loop
      vertex   1.582124e+02 -1.613220e+02 3.050000e+01
      vertex   1.574378e+02 -1.619758e+02 2.850000e+01
      vertex   1.574375e+02 -1.619750e+02 3.050000e+01
    endloop
  endfacet
  facet normal -5.425835e-01 8.400018e-01 -4.069727e-04
    outer loop
      vertex   1.574375e+02 -1.619750e+02 3.050000e+01
      vertex   1.574378e+02 -1.619758e+02 2.850000e+01
      vertex   1.565865e+02 -1.625257e+02 2.850000e+01
    endloop
  endfacet
  facet normal -5.432579e-01 8.395659e-01 0.000000e+00
    outer loop
      vertex   1.574375e+02 -1.619750e+02 3.050000e+01
      vertex   1.565865e+02 -1.625257e+02 2.850000e+01
      vertex   1.565865e+02 -1.625257e+02 3.050000e+01
    endloop
  endfacet
  facet normal -1.000000e+00 -8.313364e-11 0.000000e+00
    outer loop
      vertex   1.605000e+02 -1.533429e+02 2.850000e+01
      vertex   1.605000e+02 -1.573600e+02 2.850000e+01
      vertex   1.605000e+02 -1.533429e+02 3.050000e+01
    endloop
  endfacet
  facet normal -1.000000e+00 -8.313364e-11 0.000000e+00
    outer loop
      vertex   1.605000e+02 -1.533429e+02 3.050000e+01
      vertex   1.605000e+02 -1.573600e+02 2.850000e+01
      vertex   1.605000e+02 -1.573600e+02 3.050000e+01
    endloop
  endfacet
  facet normal -6.528473e-01 -7.574896e-01 -0.000000e+00
    outer loop
      vertex   1.574320e+02 -1.486658e+02 3.050000e+01
      vertex   1.574320e+02 -1.486658e+02 2.850000e+01
      vertex   1.581190e+02 -1.492579e+02 2.950000e+01
    endloop
  endfacet
  facet normal -6.530553e-01 -7.573102e-01 2.491555e-04
    outer loop
      vertex   1.581190e+02 -1.492579e+02 2.950000e+01
      vertex   1.574320e+02 -1.486658e+02 2.850000e+01
      vertex   1.581266e+02 -1.492648e+02 2.850000e+01
    endloop
  endfacet
  facet normal -7.287249e-01 -6.848061e-01 -8.260228e-04
    outer loop
      vertex   1.581190e+02 -1.492579e+02 2.950000e+01
      vertex   1.581266e+02 -1.492648e+02 2.850000e+01
      vertex   1.587396e+02 -1.499184e+02 2.950000e+01
    endloop
  endfacet
  facet normal -7.297363e-01 -6.837285e-01 4.983103e-04
    outer loop
      vertex   1.587396e+02 -1.499184e+02 2.950000e+01
      vertex   1.581266e+02 -1.492648e+02 2.850000e+01
      vertex   1.587528e+02 -1.499331e+02 2.850000e+01
    endloop
  endfacet
  facet normal -7.962357e-01 -6.049846e-01 -1.536198e-03
    outer loop
      vertex   1.587396e+02 -1.499184e+02 2.950000e+01
      vertex   1.587528e+02 -1.499331e+02 2.850000e+01
      vertex   1.592876e+02 -1.506396e+02 2.950000e+01
    endloop
  endfacet
  facet normal -7.981612e-01 -6.024426e-01 1.289539e-03
    outer loop
      vertex   1.592876e+02 -1.506396e+02 2.950000e+01
      vertex   1.587528e+02 -1.499331e+02 2.850000e+01
      vertex   1.593052e+02 -1.506650e+02 2.850000e+01
    endloop
  endfacet
  facet normal -8.552512e-01 -5.182103e-01 -1.855377e-03
    outer loop
      vertex   1.592876e+02 -1.506396e+02 2.950000e+01
      vertex   1.593052e+02 -1.506650e+02 2.850000e+01
      vertex   1.597571e+02 -1.514144e+02 2.950000e+01
    endloop
  endfacet
  facet normal -8.562137e-01 -5.166217e-01 -2.301284e-04
    outer loop
      vertex   1.597571e+02 -1.514144e+02 2.950000e+01
      vertex   1.593052e+02 -1.506650e+02 2.850000e+01
      vertex   1.597573e+02 -1.514142e+02 2.850000e+01
    endloop
  endfacet
  facet normal -8.977793e-01 -4.404456e-01 -2.302862e-04
    outer loop
      vertex   1.597571e+02 -1.514144e+02 2.950000e+01
      vertex   1.597573e+02 -1.514142e+02 2.850000e+01
      vertex   1.600191e+02 -1.519479e+02 2.850000e+01
    endloop
  endfacet
  facet normal -9.082747e-01 -4.181090e-01 -1.489748e-02
    outer loop
      vertex   1.597571e+02 -1.514144e+02 2.950000e+01
      vertex   1.600191e+02 -1.519479e+02 2.850000e+01
      vertex   1.601789e+02 -1.523307e+02 2.950000e+01
    endloop
  endfacet
  facet normal -9.257831e-01 -3.780412e-01 3.236898e-03
    outer loop
      vertex   1.601789e+02 -1.523307e+02 2.950000e+01
      vertex   1.600191e+02 -1.519479e+02 2.850000e+01
      vertex   1.602220e+02 -1.524448e+02 2.850000e+01
    endloop
  endfacet
  facet normal -9.471292e-01 -3.208249e-01 -4.215155e-03
    outer loop
      vertex   1.601789e+02 -1.523307e+02 2.950000e+01
      vertex   1.602220e+02 -1.524448e+02 2.850000e+01
      vertex   1.603755e+02 -1.528981e+02 2.850000e+01
    endloop
  endfacet
  facet normal -9.523299e-01 -3.047316e-01 -1.437035e-02
    outer loop
      vertex   1.601789e+02 -1.523307e+02 2.950000e+01
      vertex   1.603755e+02 -1.528981e+02 2.850000e+01
      vertex   1.604893e+02 -1.533009e+02 2.950000e+01
    endloop
  endfacet
  facet normal -9.623910e-01 -2.716681e-01 9.179948e-05
    outer loop
      vertex   1.604893e+02 -1.533009e+02 2.950000e+01
      vertex   1.603755e+02 -1.528981e+02 2.850000e+01
      vertex   1.604892e+02 -1.533009e+02 2.850000e+01
    endloop
  endfacet
  facet normal -9.687393e-01 -2.480808e-01 9.182068e-05
    outer loop
      vertex   1.604893e+02 -1.533009e+02 2.950000e+01
      vertex   1.604892e+02 -1.533009e+02 2.850000e+01
      vertex   1.605000e+02 -1.533429e+02 2.850000e+01
    endloop
  endfacet
  facet normal -9.692625e-01 -2.460288e-01 0.000000e+00
    outer loop
      vertex   1.605000e+02 -1.533429e+02 2.850000e+01
      vertex   1.605000e+02 -1.533429e+02 3.050000e+01
      vertex   1.604893e+02 -1.533009e+02 2.950000e+01
    endloop
  endfacet
  facet normal -9.692625e-01 -2.460288e-01 3.778476e-13
    outer loop
      vertex   1.604893e+02 -1.533009e+02 2.950000e+01
      vertex   1.605000e+02 -1.533429e+02 3.050000e+01
      vertex   1.604893e+02 -1.533009e+02 3.050000e+01
    endloop
  endfacet
  facet normal -9.524282e-01 -3.047630e-01 -3.457372e-09
    outer loop
      vertex   1.604893e+02 -1.533009e+02 2.950000e+01
      vertex   1.604893e+02 -1.533009e+02 3.050000e+01
      vertex   1.601789e+02 -1.523307e+02 3.050000e+01
    endloop
  endfacet
  facet normal -9.524282e-01 -3.047630e-01 1.997849e-09
    outer loop
      vertex   1.604893e+02 -1.533009e+02 2.950000e+01
      vertex   1.601789e+02 -1.523307e+02 3.050000e+01
      vertex   1.601789e+02 -1.523307e+02 2.950000e+01
    endloop
  endfacet
  facet normal -9.083755e-01 -4.181554e-01 -1.978071e-09
    outer loop
      vertex   1.601789e+02 -1.523307e+02 2.950000e+01
      vertex   1.601789e+02 -1.523307e+02 3.050000e+01
      vertex   1.597571e+02 -1.514144e+02 3.050000e+01
    endloop
  endfacet
  facet normal -9.083755e-01 -4.181554e-01 1.540476e-09
    outer loop
      vertex   1.601789e+02 -1.523307e+02 2.950000e+01
      vertex   1.597571e+02 -1.514144e+02 3.050000e+01
      vertex   1.597571e+02 -1.514144e+02 2.950000e+01
    endloop
  endfacet
  facet normal -8.552527e-01 -5.182112e-01 -1.346323e-09
    outer loop
      vertex   1.597571e+02 -1.514144e+02 2.950000e+01
      vertex   1.597571e+02 -1.514144e+02 3.050000e+01
      vertex   1.592876e+02 -1.506396e+02 3.050000e+01
    endloop
  endfacet
  facet normal -8.552527e-01 -5.182112e-01 1.005203e-09
    outer loop
      vertex   1.597571e+02 -1.514144e+02 2.950000e+01
      vertex   1.592876e+02 -1.506396e+02 3.050000e+01
      vertex   1.592876e+02 -1.506396e+02 2.950000e+01
    endloop
  endfacet
  facet normal -7.962367e-01 -6.049853e-01 -9.996100e-10
    outer loop
      vertex   1.592876e+02 -1.506396e+02 2.950000e+01
      vertex   1.592876e+02 -1.506396e+02 3.050000e+01
      vertex   1.587396e+02 -1.499184e+02 3.050000e+01
    endloop
  endfacet
  facet normal -7.962367e-01 -6.049853e-01 6.656789e-10
    outer loop
      vertex   1.592876e+02 -1.506396e+02 2.950000e+01
      vertex   1.587396e+02 -1.499184e+02 3.050000e+01
      vertex   1.587396e+02 -1.499184e+02 2.950000e+01
    endloop
  endfacet
  facet normal -7.287251e-01 -6.848063e-01 -6.661596e-10
    outer loop
      vertex   1.587396e+02 -1.499184e+02 2.950000e+01
      vertex   1.587396e+02 -1.499184e+02 3.050000e+01
      vertex   1.581190e+02 -1.492579e+02 3.050000e+01
    endloop
  endfacet
  facet normal -7.287251e-01 -6.848063e-01 3.338540e-10
    outer loop
      vertex   1.587396e+02 -1.499184e+02 2.950000e+01
      vertex   1.581190e+02 -1.492579e+02 3.050000e+01
      vertex   1.581190e+02 -1.492579e+02 2.950000e+01
    endloop
  endfacet
  facet normal -6.528473e-01 -7.574896e-01 -3.360181e-10
    outer loop
      vertex   1.581190e+02 -1.492579e+02 2.950000e+01
      vertex   1.581190e+02 -1.492579e+02 3.050000e+01
      vertex   1.574320e+02 -1.486658e+02 3.050000e+01
    endloop
  endfacet
  facet normal 1.010149e-01 -9.948849e-01 0.000000e+00
    outer loop
      vertex   1.509687e+02 -1.471599e+02 3.050000e+01
      vertex   1.509687e+02 -1.471599e+02 2.850000e+01
      vertex   1.520976e+02 -1.470453e+02 3.050000e+01
    endloop
  endfacet
  facet normal 1.010149e-01 -9.948849e-01 0.000000e+00
    outer loop
      vertex   1.520976e+02 -1.470453e+02 3.050000e+01
      vertex   1.509687e+02 -1.471599e+02 2.850000e+01
      vertex   1.520976e+02 -1.470453e+02 2.850000e+01
    endloop
  endfacet
  facet normal -3.084503e-02 -9.995242e-01 -0.000000e+00
    outer loop
      vertex   1.520976e+02 -1.470453e+02 3.050000e+01
      vertex   1.520976e+02 -1.470453e+02 2.850000e+01
      vertex   1.532318e+02 -1.470803e+02 3.050000e+01
    endloop
  endfacet
  facet normal -3.084503e-02 -9.995242e-01 -0.000000e+00
    outer loop
      vertex   1.532318e+02 -1.470803e+02 3.050000e+01
      vertex   1.520976e+02 -1.470453e+02 2.850000e+01
      vertex   1.532318e+02 -1.470803e+02 2.850000e+01
    endloop
  endfacet
  facet normal -1.621680e-01 -9.867632e-01 -0.000000e+00
    outer loop
      vertex   1.532318e+02 -1.470803e+02 3.050000e+01
      vertex   1.532318e+02 -1.470803e+02 2.850000e+01
      vertex   1.543514e+02 -1.472643e+02 3.050000e+01
    endloop
  endfacet
  facet normal -1.621680e-01 -9.867632e-01 -0.000000e+00
    outer loop
      vertex   1.543514e+02 -1.472643e+02 3.050000e+01
      vertex   1.532318e+02 -1.470803e+02 2.850000e+01
      vertex   1.543514e+02 -1.472643e+02 2.850000e+01
    endloop
  endfacet
  facet normal -2.906679e-01 -9.568240e-01 -0.000000e+00
    outer loop
      vertex   1.543514e+02 -1.472643e+02 3.050000e+01
      vertex   1.543514e+02 -1.472643e+02 2.850000e+01
      vertex   1.554372e+02 -1.475941e+02 3.050000e+01
    endloop
  endfacet
  facet normal -2.906679e-01 -9.568240e-01 -0.000000e+00
    outer loop
      vertex   1.554372e+02 -1.475941e+02 3.050000e+01
      vertex   1.543514e+02 -1.472643e+02 2.850000e+01
      vertex   1.554372e+02 -1.475941e+02 2.850000e+01
    endloop
  endfacet
  facet normal -4.141076e-01 -9.102279e-01 -0.000000e+00
    outer loop
      vertex   1.554372e+02 -1.475941e+02 3.050000e+01
      vertex   1.554372e+02 -1.475941e+02 2.850000e+01
      vertex   1.564700e+02 -1.480640e+02 3.050000e+01
    endloop
  endfacet
  facet normal -4.141076e-01 -9.102279e-01 -0.000000e+00
    outer loop
      vertex   1.564700e+02 -1.480640e+02 3.050000e+01
      vertex   1.554372e+02 -1.475941e+02 2.850000e+01
      vertex   1.564700e+02 -1.480640e+02 2.850000e+01
    endloop
  endfacet
  facet normal -5.303383e-01 -8.477861e-01 -0.000000e+00
    outer loop
      vertex   1.564700e+02 -1.480640e+02 3.050000e+01
      vertex   1.564700e+02 -1.480640e+02 2.850000e+01
      vertex   1.574320e+02 -1.486658e+02 2.850000e+01
    endloop
  endfacet
  facet normal -5.303383e-01 -8.477861e-01 0.000000e+00
    outer loop
      vertex   1.574320e+02 -1.486658e+02 2.850000e+01
      vertex   1.574320e+02 -1.486658e+02 3.050000e+01
      vertex   1.564700e+02 -1.480640e+02 3.050000e+01
    endloop
  endfacet
  facet normal 9.783255e-01 -2.070728e-01 0.000000e+00
    outer loop
      vertex   1.443000e+02 -1.539784e+02 3.050000e+01
      vertex   1.443000e+02 -1.539784e+02 2.850000e+01
      vertex   1.444373e+02 -1.533297e+02 3.050000e+01
    endloop
  endfacet
  facet normal 9.783236e-01 -2.070821e-01 3.172280e-06
    outer loop
      vertex   1.444373e+02 -1.533297e+02 3.050000e+01
      vertex   1.443000e+02 -1.539784e+02 2.850000e+01
      vertex   1.444373e+02 -1.533295e+02 2.850000e+01
    endloop
  endfacet
  facet normal 9.584322e-01 -2.853205e-01 -3.183517e-06
    outer loop
      vertex   1.444373e+02 -1.533297e+02 3.050000e+01
      vertex   1.444373e+02 -1.533295e+02 2.850000e+01
      vertex   1.446262e+02 -1.526951e+02 3.050000e+01
    endloop
  endfacet
  facet normal 9.584121e-01 -2.853877e-01 2.005409e-05
    outer loop
      vertex   1.446262e+02 -1.526951e+02 3.050000e+01
      vertex   1.444373e+02 -1.533295e+02 2.850000e+01
      vertex   1.446265e+02 -1.526942e+02 2.850000e+01
    endloop
  endfacet
  facet normal 9.323237e-01 -3.616248e-01 -2.022917e-05
    outer loop
      vertex   1.446262e+02 -1.526951e+02 3.050000e+01
      vertex   1.446265e+02 -1.526942e+02 2.850000e+01
      vertex   1.448656e+02 -1.520780e+02 3.050000e+01
    endloop
  endfacet
  facet normal 9.322205e-01 -3.618908e-01 7.406617e-05
    outer loop
      vertex   1.448656e+02 -1.520780e+02 3.050000e+01
      vertex   1.446265e+02 -1.526942e+02 2.850000e+01
      vertex   1.448666e+02 -1.520757e+02 2.850000e+01
    endloop
  endfacet
  facet normal 9.000639e-01 -4.357579e-01 -2.512445e-05
    outer loop
      vertex   1.448656e+02 -1.520780e+02 3.050000e+01
      vertex   1.448666e+02 -1.520757e+02 2.850000e+01
      vertex   1.451553e+02 -1.514796e+02 3.050000e+01
    endloop
  endfacet
  facet normal 8.999673e-01 -4.359573e-01 4.827383e-05
    outer loop
      vertex   1.451553e+02 -1.514796e+02 3.050000e+01
      vertex   1.448666e+02 -1.520757e+02 2.850000e+01
      vertex   1.451554e+02 -1.514796e+02 2.850000e+01
    endloop
  endfacet
  facet normal 8.606082e-01 -5.092676e-01 4.826657e-05
    outer loop
      vertex   1.451553e+02 -1.514796e+02 3.050000e+01
      vertex   1.451554e+02 -1.514796e+02 2.850000e+01
      vertex   1.455266e+02 -1.508521e+02 3.050000e+01
    endloop
  endfacet
  facet normal 8.542406e-01 -5.198579e-01 4.553239e-03
    outer loop
      vertex   1.455266e+02 -1.508521e+02 3.050000e+01
      vertex   1.451554e+02 -1.514796e+02 2.850000e+01
      vertex   1.456447e+02 -1.506755e+02 2.850000e+01
    endloop
  endfacet
  facet normal 8.098493e-01 -5.866246e-01 -3.963381e-03
    outer loop
      vertex   1.455266e+02 -1.508521e+02 3.050000e+01
      vertex   1.456447e+02 -1.506755e+02 2.850000e+01
      vertex   1.460219e+02 -1.501684e+02 3.050000e+01
    endloop
  endfacet
  facet normal 7.916477e-01 -6.109518e-01 5.636915e-03
    outer loop
      vertex   1.460219e+02 -1.501684e+02 3.050000e+01
      vertex   1.456447e+02 -1.506755e+02 2.850000e+01
      vertex   1.462160e+02 -1.499353e+02 2.850000e+01
    endloop
  endfacet
  facet normal 7.433091e-01 -6.689229e-01 -5.809726e-03
    outer loop
      vertex   1.460219e+02 -1.501684e+02 3.050000e+01
      vertex   1.462160e+02 -1.499353e+02 2.850000e+01
      vertex   1.466538e+02 -1.494662e+02 3.050000e+01
    endloop
  endfacet
  facet normal 7.198022e-01 -6.941594e-01 5.255848e-03
    outer loop
      vertex   1.466538e+02 -1.494662e+02 3.050000e+01
      vertex   1.462160e+02 -1.499353e+02 2.850000e+01
      vertex   1.468635e+02 -1.492639e+02 2.850000e+01
    endloop
  endfacet
  facet normal 6.622875e-01 -7.492230e-01 -6.344547e-03
    outer loop
      vertex   1.466538e+02 -1.494662e+02 3.050000e+01
      vertex   1.468635e+02 -1.492639e+02 2.850000e+01
      vertex   1.473956e+02 -1.488104e+02 3.050000e+01
    endloop
  endfacet
  facet normal 6.393216e-01 -7.689278e-01 4.233645e-03
    outer loop
      vertex   1.473956e+02 -1.488104e+02 3.050000e+01
      vertex   1.468635e+02 -1.492639e+02 2.850000e+01
      vertex   1.475813e+02 -1.486671e+02 2.850000e+01
    endloop
  endfacet
  facet normal 5.718324e-01 -8.203506e-01 -5.715624e-03
    outer loop
      vertex   1.473956e+02 -1.488104e+02 3.050000e+01
      vertex   1.475813e+02 -1.486671e+02 2.850000e+01
      vertex   1.482131e+02 -1.482406e+02 3.050000e+01
    endloop
  endfacet
  facet normal 5.509793e-01 -8.345098e-01 3.891096e-03
    outer loop
      vertex   1.482131e+02 -1.482406e+02 3.050000e+01
      vertex   1.475813e+02 -1.486671e+02 2.850000e+01
      vertex   1.483620e+02 -1.481516e+02 2.850000e+01
    endloop
  endfacet
  facet normal 4.708903e-01 -8.821818e-01 -4.194021e-03
    outer loop
      vertex   1.482131e+02 -1.482406e+02 3.050000e+01
      vertex   1.483620e+02 -1.481516e+02 2.850000e+01
      vertex   1.490871e+02 -1.477741e+02 3.050000e+01
    endloop
  endfacet
  facet normal 4.559854e-01 -8.899832e-01 2.682232e-03
    outer loop
      vertex   1.490871e+02 -1.477741e+02 3.050000e+01
      vertex   1.483620e+02 -1.481516e+02 2.850000e+01
      vertex   1.491925e+02 -1.477261e+02 2.850000e+01
    endloop
  endfacet
  facet normal 3.651770e-01 -9.309330e-01 -3.085486e-03
    outer loop
      vertex   1.490871e+02 -1.477741e+02 3.050000e+01
      vertex   1.491925e+02 -1.477261e+02 2.850000e+01
      vertex   1.500094e+02 -1.474123e+02 3.050000e+01
    endloop
  endfacet
  facet normal 3.556523e-01 -9.346173e-01 1.383382e-03
    outer loop
      vertex   1.500094e+02 -1.474123e+02 3.050000e+01
      vertex   1.491925e+02 -1.477261e+02 2.850000e+01
      vertex   1.500640e+02 -1.473945e+02 2.850000e+01
    endloop
  endfacet
  facet normal 2.544007e-01 -9.670975e-01 -1.667287e-03
    outer loop
      vertex   1.500094e+02 -1.474123e+02 3.050000e+01
      vertex   1.500640e+02 -1.473945e+02 2.850000e+01
      vertex   1.509687e+02 -1.471599e+02 3.050000e+01
    endloop
  endfacet
  facet normal 2.509490e-01 -9.680003e-01 0.000000e+00
    outer loop
      vertex   1.509687e+02 -1.471599e+02 3.050000e+01
      vertex   1.500640e+02 -1.473945e+02 2.850000e+01
      vertex   1.509687e+02 -1.471599e+02 2.850000e+01
    endloop
  endfacet
  facet normal 1.000000e+00 8.273871e-11 -0.000000e+00
    outer loop
      vertex   1.443000e+02 -1.567251e+02 2.850000e+01
      vertex   1.443000e+02 -1.539784e+02 2.850000e+01
      vertex   1.443000e+02 -1.567251e+02 3.050000e+01
    endloop
  endfacet
  facet normal 1.000000e+00 8.273871e-11 0.000000e+00
    outer loop
      vertex   1.443000e+02 -1.567251e+02 3.050000e+01
      vertex   1.443000e+02 -1.539784e+02 2.850000e+01
      vertex   1.443000e+02 -1.539784e+02 3.050000e+01
    endloop
  endfacet
  facet normal 8.410239e-01 5.409980e-01 -0.000000e+00
    outer loop
      vertex   1.455480e+02 -1.598815e+02 2.850000e+01
      vertex   1.454250e+02 -1.596902e+02 2.850000e+01
      vertex   1.455480e+02 -1.598815e+02 3.050000e+01
    endloop
  endfacet
  facet normal 8.411302e-01 5.408327e-01 -2.234448e-05
    outer loop
      vertex   1.455480e+02 -1.598815e+02 3.050000e+01
      vertex   1.454250e+02 -1.596902e+02 2.850000e+01
      vertex   1.454250e+02 -1.596902e+02 3.050000e+01
    endloop
  endfacet
  facet normal 8.736674e-01 4.865237e-01 -2.231938e-05
    outer loop
      vertex   1.454250e+02 -1.596902e+02 3.050000e+01
      vertex   1.454250e+02 -1.596902e+02 2.850000e+01
      vertex   1.450382e+02 -1.589955e+02 3.050000e+01
    endloop
  endfacet
  facet normal 8.734363e-01 4.869384e-01 -2.110719e-04
    outer loop
      vertex   1.450382e+02 -1.589955e+02 3.050000e+01
      vertex   1.454250e+02 -1.596902e+02 2.850000e+01
      vertex   1.450375e+02 -1.589952e+02 2.850000e+01
    endloop
  endfacet
  facet normal 9.166504e-01 3.996898e-01 -2.390877e-04
    outer loop
      vertex   1.450382e+02 -1.589955e+02 3.050000e+01
      vertex   1.450375e+02 -1.589952e+02 2.850000e+01
      vertex   1.447194e+02 -1.582646e+02 3.050000e+01
    endloop
  endfacet
  facet normal 9.165723e-01 3.998689e-01 -3.169434e-04
    outer loop
      vertex   1.447194e+02 -1.582646e+02 3.050000e+01
      vertex   1.450375e+02 -1.589952e+02 2.850000e+01
      vertex   1.447183e+02 -1.582635e+02 2.850000e+01
    endloop
  endfacet
  facet normal 9.510656e-01 3.089887e-01 -3.853535e-04
    outer loop
      vertex   1.447194e+02 -1.582646e+02 3.050000e+01
      vertex   1.447183e+02 -1.582635e+02 2.850000e+01
      vertex   1.444717e+02 -1.575045e+02 2.850000e+01
    endloop
  endfacet
  facet normal 9.508951e-01 3.095133e-01 -1.648985e-04
    outer loop
      vertex   1.447194e+02 -1.582646e+02 3.050000e+01
      vertex   1.444717e+02 -1.575045e+02 2.850000e+01
      vertex   1.444723e+02 -1.575051e+02 3.050000e+01
    endloop
  endfacet
  facet normal 9.765843e-01 2.151351e-01 -2.004251e-04
    outer loop
      vertex   1.444723e+02 -1.575051e+02 3.050000e+01
      vertex   1.444717e+02 -1.575045e+02 2.850000e+01
      vertex   1.443000e+02 -1.567251e+02 2.850000e+01
    endloop
  endfacet
  facet normal 9.764762e-01 2.156251e-01 0.000000e+00
    outer loop
      vertex   1.444723e+02 -1.575051e+02 3.050000e+01
      vertex   1.443000e+02 -1.567251e+02 2.850000e+01
      vertex   1.443000e+02 -1.567251e+02 3.050000e+01
    endloop
  endfacet
  facet normal -4.436656e-01 8.961924e-01 0.000000e+00
    outer loop
      vertex   1.565865e+02 -1.625257e+02 2.850000e+01
      vertex   1.556020e+02 -1.630130e+02 2.850000e+01
      vertex   1.565865e+02 -1.625257e+02 3.050000e+01
    endloop
  endfacet
  facet normal -4.427168e-01 8.966613e-01 -5.812432e-04
    outer loop
      vertex   1.565865e+02 -1.625257e+02 3.050000e+01
      vertex   1.556020e+02 -1.630130e+02 2.850000e+01
      vertex   1.556008e+02 -1.630123e+02 3.050000e+01
    endloop
  endfacet
  facet normal -3.228757e-01 9.464412e-01 -5.234369e-04
    outer loop
      vertex   1.556008e+02 -1.630123e+02 3.050000e+01
      vertex   1.556020e+02 -1.630130e+02 2.850000e+01
      vertex   1.545666e+02 -1.633663e+02 2.850000e+01
    endloop
  endfacet
  facet normal -3.220479e-01 9.467229e-01 -1.001364e-03
    outer loop
      vertex   1.556008e+02 -1.630123e+02 3.050000e+01
      vertex   1.545666e+02 -1.633663e+02 2.850000e+01
      vertex   1.545629e+02 -1.633654e+02 3.050000e+01
    endloop
  endfacet
  facet normal -1.949455e-01 9.808138e-01 -7.802047e-04
    outer loop
      vertex   1.545629e+02 -1.633654e+02 3.050000e+01
      vertex   1.545666e+02 -1.633663e+02 2.850000e+01
      vertex   1.534903e+02 -1.635802e+02 2.850000e+01
    endloop
  endfacet
  facet normal -1.954954e-01 9.807045e-01 -4.735947e-04
    outer loop
      vertex   1.545629e+02 -1.633654e+02 3.050000e+01
      vertex   1.534903e+02 -1.635802e+02 2.850000e+01
      vertex   1.534895e+02 -1.635794e+02 3.050000e+01
    endloop
  endfacet
  facet normal -6.254828e-02 9.980418e-01 -4.251216e-04
    outer loop
      vertex   1.534895e+02 -1.635794e+02 3.050000e+01
      vertex   1.534903e+02 -1.635802e+02 2.850000e+01
      vertex   1.523974e+02 -1.636487e+02 2.850000e+01
    endloop
  endfacet
  facet normal -6.338339e-02 9.979893e-01 3.270105e-05
    outer loop
      vertex   1.534895e+02 -1.635794e+02 3.050000e+01
      vertex   1.523974e+02 -1.636487e+02 2.850000e+01
      vertex   1.523974e+02 -1.636488e+02 3.050000e+01
    endloop
  endfacet
  facet normal 6.679624e-02 9.977666e-01 3.271286e-05
    outer loop
      vertex   1.523974e+02 -1.636488e+02 3.050000e+01
      vertex   1.523974e+02 -1.636487e+02 2.850000e+01
      vertex   1.513840e+02 -1.635808e+02 2.850000e+01
    endloop
  endfacet
  facet normal 6.927662e-02 9.975967e-01 -1.229828e-03
    outer loop
      vertex   1.523974e+02 -1.636488e+02 3.050000e+01
      vertex   1.513840e+02 -1.635808e+02 2.850000e+01
      vertex   1.513837e+02 -1.635784e+02 3.050000e+01
    endloop
  endfacet
  facet normal 1.946234e-01 9.808773e-01 -1.191208e-03
    outer loop
      vertex   1.513837e+02 -1.635784e+02 3.050000e+01
      vertex   1.513840e+02 -1.635808e+02 2.850000e+01
      vertex   1.503856e+02 -1.633803e+02 3.050000e+01
    endloop
  endfacet
  facet normal 1.907345e-01 9.816364e-01 -3.208573e-03
    outer loop
      vertex   1.503856e+02 -1.633803e+02 3.050000e+01
      vertex   1.513840e+02 -1.635808e+02 2.850000e+01
      vertex   1.503833e+02 -1.633864e+02 2.850000e+01
    endloop
  endfacet
  facet normal 3.115828e-01 9.502134e-01 -3.252658e-03
    outer loop
      vertex   1.503856e+02 -1.633803e+02 3.050000e+01
      vertex   1.503833e+02 -1.633864e+02 2.850000e+01
      vertex   1.494163e+02 -1.630693e+02 2.850000e+01
    endloop
  endfacet
  facet normal 3.133987e-01 9.496122e-01 -4.226245e-03
    outer loop
      vertex   1.503856e+02 -1.633803e+02 3.050000e+01
      vertex   1.494163e+02 -1.630693e+02 2.850000e+01
      vertex   1.494182e+02 -1.630610e+02 3.050000e+01
    endloop
  endfacet
  facet normal 4.271672e-01 9.041631e-01 -4.142170e-03
    outer loop
      vertex   1.494182e+02 -1.630610e+02 3.050000e+01
      vertex   1.494163e+02 -1.630693e+02 2.850000e+01
      vertex   1.484970e+02 -1.626350e+02 2.850000e+01
    endloop
  endfacet
  facet normal 4.260812e-01 9.046780e-01 -3.532287e-03
    outer loop
      vertex   1.494182e+02 -1.630610e+02 3.050000e+01
      vertex   1.484970e+02 -1.626350e+02 2.850000e+01
      vertex   1.484964e+02 -1.626269e+02 3.050000e+01
    endloop
  endfacet
  facet normal 5.359972e-01 8.442135e-01 -3.251714e-03
    outer loop
      vertex   1.484964e+02 -1.626269e+02 3.050000e+01
      vertex   1.484970e+02 -1.626350e+02 2.850000e+01
      vertex   1.476362e+02 -1.620885e+02 2.850000e+01
    endloop
  endfacet
  facet normal 5.331128e-01 8.460428e-01 -1.518734e-03
    outer loop
      vertex   1.484964e+02 -1.626269e+02 3.050000e+01
      vertex   1.476362e+02 -1.620885e+02 2.850000e+01
      vertex   1.476352e+02 -1.620842e+02 3.050000e+01
    endloop
  endfacet
  facet normal 6.363147e-01 7.714285e-01 -1.310086e-03
    outer loop
      vertex   1.476352e+02 -1.620842e+02 3.050000e+01
      vertex   1.476362e+02 -1.620885e+02 2.850000e+01
      vertex   1.468511e+02 -1.614409e+02 2.850000e+01
    endloop
  endfacet
  facet normal 6.344639e-01 7.729525e-01 -9.426087e-05
    outer loop
      vertex   1.476352e+02 -1.620842e+02 3.050000e+01
      vertex   1.468511e+02 -1.614409e+02 2.850000e+01
      vertex   1.468497e+02 -1.614395e+02 3.050000e+01
    endloop
  endfacet
  facet normal 7.264798e-01 6.871878e-01 2.525513e-05
    outer loop
      vertex   1.468497e+02 -1.614395e+02 3.050000e+01
      vertex   1.468511e+02 -1.614409e+02 2.850000e+01
      vertex   1.461527e+02 -1.607026e+02 2.850000e+01
    endloop
  endfacet
  facet normal 7.265853e-01 6.870763e-01 -5.262902e-05
    outer loop
      vertex   1.468497e+02 -1.614395e+02 3.050000e+01
      vertex   1.461527e+02 -1.607026e+02 2.850000e+01
      vertex   1.461520e+02 -1.607016e+02 3.050000e+01
    endloop
  endfacet
  facet normal 8.051957e-01 5.930092e-01 1.959093e-05
    outer loop
      vertex   1.461520e+02 -1.607016e+02 3.050000e+01
      vertex   1.461527e+02 -1.607026e+02 2.850000e+01
      vertex   1.455480e+02 -1.598815e+02 2.850000e+01
    endloop
  endfacet
  facet normal 8.052185e-01 5.929783e-01 0.000000e+00
    outer loop
      vertex   1.461520e+02 -1.607016e+02 3.050000e+01
      vertex   1.455480e+02 -1.598815e+02 2.850000e+01
      vertex   1.455480e+02 -1.598815e+02 3.050000e+01
    endloop
  endfacet
  facet normal -2.583792e-14 -1.000000e+00 -0.000000e+00
    outer loop
      vertex   9.806000e+01 -1.241600e+02 2.800000e+01
      vertex   9.586000e+01 -1.241600e+02 2.800000e+01
      vertex   9.806000e+01 -1.241600e+02 2.600000e+01
    endloop
  endfacet
  facet normal -2.583792e-14 -1.000000e+00 0.000000e+00
    outer loop
      vertex   9.806000e+01 -1.241600e+02 2.600000e+01
      vertex   9.586000e+01 -1.241600e+02 2.800000e+01
      vertex   9.586000e+01 -1.241600e+02 2.600000e+01
    endloop
  endfacet
  facet normal -1.000000e+00 -1.743663e-15 -0.000000e+00
    outer loop
      vertex   9.806000e+01 -1.404600e+02 2.800000e+01
      vertex   9.806000e+01 -1.241600e+02 2.800000e+01
      vertex   9.806000e+01 -1.404600e+02 2.600000e+01
    endloop
  endfacet
  facet normal -1.000000e+00 -1.743663e-15 0.000000e+00
    outer loop
      vertex   9.806000e+01 -1.404600e+02 2.600000e+01
      vertex   9.806000e+01 -1.241600e+02 2.800000e+01
      vertex   9.806000e+01 -1.241600e+02 2.600000e+01
    endloop
  endfacet
  facet normal 2.583792e-14 1.000000e+00 0.000000e+00
    outer loop
      vertex   9.586000e+01 -1.404600e+02 2.800000e+01
      vertex   9.806000e+01 -1.404600e+02 2.800000e+01
      vertex   9.586000e+01 -1.404600e+02 2.600000e+01
    endloop
  endfacet
  facet normal 2.583792e-14 1.000000e+00 0.000000e+00
    outer loop
      vertex   9.586000e+01 -1.404600e+02 2.600000e+01
      vertex   9.806000e+01 -1.404600e+02 2.800000e+01
      vertex   9.806000e+01 -1.404600e+02 2.600000e+01
    endloop
  endfacet
  facet normal 1.000000e+00 8.718316e-16 0.000000e+00
    outer loop
      vertex   9.586000e+01 -1.241600e+02 2.800000e+01
      vertex   9.586000e+01 -1.404600e+02 2.800000e+01
      vertex   9.586000e+01 -1.241600e+02 2.600000e+01
    endloop
  endfacet
  facet normal 1.000000e+00 8.718316e-16 0.000000e+00
    outer loop
      vertex   9.586000e+01 -1.241600e+02 2.600000e+01
      vertex   9.586000e+01 -1.404600e+02 2.800000e+01
      vertex   9.586000e+01 -1.404600e+02 2.600000e+01
    endloop
  endfacet
  facet normal 8.410239e-01 5.409980e-01 -0.000000e+00
    outer loop
      vertex   1.455480e+02 -1.138815e+02 2.850000e+01
      vertex   1.454250e+02 -1.136902e+02 2.850000e+01
      vertex   1.455480e+02 -1.138815e+02 3.050000e+01
    endloop
  endfacet
  facet normal 8.411302e-01 5.408327e-01 -2.234448e-05
    outer loop
      vertex   1.455480e+02 -1.138815e+02 3.050000e+01
      vertex   1.454250e+02 -1.136902e+02 2.850000e+01
      vertex   1.454250e+02 -1.136902e+02 3.050000e+01
    endloop
  endfacet
  facet normal 8.736674e-01 4.865237e-01 -2.231938e-05
    outer loop
      vertex   1.454250e+02 -1.136902e+02 3.050000e+01
      vertex   1.454250e+02 -1.136902e+02 2.850000e+01
      vertex   1.450382e+02 -1.129955e+02 3.050000e+01
    endloop
  endfacet
  facet normal 8.734363e-01 4.869384e-01 -2.110719e-04
    outer loop
      vertex   1.450382e+02 -1.129955e+02 3.050000e+01
      vertex   1.454250e+02 -1.136902e+02 2.850000e+01
      vertex   1.450375e+02 -1.129952e+02 2.850000e+01
    endloop
  endfacet
  facet normal 9.166504e-01 3.996898e-01 -2.390877e-04
    outer loop
      vertex   1.450382e+02 -1.129955e+02 3.050000e+01
      vertex   1.450375e+02 -1.129952e+02 2.850000e+01
      vertex   1.447194e+02 -1.122646e+02 3.050000e+01
    endloop
  endfacet
  facet normal 9.165723e-01 3.998689e-01 -3.169434e-04
    outer loop
      vertex   1.447194e+02 -1.122646e+02 3.050000e+01
      vertex   1.450375e+02 -1.129952e+02 2.850000e+01
      vertex   1.447183e+02 -1.122635e+02 2.850000e+01
    endloop
  endfacet
  facet normal 9.510656e-01 3.089887e-01 -3.853535e-04
    outer loop
      vertex   1.447194e+02 -1.122646e+02 3.050000e+01
      vertex   1.447183e+02 -1.122635e+02 2.850000e+01
      vertex   1.444717e+02 -1.115045e+02 2.850000e+01
    endloop
  endfacet
  facet normal 9.508951e-01 3.095133e-01 -1.648985e-04
    outer loop
      vertex   1.447194e+02 -1.122646e+02 3.050000e+01
      vertex   1.444717e+02 -1.115045e+02 2.850000e+01
      vertex   1.444723e+02 -1.115051e+02 3.050000e+01
    endloop
  endfacet
  facet normal 9.765843e-01 2.151351e-01 -2.004251e-04
    outer loop
      vertex   1.444723e+02 -1.115051e+02 3.050000e+01
      vertex   1.444717e+02 -1.115045e+02 2.850000e+01
      vertex   1.443000e+02 -1.107251e+02 2.850000e+01
    endloop
  endfacet
  facet normal 9.764762e-01 2.156251e-01 0.000000e+00
    outer loop
      vertex   1.444723e+02 -1.115051e+02 3.050000e+01
      vertex   1.443000e+02 -1.107251e+02 2.850000e+01
      vertex   1.443000e+02 -1.107251e+02 3.050000e+01
    endloop
  endfacet
  facet normal -4.436656e-01 8.961924e-01 0.000000e+00
    outer loop
      vertex   1.565865e+02 -1.165257e+02 2.850000e+01
      vertex   1.556020e+02 -1.170130e+02 2.850000e+01
      vertex   1.565865e+02 -1.165257e+02 3.050000e+01
    endloop
  endfacet
  facet normal -4.427168e-01 8.966613e-01 -5.812432e-04
    outer loop
      vertex   1.565865e+02 -1.165257e+02 3.050000e+01
      vertex   1.556020e+02 -1.170130e+02 2.850000e+01
      vertex   1.556008e+02 -1.170123e+02 3.050000e+01
    endloop
  endfacet
  facet normal -3.228757e-01 9.464412e-01 -5.234369e-04
    outer loop
      vertex   1.556008e+02 -1.170123e+02 3.050000e+01
      vertex   1.556020e+02 -1.170130e+02 2.850000e+01
      vertex   1.545666e+02 -1.173663e+02 2.850000e+01
    endloop
  endfacet
  facet normal -3.220479e-01 9.467229e-01 -1.001364e-03
    outer loop
      vertex   1.556008e+02 -1.170123e+02 3.050000e+01
      vertex   1.545666e+02 -1.173663e+02 2.850000e+01
      vertex   1.545629e+02 -1.173654e+02 3.050000e+01
    endloop
  endfacet
  facet normal -1.949455e-01 9.808138e-01 -7.802047e-04
    outer loop
      vertex   1.545629e+02 -1.173654e+02 3.050000e+01
      vertex   1.545666e+02 -1.173663e+02 2.850000e+01
      vertex   1.534903e+02 -1.175802e+02 2.850000e+01
    endloop
  endfacet
  facet normal -1.954954e-01 9.807045e-01 -4.735947e-04
    outer loop
      vertex   1.545629e+02 -1.173654e+02 3.050000e+01
      vertex   1.534903e+02 -1.175802e+02 2.850000e+01
      vertex   1.534895e+02 -1.175794e+02 3.050000e+01
    endloop
  endfacet
  facet normal -6.254828e-02 9.980418e-01 -4.251216e-04
    outer loop
      vertex   1.534895e+02 -1.175794e+02 3.050000e+01
      vertex   1.534903e+02 -1.175802e+02 2.850000e+01
      vertex   1.523974e+02 -1.176487e+02 2.850000e+01
    endloop
  endfacet
  facet normal -6.338339e-02 9.979893e-01 3.270105e-05
    outer loop
      vertex   1.534895e+02 -1.175794e+02 3.050000e+01
      vertex   1.523974e+02 -1.176487e+02 2.850000e+01
      vertex   1.523974e+02 -1.176488e+02 3.050000e+01
    endloop
  endfacet
  facet normal 6.679624e-02 9.977666e-01 3.271286e-05
    outer loop
      vertex   1.523974e+02 -1.176488e+02 3.050000e+01
      vertex   1.523974e+02 -1.176487e+02 2.850000e+01
      vertex   1.513840e+02 -1.175808e+02 2.850000e+01
    endloop
  endfacet
  facet normal 6.927662e-02 9.975967e-01 -1.229828e-03
    outer loop
      vertex   1.523974e+02 -1.176488e+02 3.050000e+01
      vertex   1.513840e+02 -1.175808e+02 2.850000e+01
      vertex   1.513837e+02 -1.175784e+02 3.050000e+01
    endloop
  endfacet
  facet normal 1.946234e-01 9.808773e-01 -1.191208e-03
    outer loop
      vertex   1.513837e+02 -1.175784e+02 3.050000e+01
      vertex   1.513840e+02 -1.175808e+02 2.850000e+01
      vertex   1.503856e+02 -1.173803e+02 3.050000e+01
    endloop
  endfacet
  facet normal 1.907345e-01 9.816364e-01 -3.208573e-03
    outer loop
      vertex   1.503856e+02 -1.173803e+02 3.050000e+01
      vertex   1.513840e+02 -1.175808e+02 2.850000e+01
      vertex   1.503833e+02 -1.173864e+02 2.850000e+01
    endloop
  endfacet
  facet normal 3.115828e-01 9.502134e-01 -3.252658e-03
    outer loop
      vertex   1.503856e+02 -1.173803e+02 3.050000e+01
      vertex   1.503833e+02 -1.173864e+02 2.850000e+01
      vertex   1.494163e+02 -1.170693e+02 2.850000e+01
    endloop
  endfacet
  facet normal 3.133987e-01 9.496122e-01 -4.226245e-03
    outer loop
      vertex   1.503856e+02 -1.173803e+02 3.050000e+01
      vertex   1.494163e+02 -1.170693e+02 2.850000e+01
      vertex   1.494182e+02 -1.170610e+02 3.050000e+01
    endloop
  endfacet
  facet normal 4.271672e-01 9.041631e-01 -4.142170e-03
    outer loop
      vertex   1.494182e+02 -1.170610e+02 3.050000e+01
      vertex   1.494163e+02 -1.170693e+02 2.850000e+01
      vertex   1.484970e+02 -1.166350e+02 2.850000e+01
    endloop
  endfacet
  facet normal 4.260812e-01 9.046780e-01 -3.532287e-03
    outer loop
      vertex   1.494182e+02 -1.170610e+02 3.050000e+01
      vertex   1.484970e+02 -1.166350e+02 2.850000e+01
      vertex   1.484964e+02 -1.166269e+02 3.050000e+01
    endloop
  endfacet
  facet normal 5.359972e-01 8.442135e-01 -3.251714e-03
    outer loop
      vertex   1.484964e+02 -1.166269e+02 3.050000e+01
      vertex   1.484970e+02 -1.166350e+02 2.850000e+01
      vertex   1.476362e+02 -1.160885e+02 2.850000e+01
    endloop
  endfacet
  facet normal 5.331128e-01 8.460428e-01 -1.518734e-03
    outer loop
      vertex   1.484964e+02 -1.166269e+02 3.050000e+01
      vertex   1.476362e+02 -1.160885e+02 2.850000e+01
      vertex   1.476352e+02 -1.160842e+02 3.050000e+01
    endloop
  endfacet
  facet normal 6.363147e-01 7.714285e-01 -1.310086e-03
    outer loop
      vertex   1.476352e+02 -1.160842e+02 3.050000e+01
      vertex   1.476362e+02 -1.160885e+02 2.850000e+01
      vertex   1.468511e+02 -1.154409e+02 2.850000e+01
    endloop
  endfacet
  facet normal 6.344639e-01 7.729525e-01 -9.426087e-05
    outer loop
      vertex   1.476352e+02 -1.160842e+02 3.050000e+01
      vertex   1.468511e+02 -1.154409e+02 2.850000e+01
      vertex   1.468497e+02 -1.154395e+02 3.050000e+01
    endloop
  endfacet
  facet normal 7.264798e-01 6.871878e-01 2.525513e-05
    outer loop
      vertex   1.468497e+02 -1.154395e+02 3.050000e+01
      vertex   1.468511e+02 -1.154409e+02 2.850000e+01
      vertex   1.461527e+02 -1.147026e+02 2.850000e+01
    endloop
  endfacet
  facet normal 7.265853e-01 6.870763e-01 -5.262902e-05
    outer loop
      vertex   1.468497e+02 -1.154395e+02 3.050000e+01
      vertex   1.461527e+02 -1.147026e+02 2.850000e+01
      vertex   1.461520e+02 -1.147016e+02 3.050000e+01
    endloop
  endfacet
  facet normal 8.051957e-01 5.930092e-01 1.959093e-05
    outer loop
      vertex   1.461520e+02 -1.147016e+02 3.050000e+01
      vertex   1.461527e+02 -1.147026e+02 2.850000e+01
      vertex   1.455480e+02 -1.138815e+02 2.850000e+01
    endloop
  endfacet
  facet normal 8.052185e-01 5.929783e-01 0.000000e+00
    outer loop
      vertex   1.461520e+02 -1.147016e+02 3.050000e+01
      vertex   1.455480e+02 -1.138815e+02 2.850000e+01
      vertex   1.455480e+02 -1.138815e+02 3.050000e+01
    endloop
  endfacet
  facet normal -9.604206e-01 2.785538e-01 0.000000e+00
    outer loop
      vertex   1.605000e+02 -1.113600e+02 3.050000e+01
      vertex   1.605000e+02 -1.113600e+02 2.850000e+01
      vertex   1.603187e+02 -1.119852e+02 3.050000e+01
    endloop
  endfacet
  facet normal -9.603799e-01 2.786940e-01 4.752940e-05
    outer loop
      vertex   1.603187e+02 -1.119852e+02 3.050000e+01
      vertex   1.605000e+02 -1.113600e+02 2.850000e+01
      vertex   1.603184e+02 -1.119857e+02 2.850000e+01
    endloop
  endfacet
  facet normal -9.357624e-01 3.526311e-01 2.477662e-05
    outer loop
      vertex   1.603187e+02 -1.119852e+02 3.050000e+01
      vertex   1.603184e+02 -1.119857e+02 2.850000e+01
      vertex   1.600892e+02 -1.125942e+02 3.050000e+01
    endloop
  endfacet
  facet normal -9.356884e-01 3.528275e-01 9.302520e-05
    outer loop
      vertex   1.600892e+02 -1.125942e+02 3.050000e+01
      vertex   1.603184e+02 -1.119857e+02 2.850000e+01
      vertex   1.600887e+02 -1.125950e+02 2.850000e+01
    endloop
  endfacet
  facet normal -9.052738e-01 4.248286e-01 5.548852e-05
    outer loop
      vertex   1.600892e+02 -1.125942e+02 3.050000e+01
      vertex   1.600887e+02 -1.125950e+02 2.850000e+01
      vertex   1.598120e+02 -1.131848e+02 3.050000e+01
    endloop
  endfacet
  facet normal -9.052750e-01 4.248260e-01 5.453047e-05
    outer loop
      vertex   1.598120e+02 -1.131848e+02 3.050000e+01
      vertex   1.600887e+02 -1.125950e+02 2.850000e+01
      vertex   1.598117e+02 -1.131852e+02 2.850000e+01
    endloop
  endfacet
  facet normal -8.691603e-01 4.945305e-01 3.445572e-05
    outer loop
      vertex   1.598120e+02 -1.131848e+02 3.050000e+01
      vertex   1.598117e+02 -1.131852e+02 2.850000e+01
      vertex   1.594877e+02 -1.137549e+02 3.050000e+01
    endloop
  endfacet
  facet normal -8.691296e-01 4.945845e-01 5.480524e-05
    outer loop
      vertex   1.594877e+02 -1.137549e+02 3.050000e+01
      vertex   1.598117e+02 -1.131852e+02 2.850000e+01
      vertex   1.594876e+02 -1.137548e+02 2.850000e+01
    endloop
  endfacet
  facet normal -8.137714e-01 5.811851e-01 5.473883e-05
    outer loop
      vertex   1.594877e+02 -1.137549e+02 3.050000e+01
      vertex   1.594876e+02 -1.137548e+02 2.850000e+01
      vertex   1.588997e+02 -1.145782e+02 3.050000e+01
    endloop
  endfacet
  facet normal -8.142232e-01 5.805519e-01 -3.387513e-04
    outer loop
      vertex   1.588997e+02 -1.145782e+02 3.050000e+01
      vertex   1.594876e+02 -1.137548e+02 2.850000e+01
      vertex   1.588990e+02 -1.145803e+02 2.850000e+01
    endloop
  endfacet
  facet normal -7.345001e-01 6.786085e-01 -4.695238e-04
    outer loop
      vertex   1.588997e+02 -1.145782e+02 3.050000e+01
      vertex   1.588990e+02 -1.145803e+02 2.850000e+01
      vertex   1.582124e+02 -1.153220e+02 3.050000e+01
    endloop
  endfacet
  facet normal -7.347356e-01 6.783533e-01 -6.450181e-04
    outer loop
      vertex   1.582124e+02 -1.153220e+02 3.050000e+01
      vertex   1.588990e+02 -1.145803e+02 2.850000e+01
      vertex   1.582117e+02 -1.153247e+02 2.850000e+01
    endloop
  endfacet
  facet normal -6.437680e-01 7.652204e-01 -7.925838e-04
    outer loop
      vertex   1.582124e+02 -1.153220e+02 3.050000e+01
      vertex   1.582117e+02 -1.153247e+02 2.850000e+01
      vertex   1.574378e+02 -1.159758e+02 2.850000e+01
    endloop
  endfacet
  facet normal -6.443688e-01 7.647147e-01 -3.945869e-04
    outer loop
      vertex   1.582124e+02 -1.153220e+02 3.050000e+01
      vertex   1.574378e+02 -1.159758e+02 2.850000e+01
      vertex   1.574375e+02 -1.159750e+02 3.050000e+01
    endloop
  endfacet
  facet normal -5.425835e-01 8.400018e-01 -4.069727e-04
    outer loop
      vertex   1.574375e+02 -1.159750e+02 3.050000e+01
      vertex   1.574378e+02 -1.159758e+02 2.850000e+01
      vertex   1.565865e+02 -1.165257e+02 2.850000e+01
    endloop
  endfacet
  facet normal -5.432579e-01 8.395659e-01 0.000000e+00
    outer loop
      vertex   1.574375e+02 -1.159750e+02 3.050000e+01
      vertex   1.565865e+02 -1.165257e+02 2.850000e+01
      vertex   1.565865e+02 -1.165257e+02 3.050000e+01
    endloop
  endfacet
  facet normal -1.000000e+00 -8.313364e-11 0.000000e+00
    outer loop
      vertex   1.605000e+02 -1.073429e+02 2.850000e+01
      vertex   1.605000e+02 -1.113600e+02 2.850000e+01
      vertex   1.605000e+02 -1.073429e+02 3.050000e+01
    endloop
  endfacet
  facet normal -1.000000e+00 -8.313364e-11 0.000000e+00
    outer loop
      vertex   1.605000e+02 -1.073429e+02 3.050000e+01
      vertex   1.605000e+02 -1.113600e+02 2.850000e+01
      vertex   1.605000e+02 -1.113600e+02 3.050000e+01
    endloop
  endfacet
  facet normal -6.528473e-01 -7.574896e-01 -0.000000e+00
    outer loop
      vertex   1.574320e+02 -1.026658e+02 3.050000e+01
      vertex   1.574320e+02 -1.026658e+02 2.850000e+01
      vertex   1.581190e+02 -1.032579e+02 2.950000e+01
    endloop
  endfacet
  facet normal -6.530553e-01 -7.573102e-01 2.491555e-04
    outer loop
      vertex   1.581190e+02 -1.032579e+02 2.950000e+01
      vertex   1.574320e+02 -1.026658e+02 2.850000e+01
      vertex   1.581266e+02 -1.032648e+02 2.850000e+01
    endloop
  endfacet
  facet normal -7.287249e-01 -6.848061e-01 -8.260228e-04
    outer loop
      vertex   1.581190e+02 -1.032579e+02 2.950000e+01
      vertex   1.581266e+02 -1.032648e+02 2.850000e+01
      vertex   1.587396e+02 -1.039184e+02 2.950000e+01
    endloop
  endfacet
  facet normal -7.297363e-01 -6.837285e-01 4.983103e-04
    outer loop
      vertex   1.587396e+02 -1.039184e+02 2.950000e+01
      vertex   1.581266e+02 -1.032648e+02 2.850000e+01
      vertex   1.587528e+02 -1.039331e+02 2.850000e+01
    endloop
  endfacet
  facet normal -7.962357e-01 -6.049846e-01 -1.536198e-03
    outer loop
      vertex   1.587396e+02 -1.039184e+02 2.950000e+01
      vertex   1.587528e+02 -1.039331e+02 2.850000e+01
      vertex   1.592876e+02 -1.046396e+02 2.950000e+01
    endloop
  endfacet
  facet normal -7.981612e-01 -6.024426e-01 1.289539e-03
    outer loop
      vertex   1.592876e+02 -1.046396e+02 2.950000e+01
      vertex   1.587528e+02 -1.039331e+02 2.850000e+01
      vertex   1.593052e+02 -1.046650e+02 2.850000e+01
    endloop
  endfacet
  facet normal -8.552512e-01 -5.182103e-01 -1.855377e-03
    outer loop
      vertex   1.592876e+02 -1.046396e+02 2.950000e+01
      vertex   1.593052e+02 -1.046650e+02 2.850000e+01
      vertex   1.597571e+02 -1.054144e+02 2.950000e+01
    endloop
  endfacet
  facet normal -8.562137e-01 -5.166217e-01 -2.301284e-04
    outer loop
      vertex   1.597571e+02 -1.054144e+02 2.950000e+01
      vertex   1.593052e+02 -1.046650e+02 2.850000e+01
      vertex   1.597573e+02 -1.054142e+02 2.850000e+01
    endloop
  endfacet
  facet normal -8.977793e-01 -4.404456e-01 -2.302862e-04
    outer loop
      vertex   1.597571e+02 -1.054144e+02 2.950000e+01
      vertex   1.597573e+02 -1.054142e+02 2.850000e+01
      vertex   1.600191e+02 -1.059479e+02 2.850000e+01
    endloop
  endfacet
  facet normal -9.082747e-01 -4.181090e-01 -1.489748e-02
    outer loop
      vertex   1.597571e+02 -1.054144e+02 2.950000e+01
      vertex   1.600191e+02 -1.059479e+02 2.850000e+01
      vertex   1.601789e+02 -1.063307e+02 2.950000e+01
    endloop
  endfacet
  facet normal -9.257831e-01 -3.780412e-01 3.236898e-03
    outer loop
      vertex   1.601789e+02 -1.063307e+02 2.950000e+01
      vertex   1.600191e+02 -1.059479e+02 2.850000e+01
      vertex   1.602220e+02 -1.064448e+02 2.850000e+01
    endloop
  endfacet
  facet normal -9.471292e-01 -3.208249e-01 -4.215155e-03
    outer loop
      vertex   1.601789e+02 -1.063307e+02 2.950000e+01
      vertex   1.602220e+02 -1.064448e+02 2.850000e+01
      vertex   1.603755e+02 -1.068981e+02 2.850000e+01
    endloop
  endfacet
  facet normal -9.523299e-01 -3.047316e-01 -1.437035e-02
    outer loop
      vertex   1.601789e+02 -1.063307e+02 2.950000e+01
      vertex   1.603755e+02 -1.068981e+02 2.850000e+01
      vertex   1.604893e+02 -1.073009e+02 2.950000e+01
    endloop
  endfacet
  facet normal -9.623910e-01 -2.716681e-01 9.179948e-05
    outer loop
      vertex   1.604893e+02 -1.073009e+02 2.950000e+01
      vertex   1.603755e+02 -1.068981e+02 2.850000e+01
      vertex   1.604892e+02 -1.073009e+02 2.850000e+01
    endloop
  endfacet
  facet normal -9.687393e-01 -2.480808e-01 9.182068e-05
    outer loop
      vertex   1.604893e+02 -1.073009e+02 2.950000e+01
      vertex   1.604892e+02 -1.073009e+02 2.850000e+01
      vertex   1.605000e+02 -1.073429e+02 2.850000e+01
    endloop
  endfacet
  facet normal -9.692625e-01 -2.460288e-01 0.000000e+00
    outer loop
      vertex   1.605000e+02 -1.073429e+02 2.850000e+01
      vertex   1.605000e+02 -1.073429e+02 3.050000e+01
      vertex   1.604893e+02 -1.073009e+02 2.950000e+01
    endloop
  endfacet
  facet normal -9.692625e-01 -2.460288e-01 3.708550e-13
    outer loop
      vertex   1.604893e+02 -1.073009e+02 2.950000e+01
      vertex   1.605000e+02 -1.073429e+02 3.050000e+01
      vertex   1.604893e+02 -1.073009e+02 3.050000e+01
    endloop
  endfacet
  facet normal -9.524282e-01 -3.047630e-01 -3.457381e-09
    outer loop
      vertex   1.604893e+02 -1.073009e+02 2.950000e+01
      vertex   1.604893e+02 -1.073009e+02 3.050000e+01
      vertex   1.601789e+02 -1.063307e+02 3.050000e+01
    endloop
  endfacet
  facet normal -9.524282e-01 -3.047630e-01 1.997782e-09
    outer loop
      vertex   1.604893e+02 -1.073009e+02 2.950000e+01
      vertex   1.601789e+02 -1.063307e+02 3.050000e+01
      vertex   1.601789e+02 -1.063307e+02 2.950000e+01
    endloop
  endfacet
  facet normal -9.083755e-01 -4.181554e-01 -1.978141e-09
    outer loop
      vertex   1.601789e+02 -1.063307e+02 2.950000e+01
      vertex   1.601789e+02 -1.063307e+02 3.050000e+01
      vertex   1.597571e+02 -1.054144e+02 3.050000e+01
    endloop
  endfacet
  facet normal -9.083755e-01 -4.181554e-01 1.540476e-09
    outer loop
      vertex   1.601789e+02 -1.063307e+02 2.950000e+01
      vertex   1.597571e+02 -1.054144e+02 3.050000e+01
      vertex   1.597571e+02 -1.054144e+02 2.950000e+01
    endloop
  endfacet
  facet normal -8.552527e-01 -5.182112e-01 -1.346323e-09
    outer loop
      vertex   1.597571e+02 -1.054144e+02 2.950000e+01
      vertex   1.597571e+02 -1.054144e+02 3.050000e+01
      vertex   1.592876e+02 -1.046396e+02 3.050000e+01
    endloop
  endfacet
  facet normal -8.552527e-01 -5.182112e-01 1.005186e-09
    outer loop
      vertex   1.597571e+02 -1.054144e+02 2.950000e+01
      vertex   1.592876e+02 -1.046396e+02 3.050000e+01
      vertex   1.592876e+02 -1.046396e+02 2.950000e+01
    endloop
  endfacet
  facet normal -7.962367e-01 -6.049853e-01 -9.996240e-10
    outer loop
      vertex   1.592876e+02 -1.046396e+02 2.950000e+01
      vertex   1.592876e+02 -1.046396e+02 3.050000e+01
      vertex   1.587396e+02 -1.039184e+02 3.050000e+01
    endloop
  endfacet
  facet normal -7.962367e-01 -6.049853e-01 6.656875e-10
    outer loop
      vertex   1.592876e+02 -1.046396e+02 2.950000e+01
      vertex   1.587396e+02 -1.039184e+02 3.050000e+01
      vertex   1.587396e+02 -1.039184e+02 2.950000e+01
    endloop
  endfacet
  facet normal -7.287251e-01 -6.848063e-01 -6.661499e-10
    outer loop
      vertex   1.587396e+02 -1.039184e+02 2.950000e+01
      vertex   1.587396e+02 -1.039184e+02 3.050000e+01
      vertex   1.581190e+02 -1.032579e+02 3.050000e+01
    endloop
  endfacet
  facet normal -7.287251e-01 -6.848063e-01 3.338540e-10
    outer loop
      vertex   1.587396e+02 -1.039184e+02 2.950000e+01
      vertex   1.581190e+02 -1.032579e+02 3.050000e+01
      vertex   1.581190e+02 -1.032579e+02 2.950000e+01
    endloop
  endfacet
  facet normal -6.528473e-01 -7.574896e-01 -3.360181e-10
    outer loop
      vertex   1.581190e+02 -1.032579e+02 2.950000e+01
      vertex   1.581190e+02 -1.032579e+02 3.050000e+01
      vertex   1.574320e+02 -1.026658e+02 3.050000e+01
    endloop
  endfacet
  facet normal 1.010149e-01 -9.948849e-01 0.000000e+00
    outer loop
      vertex   1.509687e+02 -1.011599e+02 3.050000e+01
      vertex   1.509687e+02 -1.011599e+02 2.850000e+01
      vertex   1.520976e+02 -1.010453e+02 3.050000e+01
    endloop
  endfacet
  facet normal 1.010149e-01 -9.948849e-01 0.000000e+00
    outer loop
      vertex   1.520976e+02 -1.010453e+02 3.050000e+01
      vertex   1.509687e+02 -1.011599e+02 2.850000e+01
      vertex   1.520976e+02 -1.010453e+02 2.850000e+01
    endloop
  endfacet
  facet normal -3.084503e-02 -9.995242e-01 -0.000000e+00
    outer loop
      vertex   1.520976e+02 -1.010453e+02 3.050000e+01
      vertex   1.520976e+02 -1.010453e+02 2.850000e+01
      vertex   1.532318e+02 -1.010803e+02 3.050000e+01
    endloop
  endfacet
  facet normal -3.084503e-02 -9.995242e-01 -0.000000e+00
    outer loop
      vertex   1.532318e+02 -1.010803e+02 3.050000e+01
      vertex   1.520976e+02 -1.010453e+02 2.850000e+01
      vertex   1.532318e+02 -1.010803e+02 2.850000e+01
    endloop
  endfacet
  facet normal -1.621680e-01 -9.867632e-01 -0.000000e+00
    outer loop
      vertex   1.532318e+02 -1.010803e+02 3.050000e+01
      vertex   1.532318e+02 -1.010803e+02 2.850000e+01
      vertex   1.543514e+02 -1.012643e+02 3.050000e+01
    endloop
  endfacet
  facet normal -1.621680e-01 -9.867632e-01 -0.000000e+00
    outer loop
      vertex   1.543514e+02 -1.012643e+02 3.050000e+01
      vertex   1.532318e+02 -1.010803e+02 2.850000e+01
      vertex   1.543514e+02 -1.012643e+02 2.850000e+01
    endloop
  endfacet
  facet normal -2.906679e-01 -9.568240e-01 -0.000000e+00
    outer loop
      vertex   1.543514e+02 -1.012643e+02 3.050000e+01
      vertex   1.543514e+02 -1.012643e+02 2.850000e+01
      vertex   1.554372e+02 -1.015941e+02 3.050000e+01
    endloop
  endfacet
  facet normal -2.906679e-01 -9.568240e-01 -0.000000e+00
    outer loop
      vertex   1.554372e+02 -1.015941e+02 3.050000e+01
      vertex   1.543514e+02 -1.012643e+02 2.850000e+01
      vertex   1.554372e+02 -1.015941e+02 2.850000e+01
    endloop
  endfacet
  facet normal -4.141076e-01 -9.102279e-01 -0.000000e+00
    outer loop
      vertex   1.554372e+02 -1.015941e+02 3.050000e+01
      vertex   1.554372e+02 -1.015941e+02 2.850000e+01
      vertex   1.564700e+02 -1.020640e+02 3.050000e+01
    endloop
  endfacet
  facet normal -4.141076e-01 -9.102279e-01 -0.000000e+00
    outer loop
      vertex   1.564700e+02 -1.020640e+02 3.050000e+01
      vertex   1.554372e+02 -1.015941e+02 2.850000e+01
      vertex   1.564700e+02 -1.020640e+02 2.850000e+01
    endloop
  endfacet
  facet normal -5.303383e-01 -8.477861e-01 -0.000000e+00
    outer loop
      vertex   1.564700e+02 -1.020640e+02 3.050000e+01
      vertex   1.564700e+02 -1.020640e+02 2.850000e+01
      vertex   1.574320e+02 -1.026658e+02 2.850000e+01
    endloop
  endfacet
  facet normal -5.303383e-01 -8.477861e-01 0.000000e+00
    outer loop
      vertex   1.574320e+02 -1.026658e+02 2.850000e+01
      vertex   1.574320e+02 -1.026658e+02 3.050000e+01
      vertex   1.564700e+02 -1.020640e+02 3.050000e+01
    endloop
  endfacet
  facet normal 9.783255e-01 -2.070728e-01 0.000000e+00
    outer loop
      vertex   1.443000e+02 -1.079784e+02 3.050000e+01
      vertex   1.443000e+02 -1.079784e+02 2.850000e+01
      vertex   1.444373e+02 -1.073297e+02 3.050000e+01
    endloop
  endfacet
  facet normal 9.783236e-01 -2.070821e-01 3.172336e-06
    outer loop
      vertex   1.444373e+02 -1.073297e+02 3.050000e+01
      vertex   1.443000e+02 -1.079784e+02 2.850000e+01
      vertex   1.444373e+02 -1.073295e+02 2.850000e+01
    endloop
  endfacet
  facet normal 9.584322e-01 -2.853204e-01 -3.183573e-06
    outer loop
      vertex   1.444373e+02 -1.073297e+02 3.050000e+01
      vertex   1.444373e+02 -1.073295e+02 2.850000e+01
      vertex   1.446262e+02 -1.066951e+02 3.050000e+01
    endloop
  endfacet
  facet normal 9.584121e-01 -2.853877e-01 2.005413e-05
    outer loop
      vertex   1.446262e+02 -1.066951e+02 3.050000e+01
      vertex   1.444373e+02 -1.073295e+02 2.850000e+01
      vertex   1.446265e+02 -1.066942e+02 2.850000e+01
    endloop
  endfacet
  facet normal 9.323237e-01 -3.616248e-01 -2.022921e-05
    outer loop
      vertex   1.446262e+02 -1.066951e+02 3.050000e+01
      vertex   1.446265e+02 -1.066942e+02 2.850000e+01
      vertex   1.448656e+02 -1.060780e+02 3.050000e+01
    endloop
  endfacet
  facet normal 9.322205e-01 -3.618908e-01 7.406619e-05
    outer loop
      vertex   1.448656e+02 -1.060780e+02 3.050000e+01
      vertex   1.446265e+02 -1.066942e+02 2.850000e+01
      vertex   1.448666e+02 -1.060757e+02 2.850000e+01
    endloop
  endfacet
  facet normal 9.000639e-01 -4.357579e-01 -2.512447e-05
    outer loop
      vertex   1.448656e+02 -1.060780e+02 3.050000e+01
      vertex   1.448666e+02 -1.060757e+02 2.850000e+01
      vertex   1.451553e+02 -1.054796e+02 3.050000e+01
    endloop
  endfacet
  facet normal 8.999673e-01 -4.359573e-01 4.827383e-05
    outer loop
      vertex   1.451553e+02 -1.054796e+02 3.050000e+01
      vertex   1.448666e+02 -1.060757e+02 2.850000e+01
      vertex   1.451554e+02 -1.054796e+02 2.850000e+01
    endloop
  endfacet
  facet normal 8.606082e-01 -5.092676e-01 4.826657e-05
    outer loop
      vertex   1.451553e+02 -1.054796e+02 3.050000e+01
      vertex   1.451554e+02 -1.054796e+02 2.850000e+01
      vertex   1.455266e+02 -1.048521e+02 3.050000e+01
    endloop
  endfacet
  facet normal 8.542406e-01 -5.198579e-01 4.553239e-03
    outer loop
      vertex   1.455266e+02 -1.048521e+02 3.050000e+01
      vertex   1.451554e+02 -1.054796e+02 2.850000e+01
      vertex   1.456447e+02 -1.046755e+02 2.850000e+01
    endloop
  endfacet
  facet normal 8.098493e-01 -5.866246e-01 -3.963381e-03
    outer loop
      vertex   1.455266e+02 -1.048521e+02 3.050000e+01
      vertex   1.456447e+02 -1.046755e+02 2.850000e+01
      vertex   1.460219e+02 -1.041684e+02 3.050000e+01
    endloop
  endfacet
  facet normal 7.916477e-01 -6.109518e-01 5.636915e-03
    outer loop
      vertex   1.460219e+02 -1.041684e+02 3.050000e+01
      vertex   1.456447e+02 -1.046755e+02 2.850000e+01
      vertex   1.462160e+02 -1.039353e+02 2.850000e+01
    endloop
  endfacet
  facet normal 7.433091e-01 -6.689229e-01 -5.809726e-03
    outer loop
      vertex   1.460219e+02 -1.041684e+02 3.050000e+01
      vertex   1.462160e+02 -1.039353e+02 2.850000e+01
      vertex   1.466538e+02 -1.034662e+02 3.050000e+01
    endloop
  endfacet
  facet normal 7.198022e-01 -6.941594e-01 5.255848e-03
    outer loop
      vertex   1.466538e+02 -1.034662e+02 3.050000e+01
      vertex   1.462160e+02 -1.039353e+02 2.850000e+01
      vertex   1.468635e+02 -1.032639e+02 2.850000e+01
    endloop
  endfacet
  facet normal 6.622875e-01 -7.492230e-01 -6.344547e-03
    outer loop
      vertex   1.466538e+02 -1.034662e+02 3.050000e+01
      vertex   1.468635e+02 -1.032639e+02 2.850000e+01
      vertex   1.473956e+02 -1.028104e+02 3.050000e+01
    endloop
  endfacet
  facet normal 6.393216e-01 -7.689278e-01 4.233645e-03
    outer loop
      vertex   1.473956e+02 -1.028104e+02 3.050000e+01
      vertex   1.468635e+02 -1.032639e+02 2.850000e+01
      vertex   1.475813e+02 -1.026671e+02 2.850000e+01
    endloop
  endfacet
  facet normal 5.718324e-01 -8.203506e-01 -5.715624e-03
    outer loop
      vertex   1.473956e+02 -1.028104e+02 3.050000e+01
      vertex   1.475813e+02 -1.026671e+02 2.850000e+01
      vertex   1.482131e+02 -1.022406e+02 3.050000e+01
    endloop
  endfacet
  facet normal 5.509793e-01 -8.345098e-01 3.891096e-03
    outer loop
      vertex   1.482131e+02 -1.022406e+02 3.050000e+01
      vertex   1.475813e+02 -1.026671e+02 2.850000e+01
      vertex   1.483620e+02 -1.021516e+02 2.850000e+01
    endloop
  endfacet
  facet normal 4.708903e-01 -8.821818e-01 -4.194021e-03
    outer loop
      vertex   1.482131e+02 -1.022406e+02 3.050000e+01
      vertex   1.483620e+02 -1.021516e+02 2.850000e+01
      vertex   1.490871e+02 -1.017741e+02 3.050000e+01
    endloop
  endfacet
  facet normal 4.559854e-01 -8.899832e-01 2.682232e-03
    outer loop
      vertex   1.490871e+02 -1.017741e+02 3.050000e+01
      vertex   1.483620e+02 -1.021516e+02 2.850000e+01
      vertex   1.491925e+02 -1.017261e+02 2.850000e+01
    endloop
  endfacet
  facet normal 3.651770e-01 -9.309330e-01 -3.085486e-03
    outer loop
      vertex   1.490871e+02 -1.017741e+02 3.050000e+01
      vertex   1.491925e+02 -1.017261e+02 2.850000e+01
      vertex   1.500094e+02 -1.014123e+02 3.050000e+01
    endloop
  endfacet
  facet normal 3.556523e-01 -9.346173e-01 1.383382e-03
    outer loop
      vertex   1.500094e+02 -1.014123e+02 3.050000e+01
      vertex   1.491925e+02 -1.017261e+02 2.850000e+01
      vertex   1.500640e+02 -1.013945e+02 2.850000e+01
    endloop
  endfacet
  facet normal 2.544007e-01 -9.670975e-01 -1.667287e-03
    outer loop
      vertex   1.500094e+02 -1.014123e+02 3.050000e+01
      vertex   1.500640e+02 -1.013945e+02 2.850000e+01
      vertex   1.509687e+02 -1.011599e+02 3.050000e+01
    endloop
  endfacet
  facet normal 2.509490e-01 -9.680003e-01 0.000000e+00
    outer loop
      vertex   1.509687e+02 -1.011599e+02 3.050000e+01
      vertex   1.500640e+02 -1.013945e+02 2.850000e+01
      vertex   1.509687e+02 -1.011599e+02 2.850000e+01
    endloop
  endfacet
  facet normal 1.000000e+00 8.273871e-11 -0.000000e+00
    outer loop
      vertex   1.443000e+02 -1.107251e+02 2.850000e+01
      vertex   1.443000e+02 -1.079784e+02 2.850000e+01
      vertex   1.443000e+02 -1.107251e+02 3.050000e+01
    endloop
  endfacet
  facet normal 1.000000e+00 8.273871e-11 0.000000e+00
    outer loop
      vertex   1.443000e+02 -1.107251e+02 3.050000e+01
      vertex   1.443000e+02 -1.079784e+02 2.850000e+01
      vertex   1.443000e+02 -1.079784e+02 3.050000e+01
    endloop
  endfacet
  facet normal -9.604206e-01 2.785538e-01 0.000000e+00
    outer loop
      vertex   1.605000e+02 -1.343600e+02 3.050000e+01
      vertex   1.605000e+02 -1.343600e+02 2.850000e+01
      vertex   1.603187e+02 -1.349852e+02 3.050000e+01
    endloop
  endfacet
  facet normal -9.603799e-01 2.786940e-01 4.752940e-05
    outer loop
      vertex   1.603187e+02 -1.349852e+02 3.050000e+01
      vertex   1.605000e+02 -1.343600e+02 2.850000e+01
      vertex   1.603184e+02 -1.349857e+02 2.850000e+01
    endloop
  endfacet
  facet normal -9.357624e-01 3.526311e-01 2.477662e-05
    outer loop
      vertex   1.603187e+02 -1.349852e+02 3.050000e+01
      vertex   1.603184e+02 -1.349857e+02 2.850000e+01
      vertex   1.600892e+02 -1.355942e+02 3.050000e+01
    endloop
  endfacet
  facet normal -9.356884e-01 3.528275e-01 9.302520e-05
    outer loop
      vertex   1.600892e+02 -1.355942e+02 3.050000e+01
      vertex   1.603184e+02 -1.349857e+02 2.850000e+01
      vertex   1.600887e+02 -1.355950e+02 2.850000e+01
    endloop
  endfacet
  facet normal -9.052738e-01 4.248286e-01 5.548852e-05
    outer loop
      vertex   1.600892e+02 -1.355942e+02 3.050000e+01
      vertex   1.600887e+02 -1.355950e+02 2.850000e+01
      vertex   1.598120e+02 -1.361848e+02 3.050000e+01
    endloop
  endfacet
  facet normal -9.052750e-01 4.248260e-01 5.453047e-05
    outer loop
      vertex   1.598120e+02 -1.361848e+02 3.050000e+01
      vertex   1.600887e+02 -1.355950e+02 2.850000e+01
      vertex   1.598117e+02 -1.361852e+02 2.850000e+01
    endloop
  endfacet
  facet normal -8.691603e-01 4.945305e-01 3.445572e-05
    outer loop
      vertex   1.598120e+02 -1.361848e+02 3.050000e+01
      vertex   1.598117e+02 -1.361852e+02 2.850000e+01
      vertex   1.594877e+02 -1.367549e+02 3.050000e+01
    endloop
  endfacet
  facet normal -8.691296e-01 4.945845e-01 5.480524e-05
    outer loop
      vertex   1.594877e+02 -1.367549e+02 3.050000e+01
      vertex   1.598117e+02 -1.361852e+02 2.850000e+01
      vertex   1.594876e+02 -1.367548e+02 2.850000e+01
    endloop
  endfacet
  facet normal -8.137714e-01 5.811851e-01 5.473883e-05
    outer loop
      vertex   1.594877e+02 -1.367549e+02 3.050000e+01
      vertex   1.594876e+02 -1.367548e+02 2.850000e+01
      vertex   1.588997e+02 -1.375782e+02 3.050000e+01
    endloop
  endfacet
  facet normal -8.142232e-01 5.805519e-01 -3.387513e-04
    outer loop
      vertex   1.588997e+02 -1.375782e+02 3.050000e+01
      vertex   1.594876e+02 -1.367548e+02 2.850000e+01
      vertex   1.588990e+02 -1.375803e+02 2.850000e+01
    endloop
  endfacet
  facet normal -7.345001e-01 6.786085e-01 -4.695238e-04
    outer loop
      vertex   1.588997e+02 -1.375782e+02 3.050000e+01
      vertex   1.588990e+02 -1.375803e+02 2.850000e+01
      vertex   1.582124e+02 -1.383220e+02 3.050000e+01
    endloop
  endfacet
  facet normal -7.347356e-01 6.783533e-01 -6.450181e-04
    outer loop
      vertex   1.582124e+02 -1.383220e+02 3.050000e+01
      vertex   1.588990e+02 -1.375803e+02 2.850000e+01
      vertex   1.582117e+02 -1.383247e+02 2.850000e+01
    endloop
  endfacet
  facet normal -6.437680e-01 7.652204e-01 -7.925838e-04
    outer loop
      vertex   1.582124e+02 -1.383220e+02 3.050000e+01
      vertex   1.582117e+02 -1.383247e+02 2.850000e+01
      vertex   1.574378e+02 -1.389758e+02 2.850000e+01
    endloop
  endfacet
  facet normal -6.443688e-01 7.647147e-01 -3.945869e-04
    outer loop
      vertex   1.582124e+02 -1.383220e+02 3.050000e+01
      vertex   1.574378e+02 -1.389758e+02 2.850000e+01
      vertex   1.574375e+02 -1.389750e+02 3.050000e+01
    endloop
  endfacet
  facet normal -5.425835e-01 8.400018e-01 -4.069727e-04
    outer loop
      vertex   1.574375e+02 -1.389750e+02 3.050000e+01
      vertex   1.574378e+02 -1.389758e+02 2.850000e+01
      vertex   1.565865e+02 -1.395257e+02 2.850000e+01
    endloop
  endfacet
  facet normal -5.432579e-01 8.395659e-01 0.000000e+00
    outer loop
      vertex   1.574375e+02 -1.389750e+02 3.050000e+01
      vertex   1.565865e+02 -1.395257e+02 2.850000e+01
      vertex   1.565865e+02 -1.395257e+02 3.050000e+01
    endloop
  endfacet
  facet normal -1.000000e+00 -8.312656e-11 0.000000e+00
    outer loop
      vertex   1.605000e+02 -1.303429e+02 2.850000e+01
      vertex   1.605000e+02 -1.343600e+02 2.850000e+01
      vertex   1.605000e+02 -1.303429e+02 3.050000e+01
    endloop
  endfacet
  facet normal -1.000000e+00 -8.312656e-11 0.000000e+00
    outer loop
      vertex   1.605000e+02 -1.303429e+02 3.050000e+01
      vertex   1.605000e+02 -1.343600e+02 2.850000e+01
      vertex   1.605000e+02 -1.343600e+02 3.050000e+01
    endloop
  endfacet
  facet normal -6.528471e-01 -7.574897e-01 -0.000000e+00
    outer loop
      vertex   1.574320e+02 -1.256658e+02 3.050000e+01
      vertex   1.574320e+02 -1.256658e+02 2.850000e+01
      vertex   1.581190e+02 -1.262579e+02 2.950000e+01
    endloop
  endfacet
  facet normal -6.530553e-01 -7.573102e-01 2.493793e-04
    outer loop
      vertex   1.581190e+02 -1.262579e+02 2.950000e+01
      vertex   1.574320e+02 -1.256658e+02 2.850000e+01
      vertex   1.581266e+02 -1.262648e+02 2.850000e+01
    endloop
  endfacet
  facet normal -7.287246e-01 -6.848064e-01 -8.262422e-04
    outer loop
      vertex   1.581190e+02 -1.262579e+02 2.950000e+01
      vertex   1.581266e+02 -1.262648e+02 2.850000e+01
      vertex   1.587396e+02 -1.269184e+02 2.950000e+01
    endloop
  endfacet
  facet normal -7.297363e-01 -6.837285e-01 4.984785e-04
    outer loop
      vertex   1.587396e+02 -1.269184e+02 2.950000e+01
      vertex   1.581266e+02 -1.262648e+02 2.850000e+01
      vertex   1.587528e+02 -1.269331e+02 2.850000e+01
    endloop
  endfacet
  facet normal -7.962356e-01 -6.049847e-01 -1.536365e-03
    outer loop
      vertex   1.587396e+02 -1.269184e+02 2.950000e+01
      vertex   1.587528e+02 -1.269331e+02 2.850000e+01
      vertex   1.592876e+02 -1.276396e+02 2.950000e+01
    endloop
  endfacet
  facet normal -7.981612e-01 -6.024425e-01 1.289656e-03
    outer loop
      vertex   1.592876e+02 -1.276396e+02 2.950000e+01
      vertex   1.587528e+02 -1.269331e+02 2.850000e+01
      vertex   1.593052e+02 -1.276650e+02 2.850000e+01
    endloop
  endfacet
  facet normal -8.552512e-01 -5.182104e-01 -1.855495e-03
    outer loop
      vertex   1.592876e+02 -1.276396e+02 2.950000e+01
      vertex   1.593052e+02 -1.276650e+02 2.850000e+01
      vertex   1.597571e+02 -1.284144e+02 2.950000e+01
    endloop
  endfacet
  facet normal -8.562137e-01 -5.166217e-01 -2.301374e-04
    outer loop
      vertex   1.597571e+02 -1.284144e+02 2.950000e+01
      vertex   1.593052e+02 -1.276650e+02 2.850000e+01
      vertex   1.597573e+02 -1.284142e+02 2.850000e+01
    endloop
  endfacet
  facet normal -8.977793e-01 -4.404456e-01 -2.302953e-04
    outer loop
      vertex   1.597571e+02 -1.284144e+02 2.950000e+01
      vertex   1.597573e+02 -1.284142e+02 2.850000e+01
      vertex   1.600191e+02 -1.289479e+02 2.850000e+01
    endloop
  endfacet
  facet normal -9.082746e-01 -4.181092e-01 -1.489737e-02
    outer loop
      vertex   1.597571e+02 -1.284144e+02 2.950000e+01
      vertex   1.600191e+02 -1.289479e+02 2.850000e+01
      vertex   1.601789e+02 -1.293307e+02 2.950000e+01
    endloop
  endfacet
  facet normal -9.257831e-01 -3.780412e-01 3.236951e-03
    outer loop
      vertex   1.601789e+02 -1.293307e+02 2.950000e+01
      vertex   1.600191e+02 -1.289479e+02 2.850000e+01
      vertex   1.602220e+02 -1.294448e+02 2.850000e+01
    endloop
  endfacet
  facet normal -9.471291e-01 -3.208249e-01 -4.215274e-03
    outer loop
      vertex   1.601789e+02 -1.293307e+02 2.950000e+01
      vertex   1.602220e+02 -1.294448e+02 2.850000e+01
      vertex   1.603755e+02 -1.298981e+02 2.850000e+01
    endloop
  endfacet
  facet normal -9.523298e-01 -3.047317e-01 -1.437042e-02
    outer loop
      vertex   1.601789e+02 -1.293307e+02 2.950000e+01
      vertex   1.603755e+02 -1.298981e+02 2.850000e+01
      vertex   1.604893e+02 -1.303009e+02 2.950000e+01
    endloop
  endfacet
  facet normal -9.623910e-01 -2.716681e-01 9.179959e-05
    outer loop
      vertex   1.604893e+02 -1.303009e+02 2.950000e+01
      vertex   1.603755e+02 -1.298981e+02 2.850000e+01
      vertex   1.604892e+02 -1.303009e+02 2.850000e+01
    endloop
  endfacet
  facet normal -9.687393e-01 -2.480808e-01 9.182079e-05
    outer loop
      vertex   1.604893e+02 -1.303009e+02 2.950000e+01
      vertex   1.604892e+02 -1.303009e+02 2.850000e+01
      vertex   1.605000e+02 -1.303429e+02 2.850000e+01
    endloop
  endfacet
  facet normal -9.692625e-01 -2.460288e-01 0.000000e+00
    outer loop
      vertex   1.605000e+02 -1.303429e+02 2.850000e+01
      vertex   1.605000e+02 -1.303429e+02 3.050000e+01
      vertex   1.604893e+02 -1.303009e+02 2.950000e+01
    endloop
  endfacet
  facet normal -9.692625e-01 -2.460288e-01 3.986210e-13
    outer loop
      vertex   1.604893e+02 -1.303009e+02 2.950000e+01
      vertex   1.605000e+02 -1.303429e+02 3.050000e+01
      vertex   1.604893e+02 -1.303009e+02 3.050000e+01
    endloop
  endfacet
  facet normal -9.524282e-01 -3.047632e-01 -3.458295e-09
    outer loop
      vertex   1.604893e+02 -1.303009e+02 2.950000e+01
      vertex   1.604893e+02 -1.303009e+02 3.050000e+01
      vertex   1.601789e+02 -1.293307e+02 3.050000e+01
    endloop
  endfacet
  facet normal -9.524282e-01 -3.047632e-01 1.997520e-09
    outer loop
      vertex   1.604893e+02 -1.303009e+02 2.950000e+01
      vertex   1.601789e+02 -1.293307e+02 3.050000e+01
      vertex   1.601789e+02 -1.293307e+02 2.950000e+01
    endloop
  endfacet
  facet normal -9.083754e-01 -4.181556e-01 -1.977863e-09
    outer loop
      vertex   1.601789e+02 -1.293307e+02 2.950000e+01
      vertex   1.601789e+02 -1.293307e+02 3.050000e+01
      vertex   1.597571e+02 -1.284144e+02 3.050000e+01
    endloop
  endfacet
  facet normal -9.083754e-01 -4.181556e-01 1.540271e-09
    outer loop
      vertex   1.601789e+02 -1.293307e+02 2.950000e+01
      vertex   1.597571e+02 -1.284144e+02 3.050000e+01
      vertex   1.597571e+02 -1.284144e+02 2.950000e+01
    endloop
  endfacet
  facet normal -8.552526e-01 -5.182113e-01 -1.346134e-09
    outer loop
      vertex   1.597571e+02 -1.284144e+02 2.950000e+01
      vertex   1.597571e+02 -1.284144e+02 3.050000e+01
      vertex   1.592876e+02 -1.276396e+02 3.050000e+01
    endloop
  endfacet
  facet normal -8.552526e-01 -5.182113e-01 1.005074e-09
    outer loop
      vertex   1.597571e+02 -1.284144e+02 2.950000e+01
      vertex   1.592876e+02 -1.276396e+02 3.050000e+01
      vertex   1.592876e+02 -1.276396e+02 2.950000e+01
    endloop
  endfacet
  facet normal -7.962365e-01 -6.049855e-01 -9.994703e-10
    outer loop
      vertex   1.592876e+02 -1.276396e+02 2.950000e+01
      vertex   1.592876e+02 -1.276396e+02 3.050000e+01
      vertex   1.587396e+02 -1.269184e+02 3.050000e+01
    endloop
  endfacet
  facet normal -7.962365e-01 -6.049855e-01 6.655844e-10
    outer loop
      vertex   1.592876e+02 -1.276396e+02 2.950000e+01
      vertex   1.587396e+02 -1.269184e+02 3.050000e+01
      vertex   1.587396e+02 -1.269184e+02 2.950000e+01
    endloop
  endfacet
  facet normal -7.287249e-01 -6.848066e-01 -6.660769e-10
    outer loop
      vertex   1.587396e+02 -1.269184e+02 2.950000e+01
      vertex   1.587396e+02 -1.269184e+02 3.050000e+01
      vertex   1.581190e+02 -1.262579e+02 3.050000e+01
    endloop
  endfacet
  facet normal -7.287249e-01 -6.848066e-01 3.338253e-10
    outer loop
      vertex   1.587396e+02 -1.269184e+02 2.950000e+01
      vertex   1.581190e+02 -1.262579e+02 3.050000e+01
      vertex   1.581190e+02 -1.262579e+02 2.950000e+01
    endloop
  endfacet
  facet normal -6.528471e-01 -7.574897e-01 -3.359571e-10
    outer loop
      vertex   1.581190e+02 -1.262579e+02 2.950000e+01
      vertex   1.581190e+02 -1.262579e+02 3.050000e+01
      vertex   1.574320e+02 -1.256658e+02 3.050000e+01
    endloop
  endfacet
  facet normal 1.010149e-01 -9.948849e-01 0.000000e+00
    outer loop
      vertex   1.509687e+02 -1.241599e+02 3.050000e+01
      vertex   1.509687e+02 -1.241599e+02 2.850000e+01
      vertex   1.520976e+02 -1.240453e+02 3.050000e+01
    endloop
  endfacet
  facet normal 1.010149e-01 -9.948849e-01 0.000000e+00
    outer loop
      vertex   1.520976e+02 -1.240453e+02 3.050000e+01
      vertex   1.509687e+02 -1.241599e+02 2.850000e+01
      vertex   1.520976e+02 -1.240453e+02 2.850000e+01
    endloop
  endfacet
  facet normal -3.084503e-02 -9.995242e-01 -0.000000e+00
    outer loop
      vertex   1.520976e+02 -1.240453e+02 3.050000e+01
      vertex   1.520976e+02 -1.240453e+02 2.850000e+01
      vertex   1.532318e+02 -1.240803e+02 3.050000e+01
    endloop
  endfacet
  facet normal -3.084503e-02 -9.995242e-01 -0.000000e+00
    outer loop
      vertex   1.532318e+02 -1.240803e+02 3.050000e+01
      vertex   1.520976e+02 -1.240453e+02 2.850000e+01
      vertex   1.532318e+02 -1.240803e+02 2.850000e+01
    endloop
  endfacet
  facet normal -1.621680e-01 -9.867632e-01 -0.000000e+00
    outer loop
      vertex   1.532318e+02 -1.240803e+02 3.050000e+01
      vertex   1.532318e+02 -1.240803e+02 2.850000e+01
      vertex   1.543514e+02 -1.242643e+02 3.050000e+01
    endloop
  endfacet
  facet normal -1.621680e-01 -9.867632e-01 -0.000000e+00
    outer loop
      vertex   1.543514e+02 -1.242643e+02 3.050000e+01
      vertex   1.532318e+02 -1.240803e+02 2.850000e+01
      vertex   1.543514e+02 -1.242643e+02 2.850000e+01
    endloop
  endfacet
  facet normal -2.906679e-01 -9.568240e-01 -0.000000e+00
    outer loop
      vertex   1.543514e+02 -1.242643e+02 3.050000e+01
      vertex   1.543514e+02 -1.242643e+02 2.850000e+01
      vertex   1.554372e+02 -1.245941e+02 3.050000e+01
    endloop
  endfacet
  facet normal -2.906679e-01 -9.568240e-01 -0.000000e+00
    outer loop
      vertex   1.554372e+02 -1.245941e+02 3.050000e+01
      vertex   1.543514e+02 -1.242643e+02 2.850000e+01
      vertex   1.554372e+02 -1.245941e+02 2.850000e+01
    endloop
  endfacet
  facet normal -4.141076e-01 -9.102279e-01 -0.000000e+00
    outer loop
      vertex   1.554372e+02 -1.245941e+02 3.050000e+01
      vertex   1.554372e+02 -1.245941e+02 2.850000e+01
      vertex   1.564700e+02 -1.250640e+02 3.050000e+01
    endloop
  endfacet
  facet normal -4.141076e-01 -9.102279e-01 -0.000000e+00
    outer loop
      vertex   1.564700e+02 -1.250640e+02 3.050000e+01
      vertex   1.554372e+02 -1.245941e+02 2.850000e+01
      vertex   1.564700e+02 -1.250640e+02 2.850000e+01
    endloop
  endfacet
  facet normal -5.303383e-01 -8.477861e-01 -0.000000e+00
    outer loop
      vertex   1.564700e+02 -1.250640e+02 3.050000e+01
      vertex   1.564700e+02 -1.250640e+02 2.850000e+01
      vertex   1.574320e+02 -1.256658e+02 2.850000e+01
    endloop
  endfacet
  facet normal -5.303383e-01 -8.477861e-01 0.000000e+00
    outer loop
      vertex   1.574320e+02 -1.256658e+02 2.850000e+01
      vertex   1.574320e+02 -1.256658e+02 3.050000e+01
      vertex   1.564700e+02 -1.250640e+02 3.050000e+01
    endloop
  endfacet
  facet normal 9.783255e-01 -2.070728e-01 0.000000e+00
    outer loop
      vertex   1.443000e+02 -1.309784e+02 3.050000e+01
      vertex   1.443000e+02 -1.309784e+02 2.850000e+01
      vertex   1.444373e+02 -1.303297e+02 3.050000e+01
    endloop
  endfacet
  facet normal 9.783236e-01 -2.070821e-01 3.172280e-06
    outer loop
      vertex   1.444373e+02 -1.303297e+02 3.050000e+01
      vertex   1.443000e+02 -1.309784e+02 2.850000e+01
      vertex   1.444373e+02 -1.303295e+02 2.850000e+01
    endloop
  endfacet
  facet normal 9.584322e-01 -2.853205e-01 -3.183517e-06
    outer loop
      vertex   1.444373e+02 -1.303297e+02 3.050000e+01
      vertex   1.444373e+02 -1.303295e+02 2.850000e+01
      vertex   1.446262e+02 -1.296951e+02 3.050000e+01
    endloop
  endfacet
  facet normal 9.584121e-01 -2.853877e-01 2.005409e-05
    outer loop
      vertex   1.446262e+02 -1.296951e+02 3.050000e+01
      vertex   1.444373e+02 -1.303295e+02 2.850000e+01
      vertex   1.446265e+02 -1.296942e+02 2.850000e+01
    endloop
  endfacet
  facet normal 9.323237e-01 -3.616248e-01 -2.022917e-05
    outer loop
      vertex   1.446262e+02 -1.296951e+02 3.050000e+01
      vertex   1.446265e+02 -1.296942e+02 2.850000e+01
      vertex   1.448656e+02 -1.290780e+02 3.050000e+01
    endloop
  endfacet
  facet normal 9.322205e-01 -3.618908e-01 7.406617e-05
    outer loop
      vertex   1.448656e+02 -1.290780e+02 3.050000e+01
      vertex   1.446265e+02 -1.296942e+02 2.850000e+01
      vertex   1.448666e+02 -1.290757e+02 2.850000e+01
    endloop
  endfacet
  facet normal 9.000639e-01 -4.357579e-01 -2.512445e-05
    outer loop
      vertex   1.448656e+02 -1.290780e+02 3.050000e+01
      vertex   1.448666e+02 -1.290757e+02 2.850000e+01
      vertex   1.451553e+02 -1.284796e+02 3.050000e+01
    endloop
  endfacet
  facet normal 8.999673e-01 -4.359573e-01 4.827383e-05
    outer loop
      vertex   1.451553e+02 -1.284796e+02 3.050000e+01
      vertex   1.448666e+02 -1.290757e+02 2.850000e+01
      vertex   1.451554e+02 -1.284796e+02 2.850000e+01
    endloop
  endfacet
  facet normal 8.606082e-01 -5.092676e-01 4.826657e-05
    outer loop
      vertex   1.451553e+02 -1.284796e+02 3.050000e+01
      vertex   1.451554e+02 -1.284796e+02 2.850000e+01
      vertex   1.455266e+02 -1.278521e+02 3.050000e+01
    endloop
  endfacet
  facet normal 8.542406e-01 -5.198579e-01 4.553239e-03
    outer loop
      vertex   1.455266e+02 -1.278521e+02 3.050000e+01
      vertex   1.451554e+02 -1.284796e+02 2.850000e+01
      vertex   1.456447e+02 -1.276755e+02 2.850000e+01
    endloop
  endfacet
  facet normal 8.098493e-01 -5.866246e-01 -3.963381e-03
    outer loop
      vertex   1.455266e+02 -1.278521e+02 3.050000e+01
      vertex   1.456447e+02 -1.276755e+02 2.850000e+01
      vertex   1.460219e+02 -1.271684e+02 3.050000e+01
    endloop
  endfacet
  facet normal 7.916477e-01 -6.109518e-01 5.636915e-03
    outer loop
      vertex   1.460219e+02 -1.271684e+02 3.050000e+01
      vertex   1.456447e+02 -1.276755e+02 2.850000e+01
      vertex   1.462160e+02 -1.269353e+02 2.850000e+01
    endloop
  endfacet
  facet normal 7.433091e-01 -6.689229e-01 -5.809726e-03
    outer loop
      vertex   1.460219e+02 -1.271684e+02 3.050000e+01
      vertex   1.462160e+02 -1.269353e+02 2.850000e+01
      vertex   1.466538e+02 -1.264662e+02 3.050000e+01
    endloop
  endfacet
  facet normal 7.198022e-01 -6.941594e-01 5.255848e-03
    outer loop
      vertex   1.466538e+02 -1.264662e+02 3.050000e+01
      vertex   1.462160e+02 -1.269353e+02 2.850000e+01
      vertex   1.468635e+02 -1.262639e+02 2.850000e+01
    endloop
  endfacet
  facet normal 6.622875e-01 -7.492230e-01 -6.344547e-03
    outer loop
      vertex   1.466538e+02 -1.264662e+02 3.050000e+01
      vertex   1.468635e+02 -1.262639e+02 2.850000e+01
      vertex   1.473956e+02 -1.258104e+02 3.050000e+01
    endloop
  endfacet
  facet normal 6.393216e-01 -7.689278e-01 4.233645e-03
    outer loop
      vertex   1.473956e+02 -1.258104e+02 3.050000e+01
      vertex   1.468635e+02 -1.262639e+02 2.850000e+01
      vertex   1.475813e+02 -1.256671e+02 2.850000e+01
    endloop
  endfacet
  facet normal 5.718324e-01 -8.203506e-01 -5.715624e-03
    outer loop
      vertex   1.473956e+02 -1.258104e+02 3.050000e+01
      vertex   1.475813e+02 -1.256671e+02 2.850000e+01
      vertex   1.482131e+02 -1.252406e+02 3.050000e+01
    endloop
  endfacet
  facet normal 5.509793e-01 -8.345098e-01 3.891096e-03
    outer loop
      vertex   1.482131e+02 -1.252406e+02 3.050000e+01
      vertex   1.475813e+02 -1.256671e+02 2.850000e+01
      vertex   1.483620e+02 -1.251516e+02 2.850000e+01
    endloop
  endfacet
  facet normal 4.708903e-01 -8.821818e-01 -4.194021e-03
    outer loop
      vertex   1.482131e+02 -1.252406e+02 3.050000e+01
      vertex   1.483620e+02 -1.251516e+02 2.850000e+01
      vertex   1.490871e+02 -1.247741e+02 3.050000e+01
    endloop
  endfacet
  facet normal 4.559854e-01 -8.899832e-01 2.682232e-03
    outer loop
      vertex   1.490871e+02 -1.247741e+02 3.050000e+01
      vertex   1.483620e+02 -1.251516e+02 2.850000e+01
      vertex   1.491925e+02 -1.247261e+02 2.850000e+01
    endloop
  endfacet
  facet normal 3.651770e-01 -9.309330e-01 -3.085486e-03
    outer loop
      vertex   1.490871e+02 -1.247741e+02 3.050000e+01
      vertex   1.491925e+02 -1.247261e+02 2.850000e+01
      vertex   1.500094e+02 -1.244123e+02 3.050000e+01
    endloop
  endfacet
  facet normal 3.556523e-01 -9.346173e-01 1.383382e-03
    outer loop
      vertex   1.500094e+02 -1.244123e+02 3.050000e+01
      vertex   1.491925e+02 -1.247261e+02 2.850000e+01
      vertex   1.500640e+02 -1.243945e+02 2.850000e+01
    endloop
  endfacet
  facet normal 2.544007e-01 -9.670975e-01 -1.667287e-03
    outer loop
      vertex   1.500094e+02 -1.244123e+02 3.050000e+01
      vertex   1.500640e+02 -1.243945e+02 2.850000e+01
      vertex   1.509687e+02 -1.241599e+02 3.050000e+01
    endloop
  endfacet
  facet normal 2.509490e-01 -9.680003e-01 0.000000e+00
    outer loop
      vertex   1.509687e+02 -1.241599e+02 3.050000e+01
      vertex   1.500640e+02 -1.243945e+02 2.850000e+01
      vertex   1.509687e+02 -1.241599e+02 2.850000e+01
    endloop
  endfacet
  facet normal 1.000000e+00 8.273871e-11 -0.000000e+00
    outer loop
      vertex   1.443000e+02 -1.337251e+02 2.850000e+01
      vertex   1.443000e+02 -1.309784e+02 2.850000e+01
      vertex   1.443000e+02 -1.337251e+02 3.050000e+01
    endloop
  endfacet
  facet normal 1.000000e+00 8.273871e-11 0.000000e+00
    outer loop
      vertex   1.443000e+02 -1.337251e+02 3.050000e+01
      vertex   1.443000e+02 -1.309784e+02 2.850000e+01
      vertex   1.443000e+02 -1.309784e+02 3.050000e+01
    endloop
  endfacet
  facet normal 8.410239e-01 5.409980e-01 -0.000000e+00
    outer loop
      vertex   1.455480e+02 -1.368815e+02 2.850000e+01
      vertex   1.454250e+02 -1.366902e+02 2.850000e+01
      vertex   1.455480e+02 -1.368815e+02 3.050000e+01
    endloop
  endfacet
  facet normal 8.411302e-01 5.408327e-01 -2.234448e-05
    outer loop
      vertex   1.455480e+02 -1.368815e+02 3.050000e+01
      vertex   1.454250e+02 -1.366902e+02 2.850000e+01
      vertex   1.454250e+02 -1.366902e+02 3.050000e+01
    endloop
  endfacet
  facet normal 8.736674e-01 4.865237e-01 -2.231938e-05
    outer loop
      vertex   1.454250e+02 -1.366902e+02 3.050000e+01
      vertex   1.454250e+02 -1.366902e+02 2.850000e+01
      vertex   1.450382e+02 -1.359955e+02 3.050000e+01
    endloop
  endfacet
  facet normal 8.734363e-01 4.869384e-01 -2.110719e-04
    outer loop
      vertex   1.450382e+02 -1.359955e+02 3.050000e+01
      vertex   1.454250e+02 -1.366902e+02 2.850000e+01
      vertex   1.450375e+02 -1.359952e+02 2.850000e+01
    endloop
  endfacet
  facet normal 9.166504e-01 3.996898e-01 -2.390877e-04
    outer loop
      vertex   1.450382e+02 -1.359955e+02 3.050000e+01
      vertex   1.450375e+02 -1.359952e+02 2.850000e+01
      vertex   1.447194e+02 -1.352646e+02 3.050000e+01
    endloop
  endfacet
  facet normal 9.165723e-01 3.998689e-01 -3.169434e-04
    outer loop
      vertex   1.447194e+02 -1.352646e+02 3.050000e+01
      vertex   1.450375e+02 -1.359952e+02 2.850000e+01
      vertex   1.447183e+02 -1.352635e+02 2.850000e+01
    endloop
  endfacet
  facet normal 9.510656e-01 3.089887e-01 -3.853535e-04
    outer loop
      vertex   1.447194e+02 -1.352646e+02 3.050000e+01
      vertex   1.447183e+02 -1.352635e+02 2.850000e+01
      vertex   1.444717e+02 -1.345045e+02 2.850000e+01
    endloop
  endfacet
  facet normal 9.508951e-01 3.095133e-01 -1.648985e-04
    outer loop
      vertex   1.447194e+02 -1.352646e+02 3.050000e+01
      vertex   1.444717e+02 -1.345045e+02 2.850000e+01
      vertex   1.444723e+02 -1.345051e+02 3.050000e+01
    endloop
  endfacet
  facet normal 9.765843e-01 2.151351e-01 -2.004251e-04
    outer loop
      vertex   1.444723e+02 -1.345051e+02 3.050000e+01
      vertex   1.444717e+02 -1.345045e+02 2.850000e+01
      vertex   1.443000e+02 -1.337251e+02 2.850000e+01
    endloop
  endfacet
  facet normal 9.764762e-01 2.156251e-01 0.000000e+00
    outer loop
      vertex   1.444723e+02 -1.345051e+02 3.050000e+01
      vertex   1.443000e+02 -1.337251e+02 2.850000e+01
      vertex   1.443000e+02 -1.337251e+02 3.050000e+01
    endloop
  endfacet
  facet normal -4.436656e-01 8.961924e-01 0.000000e+00
    outer loop
      vertex   1.565865e+02 -1.395257e+02 2.850000e+01
      vertex   1.556020e+02 -1.400130e+02 2.850000e+01
      vertex   1.565865e+02 -1.395257e+02 3.050000e+01
    endloop
  endfacet
  facet normal -4.427168e-01 8.966613e-01 -5.812432e-04
    outer loop
      vertex   1.565865e+02 -1.395257e+02 3.050000e+01
      vertex   1.556020e+02 -1.400130e+02 2.850000e+01
      vertex   1.556008e+02 -1.400123e+02 3.050000e+01
    endloop
  endfacet
  facet normal -3.228757e-01 9.464412e-01 -5.234369e-04
    outer loop
      vertex   1.556008e+02 -1.400123e+02 3.050000e+01
      vertex   1.556020e+02 -1.400130e+02 2.850000e+01
      vertex   1.545666e+02 -1.403663e+02 2.850000e+01
    endloop
  endfacet
  facet normal -3.220479e-01 9.467229e-01 -1.001364e-03
    outer loop
      vertex   1.556008e+02 -1.400123e+02 3.050000e+01
      vertex   1.545666e+02 -1.403663e+02 2.850000e+01
      vertex   1.545629e+02 -1.403654e+02 3.050000e+01
    endloop
  endfacet
  facet normal -1.949455e-01 9.808138e-01 -7.802047e-04
    outer loop
      vertex   1.545629e+02 -1.403654e+02 3.050000e+01
      vertex   1.545666e+02 -1.403663e+02 2.850000e+01
      vertex   1.534903e+02 -1.405802e+02 2.850000e+01
    endloop
  endfacet
  facet normal -1.954954e-01 9.807045e-01 -4.735947e-04
    outer loop
      vertex   1.545629e+02 -1.403654e+02 3.050000e+01
      vertex   1.534903e+02 -1.405802e+02 2.850000e+01
      vertex   1.534895e+02 -1.405794e+02 3.050000e+01
    endloop
  endfacet
  facet normal -6.254828e-02 9.980418e-01 -4.251216e-04
    outer loop
      vertex   1.534895e+02 -1.405794e+02 3.050000e+01
      vertex   1.534903e+02 -1.405802e+02 2.850000e+01
      vertex   1.523974e+02 -1.406487e+02 2.850000e+01
    endloop
  endfacet
  facet normal -6.338339e-02 9.979893e-01 3.270105e-05
    outer loop
      vertex   1.534895e+02 -1.405794e+02 3.050000e+01
      vertex   1.523974e+02 -1.406487e+02 2.850000e+01
      vertex   1.523974e+02 -1.406488e+02 3.050000e+01
    endloop
  endfacet
  facet normal 6.679624e-02 9.977666e-01 3.271286e-05
    outer loop
      vertex   1.523974e+02 -1.406488e+02 3.050000e+01
      vertex   1.523974e+02 -1.406487e+02 2.850000e+01
      vertex   1.513840e+02 -1.405808e+02 2.850000e+01
    endloop
  endfacet
  facet normal 6.927662e-02 9.975967e-01 -1.229828e-03
    outer loop
      vertex   1.523974e+02 -1.406488e+02 3.050000e+01
      vertex   1.513840e+02 -1.405808e+02 2.850000e+01
      vertex   1.513837e+02 -1.405784e+02 3.050000e+01
    endloop
  endfacet
  facet normal 1.946234e-01 9.808773e-01 -1.191208e-03
    outer loop
      vertex   1.513837e+02 -1.405784e+02 3.050000e+01
      vertex   1.513840e+02 -1.405808e+02 2.850000e+01
      vertex   1.503856e+02 -1.403803e+02 3.050000e+01
    endloop
  endfacet
  facet normal 1.907345e-01 9.816364e-01 -3.208573e-03
    outer loop
      vertex   1.503856e+02 -1.403803e+02 3.050000e+01
      vertex   1.513840e+02 -1.405808e+02 2.850000e+01
      vertex   1.503833e+02 -1.403864e+02 2.850000e+01
    endloop
  endfacet
  facet normal 3.115828e-01 9.502134e-01 -3.252658e-03
    outer loop
      vertex   1.503856e+02 -1.403803e+02 3.050000e+01
      vertex   1.503833e+02 -1.403864e+02 2.850000e+01
      vertex   1.494163e+02 -1.400693e+02 2.850000e+01
    endloop
  endfacet
  facet normal 3.133987e-01 9.496122e-01 -4.226245e-03
    outer loop
      vertex   1.503856e+02 -1.403803e+02 3.050000e+01
      vertex   1.494163e+02 -1.400693e+02 2.850000e+01
      vertex   1.494182e+02 -1.400610e+02 3.050000e+01
    endloop
  endfacet
  facet normal 4.271672e-01 9.041631e-01 -4.142170e-03
    outer loop
      vertex   1.494182e+02 -1.400610e+02 3.050000e+01
      vertex   1.494163e+02 -1.400693e+02 2.850000e+01
      vertex   1.484970e+02 -1.396350e+02 2.850000e+01
    endloop
  endfacet
  facet normal 4.260812e-01 9.046780e-01 -3.532287e-03
    outer loop
      vertex   1.494182e+02 -1.400610e+02 3.050000e+01
      vertex   1.484970e+02 -1.396350e+02 2.850000e+01
      vertex   1.484964e+02 -1.396269e+02 3.050000e+01
    endloop
  endfacet
  facet normal 5.359972e-01 8.442135e-01 -3.251714e-03
    outer loop
      vertex   1.484964e+02 -1.396269e+02 3.050000e+01
      vertex   1.484970e+02 -1.396350e+02 2.850000e+01
      vertex   1.476362e+02 -1.390885e+02 2.850000e+01
    endloop
  endfacet
  facet normal 5.331128e-01 8.460428e-01 -1.518734e-03
    outer loop
      vertex   1.484964e+02 -1.396269e+02 3.050000e+01
      vertex   1.476362e+02 -1.390885e+02 2.850000e+01
      vertex   1.476352e+02 -1.390842e+02 3.050000e+01
    endloop
  endfacet
  facet normal 6.363147e-01 7.714285e-01 -1.310086e-03
    outer loop
      vertex   1.476352e+02 -1.390842e+02 3.050000e+01
      vertex   1.476362e+02 -1.390885e+02 2.850000e+01
      vertex   1.468511e+02 -1.384409e+02 2.850000e+01
    endloop
  endfacet
  facet normal 6.344639e-01 7.729525e-01 -9.426087e-05
    outer loop
      vertex   1.476352e+02 -1.390842e+02 3.050000e+01
      vertex   1.468511e+02 -1.384409e+02 2.850000e+01
      vertex   1.468497e+02 -1.384395e+02 3.050000e+01
    endloop
  endfacet
  facet normal 7.264798e-01 6.871878e-01 2.525513e-05
    outer loop
      vertex   1.468497e+02 -1.384395e+02 3.050000e+01
      vertex   1.468511e+02 -1.384409e+02 2.850000e+01
      vertex   1.461527e+02 -1.377026e+02 2.850000e+01
    endloop
  endfacet
  facet normal 7.265853e-01 6.870763e-01 -5.262902e-05
    outer loop
      vertex   1.468497e+02 -1.384395e+02 3.050000e+01
      vertex   1.461527e+02 -1.377026e+02 2.850000e+01
      vertex   1.461520e+02 -1.377016e+02 3.050000e+01
    endloop
  endfacet
  facet normal 8.051957e-01 5.930092e-01 1.959093e-05
    outer loop
      vertex   1.461520e+02 -1.377016e+02 3.050000e+01
      vertex   1.461527e+02 -1.377026e+02 2.850000e+01
      vertex   1.455480e+02 -1.368815e+02 2.850000e+01
    endloop
  endfacet
  facet normal 8.052185e-01 5.929783e-01 0.000000e+00
    outer loop
      vertex   1.461520e+02 -1.377016e+02 3.050000e+01
      vertex   1.455480e+02 -1.368815e+02 2.850000e+01
      vertex   1.455480e+02 -1.368815e+02 3.050000e+01
    endloop
  endfacet
  facet normal -2.583792e-14 -1.000000e+00 -0.000000e+00
    outer loop
      vertex   9.806000e+01 -1.041600e+02 2.800000e+01
      vertex   9.586000e+01 -1.041600e+02 2.800000e+01
      vertex   9.806000e+01 -1.041600e+02 2.600000e+01
    endloop
  endfacet
  facet normal -2.583792e-14 -1.000000e+00 0.000000e+00
    outer loop
      vertex   9.806000e+01 -1.041600e+02 2.600000e+01
      vertex   9.586000e+01 -1.041600e+02 2.800000e+01
      vertex   9.586000e+01 -1.041600e+02 2.600000e+01
    endloop
  endfacet
  facet normal -1.000000e+00 0.000000e+00 0.000000e+00
    outer loop
      vertex   9.806000e+01 -1.204600e+02 2.800000e+01
      vertex   9.806000e+01 -1.041600e+02 2.800000e+01
      vertex   9.806000e+01 -1.204600e+02 2.600000e+01
    endloop
  endfacet
  facet normal -1.000000e+00 0.000000e+00 0.000000e+00
    outer loop
      vertex   9.806000e+01 -1.204600e+02 2.600000e+01
      vertex   9.806000e+01 -1.041600e+02 2.800000e+01
      vertex   9.806000e+01 -1.041600e+02 2.600000e+01
    endloop
  endfacet
  facet normal 2.583792e-14 1.000000e+00 0.000000e+00
    outer loop
      vertex   9.586000e+01 -1.204600e+02 2.800000e+01
      vertex   9.806000e+01 -1.204600e+02 2.800000e+01
      vertex   9.586000e+01 -1.204600e+02 2.600000e+01
    endloop
  endfacet
  facet normal 2.583792e-14 1.000000e+00 0.000000e+00
    outer loop
      vertex   9.586000e+01 -1.204600e+02 2.600000e+01
      vertex   9.806000e+01 -1.204600e+02 2.800000e+01
      vertex   9.806000e+01 -1.204600e+02 2.600000e+01
    endloop
  endfacet
  facet normal 1.000000e+00 0.000000e+00 0.000000e+00
    outer loop
      vertex   9.586000e+01 -1.041600e+02 2.800000e+01
      vertex   9.586000e+01 -1.204600e+02 2.800000e+01
      vertex   9.586000e+01 -1.041600e+02 2.600000e+01
    endloop
  endfacet
  facet normal 1.000000e+00 0.000000e+00 0.000000e+00
    outer loop
      vertex   9.586000e+01 -1.041600e+02 2.600000e+01
      vertex   9.586000e+01 -1.204600e+02 2.800000e+01
      vertex   9.586000e+01 -1.204600e+02 2.600000e+01
    endloop
  endfacet
  facet normal -0.000000e+00 1.000000e+00 0.000000e+00
    outer loop
      vertex   1.490000e+02 -1.691400e+02 3.000000e+00
      vertex   1.580000e+02 -1.691400e+02 3.000000e+00
      vertex   1.661000e+02 -1.691400e+02 -2.000000e+00
    endloop
  endfacet
  facet normal 0.000000e+00 1.000000e+00 0.000000e+00
    outer loop
      vertex   1.661000e+02 -1.691400e+02 -2.000000e+00
      vertex   1.580000e+02 -1.691400e+02 3.000000e+00
      vertex   1.580000e+02 -1.691400e+02 8.000000e+00
    endloop
  endfacet
  facet normal 0.000000e+00 1.000000e+00 -0.000000e+00
    outer loop
      vertex   1.661000e+02 -1.691400e+02 -2.000000e+00
      vertex   1.580000e+02 -1.691400e+02 8.000000e+00
      vertex   1.661000e+02 -1.691400e+02 2.850000e+01
    endloop
  endfacet
  facet normal 0.000000e+00 1.000000e+00 0.000000e+00
    outer loop
      vertex   1.661000e+02 -1.691400e+02 2.850000e+01
      vertex   1.580000e+02 -1.691400e+02 8.000000e+00
      vertex   1.355789e+02 -1.691400e+02 1.069948e+01
    endloop
  endfacet
  facet normal 0.000000e+00 1.000000e+00 0.000000e+00
    outer loop
      vertex   1.661000e+02 -1.691400e+02 2.850000e+01
      vertex   1.355789e+02 -1.691400e+02 1.069948e+01
      vertex   1.387000e+02 -1.691400e+02 2.600000e+01
    endloop
  endfacet
  facet normal 0.000000e+00 1.000000e+00 0.000000e+00
    outer loop
      vertex   1.387000e+02 -1.691400e+02 2.600000e+01
      vertex   1.355789e+02 -1.691400e+02 1.069948e+01
      vertex   1.139695e+02 -1.691400e+02 1.069948e+01
    endloop
  endfacet
  facet normal 0.000000e+00 1.000000e+00 0.000000e+00
    outer loop
      vertex   1.387000e+02 -1.691400e+02 2.600000e+01
      vertex   1.139695e+02 -1.691400e+02 1.069948e+01
      vertex   8.670000e+01 -1.691400e+02 1.450000e+01
    endloop
  endfacet
  facet normal 0.000000e+00 1.000000e+00 0.000000e+00
    outer loop
      vertex   8.670000e+01 -1.691400e+02 1.450000e+01
      vertex   1.139695e+02 -1.691400e+02 1.069948e+01
      vertex   8.663163e+01 -1.691400e+02 1.371858e+01
    endloop
  endfacet
  facet normal 0.000000e+00 1.000000e+00 0.000000e+00
    outer loop
      vertex   8.663163e+01 -1.691400e+02 1.371858e+01
      vertex   1.139695e+02 -1.691400e+02 1.069948e+01
      vertex   8.642862e+01 -1.691400e+02 1.296091e+01
    endloop
  endfacet
  facet normal 0.000000e+00 1.000000e+00 0.000000e+00
    outer loop
      vertex   8.642862e+01 -1.691400e+02 1.296091e+01
      vertex   1.139695e+02 -1.691400e+02 1.069948e+01
      vertex   8.609711e+01 -1.691400e+02 1.225000e+01
    endloop
  endfacet
  facet normal 0.000000e+00 1.000000e+00 0.000000e+00
    outer loop
      vertex   8.609711e+01 -1.691400e+02 1.225000e+01
      vertex   1.139695e+02 -1.691400e+02 1.069948e+01
      vertex   8.564720e+01 -1.691400e+02 1.160746e+01
    endloop
  endfacet
  facet normal 0.000000e+00 1.000000e+00 0.000000e+00
    outer loop
      vertex   8.564720e+01 -1.691400e+02 1.160746e+01
      vertex   1.139695e+02 -1.691400e+02 1.069948e+01
      vertex   8.509254e+01 -1.691400e+02 1.105280e+01
    endloop
  endfacet
  facet normal 0.000000e+00 1.000000e+00 0.000000e+00
    outer loop
      vertex   8.509254e+01 -1.691400e+02 1.105280e+01
      vertex   1.139695e+02 -1.691400e+02 1.069948e+01
      vertex   8.445000e+01 -1.691400e+02 1.060289e+01
    endloop
  endfacet
  facet normal -0.000000e+00 1.000000e+00 0.000000e+00
    outer loop
      vertex   8.445000e+01 -1.691400e+02 1.060289e+01
      vertex   1.139695e+02 -1.691400e+02 1.069948e+01
      vertex   8.373909e+01 -1.691400e+02 1.027138e+01
    endloop
  endfacet
  facet normal -0.000000e+00 1.000000e+00 0.000000e+00
    outer loop
      vertex   8.373909e+01 -1.691400e+02 1.027138e+01
      vertex   1.139695e+02 -1.691400e+02 1.069948e+01
      vertex   1.139695e+02 -1.691400e+02 1.483215e+00
    endloop
  endfacet
  facet normal 0.000000e+00 1.000000e+00 0.000000e+00
    outer loop
      vertex   8.373909e+01 -1.691400e+02 1.027138e+01
      vertex   1.139695e+02 -1.691400e+02 1.483215e+00
      vertex   8.298142e+01 -1.691400e+02 1.006837e+01
    endloop
  endfacet
  facet normal 0.000000e+00 1.000000e+00 0.000000e+00
    outer loop
      vertex   8.298142e+01 -1.691400e+02 1.006837e+01
      vertex   1.139695e+02 -1.691400e+02 1.483215e+00
      vertex   8.220000e+01 -1.691400e+02 1.000000e+01
    endloop
  endfacet
  facet normal 0.000000e+00 1.000000e+00 0.000000e+00
    outer loop
      vertex   8.220000e+01 -1.691400e+02 1.000000e+01
      vertex   1.139695e+02 -1.691400e+02 1.483215e+00
      vertex   6.670000e+01 -1.691400e+02 -2.000000e+00
    endloop
  endfacet
  facet normal 0.000000e+00 1.000000e+00 0.000000e+00
    outer loop
      vertex   8.220000e+01 -1.691400e+02 1.000000e+01
      vertex   6.670000e+01 -1.691400e+02 -2.000000e+00
      vertex   6.670000e+01 -1.691400e+02 9.500000e+00
    endloop
  endfacet
  facet normal 0.000000e+00 1.000000e+00 0.000000e+00
    outer loop
      vertex   1.580000e+02 -1.691400e+02 8.000000e+00
      vertex   1.490000e+02 -1.691400e+02 8.000000e+00
      vertex   1.355789e+02 -1.691400e+02 1.069948e+01
    endloop
  endfacet
  facet normal 0.000000e+00 1.000000e+00 0.000000e+00
    outer loop
      vertex   1.355789e+02 -1.691400e+02 1.069948e+01
      vertex   1.490000e+02 -1.691400e+02 8.000000e+00
      vertex   1.355789e+02 -1.691400e+02 1.483215e+00
    endloop
  endfacet
  facet normal 0.000000e+00 1.000000e+00 0.000000e+00
    outer loop
      vertex   1.355789e+02 -1.691400e+02 1.483215e+00
      vertex   1.490000e+02 -1.691400e+02 8.000000e+00
      vertex   1.490000e+02 -1.691400e+02 3.000000e+00
    endloop
  endfacet
  facet normal -0.000000e+00 1.000000e+00 0.000000e+00
    outer loop
      vertex   1.355789e+02 -1.691400e+02 1.483215e+00
      vertex   1.490000e+02 -1.691400e+02 3.000000e+00
      vertex   1.661000e+02 -1.691400e+02 -2.000000e+00
    endloop
  endfacet
  facet normal -0.000000e+00 1.000000e+00 0.000000e+00
    outer loop
      vertex   6.670000e+01 -1.691400e+02 -2.000000e+00
      vertex   1.139695e+02 -1.691400e+02 1.483215e+00
      vertex   1.661000e+02 -1.691400e+02 -2.000000e+00
    endloop
  endfacet
  facet normal 0.000000e+00 1.000000e+00 0.000000e+00
    outer loop
      vertex   1.661000e+02 -1.691400e+02 -2.000000e+00
      vertex   1.139695e+02 -1.691400e+02 1.483215e+00
      vertex   1.355789e+02 -1.691400e+02 1.483215e+00
    endloop
  endfacet
  facet normal 0.000000e+00 1.000000e+00 0.000000e+00
    outer loop
      vertex   8.220000e+01 -1.691400e+02 1.000000e+01
      vertex   6.670000e+01 -1.691400e+02 9.500000e+00
      vertex   6.720000e+01 -1.691400e+02 1.000000e+01
    endloop
  endfacet
  facet normal 0.000000e+00 1.000000e+00 0.000000e+00
    outer loop
      vertex   6.720000e+01 -1.691400e+02 1.000000e+01
      vertex   6.670000e+01 -1.691400e+02 9.500000e+00
      vertex   6.671704e+01 -1.691400e+02 9.629410e+00
    endloop
  endfacet
  facet normal 0.000000e+00 1.000000e+00 0.000000e+00
    outer loop
      vertex   6.720000e+01 -1.691400e+02 1.000000e+01
      vertex   6.671704e+01 -1.691400e+02 9.629410e+00
      vertex   6.676699e+01 -1.691400e+02 9.750000e+00
    endloop
  endfacet
  facet normal 0.000000e+00 1.000000e+00 0.000000e+00
    outer loop
      vertex   6.676699e+01 -1.691400e+02 9.750000e+00
      vertex   6.684645e+01 -1.691400e+02 9.853554e+00
      vertex   6.720000e+01 -1.691400e+02 1.000000e+01
    endloop
  endfacet
  facet normal 0.000000e+00 1.000000e+00 0.000000e+00
    outer loop
      vertex   6.720000e+01 -1.691400e+02 1.000000e+01
      vertex   6.684645e+01 -1.691400e+02 9.853554e+00
      vertex   6.695000e+01 -1.691400e+02 9.933013e+00
    endloop
  endfacet
  facet normal 0.000000e+00 1.000000e+00 0.000000e+00
    outer loop
      vertex   6.720000e+01 -1.691400e+02 1.000000e+01
      vertex   6.695000e+01 -1.691400e+02 9.933013e+00
      vertex   6.707059e+01 -1.691400e+02 9.982963e+00
    endloop
  endfacet
  facet normal 0.000000e+00 1.000000e+00 0.000000e+00
    outer loop
      vertex   8.670000e+01 -1.691400e+02 1.450000e+01
      vertex   8.670000e+01 -1.691400e+02 2.500000e+01
      vertex   1.387000e+02 -1.691400e+02 2.600000e+01
    endloop
  endfacet
  facet normal 0.000000e+00 1.000000e+00 0.000000e+00
    outer loop
      vertex   1.387000e+02 -1.691400e+02 2.600000e+01
      vertex   8.670000e+01 -1.691400e+02 2.500000e+01
      vertex   8.770000e+01 -1.691400e+02 2.600000e+01
    endloop
  endfacet
  facet normal 0.000000e+00 1.000000e+00 0.000000e+00
    outer loop
      vertex   8.770000e+01 -1.691400e+02 2.600000e+01
      vertex   8.670000e+01 -1.691400e+02 2.500000e+01
      vertex   8.673407e+01 -1.691400e+02 2.525882e+01
    endloop
  endfacet
  facet normal 0.000000e+00 1.000000e+00 0.000000e+00
    outer loop
      vertex   8.770000e+01 -1.691400e+02 2.600000e+01
      vertex   8.673407e+01 -1.691400e+02 2.525882e+01
      vertex   8.683397e+01 -1.691400e+02 2.550000e+01
    endloop
  endfacet
  facet normal 0.000000e+00 1.000000e+00 0.000000e+00
    outer loop
      vertex   8.683397e+01 -1.691400e+02 2.550000e+01
      vertex   8.699289e+01 -1.691400e+02 2.570711e+01
      vertex   8.770000e+01 -1.691400e+02 2.600000e+01
    endloop
  endfacet
  facet normal 0.000000e+00 1.000000e+00 0.000000e+00
    outer loop
      vertex   8.770000e+01 -1.691400e+02 2.600000e+01
      vertex   8.699289e+01 -1.691400e+02 2.570711e+01
      vertex   8.720000e+01 -1.691400e+02 2.586603e+01
    endloop
  endfacet
  facet normal 0.000000e+00 1.000000e+00 0.000000e+00
    outer loop
      vertex   8.770000e+01 -1.691400e+02 2.600000e+01
      vertex   8.720000e+01 -1.691400e+02 2.586603e+01
      vertex   8.744118e+01 -1.691400e+02 2.596593e+01
    endloop
  endfacet
  facet normal 0.000000e+00 1.000000e+00 0.000000e+00
    outer loop
      vertex   1.387000e+02 -1.691400e+02 2.600000e+01
      vertex   1.387000e+02 -1.691400e+02 2.850000e+01
      vertex   1.661000e+02 -1.691400e+02 2.850000e+01
    endloop
  endfacet
  facet normal 0.000000e+00 -1.000000e+00 0.000000e+00
    outer loop
      vertex   1.580000e+02 -1.711400e+02 3.000000e+00
      vertex   1.681000e+02 -1.711400e+02 -4.000000e+00
      vertex   1.580000e+02 -1.711400e+02 8.000000e+00
    endloop
  endfacet
  facet normal 0.000000e+00 -1.000000e+00 0.000000e+00
    outer loop
      vertex   1.580000e+02 -1.711400e+02 8.000000e+00
      vertex   1.681000e+02 -1.711400e+02 -4.000000e+00
      vertex   1.681000e+02 -1.711400e+02 2.850000e+01
    endloop
  endfacet
  facet normal 0.000000e+00 -1.000000e+00 0.000000e+00
    outer loop
      vertex   1.580000e+02 -1.711400e+02 8.000000e+00
      vertex   1.681000e+02 -1.711400e+02 2.850000e+01
      vertex   1.355789e+02 -1.711400e+02 1.069948e+01
    endloop
  endfacet
  facet normal 0.000000e+00 -1.000000e+00 0.000000e+00
    outer loop
      vertex   1.355789e+02 -1.711400e+02 1.069948e+01
      vertex   1.681000e+02 -1.711400e+02 2.850000e+01
      vertex   1.367000e+02 -1.711400e+02 2.800000e+01
    endloop
  endfacet
  facet normal 0.000000e+00 -1.000000e+00 0.000000e+00
    outer loop
      vertex   1.355789e+02 -1.711400e+02 1.069948e+01
      vertex   1.367000e+02 -1.711400e+02 2.800000e+01
      vertex   1.139695e+02 -1.711400e+02 1.069948e+01
    endloop
  endfacet
  facet normal 0.000000e+00 -1.000000e+00 0.000000e+00
    outer loop
      vertex   1.139695e+02 -1.711400e+02 1.069948e+01
      vertex   1.367000e+02 -1.711400e+02 2.800000e+01
      vertex   8.470000e+01 -1.711400e+02 1.450000e+01
    endloop
  endfacet
  facet normal 0.000000e+00 -1.000000e+00 0.000000e+00
    outer loop
      vertex   1.139695e+02 -1.711400e+02 1.069948e+01
      vertex   8.470000e+01 -1.711400e+02 1.450000e+01
      vertex   8.463732e+01 -1.711400e+02 1.394370e+01
    endloop
  endfacet
  facet normal -0.000000e+00 -1.000000e+00 -0.000000e+00
    outer loop
      vertex   1.580000e+02 -1.711400e+02 3.000000e+00
      vertex   1.490000e+02 -1.711400e+02 3.000000e+00
      vertex   1.681000e+02 -1.711400e+02 -4.000000e+00
    endloop
  endfacet
  facet normal 0.000000e+00 -1.000000e+00 0.000000e+00
    outer loop
      vertex   1.681000e+02 -1.711400e+02 -4.000000e+00
      vertex   1.490000e+02 -1.711400e+02 3.000000e+00
      vertex   1.355789e+02 -1.711400e+02 1.483215e+00
    endloop
  endfacet
  facet normal 0.000000e+00 -1.000000e+00 0.000000e+00
    outer loop
      vertex   1.681000e+02 -1.711400e+02 -4.000000e+00
      vertex   1.355789e+02 -1.711400e+02 1.483215e+00
      vertex   1.139695e+02 -1.711400e+02 1.483215e+00
    endloop
  endfacet
  facet normal -0.000000e+00 -1.000000e+00 0.000000e+00
    outer loop
      vertex   1.490000e+02 -1.711400e+02 3.000000e+00
      vertex   1.490000e+02 -1.711400e+02 8.000000e+00
      vertex   1.355789e+02 -1.711400e+02 1.483215e+00
    endloop
  endfacet
  facet normal 0.000000e+00 -1.000000e+00 0.000000e+00
    outer loop
      vertex   1.355789e+02 -1.711400e+02 1.483215e+00
      vertex   1.490000e+02 -1.711400e+02 8.000000e+00
      vertex   1.355789e+02 -1.711400e+02 1.069948e+01
    endloop
  endfacet
  facet normal 0.000000e+00 -1.000000e+00 0.000000e+00
    outer loop
      vertex   1.355789e+02 -1.711400e+02 1.069948e+01
      vertex   1.490000e+02 -1.711400e+02 8.000000e+00
      vertex   1.580000e+02 -1.711400e+02 8.000000e+00
    endloop
  endfacet
  facet normal -0.000000e+00 -1.000000e+00 -0.000000e+00
    outer loop
      vertex   1.139695e+02 -1.711400e+02 1.069948e+01
      vertex   8.275630e+01 -1.711400e+02 1.206268e+01
      vertex   1.139695e+02 -1.711400e+02 1.483215e+00
    endloop
  endfacet
  facet normal 0.000000e+00 -1.000000e+00 0.000000e+00
    outer loop
      vertex   1.139695e+02 -1.711400e+02 1.483215e+00
      vertex   8.275630e+01 -1.711400e+02 1.206268e+01
      vertex   8.220000e+01 -1.711400e+02 1.200000e+01
    endloop
  endfacet
  facet normal -0.000000e+00 -1.000000e+00 0.000000e+00
    outer loop
      vertex   1.139695e+02 -1.711400e+02 1.483215e+00
      vertex   8.220000e+01 -1.711400e+02 1.200000e+01
      vertex   6.470000e+01 -1.711400e+02 -4.000000e+00
    endloop
  endfacet
  facet normal 0.000000e+00 -1.000000e+00 0.000000e+00
    outer loop
      vertex   6.470000e+01 -1.711400e+02 -4.000000e+00
      vertex   8.220000e+01 -1.711400e+02 1.200000e+01
      vertex   6.470000e+01 -1.711400e+02 9.500000e+00
    endloop
  endfacet
  facet normal 0.000000e+00 -1.000000e+00 0.000000e+00
    outer loop
      vertex   6.470000e+01 -1.711400e+02 9.500000e+00
      vertex   8.220000e+01 -1.711400e+02 1.200000e+01
      vertex   6.476268e+01 -1.711400e+02 1.005630e+01
    endloop
  endfacet
  facet normal 0.000000e+00 -1.000000e+00 0.000000e+00
    outer loop
      vertex   6.476268e+01 -1.711400e+02 1.005630e+01
      vertex   8.220000e+01 -1.711400e+02 1.200000e+01
      vertex   6.720000e+01 -1.711400e+02 1.200000e+01
    endloop
  endfacet
  facet normal 0.000000e+00 -1.000000e+00 0.000000e+00
    outer loop
      vertex   6.476268e+01 -1.711400e+02 1.005630e+01
      vertex   6.720000e+01 -1.711400e+02 1.200000e+01
      vertex   6.494758e+01 -1.711400e+02 1.058471e+01
    endloop
  endfacet
  facet normal 0.000000e+00 -1.000000e+00 0.000000e+00
    outer loop
      vertex   6.494758e+01 -1.711400e+02 1.058471e+01
      vertex   6.720000e+01 -1.711400e+02 1.200000e+01
      vertex   6.524542e+01 -1.711400e+02 1.105872e+01
    endloop
  endfacet
  facet normal 0.000000e+00 -1.000000e+00 0.000000e+00
    outer loop
      vertex   6.524542e+01 -1.711400e+02 1.105872e+01
      vertex   6.720000e+01 -1.711400e+02 1.200000e+01
      vertex   6.564128e+01 -1.711400e+02 1.145458e+01
    endloop
  endfacet
  facet normal 0.000000e+00 -1.000000e+00 0.000000e+00
    outer loop
      vertex   6.564128e+01 -1.711400e+02 1.145458e+01
      vertex   6.720000e+01 -1.711400e+02 1.200000e+01
      vertex   6.611529e+01 -1.711400e+02 1.175242e+01
    endloop
  endfacet
  facet normal 0.000000e+00 -1.000000e+00 0.000000e+00
    outer loop
      vertex   6.611529e+01 -1.711400e+02 1.175242e+01
      vertex   6.720000e+01 -1.711400e+02 1.200000e+01
      vertex   6.664370e+01 -1.711400e+02 1.193732e+01
    endloop
  endfacet
  facet normal 0.000000e+00 -1.000000e+00 0.000000e+00
    outer loop
      vertex   6.470000e+01 -1.711400e+02 -4.000000e+00
      vertex   1.681000e+02 -1.711400e+02 -4.000000e+00
      vertex   1.139695e+02 -1.711400e+02 1.483215e+00
    endloop
  endfacet
  facet normal 0.000000e+00 -1.000000e+00 0.000000e+00
    outer loop
      vertex   1.367000e+02 -1.711400e+02 2.800000e+01
      vertex   1.681000e+02 -1.711400e+02 2.850000e+01
      vertex   1.661000e+02 -1.711400e+02 3.050000e+01
    endloop
  endfacet
  facet normal 0.000000e+00 -1.000000e+00 0.000000e+00
    outer loop
      vertex   1.661000e+02 -1.711400e+02 3.050000e+01
      vertex   1.681000e+02 -1.711400e+02 2.850000e+01
      vertex   1.680319e+02 -1.711400e+02 2.901764e+01
    endloop
  endfacet
  facet normal 0.000000e+00 -1.000000e+00 0.000000e+00
    outer loop
      vertex   1.661000e+02 -1.711400e+02 3.050000e+01
      vertex   1.680319e+02 -1.711400e+02 2.901764e+01
      vertex   1.678321e+02 -1.711400e+02 2.950000e+01
    endloop
  endfacet
  facet normal 0.000000e+00 -1.000000e+00 0.000000e+00
    outer loop
      vertex   1.678321e+02 -1.711400e+02 2.950000e+01
      vertex   1.675142e+02 -1.711400e+02 2.991421e+01
      vertex   1.661000e+02 -1.711400e+02 3.050000e+01
    endloop
  endfacet
  facet normal 0.000000e+00 -1.000000e+00 0.000000e+00
    outer loop
      vertex   1.661000e+02 -1.711400e+02 3.050000e+01
      vertex   1.675142e+02 -1.711400e+02 2.991421e+01
      vertex   1.671000e+02 -1.711400e+02 3.023205e+01
    endloop
  endfacet
  facet normal 0.000000e+00 -1.000000e+00 0.000000e+00
    outer loop
      vertex   1.661000e+02 -1.711400e+02 3.050000e+01
      vertex   1.671000e+02 -1.711400e+02 3.023205e+01
      vertex   1.666176e+02 -1.711400e+02 3.043185e+01
    endloop
  endfacet
  facet normal -0.000000e+00 -1.000000e+00 0.000000e+00
    outer loop
      vertex   1.661000e+02 -1.711400e+02 3.050000e+01
      vertex   1.387000e+02 -1.711400e+02 3.050000e+01
      vertex   1.367000e+02 -1.711400e+02 2.800000e+01
    endloop
  endfacet
  facet normal 0.000000e+00 -1.000000e+00 0.000000e+00
    outer loop
      vertex   1.367000e+02 -1.711400e+02 2.800000e+01
      vertex   1.387000e+02 -1.711400e+02 3.050000e+01
      vertex   1.367000e+02 -1.711400e+02 2.850000e+01
    endloop
  endfacet
  facet normal 0.000000e+00 -1.000000e+00 0.000000e+00
    outer loop
      vertex   1.367000e+02 -1.711400e+02 2.850000e+01
      vertex   1.387000e+02 -1.711400e+02 3.050000e+01
      vertex   1.367681e+02 -1.711400e+02 2.901764e+01
    endloop
  endfacet
  facet normal 0.000000e+00 -1.000000e+00 0.000000e+00
    outer loop
      vertex   1.367681e+02 -1.711400e+02 2.901764e+01
      vertex   1.387000e+02 -1.711400e+02 3.050000e+01
      vertex   1.369679e+02 -1.711400e+02 2.950000e+01
    endloop
  endfacet
  facet normal 0.000000e+00 -1.000000e+00 0.000000e+00
    outer loop
      vertex   1.369679e+02 -1.711400e+02 2.950000e+01
      vertex   1.387000e+02 -1.711400e+02 3.050000e+01
      vertex   1.372858e+02 -1.711400e+02 2.991421e+01
    endloop
  endfacet
  facet normal 0.000000e+00 -1.000000e+00 0.000000e+00
    outer loop
      vertex   1.372858e+02 -1.711400e+02 2.991421e+01
      vertex   1.387000e+02 -1.711400e+02 3.050000e+01
      vertex   1.377000e+02 -1.711400e+02 3.023205e+01
    endloop
  endfacet
  facet normal 0.000000e+00 -1.000000e+00 0.000000e+00
    outer loop
      vertex   1.377000e+02 -1.711400e+02 3.023205e+01
      vertex   1.387000e+02 -1.711400e+02 3.050000e+01
      vertex   1.381824e+02 -1.711400e+02 3.043185e+01
    endloop
  endfacet
  facet normal 0.000000e+00 -1.000000e+00 0.000000e+00
    outer loop
      vertex   8.470000e+01 -1.711400e+02 1.450000e+01
      vertex   1.367000e+02 -1.711400e+02 2.800000e+01
      vertex   8.470000e+01 -1.711400e+02 2.500000e+01
    endloop
  endfacet
  facet normal 0.000000e+00 -1.000000e+00 0.000000e+00
    outer loop
      vertex   8.470000e+01 -1.711400e+02 2.500000e+01
      vertex   1.367000e+02 -1.711400e+02 2.800000e+01
      vertex   8.770000e+01 -1.711400e+02 2.800000e+01
    endloop
  endfacet
  facet normal 0.000000e+00 -1.000000e+00 0.000000e+00
    outer loop
      vertex   8.470000e+01 -1.711400e+02 2.500000e+01
      vertex   8.770000e+01 -1.711400e+02 2.800000e+01
      vertex   8.477522e+01 -1.711400e+02 2.566756e+01
    endloop
  endfacet
  facet normal 0.000000e+00 -1.000000e+00 0.000000e+00
    outer loop
      vertex   8.477522e+01 -1.711400e+02 2.566756e+01
      vertex   8.770000e+01 -1.711400e+02 2.800000e+01
      vertex   8.499709e+01 -1.711400e+02 2.630165e+01
    endloop
  endfacet
  facet normal 0.000000e+00 -1.000000e+00 0.000000e+00
    outer loop
      vertex   8.499709e+01 -1.711400e+02 2.630165e+01
      vertex   8.770000e+01 -1.711400e+02 2.800000e+01
      vertex   8.535451e+01 -1.711400e+02 2.687047e+01
    endloop
  endfacet
  facet normal 0.000000e+00 -1.000000e+00 0.000000e+00
    outer loop
      vertex   8.535451e+01 -1.711400e+02 2.687047e+01
      vertex   8.770000e+01 -1.711400e+02 2.800000e+01
      vertex   8.582953e+01 -1.711400e+02 2.734549e+01
    endloop
  endfacet
  facet normal 0.000000e+00 -1.000000e+00 0.000000e+00
    outer loop
      vertex   8.582953e+01 -1.711400e+02 2.734549e+01
      vertex   8.770000e+01 -1.711400e+02 2.800000e+01
      vertex   8.639835e+01 -1.711400e+02 2.770291e+01
    endloop
  endfacet
  facet normal 0.000000e+00 -1.000000e+00 0.000000e+00
    outer loop
      vertex   8.639835e+01 -1.711400e+02 2.770291e+01
      vertex   8.770000e+01 -1.711400e+02 2.800000e+01
      vertex   8.703244e+01 -1.711400e+02 2.792478e+01
    endloop
  endfacet
  facet normal 0.000000e+00 -1.000000e+00 -0.000000e+00
    outer loop
      vertex   8.463732e+01 -1.711400e+02 1.394370e+01
      vertex   8.445242e+01 -1.711400e+02 1.341529e+01
      vertex   1.139695e+02 -1.711400e+02 1.069948e+01
    endloop
  endfacet
  facet normal 0.000000e+00 -1.000000e+00 0.000000e+00
    outer loop
      vertex   1.139695e+02 -1.711400e+02 1.069948e+01
      vertex   8.445242e+01 -1.711400e+02 1.341529e+01
      vertex   8.415458e+01 -1.711400e+02 1.294128e+01
    endloop
  endfacet
  facet normal 0.000000e+00 -1.000000e+00 0.000000e+00
    outer loop
      vertex   1.139695e+02 -1.711400e+02 1.069948e+01
      vertex   8.415458e+01 -1.711400e+02 1.294128e+01
      vertex   8.375872e+01 -1.711400e+02 1.254542e+01
    endloop
  endfacet
  facet normal 0.000000e+00 -1.000000e+00 -0.000000e+00
    outer loop
      vertex   8.375872e+01 -1.711400e+02 1.254542e+01
      vertex   8.328471e+01 -1.711400e+02 1.224758e+01
      vertex   1.139695e+02 -1.711400e+02 1.069948e+01
    endloop
  endfacet
  facet normal 0.000000e+00 -1.000000e+00 0.000000e+00
    outer loop
      vertex   1.139695e+02 -1.711400e+02 1.069948e+01
      vertex   8.328471e+01 -1.711400e+02 1.224758e+01
      vertex   8.275630e+01 -1.711400e+02 1.206268e+01
    endloop
  endfacet
  facet normal 1.000000e+00 0.000000e+00 -0.000000e+00
    outer loop
      vertex   1.387000e+02 -9.614000e+01 2.600000e+01
      vertex   1.387000e+02 -9.614000e+01 2.850000e+01
      vertex   1.387000e+02 -1.691400e+02 2.600000e+01
    endloop
  endfacet
  facet normal 1.000000e+00 0.000000e+00 0.000000e+00
    outer loop
      vertex   1.387000e+02 -1.691400e+02 2.600000e+01
      vertex   1.387000e+02 -9.614000e+01 2.850000e+01
      vertex   1.387000e+02 -1.691400e+02 2.850000e+01
    endloop
  endfacet
  facet normal -4.106749e-15 6.940852e-16 -1.000000e+00
    outer loop
      vertex   1.500640e+02 -1.473945e+02 2.850000e+01
      vertex   1.503833e+02 -1.403864e+02 2.850000e+01
      vertex   1.509687e+02 -1.471599e+02 2.850000e+01
    endloop
  endfacet
  facet normal 2.073045e-16 1.066916e-15 -1.000000e+00
    outer loop
      vertex   1.509687e+02 -1.471599e+02 2.850000e+01
      vertex   1.503833e+02 -1.403864e+02 2.850000e+01
      vertex   1.513840e+02 -1.405808e+02 2.850000e+01
    endloop
  endfacet
  facet normal -6.445120e-15 1.486835e-15 -1.000000e+00
    outer loop
      vertex   1.509687e+02 -1.471599e+02 2.850000e+01
      vertex   1.513840e+02 -1.405808e+02 2.850000e+01
      vertex   1.520976e+02 -1.470453e+02 2.850000e+01
    endloop
  endfacet
  facet normal 1.482626e-16 2.214668e-15 -1.000000e+00
    outer loop
      vertex   1.520976e+02 -1.470453e+02 2.850000e+01
      vertex   1.513840e+02 -1.405808e+02 2.850000e+01
      vertex   1.523974e+02 -1.406487e+02 2.850000e+01
    endloop
  endfacet
  facet normal 6.845944e-17 2.218408e-15 -1.000000e+00
    outer loop
      vertex   1.520976e+02 -1.470453e+02 2.850000e+01
      vertex   1.523974e+02 -1.406487e+02 2.850000e+01
      vertex   1.532318e+02 -1.470803e+02 2.850000e+01
    endloop
  endfacet
  facet normal -1.373565e-16 2.191707e-15 -1.000000e+00
    outer loop
      vertex   1.532318e+02 -1.470803e+02 2.850000e+01
      vertex   1.523974e+02 -1.406487e+02 2.850000e+01
      vertex   1.534903e+02 -1.405802e+02 2.850000e+01
    endloop
  endfacet
  facet normal 3.569616e-16 2.172047e-15 -1.000000e+00
    outer loop
      vertex   1.532318e+02 -1.470803e+02 2.850000e+01
      vertex   1.534903e+02 -1.405802e+02 2.850000e+01
      vertex   1.543514e+02 -1.472643e+02 2.850000e+01
    endloop
  endfacet
  facet normal -4.120222e-16 2.072974e-15 -1.000000e+00
    outer loop
      vertex   1.543514e+02 -1.472643e+02 2.850000e+01
      vertex   1.534903e+02 -1.405802e+02 2.850000e+01
      vertex   1.545666e+02 -1.403663e+02 2.850000e+01
    endloop
  endfacet
  facet normal 6.199597e-16 2.040791e-15 -1.000000e+00
    outer loop
      vertex   1.543514e+02 -1.472643e+02 2.850000e+01
      vertex   1.545666e+02 -1.403663e+02 2.850000e+01
      vertex   1.554372e+02 -1.475941e+02 2.850000e+01
    endloop
  endfacet
  facet normal -3.939860e-15 1.491571e-15 -1.000000e+00
    outer loop
      vertex   1.554372e+02 -1.475941e+02 2.850000e+01
      vertex   1.545666e+02 -1.403663e+02 2.850000e+01
      vertex   1.556020e+02 -1.400130e+02 2.850000e+01
    endloop
  endfacet
  facet normal 6.333368e-16 1.392104e-15 -1.000000e+00
    outer loop
      vertex   1.554372e+02 -1.475941e+02 2.850000e+01
      vertex   1.556020e+02 -1.400130e+02 2.850000e+01
      vertex   1.564700e+02 -1.480640e+02 2.850000e+01
    endloop
  endfacet
  facet normal -4.048273e-15 8.874001e-16 -1.000000e+00
    outer loop
      vertex   1.564700e+02 -1.480640e+02 2.850000e+01
      vertex   1.556020e+02 -1.400130e+02 2.850000e+01
      vertex   1.565865e+02 -1.395257e+02 2.850000e+01
    endloop
  endfacet
  facet normal 7.839925e-15 7.252346e-16 -1.000000e+00
    outer loop
      vertex   1.564700e+02 -1.480640e+02 2.850000e+01
      vertex   1.565865e+02 -1.395257e+02 2.850000e+01
      vertex   1.574320e+02 -1.486658e+02 2.850000e+01
    endloop
  endfacet
  facet normal 0.000000e+00 0.000000e+00 -1.000000e+00
    outer loop
      vertex   1.574320e+02 -1.486658e+02 2.850000e+01
      vertex   1.565865e+02 -1.395257e+02 2.850000e+01
      vertex   1.574378e+02 -1.389758e+02 2.850000e+01
    endloop
  endfacet
  facet normal 0.000000e+00 0.000000e+00 -1.000000e+00
    outer loop
      vertex   1.574320e+02 -1.486658e+02 2.850000e+01
      vertex   1.574378e+02 -1.389758e+02 2.850000e+01
      vertex   1.582117e+02 -1.383247e+02 2.850000e+01
    endloop
  endfacet
  facet normal 3.783682e-15 3.345284e-16 -1.000000e+00
    outer loop
      vertex   1.503833e+02 -1.403864e+02 2.850000e+01
      vertex   1.500640e+02 -1.473945e+02 2.850000e+01
      vertex   1.494163e+02 -1.400693e+02 2.850000e+01
    endloop
  endfacet
  facet normal -3.943741e-15 -3.486798e-16 -1.000000e+00
    outer loop
      vertex   1.494163e+02 -1.400693e+02 2.850000e+01
      vertex   1.500640e+02 -1.473945e+02 2.850000e+01
      vertex   1.491925e+02 -1.477261e+02 2.850000e+01
    endloop
  endfacet
  facet normal 3.595499e-15 -5.691266e-16 -1.000000e+00
    outer loop
      vertex   1.494163e+02 -1.400693e+02 2.850000e+01
      vertex   1.491925e+02 -1.477261e+02 2.850000e+01
      vertex   1.484970e+02 -1.396350e+02 2.850000e+01
    endloop
  endfacet
  facet normal 8.625872e-15 -1.367469e-16 -1.000000e+00
    outer loop
      vertex   1.484970e+02 -1.396350e+02 2.850000e+01
      vertex   1.491925e+02 -1.477261e+02 2.850000e+01
      vertex   1.483620e+02 -1.481516e+02 2.850000e+01
    endloop
  endfacet
  facet normal -0.000000e+00 0.000000e+00 -1.000000e+00
    outer loop
      vertex   1.484970e+02 -1.396350e+02 2.850000e+01
      vertex   1.483620e+02 -1.481516e+02 2.850000e+01
      vertex   1.476362e+02 -1.390885e+02 2.850000e+01
    endloop
  endfacet
  facet normal -8.644000e-15 -6.922215e-16 -1.000000e+00
    outer loop
      vertex   1.476362e+02 -1.390885e+02 2.850000e+01
      vertex   1.483620e+02 -1.481516e+02 2.850000e+01
      vertex   1.475813e+02 -1.486671e+02 2.850000e+01
    endloop
  endfacet
  facet normal -6.089936e-16 -7.383061e-16 -1.000000e+00
    outer loop
      vertex   1.476362e+02 -1.390885e+02 2.850000e+01
      vertex   1.475813e+02 -1.486671e+02 2.850000e+01
      vertex   1.468511e+02 -1.384409e+02 2.850000e+01
    endloop
  endfacet
  facet normal 5.453333e-16 -6.558857e-16 -1.000000e+00
    outer loop
      vertex   1.468511e+02 -1.384409e+02 2.850000e+01
      vertex   1.475813e+02 -1.486671e+02 2.850000e+01
      vertex   1.468635e+02 -1.492639e+02 2.850000e+01
    endloop
  endfacet
  facet normal 6.799548e-16 -6.557315e-16 -1.000000e+00
    outer loop
      vertex   1.468511e+02 -1.384409e+02 2.850000e+01
      vertex   1.468635e+02 -1.492639e+02 2.850000e+01
      vertex   1.462160e+02 -1.499353e+02 2.850000e+01
    endloop
  endfacet
  facet normal -6.174382e-16 -5.840438e-16 -1.000000e+00
    outer loop
      vertex   1.468511e+02 -1.384409e+02 2.850000e+01
      vertex   1.462160e+02 -1.499353e+02 2.850000e+01
      vertex   1.461527e+02 -1.377026e+02 2.850000e+01
    endloop
  endfacet
  facet normal 7.476367e-16 -5.769864e-16 -1.000000e+00
    outer loop
      vertex   1.461527e+02 -1.377026e+02 2.850000e+01
      vertex   1.462160e+02 -1.499353e+02 2.850000e+01
      vertex   1.456447e+02 -1.506755e+02 2.850000e+01
    endloop
  endfacet
  facet normal -7.061460e-16 -5.200613e-16 -1.000000e+00
    outer loop
      vertex   1.461527e+02 -1.377026e+02 2.850000e+01
      vertex   1.456447e+02 -1.506755e+02 2.850000e+01
      vertex   1.455480e+02 -1.368815e+02 2.850000e+01
    endloop
  endfacet
  facet normal -8.096042e-16 -5.207869e-16 -1.000000e+00
    outer loop
      vertex   1.455480e+02 -1.368815e+02 2.850000e+01
      vertex   1.456447e+02 -1.506755e+02 2.850000e+01
      vertex   1.454250e+02 -1.366902e+02 2.850000e+01
    endloop
  endfacet
  facet normal 8.138476e-16 -4.952763e-16 -1.000000e+00
    outer loop
      vertex   1.454250e+02 -1.366902e+02 2.850000e+01
      vertex   1.456447e+02 -1.506755e+02 2.850000e+01
      vertex   1.451554e+02 -1.514796e+02 2.850000e+01
    endloop
  endfacet
  facet normal 2.580130e-14 -9.507870e-16 -1.000000e+00
    outer loop
      vertex   1.454250e+02 -1.366902e+02 2.850000e+01
      vertex   1.451554e+02 -1.514796e+02 2.850000e+01
      vertex   1.450375e+02 -1.359952e+02 2.850000e+01
    endloop
  endfacet
  facet normal 2.331558e-15 -1.129441e-15 -1.000000e+00
    outer loop
      vertex   1.450375e+02 -1.359952e+02 2.850000e+01
      vertex   1.451554e+02 -1.514796e+02 2.850000e+01
      vertex   1.448666e+02 -1.520757e+02 2.850000e+01
    endloop
  endfacet
  facet normal -1.333660e-14 -9.629368e-16 -1.000000e+00
    outer loop
      vertex   1.450375e+02 -1.359952e+02 2.850000e+01
      vertex   1.448666e+02 -1.520757e+02 2.850000e+01
      vertex   1.447183e+02 -1.352635e+02 2.850000e+01
    endloop
  endfacet
  facet normal 2.129001e-15 -8.264846e-16 -1.000000e+00
    outer loop
      vertex   1.447183e+02 -1.352635e+02 2.850000e+01
      vertex   1.448666e+02 -1.520757e+02 2.850000e+01
      vertex   1.446265e+02 -1.526942e+02 2.850000e+01
    endloop
  endfacet
  facet normal -3.082654e-14 -6.530017e-16 -1.000000e+00
    outer loop
      vertex   1.447183e+02 -1.352635e+02 2.850000e+01
      vertex   1.446265e+02 -1.526942e+02 2.850000e+01
      vertex   1.444717e+02 -1.345045e+02 2.850000e+01
    endloop
  endfacet
  facet normal 3.779087e-14 -6.898365e-17 -1.000000e+00
    outer loop
      vertex   1.444717e+02 -1.345045e+02 2.850000e+01
      vertex   1.446265e+02 -1.526942e+02 2.850000e+01
      vertex   1.444373e+02 -1.533295e+02 2.850000e+01
    endloop
  endfacet
  facet normal 4.104093e-14 -7.491634e-17 -1.000000e+00
    outer loop
      vertex   1.444717e+02 -1.345045e+02 2.850000e+01
      vertex   1.444373e+02 -1.533295e+02 2.850000e+01
      vertex   1.443000e+02 -1.337251e+02 2.850000e+01
    endloop
  endfacet
  facet normal 5.173444e-14 -5.797809e-25 -1.000000e+00
    outer loop
      vertex   1.443000e+02 -1.337251e+02 2.850000e+01
      vertex   1.444373e+02 -1.533295e+02 2.850000e+01
      vertex   1.443000e+02 -1.539784e+02 2.850000e+01
    endloop
  endfacet
  facet normal 0.000000e+00 0.000000e+00 -1.000000e+00
    outer loop
      vertex   1.443000e+02 -1.337251e+02 2.850000e+01
      vertex   1.443000e+02 -1.539784e+02 2.850000e+01
      vertex   1.387000e+02 -1.691400e+02 2.850000e+01
    endloop
  endfacet
  facet normal 0.000000e+00 0.000000e+00 -1.000000e+00
    outer loop
      vertex   1.387000e+02 -1.691400e+02 2.850000e+01
      vertex   1.443000e+02 -1.539784e+02 2.850000e+01
      vertex   1.443000e+02 -1.567251e+02 2.850000e+01
    endloop
  endfacet
  facet normal 0.000000e+00 0.000000e+00 -1.000000e+00
    outer loop
      vertex   1.387000e+02 -1.691400e+02 2.850000e+01
      vertex   1.443000e+02 -1.567251e+02 2.850000e+01
      vertex   1.444717e+02 -1.575045e+02 2.850000e+01
    endloop
  endfacet
  facet normal 0.000000e+00 -0.000000e+00 -1.000000e+00
    outer loop
      vertex   1.444717e+02 -1.575045e+02 2.850000e+01
      vertex   1.447183e+02 -1.582635e+02 2.850000e+01
      vertex   1.387000e+02 -1.691400e+02 2.850000e+01
    endloop
  endfacet
  facet normal 9.812839e-15 -5.429722e-15 -1.000000e+00
    outer loop
      vertex   1.387000e+02 -1.691400e+02 2.850000e+01
      vertex   1.447183e+02 -1.582635e+02 2.850000e+01
      vertex   1.450375e+02 -1.589952e+02 2.850000e+01
    endloop
  endfacet
  facet normal 5.924546e-16 3.302919e-16 -1.000000e+00
    outer loop
      vertex   1.387000e+02 -1.691400e+02 2.850000e+01
      vertex   1.450375e+02 -1.589952e+02 2.850000e+01
      vertex   1.454250e+02 -1.596902e+02 2.850000e+01
    endloop
  endfacet
  facet normal 5.549533e-16 3.569798e-16 -1.000000e+00
    outer loop
      vertex   1.454250e+02 -1.596902e+02 2.850000e+01
      vertex   1.455480e+02 -1.598815e+02 2.850000e+01
      vertex   1.387000e+02 -1.691400e+02 2.850000e+01
    endloop
  endfacet
  facet normal 3.451103e-15 -1.785130e-15 -1.000000e+00
    outer loop
      vertex   1.387000e+02 -1.691400e+02 2.850000e+01
      vertex   1.455480e+02 -1.598815e+02 2.850000e+01
      vertex   1.461527e+02 -1.607026e+02 2.850000e+01
    endloop
  endfacet
  facet normal 6.905709e-16 6.532211e-16 -1.000000e+00
    outer loop
      vertex   1.387000e+02 -1.691400e+02 2.850000e+01
      vertex   1.461527e+02 -1.607026e+02 2.850000e+01
      vertex   1.468511e+02 -1.614409e+02 2.850000e+01
    endloop
  endfacet
  facet normal 6.095576e-16 7.389899e-16 -1.000000e+00
    outer loop
      vertex   1.468511e+02 -1.614409e+02 2.850000e+01
      vertex   1.476362e+02 -1.620885e+02 2.850000e+01
      vertex   1.387000e+02 -1.691400e+02 2.850000e+01
    endloop
  endfacet
  facet normal 2.818823e-15 -2.060740e-15 -1.000000e+00
    outer loop
      vertex   1.387000e+02 -1.691400e+02 2.850000e+01
      vertex   1.476362e+02 -1.620885e+02 2.850000e+01
      vertex   1.484970e+02 -1.626350e+02 2.850000e+01
    endloop
  endfacet
  facet normal 6.030282e-16 1.276399e-15 -1.000000e+00
    outer loop
      vertex   1.387000e+02 -1.691400e+02 2.850000e+01
      vertex   1.484970e+02 -1.626350e+02 2.850000e+01
      vertex   1.494163e+02 -1.630693e+02 2.850000e+01
    endloop
  endfacet
  facet normal 4.861792e-16 1.482669e-15 -1.000000e+00
    outer loop
      vertex   1.494163e+02 -1.630693e+02 2.850000e+01
      vertex   1.503833e+02 -1.633864e+02 2.850000e+01
      vertex   1.387000e+02 -1.691400e+02 2.850000e+01
    endloop
  endfacet
  facet normal 3.441318e-16 1.771113e-15 -1.000000e+00
    outer loop
      vertex   1.387000e+02 -1.691400e+02 2.850000e+01
      vertex   1.503833e+02 -1.633864e+02 2.850000e+01
      vertex   1.513840e+02 -1.635808e+02 2.850000e+01
    endloop
  endfacet
  facet normal 1.484571e-16 2.217573e-15 -1.000000e+00
    outer loop
      vertex   1.387000e+02 -1.691400e+02 2.850000e+01
      vertex   1.513840e+02 -1.635808e+02 2.850000e+01
      vertex   1.523974e+02 -1.636487e+02 2.850000e+01
    endloop
  endfacet
  facet normal 2.593222e-16 1.941034e-15 -1.000000e+00
    outer loop
      vertex   1.387000e+02 -1.691400e+02 2.850000e+01
      vertex   1.523974e+02 -1.636487e+02 2.850000e+01
      vertex   1.661000e+02 -1.691400e+02 2.850000e+01
    endloop
  endfacet
  facet normal -2.881205e-15 -5.895611e-15 -1.000000e+00
    outer loop
      vertex   1.661000e+02 -1.691400e+02 2.850000e+01
      vertex   1.523974e+02 -1.636487e+02 2.850000e+01
      vertex   1.534903e+02 -1.635802e+02 2.850000e+01
    endloop
  endfacet
  facet normal -2.362805e-15 -4.719873e-15 -1.000000e+00
    outer loop
      vertex   1.661000e+02 -1.691400e+02 2.850000e+01
      vertex   1.534903e+02 -1.635802e+02 2.850000e+01
      vertex   1.545666e+02 -1.633663e+02 2.850000e+01
    endloop
  endfacet
  facet normal 0.000000e+00 0.000000e+00 -1.000000e+00
    outer loop
      vertex   1.545666e+02 -1.633663e+02 2.850000e+01
      vertex   1.556020e+02 -1.630130e+02 2.850000e+01
      vertex   1.661000e+02 -1.691400e+02 2.850000e+01
    endloop
  endfacet
  facet normal 0.000000e+00 0.000000e+00 -1.000000e+00
    outer loop
      vertex   1.661000e+02 -1.691400e+02 2.850000e+01
      vertex   1.556020e+02 -1.630130e+02 2.850000e+01
      vertex   1.565865e+02 -1.625257e+02 2.850000e+01
    endloop
  endfacet
  facet normal 0.000000e+00 0.000000e+00 -1.000000e+00
    outer loop
      vertex   1.661000e+02 -1.691400e+02 2.850000e+01
      vertex   1.565865e+02 -1.625257e+02 2.850000e+01
      vertex   1.574378e+02 -1.619758e+02 2.850000e+01
    endloop
  endfacet
  facet normal 0.000000e+00 0.000000e+00 -1.000000e+00
    outer loop
      vertex   1.574378e+02 -1.619758e+02 2.850000e+01
      vertex   1.582117e+02 -1.613247e+02 2.850000e+01
      vertex   1.661000e+02 -1.691400e+02 2.850000e+01
    endloop
  endfacet
  facet normal 0.000000e+00 0.000000e+00 -1.000000e+00
    outer loop
      vertex   1.661000e+02 -1.691400e+02 2.850000e+01
      vertex   1.582117e+02 -1.613247e+02 2.850000e+01
      vertex   1.588990e+02 -1.605803e+02 2.850000e+01
    endloop
  endfacet
  facet normal 2.768941e-15 2.329425e-15 -1.000000e+00
    outer loop
      vertex   1.661000e+02 -1.691400e+02 2.850000e+01
      vertex   1.588990e+02 -1.605803e+02 2.850000e+01
      vertex   1.594876e+02 -1.597548e+02 2.850000e+01
    endloop
  endfacet
  facet normal 4.600086e-15 3.619575e-15 -1.000000e+00
    outer loop
      vertex   1.594876e+02 -1.597548e+02 2.850000e+01
      vertex   1.598117e+02 -1.591852e+02 2.850000e+01
      vertex   1.661000e+02 -1.691400e+02 2.850000e+01
    endloop
  endfacet
  facet normal -6.115743e-15 -3.149454e-15 -1.000000e+00
    outer loop
      vertex   1.661000e+02 -1.691400e+02 2.850000e+01
      vertex   1.598117e+02 -1.591852e+02 2.850000e+01
      vertex   1.600887e+02 -1.585950e+02 2.850000e+01
    endloop
  endfacet
  facet normal -6.512042e-15 -3.375369e-15 -1.000000e+00
    outer loop
      vertex   1.661000e+02 -1.691400e+02 2.850000e+01
      vertex   1.600887e+02 -1.585950e+02 2.850000e+01
      vertex   1.603184e+02 -1.579857e+02 2.850000e+01
    endloop
  endfacet
  facet normal 7.022701e-15 3.640058e-15 -1.000000e+00
    outer loop
      vertex   1.603184e+02 -1.579857e+02 2.850000e+01
      vertex   1.605000e+02 -1.573600e+02 2.850000e+01
      vertex   1.661000e+02 -1.691400e+02 2.850000e+01
    endloop
  endfacet
  facet normal -6.344132e-16 -5.274108e-26 -1.000000e+00
    outer loop
      vertex   1.661000e+02 -1.691400e+02 2.850000e+01
      vertex   1.605000e+02 -1.573600e+02 2.850000e+01
      vertex   1.605000e+02 -1.533429e+02 2.850000e+01
    endloop
  endfacet
  facet normal -6.344132e-16 1.115135e-26 -1.000000e+00
    outer loop
      vertex   1.661000e+02 -1.691400e+02 2.850000e+01
      vertex   1.605000e+02 -1.533429e+02 2.850000e+01
      vertex   1.605000e+02 -1.343600e+02 2.850000e+01
    endloop
  endfacet
  facet normal 0.000000e+00 0.000000e+00 -1.000000e+00
    outer loop
      vertex   1.605000e+02 -1.343600e+02 2.850000e+01
      vertex   1.605000e+02 -1.533429e+02 2.850000e+01
      vertex   1.604892e+02 -1.533009e+02 2.850000e+01
    endloop
  endfacet
  facet normal 0.000000e+00 0.000000e+00 -1.000000e+00
    outer loop
      vertex   1.605000e+02 -1.343600e+02 2.850000e+01
      vertex   1.604892e+02 -1.533009e+02 2.850000e+01
      vertex   1.603755e+02 -1.528981e+02 2.850000e+01
    endloop
  endfacet
  facet normal 2.002975e-14 -1.344760e-16 -1.000000e+00
    outer loop
      vertex   1.605000e+02 -1.343600e+02 2.850000e+01
      vertex   1.603755e+02 -1.528981e+02 2.850000e+01
      vertex   1.603184e+02 -1.349857e+02 2.850000e+01
    endloop
  endfacet
  facet normal -2.394800e-14 -2.746931e-16 -1.000000e+00
    outer loop
      vertex   1.603184e+02 -1.349857e+02 2.850000e+01
      vertex   1.603755e+02 -1.528981e+02 2.850000e+01
      vertex   1.602220e+02 -1.524448e+02 2.850000e+01
    endloop
  endfacet
  facet normal 1.095333e-15 -4.130259e-16 -1.000000e+00
    outer loop
      vertex   1.603184e+02 -1.349857e+02 2.850000e+01
      vertex   1.602220e+02 -1.524448e+02 2.850000e+01
      vertex   1.600887e+02 -1.355950e+02 2.850000e+01
    endloop
  endfacet
  facet normal -1.890723e-14 -5.712794e-16 -1.000000e+00
    outer loop
      vertex   1.600887e+02 -1.355950e+02 2.850000e+01
      vertex   1.602220e+02 -1.524448e+02 2.850000e+01
      vertex   1.600191e+02 -1.519479e+02 2.850000e+01
    endloop
  endfacet
  facet normal 2.729042e-14 -7.679219e-16 -1.000000e+00
    outer loop
      vertex   1.600887e+02 -1.355950e+02 2.850000e+01
      vertex   1.600191e+02 -1.519479e+02 2.850000e+01
      vertex   1.598117e+02 -1.361852e+02 2.850000e+01
    endloop
  endfacet
  facet normal 1.158372e-14 -9.745498e-16 -1.000000e+00
    outer loop
      vertex   1.598117e+02 -1.361852e+02 2.850000e+01
      vertex   1.600191e+02 -1.519479e+02 2.850000e+01
      vertex   1.597573e+02 -1.514142e+02 2.850000e+01
    endloop
  endfacet
  facet normal -2.040988e-14 -8.601838e-16 -1.000000e+00
    outer loop
      vertex   1.598117e+02 -1.361852e+02 2.850000e+01
      vertex   1.597573e+02 -1.514142e+02 2.850000e+01
      vertex   1.594876e+02 -1.367548e+02 2.850000e+01
    endloop
  endfacet
  facet normal -8.934848e-15 -6.490756e-16 -1.000000e+00
    outer loop
      vertex   1.594876e+02 -1.367548e+02 2.850000e+01
      vertex   1.597573e+02 -1.514142e+02 2.850000e+01
      vertex   1.593052e+02 -1.506650e+02 2.850000e+01
    endloop
  endfacet
  facet normal -1.120329e-14 -6.193372e-16 -1.000000e+00
    outer loop
      vertex   1.594876e+02 -1.367548e+02 2.850000e+01
      vertex   1.593052e+02 -1.506650e+02 2.850000e+01
      vertex   1.588990e+02 -1.375803e+02 2.850000e+01
    endloop
  endfacet
  facet normal 6.331629e-15 -7.494154e-17 -1.000000e+00
    outer loop
      vertex   1.588990e+02 -1.375803e+02 2.850000e+01
      vertex   1.593052e+02 -1.506650e+02 2.850000e+01
      vertex   1.587528e+02 -1.499331e+02 2.850000e+01
    endloop
  endfacet
  facet normal 1.047276e-14 -1.239562e-16 -1.000000e+00
    outer loop
      vertex   1.588990e+02 -1.375803e+02 2.850000e+01
      vertex   1.587528e+02 -1.499331e+02 2.850000e+01
      vertex   1.582117e+02 -1.383247e+02 2.850000e+01
    endloop
  endfacet
  facet normal 1.125380e-14 -8.755169e-17 -1.000000e+00
    outer loop
      vertex   1.582117e+02 -1.383247e+02 2.850000e+01
      vertex   1.587528e+02 -1.499331e+02 2.850000e+01
      vertex   1.581266e+02 -1.492648e+02 2.850000e+01
    endloop
  endfacet
  facet normal 0.000000e+00 0.000000e+00 -1.000000e+00
    outer loop
      vertex   1.582117e+02 -1.383247e+02 2.850000e+01
      vertex   1.581266e+02 -1.492648e+02 2.850000e+01
      vertex   1.574320e+02 -1.486658e+02 2.850000e+01
    endloop
  endfacet
  facet normal -6.344132e-16 -5.274108e-26 -1.000000e+00
    outer loop
      vertex   1.605000e+02 -1.113600e+02 2.850000e+01
      vertex   1.605000e+02 -1.073429e+02 2.850000e+01
      vertex   1.661000e+02 -9.614000e+01 2.850000e+01
    endloop
  endfacet
  facet normal -4.195005e-16 -1.074283e-16 -1.000000e+00
    outer loop
      vertex   1.661000e+02 -9.614000e+01 2.850000e+01
      vertex   1.605000e+02 -1.073429e+02 2.850000e+01
      vertex   1.604892e+02 -1.073009e+02 2.850000e+01
    endloop
  endfacet
  facet normal 1.083019e-14 -5.762809e-15 -1.000000e+00
    outer loop
      vertex   1.661000e+02 -9.614000e+01 2.850000e+01
      vertex   1.604892e+02 -1.073009e+02 2.850000e+01
      vertex   1.603755e+02 -1.068981e+02 2.850000e+01
    endloop
  endfacet
  facet normal -1.799942e-14 9.577602e-15 -1.000000e+00
    outer loop
      vertex   1.603755e+02 -1.068981e+02 2.850000e+01
      vertex   1.602220e+02 -1.064448e+02 2.850000e+01
      vertex   1.661000e+02 -9.614000e+01 2.850000e+01
    endloop
  endfacet
  facet normal -7.044873e-16 -2.876756e-16 -1.000000e+00
    outer loop
      vertex   1.661000e+02 -9.614000e+01 2.850000e+01
      vertex   1.602220e+02 -1.064448e+02 2.850000e+01
      vertex   1.600191e+02 -1.059479e+02 2.850000e+01
    endloop
  endfacet
  facet normal -6.523154e-16 -3.200224e-16 -1.000000e+00
    outer loop
      vertex   1.661000e+02 -9.614000e+01 2.850000e+01
      vertex   1.600191e+02 -1.059479e+02 2.850000e+01
      vertex   1.597573e+02 -1.054142e+02 2.850000e+01
    endloop
  endfacet
  facet normal -5.951632e-16 -3.591092e-16 -1.000000e+00
    outer loop
      vertex   1.597573e+02 -1.054142e+02 2.850000e+01
      vertex   1.593052e+02 -1.046650e+02 2.850000e+01
      vertex   1.661000e+02 -9.614000e+01 2.850000e+01
    endloop
  endfacet
  facet normal -5.370942e-16 -4.053924e-16 -1.000000e+00
    outer loop
      vertex   1.661000e+02 -9.614000e+01 2.850000e+01
      vertex   1.593052e+02 -1.046650e+02 2.850000e+01
      vertex   1.587528e+02 -1.039331e+02 2.850000e+01
    endloop
  endfacet
  facet normal -4.850446e-16 -4.544639e-16 -1.000000e+00
    outer loop
      vertex   1.661000e+02 -9.614000e+01 2.850000e+01
      vertex   1.587528e+02 -1.039331e+02 2.850000e+01
      vertex   1.581266e+02 -1.032648e+02 2.850000e+01
    endloop
  endfacet
  facet normal 4.767880e-15 -6.333031e-15 -1.000000e+00
    outer loop
      vertex   1.581266e+02 -1.032648e+02 2.850000e+01
      vertex   1.574320e+02 -1.026658e+02 2.850000e+01
      vertex   1.661000e+02 -9.614000e+01 2.850000e+01
    endloop
  endfacet
  facet normal 4.034200e-15 -5.358506e-15 -1.000000e+00
    outer loop
      vertex   1.661000e+02 -9.614000e+01 2.850000e+01
      vertex   1.574320e+02 -1.026658e+02 2.850000e+01
      vertex   1.564700e+02 -1.020640e+02 2.850000e+01
    endloop
  endfacet
  facet normal 3.136871e-16 6.894989e-16 -1.000000e+00
    outer loop
      vertex   1.661000e+02 -9.614000e+01 2.850000e+01
      vertex   1.564700e+02 -1.020640e+02 2.850000e+01
      vertex   1.554372e+02 -1.015941e+02 2.850000e+01
    endloop
  endfacet
  facet normal 2.482949e-16 8.173403e-16 -1.000000e+00
    outer loop
      vertex   1.554372e+02 -1.015941e+02 2.850000e+01
      vertex   1.543514e+02 -1.012643e+02 2.850000e+01
      vertex   1.661000e+02 -9.614000e+01 2.850000e+01
    endloop
  endfacet
  facet normal 1.655151e-16 1.007130e-15 -1.000000e+00
    outer loop
      vertex   1.661000e+02 -9.614000e+01 2.850000e+01
      vertex   1.543514e+02 -1.012643e+02 2.850000e+01
      vertex   1.532318e+02 -1.010803e+02 2.850000e+01
    endloop
  endfacet
  facet normal 4.108187e-17 1.331246e-15 -1.000000e+00
    outer loop
      vertex   1.661000e+02 -9.614000e+01 2.850000e+01
      vertex   1.532318e+02 -1.010803e+02 2.850000e+01
      vertex   1.520976e+02 -1.010453e+02 2.850000e+01
    endloop
  endfacet
  facet normal 2.593222e-16 7.082716e-16 -1.000000e+00
    outer loop
      vertex   1.661000e+02 -9.614000e+01 2.850000e+01
      vertex   1.520976e+02 -1.010453e+02 2.850000e+01
      vertex   1.387000e+02 -9.614000e+01 2.850000e+01
    endloop
  endfacet
  facet normal -4.927646e-15 -1.345860e-14 -1.000000e+00
    outer loop
      vertex   1.387000e+02 -9.614000e+01 2.850000e+01
      vertex   1.520976e+02 -1.010453e+02 2.850000e+01
      vertex   1.509687e+02 -1.011599e+02 2.850000e+01
    endloop
  endfacet
  facet normal -2.179162e-15 -6.741307e-15 -1.000000e+00
    outer loop
      vertex   1.387000e+02 -9.614000e+01 2.850000e+01
      vertex   1.509687e+02 -1.011599e+02 2.850000e+01
      vertex   1.500640e+02 -1.013945e+02 2.850000e+01
    endloop
  endfacet
  facet normal -1.812717e-15 -5.948789e-15 -1.000000e+00
    outer loop
      vertex   1.500640e+02 -1.013945e+02 2.850000e+01
      vertex   1.491925e+02 -1.017261e+02 2.850000e+01
      vertex   1.387000e+02 -9.614000e+01 2.850000e+01
    endloop
  endfacet
  facet normal 6.642028e-16 -1.296378e-15 -1.000000e+00
    outer loop
      vertex   1.387000e+02 -9.614000e+01 2.850000e+01
      vertex   1.491925e+02 -1.017261e+02 2.850000e+01
      vertex   1.483620e+02 -1.021516e+02 2.850000e+01
    endloop
  endfacet
  facet normal 7.572194e-16 -1.146880e-15 -1.000000e+00
    outer loop
      vertex   1.387000e+02 -9.614000e+01 2.850000e+01
      vertex   1.483620e+02 -1.021516e+02 2.850000e+01
      vertex   1.475813e+02 -1.026671e+02 2.850000e+01
    endloop
  endfacet
  facet normal 8.493446e-16 -1.021528e-15 -1.000000e+00
    outer loop
      vertex   1.475813e+02 -1.026671e+02 2.850000e+01
      vertex   1.468635e+02 -1.032639e+02 2.850000e+01
      vertex   1.387000e+02 -9.614000e+01 2.850000e+01
    endloop
  endfacet
  facet normal 9.452742e-16 -9.115990e-16 -1.000000e+00
    outer loop
      vertex   1.387000e+02 -9.614000e+01 2.850000e+01
      vertex   1.468635e+02 -1.032639e+02 2.850000e+01
      vertex   1.462160e+02 -1.039353e+02 2.850000e+01
    endloop
  endfacet
  facet normal 1.050168e-15 -8.104642e-16 -1.000000e+00
    outer loop
      vertex   1.387000e+02 -9.614000e+01 2.850000e+01
      vertex   1.462160e+02 -1.039353e+02 2.850000e+01
      vertex   1.456447e+02 -1.046755e+02 2.850000e+01
    endloop
  endfacet
  facet normal 1.170667e-15 -7.124228e-16 -1.000000e+00
    outer loop
      vertex   1.456447e+02 -1.046755e+02 2.850000e+01
      vertex   1.451554e+02 -1.054796e+02 2.850000e+01
      vertex   1.387000e+02 -9.614000e+01 2.850000e+01
    endloop
  endfacet
  facet normal 1.294293e-15 -6.269747e-16 -1.000000e+00
    outer loop
      vertex   1.387000e+02 -9.614000e+01 2.850000e+01
      vertex   1.451554e+02 -1.054796e+02 2.850000e+01
      vertex   1.448666e+02 -1.060757e+02 2.850000e+01
    endloop
  endfacet
  facet normal 1.417727e-15 -5.503657e-16 -1.000000e+00
    outer loop
      vertex   1.387000e+02 -9.614000e+01 2.850000e+01
      vertex   1.448666e+02 -1.060757e+02 2.850000e+01
      vertex   1.446265e+02 -1.066942e+02 2.850000e+01
    endloop
  endfacet
  facet normal 1.458217e-14 6.841902e-15 -1.000000e+00
    outer loop
      vertex   1.446265e+02 -1.066942e+02 2.850000e+01
      vertex   1.444373e+02 -1.073295e+02 2.850000e+01
      vertex   1.387000e+02 -9.614000e+01 2.850000e+01
    endloop
  endfacet
  facet normal 1.599315e-14 7.565373e-15 -1.000000e+00
    outer loop
      vertex   1.387000e+02 -9.614000e+01 2.850000e+01
      vertex   1.444373e+02 -1.073295e+02 2.850000e+01
      vertex   1.443000e+02 -1.079784e+02 2.850000e+01
    endloop
  endfacet
  facet normal 0.000000e+00 0.000000e+00 -1.000000e+00
    outer loop
      vertex   1.387000e+02 -9.614000e+01 2.850000e+01
      vertex   1.443000e+02 -1.079784e+02 2.850000e+01
      vertex   1.443000e+02 -1.107251e+02 2.850000e+01
    endloop
  endfacet
  facet normal -1.699302e-15 -3.743450e-16 -1.000000e+00
    outer loop
      vertex   1.444717e+02 -1.115045e+02 2.850000e+01
      vertex   1.444373e+02 -1.303295e+02 2.850000e+01
      vertex   1.443000e+02 -1.107251e+02 2.850000e+01
    endloop
  endfacet
  facet normal 5.173444e-14 -5.798535e-25 -1.000000e+00
    outer loop
      vertex   1.443000e+02 -1.107251e+02 2.850000e+01
      vertex   1.444373e+02 -1.303295e+02 2.850000e+01
      vertex   1.443000e+02 -1.309784e+02 2.850000e+01
    endloop
  endfacet
  facet normal -0.000000e+00 0.000000e+00 -1.000000e+00
    outer loop
      vertex   1.443000e+02 -1.107251e+02 2.850000e+01
      vertex   1.443000e+02 -1.309784e+02 2.850000e+01
      vertex   1.387000e+02 -9.614000e+01 2.850000e+01
    endloop
  endfacet
  facet normal 0.000000e+00 0.000000e+00 -1.000000e+00
    outer loop
      vertex   1.387000e+02 -9.614000e+01 2.850000e+01
      vertex   1.443000e+02 -1.309784e+02 2.850000e+01
      vertex   1.443000e+02 -1.337251e+02 2.850000e+01
    endloop
  endfacet
  facet normal 0.000000e+00 0.000000e+00 -1.000000e+00
    outer loop
      vertex   1.387000e+02 -9.614000e+01 2.850000e+01
      vertex   1.443000e+02 -1.337251e+02 2.850000e+01
      vertex   1.387000e+02 -1.691400e+02 2.850000e+01
    endloop
  endfacet
  facet normal 1.275391e-15 -3.797750e-16 -1.000000e+00
    outer loop
      vertex   1.444373e+02 -1.303295e+02 2.850000e+01
      vertex   1.444717e+02 -1.115045e+02 2.850000e+01
      vertex   1.446265e+02 -1.296942e+02 2.850000e+01
    endloop
  endfacet
  facet normal -3.082654e-14 -6.530017e-16 -1.000000e+00
    outer loop
      vertex   1.446265e+02 -1.296942e+02 2.850000e+01
      vertex   1.444717e+02 -1.115045e+02 2.850000e+01
      vertex   1.447183e+02 -1.122635e+02 2.850000e+01
    endloop
  endfacet
  facet normal 2.129001e-15 -8.264846e-16 -1.000000e+00
    outer loop
      vertex   1.446265e+02 -1.296942e+02 2.850000e+01
      vertex   1.447183e+02 -1.122635e+02 2.850000e+01
      vertex   1.448666e+02 -1.290757e+02 2.850000e+01
    endloop
  endfacet
  facet normal 4.345889e-14 -4.618332e-16 -1.000000e+00
    outer loop
      vertex   1.448666e+02 -1.290757e+02 2.850000e+01
      vertex   1.447183e+02 -1.122635e+02 2.850000e+01
      vertex   1.450375e+02 -1.129952e+02 2.850000e+01
    endloop
  endfacet
  facet normal -2.515905e-14 2.673626e-16 -1.000000e+00
    outer loop
      vertex   1.448666e+02 -1.290757e+02 2.850000e+01
      vertex   1.450375e+02 -1.129952e+02 2.850000e+01
      vertex   1.451554e+02 -1.284796e+02 2.850000e+01
    endloop
  endfacet
  facet normal 8.344932e-16 4.652277e-16 -1.000000e+00
    outer loop
      vertex   1.451554e+02 -1.284796e+02 2.850000e+01
      vertex   1.450375e+02 -1.129952e+02 2.850000e+01
      vertex   1.454250e+02 -1.136902e+02 2.850000e+01
    endloop
  endfacet
  facet normal 1.415416e-14 2.224157e-16 -1.000000e+00
    outer loop
      vertex   1.451554e+02 -1.284796e+02 2.850000e+01
      vertex   1.454250e+02 -1.136902e+02 2.850000e+01
      vertex   1.456447e+02 -1.276755e+02 2.850000e+01
    endloop
  endfacet
  facet normal 0.000000e+00 0.000000e+00 -1.000000e+00
    outer loop
      vertex   1.456447e+02 -1.276755e+02 2.850000e+01
      vertex   1.454250e+02 -1.136902e+02 2.850000e+01
      vertex   1.455480e+02 -1.138815e+02 2.850000e+01
    endloop
  endfacet
  facet normal 0.000000e+00 0.000000e+00 -1.000000e+00
    outer loop
      vertex   1.456447e+02 -1.276755e+02 2.850000e+01
      vertex   1.455480e+02 -1.138815e+02 2.850000e+01
      vertex   1.461527e+02 -1.147026e+02 2.850000e+01
    endloop
  endfacet
  facet normal 0.000000e+00 0.000000e+00 -1.000000e+00
    outer loop
      vertex   1.456447e+02 -1.276755e+02 2.850000e+01
      vertex   1.461527e+02 -1.147026e+02 2.850000e+01
      vertex   1.462160e+02 -1.269353e+02 2.850000e+01
    endloop
  endfacet
  facet normal 0.000000e+00 0.000000e+00 -1.000000e+00
    outer loop
      vertex   1.462160e+02 -1.269353e+02 2.850000e+01
      vertex   1.461527e+02 -1.147026e+02 2.850000e+01
      vertex   1.468511e+02 -1.154409e+02 2.850000e+01
    endloop
  endfacet
  facet normal 0.000000e+00 0.000000e+00 -1.000000e+00
    outer loop
      vertex   1.462160e+02 -1.269353e+02 2.850000e+01
      vertex   1.468511e+02 -1.154409e+02 2.850000e+01
      vertex   1.468635e+02 -1.262639e+02 2.850000e+01
    endloop
  endfacet
  facet normal 0.000000e+00 0.000000e+00 -1.000000e+00
    outer loop
      vertex   1.468635e+02 -1.262639e+02 2.850000e+01
      vertex   1.468511e+02 -1.154409e+02 2.850000e+01
      vertex   1.475813e+02 -1.256671e+02 2.850000e+01
    endloop
  endfacet
  facet normal 0.000000e+00 0.000000e+00 -1.000000e+00
    outer loop
      vertex   1.475813e+02 -1.256671e+02 2.850000e+01
      vertex   1.468511e+02 -1.154409e+02 2.850000e+01
      vertex   1.476362e+02 -1.160885e+02 2.850000e+01
    endloop
  endfacet
  facet normal 0.000000e+00 0.000000e+00 -1.000000e+00
    outer loop
      vertex   1.475813e+02 -1.256671e+02 2.850000e+01
      vertex   1.476362e+02 -1.160885e+02 2.850000e+01
      vertex   1.483620e+02 -1.251516e+02 2.850000e+01
    endloop
  endfacet
  facet normal 8.696573e-15 6.964315e-16 -1.000000e+00
    outer loop
      vertex   1.483620e+02 -1.251516e+02 2.850000e+01
      vertex   1.476362e+02 -1.160885e+02 2.850000e+01
      vertex   1.484970e+02 -1.166350e+02 2.850000e+01
    endloop
  endfacet
  facet normal -4.309560e-16 8.411312e-16 -1.000000e+00
    outer loop
      vertex   1.483620e+02 -1.251516e+02 2.850000e+01
      vertex   1.484970e+02 -1.166350e+02 2.850000e+01
      vertex   1.491925e+02 -1.247261e+02 2.850000e+01
    endloop
  endfacet
  facet normal -3.595499e-15 5.691266e-16 -1.000000e+00
    outer loop
      vertex   1.491925e+02 -1.247261e+02 2.850000e+01
      vertex   1.484970e+02 -1.166350e+02 2.850000e+01
      vertex   1.494163e+02 -1.170693e+02 2.850000e+01
    endloop
  endfacet
  facet normal -1.785517e-16 4.692154e-16 -1.000000e+00
    outer loop
      vertex   1.491925e+02 -1.247261e+02 2.850000e+01
      vertex   1.494163e+02 -1.170693e+02 2.850000e+01
      vertex   1.500640e+02 -1.243945e+02 2.850000e+01
    endloop
  endfacet
  facet normal 1.637844e-16 4.994825e-16 -1.000000e+00
    outer loop
      vertex   1.500640e+02 -1.243945e+02 2.850000e+01
      vertex   1.494163e+02 -1.170693e+02 2.850000e+01
      vertex   1.503833e+02 -1.173864e+02 2.850000e+01
    endloop
  endfacet
  facet normal -1.329942e-16 5.130063e-16 -1.000000e+00
    outer loop
      vertex   1.500640e+02 -1.243945e+02 2.850000e+01
      vertex   1.503833e+02 -1.173864e+02 2.850000e+01
      vertex   1.509687e+02 -1.241599e+02 2.850000e+01
    endloop
  endfacet
  facet normal 3.714607e-15 8.455249e-16 -1.000000e+00
    outer loop
      vertex   1.509687e+02 -1.241599e+02 2.850000e+01
      vertex   1.503833e+02 -1.173864e+02 2.850000e+01
      vertex   1.513840e+02 -1.175808e+02 2.850000e+01
    endloop
  endfacet
  facet normal -6.445120e-15 1.486835e-15 -1.000000e+00
    outer loop
      vertex   1.509687e+02 -1.241599e+02 2.850000e+01
      vertex   1.513840e+02 -1.175808e+02 2.850000e+01
      vertex   1.520976e+02 -1.240453e+02 2.850000e+01
    endloop
  endfacet
  facet normal 1.482626e-16 2.214668e-15 -1.000000e+00
    outer loop
      vertex   1.520976e+02 -1.240453e+02 2.850000e+01
      vertex   1.513840e+02 -1.175808e+02 2.850000e+01
      vertex   1.523974e+02 -1.176487e+02 2.850000e+01
    endloop
  endfacet
  facet normal 6.845944e-17 2.218408e-15 -1.000000e+00
    outer loop
      vertex   1.520976e+02 -1.240453e+02 2.850000e+01
      vertex   1.523974e+02 -1.176487e+02 2.850000e+01
      vertex   1.532318e+02 -1.240803e+02 2.850000e+01
    endloop
  endfacet
  facet normal -1.373565e-16 2.191707e-15 -1.000000e+00
    outer loop
      vertex   1.532318e+02 -1.240803e+02 2.850000e+01
      vertex   1.523974e+02 -1.176487e+02 2.850000e+01
      vertex   1.534903e+02 -1.175802e+02 2.850000e+01
    endloop
  endfacet
  facet normal 3.569616e-16 2.172047e-15 -1.000000e+00
    outer loop
      vertex   1.532318e+02 -1.240803e+02 2.850000e+01
      vertex   1.534903e+02 -1.175802e+02 2.850000e+01
      vertex   1.543514e+02 -1.242643e+02 2.850000e+01
    endloop
  endfacet
  facet normal -4.120222e-16 2.072974e-15 -1.000000e+00
    outer loop
      vertex   1.543514e+02 -1.242643e+02 2.850000e+01
      vertex   1.534903e+02 -1.175802e+02 2.850000e+01
      vertex   1.545666e+02 -1.173663e+02 2.850000e+01
    endloop
  endfacet
  facet normal 6.199597e-16 2.040791e-15 -1.000000e+00
    outer loop
      vertex   1.543514e+02 -1.242643e+02 2.850000e+01
      vertex   1.545666e+02 -1.173663e+02 2.850000e+01
      vertex   1.554372e+02 -1.245941e+02 2.850000e+01
    endloop
  endfacet
  facet normal -7.235458e-15 1.094623e-15 -1.000000e+00
    outer loop
      vertex   1.554372e+02 -1.245941e+02 2.850000e+01
      vertex   1.545666e+02 -1.173663e+02 2.850000e+01
      vertex   1.556020e+02 -1.170130e+02 2.850000e+01
    endloop
  endfacet
  facet normal 4.222246e-16 9.280694e-16 -1.000000e+00
    outer loop
      vertex   1.554372e+02 -1.245941e+02 2.850000e+01
      vertex   1.556020e+02 -1.170130e+02 2.850000e+01
      vertex   1.564700e+02 -1.250640e+02 2.850000e+01
    endloop
  endfacet
  facet normal -4.147759e-16 8.378360e-16 -1.000000e+00
    outer loop
      vertex   1.564700e+02 -1.250640e+02 2.850000e+01
      vertex   1.556020e+02 -1.170130e+02 2.850000e+01
      vertex   1.565865e+02 -1.165257e+02 2.850000e+01
    endloop
  endfacet
  facet normal 7.839925e-15 7.252346e-16 -1.000000e+00
    outer loop
      vertex   1.564700e+02 -1.250640e+02 2.850000e+01
      vertex   1.565865e+02 -1.165257e+02 2.850000e+01
      vertex   1.574320e+02 -1.256658e+02 2.850000e+01
    endloop
  endfacet
  facet normal 0.000000e+00 0.000000e+00 -1.000000e+00
    outer loop
      vertex   1.574320e+02 -1.256658e+02 2.850000e+01
      vertex   1.565865e+02 -1.165257e+02 2.850000e+01
      vertex   1.574378e+02 -1.159758e+02 2.850000e+01
    endloop
  endfacet
  facet normal 0.000000e+00 0.000000e+00 -1.000000e+00
    outer loop
      vertex   1.574320e+02 -1.256658e+02 2.850000e+01
      vertex   1.574378e+02 -1.159758e+02 2.850000e+01
      vertex   1.582117e+02 -1.153247e+02 2.850000e+01
    endloop
  endfacet
  facet normal 3.155531e-16 -2.913381e-16 -1.000000e+00
    outer loop
      vertex   1.588990e+02 -1.145803e+02 2.850000e+01
      vertex   1.587528e+02 -1.269331e+02 2.850000e+01
      vertex   1.582117e+02 -1.153247e+02 2.850000e+01
    endloop
  endfacet
  facet normal -3.437396e-16 -3.220678e-16 -1.000000e+00
    outer loop
      vertex   1.582117e+02 -1.153247e+02 2.850000e+01
      vertex   1.587528e+02 -1.269331e+02 2.850000e+01
      vertex   1.581266e+02 -1.262648e+02 2.850000e+01
    endloop
  endfacet
  facet normal 4.802283e-15 -3.621024e-16 -1.000000e+00
    outer loop
      vertex   1.582117e+02 -1.153247e+02 2.850000e+01
      vertex   1.581266e+02 -1.262648e+02 2.850000e+01
      vertex   1.574320e+02 -1.256658e+02 2.850000e+01
    endloop
  endfacet
  facet normal 5.956472e-15 -3.581041e-16 -1.000000e+00
    outer loop
      vertex   1.587528e+02 -1.269331e+02 2.850000e+01
      vertex   1.588990e+02 -1.145803e+02 2.850000e+01
      vertex   1.593052e+02 -1.276650e+02 2.850000e+01
    endloop
  endfacet
  facet normal 7.298222e-16 -5.203729e-16 -1.000000e+00
    outer loop
      vertex   1.593052e+02 -1.276650e+02 2.850000e+01
      vertex   1.588990e+02 -1.145803e+02 2.850000e+01
      vertex   1.594876e+02 -1.137548e+02 2.850000e+01
    endloop
  endfacet
  facet normal -8.520572e-15 -3.991043e-16 -1.000000e+00
    outer loop
      vertex   1.593052e+02 -1.276650e+02 2.850000e+01
      vertex   1.594876e+02 -1.137548e+02 2.850000e+01
      vertex   1.597573e+02 -1.284142e+02 2.850000e+01
    endloop
  endfacet
  facet normal 1.103002e-14 -3.942847e-17 -1.000000e+00
    outer loop
      vertex   1.597573e+02 -1.284142e+02 2.850000e+01
      vertex   1.594876e+02 -1.137548e+02 2.850000e+01
      vertex   1.598117e+02 -1.131852e+02 2.850000e+01
    endloop
  endfacet
  facet normal 1.347203e-14 -4.815779e-17 -1.000000e+00
    outer loop
      vertex   1.597573e+02 -1.284142e+02 2.850000e+01
      vertex   1.598117e+02 -1.131852e+02 2.850000e+01
      vertex   1.600191e+02 -1.289479e+02 2.850000e+01
    endloop
  endfacet
  facet normal -1.201005e-14 -3.833846e-16 -1.000000e+00
    outer loop
      vertex   1.600191e+02 -1.289479e+02 2.850000e+01
      vertex   1.598117e+02 -1.131852e+02 2.850000e+01
      vertex   1.600887e+02 -1.125950e+02 2.850000e+01
    endloop
  endfacet
  facet normal -1.053082e-15 -4.300235e-16 -1.000000e+00
    outer loop
      vertex   1.600191e+02 -1.289479e+02 2.850000e+01
      vertex   1.600887e+02 -1.125950e+02 2.850000e+01
      vertex   1.602220e+02 -1.294448e+02 2.850000e+01
    endloop
  endfacet
  facet normal 1.624098e-14 -2.931988e-16 -1.000000e+00
    outer loop
      vertex   1.602220e+02 -1.294448e+02 2.850000e+01
      vertex   1.600887e+02 -1.125950e+02 2.850000e+01
      vertex   1.603184e+02 -1.119857e+02 2.850000e+01
    endloop
  endfacet
  facet normal -9.165433e-14 3.027874e-16 -1.000000e+00
    outer loop
      vertex   1.602220e+02 -1.294448e+02 2.850000e+01
      vertex   1.603184e+02 -1.119857e+02 2.850000e+01
      vertex   1.603755e+02 -1.298981e+02 2.850000e+01
    endloop
  endfacet
  facet normal -2.028137e-15 5.885480e-16 -1.000000e+00
    outer loop
      vertex   1.603755e+02 -1.298981e+02 2.850000e+01
      vertex   1.603184e+02 -1.119857e+02 2.850000e+01
      vertex   1.605000e+02 -1.113600e+02 2.850000e+01
    endloop
  endfacet
  facet normal 9.354698e-14 -5.312597e-17 -1.000000e+00
    outer loop
      vertex   1.603755e+02 -1.298981e+02 2.850000e+01
      vertex   1.605000e+02 -1.113600e+02 2.850000e+01
      vertex   1.604892e+02 -1.303009e+02 2.850000e+01
    endloop
  endfacet
  facet normal 0.000000e+00 0.000000e+00 -1.000000e+00
    outer loop
      vertex   1.604892e+02 -1.303009e+02 2.850000e+01
      vertex   1.605000e+02 -1.113600e+02 2.850000e+01
      vertex   1.605000e+02 -1.303429e+02 2.850000e+01
    endloop
  endfacet
  facet normal -6.344132e-16 1.115135e-26 -1.000000e+00
    outer loop
      vertex   1.605000e+02 -1.303429e+02 2.850000e+01
      vertex   1.605000e+02 -1.113600e+02 2.850000e+01
      vertex   1.661000e+02 -9.614000e+01 2.850000e+01
    endloop
  endfacet
  facet normal -6.344132e-16 -5.273659e-26 -1.000000e+00
    outer loop
      vertex   1.605000e+02 -1.303429e+02 2.850000e+01
      vertex   1.661000e+02 -9.614000e+01 2.850000e+01
      vertex   1.605000e+02 -1.343600e+02 2.850000e+01
    endloop
  endfacet
  facet normal -6.344132e-16 0.000000e+00 -1.000000e+00
    outer loop
      vertex   1.605000e+02 -1.343600e+02 2.850000e+01
      vertex   1.661000e+02 -9.614000e+01 2.850000e+01
      vertex   1.661000e+02 -1.691400e+02 2.850000e+01
    endloop
  endfacet
  facet normal -1.000000e+00 -0.000000e+00 -0.000000e+00
    outer loop
      vertex   1.661000e+02 -9.614000e+01 2.850000e+01
      vertex   1.661000e+02 -9.614000e+01 -2.000000e+00
      vertex   1.661000e+02 -1.691400e+02 2.850000e+01
    endloop
  endfacet
  facet normal -1.000000e+00 0.000000e+00 0.000000e+00
    outer loop
      vertex   1.661000e+02 -1.691400e+02 2.850000e+01
      vertex   1.661000e+02 -9.614000e+01 -2.000000e+00
      vertex   1.661000e+02 -1.691400e+02 -2.000000e+00
    endloop
  endfacet
  facet normal 1.305262e-01 0.000000e+00 -9.914449e-01
    outer loop
      vertex   6.707059e+01 -1.691400e+02 9.982963e+00
      vertex   6.707059e+01 -1.663323e+02 9.982963e+00
      vertex   6.720000e+01 -1.691400e+02 1.000000e+01
    endloop
  endfacet
  facet normal 1.305262e-01 0.000000e+00 -9.914449e-01
    outer loop
      vertex   6.720000e+01 -1.691400e+02 1.000000e+01
      vertex   6.707059e+01 -1.663323e+02 9.982963e+00
      vertex   6.707059e+01 -1.635246e+02 9.982963e+00
    endloop
  endfacet
  facet normal 1.305262e-01 0.000000e+00 -9.914449e-01
    outer loop
      vertex   6.720000e+01 -1.691400e+02 1.000000e+01
      vertex   6.707059e+01 -1.635246e+02 9.982963e+00
      vertex   6.707059e+01 -1.607169e+02 9.982963e+00
    endloop
  endfacet
  facet normal 3.826834e-01 0.000000e+00 -9.238795e-01
    outer loop
      vertex   6.707059e+01 -1.607169e+02 9.982963e+00
      vertex   6.707059e+01 -1.635246e+02 9.982963e+00
      vertex   6.695000e+01 -1.607169e+02 9.933013e+00
    endloop
  endfacet
  facet normal 3.826834e-01 0.000000e+00 -9.238795e-01
    outer loop
      vertex   6.707059e+01 -1.607169e+02 9.982963e+00
      vertex   6.695000e+01 -1.607169e+02 9.933013e+00
      vertex   6.695000e+01 -1.579092e+02 9.933013e+00
    endloop
  endfacet
  facet normal 6.087614e-01 0.000000e+00 -7.933533e-01
    outer loop
      vertex   6.695000e+01 -1.579092e+02 9.933013e+00
      vertex   6.695000e+01 -1.607169e+02 9.933013e+00
      vertex   6.684645e+01 -1.579092e+02 9.853554e+00
    endloop
  endfacet
  facet normal 6.087614e-01 0.000000e+00 -7.933533e-01
    outer loop
      vertex   6.695000e+01 -1.579092e+02 9.933013e+00
      vertex   6.684645e+01 -1.579092e+02 9.853554e+00
      vertex   6.684645e+01 -1.551015e+02 9.853554e+00
    endloop
  endfacet
  facet normal 7.933533e-01 0.000000e+00 -6.087614e-01
    outer loop
      vertex   6.684645e+01 -1.551015e+02 9.853554e+00
      vertex   6.684645e+01 -1.579092e+02 9.853554e+00
      vertex   6.676699e+01 -1.551015e+02 9.750000e+00
    endloop
  endfacet
  facet normal 7.933533e-01 0.000000e+00 -6.087614e-01
    outer loop
      vertex   6.684645e+01 -1.551015e+02 9.853554e+00
      vertex   6.676699e+01 -1.551015e+02 9.750000e+00
      vertex   6.676699e+01 -1.522938e+02 9.750000e+00
    endloop
  endfacet
  facet normal 9.238795e-01 0.000000e+00 -3.826834e-01
    outer loop
      vertex   6.676699e+01 -1.522938e+02 9.750000e+00
      vertex   6.676699e+01 -1.551015e+02 9.750000e+00
      vertex   6.671704e+01 -1.522938e+02 9.629410e+00
    endloop
  endfacet
  facet normal 9.238795e-01 0.000000e+00 -3.826834e-01
    outer loop
      vertex   6.676699e+01 -1.522938e+02 9.750000e+00
      vertex   6.671704e+01 -1.522938e+02 9.629410e+00
      vertex   6.671704e+01 -1.494862e+02 9.629410e+00
    endloop
  endfacet
  facet normal 9.914449e-01 0.000000e+00 -1.305262e-01
    outer loop
      vertex   6.671704e+01 -1.494862e+02 9.629410e+00
      vertex   6.671704e+01 -1.522938e+02 9.629410e+00
      vertex   6.670000e+01 -1.691400e+02 9.500000e+00
    endloop
  endfacet
  facet normal 9.914449e-01 0.000000e+00 -1.305262e-01
    outer loop
      vertex   6.671704e+01 -1.494862e+02 9.629410e+00
      vertex   6.670000e+01 -1.691400e+02 9.500000e+00
      vertex   6.671704e+01 -1.466785e+02 9.629410e+00
    endloop
  endfacet
  facet normal 9.914449e-01 0.000000e+00 -1.305262e-01
    outer loop
      vertex   6.671704e+01 -1.466785e+02 9.629410e+00
      vertex   6.670000e+01 -1.691400e+02 9.500000e+00
      vertex   6.671704e+01 -1.438708e+02 9.629410e+00
    endloop
  endfacet
  facet normal 9.238795e-01 0.000000e+00 -3.826834e-01
    outer loop
      vertex   6.671704e+01 -1.466785e+02 9.629410e+00
      vertex   6.671704e+01 -1.438708e+02 9.629410e+00
      vertex   6.676699e+01 -1.466785e+02 9.750000e+00
    endloop
  endfacet
  facet normal 9.238795e-01 0.000000e+00 -3.826834e-01
    outer loop
      vertex   6.676699e+01 -1.466785e+02 9.750000e+00
      vertex   6.671704e+01 -1.438708e+02 9.629410e+00
      vertex   6.676699e+01 -1.438708e+02 9.750000e+00
    endloop
  endfacet
  facet normal 7.933533e-01 0.000000e+00 -6.087614e-01
    outer loop
      vertex   6.676699e+01 -1.466785e+02 9.750000e+00
      vertex   6.676699e+01 -1.438708e+02 9.750000e+00
      vertex   6.684645e+01 -1.466785e+02 9.853554e+00
    endloop
  endfacet
  facet normal 7.933533e-01 0.000000e+00 -6.087614e-01
    outer loop
      vertex   6.684645e+01 -1.466785e+02 9.853554e+00
      vertex   6.676699e+01 -1.438708e+02 9.750000e+00
      vertex   6.684645e+01 -1.438708e+02 9.853554e+00
    endloop
  endfacet
  facet normal 6.087614e-01 0.000000e+00 -7.933533e-01
    outer loop
      vertex   6.684645e+01 -1.466785e+02 9.853554e+00
      vertex   6.684645e+01 -1.438708e+02 9.853554e+00
      vertex   6.695000e+01 -1.466785e+02 9.933013e+00
    endloop
  endfacet
  facet normal 6.087614e-01 0.000000e+00 -7.933533e-01
    outer loop
      vertex   6.695000e+01 -1.466785e+02 9.933013e+00
      vertex   6.684645e+01 -1.438708e+02 9.853554e+00
      vertex   6.695000e+01 -1.438708e+02 9.933013e+00
    endloop
  endfacet
  facet normal 3.826834e-01 0.000000e+00 -9.238795e-01
    outer loop
      vertex   6.695000e+01 -1.466785e+02 9.933013e+00
      vertex   6.695000e+01 -1.438708e+02 9.933013e+00
      vertex   6.707059e+01 -1.466785e+02 9.982963e+00
    endloop
  endfacet
  facet normal 3.826834e-01 0.000000e+00 -9.238795e-01
    outer loop
      vertex   6.707059e+01 -1.466785e+02 9.982963e+00
      vertex   6.695000e+01 -1.438708e+02 9.933013e+00
      vertex   6.707059e+01 -1.438708e+02 9.982963e+00
    endloop
  endfacet
  facet normal 1.305262e-01 0.000000e+00 -9.914449e-01
    outer loop
      vertex   6.707059e+01 -1.466785e+02 9.982963e+00
      vertex   6.707059e+01 -1.438708e+02 9.982963e+00
      vertex   6.720000e+01 -1.691400e+02 1.000000e+01
    endloop
  endfacet
  facet normal 1.305262e-01 0.000000e+00 -9.914449e-01
    outer loop
      vertex   6.720000e+01 -1.691400e+02 1.000000e+01
      vertex   6.707059e+01 -1.438708e+02 9.982963e+00
      vertex   6.707059e+01 -1.410631e+02 9.982963e+00
    endloop
  endfacet
  facet normal 1.305262e-01 0.000000e+00 -9.914449e-01
    outer loop
      vertex   6.720000e+01 -1.691400e+02 1.000000e+01
      vertex   6.707059e+01 -1.410631e+02 9.982963e+00
      vertex   6.707059e+01 -1.382554e+02 9.982963e+00
    endloop
  endfacet
  facet normal 3.826834e-01 0.000000e+00 -9.238795e-01
    outer loop
      vertex   6.707059e+01 -1.382554e+02 9.982963e+00
      vertex   6.707059e+01 -1.410631e+02 9.982963e+00
      vertex   6.695000e+01 -1.382554e+02 9.933013e+00
    endloop
  endfacet
  facet normal 3.826834e-01 0.000000e+00 -9.238795e-01
    outer loop
      vertex   6.707059e+01 -1.382554e+02 9.982963e+00
      vertex   6.695000e+01 -1.382554e+02 9.933013e+00
      vertex   6.695000e+01 -1.354477e+02 9.933013e+00
    endloop
  endfacet
  facet normal 6.087614e-01 0.000000e+00 -7.933533e-01
    outer loop
      vertex   6.695000e+01 -1.354477e+02 9.933013e+00
      vertex   6.695000e+01 -1.382554e+02 9.933013e+00
      vertex   6.684645e+01 -1.354477e+02 9.853554e+00
    endloop
  endfacet
  facet normal 6.087614e-01 0.000000e+00 -7.933533e-01
    outer loop
      vertex   6.695000e+01 -1.354477e+02 9.933013e+00
      vertex   6.684645e+01 -1.354477e+02 9.853554e+00
      vertex   6.684645e+01 -1.326400e+02 9.853554e+00
    endloop
  endfacet
  facet normal 7.933533e-01 0.000000e+00 -6.087614e-01
    outer loop
      vertex   6.684645e+01 -1.326400e+02 9.853554e+00
      vertex   6.684645e+01 -1.354477e+02 9.853554e+00
      vertex   6.676699e+01 -1.326400e+02 9.750000e+00
    endloop
  endfacet
  facet normal 7.933533e-01 0.000000e+00 -6.087614e-01
    outer loop
      vertex   6.684645e+01 -1.326400e+02 9.853554e+00
      vertex   6.676699e+01 -1.326400e+02 9.750000e+00
      vertex   6.676699e+01 -1.298323e+02 9.750000e+00
    endloop
  endfacet
  facet normal 9.238795e-01 0.000000e+00 -3.826834e-01
    outer loop
      vertex   6.676699e+01 -1.298323e+02 9.750000e+00
      vertex   6.676699e+01 -1.326400e+02 9.750000e+00
      vertex   6.671704e+01 -1.298323e+02 9.629410e+00
    endloop
  endfacet
  facet normal 9.238795e-01 0.000000e+00 -3.826834e-01
    outer loop
      vertex   6.676699e+01 -1.298323e+02 9.750000e+00
      vertex   6.671704e+01 -1.298323e+02 9.629410e+00
      vertex   6.671704e+01 -1.270246e+02 9.629410e+00
    endloop
  endfacet
  facet normal 9.914449e-01 0.000000e+00 -1.305262e-01
    outer loop
      vertex   6.671704e+01 -1.270246e+02 9.629410e+00
      vertex   6.671704e+01 -1.298323e+02 9.629410e+00
      vertex   6.670000e+01 -9.614000e+01 9.500000e+00
    endloop
  endfacet
  facet normal 9.914449e-01 0.000000e+00 -1.305262e-01
    outer loop
      vertex   6.671704e+01 -1.270246e+02 9.629410e+00
      vertex   6.670000e+01 -9.614000e+01 9.500000e+00
      vertex   6.671704e+01 -1.242169e+02 9.629410e+00
    endloop
  endfacet
  facet normal 9.914449e-01 0.000000e+00 -1.305262e-01
    outer loop
      vertex   6.671704e+01 -1.242169e+02 9.629410e+00
      vertex   6.670000e+01 -9.614000e+01 9.500000e+00
      vertex   6.671704e+01 -1.214092e+02 9.629410e+00
    endloop
  endfacet
  facet normal 9.238795e-01 0.000000e+00 -3.826834e-01
    outer loop
      vertex   6.671704e+01 -1.242169e+02 9.629410e+00
      vertex   6.671704e+01 -1.214092e+02 9.629410e+00
      vertex   6.676699e+01 -1.242169e+02 9.750000e+00
    endloop
  endfacet
  facet normal 9.238795e-01 0.000000e+00 -3.826834e-01
    outer loop
      vertex   6.676699e+01 -1.242169e+02 9.750000e+00
      vertex   6.671704e+01 -1.214092e+02 9.629410e+00
      vertex   6.676699e+01 -1.214092e+02 9.750000e+00
    endloop
  endfacet
  facet normal 7.933533e-01 0.000000e+00 -6.087614e-01
    outer loop
      vertex   6.676699e+01 -1.242169e+02 9.750000e+00
      vertex   6.676699e+01 -1.214092e+02 9.750000e+00
      vertex   6.684645e+01 -1.242169e+02 9.853554e+00
    endloop
  endfacet
  facet normal 7.933533e-01 0.000000e+00 -6.087614e-01
    outer loop
      vertex   6.684645e+01 -1.242169e+02 9.853554e+00
      vertex   6.676699e+01 -1.214092e+02 9.750000e+00
      vertex   6.684645e+01 -1.214092e+02 9.853554e+00
    endloop
  endfacet
  facet normal 6.087614e-01 0.000000e+00 -7.933533e-01
    outer loop
      vertex   6.684645e+01 -1.242169e+02 9.853554e+00
      vertex   6.684645e+01 -1.214092e+02 9.853554e+00
      vertex   6.695000e+01 -1.242169e+02 9.933013e+00
    endloop
  endfacet
  facet normal 6.087614e-01 0.000000e+00 -7.933533e-01
    outer loop
      vertex   6.695000e+01 -1.242169e+02 9.933013e+00
      vertex   6.684645e+01 -1.214092e+02 9.853554e+00
      vertex   6.695000e+01 -1.214092e+02 9.933013e+00
    endloop
  endfacet
  facet normal 3.826834e-01 0.000000e+00 -9.238795e-01
    outer loop
      vertex   6.695000e+01 -1.242169e+02 9.933013e+00
      vertex   6.695000e+01 -1.214092e+02 9.933013e+00
      vertex   6.707059e+01 -1.242169e+02 9.982963e+00
    endloop
  endfacet
  facet normal 3.826834e-01 0.000000e+00 -9.238795e-01
    outer loop
      vertex   6.707059e+01 -1.242169e+02 9.982963e+00
      vertex   6.695000e+01 -1.214092e+02 9.933013e+00
      vertex   6.707059e+01 -1.214092e+02 9.982963e+00
    endloop
  endfacet
  facet normal 1.305262e-01 0.000000e+00 -9.914449e-01
    outer loop
      vertex   6.707059e+01 -1.242169e+02 9.982963e+00
      vertex   6.707059e+01 -1.214092e+02 9.982963e+00
      vertex   6.720000e+01 -9.614000e+01 1.000000e+01
    endloop
  endfacet
  facet normal 1.305262e-01 0.000000e+00 -9.914449e-01
    outer loop
      vertex   6.720000e+01 -9.614000e+01 1.000000e+01
      vertex   6.707059e+01 -1.214092e+02 9.982963e+00
      vertex   6.707059e+01 -1.186015e+02 9.982963e+00
    endloop
  endfacet
  facet normal 1.305262e-01 0.000000e+00 -9.914449e-01
    outer loop
      vertex   6.720000e+01 -9.614000e+01 1.000000e+01
      vertex   6.707059e+01 -1.186015e+02 9.982963e+00
      vertex   6.707059e+01 -1.157938e+02 9.982963e+00
    endloop
  endfacet
  facet normal 3.826834e-01 0.000000e+00 -9.238795e-01
    outer loop
      vertex   6.707059e+01 -1.157938e+02 9.982963e+00
      vertex   6.707059e+01 -1.186015e+02 9.982963e+00
      vertex   6.695000e+01 -1.157938e+02 9.933013e+00
    endloop
  endfacet
  facet normal 3.826834e-01 0.000000e+00 -9.238795e-01
    outer loop
      vertex   6.707059e+01 -1.157938e+02 9.982963e+00
      vertex   6.695000e+01 -1.157938e+02 9.933013e+00
      vertex   6.695000e+01 -1.129862e+02 9.933013e+00
    endloop
  endfacet
  facet normal 6.087614e-01 0.000000e+00 -7.933533e-01
    outer loop
      vertex   6.695000e+01 -1.129862e+02 9.933013e+00
      vertex   6.695000e+01 -1.157938e+02 9.933013e+00
      vertex   6.684645e+01 -1.129862e+02 9.853554e+00
    endloop
  endfacet
  facet normal 6.087614e-01 0.000000e+00 -7.933533e-01
    outer loop
      vertex   6.695000e+01 -1.129862e+02 9.933013e+00
      vertex   6.684645e+01 -1.129862e+02 9.853554e+00
      vertex   6.684645e+01 -1.101785e+02 9.853554e+00
    endloop
  endfacet
  facet normal 7.933533e-01 0.000000e+00 -6.087614e-01
    outer loop
      vertex   6.684645e+01 -1.101785e+02 9.853554e+00
      vertex   6.684645e+01 -1.129862e+02 9.853554e+00
      vertex   6.676699e+01 -1.101785e+02 9.750000e+00
    endloop
  endfacet
  facet normal 7.933533e-01 0.000000e+00 -6.087614e-01
    outer loop
      vertex   6.684645e+01 -1.101785e+02 9.853554e+00
      vertex   6.676699e+01 -1.101785e+02 9.750000e+00
      vertex   6.676699e+01 -1.073708e+02 9.750000e+00
    endloop
  endfacet
  facet normal 9.238795e-01 0.000000e+00 -3.826834e-01
    outer loop
      vertex   6.676699e+01 -1.073708e+02 9.750000e+00
      vertex   6.676699e+01 -1.101785e+02 9.750000e+00
      vertex   6.671704e+01 -1.073708e+02 9.629410e+00
    endloop
  endfacet
  facet normal 9.238795e-01 0.000000e+00 -3.826834e-01
    outer loop
      vertex   6.676699e+01 -1.073708e+02 9.750000e+00
      vertex   6.671704e+01 -1.073708e+02 9.629410e+00
      vertex   6.671704e+01 -1.045631e+02 9.629410e+00
    endloop
  endfacet
  facet normal 9.914449e-01 0.000000e+00 -1.305262e-01
    outer loop
      vertex   6.671704e+01 -1.045631e+02 9.629410e+00
      vertex   6.671704e+01 -1.073708e+02 9.629410e+00
      vertex   6.670000e+01 -9.614000e+01 9.500000e+00
    endloop
  endfacet
  facet normal 9.914449e-01 0.000000e+00 -1.305262e-01
    outer loop
      vertex   6.671704e+01 -1.045631e+02 9.629410e+00
      vertex   6.670000e+01 -9.614000e+01 9.500000e+00
      vertex   6.671704e+01 -1.017554e+02 9.629410e+00
    endloop
  endfacet
  facet normal 9.914449e-01 0.000000e+00 -1.305262e-01
    outer loop
      vertex   6.671704e+01 -1.017554e+02 9.629410e+00
      vertex   6.670000e+01 -9.614000e+01 9.500000e+00
      vertex   6.671704e+01 -9.894769e+01 9.629410e+00
    endloop
  endfacet
  facet normal 9.238795e-01 0.000000e+00 -3.826834e-01
    outer loop
      vertex   6.671704e+01 -1.017554e+02 9.629410e+00
      vertex   6.671704e+01 -9.894769e+01 9.629410e+00
      vertex   6.676699e+01 -1.017554e+02 9.750000e+00
    endloop
  endfacet
  facet normal 9.238795e-01 0.000000e+00 -3.826834e-01
    outer loop
      vertex   6.676699e+01 -1.017554e+02 9.750000e+00
      vertex   6.671704e+01 -9.894769e+01 9.629410e+00
      vertex   6.676699e+01 -9.894769e+01 9.750000e+00
    endloop
  endfacet
  facet normal 7.933533e-01 0.000000e+00 -6.087614e-01
    outer loop
      vertex   6.676699e+01 -1.017554e+02 9.750000e+00
      vertex   6.676699e+01 -9.894769e+01 9.750000e+00
      vertex   6.684645e+01 -1.017554e+02 9.853554e+00
    endloop
  endfacet
  facet normal 7.933533e-01 0.000000e+00 -6.087614e-01
    outer loop
      vertex   6.684645e+01 -1.017554e+02 9.853554e+00
      vertex   6.676699e+01 -9.894769e+01 9.750000e+00
      vertex   6.684645e+01 -9.894769e+01 9.853554e+00
    endloop
  endfacet
  facet normal 6.087614e-01 0.000000e+00 -7.933533e-01
    outer loop
      vertex   6.684645e+01 -1.017554e+02 9.853554e+00
      vertex   6.684645e+01 -9.894769e+01 9.853554e+00
      vertex   6.695000e+01 -1.017554e+02 9.933013e+00
    endloop
  endfacet
  facet normal 6.087614e-01 0.000000e+00 -7.933533e-01
    outer loop
      vertex   6.695000e+01 -1.017554e+02 9.933013e+00
      vertex   6.684645e+01 -9.894769e+01 9.853554e+00
      vertex   6.695000e+01 -9.894769e+01 9.933013e+00
    endloop
  endfacet
  facet normal 3.826834e-01 0.000000e+00 -9.238795e-01
    outer loop
      vertex   6.695000e+01 -1.017554e+02 9.933013e+00
      vertex   6.695000e+01 -9.894769e+01 9.933013e+00
      vertex   6.707059e+01 -1.017554e+02 9.982963e+00
    endloop
  endfacet
  facet normal 3.826834e-01 0.000000e+00 -9.238795e-01
    outer loop
      vertex   6.707059e+01 -1.017554e+02 9.982963e+00
      vertex   6.695000e+01 -9.894769e+01 9.933013e+00
      vertex   6.707059e+01 -9.894769e+01 9.982963e+00
    endloop
  endfacet
  facet normal 1.305262e-01 0.000000e+00 -9.914449e-01
    outer loop
      vertex   6.707059e+01 -1.017554e+02 9.982963e+00
      vertex   6.707059e+01 -9.894769e+01 9.982963e+00
      vertex   6.720000e+01 -9.614000e+01 1.000000e+01
    endloop
  endfacet
  facet normal 1.305262e-01 0.000000e+00 -9.914449e-01
    outer loop
      vertex   6.720000e+01 -9.614000e+01 1.000000e+01
      vertex   6.707059e+01 -9.894769e+01 9.982963e+00
      vertex   6.707059e+01 -9.614000e+01 9.982963e+00
    endloop
  endfacet
  facet normal 3.826834e-01 0.000000e+00 -9.238795e-01
    outer loop
      vertex   6.707059e+01 -9.614000e+01 9.982963e+00
      vertex   6.707059e+01 -9.894769e+01 9.982963e+00
      vertex   6.695000e+01 -9.614000e+01 9.933013e+00
    endloop
  endfacet
  facet normal 3.826834e-01 0.000000e+00 -9.238795e-01
    outer loop
      vertex   6.695000e+01 -9.614000e+01 9.933013e+00
      vertex   6.707059e+01 -9.894769e+01 9.982963e+00
      vertex   6.695000e+01 -9.894769e+01 9.933013e+00
    endloop
  endfacet
  facet normal 6.087614e-01 0.000000e+00 -7.933533e-01
    outer loop
      vertex   6.695000e+01 -9.614000e+01 9.933013e+00
      vertex   6.695000e+01 -9.894769e+01 9.933013e+00
      vertex   6.684645e+01 -9.614000e+01 9.853554e+00
    endloop
  endfacet
  facet normal 6.087614e-01 0.000000e+00 -7.933533e-01
    outer loop
      vertex   6.684645e+01 -9.614000e+01 9.853554e+00
      vertex   6.695000e+01 -9.894769e+01 9.933013e+00
      vertex   6.684645e+01 -9.894769e+01 9.853554e+00
    endloop
  endfacet
  facet normal 7.933533e-01 0.000000e+00 -6.087614e-01
    outer loop
      vertex   6.684645e+01 -9.614000e+01 9.853554e+00
      vertex   6.684645e+01 -9.894769e+01 9.853554e+00
      vertex   6.676699e+01 -9.614000e+01 9.750000e+00
    endloop
  endfacet
  facet normal 7.933533e-01 3.851482e-16 -6.087614e-01
    outer loop
      vertex   6.676699e+01 -9.614000e+01 9.750000e+00
      vertex   6.684645e+01 -9.894769e+01 9.853554e+00
      vertex   6.676699e+01 -9.894769e+01 9.750000e+00
    endloop
  endfacet
  facet normal 9.238795e-01 2.421143e-16 -3.826834e-01
    outer loop
      vertex   6.676699e+01 -9.614000e+01 9.750000e+00
      vertex   6.676699e+01 -9.894769e+01 9.750000e+00
      vertex   6.671704e+01 -9.614000e+01 9.629410e+00
    endloop
  endfacet
  facet normal 9.238795e-01 0.000000e+00 -3.826834e-01
    outer loop
      vertex   6.671704e+01 -9.614000e+01 9.629410e+00
      vertex   6.676699e+01 -9.894769e+01 9.750000e+00
      vertex   6.671704e+01 -9.894769e+01 9.629410e+00
    endloop
  endfacet
  facet normal 9.914449e-01 0.000000e+00 -1.305262e-01
    outer loop
      vertex   6.671704e+01 -9.614000e+01 9.629410e+00
      vertex   6.671704e+01 -9.894769e+01 9.629410e+00
      vertex   6.670000e+01 -9.614000e+01 9.500000e+00
    endloop
  endfacet
  facet normal 3.826834e-01 0.000000e+00 -9.238795e-01
    outer loop
      vertex   6.707059e+01 -1.663323e+02 9.982963e+00
      vertex   6.707059e+01 -1.691400e+02 9.982963e+00
      vertex   6.695000e+01 -1.663323e+02 9.933013e+00
    endloop
  endfacet
  facet normal 3.826834e-01 0.000000e+00 -9.238795e-01
    outer loop
      vertex   6.695000e+01 -1.663323e+02 9.933013e+00
      vertex   6.707059e+01 -1.691400e+02 9.982963e+00
      vertex   6.695000e+01 -1.691400e+02 9.933013e+00
    endloop
  endfacet
  facet normal 6.087614e-01 0.000000e+00 -7.933533e-01
    outer loop
      vertex   6.695000e+01 -1.663323e+02 9.933013e+00
      vertex   6.695000e+01 -1.691400e+02 9.933013e+00
      vertex   6.684645e+01 -1.663323e+02 9.853554e+00
    endloop
  endfacet
  facet normal 6.087614e-01 0.000000e+00 -7.933533e-01
    outer loop
      vertex   6.684645e+01 -1.663323e+02 9.853554e+00
      vertex   6.695000e+01 -1.691400e+02 9.933013e+00
      vertex   6.684645e+01 -1.691400e+02 9.853554e+00
    endloop
  endfacet
  facet normal 7.933533e-01 0.000000e+00 -6.087614e-01
    outer loop
      vertex   6.684645e+01 -1.663323e+02 9.853554e+00
      vertex   6.684645e+01 -1.691400e+02 9.853554e+00
      vertex   6.676699e+01 -1.663323e+02 9.750000e+00
    endloop
  endfacet
  facet normal 7.933533e-01 -3.851482e-16 -6.087614e-01
    outer loop
      vertex   6.676699e+01 -1.663323e+02 9.750000e+00
      vertex   6.684645e+01 -1.691400e+02 9.853554e+00
      vertex   6.676699e+01 -1.691400e+02 9.750000e+00
    endloop
  endfacet
  facet normal 9.238795e-01 -2.421143e-16 -3.826834e-01
    outer loop
      vertex   6.676699e+01 -1.663323e+02 9.750000e+00
      vertex   6.676699e+01 -1.691400e+02 9.750000e+00
      vertex   6.671704e+01 -1.663323e+02 9.629410e+00
    endloop
  endfacet
  facet normal 9.238795e-01 0.000000e+00 -3.826834e-01
    outer loop
      vertex   6.671704e+01 -1.663323e+02 9.629410e+00
      vertex   6.676699e+01 -1.691400e+02 9.750000e+00
      vertex   6.671704e+01 -1.691400e+02 9.629410e+00
    endloop
  endfacet
  facet normal 9.914449e-01 0.000000e+00 -1.305262e-01
    outer loop
      vertex   6.671704e+01 -1.663323e+02 9.629410e+00
      vertex   6.671704e+01 -1.691400e+02 9.629410e+00
      vertex   6.670000e+01 -1.691400e+02 9.500000e+00
    endloop
  endfacet
  facet normal 9.914449e-01 0.000000e+00 -1.305262e-01
    outer loop
      vertex   6.670000e+01 -9.614000e+01 9.500000e+00
      vertex   6.671704e+01 -1.326400e+02 9.629410e+00
      vertex   6.670000e+01 -1.691400e+02 9.500000e+00
    endloop
  endfacet
  facet normal 9.914449e-01 0.000000e+00 -1.305262e-01
    outer loop
      vertex   6.670000e+01 -1.691400e+02 9.500000e+00
      vertex   6.671704e+01 -1.326400e+02 9.629410e+00
      vertex   6.671704e+01 -1.354477e+02 9.629410e+00
    endloop
  endfacet
  facet normal 9.914449e-01 0.000000e+00 -1.305262e-01
    outer loop
      vertex   6.670000e+01 -1.691400e+02 9.500000e+00
      vertex   6.671704e+01 -1.354477e+02 9.629410e+00
      vertex   6.671704e+01 -1.382554e+02 9.629410e+00
    endloop
  endfacet
  facet normal 9.238795e-01 0.000000e+00 -3.826834e-01
    outer loop
      vertex   6.671704e+01 -1.382554e+02 9.629410e+00
      vertex   6.671704e+01 -1.354477e+02 9.629410e+00
      vertex   6.676699e+01 -1.382554e+02 9.750000e+00
    endloop
  endfacet
  facet normal 9.238795e-01 0.000000e+00 -3.826834e-01
    outer loop
      vertex   6.671704e+01 -1.382554e+02 9.629410e+00
      vertex   6.676699e+01 -1.382554e+02 9.750000e+00
      vertex   6.676699e+01 -1.410631e+02 9.750000e+00
    endloop
  endfacet
  facet normal 7.933533e-01 0.000000e+00 -6.087614e-01
    outer loop
      vertex   6.676699e+01 -1.410631e+02 9.750000e+00
      vertex   6.676699e+01 -1.382554e+02 9.750000e+00
      vertex   6.684645e+01 -1.410631e+02 9.853554e+00
    endloop
  endfacet
  facet normal 7.933533e-01 0.000000e+00 -6.087614e-01
    outer loop
      vertex   6.676699e+01 -1.410631e+02 9.750000e+00
      vertex   6.684645e+01 -1.410631e+02 9.853554e+00
      vertex   6.684645e+01 -1.438708e+02 9.853554e+00
    endloop
  endfacet
  facet normal 6.087614e-01 0.000000e+00 -7.933533e-01
    outer loop
      vertex   6.684645e+01 -1.438708e+02 9.853554e+00
      vertex   6.684645e+01 -1.410631e+02 9.853554e+00
      vertex   6.695000e+01 -1.438708e+02 9.933013e+00
    endloop
  endfacet
  facet normal 1.305262e-01 0.000000e+00 -9.914449e-01
    outer loop
      vertex   6.720000e+01 -1.691400e+02 1.000000e+01
      vertex   6.707059e+01 -1.326400e+02 9.982963e+00
      vertex   6.720000e+01 -9.614000e+01 1.000000e+01
    endloop
  endfacet
  facet normal 1.305262e-01 0.000000e+00 -9.914449e-01
    outer loop
      vertex   6.720000e+01 -9.614000e+01 1.000000e+01
      vertex   6.707059e+01 -1.326400e+02 9.982963e+00
      vertex   6.707059e+01 -1.298323e+02 9.982963e+00
    endloop
  endfacet
  facet normal 1.305262e-01 0.000000e+00 -9.914449e-01
    outer loop
      vertex   6.720000e+01 -9.614000e+01 1.000000e+01
      vertex   6.707059e+01 -1.298323e+02 9.982963e+00
      vertex   6.707059e+01 -1.270246e+02 9.982963e+00
    endloop
  endfacet
  facet normal 3.826834e-01 0.000000e+00 -9.238795e-01
    outer loop
      vertex   6.707059e+01 -1.270246e+02 9.982963e+00
      vertex   6.707059e+01 -1.298323e+02 9.982963e+00
      vertex   6.695000e+01 -1.270246e+02 9.933013e+00
    endloop
  endfacet
  facet normal 3.826834e-01 0.000000e+00 -9.238795e-01
    outer loop
      vertex   6.707059e+01 -1.270246e+02 9.982963e+00
      vertex   6.695000e+01 -1.270246e+02 9.933013e+00
      vertex   6.695000e+01 -1.242169e+02 9.933013e+00
    endloop
  endfacet
  facet normal 6.087614e-01 0.000000e+00 -7.933533e-01
    outer loop
      vertex   6.695000e+01 -1.242169e+02 9.933013e+00
      vertex   6.695000e+01 -1.270246e+02 9.933013e+00
      vertex   6.684645e+01 -1.242169e+02 9.853554e+00
    endloop
  endfacet
  facet normal 3.826834e-01 0.000000e+00 -9.238795e-01
    outer loop
      vertex   6.707059e+01 -1.635246e+02 9.982963e+00
      vertex   6.707059e+01 -1.663323e+02 9.982963e+00
      vertex   6.695000e+01 -1.635246e+02 9.933013e+00
    endloop
  endfacet
  facet normal 3.826834e-01 0.000000e+00 -9.238795e-01
    outer loop
      vertex   6.695000e+01 -1.635246e+02 9.933013e+00
      vertex   6.707059e+01 -1.663323e+02 9.982963e+00
      vertex   6.695000e+01 -1.663323e+02 9.933013e+00
    endloop
  endfacet
  facet normal 6.087614e-01 0.000000e+00 -7.933533e-01
    outer loop
      vertex   6.695000e+01 -1.635246e+02 9.933013e+00
      vertex   6.695000e+01 -1.663323e+02 9.933013e+00
      vertex   6.684645e+01 -1.635246e+02 9.853554e+00
    endloop
  endfacet
  facet normal 6.087614e-01 0.000000e+00 -7.933533e-01
    outer loop
      vertex   6.684645e+01 -1.635246e+02 9.853554e+00
      vertex   6.695000e+01 -1.663323e+02 9.933013e+00
      vertex   6.684645e+01 -1.663323e+02 9.853554e+00
    endloop
  endfacet
  facet normal 7.933533e-01 0.000000e+00 -6.087614e-01
    outer loop
      vertex   6.684645e+01 -1.635246e+02 9.853554e+00
      vertex   6.684645e+01 -1.663323e+02 9.853554e+00
      vertex   6.676699e+01 -1.635246e+02 9.750000e+00
    endloop
  endfacet
  facet normal 7.933533e-01 0.000000e+00 -6.087614e-01
    outer loop
      vertex   6.676699e+01 -1.635246e+02 9.750000e+00
      vertex   6.684645e+01 -1.663323e+02 9.853554e+00
      vertex   6.676699e+01 -1.663323e+02 9.750000e+00
    endloop
  endfacet
  facet normal 9.238795e-01 0.000000e+00 -3.826834e-01
    outer loop
      vertex   6.676699e+01 -1.635246e+02 9.750000e+00
      vertex   6.676699e+01 -1.663323e+02 9.750000e+00
      vertex   6.671704e+01 -1.635246e+02 9.629410e+00
    endloop
  endfacet
  facet normal 9.238795e-01 0.000000e+00 -3.826834e-01
    outer loop
      vertex   6.671704e+01 -1.635246e+02 9.629410e+00
      vertex   6.676699e+01 -1.663323e+02 9.750000e+00
      vertex   6.671704e+01 -1.663323e+02 9.629410e+00
    endloop
  endfacet
  facet normal 9.914449e-01 0.000000e+00 -1.305262e-01
    outer loop
      vertex   6.671704e+01 -1.635246e+02 9.629410e+00
      vertex   6.671704e+01 -1.663323e+02 9.629410e+00
      vertex   6.670000e+01 -1.691400e+02 9.500000e+00
    endloop
  endfacet
  facet normal 1.305262e-01 0.000000e+00 -9.914449e-01
    outer loop
      vertex   6.707059e+01 -1.607169e+02 9.982963e+00
      vertex   6.707059e+01 -1.579092e+02 9.982963e+00
      vertex   6.720000e+01 -1.691400e+02 1.000000e+01
    endloop
  endfacet
  facet normal 1.305262e-01 0.000000e+00 -9.914449e-01
    outer loop
      vertex   6.720000e+01 -1.691400e+02 1.000000e+01
      vertex   6.707059e+01 -1.579092e+02 9.982963e+00
      vertex   6.707059e+01 -1.551015e+02 9.982963e+00
    endloop
  endfacet
  facet normal 1.305262e-01 0.000000e+00 -9.914449e-01
    outer loop
      vertex   6.720000e+01 -1.691400e+02 1.000000e+01
      vertex   6.707059e+01 -1.551015e+02 9.982963e+00
      vertex   6.707059e+01 -1.522938e+02 9.982963e+00
    endloop
  endfacet
  facet normal 3.826834e-01 0.000000e+00 -9.238795e-01
    outer loop
      vertex   6.707059e+01 -1.522938e+02 9.982963e+00
      vertex   6.707059e+01 -1.551015e+02 9.982963e+00
      vertex   6.695000e+01 -1.522938e+02 9.933013e+00
    endloop
  endfacet
  facet normal 3.826834e-01 0.000000e+00 -9.238795e-01
    outer loop
      vertex   6.707059e+01 -1.522938e+02 9.982963e+00
      vertex   6.695000e+01 -1.522938e+02 9.933013e+00
      vertex   6.695000e+01 -1.494862e+02 9.933013e+00
    endloop
  endfacet
  facet normal 6.087614e-01 0.000000e+00 -7.933533e-01
    outer loop
      vertex   6.695000e+01 -1.494862e+02 9.933013e+00
      vertex   6.695000e+01 -1.522938e+02 9.933013e+00
      vertex   6.684645e+01 -1.494862e+02 9.853554e+00
    endloop
  endfacet
  facet normal 6.087614e-01 0.000000e+00 -7.933533e-01
    outer loop
      vertex   6.695000e+01 -1.494862e+02 9.933013e+00
      vertex   6.684645e+01 -1.494862e+02 9.853554e+00
      vertex   6.684645e+01 -1.466785e+02 9.853554e+00
    endloop
  endfacet
  facet normal 7.933533e-01 0.000000e+00 -6.087614e-01
    outer loop
      vertex   6.684645e+01 -1.466785e+02 9.853554e+00
      vertex   6.684645e+01 -1.494862e+02 9.853554e+00
      vertex   6.676699e+01 -1.466785e+02 9.750000e+00
    endloop
  endfacet
  facet normal 3.826834e-01 0.000000e+00 -9.238795e-01
    outer loop
      vertex   6.707059e+01 -1.607169e+02 9.982963e+00
      vertex   6.695000e+01 -1.579092e+02 9.933013e+00
      vertex   6.707059e+01 -1.579092e+02 9.982963e+00
    endloop
  endfacet
  facet normal 3.826834e-01 0.000000e+00 -9.238795e-01
    outer loop
      vertex   6.707059e+01 -1.579092e+02 9.982963e+00
      vertex   6.695000e+01 -1.579092e+02 9.933013e+00
      vertex   6.695000e+01 -1.551015e+02 9.933013e+00
    endloop
  endfacet
  facet normal 3.826834e-01 0.000000e+00 -9.238795e-01
    outer loop
      vertex   6.707059e+01 -1.579092e+02 9.982963e+00
      vertex   6.695000e+01 -1.551015e+02 9.933013e+00
      vertex   6.707059e+01 -1.551015e+02 9.982963e+00
    endloop
  endfacet
  facet normal 3.826834e-01 0.000000e+00 -9.238795e-01
    outer loop
      vertex   6.707059e+01 -1.551015e+02 9.982963e+00
      vertex   6.695000e+01 -1.551015e+02 9.933013e+00
      vertex   6.695000e+01 -1.522938e+02 9.933013e+00
    endloop
  endfacet
  facet normal 1.305262e-01 0.000000e+00 -9.914449e-01
    outer loop
      vertex   6.707059e+01 -1.466785e+02 9.982963e+00
      vertex   6.720000e+01 -1.691400e+02 1.000000e+01
      vertex   6.707059e+01 -1.494862e+02 9.982963e+00
    endloop
  endfacet
  facet normal 1.305262e-01 0.000000e+00 -9.914449e-01
    outer loop
      vertex   6.707059e+01 -1.494862e+02 9.982963e+00
      vertex   6.720000e+01 -1.691400e+02 1.000000e+01
      vertex   6.707059e+01 -1.522938e+02 9.982963e+00
    endloop
  endfacet
  facet normal 3.826834e-01 0.000000e+00 -9.238795e-01
    outer loop
      vertex   6.707059e+01 -1.494862e+02 9.982963e+00
      vertex   6.707059e+01 -1.522938e+02 9.982963e+00
      vertex   6.695000e+01 -1.494862e+02 9.933013e+00
    endloop
  endfacet
  facet normal 3.826834e-01 0.000000e+00 -9.238795e-01
    outer loop
      vertex   6.695000e+01 -1.466785e+02 9.933013e+00
      vertex   6.707059e+01 -1.466785e+02 9.982963e+00
      vertex   6.707059e+01 -1.494862e+02 9.982963e+00
    endloop
  endfacet
  facet normal 3.826834e-01 0.000000e+00 -9.238795e-01
    outer loop
      vertex   6.695000e+01 -1.466785e+02 9.933013e+00
      vertex   6.707059e+01 -1.494862e+02 9.982963e+00
      vertex   6.695000e+01 -1.494862e+02 9.933013e+00
    endloop
  endfacet
  facet normal 3.826834e-01 0.000000e+00 -9.238795e-01
    outer loop
      vertex   6.707059e+01 -1.410631e+02 9.982963e+00
      vertex   6.707059e+01 -1.438708e+02 9.982963e+00
      vertex   6.695000e+01 -1.410631e+02 9.933013e+00
    endloop
  endfacet
  facet normal 3.826834e-01 0.000000e+00 -9.238795e-01
    outer loop
      vertex   6.695000e+01 -1.410631e+02 9.933013e+00
      vertex   6.707059e+01 -1.438708e+02 9.982963e+00
      vertex   6.695000e+01 -1.438708e+02 9.933013e+00
    endloop
  endfacet
  facet normal 6.087614e-01 0.000000e+00 -7.933533e-01
    outer loop
      vertex   6.695000e+01 -1.410631e+02 9.933013e+00
      vertex   6.695000e+01 -1.438708e+02 9.933013e+00
      vertex   6.684645e+01 -1.410631e+02 9.853554e+00
    endloop
  endfacet
  facet normal 1.305262e-01 0.000000e+00 -9.914449e-01
    outer loop
      vertex   6.707059e+01 -1.326400e+02 9.982963e+00
      vertex   6.720000e+01 -1.691400e+02 1.000000e+01
      vertex   6.707059e+01 -1.354477e+02 9.982963e+00
    endloop
  endfacet
  facet normal 1.305262e-01 0.000000e+00 -9.914449e-01
    outer loop
      vertex   6.707059e+01 -1.354477e+02 9.982963e+00
      vertex   6.720000e+01 -1.691400e+02 1.000000e+01
      vertex   6.707059e+01 -1.382554e+02 9.982963e+00
    endloop
  endfacet
  facet normal 3.826834e-01 0.000000e+00 -9.238795e-01
    outer loop
      vertex   6.707059e+01 -1.354477e+02 9.982963e+00
      vertex   6.707059e+01 -1.382554e+02 9.982963e+00
      vertex   6.695000e+01 -1.354477e+02 9.933013e+00
    endloop
  endfacet
  facet normal 3.826834e-01 0.000000e+00 -9.238795e-01
    outer loop
      vertex   6.707059e+01 -1.326400e+02 9.982963e+00
      vertex   6.707059e+01 -1.354477e+02 9.982963e+00
      vertex   6.695000e+01 -1.326400e+02 9.933013e+00
    endloop
  endfacet
  facet normal 3.826834e-01 0.000000e+00 -9.238795e-01
    outer loop
      vertex   6.695000e+01 -1.326400e+02 9.933013e+00
      vertex   6.707059e+01 -1.354477e+02 9.982963e+00
      vertex   6.695000e+01 -1.354477e+02 9.933013e+00
    endloop
  endfacet
  facet normal 6.087614e-01 0.000000e+00 -7.933533e-01
    outer loop
      vertex   6.695000e+01 -1.326400e+02 9.933013e+00
      vertex   6.695000e+01 -1.354477e+02 9.933013e+00
      vertex   6.684645e+01 -1.326400e+02 9.853554e+00
    endloop
  endfacet
  facet normal 1.305262e-01 0.000000e+00 -9.914449e-01
    outer loop
      vertex   6.707059e+01 -1.242169e+02 9.982963e+00
      vertex   6.720000e+01 -9.614000e+01 1.000000e+01
      vertex   6.707059e+01 -1.270246e+02 9.982963e+00
    endloop
  endfacet
  facet normal 3.826834e-01 0.000000e+00 -9.238795e-01
    outer loop
      vertex   6.707059e+01 -1.298323e+02 9.982963e+00
      vertex   6.707059e+01 -1.326400e+02 9.982963e+00
      vertex   6.695000e+01 -1.298323e+02 9.933013e+00
    endloop
  endfacet
  facet normal 3.826834e-01 0.000000e+00 -9.238795e-01
    outer loop
      vertex   6.695000e+01 -1.298323e+02 9.933013e+00
      vertex   6.707059e+01 -1.326400e+02 9.982963e+00
      vertex   6.695000e+01 -1.326400e+02 9.933013e+00
    endloop
  endfacet
  facet normal 6.087614e-01 0.000000e+00 -7.933533e-01
    outer loop
      vertex   6.695000e+01 -1.298323e+02 9.933013e+00
      vertex   6.695000e+01 -1.326400e+02 9.933013e+00
      vertex   6.684645e+01 -1.298323e+02 9.853554e+00
    endloop
  endfacet
  facet normal 6.087614e-01 0.000000e+00 -7.933533e-01
    outer loop
      vertex   6.684645e+01 -1.298323e+02 9.853554e+00
      vertex   6.695000e+01 -1.326400e+02 9.933013e+00
      vertex   6.684645e+01 -1.326400e+02 9.853554e+00
    endloop
  endfacet
  facet normal 7.933533e-01 0.000000e+00 -6.087614e-01
    outer loop
      vertex   6.684645e+01 -1.298323e+02 9.853554e+00
      vertex   6.684645e+01 -1.326400e+02 9.853554e+00
      vertex   6.676699e+01 -1.298323e+02 9.750000e+00
    endloop
  endfacet
  facet normal 3.826834e-01 0.000000e+00 -9.238795e-01
    outer loop
      vertex   6.695000e+01 -1.242169e+02 9.933013e+00
      vertex   6.707059e+01 -1.242169e+02 9.982963e+00
      vertex   6.707059e+01 -1.270246e+02 9.982963e+00
    endloop
  endfacet
  facet normal 3.826834e-01 0.000000e+00 -9.238795e-01
    outer loop
      vertex   6.707059e+01 -1.186015e+02 9.982963e+00
      vertex   6.707059e+01 -1.214092e+02 9.982963e+00
      vertex   6.695000e+01 -1.186015e+02 9.933013e+00
    endloop
  endfacet
  facet normal 3.826834e-01 0.000000e+00 -9.238795e-01
    outer loop
      vertex   6.695000e+01 -1.186015e+02 9.933013e+00
      vertex   6.707059e+01 -1.214092e+02 9.982963e+00
      vertex   6.695000e+01 -1.214092e+02 9.933013e+00
    endloop
  endfacet
  facet normal 6.087614e-01 0.000000e+00 -7.933533e-01
    outer loop
      vertex   6.695000e+01 -1.186015e+02 9.933013e+00
      vertex   6.695000e+01 -1.214092e+02 9.933013e+00
      vertex   6.684645e+01 -1.186015e+02 9.853554e+00
    endloop
  endfacet
  facet normal 6.087614e-01 0.000000e+00 -7.933533e-01
    outer loop
      vertex   6.684645e+01 -1.186015e+02 9.853554e+00
      vertex   6.695000e+01 -1.214092e+02 9.933013e+00
      vertex   6.684645e+01 -1.214092e+02 9.853554e+00
    endloop
  endfacet
  facet normal 7.933533e-01 0.000000e+00 -6.087614e-01
    outer loop
      vertex   6.684645e+01 -1.186015e+02 9.853554e+00
      vertex   6.684645e+01 -1.214092e+02 9.853554e+00
      vertex   6.676699e+01 -1.186015e+02 9.750000e+00
    endloop
  endfacet
  facet normal 7.933533e-01 0.000000e+00 -6.087614e-01
    outer loop
      vertex   6.676699e+01 -1.186015e+02 9.750000e+00
      vertex   6.684645e+01 -1.214092e+02 9.853554e+00
      vertex   6.676699e+01 -1.214092e+02 9.750000e+00
    endloop
  endfacet
  facet normal 9.238795e-01 0.000000e+00 -3.826834e-01
    outer loop
      vertex   6.676699e+01 -1.186015e+02 9.750000e+00
      vertex   6.676699e+01 -1.214092e+02 9.750000e+00
      vertex   6.671704e+01 -1.186015e+02 9.629410e+00
    endloop
  endfacet
  facet normal 9.238795e-01 0.000000e+00 -3.826834e-01
    outer loop
      vertex   6.671704e+01 -1.186015e+02 9.629410e+00
      vertex   6.676699e+01 -1.214092e+02 9.750000e+00
      vertex   6.671704e+01 -1.214092e+02 9.629410e+00
    endloop
  endfacet
  facet normal 9.914449e-01 0.000000e+00 -1.305262e-01
    outer loop
      vertex   6.671704e+01 -1.186015e+02 9.629410e+00
      vertex   6.671704e+01 -1.214092e+02 9.629410e+00
      vertex   6.670000e+01 -9.614000e+01 9.500000e+00
    endloop
  endfacet
  facet normal 1.305262e-01 0.000000e+00 -9.914449e-01
    outer loop
      vertex   6.707059e+01 -1.157938e+02 9.982963e+00
      vertex   6.707059e+01 -1.129862e+02 9.982963e+00
      vertex   6.720000e+01 -9.614000e+01 1.000000e+01
    endloop
  endfacet
  facet normal 1.305262e-01 0.000000e+00 -9.914449e-01
    outer loop
      vertex   6.720000e+01 -9.614000e+01 1.000000e+01
      vertex   6.707059e+01 -1.129862e+02 9.982963e+00
      vertex   6.707059e+01 -1.101785e+02 9.982963e+00
    endloop
  endfacet
  facet normal 1.305262e-01 0.000000e+00 -9.914449e-01
    outer loop
      vertex   6.720000e+01 -9.614000e+01 1.000000e+01
      vertex   6.707059e+01 -1.101785e+02 9.982963e+00
      vertex   6.707059e+01 -1.073708e+02 9.982963e+00
    endloop
  endfacet
  facet normal 3.826834e-01 0.000000e+00 -9.238795e-01
    outer loop
      vertex   6.707059e+01 -1.073708e+02 9.982963e+00
      vertex   6.707059e+01 -1.101785e+02 9.982963e+00
      vertex   6.695000e+01 -1.073708e+02 9.933013e+00
    endloop
  endfacet
  facet normal 3.826834e-01 0.000000e+00 -9.238795e-01
    outer loop
      vertex   6.707059e+01 -1.073708e+02 9.982963e+00
      vertex   6.695000e+01 -1.073708e+02 9.933013e+00
      vertex   6.695000e+01 -1.045631e+02 9.933013e+00
    endloop
  endfacet
  facet normal 6.087614e-01 0.000000e+00 -7.933533e-01
    outer loop
      vertex   6.695000e+01 -1.045631e+02 9.933013e+00
      vertex   6.695000e+01 -1.073708e+02 9.933013e+00
      vertex   6.684645e+01 -1.045631e+02 9.853554e+00
    endloop
  endfacet
  facet normal 6.087614e-01 0.000000e+00 -7.933533e-01
    outer loop
      vertex   6.695000e+01 -1.045631e+02 9.933013e+00
      vertex   6.684645e+01 -1.045631e+02 9.853554e+00
      vertex   6.684645e+01 -1.017554e+02 9.853554e+00
    endloop
  endfacet
  facet normal 7.933533e-01 0.000000e+00 -6.087614e-01
    outer loop
      vertex   6.684645e+01 -1.017554e+02 9.853554e+00
      vertex   6.684645e+01 -1.045631e+02 9.853554e+00
      vertex   6.676699e+01 -1.017554e+02 9.750000e+00
    endloop
  endfacet
  facet normal 3.826834e-01 0.000000e+00 -9.238795e-01
    outer loop
      vertex   6.707059e+01 -1.157938e+02 9.982963e+00
      vertex   6.695000e+01 -1.129862e+02 9.933013e+00
      vertex   6.707059e+01 -1.129862e+02 9.982963e+00
    endloop
  endfacet
  facet normal 3.826834e-01 0.000000e+00 -9.238795e-01
    outer loop
      vertex   6.707059e+01 -1.129862e+02 9.982963e+00
      vertex   6.695000e+01 -1.129862e+02 9.933013e+00
      vertex   6.695000e+01 -1.101785e+02 9.933013e+00
    endloop
  endfacet
  facet normal 3.826834e-01 0.000000e+00 -9.238795e-01
    outer loop
      vertex   6.707059e+01 -1.129862e+02 9.982963e+00
      vertex   6.695000e+01 -1.101785e+02 9.933013e+00
      vertex   6.707059e+01 -1.101785e+02 9.982963e+00
    endloop
  endfacet
  facet normal 3.826834e-01 0.000000e+00 -9.238795e-01
    outer loop
      vertex   6.707059e+01 -1.101785e+02 9.982963e+00
      vertex   6.695000e+01 -1.101785e+02 9.933013e+00
      vertex   6.695000e+01 -1.073708e+02 9.933013e+00
    endloop
  endfacet
  facet normal 1.305262e-01 0.000000e+00 -9.914449e-01
    outer loop
      vertex   6.707059e+01 -1.017554e+02 9.982963e+00
      vertex   6.720000e+01 -9.614000e+01 1.000000e+01
      vertex   6.707059e+01 -1.045631e+02 9.982963e+00
    endloop
  endfacet
  facet normal 1.305262e-01 0.000000e+00 -9.914449e-01
    outer loop
      vertex   6.707059e+01 -1.045631e+02 9.982963e+00
      vertex   6.720000e+01 -9.614000e+01 1.000000e+01
      vertex   6.707059e+01 -1.073708e+02 9.982963e+00
    endloop
  endfacet
  facet normal 3.826834e-01 0.000000e+00 -9.238795e-01
    outer loop
      vertex   6.707059e+01 -1.045631e+02 9.982963e+00
      vertex   6.707059e+01 -1.073708e+02 9.982963e+00
      vertex   6.695000e+01 -1.045631e+02 9.933013e+00
    endloop
  endfacet
  facet normal 3.826834e-01 0.000000e+00 -9.238795e-01
    outer loop
      vertex   6.695000e+01 -1.017554e+02 9.933013e+00
      vertex   6.707059e+01 -1.017554e+02 9.982963e+00
      vertex   6.707059e+01 -1.045631e+02 9.982963e+00
    endloop
  endfacet
  facet normal 3.826834e-01 0.000000e+00 -9.238795e-01
    outer loop
      vertex   6.695000e+01 -1.017554e+02 9.933013e+00
      vertex   6.707059e+01 -1.045631e+02 9.982963e+00
      vertex   6.695000e+01 -1.045631e+02 9.933013e+00
    endloop
  endfacet
  facet normal 3.826834e-01 0.000000e+00 -9.238795e-01
    outer loop
      vertex   6.707059e+01 -1.635246e+02 9.982963e+00
      vertex   6.695000e+01 -1.635246e+02 9.933013e+00
      vertex   6.695000e+01 -1.607169e+02 9.933013e+00
    endloop
  endfacet
  facet normal 6.087614e-01 0.000000e+00 -7.933533e-01
    outer loop
      vertex   6.695000e+01 -1.607169e+02 9.933013e+00
      vertex   6.695000e+01 -1.635246e+02 9.933013e+00
      vertex   6.684645e+01 -1.607169e+02 9.853554e+00
    endloop
  endfacet
  facet normal 6.087614e-01 0.000000e+00 -7.933533e-01
    outer loop
      vertex   6.695000e+01 -1.607169e+02 9.933013e+00
      vertex   6.684645e+01 -1.607169e+02 9.853554e+00
      vertex   6.684645e+01 -1.579092e+02 9.853554e+00
    endloop
  endfacet
  facet normal 7.933533e-01 0.000000e+00 -6.087614e-01
    outer loop
      vertex   6.684645e+01 -1.579092e+02 9.853554e+00
      vertex   6.684645e+01 -1.607169e+02 9.853554e+00
      vertex   6.676699e+01 -1.579092e+02 9.750000e+00
    endloop
  endfacet
  facet normal 7.933533e-01 0.000000e+00 -6.087614e-01
    outer loop
      vertex   6.684645e+01 -1.579092e+02 9.853554e+00
      vertex   6.676699e+01 -1.579092e+02 9.750000e+00
      vertex   6.676699e+01 -1.551015e+02 9.750000e+00
    endloop
  endfacet
  facet normal 9.238795e-01 0.000000e+00 -3.826834e-01
    outer loop
      vertex   6.676699e+01 -1.551015e+02 9.750000e+00
      vertex   6.676699e+01 -1.579092e+02 9.750000e+00
      vertex   6.671704e+01 -1.551015e+02 9.629410e+00
    endloop
  endfacet
  facet normal 9.238795e-01 0.000000e+00 -3.826834e-01
    outer loop
      vertex   6.676699e+01 -1.551015e+02 9.750000e+00
      vertex   6.671704e+01 -1.551015e+02 9.629410e+00
      vertex   6.671704e+01 -1.522938e+02 9.629410e+00
    endloop
  endfacet
  facet normal 9.914449e-01 0.000000e+00 -1.305262e-01
    outer loop
      vertex   6.671704e+01 -1.522938e+02 9.629410e+00
      vertex   6.671704e+01 -1.551015e+02 9.629410e+00
      vertex   6.670000e+01 -1.691400e+02 9.500000e+00
    endloop
  endfacet
  facet normal 6.087614e-01 0.000000e+00 -7.933533e-01
    outer loop
      vertex   6.684645e+01 -1.607169e+02 9.853554e+00
      vertex   6.695000e+01 -1.635246e+02 9.933013e+00
      vertex   6.684645e+01 -1.635246e+02 9.853554e+00
    endloop
  endfacet
  facet normal 6.087614e-01 0.000000e+00 -7.933533e-01
    outer loop
      vertex   6.695000e+01 -1.579092e+02 9.933013e+00
      vertex   6.684645e+01 -1.551015e+02 9.853554e+00
      vertex   6.695000e+01 -1.551015e+02 9.933013e+00
    endloop
  endfacet
  facet normal 6.087614e-01 0.000000e+00 -7.933533e-01
    outer loop
      vertex   6.695000e+01 -1.551015e+02 9.933013e+00
      vertex   6.684645e+01 -1.551015e+02 9.853554e+00
      vertex   6.684645e+01 -1.522938e+02 9.853554e+00
    endloop
  endfacet
  facet normal 6.087614e-01 0.000000e+00 -7.933533e-01
    outer loop
      vertex   6.695000e+01 -1.551015e+02 9.933013e+00
      vertex   6.684645e+01 -1.522938e+02 9.853554e+00
      vertex   6.695000e+01 -1.522938e+02 9.933013e+00
    endloop
  endfacet
  facet normal 6.087614e-01 0.000000e+00 -7.933533e-01
    outer loop
      vertex   6.695000e+01 -1.522938e+02 9.933013e+00
      vertex   6.684645e+01 -1.522938e+02 9.853554e+00
      vertex   6.684645e+01 -1.494862e+02 9.853554e+00
    endloop
  endfacet
  facet normal 6.087614e-01 0.000000e+00 -7.933533e-01
    outer loop
      vertex   6.684645e+01 -1.466785e+02 9.853554e+00
      vertex   6.695000e+01 -1.466785e+02 9.933013e+00
      vertex   6.695000e+01 -1.494862e+02 9.933013e+00
    endloop
  endfacet
  facet normal 3.826834e-01 0.000000e+00 -9.238795e-01
    outer loop
      vertex   6.707059e+01 -1.410631e+02 9.982963e+00
      vertex   6.695000e+01 -1.410631e+02 9.933013e+00
      vertex   6.695000e+01 -1.382554e+02 9.933013e+00
    endloop
  endfacet
  facet normal 6.087614e-01 0.000000e+00 -7.933533e-01
    outer loop
      vertex   6.695000e+01 -1.382554e+02 9.933013e+00
      vertex   6.695000e+01 -1.410631e+02 9.933013e+00
      vertex   6.684645e+01 -1.382554e+02 9.853554e+00
    endloop
  endfacet
  facet normal 6.087614e-01 0.000000e+00 -7.933533e-01
    outer loop
      vertex   6.695000e+01 -1.382554e+02 9.933013e+00
      vertex   6.684645e+01 -1.382554e+02 9.853554e+00
      vertex   6.684645e+01 -1.354477e+02 9.853554e+00
    endloop
  endfacet
  facet normal 7.933533e-01 0.000000e+00 -6.087614e-01
    outer loop
      vertex   6.684645e+01 -1.354477e+02 9.853554e+00
      vertex   6.684645e+01 -1.382554e+02 9.853554e+00
      vertex   6.676699e+01 -1.354477e+02 9.750000e+00
    endloop
  endfacet
  facet normal 7.933533e-01 0.000000e+00 -6.087614e-01
    outer loop
      vertex   6.684645e+01 -1.354477e+02 9.853554e+00
      vertex   6.676699e+01 -1.354477e+02 9.750000e+00
      vertex   6.676699e+01 -1.326400e+02 9.750000e+00
    endloop
  endfacet
  facet normal 9.238795e-01 0.000000e+00 -3.826834e-01
    outer loop
      vertex   6.676699e+01 -1.326400e+02 9.750000e+00
      vertex   6.676699e+01 -1.354477e+02 9.750000e+00
      vertex   6.671704e+01 -1.326400e+02 9.629410e+00
    endloop
  endfacet
  facet normal 9.238795e-01 0.000000e+00 -3.826834e-01
    outer loop
      vertex   6.676699e+01 -1.326400e+02 9.750000e+00
      vertex   6.671704e+01 -1.326400e+02 9.629410e+00
      vertex   6.671704e+01 -1.298323e+02 9.629410e+00
    endloop
  endfacet
  facet normal 9.914449e-01 0.000000e+00 -1.305262e-01
    outer loop
      vertex   6.671704e+01 -1.298323e+02 9.629410e+00
      vertex   6.671704e+01 -1.326400e+02 9.629410e+00
      vertex   6.670000e+01 -9.614000e+01 9.500000e+00
    endloop
  endfacet
  facet normal 6.087614e-01 0.000000e+00 -7.933533e-01
    outer loop
      vertex   6.684645e+01 -1.382554e+02 9.853554e+00
      vertex   6.695000e+01 -1.410631e+02 9.933013e+00
      vertex   6.684645e+01 -1.410631e+02 9.853554e+00
    endloop
  endfacet
  facet normal 3.826834e-01 0.000000e+00 -9.238795e-01
    outer loop
      vertex   6.707059e+01 -1.298323e+02 9.982963e+00
      vertex   6.695000e+01 -1.298323e+02 9.933013e+00
      vertex   6.695000e+01 -1.270246e+02 9.933013e+00
    endloop
  endfacet
  facet normal 6.087614e-01 0.000000e+00 -7.933533e-01
    outer loop
      vertex   6.695000e+01 -1.270246e+02 9.933013e+00
      vertex   6.695000e+01 -1.298323e+02 9.933013e+00
      vertex   6.684645e+01 -1.270246e+02 9.853554e+00
    endloop
  endfacet
  facet normal 6.087614e-01 0.000000e+00 -7.933533e-01
    outer loop
      vertex   6.695000e+01 -1.270246e+02 9.933013e+00
      vertex   6.684645e+01 -1.270246e+02 9.853554e+00
      vertex   6.684645e+01 -1.242169e+02 9.853554e+00
    endloop
  endfacet
  facet normal 7.933533e-01 0.000000e+00 -6.087614e-01
    outer loop
      vertex   6.684645e+01 -1.242169e+02 9.853554e+00
      vertex   6.684645e+01 -1.270246e+02 9.853554e+00
      vertex   6.676699e+01 -1.242169e+02 9.750000e+00
    endloop
  endfacet
  facet normal 6.087614e-01 0.000000e+00 -7.933533e-01
    outer loop
      vertex   6.684645e+01 -1.270246e+02 9.853554e+00
      vertex   6.695000e+01 -1.298323e+02 9.933013e+00
      vertex   6.684645e+01 -1.298323e+02 9.853554e+00
    endloop
  endfacet
  facet normal 3.826834e-01 0.000000e+00 -9.238795e-01
    outer loop
      vertex   6.707059e+01 -1.186015e+02 9.982963e+00
      vertex   6.695000e+01 -1.186015e+02 9.933013e+00
      vertex   6.695000e+01 -1.157938e+02 9.933013e+00
    endloop
  endfacet
  facet normal 6.087614e-01 0.000000e+00 -7.933533e-01
    outer loop
      vertex   6.695000e+01 -1.157938e+02 9.933013e+00
      vertex   6.695000e+01 -1.186015e+02 9.933013e+00
      vertex   6.684645e+01 -1.157938e+02 9.853554e+00
    endloop
  endfacet
  facet normal 6.087614e-01 0.000000e+00 -7.933533e-01
    outer loop
      vertex   6.695000e+01 -1.157938e+02 9.933013e+00
      vertex   6.684645e+01 -1.157938e+02 9.853554e+00
      vertex   6.684645e+01 -1.129862e+02 9.853554e+00
    endloop
  endfacet
  facet normal 7.933533e-01 0.000000e+00 -6.087614e-01
    outer loop
      vertex   6.684645e+01 -1.129862e+02 9.853554e+00
      vertex   6.684645e+01 -1.157938e+02 9.853554e+00
      vertex   6.676699e+01 -1.129862e+02 9.750000e+00
    endloop
  endfacet
  facet normal 7.933533e-01 0.000000e+00 -6.087614e-01
    outer loop
      vertex   6.684645e+01 -1.129862e+02 9.853554e+00
      vertex   6.676699e+01 -1.129862e+02 9.750000e+00
      vertex   6.676699e+01 -1.101785e+02 9.750000e+00
    endloop
  endfacet
  facet normal 9.238795e-01 0.000000e+00 -3.826834e-01
    outer loop
      vertex   6.676699e+01 -1.101785e+02 9.750000e+00
      vertex   6.676699e+01 -1.129862e+02 9.750000e+00
      vertex   6.671704e+01 -1.101785e+02 9.629410e+00
    endloop
  endfacet
  facet normal 9.238795e-01 0.000000e+00 -3.826834e-01
    outer loop
      vertex   6.676699e+01 -1.101785e+02 9.750000e+00
      vertex   6.671704e+01 -1.101785e+02 9.629410e+00
      vertex   6.671704e+01 -1.073708e+02 9.629410e+00
    endloop
  endfacet
  facet normal 9.914449e-01 0.000000e+00 -1.305262e-01
    outer loop
      vertex   6.671704e+01 -1.073708e+02 9.629410e+00
      vertex   6.671704e+01 -1.101785e+02 9.629410e+00
      vertex   6.670000e+01 -9.614000e+01 9.500000e+00
    endloop
  endfacet
  facet normal 6.087614e-01 0.000000e+00 -7.933533e-01
    outer loop
      vertex   6.684645e+01 -1.157938e+02 9.853554e+00
      vertex   6.695000e+01 -1.186015e+02 9.933013e+00
      vertex   6.684645e+01 -1.186015e+02 9.853554e+00
    endloop
  endfacet
  facet normal 6.087614e-01 0.000000e+00 -7.933533e-01
    outer loop
      vertex   6.695000e+01 -1.129862e+02 9.933013e+00
      vertex   6.684645e+01 -1.101785e+02 9.853554e+00
      vertex   6.695000e+01 -1.101785e+02 9.933013e+00
    endloop
  endfacet
  facet normal 6.087614e-01 0.000000e+00 -7.933533e-01
    outer loop
      vertex   6.695000e+01 -1.101785e+02 9.933013e+00
      vertex   6.684645e+01 -1.101785e+02 9.853554e+00
      vertex   6.684645e+01 -1.073708e+02 9.853554e+00
    endloop
  endfacet
  facet normal 6.087614e-01 0.000000e+00 -7.933533e-01
    outer loop
      vertex   6.695000e+01 -1.101785e+02 9.933013e+00
      vertex   6.684645e+01 -1.073708e+02 9.853554e+00
      vertex   6.695000e+01 -1.073708e+02 9.933013e+00
    endloop
  endfacet
  facet normal 6.087614e-01 0.000000e+00 -7.933533e-01
    outer loop
      vertex   6.695000e+01 -1.073708e+02 9.933013e+00
      vertex   6.684645e+01 -1.073708e+02 9.853554e+00
      vertex   6.684645e+01 -1.045631e+02 9.853554e+00
    endloop
  endfacet
  facet normal 6.087614e-01 0.000000e+00 -7.933533e-01
    outer loop
      vertex   6.684645e+01 -1.017554e+02 9.853554e+00
      vertex   6.695000e+01 -1.017554e+02 9.933013e+00
      vertex   6.695000e+01 -1.045631e+02 9.933013e+00
    endloop
  endfacet
  facet normal 7.933533e-01 0.000000e+00 -6.087614e-01
    outer loop
      vertex   6.684645e+01 -1.607169e+02 9.853554e+00
      vertex   6.684645e+01 -1.635246e+02 9.853554e+00
      vertex   6.676699e+01 -1.607169e+02 9.750000e+00
    endloop
  endfacet
  facet normal 7.933533e-01 0.000000e+00 -6.087614e-01
    outer loop
      vertex   6.676699e+01 -1.607169e+02 9.750000e+00
      vertex   6.684645e+01 -1.635246e+02 9.853554e+00
      vertex   6.676699e+01 -1.635246e+02 9.750000e+00
    endloop
  endfacet
  facet normal 9.238795e-01 0.000000e+00 -3.826834e-01
    outer loop
      vertex   6.676699e+01 -1.607169e+02 9.750000e+00
      vertex   6.676699e+01 -1.635246e+02 9.750000e+00
      vertex   6.671704e+01 -1.607169e+02 9.629410e+00
    endloop
  endfacet
  facet normal 9.238795e-01 0.000000e+00 -3.826834e-01
    outer loop
      vertex   6.671704e+01 -1.607169e+02 9.629410e+00
      vertex   6.676699e+01 -1.635246e+02 9.750000e+00
      vertex   6.671704e+01 -1.635246e+02 9.629410e+00
    endloop
  endfacet
  facet normal 9.914449e-01 0.000000e+00 -1.305262e-01
    outer loop
      vertex   6.671704e+01 -1.607169e+02 9.629410e+00
      vertex   6.671704e+01 -1.635246e+02 9.629410e+00
      vertex   6.670000e+01 -1.691400e+02 9.500000e+00
    endloop
  endfacet
  facet normal 7.933533e-01 0.000000e+00 -6.087614e-01
    outer loop
      vertex   6.684645e+01 -1.551015e+02 9.853554e+00
      vertex   6.676699e+01 -1.522938e+02 9.750000e+00
      vertex   6.684645e+01 -1.522938e+02 9.853554e+00
    endloop
  endfacet
  facet normal 7.933533e-01 0.000000e+00 -6.087614e-01
    outer loop
      vertex   6.684645e+01 -1.522938e+02 9.853554e+00
      vertex   6.676699e+01 -1.522938e+02 9.750000e+00
      vertex   6.676699e+01 -1.494862e+02 9.750000e+00
    endloop
  endfacet
  facet normal 7.933533e-01 0.000000e+00 -6.087614e-01
    outer loop
      vertex   6.684645e+01 -1.522938e+02 9.853554e+00
      vertex   6.676699e+01 -1.494862e+02 9.750000e+00
      vertex   6.684645e+01 -1.494862e+02 9.853554e+00
    endloop
  endfacet
  facet normal 7.933533e-01 0.000000e+00 -6.087614e-01
    outer loop
      vertex   6.684645e+01 -1.494862e+02 9.853554e+00
      vertex   6.676699e+01 -1.494862e+02 9.750000e+00
      vertex   6.676699e+01 -1.466785e+02 9.750000e+00
    endloop
  endfacet
  facet normal 7.933533e-01 0.000000e+00 -6.087614e-01
    outer loop
      vertex   6.676699e+01 -1.410631e+02 9.750000e+00
      vertex   6.684645e+01 -1.438708e+02 9.853554e+00
      vertex   6.676699e+01 -1.438708e+02 9.750000e+00
    endloop
  endfacet
  facet normal 7.933533e-01 0.000000e+00 -6.087614e-01
    outer loop
      vertex   6.676699e+01 -1.354477e+02 9.750000e+00
      vertex   6.684645e+01 -1.382554e+02 9.853554e+00
      vertex   6.676699e+01 -1.382554e+02 9.750000e+00
    endloop
  endfacet
  facet normal 7.933533e-01 0.000000e+00 -6.087614e-01
    outer loop
      vertex   6.676699e+01 -1.382554e+02 9.750000e+00
      vertex   6.684645e+01 -1.382554e+02 9.853554e+00
      vertex   6.684645e+01 -1.410631e+02 9.853554e+00
    endloop
  endfacet
  facet normal 7.933533e-01 0.000000e+00 -6.087614e-01
    outer loop
      vertex   6.684645e+01 -1.270246e+02 9.853554e+00
      vertex   6.684645e+01 -1.298323e+02 9.853554e+00
      vertex   6.676699e+01 -1.270246e+02 9.750000e+00
    endloop
  endfacet
  facet normal 7.933533e-01 0.000000e+00 -6.087614e-01
    outer loop
      vertex   6.676699e+01 -1.270246e+02 9.750000e+00
      vertex   6.684645e+01 -1.298323e+02 9.853554e+00
      vertex   6.676699e+01 -1.298323e+02 9.750000e+00
    endloop
  endfacet
  facet normal 9.238795e-01 0.000000e+00 -3.826834e-01
    outer loop
      vertex   6.676699e+01 -1.270246e+02 9.750000e+00
      vertex   6.676699e+01 -1.298323e+02 9.750000e+00
      vertex   6.671704e+01 -1.270246e+02 9.629410e+00
    endloop
  endfacet
  facet normal 7.933533e-01 0.000000e+00 -6.087614e-01
    outer loop
      vertex   6.684645e+01 -1.157938e+02 9.853554e+00
      vertex   6.684645e+01 -1.186015e+02 9.853554e+00
      vertex   6.676699e+01 -1.157938e+02 9.750000e+00
    endloop
  endfacet
  facet normal 7.933533e-01 0.000000e+00 -6.087614e-01
    outer loop
      vertex   6.676699e+01 -1.157938e+02 9.750000e+00
      vertex   6.684645e+01 -1.186015e+02 9.853554e+00
      vertex   6.676699e+01 -1.186015e+02 9.750000e+00
    endloop
  endfacet
  facet normal 9.238795e-01 0.000000e+00 -3.826834e-01
    outer loop
      vertex   6.676699e+01 -1.157938e+02 9.750000e+00
      vertex   6.676699e+01 -1.186015e+02 9.750000e+00
      vertex   6.671704e+01 -1.157938e+02 9.629410e+00
    endloop
  endfacet
  facet normal 9.238795e-01 0.000000e+00 -3.826834e-01
    outer loop
      vertex   6.671704e+01 -1.157938e+02 9.629410e+00
      vertex   6.676699e+01 -1.186015e+02 9.750000e+00
      vertex   6.671704e+01 -1.186015e+02 9.629410e+00
    endloop
  endfacet
  facet normal 9.914449e-01 0.000000e+00 -1.305262e-01
    outer loop
      vertex   6.671704e+01 -1.157938e+02 9.629410e+00
      vertex   6.671704e+01 -1.186015e+02 9.629410e+00
      vertex   6.670000e+01 -9.614000e+01 9.500000e+00
    endloop
  endfacet
  facet normal 7.933533e-01 0.000000e+00 -6.087614e-01
    outer loop
      vertex   6.684645e+01 -1.101785e+02 9.853554e+00
      vertex   6.676699e+01 -1.073708e+02 9.750000e+00
      vertex   6.684645e+01 -1.073708e+02 9.853554e+00
    endloop
  endfacet
  facet normal 7.933533e-01 0.000000e+00 -6.087614e-01
    outer loop
      vertex   6.684645e+01 -1.073708e+02 9.853554e+00
      vertex   6.676699e+01 -1.073708e+02 9.750000e+00
      vertex   6.676699e+01 -1.045631e+02 9.750000e+00
    endloop
  endfacet
  facet normal 7.933533e-01 0.000000e+00 -6.087614e-01
    outer loop
      vertex   6.684645e+01 -1.073708e+02 9.853554e+00
      vertex   6.676699e+01 -1.045631e+02 9.750000e+00
      vertex   6.684645e+01 -1.045631e+02 9.853554e+00
    endloop
  endfacet
  facet normal 7.933533e-01 0.000000e+00 -6.087614e-01
    outer loop
      vertex   6.684645e+01 -1.045631e+02 9.853554e+00
      vertex   6.676699e+01 -1.045631e+02 9.750000e+00
      vertex   6.676699e+01 -1.017554e+02 9.750000e+00
    endloop
  endfacet
  facet normal 7.933533e-01 0.000000e+00 -6.087614e-01
    outer loop
      vertex   6.684645e+01 -1.607169e+02 9.853554e+00
      vertex   6.676699e+01 -1.607169e+02 9.750000e+00
      vertex   6.676699e+01 -1.579092e+02 9.750000e+00
    endloop
  endfacet
  facet normal 9.238795e-01 0.000000e+00 -3.826834e-01
    outer loop
      vertex   6.676699e+01 -1.579092e+02 9.750000e+00
      vertex   6.676699e+01 -1.607169e+02 9.750000e+00
      vertex   6.671704e+01 -1.579092e+02 9.629410e+00
    endloop
  endfacet
  facet normal 9.238795e-01 0.000000e+00 -3.826834e-01
    outer loop
      vertex   6.676699e+01 -1.579092e+02 9.750000e+00
      vertex   6.671704e+01 -1.579092e+02 9.629410e+00
      vertex   6.671704e+01 -1.551015e+02 9.629410e+00
    endloop
  endfacet
  facet normal 9.914449e-01 0.000000e+00 -1.305262e-01
    outer loop
      vertex   6.671704e+01 -1.551015e+02 9.629410e+00
      vertex   6.671704e+01 -1.579092e+02 9.629410e+00
      vertex   6.670000e+01 -1.691400e+02 9.500000e+00
    endloop
  endfacet
  facet normal 9.238795e-01 0.000000e+00 -3.826834e-01
    outer loop
      vertex   6.671704e+01 -1.579092e+02 9.629410e+00
      vertex   6.676699e+01 -1.607169e+02 9.750000e+00
      vertex   6.671704e+01 -1.607169e+02 9.629410e+00
    endloop
  endfacet
  facet normal 9.238795e-01 0.000000e+00 -3.826834e-01
    outer loop
      vertex   6.671704e+01 -1.466785e+02 9.629410e+00
      vertex   6.676699e+01 -1.466785e+02 9.750000e+00
      vertex   6.676699e+01 -1.494862e+02 9.750000e+00
    endloop
  endfacet
  facet normal 9.238795e-01 0.000000e+00 -3.826834e-01
    outer loop
      vertex   6.671704e+01 -1.466785e+02 9.629410e+00
      vertex   6.676699e+01 -1.494862e+02 9.750000e+00
      vertex   6.671704e+01 -1.494862e+02 9.629410e+00
    endloop
  endfacet
  facet normal 9.238795e-01 0.000000e+00 -3.826834e-01
    outer loop
      vertex   6.671704e+01 -1.494862e+02 9.629410e+00
      vertex   6.676699e+01 -1.494862e+02 9.750000e+00
      vertex   6.676699e+01 -1.522938e+02 9.750000e+00
    endloop
  endfacet
  facet normal 9.238795e-01 0.000000e+00 -3.826834e-01
    outer loop
      vertex   6.676699e+01 -1.410631e+02 9.750000e+00
      vertex   6.676699e+01 -1.438708e+02 9.750000e+00
      vertex   6.671704e+01 -1.410631e+02 9.629410e+00
    endloop
  endfacet
  facet normal 9.238795e-01 0.000000e+00 -3.826834e-01
    outer loop
      vertex   6.671704e+01 -1.410631e+02 9.629410e+00
      vertex   6.676699e+01 -1.438708e+02 9.750000e+00
      vertex   6.671704e+01 -1.438708e+02 9.629410e+00
    endloop
  endfacet
  facet normal 9.914449e-01 0.000000e+00 -1.305262e-01
    outer loop
      vertex   6.671704e+01 -1.410631e+02 9.629410e+00
      vertex   6.671704e+01 -1.438708e+02 9.629410e+00
      vertex   6.670000e+01 -1.691400e+02 9.500000e+00
    endloop
  endfacet
  facet normal 9.238795e-01 0.000000e+00 -3.826834e-01
    outer loop
      vertex   6.671704e+01 -1.326400e+02 9.629410e+00
      vertex   6.676699e+01 -1.354477e+02 9.750000e+00
      vertex   6.671704e+01 -1.354477e+02 9.629410e+00
    endloop
  endfacet
  facet normal 9.238795e-01 0.000000e+00 -3.826834e-01
    outer loop
      vertex   6.671704e+01 -1.354477e+02 9.629410e+00
      vertex   6.676699e+01 -1.354477e+02 9.750000e+00
      vertex   6.676699e+01 -1.382554e+02 9.750000e+00
    endloop
  endfacet
  facet normal 9.238795e-01 0.000000e+00 -3.826834e-01
    outer loop
      vertex   6.671704e+01 -1.242169e+02 9.629410e+00
      vertex   6.676699e+01 -1.242169e+02 9.750000e+00
      vertex   6.676699e+01 -1.270246e+02 9.750000e+00
    endloop
  endfacet
  facet normal 7.933533e-01 0.000000e+00 -6.087614e-01
    outer loop
      vertex   6.676699e+01 -1.270246e+02 9.750000e+00
      vertex   6.676699e+01 -1.242169e+02 9.750000e+00
      vertex   6.684645e+01 -1.270246e+02 9.853554e+00
    endloop
  endfacet
  facet normal 9.238795e-01 0.000000e+00 -3.826834e-01
    outer loop
      vertex   6.671704e+01 -1.242169e+02 9.629410e+00
      vertex   6.676699e+01 -1.270246e+02 9.750000e+00
      vertex   6.671704e+01 -1.270246e+02 9.629410e+00
    endloop
  endfacet
  facet normal 7.933533e-01 0.000000e+00 -6.087614e-01
    outer loop
      vertex   6.684645e+01 -1.157938e+02 9.853554e+00
      vertex   6.676699e+01 -1.157938e+02 9.750000e+00
      vertex   6.676699e+01 -1.129862e+02 9.750000e+00
    endloop
  endfacet
  facet normal 9.238795e-01 0.000000e+00 -3.826834e-01
    outer loop
      vertex   6.676699e+01 -1.129862e+02 9.750000e+00
      vertex   6.676699e+01 -1.157938e+02 9.750000e+00
      vertex   6.671704e+01 -1.129862e+02 9.629410e+00
    endloop
  endfacet
  facet normal 9.238795e-01 0.000000e+00 -3.826834e-01
    outer loop
      vertex   6.676699e+01 -1.129862e+02 9.750000e+00
      vertex   6.671704e+01 -1.129862e+02 9.629410e+00
      vertex   6.671704e+01 -1.101785e+02 9.629410e+00
    endloop
  endfacet
  facet normal 9.914449e-01 0.000000e+00 -1.305262e-01
    outer loop
      vertex   6.671704e+01 -1.101785e+02 9.629410e+00
      vertex   6.671704e+01 -1.129862e+02 9.629410e+00
      vertex   6.670000e+01 -9.614000e+01 9.500000e+00
    endloop
  endfacet
  facet normal 9.238795e-01 0.000000e+00 -3.826834e-01
    outer loop
      vertex   6.671704e+01 -1.129862e+02 9.629410e+00
      vertex   6.676699e+01 -1.157938e+02 9.750000e+00
      vertex   6.671704e+01 -1.157938e+02 9.629410e+00
    endloop
  endfacet
  facet normal 9.238795e-01 0.000000e+00 -3.826834e-01
    outer loop
      vertex   6.671704e+01 -1.017554e+02 9.629410e+00
      vertex   6.676699e+01 -1.017554e+02 9.750000e+00
      vertex   6.676699e+01 -1.045631e+02 9.750000e+00
    endloop
  endfacet
  facet normal 9.238795e-01 0.000000e+00 -3.826834e-01
    outer loop
      vertex   6.671704e+01 -1.017554e+02 9.629410e+00
      vertex   6.676699e+01 -1.045631e+02 9.750000e+00
      vertex   6.671704e+01 -1.045631e+02 9.629410e+00
    endloop
  endfacet
  facet normal 9.238795e-01 0.000000e+00 -3.826834e-01
    outer loop
      vertex   6.671704e+01 -1.045631e+02 9.629410e+00
      vertex   6.676699e+01 -1.045631e+02 9.750000e+00
      vertex   6.676699e+01 -1.073708e+02 9.750000e+00
    endloop
  endfacet
  facet normal 9.914449e-01 0.000000e+00 -1.305262e-01
    outer loop
      vertex   6.670000e+01 -1.691400e+02 9.500000e+00
      vertex   6.671704e+01 -1.579092e+02 9.629410e+00
      vertex   6.671704e+01 -1.607169e+02 9.629410e+00
    endloop
  endfacet
  facet normal 9.914449e-01 0.000000e+00 -1.305262e-01
    outer loop
      vertex   6.670000e+01 -1.691400e+02 9.500000e+00
      vertex   6.671704e+01 -1.382554e+02 9.629410e+00
      vertex   6.671704e+01 -1.410631e+02 9.629410e+00
    endloop
  endfacet
  facet normal 9.238795e-01 0.000000e+00 -3.826834e-01
    outer loop
      vertex   6.671704e+01 -1.410631e+02 9.629410e+00
      vertex   6.671704e+01 -1.382554e+02 9.629410e+00
      vertex   6.676699e+01 -1.410631e+02 9.750000e+00
    endloop
  endfacet
  facet normal 9.914449e-01 0.000000e+00 -1.305262e-01
    outer loop
      vertex   6.670000e+01 -9.614000e+01 9.500000e+00
      vertex   6.671704e+01 -1.129862e+02 9.629410e+00
      vertex   6.671704e+01 -1.157938e+02 9.629410e+00
    endloop
  endfacet
  facet normal 1.000000e+00 0.000000e+00 -1.235726e-15
    outer loop
      vertex   6.670000e+01 -1.691400e+02 9.500000e+00
      vertex   6.670000e+01 -1.691400e+02 -2.000000e+00
      vertex   6.670000e+01 -9.614000e+01 9.500000e+00
    endloop
  endfacet
  facet normal 1.000000e+00 0.000000e+00 -1.235726e-15
    outer loop
      vertex   6.670000e+01 -9.614000e+01 9.500000e+00
      vertex   6.670000e+01 -1.691400e+02 -2.000000e+00
      vertex   6.670000e+01 -9.614000e+01 -2.000000e+00
    endloop
  endfacet
  facet normal 2.233849e-18 -0.000000e+00 1.000000e+00
    outer loop
      vertex   6.670000e+01 -1.691400e+02 -2.000000e+00
      vertex   1.661000e+02 -1.691400e+02 -2.000000e+00
      vertex   6.670000e+01 -9.614000e+01 -2.000000e+00
    endloop
  endfacet
  facet normal 2.233849e-18 0.000000e+00 1.000000e+00
    outer loop
      vertex   6.670000e+01 -9.614000e+01 -2.000000e+00
      vertex   1.661000e+02 -1.691400e+02 -2.000000e+00
      vertex   1.661000e+02 -9.614000e+01 -2.000000e+00
    endloop
  endfacet
  facet normal -5.113144e-08 -0.000000e+00 -1.000000e+00
    outer loop
      vertex   9.586000e+01 -1.441600e+02 2.600000e+01
      vertex   9.586000e+01 -1.604600e+02 2.600000e+01
      vertex   8.770000e+01 -1.691400e+02 2.600000e+01
    endloop
  endfacet
  facet normal -1.241984e-21 -4.806827e-08 -1.000000e+00
    outer loop
      vertex   8.770000e+01 -1.691400e+02 2.600000e+01
      vertex   9.586000e+01 -1.604600e+02 2.600000e+01
      vertex   9.806000e+01 -1.604600e+02 2.600000e+01
    endloop
  endfacet
  facet normal 0.000000e+00 -4.806827e-08 -1.000000e+00
    outer loop
      vertex   8.770000e+01 -1.691400e+02 2.600000e+01
      vertex   9.806000e+01 -1.604600e+02 2.600000e+01
      vertex   1.387000e+02 -1.691400e+02 2.600000e+01
    endloop
  endfacet
  facet normal 1.026655e-08 0.000000e+00 -1.000000e+00
    outer loop
      vertex   1.387000e+02 -1.691400e+02 2.600000e+01
      vertex   9.806000e+01 -1.604600e+02 2.600000e+01
      vertex   9.806000e+01 -1.441600e+02 2.600000e+01
    endloop
  endfacet
  facet normal 1.026655e-08 -6.759680e-23 -1.000000e+00
    outer loop
      vertex   1.387000e+02 -1.691400e+02 2.600000e+01
      vertex   9.806000e+01 -1.441600e+02 2.600000e+01
      vertex   9.806000e+01 -1.404600e+02 2.600000e+01
    endloop
  endfacet
  facet normal 0.000000e+00 0.000000e+00 -1.000000e+00
    outer loop
      vertex   9.806000e+01 -1.404600e+02 2.600000e+01
      vertex   9.806000e+01 -1.441600e+02 2.600000e+01
      vertex   9.586000e+01 -1.441600e+02 2.600000e+01
    endloop
  endfacet
  facet normal -0.000000e+00 0.000000e+00 -1.000000e+00
    outer loop
      vertex   9.806000e+01 -1.404600e+02 2.600000e+01
      vertex   9.586000e+01 -1.441600e+02 2.600000e+01
      vertex   9.586000e+01 -1.404600e+02 2.600000e+01
    endloop
  endfacet
  facet normal -5.113144e-08 1.963842e-22 -1.000000e+00
    outer loop
      vertex   9.586000e+01 -1.404600e+02 2.600000e+01
      vertex   9.586000e+01 -1.441600e+02 2.600000e+01
      vertex   8.770000e+01 -1.691400e+02 2.600000e+01
    endloop
  endfacet
  facet normal -5.113144e-08 0.000000e+00 -1.000000e+00
    outer loop
      vertex   9.586000e+01 -1.404600e+02 2.600000e+01
      vertex   8.770000e+01 -1.691400e+02 2.600000e+01
      vertex   8.770000e+01 -9.614000e+01 2.600000e+01
    endloop
  endfacet
  facet normal 1.026655e-08 0.000000e+00 -1.000000e+00
    outer loop
      vertex   1.387000e+02 -1.691400e+02 2.600000e+01
      vertex   9.806000e+01 -1.404600e+02 2.600000e+01
      vertex   1.387000e+02 -9.614000e+01 2.600000e+01
    endloop
  endfacet
  facet normal 1.026655e-08 1.534406e-23 -1.000000e+00
    outer loop
      vertex   1.387000e+02 -9.614000e+01 2.600000e+01
      vertex   9.806000e+01 -1.404600e+02 2.600000e+01
      vertex   9.806000e+01 -1.241600e+02 2.600000e+01
    endloop
  endfacet
  facet normal 1.026655e-08 0.000000e+00 -1.000000e+00
    outer loop
      vertex   1.387000e+02 -9.614000e+01 2.600000e+01
      vertex   9.806000e+01 -1.241600e+02 2.600000e+01
      vertex   9.806000e+01 -1.204600e+02 2.600000e+01
    endloop
  endfacet
  facet normal 0.000000e+00 -0.000000e+00 -1.000000e+00
    outer loop
      vertex   9.806000e+01 -1.204600e+02 2.600000e+01
      vertex   9.806000e+01 -1.241600e+02 2.600000e+01
      vertex   9.586000e+01 -1.241600e+02 2.600000e+01
    endloop
  endfacet
  facet normal -0.000000e+00 0.000000e+00 -1.000000e+00
    outer loop
      vertex   9.806000e+01 -1.204600e+02 2.600000e+01
      vertex   9.586000e+01 -1.241600e+02 2.600000e+01
      vertex   9.586000e+01 -1.204600e+02 2.600000e+01
    endloop
  endfacet
  facet normal -5.113144e-08 -0.000000e+00 -1.000000e+00
    outer loop
      vertex   9.586000e+01 -1.204600e+02 2.600000e+01
      vertex   9.586000e+01 -1.241600e+02 2.600000e+01
      vertex   8.770000e+01 -9.614000e+01 2.600000e+01
    endloop
  endfacet
  facet normal -5.113144e-08 0.000000e+00 -1.000000e+00
    outer loop
      vertex   9.586000e+01 -1.204600e+02 2.600000e+01
      vertex   8.770000e+01 -9.614000e+01 2.600000e+01
      vertex   9.586000e+01 -1.041600e+02 2.600000e+01
    endloop
  endfacet
  facet normal 1.344192e-21 5.202401e-08 -1.000000e+00
    outer loop
      vertex   9.586000e+01 -1.041600e+02 2.600000e+01
      vertex   8.770000e+01 -9.614000e+01 2.600000e+01
      vertex   9.806000e+01 -1.041600e+02 2.600000e+01
    endloop
  endfacet
  facet normal 0.000000e+00 5.202401e-08 -1.000000e+00
    outer loop
      vertex   9.806000e+01 -1.041600e+02 2.600000e+01
      vertex   8.770000e+01 -9.614000e+01 2.600000e+01
      vertex   1.387000e+02 -9.614000e+01 2.600000e+01
    endloop
  endfacet
  facet normal 1.026655e-08 0.000000e+00 -1.000000e+00
    outer loop
      vertex   9.806000e+01 -1.041600e+02 2.600000e+01
      vertex   1.387000e+02 -9.614000e+01 2.600000e+01
      vertex   9.806000e+01 -1.204600e+02 2.600000e+01
    endloop
  endfacet
  facet normal -5.113144e-08 -4.457800e-23 -1.000000e+00
    outer loop
      vertex   9.586000e+01 -1.241600e+02 2.600000e+01
      vertex   9.586000e+01 -1.404600e+02 2.600000e+01
      vertex   8.770000e+01 -9.614000e+01 2.600000e+01
    endloop
  endfacet
  facet normal 1.305262e-01 0.000000e+00 -9.914449e-01
    outer loop
      vertex   8.744118e+01 -1.691400e+02 2.596593e+01
      vertex   8.744118e+01 -1.635246e+02 2.596593e+01
      vertex   8.770000e+01 -1.691400e+02 2.600000e+01
    endloop
  endfacet
  facet normal 1.305262e-01 0.000000e+00 -9.914449e-01
    outer loop
      vertex   8.770000e+01 -1.691400e+02 2.600000e+01
      vertex   8.744118e+01 -1.635246e+02 2.596593e+01
      vertex   8.744118e+01 -1.579092e+02 2.596593e+01
    endloop
  endfacet
  facet normal 1.305262e-01 0.000000e+00 -9.914449e-01
    outer loop
      vertex   8.770000e+01 -1.691400e+02 2.600000e+01
      vertex   8.744118e+01 -1.579092e+02 2.596593e+01
      vertex   8.744118e+01 -1.522938e+02 2.596593e+01
    endloop
  endfacet
  facet normal 3.826834e-01 0.000000e+00 -9.238795e-01
    outer loop
      vertex   8.744118e+01 -1.522938e+02 2.596593e+01
      vertex   8.744118e+01 -1.579092e+02 2.596593e+01
      vertex   8.720000e+01 -1.522938e+02 2.586603e+01
    endloop
  endfacet
  facet normal 3.826834e-01 0.000000e+00 -9.238795e-01
    outer loop
      vertex   8.744118e+01 -1.522938e+02 2.596593e+01
      vertex   8.720000e+01 -1.522938e+02 2.586603e+01
      vertex   8.720000e+01 -1.466785e+02 2.586603e+01
    endloop
  endfacet
  facet normal 6.087614e-01 0.000000e+00 -7.933533e-01
    outer loop
      vertex   8.720000e+01 -1.466785e+02 2.586603e+01
      vertex   8.720000e+01 -1.522938e+02 2.586603e+01
      vertex   8.699289e+01 -1.466785e+02 2.570711e+01
    endloop
  endfacet
  facet normal 6.087614e-01 0.000000e+00 -7.933533e-01
    outer loop
      vertex   8.720000e+01 -1.466785e+02 2.586603e+01
      vertex   8.699289e+01 -1.466785e+02 2.570711e+01
      vertex   8.699289e+01 -1.410631e+02 2.570711e+01
    endloop
  endfacet
  facet normal 7.933533e-01 0.000000e+00 -6.087614e-01
    outer loop
      vertex   8.699289e+01 -1.410631e+02 2.570711e+01
      vertex   8.699289e+01 -1.466785e+02 2.570711e+01
      vertex   8.683397e+01 -1.410631e+02 2.550000e+01
    endloop
  endfacet
  facet normal 7.933533e-01 0.000000e+00 -6.087614e-01
    outer loop
      vertex   8.699289e+01 -1.410631e+02 2.570711e+01
      vertex   8.683397e+01 -1.410631e+02 2.550000e+01
      vertex   8.683397e+01 -1.354477e+02 2.550000e+01
    endloop
  endfacet
  facet normal 9.238795e-01 0.000000e+00 -3.826834e-01
    outer loop
      vertex   8.683397e+01 -1.354477e+02 2.550000e+01
      vertex   8.683397e+01 -1.410631e+02 2.550000e+01
      vertex   8.673407e+01 -1.354477e+02 2.525882e+01
    endloop
  endfacet
  facet normal 9.238795e-01 0.000000e+00 -3.826834e-01
    outer loop
      vertex   8.683397e+01 -1.354477e+02 2.550000e+01
      vertex   8.673407e+01 -1.354477e+02 2.525882e+01
      vertex   8.673407e+01 -1.298323e+02 2.525882e+01
    endloop
  endfacet
  facet normal 9.914449e-01 0.000000e+00 -1.305262e-01
    outer loop
      vertex   8.673407e+01 -1.298323e+02 2.525882e+01
      vertex   8.673407e+01 -1.354477e+02 2.525882e+01
      vertex   8.670000e+01 -9.614000e+01 2.500000e+01
    endloop
  endfacet
  facet normal 9.914449e-01 0.000000e+00 -1.305262e-01
    outer loop
      vertex   8.673407e+01 -1.298323e+02 2.525882e+01
      vertex   8.670000e+01 -9.614000e+01 2.500000e+01
      vertex   8.673407e+01 -1.242169e+02 2.525882e+01
    endloop
  endfacet
  facet normal 9.914449e-01 0.000000e+00 -1.305262e-01
    outer loop
      vertex   8.673407e+01 -1.242169e+02 2.525882e+01
      vertex   8.670000e+01 -9.614000e+01 2.500000e+01
      vertex   8.673407e+01 -1.186015e+02 2.525882e+01
    endloop
  endfacet
  facet normal 9.238795e-01 0.000000e+00 -3.826834e-01
    outer loop
      vertex   8.673407e+01 -1.242169e+02 2.525882e+01
      vertex   8.673407e+01 -1.186015e+02 2.525882e+01
      vertex   8.683397e+01 -1.242169e+02 2.550000e+01
    endloop
  endfacet
  facet normal 9.238795e-01 0.000000e+00 -3.826834e-01
    outer loop
      vertex   8.683397e+01 -1.242169e+02 2.550000e+01
      vertex   8.673407e+01 -1.186015e+02 2.525882e+01
      vertex   8.683397e+01 -1.186015e+02 2.550000e+01
    endloop
  endfacet
  facet normal 7.933533e-01 0.000000e+00 -6.087614e-01
    outer loop
      vertex   8.683397e+01 -1.242169e+02 2.550000e+01
      vertex   8.683397e+01 -1.186015e+02 2.550000e+01
      vertex   8.699289e+01 -1.242169e+02 2.570711e+01
    endloop
  endfacet
  facet normal 7.933533e-01 0.000000e+00 -6.087614e-01
    outer loop
      vertex   8.699289e+01 -1.242169e+02 2.570711e+01
      vertex   8.683397e+01 -1.186015e+02 2.550000e+01
      vertex   8.699289e+01 -1.186015e+02 2.570711e+01
    endloop
  endfacet
  facet normal 6.087614e-01 0.000000e+00 -7.933533e-01
    outer loop
      vertex   8.699289e+01 -1.242169e+02 2.570711e+01
      vertex   8.699289e+01 -1.186015e+02 2.570711e+01
      vertex   8.720000e+01 -1.242169e+02 2.586603e+01
    endloop
  endfacet
  facet normal 6.087614e-01 0.000000e+00 -7.933533e-01
    outer loop
      vertex   8.720000e+01 -1.242169e+02 2.586603e+01
      vertex   8.699289e+01 -1.186015e+02 2.570711e+01
      vertex   8.720000e+01 -1.186015e+02 2.586603e+01
    endloop
  endfacet
  facet normal 3.826834e-01 0.000000e+00 -9.238795e-01
    outer loop
      vertex   8.720000e+01 -1.242169e+02 2.586603e+01
      vertex   8.720000e+01 -1.186015e+02 2.586603e+01
      vertex   8.744118e+01 -1.242169e+02 2.596593e+01
    endloop
  endfacet
  facet normal 3.826834e-01 0.000000e+00 -9.238795e-01
    outer loop
      vertex   8.744118e+01 -1.242169e+02 2.596593e+01
      vertex   8.720000e+01 -1.186015e+02 2.586603e+01
      vertex   8.744118e+01 -1.186015e+02 2.596593e+01
    endloop
  endfacet
  facet normal 1.305262e-01 0.000000e+00 -9.914449e-01
    outer loop
      vertex   8.744118e+01 -1.242169e+02 2.596593e+01
      vertex   8.744118e+01 -1.186015e+02 2.596593e+01
      vertex   8.770000e+01 -9.614000e+01 2.600000e+01
    endloop
  endfacet
  facet normal 1.305262e-01 0.000000e+00 -9.914449e-01
    outer loop
      vertex   8.770000e+01 -9.614000e+01 2.600000e+01
      vertex   8.744118e+01 -1.186015e+02 2.596593e+01
      vertex   8.744118e+01 -1.129862e+02 2.596593e+01
    endloop
  endfacet
  facet normal 1.305262e-01 0.000000e+00 -9.914449e-01
    outer loop
      vertex   8.770000e+01 -9.614000e+01 2.600000e+01
      vertex   8.744118e+01 -1.129862e+02 2.596593e+01
      vertex   8.744118e+01 -1.073708e+02 2.596593e+01
    endloop
  endfacet
  facet normal 3.826834e-01 0.000000e+00 -9.238795e-01
    outer loop
      vertex   8.744118e+01 -1.073708e+02 2.596593e+01
      vertex   8.744118e+01 -1.129862e+02 2.596593e+01
      vertex   8.720000e+01 -1.073708e+02 2.586603e+01
    endloop
  endfacet
  facet normal 3.826834e-01 0.000000e+00 -9.238795e-01
    outer loop
      vertex   8.744118e+01 -1.073708e+02 2.596593e+01
      vertex   8.720000e+01 -1.073708e+02 2.586603e+01
      vertex   8.720000e+01 -1.017554e+02 2.586603e+01
    endloop
  endfacet
  facet normal 6.087614e-01 0.000000e+00 -7.933533e-01
    outer loop
      vertex   8.720000e+01 -1.017554e+02 2.586603e+01
      vertex   8.720000e+01 -1.073708e+02 2.586603e+01
      vertex   8.699289e+01 -1.017554e+02 2.570711e+01
    endloop
  endfacet
  facet normal 6.087614e-01 0.000000e+00 -7.933533e-01
    outer loop
      vertex   8.720000e+01 -1.017554e+02 2.586603e+01
      vertex   8.699289e+01 -1.017554e+02 2.570711e+01
      vertex   8.699289e+01 -9.614000e+01 2.570711e+01
    endloop
  endfacet
  facet normal 7.933533e-01 0.000000e+00 -6.087614e-01
    outer loop
      vertex   8.699289e+01 -9.614000e+01 2.570711e+01
      vertex   8.699289e+01 -1.017554e+02 2.570711e+01
      vertex   8.683397e+01 -9.614000e+01 2.550000e+01
    endloop
  endfacet
  facet normal 7.933533e-01 0.000000e+00 -6.087614e-01
    outer loop
      vertex   8.683397e+01 -9.614000e+01 2.550000e+01
      vertex   8.699289e+01 -1.017554e+02 2.570711e+01
      vertex   8.683397e+01 -1.017554e+02 2.550000e+01
    endloop
  endfacet
  facet normal 9.238795e-01 0.000000e+00 -3.826834e-01
    outer loop
      vertex   8.683397e+01 -9.614000e+01 2.550000e+01
      vertex   8.683397e+01 -1.017554e+02 2.550000e+01
      vertex   8.673407e+01 -9.614000e+01 2.525882e+01
    endloop
  endfacet
  facet normal 9.238795e-01 0.000000e+00 -3.826834e-01
    outer loop
      vertex   8.673407e+01 -9.614000e+01 2.525882e+01
      vertex   8.683397e+01 -1.017554e+02 2.550000e+01
      vertex   8.673407e+01 -1.017554e+02 2.525882e+01
    endloop
  endfacet
  facet normal 9.914449e-01 0.000000e+00 -1.305262e-01
    outer loop
      vertex   8.673407e+01 -9.614000e+01 2.525882e+01
      vertex   8.673407e+01 -1.017554e+02 2.525882e+01
      vertex   8.670000e+01 -9.614000e+01 2.500000e+01
    endloop
  endfacet
  facet normal 9.914449e-01 0.000000e+00 -1.305262e-01
    outer loop
      vertex   8.670000e+01 -9.614000e+01 2.500000e+01
      vertex   8.673407e+01 -1.017554e+02 2.525882e+01
      vertex   8.673407e+01 -1.073708e+02 2.525882e+01
    endloop
  endfacet
  facet normal 9.914449e-01 0.000000e+00 -1.305262e-01
    outer loop
      vertex   8.670000e+01 -9.614000e+01 2.500000e+01
      vertex   8.673407e+01 -1.073708e+02 2.525882e+01
      vertex   8.673407e+01 -1.129862e+02 2.525882e+01
    endloop
  endfacet
  facet normal 9.238795e-01 0.000000e+00 -3.826834e-01
    outer loop
      vertex   8.673407e+01 -1.129862e+02 2.525882e+01
      vertex   8.673407e+01 -1.073708e+02 2.525882e+01
      vertex   8.683397e+01 -1.129862e+02 2.550000e+01
    endloop
  endfacet
  facet normal 9.238795e-01 0.000000e+00 -3.826834e-01
    outer loop
      vertex   8.673407e+01 -1.129862e+02 2.525882e+01
      vertex   8.683397e+01 -1.129862e+02 2.550000e+01
      vertex   8.683397e+01 -1.186015e+02 2.550000e+01
    endloop
  endfacet
  facet normal 7.933533e-01 0.000000e+00 -6.087614e-01
    outer loop
      vertex   8.683397e+01 -1.186015e+02 2.550000e+01
      vertex   8.683397e+01 -1.129862e+02 2.550000e+01
      vertex   8.699289e+01 -1.186015e+02 2.570711e+01
    endloop
  endfacet
  facet normal 3.826834e-01 0.000000e+00 -9.238795e-01
    outer loop
      vertex   8.744118e+01 -1.635246e+02 2.596593e+01
      vertex   8.744118e+01 -1.691400e+02 2.596593e+01
      vertex   8.720000e+01 -1.635246e+02 2.586603e+01
    endloop
  endfacet
  facet normal 3.826834e-01 5.845155e-16 -9.238795e-01
    outer loop
      vertex   8.720000e+01 -1.635246e+02 2.586603e+01
      vertex   8.744118e+01 -1.691400e+02 2.596593e+01
      vertex   8.720000e+01 -1.691400e+02 2.586603e+01
    endloop
  endfacet
  facet normal 6.087614e-01 5.019349e-16 -7.933533e-01
    outer loop
      vertex   8.720000e+01 -1.635246e+02 2.586603e+01
      vertex   8.720000e+01 -1.691400e+02 2.586603e+01
      vertex   8.699289e+01 -1.635246e+02 2.570711e+01
    endloop
  endfacet
  facet normal 6.087614e-01 0.000000e+00 -7.933533e-01
    outer loop
      vertex   8.699289e+01 -1.635246e+02 2.570711e+01
      vertex   8.720000e+01 -1.691400e+02 2.586603e+01
      vertex   8.699289e+01 -1.691400e+02 2.570711e+01
    endloop
  endfacet
  facet normal 7.933533e-01 0.000000e+00 -6.087614e-01
    outer loop
      vertex   8.699289e+01 -1.635246e+02 2.570711e+01
      vertex   8.699289e+01 -1.691400e+02 2.570711e+01
      vertex   8.683397e+01 -1.635246e+02 2.550000e+01
    endloop
  endfacet
  facet normal 7.933533e-01 0.000000e+00 -6.087614e-01
    outer loop
      vertex   8.683397e+01 -1.635246e+02 2.550000e+01
      vertex   8.699289e+01 -1.691400e+02 2.570711e+01
      vertex   8.683397e+01 -1.691400e+02 2.550000e+01
    endloop
  endfacet
  facet normal 9.238795e-01 0.000000e+00 -3.826834e-01
    outer loop
      vertex   8.683397e+01 -1.635246e+02 2.550000e+01
      vertex   8.683397e+01 -1.691400e+02 2.550000e+01
      vertex   8.673407e+01 -1.635246e+02 2.525882e+01
    endloop
  endfacet
  facet normal 9.238795e-01 0.000000e+00 -3.826834e-01
    outer loop
      vertex   8.673407e+01 -1.635246e+02 2.525882e+01
      vertex   8.683397e+01 -1.691400e+02 2.550000e+01
      vertex   8.673407e+01 -1.691400e+02 2.525882e+01
    endloop
  endfacet
  facet normal 9.914449e-01 0.000000e+00 -1.305262e-01
    outer loop
      vertex   8.673407e+01 -1.635246e+02 2.525882e+01
      vertex   8.673407e+01 -1.691400e+02 2.525882e+01
      vertex   8.670000e+01 -1.691400e+02 2.500000e+01
    endloop
  endfacet
  facet normal 9.914449e-01 0.000000e+00 -1.305262e-01
    outer loop
      vertex   8.670000e+01 -9.614000e+01 2.500000e+01
      vertex   8.673407e+01 -1.354477e+02 2.525882e+01
      vertex   8.670000e+01 -1.691400e+02 2.500000e+01
    endloop
  endfacet
  facet normal 9.914449e-01 0.000000e+00 -1.305262e-01
    outer loop
      vertex   8.670000e+01 -1.691400e+02 2.500000e+01
      vertex   8.673407e+01 -1.354477e+02 2.525882e+01
      vertex   8.673407e+01 -1.410631e+02 2.525882e+01
    endloop
  endfacet
  facet normal 9.914449e-01 0.000000e+00 -1.305262e-01
    outer loop
      vertex   8.670000e+01 -1.691400e+02 2.500000e+01
      vertex   8.673407e+01 -1.410631e+02 2.525882e+01
      vertex   8.673407e+01 -1.466785e+02 2.525882e+01
    endloop
  endfacet
  facet normal 9.238795e-01 0.000000e+00 -3.826834e-01
    outer loop
      vertex   8.673407e+01 -1.466785e+02 2.525882e+01
      vertex   8.673407e+01 -1.410631e+02 2.525882e+01
      vertex   8.683397e+01 -1.466785e+02 2.550000e+01
    endloop
  endfacet
  facet normal 9.238795e-01 0.000000e+00 -3.826834e-01
    outer loop
      vertex   8.673407e+01 -1.466785e+02 2.525882e+01
      vertex   8.683397e+01 -1.466785e+02 2.550000e+01
      vertex   8.683397e+01 -1.522938e+02 2.550000e+01
    endloop
  endfacet
  facet normal 7.933533e-01 0.000000e+00 -6.087614e-01
    outer loop
      vertex   8.683397e+01 -1.522938e+02 2.550000e+01
      vertex   8.683397e+01 -1.466785e+02 2.550000e+01
      vertex   8.699289e+01 -1.522938e+02 2.570711e+01
    endloop
  endfacet
  facet normal 7.933533e-01 0.000000e+00 -6.087614e-01
    outer loop
      vertex   8.683397e+01 -1.522938e+02 2.550000e+01
      vertex   8.699289e+01 -1.522938e+02 2.570711e+01
      vertex   8.699289e+01 -1.579092e+02 2.570711e+01
    endloop
  endfacet
  facet normal 6.087614e-01 0.000000e+00 -7.933533e-01
    outer loop
      vertex   8.699289e+01 -1.579092e+02 2.570711e+01
      vertex   8.699289e+01 -1.522938e+02 2.570711e+01
      vertex   8.720000e+01 -1.579092e+02 2.586603e+01
    endloop
  endfacet
  facet normal 6.087614e-01 0.000000e+00 -7.933533e-01
    outer loop
      vertex   8.699289e+01 -1.579092e+02 2.570711e+01
      vertex   8.720000e+01 -1.579092e+02 2.586603e+01
      vertex   8.720000e+01 -1.635246e+02 2.586603e+01
    endloop
  endfacet
  facet normal 3.826834e-01 0.000000e+00 -9.238795e-01
    outer loop
      vertex   8.720000e+01 -1.635246e+02 2.586603e+01
      vertex   8.720000e+01 -1.579092e+02 2.586603e+01
      vertex   8.744118e+01 -1.635246e+02 2.596593e+01
    endloop
  endfacet
  facet normal 6.087614e-01 -5.017518e-16 -7.933533e-01
    outer loop
      vertex   8.699289e+01 -9.614000e+01 2.570711e+01
      vertex   8.720000e+01 -9.614000e+01 2.586603e+01
      vertex   8.720000e+01 -1.017554e+02 2.586603e+01
    endloop
  endfacet
  facet normal 3.826834e-01 -5.845155e-16 -9.238795e-01
    outer loop
      vertex   8.720000e+01 -1.017554e+02 2.586603e+01
      vertex   8.720000e+01 -9.614000e+01 2.586603e+01
      vertex   8.744118e+01 -1.017554e+02 2.596593e+01
    endloop
  endfacet
  facet normal 3.826834e-01 0.000000e+00 -9.238795e-01
    outer loop
      vertex   8.720000e+01 -1.017554e+02 2.586603e+01
      vertex   8.744118e+01 -1.017554e+02 2.596593e+01
      vertex   8.744118e+01 -1.073708e+02 2.596593e+01
    endloop
  endfacet
  facet normal 1.305262e-01 0.000000e+00 -9.914449e-01
    outer loop
      vertex   8.744118e+01 -1.073708e+02 2.596593e+01
      vertex   8.744118e+01 -1.017554e+02 2.596593e+01
      vertex   8.770000e+01 -9.614000e+01 2.600000e+01
    endloop
  endfacet
  facet normal 3.826834e-01 0.000000e+00 -9.238795e-01
    outer loop
      vertex   8.720000e+01 -9.614000e+01 2.586603e+01
      vertex   8.744118e+01 -9.614000e+01 2.596593e+01
      vertex   8.744118e+01 -1.017554e+02 2.596593e+01
    endloop
  endfacet
  facet normal 1.305262e-01 0.000000e+00 -9.914449e-01
    outer loop
      vertex   8.744118e+01 -1.017554e+02 2.596593e+01
      vertex   8.744118e+01 -9.614000e+01 2.596593e+01
      vertex   8.770000e+01 -9.614000e+01 2.600000e+01
    endloop
  endfacet
  facet normal 1.305262e-01 0.000000e+00 -9.914449e-01
    outer loop
      vertex   8.744118e+01 -1.242169e+02 2.596593e+01
      vertex   8.770000e+01 -9.614000e+01 2.600000e+01
      vertex   8.744118e+01 -1.298323e+02 2.596593e+01
    endloop
  endfacet
  facet normal 1.305262e-01 0.000000e+00 -9.914449e-01
    outer loop
      vertex   8.744118e+01 -1.298323e+02 2.596593e+01
      vertex   8.770000e+01 -9.614000e+01 2.600000e+01
      vertex   8.770000e+01 -1.691400e+02 2.600000e+01
    endloop
  endfacet
  facet normal 1.305262e-01 0.000000e+00 -9.914449e-01
    outer loop
      vertex   8.744118e+01 -1.298323e+02 2.596593e+01
      vertex   8.770000e+01 -1.691400e+02 2.600000e+01
      vertex   8.744118e+01 -1.354477e+02 2.596593e+01
    endloop
  endfacet
  facet normal 1.305262e-01 0.000000e+00 -9.914449e-01
    outer loop
      vertex   8.744118e+01 -1.354477e+02 2.596593e+01
      vertex   8.770000e+01 -1.691400e+02 2.600000e+01
      vertex   8.744118e+01 -1.410631e+02 2.596593e+01
    endloop
  endfacet
  facet normal 3.826834e-01 0.000000e+00 -9.238795e-01
    outer loop
      vertex   8.744118e+01 -1.354477e+02 2.596593e+01
      vertex   8.744118e+01 -1.410631e+02 2.596593e+01
      vertex   8.720000e+01 -1.354477e+02 2.586603e+01
    endloop
  endfacet
  facet normal 3.826834e-01 0.000000e+00 -9.238795e-01
    outer loop
      vertex   8.720000e+01 -1.354477e+02 2.586603e+01
      vertex   8.744118e+01 -1.410631e+02 2.596593e+01
      vertex   8.720000e+01 -1.410631e+02 2.586603e+01
    endloop
  endfacet
  facet normal 6.087614e-01 0.000000e+00 -7.933533e-01
    outer loop
      vertex   8.720000e+01 -1.354477e+02 2.586603e+01
      vertex   8.720000e+01 -1.410631e+02 2.586603e+01
      vertex   8.699289e+01 -1.354477e+02 2.570711e+01
    endloop
  endfacet
  facet normal 6.087614e-01 0.000000e+00 -7.933533e-01
    outer loop
      vertex   8.699289e+01 -1.354477e+02 2.570711e+01
      vertex   8.720000e+01 -1.410631e+02 2.586603e+01
      vertex   8.699289e+01 -1.410631e+02 2.570711e+01
    endloop
  endfacet
  facet normal 7.933533e-01 0.000000e+00 -6.087614e-01
    outer loop
      vertex   8.699289e+01 -1.354477e+02 2.570711e+01
      vertex   8.699289e+01 -1.410631e+02 2.570711e+01
      vertex   8.683397e+01 -1.354477e+02 2.550000e+01
    endloop
  endfacet
  facet normal 3.826834e-01 0.000000e+00 -9.238795e-01
    outer loop
      vertex   8.720000e+01 -1.522938e+02 2.586603e+01
      vertex   8.744118e+01 -1.579092e+02 2.596593e+01
      vertex   8.720000e+01 -1.579092e+02 2.586603e+01
    endloop
  endfacet
  facet normal 3.826834e-01 0.000000e+00 -9.238795e-01
    outer loop
      vertex   8.720000e+01 -1.579092e+02 2.586603e+01
      vertex   8.744118e+01 -1.579092e+02 2.596593e+01
      vertex   8.744118e+01 -1.635246e+02 2.596593e+01
    endloop
  endfacet
  facet normal 1.305262e-01 0.000000e+00 -9.914449e-01
    outer loop
      vertex   8.744118e+01 -1.410631e+02 2.596593e+01
      vertex   8.770000e+01 -1.691400e+02 2.600000e+01
      vertex   8.744118e+01 -1.466785e+02 2.596593e+01
    endloop
  endfacet
  facet normal 1.305262e-01 0.000000e+00 -9.914449e-01
    outer loop
      vertex   8.744118e+01 -1.466785e+02 2.596593e+01
      vertex   8.770000e+01 -1.691400e+02 2.600000e+01
      vertex   8.744118e+01 -1.522938e+02 2.596593e+01
    endloop
  endfacet
  facet normal 3.826834e-01 0.000000e+00 -9.238795e-01
    outer loop
      vertex   8.744118e+01 -1.466785e+02 2.596593e+01
      vertex   8.744118e+01 -1.522938e+02 2.596593e+01
      vertex   8.720000e+01 -1.466785e+02 2.586603e+01
    endloop
  endfacet
  facet normal 3.826834e-01 0.000000e+00 -9.238795e-01
    outer loop
      vertex   8.720000e+01 -1.410631e+02 2.586603e+01
      vertex   8.744118e+01 -1.410631e+02 2.596593e+01
      vertex   8.744118e+01 -1.466785e+02 2.596593e+01
    endloop
  endfacet
  facet normal 3.826834e-01 0.000000e+00 -9.238795e-01
    outer loop
      vertex   8.720000e+01 -1.410631e+02 2.586603e+01
      vertex   8.744118e+01 -1.466785e+02 2.596593e+01
      vertex   8.720000e+01 -1.466785e+02 2.586603e+01
    endloop
  endfacet
  facet normal 3.826834e-01 0.000000e+00 -9.238795e-01
    outer loop
      vertex   8.720000e+01 -1.242169e+02 2.586603e+01
      vertex   8.744118e+01 -1.242169e+02 2.596593e+01
      vertex   8.744118e+01 -1.298323e+02 2.596593e+01
    endloop
  endfacet
  facet normal 3.826834e-01 0.000000e+00 -9.238795e-01
    outer loop
      vertex   8.744118e+01 -1.298323e+02 2.596593e+01
      vertex   8.744118e+01 -1.354477e+02 2.596593e+01
      vertex   8.720000e+01 -1.298323e+02 2.586603e+01
    endloop
  endfacet
  facet normal 3.826834e-01 0.000000e+00 -9.238795e-01
    outer loop
      vertex   8.720000e+01 -1.298323e+02 2.586603e+01
      vertex   8.744118e+01 -1.354477e+02 2.596593e+01
      vertex   8.720000e+01 -1.354477e+02 2.586603e+01
    endloop
  endfacet
  facet normal 6.087614e-01 0.000000e+00 -7.933533e-01
    outer loop
      vertex   8.720000e+01 -1.298323e+02 2.586603e+01
      vertex   8.720000e+01 -1.354477e+02 2.586603e+01
      vertex   8.699289e+01 -1.298323e+02 2.570711e+01
    endloop
  endfacet
  facet normal 6.087614e-01 0.000000e+00 -7.933533e-01
    outer loop
      vertex   8.699289e+01 -1.298323e+02 2.570711e+01
      vertex   8.720000e+01 -1.354477e+02 2.586603e+01
      vertex   8.699289e+01 -1.354477e+02 2.570711e+01
    endloop
  endfacet
  facet normal 7.933533e-01 0.000000e+00 -6.087614e-01
    outer loop
      vertex   8.699289e+01 -1.298323e+02 2.570711e+01
      vertex   8.699289e+01 -1.354477e+02 2.570711e+01
      vertex   8.683397e+01 -1.298323e+02 2.550000e+01
    endloop
  endfacet
  facet normal 7.933533e-01 0.000000e+00 -6.087614e-01
    outer loop
      vertex   8.683397e+01 -1.298323e+02 2.550000e+01
      vertex   8.699289e+01 -1.354477e+02 2.570711e+01
      vertex   8.683397e+01 -1.354477e+02 2.550000e+01
    endloop
  endfacet
  facet normal 9.238795e-01 0.000000e+00 -3.826834e-01
    outer loop
      vertex   8.683397e+01 -1.298323e+02 2.550000e+01
      vertex   8.683397e+01 -1.354477e+02 2.550000e+01
      vertex   8.673407e+01 -1.298323e+02 2.525882e+01
    endloop
  endfacet
  facet normal 3.826834e-01 0.000000e+00 -9.238795e-01
    outer loop
      vertex   8.744118e+01 -1.129862e+02 2.596593e+01
      vertex   8.744118e+01 -1.186015e+02 2.596593e+01
      vertex   8.720000e+01 -1.129862e+02 2.586603e+01
    endloop
  endfacet
  facet normal 3.826834e-01 0.000000e+00 -9.238795e-01
    outer loop
      vertex   8.720000e+01 -1.129862e+02 2.586603e+01
      vertex   8.744118e+01 -1.186015e+02 2.596593e+01
      vertex   8.720000e+01 -1.186015e+02 2.586603e+01
    endloop
  endfacet
  facet normal 6.087614e-01 0.000000e+00 -7.933533e-01
    outer loop
      vertex   8.720000e+01 -1.129862e+02 2.586603e+01
      vertex   8.720000e+01 -1.186015e+02 2.586603e+01
      vertex   8.699289e+01 -1.129862e+02 2.570711e+01
    endloop
  endfacet
  facet normal 6.087614e-01 0.000000e+00 -7.933533e-01
    outer loop
      vertex   8.699289e+01 -1.129862e+02 2.570711e+01
      vertex   8.720000e+01 -1.186015e+02 2.586603e+01
      vertex   8.699289e+01 -1.186015e+02 2.570711e+01
    endloop
  endfacet
  facet normal 7.933533e-01 0.000000e+00 -6.087614e-01
    outer loop
      vertex   8.699289e+01 -1.129862e+02 2.570711e+01
      vertex   8.699289e+01 -1.186015e+02 2.570711e+01
      vertex   8.683397e+01 -1.129862e+02 2.550000e+01
    endloop
  endfacet
  facet normal 6.087614e-01 0.000000e+00 -7.933533e-01
    outer loop
      vertex   8.699289e+01 -1.579092e+02 2.570711e+01
      vertex   8.720000e+01 -1.635246e+02 2.586603e+01
      vertex   8.699289e+01 -1.635246e+02 2.570711e+01
    endloop
  endfacet
  facet normal 6.087614e-01 0.000000e+00 -7.933533e-01
    outer loop
      vertex   8.699289e+01 -1.466785e+02 2.570711e+01
      vertex   8.720000e+01 -1.522938e+02 2.586603e+01
      vertex   8.699289e+01 -1.522938e+02 2.570711e+01
    endloop
  endfacet
  facet normal 6.087614e-01 0.000000e+00 -7.933533e-01
    outer loop
      vertex   8.699289e+01 -1.522938e+02 2.570711e+01
      vertex   8.720000e+01 -1.522938e+02 2.586603e+01
      vertex   8.720000e+01 -1.579092e+02 2.586603e+01
    endloop
  endfacet
  facet normal 6.087614e-01 0.000000e+00 -7.933533e-01
    outer loop
      vertex   8.699289e+01 -1.410631e+02 2.570711e+01
      vertex   8.720000e+01 -1.410631e+02 2.586603e+01
      vertex   8.720000e+01 -1.466785e+02 2.586603e+01
    endloop
  endfacet
  facet normal 6.087614e-01 0.000000e+00 -7.933533e-01
    outer loop
      vertex   8.699289e+01 -1.242169e+02 2.570711e+01
      vertex   8.720000e+01 -1.242169e+02 2.586603e+01
      vertex   8.720000e+01 -1.298323e+02 2.586603e+01
    endloop
  endfacet
  facet normal 3.826834e-01 0.000000e+00 -9.238795e-01
    outer loop
      vertex   8.720000e+01 -1.298323e+02 2.586603e+01
      vertex   8.720000e+01 -1.242169e+02 2.586603e+01
      vertex   8.744118e+01 -1.298323e+02 2.596593e+01
    endloop
  endfacet
  facet normal 6.087614e-01 0.000000e+00 -7.933533e-01
    outer loop
      vertex   8.699289e+01 -1.242169e+02 2.570711e+01
      vertex   8.720000e+01 -1.298323e+02 2.586603e+01
      vertex   8.699289e+01 -1.298323e+02 2.570711e+01
    endloop
  endfacet
  facet normal 3.826834e-01 0.000000e+00 -9.238795e-01
    outer loop
      vertex   8.744118e+01 -1.129862e+02 2.596593e+01
      vertex   8.720000e+01 -1.129862e+02 2.586603e+01
      vertex   8.720000e+01 -1.073708e+02 2.586603e+01
    endloop
  endfacet
  facet normal 6.087614e-01 0.000000e+00 -7.933533e-01
    outer loop
      vertex   8.720000e+01 -1.073708e+02 2.586603e+01
      vertex   8.720000e+01 -1.129862e+02 2.586603e+01
      vertex   8.699289e+01 -1.073708e+02 2.570711e+01
    endloop
  endfacet
  facet normal 6.087614e-01 0.000000e+00 -7.933533e-01
    outer loop
      vertex   8.720000e+01 -1.073708e+02 2.586603e+01
      vertex   8.699289e+01 -1.073708e+02 2.570711e+01
      vertex   8.699289e+01 -1.017554e+02 2.570711e+01
    endloop
  endfacet
  facet normal 7.933533e-01 0.000000e+00 -6.087614e-01
    outer loop
      vertex   8.699289e+01 -1.017554e+02 2.570711e+01
      vertex   8.699289e+01 -1.073708e+02 2.570711e+01
      vertex   8.683397e+01 -1.017554e+02 2.550000e+01
    endloop
  endfacet
  facet normal 6.087614e-01 0.000000e+00 -7.933533e-01
    outer loop
      vertex   8.699289e+01 -1.073708e+02 2.570711e+01
      vertex   8.720000e+01 -1.129862e+02 2.586603e+01
      vertex   8.699289e+01 -1.129862e+02 2.570711e+01
    endloop
  endfacet
  facet normal 7.933533e-01 0.000000e+00 -6.087614e-01
    outer loop
      vertex   8.699289e+01 -1.579092e+02 2.570711e+01
      vertex   8.699289e+01 -1.635246e+02 2.570711e+01
      vertex   8.683397e+01 -1.579092e+02 2.550000e+01
    endloop
  endfacet
  facet normal 7.933533e-01 0.000000e+00 -6.087614e-01
    outer loop
      vertex   8.683397e+01 -1.579092e+02 2.550000e+01
      vertex   8.699289e+01 -1.635246e+02 2.570711e+01
      vertex   8.683397e+01 -1.635246e+02 2.550000e+01
    endloop
  endfacet
  facet normal 9.238795e-01 0.000000e+00 -3.826834e-01
    outer loop
      vertex   8.683397e+01 -1.579092e+02 2.550000e+01
      vertex   8.683397e+01 -1.635246e+02 2.550000e+01
      vertex   8.673407e+01 -1.579092e+02 2.525882e+01
    endloop
  endfacet
  facet normal 9.238795e-01 0.000000e+00 -3.826834e-01
    outer loop
      vertex   8.673407e+01 -1.579092e+02 2.525882e+01
      vertex   8.683397e+01 -1.635246e+02 2.550000e+01
      vertex   8.673407e+01 -1.635246e+02 2.525882e+01
    endloop
  endfacet
  facet normal 9.914449e-01 0.000000e+00 -1.305262e-01
    outer loop
      vertex   8.673407e+01 -1.579092e+02 2.525882e+01
      vertex   8.673407e+01 -1.635246e+02 2.525882e+01
      vertex   8.670000e+01 -1.691400e+02 2.500000e+01
    endloop
  endfacet
  facet normal 7.933533e-01 0.000000e+00 -6.087614e-01
    outer loop
      vertex   8.683397e+01 -1.410631e+02 2.550000e+01
      vertex   8.699289e+01 -1.466785e+02 2.570711e+01
      vertex   8.683397e+01 -1.466785e+02 2.550000e+01
    endloop
  endfacet
  facet normal 7.933533e-01 0.000000e+00 -6.087614e-01
    outer loop
      vertex   8.683397e+01 -1.466785e+02 2.550000e+01
      vertex   8.699289e+01 -1.466785e+02 2.570711e+01
      vertex   8.699289e+01 -1.522938e+02 2.570711e+01
    endloop
  endfacet
  facet normal 7.933533e-01 0.000000e+00 -6.087614e-01
    outer loop
      vertex   8.683397e+01 -1.242169e+02 2.550000e+01
      vertex   8.699289e+01 -1.242169e+02 2.570711e+01
      vertex   8.699289e+01 -1.298323e+02 2.570711e+01
    endloop
  endfacet
  facet normal 7.933533e-01 0.000000e+00 -6.087614e-01
    outer loop
      vertex   8.683397e+01 -1.242169e+02 2.550000e+01
      vertex   8.699289e+01 -1.298323e+02 2.570711e+01
      vertex   8.683397e+01 -1.298323e+02 2.550000e+01
    endloop
  endfacet
  facet normal 7.933533e-01 0.000000e+00 -6.087614e-01
    outer loop
      vertex   8.699289e+01 -1.073708e+02 2.570711e+01
      vertex   8.699289e+01 -1.129862e+02 2.570711e+01
      vertex   8.683397e+01 -1.073708e+02 2.550000e+01
    endloop
  endfacet
  facet normal 7.933533e-01 0.000000e+00 -6.087614e-01
    outer loop
      vertex   8.683397e+01 -1.073708e+02 2.550000e+01
      vertex   8.699289e+01 -1.129862e+02 2.570711e+01
      vertex   8.683397e+01 -1.129862e+02 2.550000e+01
    endloop
  endfacet
  facet normal 9.238795e-01 0.000000e+00 -3.826834e-01
    outer loop
      vertex   8.683397e+01 -1.073708e+02 2.550000e+01
      vertex   8.683397e+01 -1.129862e+02 2.550000e+01
      vertex   8.673407e+01 -1.073708e+02 2.525882e+01
    endloop
  endfacet
  facet normal 7.933533e-01 0.000000e+00 -6.087614e-01
    outer loop
      vertex   8.699289e+01 -1.579092e+02 2.570711e+01
      vertex   8.683397e+01 -1.579092e+02 2.550000e+01
      vertex   8.683397e+01 -1.522938e+02 2.550000e+01
    endloop
  endfacet
  facet normal 9.238795e-01 0.000000e+00 -3.826834e-01
    outer loop
      vertex   8.683397e+01 -1.522938e+02 2.550000e+01
      vertex   8.683397e+01 -1.579092e+02 2.550000e+01
      vertex   8.673407e+01 -1.522938e+02 2.525882e+01
    endloop
  endfacet
  facet normal 9.238795e-01 0.000000e+00 -3.826834e-01
    outer loop
      vertex   8.683397e+01 -1.522938e+02 2.550000e+01
      vertex   8.673407e+01 -1.522938e+02 2.525882e+01
      vertex   8.673407e+01 -1.466785e+02 2.525882e+01
    endloop
  endfacet
  facet normal 9.914449e-01 0.000000e+00 -1.305262e-01
    outer loop
      vertex   8.673407e+01 -1.466785e+02 2.525882e+01
      vertex   8.673407e+01 -1.522938e+02 2.525882e+01
      vertex   8.670000e+01 -1.691400e+02 2.500000e+01
    endloop
  endfacet
  facet normal 9.238795e-01 0.000000e+00 -3.826834e-01
    outer loop
      vertex   8.673407e+01 -1.522938e+02 2.525882e+01
      vertex   8.683397e+01 -1.579092e+02 2.550000e+01
      vertex   8.673407e+01 -1.579092e+02 2.525882e+01
    endloop
  endfacet
  facet normal 9.238795e-01 0.000000e+00 -3.826834e-01
    outer loop
      vertex   8.673407e+01 -1.354477e+02 2.525882e+01
      vertex   8.683397e+01 -1.410631e+02 2.550000e+01
      vertex   8.673407e+01 -1.410631e+02 2.525882e+01
    endloop
  endfacet
  facet normal 9.238795e-01 0.000000e+00 -3.826834e-01
    outer loop
      vertex   8.673407e+01 -1.410631e+02 2.525882e+01
      vertex   8.683397e+01 -1.410631e+02 2.550000e+01
      vertex   8.683397e+01 -1.466785e+02 2.550000e+01
    endloop
  endfacet
  facet normal 9.238795e-01 0.000000e+00 -3.826834e-01
    outer loop
      vertex   8.673407e+01 -1.242169e+02 2.525882e+01
      vertex   8.683397e+01 -1.242169e+02 2.550000e+01
      vertex   8.683397e+01 -1.298323e+02 2.550000e+01
    endloop
  endfacet
  facet normal 9.238795e-01 0.000000e+00 -3.826834e-01
    outer loop
      vertex   8.673407e+01 -1.242169e+02 2.525882e+01
      vertex   8.683397e+01 -1.298323e+02 2.550000e+01
      vertex   8.673407e+01 -1.298323e+02 2.525882e+01
    endloop
  endfacet
  facet normal 9.238795e-01 0.000000e+00 -3.826834e-01
    outer loop
      vertex   8.673407e+01 -1.129862e+02 2.525882e+01
      vertex   8.683397e+01 -1.186015e+02 2.550000e+01
      vertex   8.673407e+01 -1.186015e+02 2.525882e+01
    endloop
  endfacet
  facet normal 9.238795e-01 0.000000e+00 -3.826834e-01
    outer loop
      vertex   8.673407e+01 -1.017554e+02 2.525882e+01
      vertex   8.683397e+01 -1.017554e+02 2.550000e+01
      vertex   8.683397e+01 -1.073708e+02 2.550000e+01
    endloop
  endfacet
  facet normal 7.933533e-01 0.000000e+00 -6.087614e-01
    outer loop
      vertex   8.683397e+01 -1.073708e+02 2.550000e+01
      vertex   8.683397e+01 -1.017554e+02 2.550000e+01
      vertex   8.699289e+01 -1.073708e+02 2.570711e+01
    endloop
  endfacet
  facet normal 9.238795e-01 0.000000e+00 -3.826834e-01
    outer loop
      vertex   8.673407e+01 -1.017554e+02 2.525882e+01
      vertex   8.683397e+01 -1.073708e+02 2.550000e+01
      vertex   8.673407e+01 -1.073708e+02 2.525882e+01
    endloop
  endfacet
  facet normal 9.914449e-01 0.000000e+00 -1.305262e-01
    outer loop
      vertex   8.670000e+01 -1.691400e+02 2.500000e+01
      vertex   8.673407e+01 -1.522938e+02 2.525882e+01
      vertex   8.673407e+01 -1.579092e+02 2.525882e+01
    endloop
  endfacet
  facet normal 9.914449e-01 0.000000e+00 -1.305262e-01
    outer loop
      vertex   8.670000e+01 -9.614000e+01 2.500000e+01
      vertex   8.673407e+01 -1.129862e+02 2.525882e+01
      vertex   8.673407e+01 -1.186015e+02 2.525882e+01
    endloop
  endfacet
  facet normal 1.000000e+00 -0.000000e+00 0.000000e+00
    outer loop
      vertex   8.670000e+01 -1.691400e+02 2.500000e+01
      vertex   8.670000e+01 -1.691400e+02 1.450000e+01
      vertex   8.670000e+01 -9.614000e+01 2.500000e+01
    endloop
  endfacet
  facet normal 1.000000e+00 0.000000e+00 0.000000e+00
    outer loop
      vertex   8.670000e+01 -9.614000e+01 2.500000e+01
      vertex   8.670000e+01 -1.691400e+02 1.450000e+01
      vertex   8.670000e+01 -9.614000e+01 1.450000e+01
    endloop
  endfacet
  facet normal 9.961947e-01 0.000000e+00 -8.715574e-02
    outer loop
      vertex   8.663163e+01 -1.691400e+02 1.371858e+01
      vertex   8.663163e+01 -1.545400e+02 1.371858e+01
      vertex   8.670000e+01 -1.691400e+02 1.450000e+01
    endloop
  endfacet
  facet normal 9.961947e-01 0.000000e+00 -8.715574e-02
    outer loop
      vertex   8.670000e+01 -1.691400e+02 1.450000e+01
      vertex   8.663163e+01 -1.545400e+02 1.371858e+01
      vertex   8.663163e+01 -1.399400e+02 1.371858e+01
    endloop
  endfacet
  facet normal 9.961947e-01 0.000000e+00 -8.715574e-02
    outer loop
      vertex   8.670000e+01 -1.691400e+02 1.450000e+01
      vertex   8.663163e+01 -1.399400e+02 1.371858e+01
      vertex   8.663163e+01 -1.253400e+02 1.371858e+01
    endloop
  endfacet
  facet normal 9.659258e-01 0.000000e+00 -2.588190e-01
    outer loop
      vertex   8.663163e+01 -1.253400e+02 1.371858e+01
      vertex   8.663163e+01 -1.399400e+02 1.371858e+01
      vertex   8.642862e+01 -1.253400e+02 1.296091e+01
    endloop
  endfacet
  facet normal 9.659258e-01 0.000000e+00 -2.588190e-01
    outer loop
      vertex   8.663163e+01 -1.253400e+02 1.371858e+01
      vertex   8.642862e+01 -1.253400e+02 1.296091e+01
      vertex   8.642862e+01 -1.107400e+02 1.296091e+01
    endloop
  endfacet
  facet normal 9.063078e-01 0.000000e+00 -4.226183e-01
    outer loop
      vertex   8.642862e+01 -1.107400e+02 1.296091e+01
      vertex   8.642862e+01 -1.253400e+02 1.296091e+01
      vertex   8.609711e+01 -1.107400e+02 1.225000e+01
    endloop
  endfacet
  facet normal 9.063078e-01 0.000000e+00 -4.226183e-01
    outer loop
      vertex   8.642862e+01 -1.107400e+02 1.296091e+01
      vertex   8.609711e+01 -1.107400e+02 1.225000e+01
      vertex   8.609711e+01 -9.614000e+01 1.225000e+01
    endloop
  endfacet
  facet normal 8.191520e-01 0.000000e+00 -5.735764e-01
    outer loop
      vertex   8.609711e+01 -9.614000e+01 1.225000e+01
      vertex   8.609711e+01 -1.107400e+02 1.225000e+01
      vertex   8.564720e+01 -9.614000e+01 1.160746e+01
    endloop
  endfacet
  facet normal 8.191520e-01 -1.395721e-16 -5.735764e-01
    outer loop
      vertex   8.564720e+01 -9.614000e+01 1.160746e+01
      vertex   8.609711e+01 -1.107400e+02 1.225000e+01
      vertex   8.564720e+01 -1.107400e+02 1.160746e+01
    endloop
  endfacet
  facet normal 7.071068e-01 -1.720649e-16 -7.071068e-01
    outer loop
      vertex   8.564720e+01 -9.614000e+01 1.160746e+01
      vertex   8.564720e+01 -1.107400e+02 1.160746e+01
      vertex   8.509254e+01 -9.614000e+01 1.105280e+01
    endloop
  endfacet
  facet normal 7.071068e-01 0.000000e+00 -7.071068e-01
    outer loop
      vertex   8.509254e+01 -9.614000e+01 1.105280e+01
      vertex   8.564720e+01 -1.107400e+02 1.160746e+01
      vertex   8.509254e+01 -1.107400e+02 1.105280e+01
    endloop
  endfacet
  facet normal 5.735764e-01 0.000000e+00 -8.191520e-01
    outer loop
      vertex   8.509254e+01 -9.614000e+01 1.105280e+01
      vertex   8.509254e+01 -1.107400e+02 1.105280e+01
      vertex   8.445000e+01 -9.614000e+01 1.060289e+01
    endloop
  endfacet
  facet normal 5.735764e-01 0.000000e+00 -8.191520e-01
    outer loop
      vertex   8.445000e+01 -9.614000e+01 1.060289e+01
      vertex   8.509254e+01 -1.107400e+02 1.105280e+01
      vertex   8.445000e+01 -1.107400e+02 1.060289e+01
    endloop
  endfacet
  facet normal 4.226183e-01 0.000000e+00 -9.063078e-01
    outer loop
      vertex   8.445000e+01 -9.614000e+01 1.060289e+01
      vertex   8.445000e+01 -1.107400e+02 1.060289e+01
      vertex   8.373909e+01 -9.614000e+01 1.027138e+01
    endloop
  endfacet
  facet normal 4.226183e-01 0.000000e+00 -9.063078e-01
    outer loop
      vertex   8.373909e+01 -9.614000e+01 1.027138e+01
      vertex   8.445000e+01 -1.107400e+02 1.060289e+01
      vertex   8.373909e+01 -1.107400e+02 1.027138e+01
    endloop
  endfacet
  facet normal 2.588190e-01 0.000000e+00 -9.659258e-01
    outer loop
      vertex   8.373909e+01 -9.614000e+01 1.027138e+01
      vertex   8.373909e+01 -1.107400e+02 1.027138e+01
      vertex   8.298142e+01 -9.614000e+01 1.006837e+01
    endloop
  endfacet
  facet normal 2.588190e-01 1.175225e-16 -9.659258e-01
    outer loop
      vertex   8.298142e+01 -9.614000e+01 1.006837e+01
      vertex   8.373909e+01 -1.107400e+02 1.027138e+01
      vertex   8.298142e+01 -1.107400e+02 1.006837e+01
    endloop
  endfacet
  facet normal 8.715574e-02 1.212053e-16 -9.961947e-01
    outer loop
      vertex   8.298142e+01 -9.614000e+01 1.006837e+01
      vertex   8.298142e+01 -1.107400e+02 1.006837e+01
      vertex   8.220000e+01 -9.614000e+01 1.000000e+01
    endloop
  endfacet
  facet normal 8.715574e-02 0.000000e+00 -9.961947e-01
    outer loop
      vertex   8.220000e+01 -9.614000e+01 1.000000e+01
      vertex   8.298142e+01 -1.107400e+02 1.006837e+01
      vertex   8.298142e+01 -1.253400e+02 1.006837e+01
    endloop
  endfacet
  facet normal 8.715574e-02 0.000000e+00 -9.961947e-01
    outer loop
      vertex   8.220000e+01 -9.614000e+01 1.000000e+01
      vertex   8.298142e+01 -1.253400e+02 1.006837e+01
      vertex   8.298142e+01 -1.399400e+02 1.006837e+01
    endloop
  endfacet
  facet normal 2.588190e-01 0.000000e+00 -9.659258e-01
    outer loop
      vertex   8.298142e+01 -1.399400e+02 1.006837e+01
      vertex   8.298142e+01 -1.253400e+02 1.006837e+01
      vertex   8.373909e+01 -1.399400e+02 1.027138e+01
    endloop
  endfacet
  facet normal 2.588190e-01 0.000000e+00 -9.659258e-01
    outer loop
      vertex   8.298142e+01 -1.399400e+02 1.006837e+01
      vertex   8.373909e+01 -1.399400e+02 1.027138e+01
      vertex   8.373909e+01 -1.545400e+02 1.027138e+01
    endloop
  endfacet
  facet normal 4.226183e-01 0.000000e+00 -9.063078e-01
    outer loop
      vertex   8.373909e+01 -1.545400e+02 1.027138e+01
      vertex   8.373909e+01 -1.399400e+02 1.027138e+01
      vertex   8.445000e+01 -1.545400e+02 1.060289e+01
    endloop
  endfacet
  facet normal 4.226183e-01 0.000000e+00 -9.063078e-01
    outer loop
      vertex   8.373909e+01 -1.545400e+02 1.027138e+01
      vertex   8.445000e+01 -1.545400e+02 1.060289e+01
      vertex   8.445000e+01 -1.691400e+02 1.060289e+01
    endloop
  endfacet
  facet normal 5.735764e-01 0.000000e+00 -8.191520e-01
    outer loop
      vertex   8.445000e+01 -1.691400e+02 1.060289e+01
      vertex   8.445000e+01 -1.545400e+02 1.060289e+01
      vertex   8.509254e+01 -1.691400e+02 1.105280e+01
    endloop
  endfacet
  facet normal 5.735764e-01 -9.966482e-17 -8.191520e-01
    outer loop
      vertex   8.509254e+01 -1.691400e+02 1.105280e+01
      vertex   8.445000e+01 -1.545400e+02 1.060289e+01
      vertex   8.509254e+01 -1.545400e+02 1.105280e+01
    endloop
  endfacet
  facet normal 7.071068e-01 -8.603246e-17 -7.071068e-01
    outer loop
      vertex   8.509254e+01 -1.691400e+02 1.105280e+01
      vertex   8.509254e+01 -1.545400e+02 1.105280e+01
      vertex   8.564720e+01 -1.691400e+02 1.160746e+01
    endloop
  endfacet
  facet normal 7.071068e-01 8.603246e-17 -7.071068e-01
    outer loop
      vertex   8.564720e+01 -1.691400e+02 1.160746e+01
      vertex   8.509254e+01 -1.545400e+02 1.105280e+01
      vertex   8.564720e+01 -1.545400e+02 1.160746e+01
    endloop
  endfacet
  facet normal 8.191520e-01 6.978606e-17 -5.735764e-01
    outer loop
      vertex   8.564720e+01 -1.691400e+02 1.160746e+01
      vertex   8.564720e+01 -1.545400e+02 1.160746e+01
      vertex   8.609711e+01 -1.691400e+02 1.225000e+01
    endloop
  endfacet
  facet normal 8.191520e-01 0.000000e+00 -5.735764e-01
    outer loop
      vertex   8.609711e+01 -1.691400e+02 1.225000e+01
      vertex   8.564720e+01 -1.545400e+02 1.160746e+01
      vertex   8.609711e+01 -1.545400e+02 1.225000e+01
    endloop
  endfacet
  facet normal 9.063078e-01 0.000000e+00 -4.226183e-01
    outer loop
      vertex   8.609711e+01 -1.691400e+02 1.225000e+01
      vertex   8.609711e+01 -1.545400e+02 1.225000e+01
      vertex   8.642862e+01 -1.691400e+02 1.296091e+01
    endloop
  endfacet
  facet normal 9.063078e-01 0.000000e+00 -4.226183e-01
    outer loop
      vertex   8.642862e+01 -1.691400e+02 1.296091e+01
      vertex   8.609711e+01 -1.545400e+02 1.225000e+01
      vertex   8.642862e+01 -1.545400e+02 1.296091e+01
    endloop
  endfacet
  facet normal 9.659258e-01 0.000000e+00 -2.588190e-01
    outer loop
      vertex   8.642862e+01 -1.691400e+02 1.296091e+01
      vertex   8.642862e+01 -1.545400e+02 1.296091e+01
      vertex   8.663163e+01 -1.691400e+02 1.371858e+01
    endloop
  endfacet
  facet normal 9.659258e-01 0.000000e+00 -2.588190e-01
    outer loop
      vertex   8.663163e+01 -1.691400e+02 1.371858e+01
      vertex   8.642862e+01 -1.545400e+02 1.296091e+01
      vertex   8.663163e+01 -1.545400e+02 1.371858e+01
    endloop
  endfacet
  facet normal 4.226183e-01 0.000000e+00 -9.063078e-01
    outer loop
      vertex   8.445000e+01 -1.691400e+02 1.060289e+01
      vertex   8.373909e+01 -1.691400e+02 1.027138e+01
      vertex   8.373909e+01 -1.545400e+02 1.027138e+01
    endloop
  endfacet
  facet normal 2.588190e-01 0.000000e+00 -9.659258e-01
    outer loop
      vertex   8.373909e+01 -1.545400e+02 1.027138e+01
      vertex   8.373909e+01 -1.691400e+02 1.027138e+01
      vertex   8.298142e+01 -1.545400e+02 1.006837e+01
    endloop
  endfacet
  facet normal 2.588190e-01 0.000000e+00 -9.659258e-01
    outer loop
      vertex   8.373909e+01 -1.545400e+02 1.027138e+01
      vertex   8.298142e+01 -1.545400e+02 1.006837e+01
      vertex   8.298142e+01 -1.399400e+02 1.006837e+01
    endloop
  endfacet
  facet normal 8.715574e-02 0.000000e+00 -9.961947e-01
    outer loop
      vertex   8.298142e+01 -1.399400e+02 1.006837e+01
      vertex   8.298142e+01 -1.545400e+02 1.006837e+01
      vertex   8.220000e+01 -1.691400e+02 1.000000e+01
    endloop
  endfacet
  facet normal 8.715574e-02 0.000000e+00 -9.961947e-01
    outer loop
      vertex   8.298142e+01 -1.399400e+02 1.006837e+01
      vertex   8.220000e+01 -1.691400e+02 1.000000e+01
      vertex   8.220000e+01 -9.614000e+01 1.000000e+01
    endloop
  endfacet
  facet normal 2.588190e-01 -1.163322e-16 -9.659258e-01
    outer loop
      vertex   8.373909e+01 -1.691400e+02 1.027138e+01
      vertex   8.298142e+01 -1.691400e+02 1.006837e+01
      vertex   8.298142e+01 -1.545400e+02 1.006837e+01
    endloop
  endfacet
  facet normal 8.715574e-02 -1.212053e-16 -9.961947e-01
    outer loop
      vertex   8.298142e+01 -1.545400e+02 1.006837e+01
      vertex   8.298142e+01 -1.691400e+02 1.006837e+01
      vertex   8.220000e+01 -1.691400e+02 1.000000e+01
    endloop
  endfacet
  facet normal 9.063078e-01 0.000000e+00 -4.226183e-01
    outer loop
      vertex   8.609711e+01 -9.614000e+01 1.225000e+01
      vertex   8.642862e+01 -9.614000e+01 1.296091e+01
      vertex   8.642862e+01 -1.107400e+02 1.296091e+01
    endloop
  endfacet
  facet normal 9.659258e-01 0.000000e+00 -2.588190e-01
    outer loop
      vertex   8.642862e+01 -1.107400e+02 1.296091e+01
      vertex   8.642862e+01 -9.614000e+01 1.296091e+01
      vertex   8.663163e+01 -1.107400e+02 1.371858e+01
    endloop
  endfacet
  facet normal 9.659258e-01 0.000000e+00 -2.588190e-01
    outer loop
      vertex   8.642862e+01 -1.107400e+02 1.296091e+01
      vertex   8.663163e+01 -1.107400e+02 1.371858e+01
      vertex   8.663163e+01 -1.253400e+02 1.371858e+01
    endloop
  endfacet
  facet normal 9.961947e-01 0.000000e+00 -8.715574e-02
    outer loop
      vertex   8.663163e+01 -1.253400e+02 1.371858e+01
      vertex   8.663163e+01 -1.107400e+02 1.371858e+01
      vertex   8.670000e+01 -9.614000e+01 1.450000e+01
    endloop
  endfacet
  facet normal 9.961947e-01 0.000000e+00 -8.715574e-02
    outer loop
      vertex   8.663163e+01 -1.253400e+02 1.371858e+01
      vertex   8.670000e+01 -9.614000e+01 1.450000e+01
      vertex   8.670000e+01 -1.691400e+02 1.450000e+01
    endloop
  endfacet
  facet normal 9.659258e-01 0.000000e+00 -2.588190e-01
    outer loop
      vertex   8.642862e+01 -9.614000e+01 1.296091e+01
      vertex   8.663163e+01 -9.614000e+01 1.371858e+01
      vertex   8.663163e+01 -1.107400e+02 1.371858e+01
    endloop
  endfacet
  facet normal 9.961947e-01 0.000000e+00 -8.715574e-02
    outer loop
      vertex   8.663163e+01 -1.107400e+02 1.371858e+01
      vertex   8.663163e+01 -9.614000e+01 1.371858e+01
      vertex   8.670000e+01 -9.614000e+01 1.450000e+01
    endloop
  endfacet
  facet normal 9.659258e-01 0.000000e+00 -2.588190e-01
    outer loop
      vertex   8.663163e+01 -1.399400e+02 1.371858e+01
      vertex   8.663163e+01 -1.545400e+02 1.371858e+01
      vertex   8.642862e+01 -1.399400e+02 1.296091e+01
    endloop
  endfacet
  facet normal 9.659258e-01 0.000000e+00 -2.588190e-01
    outer loop
      vertex   8.642862e+01 -1.399400e+02 1.296091e+01
      vertex   8.663163e+01 -1.545400e+02 1.371858e+01
      vertex   8.642862e+01 -1.545400e+02 1.296091e+01
    endloop
  endfacet
  facet normal 9.063078e-01 0.000000e+00 -4.226183e-01
    outer loop
      vertex   8.642862e+01 -1.399400e+02 1.296091e+01
      vertex   8.642862e+01 -1.545400e+02 1.296091e+01
      vertex   8.609711e+01 -1.399400e+02 1.225000e+01
    endloop
  endfacet
  facet normal 9.063078e-01 0.000000e+00 -4.226183e-01
    outer loop
      vertex   8.609711e+01 -1.399400e+02 1.225000e+01
      vertex   8.642862e+01 -1.545400e+02 1.296091e+01
      vertex   8.609711e+01 -1.545400e+02 1.225000e+01
    endloop
  endfacet
  facet normal 8.191520e-01 0.000000e+00 -5.735764e-01
    outer loop
      vertex   8.609711e+01 -1.399400e+02 1.225000e+01
      vertex   8.609711e+01 -1.545400e+02 1.225000e+01
      vertex   8.564720e+01 -1.399400e+02 1.160746e+01
    endloop
  endfacet
  facet normal 8.191520e-01 0.000000e+00 -5.735764e-01
    outer loop
      vertex   8.564720e+01 -1.399400e+02 1.160746e+01
      vertex   8.609711e+01 -1.545400e+02 1.225000e+01
      vertex   8.564720e+01 -1.545400e+02 1.160746e+01
    endloop
  endfacet
  facet normal 7.071068e-01 0.000000e+00 -7.071068e-01
    outer loop
      vertex   8.564720e+01 -1.399400e+02 1.160746e+01
      vertex   8.564720e+01 -1.545400e+02 1.160746e+01
      vertex   8.509254e+01 -1.399400e+02 1.105280e+01
    endloop
  endfacet
  facet normal 7.071068e-01 0.000000e+00 -7.071068e-01
    outer loop
      vertex   8.509254e+01 -1.399400e+02 1.105280e+01
      vertex   8.564720e+01 -1.545400e+02 1.160746e+01
      vertex   8.509254e+01 -1.545400e+02 1.105280e+01
    endloop
  endfacet
  facet normal 5.735764e-01 0.000000e+00 -8.191520e-01
    outer loop
      vertex   8.509254e+01 -1.399400e+02 1.105280e+01
      vertex   8.509254e+01 -1.545400e+02 1.105280e+01
      vertex   8.445000e+01 -1.399400e+02 1.060289e+01
    endloop
  endfacet
  facet normal 5.735764e-01 0.000000e+00 -8.191520e-01
    outer loop
      vertex   8.445000e+01 -1.399400e+02 1.060289e+01
      vertex   8.509254e+01 -1.545400e+02 1.105280e+01
      vertex   8.445000e+01 -1.545400e+02 1.060289e+01
    endloop
  endfacet
  facet normal 4.226183e-01 0.000000e+00 -9.063078e-01
    outer loop
      vertex   8.445000e+01 -1.399400e+02 1.060289e+01
      vertex   8.445000e+01 -1.545400e+02 1.060289e+01
      vertex   8.373909e+01 -1.399400e+02 1.027138e+01
    endloop
  endfacet
  facet normal 9.659258e-01 0.000000e+00 -2.588190e-01
    outer loop
      vertex   8.663163e+01 -1.399400e+02 1.371858e+01
      vertex   8.642862e+01 -1.399400e+02 1.296091e+01
      vertex   8.642862e+01 -1.253400e+02 1.296091e+01
    endloop
  endfacet
  facet normal 9.063078e-01 0.000000e+00 -4.226183e-01
    outer loop
      vertex   8.642862e+01 -1.253400e+02 1.296091e+01
      vertex   8.642862e+01 -1.399400e+02 1.296091e+01
      vertex   8.609711e+01 -1.253400e+02 1.225000e+01
    endloop
  endfacet
  facet normal 9.063078e-01 0.000000e+00 -4.226183e-01
    outer loop
      vertex   8.642862e+01 -1.253400e+02 1.296091e+01
      vertex   8.609711e+01 -1.253400e+02 1.225000e+01
      vertex   8.609711e+01 -1.107400e+02 1.225000e+01
    endloop
  endfacet
  facet normal 8.191520e-01 0.000000e+00 -5.735764e-01
    outer loop
      vertex   8.609711e+01 -1.107400e+02 1.225000e+01
      vertex   8.609711e+01 -1.253400e+02 1.225000e+01
      vertex   8.564720e+01 -1.107400e+02 1.160746e+01
    endloop
  endfacet
  facet normal 9.063078e-01 -5.141924e-17 -4.226183e-01
    outer loop
      vertex   8.609711e+01 -1.253400e+02 1.225000e+01
      vertex   8.642862e+01 -1.399400e+02 1.296091e+01
      vertex   8.609711e+01 -1.399400e+02 1.225000e+01
    endloop
  endfacet
  facet normal 8.191520e-01 -6.978606e-17 -5.735764e-01
    outer loop
      vertex   8.609711e+01 -1.253400e+02 1.225000e+01
      vertex   8.609711e+01 -1.399400e+02 1.225000e+01
      vertex   8.564720e+01 -1.253400e+02 1.160746e+01
    endloop
  endfacet
  facet normal 8.191520e-01 0.000000e+00 -5.735764e-01
    outer loop
      vertex   8.564720e+01 -1.253400e+02 1.160746e+01
      vertex   8.609711e+01 -1.399400e+02 1.225000e+01
      vertex   8.564720e+01 -1.399400e+02 1.160746e+01
    endloop
  endfacet
  facet normal 7.071068e-01 0.000000e+00 -7.071068e-01
    outer loop
      vertex   8.564720e+01 -1.253400e+02 1.160746e+01
      vertex   8.564720e+01 -1.399400e+02 1.160746e+01
      vertex   8.509254e+01 -1.253400e+02 1.105280e+01
    endloop
  endfacet
  facet normal 7.071068e-01 0.000000e+00 -7.071068e-01
    outer loop
      vertex   8.509254e+01 -1.253400e+02 1.105280e+01
      vertex   8.564720e+01 -1.399400e+02 1.160746e+01
      vertex   8.509254e+01 -1.399400e+02 1.105280e+01
    endloop
  endfacet
  facet normal 5.735764e-01 0.000000e+00 -8.191520e-01
    outer loop
      vertex   8.509254e+01 -1.253400e+02 1.105280e+01
      vertex   8.509254e+01 -1.399400e+02 1.105280e+01
      vertex   8.445000e+01 -1.253400e+02 1.060289e+01
    endloop
  endfacet
  facet normal 5.735764e-01 0.000000e+00 -8.191520e-01
    outer loop
      vertex   8.445000e+01 -1.253400e+02 1.060289e+01
      vertex   8.509254e+01 -1.399400e+02 1.105280e+01
      vertex   8.445000e+01 -1.399400e+02 1.060289e+01
    endloop
  endfacet
  facet normal 4.226183e-01 0.000000e+00 -9.063078e-01
    outer loop
      vertex   8.445000e+01 -1.253400e+02 1.060289e+01
      vertex   8.445000e+01 -1.399400e+02 1.060289e+01
      vertex   8.373909e+01 -1.253400e+02 1.027138e+01
    endloop
  endfacet
  facet normal 4.226183e-01 0.000000e+00 -9.063078e-01
    outer loop
      vertex   8.373909e+01 -1.253400e+02 1.027138e+01
      vertex   8.445000e+01 -1.399400e+02 1.060289e+01
      vertex   8.373909e+01 -1.399400e+02 1.027138e+01
    endloop
  endfacet
  facet normal 2.588190e-01 0.000000e+00 -9.659258e-01
    outer loop
      vertex   8.373909e+01 -1.253400e+02 1.027138e+01
      vertex   8.373909e+01 -1.399400e+02 1.027138e+01
      vertex   8.298142e+01 -1.253400e+02 1.006837e+01
    endloop
  endfacet
  facet normal 7.071068e-01 0.000000e+00 -7.071068e-01
    outer loop
      vertex   8.509254e+01 -1.107400e+02 1.105280e+01
      vertex   8.564720e+01 -1.107400e+02 1.160746e+01
      vertex   8.564720e+01 -1.253400e+02 1.160746e+01
    endloop
  endfacet
  facet normal 8.191520e-01 0.000000e+00 -5.735764e-01
    outer loop
      vertex   8.564720e+01 -1.253400e+02 1.160746e+01
      vertex   8.564720e+01 -1.107400e+02 1.160746e+01
      vertex   8.609711e+01 -1.253400e+02 1.225000e+01
    endloop
  endfacet
  facet normal 7.071068e-01 0.000000e+00 -7.071068e-01
    outer loop
      vertex   8.509254e+01 -1.107400e+02 1.105280e+01
      vertex   8.564720e+01 -1.253400e+02 1.160746e+01
      vertex   8.509254e+01 -1.253400e+02 1.105280e+01
    endloop
  endfacet
  facet normal 5.735764e-01 0.000000e+00 -8.191520e-01
    outer loop
      vertex   8.445000e+01 -1.107400e+02 1.060289e+01
      vertex   8.509254e+01 -1.107400e+02 1.105280e+01
      vertex   8.509254e+01 -1.253400e+02 1.105280e+01
    endloop
  endfacet
  facet normal 5.735764e-01 0.000000e+00 -8.191520e-01
    outer loop
      vertex   8.445000e+01 -1.107400e+02 1.060289e+01
      vertex   8.509254e+01 -1.253400e+02 1.105280e+01
      vertex   8.445000e+01 -1.253400e+02 1.060289e+01
    endloop
  endfacet
  facet normal 4.226183e-01 0.000000e+00 -9.063078e-01
    outer loop
      vertex   8.373909e+01 -1.107400e+02 1.027138e+01
      vertex   8.445000e+01 -1.107400e+02 1.060289e+01
      vertex   8.445000e+01 -1.253400e+02 1.060289e+01
    endloop
  endfacet
  facet normal 4.226183e-01 0.000000e+00 -9.063078e-01
    outer loop
      vertex   8.373909e+01 -1.107400e+02 1.027138e+01
      vertex   8.445000e+01 -1.253400e+02 1.060289e+01
      vertex   8.373909e+01 -1.253400e+02 1.027138e+01
    endloop
  endfacet
  facet normal 2.588190e-01 0.000000e+00 -9.659258e-01
    outer loop
      vertex   8.298142e+01 -1.107400e+02 1.006837e+01
      vertex   8.373909e+01 -1.107400e+02 1.027138e+01
      vertex   8.373909e+01 -1.253400e+02 1.027138e+01
    endloop
  endfacet
  facet normal 2.588190e-01 0.000000e+00 -9.659258e-01
    outer loop
      vertex   8.298142e+01 -1.107400e+02 1.006837e+01
      vertex   8.373909e+01 -1.253400e+02 1.027138e+01
      vertex   8.298142e+01 -1.253400e+02 1.006837e+01
    endloop
  endfacet
  facet normal -7.152559e-08 0.000000e+00 -1.000000e+00
    outer loop
      vertex   6.970000e+01 -1.611400e+02 1.000000e+01
      vertex   6.720000e+01 -1.691400e+02 1.000000e+01
      vertex   6.970000e+01 -1.041400e+02 1.000000e+01
    endloop
  endfacet
  facet normal -7.152559e-08 0.000000e+00 -1.000000e+00
    outer loop
      vertex   6.970000e+01 -1.041400e+02 1.000000e+01
      vertex   6.720000e+01 -1.691400e+02 1.000000e+01
      vertex   6.720000e+01 -9.614000e+01 1.000000e+01
    endloop
  endfacet
  facet normal 3.552714e-16 2.235175e-08 -1.000000e+00
    outer loop
      vertex   6.970000e+01 -1.041400e+02 1.000000e+01
      vertex   6.720000e+01 -9.614000e+01 1.000000e+01
      vertex   8.220000e+01 -9.614000e+01 1.000000e+01
    endloop
  endfacet
  facet normal 3.552714e-16 -2.235175e-08 -1.000000e+00
    outer loop
      vertex   6.720000e+01 -1.691400e+02 1.000000e+01
      vertex   6.970000e+01 -1.611400e+02 1.000000e+01
      vertex   8.220000e+01 -1.691400e+02 1.000000e+01
    endloop
  endfacet
  facet normal 0.000000e+00 -2.235175e-08 -1.000000e+00
    outer loop
      vertex   8.220000e+01 -1.691400e+02 1.000000e+01
      vertex   6.970000e+01 -1.611400e+02 1.000000e+01
      vertex   7.970000e+01 -1.611400e+02 1.000000e+01
    endloop
  endfacet
  facet normal 7.152560e-08 0.000000e+00 -1.000000e+00
    outer loop
      vertex   8.220000e+01 -1.691400e+02 1.000000e+01
      vertex   7.970000e+01 -1.611400e+02 1.000000e+01
      vertex   7.970000e+01 -1.041400e+02 1.000000e+01
    endloop
  endfacet
  facet normal 7.152560e-08 0.000000e+00 -1.000000e+00
    outer loop
      vertex   8.220000e+01 -1.691400e+02 1.000000e+01
      vertex   7.970000e+01 -1.041400e+02 1.000000e+01
      vertex   8.220000e+01 -9.614000e+01 1.000000e+01
    endloop
  endfacet
  facet normal 0.000000e+00 2.235175e-08 -1.000000e+00
    outer loop
      vertex   8.220000e+01 -9.614000e+01 1.000000e+01
      vertex   7.970000e+01 -1.041400e+02 1.000000e+01
      vertex   6.970000e+01 -1.041400e+02 1.000000e+01
    endloop
  endfacet
  facet normal -1.119645e-01 0.000000e+00 9.937122e-01
    outer loop
      vertex   6.720000e+01 -1.711400e+02 1.200000e+01
      vertex   6.720000e+01 -9.614000e+01 1.200000e+01
      vertex   6.664370e+01 -1.711400e+02 1.193732e+01
    endloop
  endfacet
  facet normal -1.552343e-01 3.258246e-04 9.878776e-01
    outer loop
      vertex   6.664370e+01 -1.711400e+02 1.193732e+01
      vertex   6.720000e+01 -9.614000e+01 1.200000e+01
      vertex   6.655295e+01 -1.461400e+02 1.191481e+01
    endloop
  endfacet
  facet normal -2.407121e-01 0.000000e+00 9.705966e-01
    outer loop
      vertex   6.664370e+01 -1.711400e+02 1.193732e+01
      vertex   6.655295e+01 -1.461400e+02 1.191481e+01
      vertex   6.655295e+01 -1.586400e+02 1.191481e+01
    endloop
  endfacet
  facet normal -3.826834e-01 0.000000e+00 9.238795e-01
    outer loop
      vertex   6.655295e+01 -1.586400e+02 1.191481e+01
      vertex   6.655295e+01 -1.461400e+02 1.191481e+01
      vertex   6.595000e+01 -1.586400e+02 1.166506e+01
    endloop
  endfacet
  facet normal -3.826831e-01 1.396389e-03 9.238786e-01
    outer loop
      vertex   6.655295e+01 -1.586400e+02 1.191481e+01
      vertex   6.595000e+01 -1.586400e+02 1.166506e+01
      vertex   6.611529e+01 -1.711400e+02 1.175242e+01
    endloop
  endfacet
  facet normal -5.320317e-01 -1.117698e-03 8.467237e-01
    outer loop
      vertex   6.611529e+01 -1.711400e+02 1.175242e+01
      vertex   6.595000e+01 -1.586400e+02 1.166506e+01
      vertex   6.564128e+01 -1.711400e+02 1.145458e+01
    endloop
  endfacet
  facet normal -6.087606e-01 1.676058e-03 7.933522e-01
    outer loop
      vertex   6.564128e+01 -1.711400e+02 1.145458e+01
      vertex   6.595000e+01 -1.586400e+02 1.166506e+01
      vertex   6.543223e+01 -1.586400e+02 1.126777e+01
    endloop
  endfacet
  facet normal -7.071062e-01 -1.257557e-03 7.071062e-01
    outer loop
      vertex   6.564128e+01 -1.711400e+02 1.145458e+01
      vertex   6.543223e+01 -1.586400e+02 1.126777e+01
      vertex   6.524542e+01 -1.711400e+02 1.105872e+01
    endloop
  endfacet
  facet normal -7.933522e-01 1.676058e-03 6.087606e-01
    outer loop
      vertex   6.524542e+01 -1.711400e+02 1.105872e+01
      vertex   6.543223e+01 -1.586400e+02 1.126777e+01
      vertex   6.503494e+01 -1.586400e+02 1.075000e+01
    endloop
  endfacet
  facet normal -8.467237e-01 -1.117698e-03 5.320317e-01
    outer loop
      vertex   6.524542e+01 -1.711400e+02 1.105872e+01
      vertex   6.503494e+01 -1.586400e+02 1.075000e+01
      vertex   6.494758e+01 -1.711400e+02 1.058471e+01
    endloop
  endfacet
  facet normal -9.238786e-01 1.396389e-03 3.826831e-01
    outer loop
      vertex   6.494758e+01 -1.711400e+02 1.058471e+01
      vertex   6.503494e+01 -1.586400e+02 1.075000e+01
      vertex   6.478519e+01 -1.586400e+02 1.014705e+01
    endloop
  endfacet
  facet normal -9.438831e-01 -6.983173e-04 3.302790e-01
    outer loop
      vertex   6.494758e+01 -1.711400e+02 1.058471e+01
      vertex   6.478519e+01 -1.586400e+02 1.014705e+01
      vertex   6.476268e+01 -1.711400e+02 1.005630e+01
    endloop
  endfacet
  facet normal -9.937117e-01 9.762763e-04 1.119644e-01
    outer loop
      vertex   6.476268e+01 -1.711400e+02 1.005630e+01
      vertex   6.478519e+01 -1.586400e+02 1.014705e+01
      vertex   6.470000e+01 -1.711400e+02 9.500000e+00
    endloop
  endfacet
  facet normal -9.914449e-01 0.000000e+00 1.305262e-01
    outer loop
      vertex   6.470000e+01 -1.711400e+02 9.500000e+00
      vertex   6.478519e+01 -1.586400e+02 1.014705e+01
      vertex   6.478519e+01 -1.461400e+02 1.014705e+01
    endloop
  endfacet
  facet normal -9.914449e-01 0.000000e+00 1.305262e-01
    outer loop
      vertex   6.470000e+01 -1.711400e+02 9.500000e+00
      vertex   6.478519e+01 -1.461400e+02 1.014705e+01
      vertex   6.478519e+01 -1.336400e+02 1.014705e+01
    endloop
  endfacet
  facet normal -9.238795e-01 0.000000e+00 3.826834e-01
    outer loop
      vertex   6.478519e+01 -1.336400e+02 1.014705e+01
      vertex   6.478519e+01 -1.461400e+02 1.014705e+01
      vertex   6.503494e+01 -1.336400e+02 1.075000e+01
    endloop
  endfacet
  facet normal -9.238795e-01 0.000000e+00 3.826834e-01
    outer loop
      vertex   6.478519e+01 -1.336400e+02 1.014705e+01
      vertex   6.503494e+01 -1.336400e+02 1.075000e+01
      vertex   6.503494e+01 -1.211400e+02 1.075000e+01
    endloop
  endfacet
  facet normal -7.933533e-01 0.000000e+00 6.087614e-01
    outer loop
      vertex   6.503494e+01 -1.211400e+02 1.075000e+01
      vertex   6.503494e+01 -1.336400e+02 1.075000e+01
      vertex   6.543223e+01 -1.211400e+02 1.126777e+01
    endloop
  endfacet
  facet normal -7.933533e-01 0.000000e+00 6.087614e-01
    outer loop
      vertex   6.503494e+01 -1.211400e+02 1.075000e+01
      vertex   6.543223e+01 -1.211400e+02 1.126777e+01
      vertex   6.543223e+01 -1.086400e+02 1.126777e+01
    endloop
  endfacet
  facet normal -6.087614e-01 0.000000e+00 7.933533e-01
    outer loop
      vertex   6.543223e+01 -1.086400e+02 1.126777e+01
      vertex   6.543223e+01 -1.211400e+02 1.126777e+01
      vertex   6.595000e+01 -1.086400e+02 1.166506e+01
    endloop
  endfacet
  facet normal -6.087606e-01 -1.676058e-03 7.933522e-01
    outer loop
      vertex   6.543223e+01 -1.086400e+02 1.126777e+01
      vertex   6.595000e+01 -1.086400e+02 1.166506e+01
      vertex   6.564128e+01 -9.614000e+01 1.145458e+01
    endloop
  endfacet
  facet normal -5.320317e-01 1.117698e-03 8.467237e-01
    outer loop
      vertex   6.564128e+01 -9.614000e+01 1.145458e+01
      vertex   6.595000e+01 -1.086400e+02 1.166506e+01
      vertex   6.611529e+01 -9.614000e+01 1.175242e+01
    endloop
  endfacet
  facet normal -3.826831e-01 -1.396389e-03 9.238786e-01
    outer loop
      vertex   6.611529e+01 -9.614000e+01 1.175242e+01
      vertex   6.595000e+01 -1.086400e+02 1.166506e+01
      vertex   6.655295e+01 -1.086400e+02 1.191481e+01
    endloop
  endfacet
  facet normal -3.302790e-01 6.983173e-04 9.438831e-01
    outer loop
      vertex   6.611529e+01 -9.614000e+01 1.175242e+01
      vertex   6.655295e+01 -1.086400e+02 1.191481e+01
      vertex   6.664370e+01 -9.614000e+01 1.193732e+01
    endloop
  endfacet
  facet normal -1.119644e-01 -9.762763e-04 9.937117e-01
    outer loop
      vertex   6.664370e+01 -9.614000e+01 1.193732e+01
      vertex   6.655295e+01 -1.086400e+02 1.191481e+01
      vertex   6.720000e+01 -9.614000e+01 1.200000e+01
    endloop
  endfacet
  facet normal -1.305262e-01 0.000000e+00 9.914449e-01
    outer loop
      vertex   6.720000e+01 -9.614000e+01 1.200000e+01
      vertex   6.655295e+01 -1.086400e+02 1.191481e+01
      vertex   6.655295e+01 -1.211400e+02 1.191481e+01
    endloop
  endfacet
  facet normal -1.305262e-01 0.000000e+00 9.914449e-01
    outer loop
      vertex   6.720000e+01 -9.614000e+01 1.200000e+01
      vertex   6.655295e+01 -1.211400e+02 1.191481e+01
      vertex   6.655295e+01 -1.336400e+02 1.191481e+01
    endloop
  endfacet
  facet normal -3.826834e-01 0.000000e+00 9.238795e-01
    outer loop
      vertex   6.655295e+01 -1.336400e+02 1.191481e+01
      vertex   6.655295e+01 -1.211400e+02 1.191481e+01
      vertex   6.595000e+01 -1.336400e+02 1.166506e+01
    endloop
  endfacet
  facet normal -3.826834e-01 0.000000e+00 9.238795e-01
    outer loop
      vertex   6.655295e+01 -1.336400e+02 1.191481e+01
      vertex   6.595000e+01 -1.336400e+02 1.166506e+01
      vertex   6.595000e+01 -1.461400e+02 1.166506e+01
    endloop
  endfacet
  facet normal -6.087614e-01 0.000000e+00 7.933533e-01
    outer loop
      vertex   6.595000e+01 -1.461400e+02 1.166506e+01
      vertex   6.595000e+01 -1.336400e+02 1.166506e+01
      vertex   6.543223e+01 -1.461400e+02 1.126777e+01
    endloop
  endfacet
  facet normal -6.087614e-01 0.000000e+00 7.933533e-01
    outer loop
      vertex   6.595000e+01 -1.461400e+02 1.166506e+01
      vertex   6.543223e+01 -1.461400e+02 1.126777e+01
      vertex   6.543223e+01 -1.586400e+02 1.126777e+01
    endloop
  endfacet
  facet normal -7.933533e-01 0.000000e+00 6.087614e-01
    outer loop
      vertex   6.543223e+01 -1.586400e+02 1.126777e+01
      vertex   6.543223e+01 -1.461400e+02 1.126777e+01
      vertex   6.503494e+01 -1.586400e+02 1.075000e+01
    endloop
  endfacet
  facet normal -7.071062e-01 1.257557e-03 7.071062e-01
    outer loop
      vertex   6.564128e+01 -9.614000e+01 1.145458e+01
      vertex   6.524542e+01 -9.614000e+01 1.105872e+01
      vertex   6.543223e+01 -1.086400e+02 1.126777e+01
    endloop
  endfacet
  facet normal -7.933522e-01 -1.676058e-03 6.087606e-01
    outer loop
      vertex   6.543223e+01 -1.086400e+02 1.126777e+01
      vertex   6.524542e+01 -9.614000e+01 1.105872e+01
      vertex   6.503494e+01 -1.086400e+02 1.075000e+01
    endloop
  endfacet
  facet normal -7.933533e-01 0.000000e+00 6.087614e-01
    outer loop
      vertex   6.543223e+01 -1.086400e+02 1.126777e+01
      vertex   6.503494e+01 -1.086400e+02 1.075000e+01
      vertex   6.503494e+01 -1.211400e+02 1.075000e+01
    endloop
  endfacet
  facet normal -9.238795e-01 0.000000e+00 3.826834e-01
    outer loop
      vertex   6.503494e+01 -1.211400e+02 1.075000e+01
      vertex   6.503494e+01 -1.086400e+02 1.075000e+01
      vertex   6.478519e+01 -1.211400e+02 1.014705e+01
    endloop
  endfacet
  facet normal -9.238795e-01 0.000000e+00 3.826834e-01
    outer loop
      vertex   6.503494e+01 -1.211400e+02 1.075000e+01
      vertex   6.478519e+01 -1.211400e+02 1.014705e+01
      vertex   6.478519e+01 -1.336400e+02 1.014705e+01
    endloop
  endfacet
  facet normal -9.914449e-01 0.000000e+00 1.305262e-01
    outer loop
      vertex   6.478519e+01 -1.336400e+02 1.014705e+01
      vertex   6.478519e+01 -1.211400e+02 1.014705e+01
      vertex   6.470000e+01 -1.711400e+02 9.500000e+00
    endloop
  endfacet
  facet normal -8.467237e-01 1.117698e-03 5.320317e-01
    outer loop
      vertex   6.524542e+01 -9.614000e+01 1.105872e+01
      vertex   6.494758e+01 -9.614000e+01 1.058471e+01
      vertex   6.503494e+01 -1.086400e+02 1.075000e+01
    endloop
  endfacet
  facet normal -9.238786e-01 -1.396389e-03 3.826831e-01
    outer loop
      vertex   6.503494e+01 -1.086400e+02 1.075000e+01
      vertex   6.494758e+01 -9.614000e+01 1.058471e+01
      vertex   6.478519e+01 -1.086400e+02 1.014705e+01
    endloop
  endfacet
  facet normal -9.238795e-01 0.000000e+00 3.826834e-01
    outer loop
      vertex   6.503494e+01 -1.086400e+02 1.075000e+01
      vertex   6.478519e+01 -1.086400e+02 1.014705e+01
      vertex   6.478519e+01 -1.211400e+02 1.014705e+01
    endloop
  endfacet
  facet normal -9.705966e-01 0.000000e+00 2.407121e-01
    outer loop
      vertex   6.478519e+01 -1.211400e+02 1.014705e+01
      vertex   6.478519e+01 -1.086400e+02 1.014705e+01
      vertex   6.476268e+01 -9.614000e+01 1.005630e+01
    endloop
  endfacet
  facet normal -9.878776e-01 -3.258246e-04 1.552343e-01
    outer loop
      vertex   6.478519e+01 -1.211400e+02 1.014705e+01
      vertex   6.476268e+01 -9.614000e+01 1.005630e+01
      vertex   6.470000e+01 -1.711400e+02 9.500000e+00
    endloop
  endfacet
  facet normal -9.937122e-01 0.000000e+00 1.119645e-01
    outer loop
      vertex   6.470000e+01 -1.711400e+02 9.500000e+00
      vertex   6.476268e+01 -9.614000e+01 1.005630e+01
      vertex   6.470000e+01 -9.614000e+01 9.500000e+00
    endloop
  endfacet
  facet normal -9.438831e-01 6.983173e-04 3.302790e-01
    outer loop
      vertex   6.494758e+01 -9.614000e+01 1.058471e+01
      vertex   6.476268e+01 -9.614000e+01 1.005630e+01
      vertex   6.478519e+01 -1.086400e+02 1.014705e+01
    endloop
  endfacet
  facet normal -3.302790e-01 -6.983173e-04 9.438831e-01
    outer loop
      vertex   6.611529e+01 -1.711400e+02 1.175242e+01
      vertex   6.664370e+01 -1.711400e+02 1.193732e+01
      vertex   6.655295e+01 -1.586400e+02 1.191481e+01
    endloop
  endfacet
  facet normal -1.305262e-01 0.000000e+00 9.914449e-01
    outer loop
      vertex   6.655295e+01 -1.461400e+02 1.191481e+01
      vertex   6.720000e+01 -9.614000e+01 1.200000e+01
      vertex   6.655295e+01 -1.336400e+02 1.191481e+01
    endloop
  endfacet
  facet normal -3.826834e-01 0.000000e+00 9.238795e-01
    outer loop
      vertex   6.655295e+01 -1.211400e+02 1.191481e+01
      vertex   6.655295e+01 -1.086400e+02 1.191481e+01
      vertex   6.595000e+01 -1.211400e+02 1.166506e+01
    endloop
  endfacet
  facet normal -3.826834e-01 0.000000e+00 9.238795e-01
    outer loop
      vertex   6.595000e+01 -1.211400e+02 1.166506e+01
      vertex   6.655295e+01 -1.086400e+02 1.191481e+01
      vertex   6.595000e+01 -1.086400e+02 1.166506e+01
    endloop
  endfacet
  facet normal -6.087614e-01 0.000000e+00 7.933533e-01
    outer loop
      vertex   6.595000e+01 -1.211400e+02 1.166506e+01
      vertex   6.595000e+01 -1.086400e+02 1.166506e+01
      vertex   6.543223e+01 -1.211400e+02 1.126777e+01
    endloop
  endfacet
  facet normal -3.826834e-01 0.000000e+00 9.238795e-01
    outer loop
      vertex   6.595000e+01 -1.586400e+02 1.166506e+01
      vertex   6.655295e+01 -1.461400e+02 1.191481e+01
      vertex   6.595000e+01 -1.461400e+02 1.166506e+01
    endloop
  endfacet
  facet normal -3.826834e-01 0.000000e+00 9.238795e-01
    outer loop
      vertex   6.595000e+01 -1.461400e+02 1.166506e+01
      vertex   6.655295e+01 -1.461400e+02 1.191481e+01
      vertex   6.655295e+01 -1.336400e+02 1.191481e+01
    endloop
  endfacet
  facet normal -3.826834e-01 0.000000e+00 9.238795e-01
    outer loop
      vertex   6.655295e+01 -1.211400e+02 1.191481e+01
      vertex   6.595000e+01 -1.211400e+02 1.166506e+01
      vertex   6.595000e+01 -1.336400e+02 1.166506e+01
    endloop
  endfacet
  facet normal -6.087614e-01 0.000000e+00 7.933533e-01
    outer loop
      vertex   6.595000e+01 -1.336400e+02 1.166506e+01
      vertex   6.595000e+01 -1.211400e+02 1.166506e+01
      vertex   6.543223e+01 -1.336400e+02 1.126777e+01
    endloop
  endfacet
  facet normal -6.087614e-01 0.000000e+00 7.933533e-01
    outer loop
      vertex   6.595000e+01 -1.336400e+02 1.166506e+01
      vertex   6.543223e+01 -1.336400e+02 1.126777e+01
      vertex   6.543223e+01 -1.461400e+02 1.126777e+01
    endloop
  endfacet
  facet normal -7.933533e-01 0.000000e+00 6.087614e-01
    outer loop
      vertex   6.543223e+01 -1.461400e+02 1.126777e+01
      vertex   6.543223e+01 -1.336400e+02 1.126777e+01
      vertex   6.503494e+01 -1.461400e+02 1.075000e+01
    endloop
  endfacet
  facet normal -7.933533e-01 0.000000e+00 6.087614e-01
    outer loop
      vertex   6.543223e+01 -1.461400e+02 1.126777e+01
      vertex   6.503494e+01 -1.461400e+02 1.075000e+01
      vertex   6.503494e+01 -1.586400e+02 1.075000e+01
    endloop
  endfacet
  facet normal -9.238795e-01 0.000000e+00 3.826834e-01
    outer loop
      vertex   6.503494e+01 -1.586400e+02 1.075000e+01
      vertex   6.503494e+01 -1.461400e+02 1.075000e+01
      vertex   6.478519e+01 -1.586400e+02 1.014705e+01
    endloop
  endfacet
  facet normal -6.087614e-01 0.000000e+00 7.933533e-01
    outer loop
      vertex   6.543223e+01 -1.336400e+02 1.126777e+01
      vertex   6.595000e+01 -1.211400e+02 1.166506e+01
      vertex   6.543223e+01 -1.211400e+02 1.126777e+01
    endloop
  endfacet
  facet normal -6.087614e-01 0.000000e+00 7.933533e-01
    outer loop
      vertex   6.543223e+01 -1.586400e+02 1.126777e+01
      vertex   6.595000e+01 -1.586400e+02 1.166506e+01
      vertex   6.595000e+01 -1.461400e+02 1.166506e+01
    endloop
  endfacet
  facet normal -7.933533e-01 0.000000e+00 6.087614e-01
    outer loop
      vertex   6.503494e+01 -1.461400e+02 1.075000e+01
      vertex   6.543223e+01 -1.336400e+02 1.126777e+01
      vertex   6.503494e+01 -1.336400e+02 1.075000e+01
    endloop
  endfacet
  facet normal -7.933533e-01 0.000000e+00 6.087614e-01
    outer loop
      vertex   6.503494e+01 -1.336400e+02 1.075000e+01
      vertex   6.543223e+01 -1.336400e+02 1.126777e+01
      vertex   6.543223e+01 -1.211400e+02 1.126777e+01
    endloop
  endfacet
  facet normal -9.238795e-01 0.000000e+00 3.826834e-01
    outer loop
      vertex   6.478519e+01 -1.586400e+02 1.014705e+01
      vertex   6.503494e+01 -1.461400e+02 1.075000e+01
      vertex   6.478519e+01 -1.461400e+02 1.014705e+01
    endloop
  endfacet
  facet normal -9.238795e-01 0.000000e+00 3.826834e-01
    outer loop
      vertex   6.478519e+01 -1.461400e+02 1.014705e+01
      vertex   6.503494e+01 -1.461400e+02 1.075000e+01
      vertex   6.503494e+01 -1.336400e+02 1.075000e+01
    endloop
  endfacet
  facet normal -1.000000e+00 -0.000000e+00 -0.000000e+00
    outer loop
      vertex   6.470000e+01 -9.614000e+01 9.500000e+00
      vertex   6.470000e+01 -9.614000e+01 -4.000000e+00
      vertex   6.470000e+01 -1.711400e+02 9.500000e+00
    endloop
  endfacet
  facet normal -1.000000e+00 0.000000e+00 0.000000e+00
    outer loop
      vertex   6.470000e+01 -1.711400e+02 9.500000e+00
      vertex   6.470000e+01 -9.614000e+01 -4.000000e+00
      vertex   6.470000e+01 -1.711400e+02 -4.000000e+00
    endloop
  endfacet
  facet normal 0.000000e+00 0.000000e+00 -1.000000e+00
    outer loop
      vertex   6.470000e+01 -9.614000e+01 -4.000000e+00
      vertex   1.681000e+02 -9.614000e+01 -4.000000e+00
      vertex   6.470000e+01 -1.711400e+02 -4.000000e+00
    endloop
  endfacet
  facet normal 0.000000e+00 0.000000e+00 -1.000000e+00
    outer loop
      vertex   6.470000e+01 -1.711400e+02 -4.000000e+00
      vertex   1.681000e+02 -9.614000e+01 -4.000000e+00
      vertex   1.681000e+02 -1.711400e+02 -4.000000e+00
    endloop
  endfacet
  facet normal 1.000000e+00 0.000000e+00 -0.000000e+00
    outer loop
      vertex   1.681000e+02 -9.614000e+01 -4.000000e+00
      vertex   1.681000e+02 -9.614000e+01 2.850000e+01
      vertex   1.681000e+02 -1.711400e+02 -4.000000e+00
    endloop
  endfacet
  facet normal 1.000000e+00 0.000000e+00 0.000000e+00
    outer loop
      vertex   1.681000e+02 -1.711400e+02 -4.000000e+00
      vertex   1.681000e+02 -9.614000e+01 2.850000e+01
      vertex   1.681000e+02 -1.711400e+02 2.850000e+01
    endloop
  endfacet
  facet normal 9.914449e-01 0.000000e+00 1.305262e-01
    outer loop
      vertex   1.681000e+02 -9.614000e+01 2.850000e+01
      vertex   1.680319e+02 -1.389971e+02 2.901764e+01
      vertex   1.681000e+02 -1.711400e+02 2.850000e+01
    endloop
  endfacet
  facet normal 9.914449e-01 0.000000e+00 1.305262e-01
    outer loop
      vertex   1.681000e+02 -1.711400e+02 2.850000e+01
      vertex   1.680319e+02 -1.389971e+02 2.901764e+01
      vertex   1.680319e+02 -1.497114e+02 2.901764e+01
    endloop
  endfacet
  facet normal 9.914449e-01 0.000000e+00 1.305262e-01
    outer loop
      vertex   1.681000e+02 -1.711400e+02 2.850000e+01
      vertex   1.680319e+02 -1.497114e+02 2.901764e+01
      vertex   1.680319e+02 -1.604257e+02 2.901764e+01
    endloop
  endfacet
  facet normal 9.238795e-01 -0.000000e+00 3.826834e-01
    outer loop
      vertex   1.680319e+02 -1.604257e+02 2.901764e+01
      vertex   1.680319e+02 -1.497114e+02 2.901764e+01
      vertex   1.678321e+02 -1.604257e+02 2.950000e+01
    endloop
  endfacet
  facet normal 9.238795e-01 -1.265230e-16 3.826834e-01
    outer loop
      vertex   1.680319e+02 -1.604257e+02 2.901764e+01
      vertex   1.678321e+02 -1.604257e+02 2.950000e+01
      vertex   1.678321e+02 -1.711400e+02 2.950000e+01
    endloop
  endfacet
  facet normal 7.933533e-01 -2.018571e-16 6.087614e-01
    outer loop
      vertex   1.678321e+02 -1.711400e+02 2.950000e+01
      vertex   1.678321e+02 -1.604257e+02 2.950000e+01
      vertex   1.675142e+02 -1.711400e+02 2.991421e+01
    endloop
  endfacet
  facet normal 7.933533e-01 -2.018571e-16 6.087614e-01
    outer loop
      vertex   1.675142e+02 -1.711400e+02 2.991421e+01
      vertex   1.678321e+02 -1.604257e+02 2.950000e+01
      vertex   1.675142e+02 -1.604257e+02 2.991421e+01
    endloop
  endfacet
  facet normal 6.087614e-01 -2.630653e-16 7.933533e-01
    outer loop
      vertex   1.675142e+02 -1.711400e+02 2.991421e+01
      vertex   1.675142e+02 -1.604257e+02 2.991421e+01
      vertex   1.671000e+02 -1.711400e+02 3.023205e+01
    endloop
  endfacet
  facet normal 6.087614e-01 -0.000000e+00 7.933533e-01
    outer loop
      vertex   1.671000e+02 -1.711400e+02 3.023205e+01
      vertex   1.675142e+02 -1.604257e+02 2.991421e+01
      vertex   1.671000e+02 -1.604257e+02 3.023205e+01
    endloop
  endfacet
  facet normal 3.826834e-01 -0.000000e+00 9.238795e-01
    outer loop
      vertex   1.671000e+02 -1.711400e+02 3.023205e+01
      vertex   1.671000e+02 -1.604257e+02 3.023205e+01
      vertex   1.666176e+02 -1.711400e+02 3.043185e+01
    endloop
  endfacet
  facet normal 3.826834e-01 -0.000000e+00 9.238795e-01
    outer loop
      vertex   1.666176e+02 -1.711400e+02 3.043185e+01
      vertex   1.671000e+02 -1.604257e+02 3.023205e+01
      vertex   1.666176e+02 -1.604257e+02 3.043185e+01
    endloop
  endfacet
  facet normal 1.305262e-01 -0.000000e+00 9.914449e-01
    outer loop
      vertex   1.666176e+02 -1.711400e+02 3.043185e+01
      vertex   1.666176e+02 -1.604257e+02 3.043185e+01
      vertex   1.661000e+02 -1.711400e+02 3.050000e+01
    endloop
  endfacet
  facet normal 1.305262e-01 0.000000e+00 9.914449e-01
    outer loop
      vertex   1.661000e+02 -1.711400e+02 3.050000e+01
      vertex   1.666176e+02 -1.604257e+02 3.043185e+01
      vertex   1.666176e+02 -1.497114e+02 3.043185e+01
    endloop
  endfacet
  facet normal 1.305262e-01 0.000000e+00 9.914449e-01
    outer loop
      vertex   1.661000e+02 -1.711400e+02 3.050000e+01
      vertex   1.666176e+02 -1.497114e+02 3.043185e+01
      vertex   1.666176e+02 -1.389971e+02 3.043185e+01
    endloop
  endfacet
  facet normal 3.826834e-01 0.000000e+00 9.238795e-01
    outer loop
      vertex   1.666176e+02 -1.389971e+02 3.043185e+01
      vertex   1.666176e+02 -1.497114e+02 3.043185e+01
      vertex   1.671000e+02 -1.389971e+02 3.023205e+01
    endloop
  endfacet
  facet normal 3.826834e-01 0.000000e+00 9.238795e-01
    outer loop
      vertex   1.666176e+02 -1.389971e+02 3.043185e+01
      vertex   1.671000e+02 -1.389971e+02 3.023205e+01
      vertex   1.671000e+02 -1.282829e+02 3.023205e+01
    endloop
  endfacet
  facet normal 6.087614e-01 0.000000e+00 7.933533e-01
    outer loop
      vertex   1.671000e+02 -1.282829e+02 3.023205e+01
      vertex   1.671000e+02 -1.389971e+02 3.023205e+01
      vertex   1.675142e+02 -1.282829e+02 2.991421e+01
    endloop
  endfacet
  facet normal 6.087614e-01 0.000000e+00 7.933533e-01
    outer loop
      vertex   1.671000e+02 -1.282829e+02 3.023205e+01
      vertex   1.675142e+02 -1.282829e+02 2.991421e+01
      vertex   1.675142e+02 -1.175686e+02 2.991421e+01
    endloop
  endfacet
  facet normal 7.933533e-01 0.000000e+00 6.087614e-01
    outer loop
      vertex   1.675142e+02 -1.175686e+02 2.991421e+01
      vertex   1.675142e+02 -1.282829e+02 2.991421e+01
      vertex   1.678321e+02 -1.175686e+02 2.950000e+01
    endloop
  endfacet
  facet normal 7.933533e-01 0.000000e+00 6.087614e-01
    outer loop
      vertex   1.675142e+02 -1.175686e+02 2.991421e+01
      vertex   1.678321e+02 -1.175686e+02 2.950000e+01
      vertex   1.678321e+02 -1.068543e+02 2.950000e+01
    endloop
  endfacet
  facet normal 9.238795e-01 0.000000e+00 3.826834e-01
    outer loop
      vertex   1.678321e+02 -1.068543e+02 2.950000e+01
      vertex   1.678321e+02 -1.175686e+02 2.950000e+01
      vertex   1.680319e+02 -1.068543e+02 2.901764e+01
    endloop
  endfacet
  facet normal 9.238795e-01 0.000000e+00 3.826834e-01
    outer loop
      vertex   1.678321e+02 -1.068543e+02 2.950000e+01
      vertex   1.680319e+02 -1.068543e+02 2.901764e+01
      vertex   1.680319e+02 -9.614000e+01 2.901764e+01
    endloop
  endfacet
  facet normal 9.914449e-01 0.000000e+00 1.305262e-01
    outer loop
      vertex   1.680319e+02 -9.614000e+01 2.901764e+01
      vertex   1.680319e+02 -1.068543e+02 2.901764e+01
      vertex   1.681000e+02 -9.614000e+01 2.850000e+01
    endloop
  endfacet
  facet normal 9.914449e-01 0.000000e+00 1.305262e-01
    outer loop
      vertex   1.681000e+02 -9.614000e+01 2.850000e+01
      vertex   1.680319e+02 -1.068543e+02 2.901764e+01
      vertex   1.680319e+02 -1.175686e+02 2.901764e+01
    endloop
  endfacet
  facet normal 9.914449e-01 0.000000e+00 1.305262e-01
    outer loop
      vertex   1.681000e+02 -9.614000e+01 2.850000e+01
      vertex   1.680319e+02 -1.175686e+02 2.901764e+01
      vertex   1.680319e+02 -1.282829e+02 2.901764e+01
    endloop
  endfacet
  facet normal 9.238795e-01 -0.000000e+00 3.826834e-01
    outer loop
      vertex   1.680319e+02 -1.282829e+02 2.901764e+01
      vertex   1.680319e+02 -1.175686e+02 2.901764e+01
      vertex   1.678321e+02 -1.282829e+02 2.950000e+01
    endloop
  endfacet
  facet normal 9.238795e-01 0.000000e+00 3.826834e-01
    outer loop
      vertex   1.680319e+02 -1.282829e+02 2.901764e+01
      vertex   1.678321e+02 -1.282829e+02 2.950000e+01
      vertex   1.678321e+02 -1.389971e+02 2.950000e+01
    endloop
  endfacet
  facet normal 7.933533e-01 -0.000000e+00 6.087614e-01
    outer loop
      vertex   1.678321e+02 -1.389971e+02 2.950000e+01
      vertex   1.678321e+02 -1.282829e+02 2.950000e+01
      vertex   1.675142e+02 -1.389971e+02 2.991421e+01
    endloop
  endfacet
  facet normal 7.933533e-01 0.000000e+00 6.087614e-01
    outer loop
      vertex   1.678321e+02 -1.389971e+02 2.950000e+01
      vertex   1.675142e+02 -1.389971e+02 2.991421e+01
      vertex   1.675142e+02 -1.497114e+02 2.991421e+01
    endloop
  endfacet
  facet normal 6.087614e-01 -0.000000e+00 7.933533e-01
    outer loop
      vertex   1.675142e+02 -1.497114e+02 2.991421e+01
      vertex   1.675142e+02 -1.389971e+02 2.991421e+01
      vertex   1.671000e+02 -1.497114e+02 3.023205e+01
    endloop
  endfacet
  facet normal 6.087614e-01 0.000000e+00 7.933533e-01
    outer loop
      vertex   1.675142e+02 -1.497114e+02 2.991421e+01
      vertex   1.671000e+02 -1.497114e+02 3.023205e+01
      vertex   1.671000e+02 -1.604257e+02 3.023205e+01
    endloop
  endfacet
  facet normal 3.826834e-01 -0.000000e+00 9.238795e-01
    outer loop
      vertex   1.671000e+02 -1.604257e+02 3.023205e+01
      vertex   1.671000e+02 -1.497114e+02 3.023205e+01
      vertex   1.666176e+02 -1.604257e+02 3.043185e+01
    endloop
  endfacet
  facet normal 9.238795e-01 1.265230e-16 3.826834e-01
    outer loop
      vertex   1.680319e+02 -9.614000e+01 2.901764e+01
      vertex   1.678321e+02 -9.614000e+01 2.950000e+01
      vertex   1.678321e+02 -1.068543e+02 2.950000e+01
    endloop
  endfacet
  facet normal 7.933533e-01 2.018571e-16 6.087614e-01
    outer loop
      vertex   1.678321e+02 -1.068543e+02 2.950000e+01
      vertex   1.678321e+02 -9.614000e+01 2.950000e+01
      vertex   1.675142e+02 -1.068543e+02 2.991421e+01
    endloop
  endfacet
  facet normal 7.933533e-01 0.000000e+00 6.087614e-01
    outer loop
      vertex   1.678321e+02 -1.068543e+02 2.950000e+01
      vertex   1.675142e+02 -1.068543e+02 2.991421e+01
      vertex   1.675142e+02 -1.175686e+02 2.991421e+01
    endloop
  endfacet
  facet normal 6.087614e-01 -0.000000e+00 7.933533e-01
    outer loop
      vertex   1.675142e+02 -1.175686e+02 2.991421e+01
      vertex   1.675142e+02 -1.068543e+02 2.991421e+01
      vertex   1.671000e+02 -1.175686e+02 3.023205e+01
    endloop
  endfacet
  facet normal 6.087614e-01 0.000000e+00 7.933533e-01
    outer loop
      vertex   1.675142e+02 -1.175686e+02 2.991421e+01
      vertex   1.671000e+02 -1.175686e+02 3.023205e+01
      vertex   1.671000e+02 -1.282829e+02 3.023205e+01
    endloop
  endfacet
  facet normal 3.826834e-01 -0.000000e+00 9.238795e-01
    outer loop
      vertex   1.671000e+02 -1.282829e+02 3.023205e+01
      vertex   1.671000e+02 -1.175686e+02 3.023205e+01
      vertex   1.666176e+02 -1.282829e+02 3.043185e+01
    endloop
  endfacet
  facet normal 3.826834e-01 0.000000e+00 9.238795e-01
    outer loop
      vertex   1.671000e+02 -1.282829e+02 3.023205e+01
      vertex   1.666176e+02 -1.282829e+02 3.043185e+01
      vertex   1.666176e+02 -1.389971e+02 3.043185e+01
    endloop
  endfacet
  facet normal 1.305262e-01 -0.000000e+00 9.914449e-01
    outer loop
      vertex   1.666176e+02 -1.389971e+02 3.043185e+01
      vertex   1.666176e+02 -1.282829e+02 3.043185e+01
      vertex   1.661000e+02 -1.711400e+02 3.050000e+01
    endloop
  endfacet
  facet normal 7.933533e-01 1.984675e-16 6.087614e-01
    outer loop
      vertex   1.678321e+02 -9.614000e+01 2.950000e+01
      vertex   1.675142e+02 -9.614000e+01 2.991421e+01
      vertex   1.675142e+02 -1.068543e+02 2.991421e+01
    endloop
  endfacet
  facet normal 6.087614e-01 2.630653e-16 7.933533e-01
    outer loop
      vertex   1.675142e+02 -1.068543e+02 2.991421e+01
      vertex   1.675142e+02 -9.614000e+01 2.991421e+01
      vertex   1.671000e+02 -1.068543e+02 3.023205e+01
    endloop
  endfacet
  facet normal 6.087614e-01 0.000000e+00 7.933533e-01
    outer loop
      vertex   1.675142e+02 -1.068543e+02 2.991421e+01
      vertex   1.671000e+02 -1.068543e+02 3.023205e+01
      vertex   1.671000e+02 -1.175686e+02 3.023205e+01
    endloop
  endfacet
  facet normal 3.826834e-01 -0.000000e+00 9.238795e-01
    outer loop
      vertex   1.671000e+02 -1.175686e+02 3.023205e+01
      vertex   1.671000e+02 -1.068543e+02 3.023205e+01
      vertex   1.666176e+02 -1.175686e+02 3.043185e+01
    endloop
  endfacet
  facet normal 3.826834e-01 0.000000e+00 9.238795e-01
    outer loop
      vertex   1.671000e+02 -1.175686e+02 3.023205e+01
      vertex   1.666176e+02 -1.175686e+02 3.043185e+01
      vertex   1.666176e+02 -1.282829e+02 3.043185e+01
    endloop
  endfacet
  facet normal 1.305262e-01 -0.000000e+00 9.914449e-01
    outer loop
      vertex   1.666176e+02 -1.282829e+02 3.043185e+01
      vertex   1.666176e+02 -1.175686e+02 3.043185e+01
      vertex   1.661000e+02 -9.614000e+01 3.050000e+01
    endloop
  endfacet
  facet normal 1.305262e-01 0.000000e+00 9.914449e-01
    outer loop
      vertex   1.666176e+02 -1.282829e+02 3.043185e+01
      vertex   1.661000e+02 -9.614000e+01 3.050000e+01
      vertex   1.661000e+02 -1.711400e+02 3.050000e+01
    endloop
  endfacet
  facet normal 6.087614e-01 0.000000e+00 7.933533e-01
    outer loop
      vertex   1.675142e+02 -9.614000e+01 2.991421e+01
      vertex   1.671000e+02 -9.614000e+01 3.023205e+01
      vertex   1.671000e+02 -1.068543e+02 3.023205e+01
    endloop
  endfacet
  facet normal 3.826834e-01 -0.000000e+00 9.238795e-01
    outer loop
      vertex   1.671000e+02 -1.068543e+02 3.023205e+01
      vertex   1.671000e+02 -9.614000e+01 3.023205e+01
      vertex   1.666176e+02 -1.068543e+02 3.043185e+01
    endloop
  endfacet
  facet normal 3.826834e-01 0.000000e+00 9.238795e-01
    outer loop
      vertex   1.671000e+02 -1.068543e+02 3.023205e+01
      vertex   1.666176e+02 -1.068543e+02 3.043185e+01
      vertex   1.666176e+02 -1.175686e+02 3.043185e+01
    endloop
  endfacet
  facet normal 1.305262e-01 -0.000000e+00 9.914449e-01
    outer loop
      vertex   1.666176e+02 -1.175686e+02 3.043185e+01
      vertex   1.666176e+02 -1.068543e+02 3.043185e+01
      vertex   1.661000e+02 -9.614000e+01 3.050000e+01
    endloop
  endfacet
  facet normal 3.826834e-01 0.000000e+00 9.238795e-01
    outer loop
      vertex   1.671000e+02 -9.614000e+01 3.023205e+01
      vertex   1.666176e+02 -9.614000e+01 3.043185e+01
      vertex   1.666176e+02 -1.068543e+02 3.043185e+01
    endloop
  endfacet
  facet normal 1.305262e-01 -0.000000e+00 9.914449e-01
    outer loop
      vertex   1.666176e+02 -1.068543e+02 3.043185e+01
      vertex   1.666176e+02 -9.614000e+01 3.043185e+01
      vertex   1.661000e+02 -9.614000e+01 3.050000e+01
    endloop
  endfacet
  facet normal 9.238795e-01 0.000000e+00 3.826834e-01
    outer loop
      vertex   1.678321e+02 -1.711400e+02 2.950000e+01
      vertex   1.680319e+02 -1.711400e+02 2.901764e+01
      vertex   1.680319e+02 -1.604257e+02 2.901764e+01
    endloop
  endfacet
  facet normal 9.914449e-01 0.000000e+00 1.305262e-01
    outer loop
      vertex   1.680319e+02 -1.604257e+02 2.901764e+01
      vertex   1.680319e+02 -1.711400e+02 2.901764e+01
      vertex   1.681000e+02 -1.711400e+02 2.850000e+01
    endloop
  endfacet
  facet normal 9.914449e-01 -0.000000e+00 1.305262e-01
    outer loop
      vertex   1.680319e+02 -1.389971e+02 2.901764e+01
      vertex   1.681000e+02 -9.614000e+01 2.850000e+01
      vertex   1.680319e+02 -1.282829e+02 2.901764e+01
    endloop
  endfacet
  facet normal 9.238795e-01 -0.000000e+00 3.826834e-01
    outer loop
      vertex   1.678321e+02 -1.282829e+02 2.950000e+01
      vertex   1.680319e+02 -1.175686e+02 2.901764e+01
      vertex   1.678321e+02 -1.175686e+02 2.950000e+01
    endloop
  endfacet
  facet normal 9.238795e-01 0.000000e+00 3.826834e-01
    outer loop
      vertex   1.678321e+02 -1.175686e+02 2.950000e+01
      vertex   1.680319e+02 -1.175686e+02 2.901764e+01
      vertex   1.680319e+02 -1.068543e+02 2.901764e+01
    endloop
  endfacet
  facet normal 9.238795e-01 0.000000e+00 3.826834e-01
    outer loop
      vertex   1.680319e+02 -1.282829e+02 2.901764e+01
      vertex   1.678321e+02 -1.389971e+02 2.950000e+01
      vertex   1.680319e+02 -1.389971e+02 2.901764e+01
    endloop
  endfacet
  facet normal 9.238795e-01 0.000000e+00 3.826834e-01
    outer loop
      vertex   1.680319e+02 -1.389971e+02 2.901764e+01
      vertex   1.678321e+02 -1.389971e+02 2.950000e+01
      vertex   1.678321e+02 -1.497114e+02 2.950000e+01
    endloop
  endfacet
  facet normal 9.238795e-01 0.000000e+00 3.826834e-01
    outer loop
      vertex   1.680319e+02 -1.389971e+02 2.901764e+01
      vertex   1.678321e+02 -1.497114e+02 2.950000e+01
      vertex   1.680319e+02 -1.497114e+02 2.901764e+01
    endloop
  endfacet
  facet normal 9.238795e-01 0.000000e+00 3.826834e-01
    outer loop
      vertex   1.680319e+02 -1.497114e+02 2.901764e+01
      vertex   1.678321e+02 -1.497114e+02 2.950000e+01
      vertex   1.678321e+02 -1.604257e+02 2.950000e+01
    endloop
  endfacet
  facet normal 7.933533e-01 -0.000000e+00 6.087614e-01
    outer loop
      vertex   1.675142e+02 -1.389971e+02 2.991421e+01
      vertex   1.678321e+02 -1.282829e+02 2.950000e+01
      vertex   1.675142e+02 -1.282829e+02 2.991421e+01
    endloop
  endfacet
  facet normal 7.933533e-01 0.000000e+00 6.087614e-01
    outer loop
      vertex   1.675142e+02 -1.282829e+02 2.991421e+01
      vertex   1.678321e+02 -1.282829e+02 2.950000e+01
      vertex   1.678321e+02 -1.175686e+02 2.950000e+01
    endloop
  endfacet
  facet normal 7.933533e-01 0.000000e+00 6.087614e-01
    outer loop
      vertex   1.675142e+02 -1.604257e+02 2.991421e+01
      vertex   1.678321e+02 -1.604257e+02 2.950000e+01
      vertex   1.678321e+02 -1.497114e+02 2.950000e+01
    endloop
  endfacet
  facet normal 7.933533e-01 -0.000000e+00 6.087614e-01
    outer loop
      vertex   1.675142e+02 -1.604257e+02 2.991421e+01
      vertex   1.678321e+02 -1.497114e+02 2.950000e+01
      vertex   1.675142e+02 -1.497114e+02 2.991421e+01
    endloop
  endfacet
  facet normal 7.933533e-01 0.000000e+00 6.087614e-01
    outer loop
      vertex   1.675142e+02 -1.497114e+02 2.991421e+01
      vertex   1.678321e+02 -1.497114e+02 2.950000e+01
      vertex   1.678321e+02 -1.389971e+02 2.950000e+01
    endloop
  endfacet
  facet normal 6.087614e-01 -0.000000e+00 7.933533e-01
    outer loop
      vertex   1.671000e+02 -1.497114e+02 3.023205e+01
      vertex   1.675142e+02 -1.389971e+02 2.991421e+01
      vertex   1.671000e+02 -1.389971e+02 3.023205e+01
    endloop
  endfacet
  facet normal 6.087614e-01 0.000000e+00 7.933533e-01
    outer loop
      vertex   1.671000e+02 -1.389971e+02 3.023205e+01
      vertex   1.675142e+02 -1.389971e+02 2.991421e+01
      vertex   1.675142e+02 -1.282829e+02 2.991421e+01
    endloop
  endfacet
  facet normal 6.087614e-01 0.000000e+00 7.933533e-01
    outer loop
      vertex   1.671000e+02 -1.604257e+02 3.023205e+01
      vertex   1.675142e+02 -1.604257e+02 2.991421e+01
      vertex   1.675142e+02 -1.497114e+02 2.991421e+01
    endloop
  endfacet
  facet normal 3.826834e-01 -0.000000e+00 9.238795e-01
    outer loop
      vertex   1.666176e+02 -1.604257e+02 3.043185e+01
      vertex   1.671000e+02 -1.497114e+02 3.023205e+01
      vertex   1.666176e+02 -1.497114e+02 3.043185e+01
    endloop
  endfacet
  facet normal 3.826834e-01 0.000000e+00 9.238795e-01
    outer loop
      vertex   1.666176e+02 -1.497114e+02 3.043185e+01
      vertex   1.671000e+02 -1.497114e+02 3.023205e+01
      vertex   1.671000e+02 -1.389971e+02 3.023205e+01
    endloop
  endfacet
  facet normal -6.630025e-15 1.403314e-15 1.000000e+00
    outer loop
      vertex   1.444373e+02 -1.533297e+02 3.050000e+01
      vertex   1.443000e+02 -1.337251e+02 3.050000e+01
      vertex   1.443000e+02 -1.539784e+02 3.050000e+01
    endloop
  endfacet
  facet normal -2.961872e-08 1.403646e-15 1.000000e+00
    outer loop
      vertex   1.443000e+02 -1.539784e+02 3.050000e+01
      vertex   1.443000e+02 -1.337251e+02 3.050000e+01
      vertex   1.387000e+02 -1.711400e+02 3.050000e+01
    endloop
  endfacet
  facet normal -2.961872e-08 -2.450614e-18 1.000000e+00
    outer loop
      vertex   1.443000e+02 -1.539784e+02 3.050000e+01
      vertex   1.387000e+02 -1.711400e+02 3.050000e+01
      vertex   1.443000e+02 -1.567251e+02 3.050000e+01
    endloop
  endfacet
  facet normal -1.888455e-08 -4.170079e-09 1.000000e+00
    outer loop
      vertex   1.443000e+02 -1.567251e+02 3.050000e+01
      vertex   1.387000e+02 -1.711400e+02 3.050000e+01
      vertex   1.444723e+02 -1.575051e+02 3.050000e+01
    endloop
  endfacet
  facet normal -1.624477e-08 -5.287619e-09 1.000000e+00
    outer loop
      vertex   1.444723e+02 -1.575051e+02 3.050000e+01
      vertex   1.387000e+02 -1.711400e+02 3.050000e+01
      vertex   1.447194e+02 -1.582646e+02 3.050000e+01
    endloop
  endfacet
  facet normal -1.425745e-08 -6.216717e-09 1.000000e+00
    outer loop
      vertex   1.447194e+02 -1.582646e+02 3.050000e+01
      vertex   1.387000e+02 -1.711400e+02 3.050000e+01
      vertex   1.450382e+02 -1.589955e+02 3.050000e+01
    endloop
  endfacet
  facet normal -1.266035e-08 -7.050235e-09 1.000000e+00
    outer loop
      vertex   1.450382e+02 -1.589955e+02 3.050000e+01
      vertex   1.387000e+02 -1.711400e+02 3.050000e+01
      vertex   1.454250e+02 -1.596902e+02 3.050000e+01
    endloop
  endfacet
  facet normal -1.177428e-08 -7.570666e-09 1.000000e+00
    outer loop
      vertex   1.454250e+02 -1.596902e+02 3.050000e+01
      vertex   1.387000e+02 -1.711400e+02 3.050000e+01
      vertex   1.455480e+02 -1.598815e+02 3.050000e+01
    endloop
  endfacet
  facet normal -1.095612e-08 -8.068308e-09 1.000000e+00
    outer loop
      vertex   1.455480e+02 -1.598815e+02 3.050000e+01
      vertex   1.387000e+02 -1.711400e+02 3.050000e+01
      vertex   1.461520e+02 -1.607016e+02 3.050000e+01
    endloop
  endfacet
  facet normal -9.574970e-09 -9.054318e-09 1.000000e+00
    outer loop
      vertex   1.461520e+02 -1.607016e+02 3.050000e+01
      vertex   1.387000e+02 -1.711400e+02 3.050000e+01
      vertex   1.468497e+02 -1.614395e+02 3.050000e+01
    endloop
  endfacet
  facet normal -8.306697e-09 -1.011984e-08 1.000000e+00
    outer loop
      vertex   1.468497e+02 -1.614395e+02 3.050000e+01
      vertex   1.387000e+02 -1.711400e+02 3.050000e+01
      vertex   1.476352e+02 -1.620842e+02 3.050000e+01
    endloop
  endfacet
  facet normal -7.116657e-09 -1.129404e-08 1.000000e+00
    outer loop
      vertex   1.476352e+02 -1.620842e+02 3.050000e+01
      vertex   1.387000e+02 -1.711400e+02 3.050000e+01
      vertex   1.484964e+02 -1.626269e+02 3.050000e+01
    endloop
  endfacet
  facet normal -5.950972e-09 -1.263543e-08 1.000000e+00
    outer loop
      vertex   1.484964e+02 -1.626269e+02 3.050000e+01
      vertex   1.387000e+02 -1.711400e+02 3.050000e+01
      vertex   1.494182e+02 -1.630610e+02 3.050000e+01
    endloop
  endfacet
  facet normal -4.712362e-09 -1.427867e-08 1.000000e+00
    outer loop
      vertex   1.494182e+02 -1.630610e+02 3.050000e+01
      vertex   1.387000e+02 -1.711400e+02 3.050000e+01
      vertex   1.503856e+02 -1.633803e+02 3.050000e+01
    endloop
  endfacet
  facet normal -3.265483e-09 -1.645759e-08 1.000000e+00
    outer loop
      vertex   1.503856e+02 -1.633803e+02 3.050000e+01
      vertex   1.387000e+02 -1.711400e+02 3.050000e+01
      vertex   1.513837e+02 -1.635784e+02 3.050000e+01
    endloop
  endfacet
  facet normal -1.364325e-09 -1.964655e-08 1.000000e+00
    outer loop
      vertex   1.513837e+02 -1.635784e+02 3.050000e+01
      vertex   1.387000e+02 -1.711400e+02 3.050000e+01
      vertex   1.523974e+02 -1.636488e+02 3.050000e+01
    endloop
  endfacet
  facet normal 0.000000e+00 -2.214115e-08 1.000000e+00
    outer loop
      vertex   1.523974e+02 -1.636488e+02 3.050000e+01
      vertex   1.387000e+02 -1.711400e+02 3.050000e+01
      vertex   1.661000e+02 -1.711400e+02 3.050000e+01
    endloop
  endfacet
  facet normal 1.259850e-09 -1.983670e-08 1.000000e+00
    outer loop
      vertex   1.523974e+02 -1.636488e+02 3.050000e+01
      vertex   1.661000e+02 -1.711400e+02 3.050000e+01
      vertex   1.534895e+02 -1.635794e+02 3.050000e+01
    endloop
  endfacet
  facet normal 3.281956e-09 -1.646397e-08 1.000000e+00
    outer loop
      vertex   1.534895e+02 -1.635794e+02 3.050000e+01
      vertex   1.661000e+02 -1.711400e+02 3.050000e+01
      vertex   1.545629e+02 -1.633654e+02 3.050000e+01
    endloop
  endfacet
  facet normal 4.822768e-09 -1.417747e-08 1.000000e+00
    outer loop
      vertex   1.545629e+02 -1.633654e+02 3.050000e+01
      vertex   1.661000e+02 -1.711400e+02 3.050000e+01
      vertex   1.556008e+02 -1.630123e+02 3.050000e+01
    endloop
  endfacet
  facet normal 6.152110e-09 -1.246024e-08 1.000000e+00
    outer loop
      vertex   1.556008e+02 -1.630123e+02 3.050000e+01
      vertex   1.661000e+02 -1.711400e+02 3.050000e+01
      vertex   1.565865e+02 -1.625257e+02 3.050000e+01
    endloop
  endfacet
  facet normal 7.266381e-09 -1.122965e-08 1.000000e+00
    outer loop
      vertex   1.565865e+02 -1.625257e+02 3.050000e+01
      vertex   1.661000e+02 -1.711400e+02 3.050000e+01
      vertex   1.574375e+02 -1.619750e+02 3.050000e+01
    endloop
  endfacet
  facet normal 8.488813e-09 -1.007424e-08 1.000000e+00
    outer loop
      vertex   1.574375e+02 -1.619750e+02 3.050000e+01
      vertex   1.661000e+02 -1.711400e+02 3.050000e+01
      vertex   1.582124e+02 -1.613220e+02 3.050000e+01
    endloop
  endfacet
  facet normal 9.780654e-09 -9.036398e-09 1.000000e+00
    outer loop
      vertex   1.582124e+02 -1.613220e+02 3.050000e+01
      vertex   1.661000e+02 -1.711400e+02 3.050000e+01
      vertex   1.588997e+02 -1.605782e+02 3.050000e+01
    endloop
  endfacet
  facet normal 1.125007e-08 -8.034652e-09 1.000000e+00
    outer loop
      vertex   1.588997e+02 -1.605782e+02 3.050000e+01
      vertex   1.661000e+02 -1.711400e+02 3.050000e+01
      vertex   1.594877e+02 -1.597549e+02 3.050000e+01
    endloop
  endfacet
  facet normal 1.267093e-08 -7.209432e-09 1.000000e+00
    outer loop
      vertex   1.594877e+02 -1.597549e+02 3.050000e+01
      vertex   1.661000e+02 -1.711400e+02 3.050000e+01
      vertex   1.598120e+02 -1.591848e+02 3.050000e+01
    endloop
  endfacet
  facet normal 1.394015e-08 -6.541873e-09 1.000000e+00
    outer loop
      vertex   1.598120e+02 -1.591848e+02 3.050000e+01
      vertex   1.661000e+02 -1.711400e+02 3.050000e+01
      vertex   1.600892e+02 -1.585942e+02 3.050000e+01
    endloop
  endfacet
  facet normal 1.544572e-08 -5.820539e-09 1.000000e+00
    outer loop
      vertex   1.600892e+02 -1.585942e+02 3.050000e+01
      vertex   1.661000e+02 -1.711400e+02 3.050000e+01
      vertex   1.603187e+02 -1.579852e+02 3.050000e+01
    endloop
  endfacet
  facet normal 1.728361e-08 -5.012820e-09 1.000000e+00
    outer loop
      vertex   1.603187e+02 -1.579852e+02 3.050000e+01
      vertex   1.661000e+02 -1.711400e+02 3.050000e+01
      vertex   1.605000e+02 -1.573600e+02 3.050000e+01
    endloop
  endfacet
  facet normal 2.961872e-08 2.462312e-18 1.000000e+00
    outer loop
      vertex   1.605000e+02 -1.573600e+02 3.050000e+01
      vertex   1.661000e+02 -1.711400e+02 3.050000e+01
      vertex   1.605000e+02 -1.533429e+02 3.050000e+01
    endloop
  endfacet
  facet normal 2.961872e-08 1.496705e-15 1.000000e+00
    outer loop
      vertex   1.605000e+02 -1.533429e+02 3.050000e+01
      vertex   1.661000e+02 -1.711400e+02 3.050000e+01
      vertex   1.605000e+02 -1.343600e+02 3.050000e+01
    endloop
  endfacet
  facet normal 5.898516e-15 1.497226e-15 1.000000e+00
    outer loop
      vertex   1.605000e+02 -1.533429e+02 3.050000e+01
      vertex   1.605000e+02 -1.343600e+02 3.050000e+01
      vertex   1.604893e+02 -1.533009e+02 3.050000e+01
    endloop
  endfacet
  facet normal -2.481556e-14 1.514525e-15 1.000000e+00
    outer loop
      vertex   1.604893e+02 -1.533009e+02 3.050000e+01
      vertex   1.605000e+02 -1.343600e+02 3.050000e+01
      vertex   1.603187e+02 -1.349852e+02 3.050000e+01
    endloop
  endfacet
  facet normal 5.619299e-15 1.798093e-15 1.000000e+00
    outer loop
      vertex   1.604893e+02 -1.533009e+02 3.050000e+01
      vertex   1.603187e+02 -1.349852e+02 3.050000e+01
      vertex   1.601789e+02 -1.523307e+02 3.050000e+01
    endloop
  endfacet
  facet normal 1.082050e-14 1.756169e-15 1.000000e+00
    outer loop
      vertex   1.601789e+02 -1.523307e+02 3.050000e+01
      vertex   1.603187e+02 -1.349852e+02 3.050000e+01
      vertex   1.600892e+02 -1.355942e+02 3.050000e+01
    endloop
  endfacet
  facet normal 3.732490e-15 1.718189e-15 1.000000e+00
    outer loop
      vertex   1.601789e+02 -1.523307e+02 3.050000e+01
      vertex   1.600892e+02 -1.355942e+02 3.050000e+01
      vertex   1.597571e+02 -1.514144e+02 3.050000e+01
    endloop
  endfacet
  facet normal -4.007573e-15 1.880681e-15 1.000000e+00
    outer loop
      vertex   1.597571e+02 -1.514144e+02 3.050000e+01
      vertex   1.600892e+02 -1.355942e+02 3.050000e+01
      vertex   1.598120e+02 -1.361848e+02 3.050000e+01
    endloop
  endfacet
  facet normal -3.300903e-15 1.878131e-15 1.000000e+00
    outer loop
      vertex   1.597571e+02 -1.514144e+02 3.050000e+01
      vertex   1.598120e+02 -1.361848e+02 3.050000e+01
      vertex   1.594877e+02 -1.367549e+02 3.050000e+01
    endloop
  endfacet
  facet normal 2.808116e-14 1.646422e-15 1.000000e+00
    outer loop
      vertex   1.443000e+02 -1.337251e+02 3.050000e+01
      vertex   1.444373e+02 -1.533297e+02 3.050000e+01
      vertex   1.444723e+02 -1.345051e+02 3.050000e+01
    endloop
  endfacet
  facet normal -5.741481e-15 1.709210e-15 1.000000e+00
    outer loop
      vertex   1.444723e+02 -1.345051e+02 3.050000e+01
      vertex   1.444373e+02 -1.533297e+02 3.050000e+01
      vertex   1.446262e+02 -1.526951e+02 3.050000e+01
    endloop
  endfacet
  facet normal 5.544535e-15 1.804728e-15 1.000000e+00
    outer loop
      vertex   1.444723e+02 -1.345051e+02 3.050000e+01
      vertex   1.446262e+02 -1.526951e+02 3.050000e+01
      vertex   1.447194e+02 -1.352646e+02 3.050000e+01
    endloop
  endfacet
  facet normal -4.795461e-15 1.860038e-15 1.000000e+00
    outer loop
      vertex   1.447194e+02 -1.352646e+02 3.050000e+01
      vertex   1.446262e+02 -1.526951e+02 3.050000e+01
      vertex   1.448656e+02 -1.520780e+02 3.050000e+01
    endloop
  endfacet
  facet normal -6.923348e-15 1.841542e-15 1.000000e+00
    outer loop
      vertex   1.447194e+02 -1.352646e+02 3.050000e+01
      vertex   1.448656e+02 -1.520780e+02 3.050000e+01
      vertex   1.450382e+02 -1.359955e+02 3.050000e+01
    endloop
  endfacet
  facet normal -3.733019e-15 1.807308e-15 1.000000e+00
    outer loop
      vertex   1.450382e+02 -1.359955e+02 3.050000e+01
      vertex   1.448656e+02 -1.520780e+02 3.050000e+01
      vertex   1.451553e+02 -1.514796e+02 3.050000e+01
    endloop
  endfacet
  facet normal 3.341540e-15 1.860821e-15 1.000000e+00
    outer loop
      vertex   1.450382e+02 -1.359955e+02 3.050000e+01
      vertex   1.451553e+02 -1.514796e+02 3.050000e+01
      vertex   1.454250e+02 -1.366902e+02 3.050000e+01
    endloop
  endfacet
  facet normal -3.350850e-15 1.982876e-15 1.000000e+00
    outer loop
      vertex   1.454250e+02 -1.366902e+02 3.050000e+01
      vertex   1.451553e+02 -1.514796e+02 3.050000e+01
      vertex   1.455266e+02 -1.508521e+02 3.050000e+01
    endloop
  endfacet
  facet normal 3.237108e-14 2.239160e-15 1.000000e+00
    outer loop
      vertex   1.454250e+02 -1.366902e+02 3.050000e+01
      vertex   1.455266e+02 -1.508521e+02 3.050000e+01
      vertex   1.455480e+02 -1.368815e+02 3.050000e+01
    endloop
  endfacet
  facet normal -3.166282e-15 2.293536e-15 1.000000e+00
    outer loop
      vertex   1.455480e+02 -1.368815e+02 3.050000e+01
      vertex   1.455266e+02 -1.508521e+02 3.050000e+01
      vertex   1.460219e+02 -1.501684e+02 3.050000e+01
    endloop
  endfacet
  facet normal 3.434090e-15 2.528929e-15 1.000000e+00
    outer loop
      vertex   1.455480e+02 -1.368815e+02 3.050000e+01
      vertex   1.460219e+02 -1.501684e+02 3.050000e+01
      vertex   1.461520e+02 -1.377016e+02 3.050000e+01
    endloop
  endfacet
  facet normal -2.883430e-15 2.594872e-15 1.000000e+00
    outer loop
      vertex   1.461520e+02 -1.377016e+02 3.050000e+01
      vertex   1.460219e+02 -1.501684e+02 3.050000e+01
      vertex   1.466538e+02 -1.494662e+02 3.050000e+01
    endloop
  endfacet
  facet normal -2.322202e-15 2.618810e-15 1.000000e+00
    outer loop
      vertex   1.461520e+02 -1.377016e+02 3.050000e+01
      vertex   1.466538e+02 -1.494662e+02 3.050000e+01
      vertex   1.468497e+02 -1.384395e+02 3.050000e+01
    endloop
  endfacet
  facet normal -2.314823e-15 2.618679e-15 1.000000e+00
    outer loop
      vertex   1.468497e+02 -1.384395e+02 3.050000e+01
      vertex   1.466538e+02 -1.494662e+02 3.050000e+01
      vertex   1.473956e+02 -1.488104e+02 3.050000e+01
    endloop
  endfacet
  facet normal -1.183107e-14 2.117786e-15 1.000000e+00
    outer loop
      vertex   1.468497e+02 -1.384395e+02 3.050000e+01
      vertex   1.473956e+02 -1.488104e+02 3.050000e+01
      vertex   1.476352e+02 -1.390842e+02 3.050000e+01
    endloop
  endfacet
  facet normal -1.295324e-15 1.858271e-15 1.000000e+00
    outer loop
      vertex   1.476352e+02 -1.390842e+02 3.050000e+01
      vertex   1.473956e+02 -1.488104e+02 3.050000e+01
      vertex   1.482131e+02 -1.482406e+02 3.050000e+01
    endloop
  endfacet
  facet normal 1.845856e-14 3.104934e-15 1.000000e+00
    outer loop
      vertex   1.476352e+02 -1.390842e+02 3.050000e+01
      vertex   1.482131e+02 -1.482406e+02 3.050000e+01
      vertex   1.484964e+02 -1.396269e+02 3.050000e+01
    endloop
  endfacet
  facet normal -2.016805e-15 3.778350e-15 1.000000e+00
    outer loop
      vertex   1.484964e+02 -1.396269e+02 3.050000e+01
      vertex   1.482131e+02 -1.482406e+02 3.050000e+01
      vertex   1.490871e+02 -1.477741e+02 3.050000e+01
    endloop
  endfacet
  facet normal -2.076517e-15 3.774020e-15 1.000000e+00
    outer loop
      vertex   1.484964e+02 -1.396269e+02 3.050000e+01
      vertex   1.490871e+02 -1.477741e+02 3.050000e+01
      vertex   1.494182e+02 -1.400610e+02 3.050000e+01
    endloop
  endfacet
  facet normal 6.365134e-15 3.411626e-15 1.000000e+00
    outer loop
      vertex   1.494182e+02 -1.400610e+02 3.050000e+01
      vertex   1.490871e+02 -1.477741e+02 3.050000e+01
      vertex   1.500094e+02 -1.474123e+02 3.050000e+01
    endloop
  endfacet
  facet normal 4.755380e-15 3.282154e-15 1.000000e+00
    outer loop
      vertex   1.494182e+02 -1.400610e+02 3.050000e+01
      vertex   1.500094e+02 -1.474123e+02 3.050000e+01
      vertex   1.503856e+02 -1.403803e+02 3.050000e+01
    endloop
  endfacet
  facet normal 1.753732e-07 -9.382502e-09 1.000000e+00
    outer loop
      vertex   1.503856e+02 -1.403803e+02 3.050000e+01
      vertex   1.500094e+02 -1.474123e+02 3.050000e+01
      vertex   1.509687e+02 -1.471599e+02 3.050000e+01
    endloop
  endfacet
  facet normal -4.938614e-09 -2.488998e-08 1.000000e+00
    outer loop
      vertex   1.503856e+02 -1.403803e+02 3.050000e+01
      vertex   1.509687e+02 -1.471599e+02 3.050000e+01
      vertex   1.513837e+02 -1.405784e+02 3.050000e+01
    endloop
  endfacet
  facet normal 2.575250e-09 -2.536377e-08 1.000000e+00
    outer loop
      vertex   1.513837e+02 -1.405784e+02 3.050000e+01
      vertex   1.509687e+02 -1.471599e+02 3.050000e+01
      vertex   1.520976e+02 -1.470453e+02 3.050000e+01
    endloop
  endfacet
  facet normal -1.794850e-09 -2.584618e-08 1.000000e+00
    outer loop
      vertex   1.513837e+02 -1.405784e+02 3.050000e+01
      vertex   1.520976e+02 -1.470453e+02 3.050000e+01
      vertex   1.523974e+02 -1.406488e+02 3.050000e+01
    endloop
  endfacet
  facet normal -7.990460e-10 -2.589285e-08 1.000000e+00
    outer loop
      vertex   1.523974e+02 -1.406488e+02 3.050000e+01
      vertex   1.520976e+02 -1.470453e+02 3.050000e+01
      vertex   1.532318e+02 -1.470803e+02 3.050000e+01
    endloop
  endfacet
  facet normal 1.624514e-09 -2.557843e-08 1.000000e+00
    outer loop
      vertex   1.523974e+02 -1.406488e+02 3.050000e+01
      vertex   1.532318e+02 -1.470803e+02 3.050000e+01
      vertex   1.534895e+02 -1.405794e+02 3.050000e+01
    endloop
  endfacet
  facet normal -4.165925e-09 -2.534891e-08 1.000000e+00
    outer loop
      vertex   1.534895e+02 -1.405794e+02 3.050000e+01
      vertex   1.532318e+02 -1.470803e+02 3.050000e+01
      vertex   1.543514e+02 -1.472643e+02 3.050000e+01
    endloop
  endfacet
  facet normal 4.822067e-09 -2.418995e-08 1.000000e+00
    outer loop
      vertex   1.534895e+02 -1.405794e+02 3.050000e+01
      vertex   1.543514e+02 -1.472643e+02 3.050000e+01
      vertex   1.545629e+02 -1.403654e+02 3.050000e+01
    endloop
  endfacet
  facet normal -7.236265e-09 -2.382043e-08 1.000000e+00
    outer loop
      vertex   1.545629e+02 -1.403654e+02 3.050000e+01
      vertex   1.543514e+02 -1.472643e+02 3.050000e+01
      vertex   1.554372e+02 -1.475941e+02 3.050000e+01
    endloop
  endfacet
  facet normal 7.496864e-09 -2.203850e-08 1.000000e+00
    outer loop
      vertex   1.545629e+02 -1.403654e+02 3.050000e+01
      vertex   1.554372e+02 -1.475941e+02 3.050000e+01
      vertex   1.556008e+02 -1.400123e+02 3.050000e+01
    endloop
  endfacet
  facet normal -9.856009e-09 -2.166397e-08 1.000000e+00
    outer loop
      vertex   1.556008e+02 -1.400123e+02 3.050000e+01
      vertex   1.554372e+02 -1.475941e+02 3.050000e+01
      vertex   1.564700e+02 -1.480640e+02 3.050000e+01
    endloop
  endfacet
  facet normal 9.656345e-09 -1.955758e-08 1.000000e+00
    outer loop
      vertex   1.556008e+02 -1.400123e+02 3.050000e+01
      vertex   1.564700e+02 -1.480640e+02 3.050000e+01
      vertex   1.565865e+02 -1.395257e+02 3.050000e+01
    endloop
  endfacet
  facet normal -1.830105e-07 -1.692944e-08 1.000000e+00
    outer loop
      vertex   1.565865e+02 -1.395257e+02 3.050000e+01
      vertex   1.564700e+02 -1.480640e+02 3.050000e+01
      vertex   1.574320e+02 -1.486658e+02 3.050000e+01
    endloop
  endfacet
  facet normal -9.776161e-15 2.205208e-15 1.000000e+00
    outer loop
      vertex   1.565865e+02 -1.395257e+02 3.050000e+01
      vertex   1.574320e+02 -1.486658e+02 3.050000e+01
      vertex   1.574375e+02 -1.389750e+02 3.050000e+01
    endloop
  endfacet
  facet normal 7.319198e-15 2.195475e-15 1.000000e+00
    outer loop
      vertex   1.574375e+02 -1.389750e+02 3.050000e+01
      vertex   1.574320e+02 -1.486658e+02 3.050000e+01
      vertex   1.582124e+02 -1.383220e+02 3.050000e+01
    endloop
  endfacet
  facet normal 2.223542e-15 2.579945e-15 1.000000e+00
    outer loop
      vertex   1.582124e+02 -1.383220e+02 3.050000e+01
      vertex   1.574320e+02 -1.486658e+02 3.050000e+01
      vertex   1.581190e+02 -1.492579e+02 3.050000e+01
    endloop
  endfacet
  facet normal 2.740704e-15 2.575527e-15 1.000000e+00
    outer loop
      vertex   1.582124e+02 -1.383220e+02 3.050000e+01
      vertex   1.581190e+02 -1.492579e+02 3.050000e+01
      vertex   1.587396e+02 -1.499184e+02 3.050000e+01
    endloop
  endfacet
  facet normal -1.238232e-14 1.887951e-15 1.000000e+00
    outer loop
      vertex   1.582124e+02 -1.383220e+02 3.050000e+01
      vertex   1.587396e+02 -1.499184e+02 3.050000e+01
      vertex   1.588997e+02 -1.375782e+02 3.050000e+01
    endloop
  endfacet
  facet normal 2.235307e-15 1.698399e-15 1.000000e+00
    outer loop
      vertex   1.588997e+02 -1.375782e+02 3.050000e+01
      vertex   1.587396e+02 -1.499184e+02 3.050000e+01
      vertex   1.592876e+02 -1.506396e+02 3.050000e+01
    endloop
  endfacet
  facet normal 9.407511e-15 1.911445e-15 1.000000e+00
    outer loop
      vertex   1.588997e+02 -1.375782e+02 3.050000e+01
      vertex   1.592876e+02 -1.506396e+02 3.050000e+01
      vertex   1.594877e+02 -1.367549e+02 3.050000e+01
    endloop
  endfacet
  facet normal 3.299852e-15 1.999433e-15 1.000000e+00
    outer loop
      vertex   1.594877e+02 -1.367549e+02 3.050000e+01
      vertex   1.592876e+02 -1.506396e+02 3.050000e+01
      vertex   1.597571e+02 -1.514144e+02 3.050000e+01
    endloop
  endfacet
  facet normal -8.548791e-08 1.389678e-07 1.000000e+00
    outer loop
      vertex   1.564700e+02 -1.020640e+02 3.050000e+01
      vertex   1.574320e+02 -1.026658e+02 3.050000e+01
      vertex   1.661000e+02 -9.614000e+01 3.050000e+01
    endloop
  endfacet
  facet normal 1.021345e-08 1.185052e-08 1.000000e+00
    outer loop
      vertex   1.661000e+02 -9.614000e+01 3.050000e+01
      vertex   1.574320e+02 -1.026658e+02 3.050000e+01
      vertex   1.581190e+02 -1.032579e+02 3.050000e+01
    endloop
  endfacet
  facet normal 1.130642e-08 1.062502e-08 1.000000e+00
    outer loop
      vertex   1.661000e+02 -9.614000e+01 3.050000e+01
      vertex   1.581190e+02 -1.032579e+02 3.050000e+01
      vertex   1.587396e+02 -1.039184e+02 3.050000e+01
    endloop
  endfacet
  facet normal 1.249884e-08 9.496680e-09 1.000000e+00
    outer loop
      vertex   1.587396e+02 -1.039184e+02 3.050000e+01
      vertex   1.592876e+02 -1.046396e+02 3.050000e+01
      vertex   1.661000e+02 -9.614000e+01 3.050000e+01
    endloop
  endfacet
  facet normal 1.386549e-08 8.401327e-09 1.000000e+00
    outer loop
      vertex   1.661000e+02 -9.614000e+01 3.050000e+01
      vertex   1.592876e+02 -1.046396e+02 3.050000e+01
      vertex   1.597571e+02 -1.054144e+02 3.050000e+01
    endloop
  endfacet
  facet normal 1.562959e-08 7.194820e-09 1.000000e+00
    outer loop
      vertex   1.661000e+02 -9.614000e+01 3.050000e+01
      vertex   1.597571e+02 -1.054144e+02 3.050000e+01
      vertex   1.601789e+02 -1.063307e+02 3.050000e+01
    endloop
  endfacet
  facet normal 1.806414e-08 5.780260e-09 1.000000e+00
    outer loop
      vertex   1.601789e+02 -1.063307e+02 3.050000e+01
      vertex   1.604893e+02 -1.073009e+02 3.050000e+01
      vertex   1.661000e+02 -9.614000e+01 3.050000e+01
    endloop
  endfacet
  facet normal 1.964373e-08 4.986187e-09 1.000000e+00
    outer loop
      vertex   1.661000e+02 -9.614000e+01 3.050000e+01
      vertex   1.604893e+02 -1.073009e+02 3.050000e+01
      vertex   1.605000e+02 -1.073429e+02 3.050000e+01
    endloop
  endfacet
  facet normal 2.961871e-08 2.462312e-18 1.000000e+00
    outer loop
      vertex   1.661000e+02 -9.614000e+01 3.050000e+01
      vertex   1.605000e+02 -1.073429e+02 3.050000e+01
      vertex   1.605000e+02 -1.113600e+02 3.050000e+01
    endloop
  endfacet
  facet normal -1.963178e-14 1.105689e-17 1.000000e+00
    outer loop
      vertex   1.603187e+02 -1.119852e+02 3.050000e+01
      vertex   1.604893e+02 -1.303009e+02 3.050000e+01
      vertex   1.605000e+02 -1.113600e+02 3.050000e+01
    endloop
  endfacet
  facet normal 0.000000e+00 0.000000e+00 1.000000e+00
    outer loop
      vertex   1.605000e+02 -1.113600e+02 3.050000e+01
      vertex   1.604893e+02 -1.303009e+02 3.050000e+01
      vertex   1.605000e+02 -1.303429e+02 3.050000e+01
    endloop
  endfacet
  facet normal 2.961871e-08 -5.206209e-19 1.000000e+00
    outer loop
      vertex   1.605000e+02 -1.113600e+02 3.050000e+01
      vertex   1.605000e+02 -1.303429e+02 3.050000e+01
      vertex   1.661000e+02 -9.614000e+01 3.050000e+01
    endloop
  endfacet
  facet normal 2.961871e-08 2.462100e-18 1.000000e+00
    outer loop
      vertex   1.661000e+02 -9.614000e+01 3.050000e+01
      vertex   1.605000e+02 -1.303429e+02 3.050000e+01
      vertex   1.605000e+02 -1.343600e+02 3.050000e+01
    endloop
  endfacet
  facet normal 2.961871e-08 0.000000e+00 1.000000e+00
    outer loop
      vertex   1.661000e+02 -9.614000e+01 3.050000e+01
      vertex   1.605000e+02 -1.343600e+02 3.050000e+01
      vertex   1.661000e+02 -1.711400e+02 3.050000e+01
    endloop
  endfacet
  facet normal 6.243662e-16 1.997881e-16 1.000000e+00
    outer loop
      vertex   1.604893e+02 -1.303009e+02 3.050000e+01
      vertex   1.603187e+02 -1.119852e+02 3.050000e+01
      vertex   1.601789e+02 -1.293307e+02 3.050000e+01
    endloop
  endfacet
  facet normal 1.526374e-14 8.178762e-17 1.000000e+00
    outer loop
      vertex   1.601789e+02 -1.293307e+02 3.050000e+01
      vertex   1.603187e+02 -1.119852e+02 3.050000e+01
      vertex   1.600892e+02 -1.125942e+02 3.050000e+01
    endloop
  endfacet
  facet normal 0.000000e+00 0.000000e+00 1.000000e+00
    outer loop
      vertex   1.601789e+02 -1.293307e+02 3.050000e+01
      vertex   1.600892e+02 -1.125942e+02 3.050000e+01
      vertex   1.597571e+02 -1.284144e+02 3.050000e+01
    endloop
  endfacet
  facet normal -2.683640e-14 5.633943e-16 1.000000e+00
    outer loop
      vertex   1.597571e+02 -1.284144e+02 3.050000e+01
      vertex   1.600892e+02 -1.125942e+02 3.050000e+01
      vertex   1.598120e+02 -1.131848e+02 3.050000e+01
    endloop
  endfacet
  facet normal 2.122112e-14 3.899785e-16 1.000000e+00
    outer loop
      vertex   1.597571e+02 -1.284144e+02 3.050000e+01
      vertex   1.598120e+02 -1.131848e+02 3.050000e+01
      vertex   1.594877e+02 -1.137549e+02 3.050000e+01
    endloop
  endfacet
  facet normal 0.000000e+00 0.000000e+00 1.000000e+00
    outer loop
      vertex   1.597571e+02 -1.284144e+02 3.050000e+01
      vertex   1.594877e+02 -1.137549e+02 3.050000e+01
      vertex   1.592876e+02 -1.276396e+02 3.050000e+01
    endloop
  endfacet
  facet normal 0.000000e+00 -0.000000e+00 1.000000e+00
    outer loop
      vertex   1.592876e+02 -1.276396e+02 3.050000e+01
      vertex   1.594877e+02 -1.137549e+02 3.050000e+01
      vertex   1.588997e+02 -1.145782e+02 3.050000e+01
    endloop
  endfacet
  facet normal 0.000000e+00 0.000000e+00 1.000000e+00
    outer loop
      vertex   1.592876e+02 -1.276396e+02 3.050000e+01
      vertex   1.588997e+02 -1.145782e+02 3.050000e+01
      vertex   1.587396e+02 -1.269184e+02 3.050000e+01
    endloop
  endfacet
  facet normal 0.000000e+00 -0.000000e+00 1.000000e+00
    outer loop
      vertex   1.587396e+02 -1.269184e+02 3.050000e+01
      vertex   1.588997e+02 -1.145782e+02 3.050000e+01
      vertex   1.582124e+02 -1.153220e+02 3.050000e+01
    endloop
  endfacet
  facet normal 0.000000e+00 0.000000e+00 1.000000e+00
    outer loop
      vertex   1.587396e+02 -1.269184e+02 3.050000e+01
      vertex   1.582124e+02 -1.153220e+02 3.050000e+01
      vertex   1.581190e+02 -1.262579e+02 3.050000e+01
    endloop
  endfacet
  facet normal 0.000000e+00 -0.000000e+00 1.000000e+00
    outer loop
      vertex   1.581190e+02 -1.262579e+02 3.050000e+01
      vertex   1.582124e+02 -1.153220e+02 3.050000e+01
      vertex   1.574320e+02 -1.256658e+02 3.050000e+01
    endloop
  endfacet
  facet normal 0.000000e+00 0.000000e+00 1.000000e+00
    outer loop
      vertex   1.574320e+02 -1.256658e+02 3.050000e+01
      vertex   1.582124e+02 -1.153220e+02 3.050000e+01
      vertex   1.574375e+02 -1.159750e+02 3.050000e+01
    endloop
  endfacet
  facet normal 0.000000e+00 -0.000000e+00 1.000000e+00
    outer loop
      vertex   1.574320e+02 -1.256658e+02 3.050000e+01
      vertex   1.574375e+02 -1.159750e+02 3.050000e+01
      vertex   1.565865e+02 -1.165257e+02 3.050000e+01
    endloop
  endfacet
  facet normal -1.830105e-07 -1.692944e-08 1.000000e+00
    outer loop
      vertex   1.574320e+02 -1.256658e+02 3.050000e+01
      vertex   1.565865e+02 -1.165257e+02 3.050000e+01
      vertex   1.564700e+02 -1.250640e+02 3.050000e+01
    endloop
  endfacet
  facet normal 9.656345e-09 -1.955758e-08 1.000000e+00
    outer loop
      vertex   1.564700e+02 -1.250640e+02 3.050000e+01
      vertex   1.565865e+02 -1.165257e+02 3.050000e+01
      vertex   1.556008e+02 -1.170123e+02 3.050000e+01
    endloop
  endfacet
  facet normal -9.856009e-09 -2.166397e-08 1.000000e+00
    outer loop
      vertex   1.564700e+02 -1.250640e+02 3.050000e+01
      vertex   1.556008e+02 -1.170123e+02 3.050000e+01
      vertex   1.554372e+02 -1.245941e+02 3.050000e+01
    endloop
  endfacet
  facet normal 7.496864e-09 -2.203850e-08 1.000000e+00
    outer loop
      vertex   1.554372e+02 -1.245941e+02 3.050000e+01
      vertex   1.556008e+02 -1.170123e+02 3.050000e+01
      vertex   1.545629e+02 -1.173654e+02 3.050000e+01
    endloop
  endfacet
  facet normal -7.236265e-09 -2.382043e-08 1.000000e+00
    outer loop
      vertex   1.554372e+02 -1.245941e+02 3.050000e+01
      vertex   1.545629e+02 -1.173654e+02 3.050000e+01
      vertex   1.543514e+02 -1.242643e+02 3.050000e+01
    endloop
  endfacet
  facet normal 4.822067e-09 -2.418995e-08 1.000000e+00
    outer loop
      vertex   1.543514e+02 -1.242643e+02 3.050000e+01
      vertex   1.545629e+02 -1.173654e+02 3.050000e+01
      vertex   1.534895e+02 -1.175794e+02 3.050000e+01
    endloop
  endfacet
  facet normal -4.165925e-09 -2.534891e-08 1.000000e+00
    outer loop
      vertex   1.543514e+02 -1.242643e+02 3.050000e+01
      vertex   1.534895e+02 -1.175794e+02 3.050000e+01
      vertex   1.532318e+02 -1.240803e+02 3.050000e+01
    endloop
  endfacet
  facet normal 1.624514e-09 -2.557843e-08 1.000000e+00
    outer loop
      vertex   1.532318e+02 -1.240803e+02 3.050000e+01
      vertex   1.534895e+02 -1.175794e+02 3.050000e+01
      vertex   1.523974e+02 -1.176488e+02 3.050000e+01
    endloop
  endfacet
  facet normal -7.990460e-10 -2.589285e-08 1.000000e+00
    outer loop
      vertex   1.532318e+02 -1.240803e+02 3.050000e+01
      vertex   1.523974e+02 -1.176488e+02 3.050000e+01
      vertex   1.520976e+02 -1.240453e+02 3.050000e+01
    endloop
  endfacet
  facet normal -1.794850e-09 -2.584618e-08 1.000000e+00
    outer loop
      vertex   1.520976e+02 -1.240453e+02 3.050000e+01
      vertex   1.523974e+02 -1.176488e+02 3.050000e+01
      vertex   1.513837e+02 -1.175784e+02 3.050000e+01
    endloop
  endfacet
  facet normal 1.478737e-07 -9.324279e-09 1.000000e+00
    outer loop
      vertex   1.520976e+02 -1.240453e+02 3.050000e+01
      vertex   1.513837e+02 -1.175784e+02 3.050000e+01
      vertex   1.509687e+02 -1.241599e+02 3.050000e+01
    endloop
  endfacet
  facet normal 7.031146e-15 -4.433539e-16 1.000000e+00
    outer loop
      vertex   1.509687e+02 -1.241599e+02 3.050000e+01
      vertex   1.513837e+02 -1.175784e+02 3.050000e+01
      vertex   1.503856e+02 -1.173803e+02 3.050000e+01
    endloop
  endfacet
  facet normal 7.512754e-15 -4.019339e-16 1.000000e+00
    outer loop
      vertex   1.509687e+02 -1.241599e+02 3.050000e+01
      vertex   1.503856e+02 -1.173803e+02 3.050000e+01
      vertex   1.500094e+02 -1.244123e+02 3.050000e+01
    endloop
  endfacet
  facet normal -7.216927e-15 3.861072e-16 1.000000e+00
    outer loop
      vertex   1.500094e+02 -1.244123e+02 3.050000e+01
      vertex   1.503856e+02 -1.173803e+02 3.050000e+01
      vertex   1.494182e+02 -1.170610e+02 3.050000e+01
    endloop
  endfacet
  facet normal -7.835359e-15 3.363671e-16 1.000000e+00
    outer loop
      vertex   1.500094e+02 -1.244123e+02 3.050000e+01
      vertex   1.494182e+02 -1.170610e+02 3.050000e+01
      vertex   1.490871e+02 -1.247741e+02 3.050000e+01
    endloop
  endfacet
  facet normal -3.777611e-15 1.621705e-16 1.000000e+00
    outer loop
      vertex   1.490871e+02 -1.247741e+02 3.050000e+01
      vertex   1.494182e+02 -1.170610e+02 3.050000e+01
      vertex   1.484964e+02 -1.166269e+02 3.050000e+01
    endloop
  endfacet
  facet normal -2.240894e-16 4.198167e-16 1.000000e+00
    outer loop
      vertex   1.490871e+02 -1.247741e+02 3.050000e+01
      vertex   1.484964e+02 -1.166269e+02 3.050000e+01
      vertex   1.482131e+02 -1.252406e+02 3.050000e+01
    endloop
  endfacet
  facet normal 4.296370e-15 2.711430e-16 1.000000e+00
    outer loop
      vertex   1.482131e+02 -1.252406e+02 3.050000e+01
      vertex   1.484964e+02 -1.166269e+02 3.050000e+01
      vertex   1.476352e+02 -1.160842e+02 3.050000e+01
    endloop
  endfacet
  facet normal 0.000000e+00 0.000000e+00 1.000000e+00
    outer loop
      vertex   1.482131e+02 -1.252406e+02 3.050000e+01
      vertex   1.476352e+02 -1.160842e+02 3.050000e+01
      vertex   1.473956e+02 -1.258104e+02 3.050000e+01
    endloop
  endfacet
  facet normal 0.000000e+00 -0.000000e+00 1.000000e+00
    outer loop
      vertex   1.473956e+02 -1.258104e+02 3.050000e+01
      vertex   1.476352e+02 -1.160842e+02 3.050000e+01
      vertex   1.468497e+02 -1.154395e+02 3.050000e+01
    endloop
  endfacet
  facet normal 9.152214e-15 4.817320e-16 1.000000e+00
    outer loop
      vertex   1.473956e+02 -1.258104e+02 3.050000e+01
      vertex   1.468497e+02 -1.154395e+02 3.050000e+01
      vertex   1.466538e+02 -1.264662e+02 3.050000e+01
    endloop
  endfacet
  facet normal -4.328808e-15 7.213165e-16 1.000000e+00
    outer loop
      vertex   1.466538e+02 -1.264662e+02 3.050000e+01
      vertex   1.468497e+02 -1.154395e+02 3.050000e+01
      vertex   1.461520e+02 -1.147016e+02 3.050000e+01
    endloop
  endfacet
  facet normal -1.169647e-14 4.070639e-16 1.000000e+00
    outer loop
      vertex   1.466538e+02 -1.264662e+02 3.050000e+01
      vertex   1.461520e+02 -1.147016e+02 3.050000e+01
      vertex   1.460219e+02 -1.271684e+02 3.050000e+01
    endloop
  endfacet
  facet normal 3.815655e-16 2.809921e-16 1.000000e+00
    outer loop
      vertex   1.460219e+02 -1.271684e+02 3.050000e+01
      vertex   1.461520e+02 -1.147016e+02 3.050000e+01
      vertex   1.455480e+02 -1.138815e+02 3.050000e+01
    endloop
  endfacet
  facet normal -3.518091e-16 2.548373e-16 1.000000e+00
    outer loop
      vertex   1.460219e+02 -1.271684e+02 3.050000e+01
      vertex   1.455480e+02 -1.138815e+02 3.050000e+01
      vertex   1.455266e+02 -1.278521e+02 3.050000e+01
    endloop
  endfacet
  facet normal 2.921461e-14 2.095978e-16 1.000000e+00
    outer loop
      vertex   1.455266e+02 -1.278521e+02 3.050000e+01
      vertex   1.455480e+02 -1.138815e+02 3.050000e+01
      vertex   1.454250e+02 -1.136902e+02 3.050000e+01
    endloop
  endfacet
  facet normal 0.000000e+00 0.000000e+00 1.000000e+00
    outer loop
      vertex   1.455266e+02 -1.278521e+02 3.050000e+01
      vertex   1.454250e+02 -1.136902e+02 3.050000e+01
      vertex   1.451553e+02 -1.284796e+02 3.050000e+01
    endloop
  endfacet
  facet normal 0.000000e+00 -0.000000e+00 1.000000e+00
    outer loop
      vertex   1.451553e+02 -1.284796e+02 3.050000e+01
      vertex   1.454250e+02 -1.136902e+02 3.050000e+01
      vertex   1.450382e+02 -1.129955e+02 3.050000e+01
    endloop
  endfacet
  facet normal 0.000000e+00 0.000000e+00 1.000000e+00
    outer loop
      vertex   1.451553e+02 -1.284796e+02 3.050000e+01
      vertex   1.450382e+02 -1.129955e+02 3.050000e+01
      vertex   1.448656e+02 -1.290780e+02 3.050000e+01
    endloop
  endfacet
  facet normal 2.175804e-14 -2.334753e-16 1.000000e+00
    outer loop
      vertex   1.448656e+02 -1.290780e+02 3.050000e+01
      vertex   1.450382e+02 -1.129955e+02 3.050000e+01
      vertex   1.447194e+02 -1.122646e+02 3.050000e+01
    endloop
  endfacet
  facet normal 1.065658e-15 -4.133418e-16 1.000000e+00
    outer loop
      vertex   1.448656e+02 -1.290780e+02 3.050000e+01
      vertex   1.447194e+02 -1.122646e+02 3.050000e+01
      vertex   1.446262e+02 -1.296951e+02 3.050000e+01
    endloop
  endfacet
  facet normal -4.365268e-14 -1.741380e-16 1.000000e+00
    outer loop
      vertex   1.446262e+02 -1.296951e+02 3.050000e+01
      vertex   1.447194e+02 -1.122646e+02 3.050000e+01
      vertex   1.444723e+02 -1.115051e+02 3.050000e+01
    endloop
  endfacet
  facet normal -3.721392e-14 -1.196443e-16 1.000000e+00
    outer loop
      vertex   1.446262e+02 -1.296951e+02 3.050000e+01
      vertex   1.444723e+02 -1.115051e+02 3.050000e+01
      vertex   1.444373e+02 -1.303297e+02 3.050000e+01
    endloop
  endfacet
  facet normal 1.960570e-14 -2.251239e-16 1.000000e+00
    outer loop
      vertex   1.444373e+02 -1.303297e+02 3.050000e+01
      vertex   1.444723e+02 -1.115051e+02 3.050000e+01
      vertex   1.443000e+02 -1.107251e+02 3.050000e+01
    endloop
  endfacet
  facet normal 5.174906e-14 -5.800173e-25 1.000000e+00
    outer loop
      vertex   1.444373e+02 -1.303297e+02 3.050000e+01
      vertex   1.443000e+02 -1.107251e+02 3.050000e+01
      vertex   1.443000e+02 -1.309784e+02 3.050000e+01
    endloop
  endfacet
  facet normal -2.961871e-08 3.319744e-19 1.000000e+00
    outer loop
      vertex   1.443000e+02 -1.309784e+02 3.050000e+01
      vertex   1.443000e+02 -1.107251e+02 3.050000e+01
      vertex   1.387000e+02 -9.614000e+01 3.050000e+01
    endloop
  endfacet
  facet normal -2.961871e-08 -2.450614e-18 1.000000e+00
    outer loop
      vertex   1.443000e+02 -1.309784e+02 3.050000e+01
      vertex   1.387000e+02 -9.614000e+01 3.050000e+01
      vertex   1.443000e+02 -1.337251e+02 3.050000e+01
    endloop
  endfacet
  facet normal -2.961871e-08 0.000000e+00 1.000000e+00
    outer loop
      vertex   1.443000e+02 -1.337251e+02 3.050000e+01
      vertex   1.387000e+02 -9.614000e+01 3.050000e+01
      vertex   1.387000e+02 -1.711400e+02 3.050000e+01
    endloop
  endfacet
  facet normal -2.961871e-08 -2.450614e-18 1.000000e+00
    outer loop
      vertex   1.443000e+02 -1.107251e+02 3.050000e+01
      vertex   1.443000e+02 -1.079784e+02 3.050000e+01
      vertex   1.387000e+02 -9.614000e+01 3.050000e+01
    endloop
  endfacet
  facet normal -2.046269e-08 4.331147e-09 1.000000e+00
    outer loop
      vertex   1.387000e+02 -9.614000e+01 3.050000e+01
      vertex   1.443000e+02 -1.079784e+02 3.050000e+01
      vertex   1.444373e+02 -1.073297e+02 3.050000e+01
    endloop
  endfacet
  facet normal -1.829040e-08 5.444954e-09 1.000000e+00
    outer loop
      vertex   1.387000e+02 -9.614000e+01 3.050000e+01
      vertex   1.444373e+02 -1.073297e+02 3.050000e+01
      vertex   1.446262e+02 -1.066951e+02 3.050000e+01
    endloop
  endfacet
  facet normal -1.655293e-08 6.420461e-09 1.000000e+00
    outer loop
      vertex   1.446262e+02 -1.066951e+02 3.050000e+01
      vertex   1.448656e+02 -1.060780e+02 3.050000e+01
      vertex   1.387000e+02 -9.614000e+01 3.050000e+01
    endloop
  endfacet
  facet normal -1.511026e-08 7.315499e-09 1.000000e+00
    outer loop
      vertex   1.387000e+02 -9.614000e+01 3.050000e+01
      vertex   1.448656e+02 -1.060780e+02 3.050000e+01
      vertex   1.451553e+02 -1.054796e+02 3.050000e+01
    endloop
  endfacet
  facet normal -1.384282e-08 8.191523e-09 1.000000e+00
    outer loop
      vertex   1.387000e+02 -9.614000e+01 3.050000e+01
      vertex   1.451553e+02 -1.054796e+02 3.050000e+01
      vertex   1.455266e+02 -1.048521e+02 3.050000e+01
    endloop
  endfacet
  facet normal -1.262546e-08 9.145423e-09 1.000000e+00
    outer loop
      vertex   1.455266e+02 -1.048521e+02 3.050000e+01
      vertex   1.460219e+02 -1.041684e+02 3.050000e+01
      vertex   1.387000e+02 -9.614000e+01 3.050000e+01
    endloop
  endfacet
  facet normal -1.140214e-08 1.026108e-08 1.000000e+00
    outer loop
      vertex   1.387000e+02 -9.614000e+01 3.050000e+01
      vertex   1.460219e+02 -1.041684e+02 3.050000e+01
      vertex   1.466538e+02 -1.034662e+02 3.050000e+01
    endloop
  endfacet
  facet normal -1.021231e-08 1.155284e-08 1.000000e+00
    outer loop
      vertex   1.387000e+02 -9.614000e+01 3.050000e+01
      vertex   1.466538e+02 -1.034662e+02 3.050000e+01
      vertex   1.473956e+02 -1.028104e+02 3.050000e+01
    endloop
  endfacet
  facet normal -9.081011e-09 1.302761e-08 1.000000e+00
    outer loop
      vertex   1.473956e+02 -1.028104e+02 3.050000e+01
      vertex   1.482131e+02 -1.022406e+02 3.050000e+01
      vertex   1.387000e+02 -9.614000e+01 3.050000e+01
    endloop
  endfacet
  facet normal -7.920130e-09 1.483784e-08 1.000000e+00
    outer loop
      vertex   1.387000e+02 -9.614000e+01 3.050000e+01
      vertex   1.482131e+02 -1.022406e+02 3.050000e+01
      vertex   1.490871e+02 -1.017741e+02 3.050000e+01
    endloop
  endfacet
  facet normal -6.701634e-09 1.708426e-08 1.000000e+00
    outer loop
      vertex   1.387000e+02 -9.614000e+01 3.050000e+01
      vertex   1.490871e+02 -1.017741e+02 3.050000e+01
      vertex   1.500094e+02 -1.014123e+02 3.050000e+01
    endloop
  endfacet
  facet normal 1.052433e-07 2.572144e-07 1.000000e+00
    outer loop
      vertex   1.500094e+02 -1.014123e+02 3.050000e+01
      vertex   1.509687e+02 -1.011599e+02 3.050000e+01
      vertex   1.387000e+02 -9.614000e+01 3.050000e+01
    endloop
  endfacet
  facet normal -3.202970e-14 -8.748087e-14 1.000000e+00
    outer loop
      vertex   1.387000e+02 -9.614000e+01 3.050000e+01
      vertex   1.509687e+02 -1.011599e+02 3.050000e+01
      vertex   1.520976e+02 -1.010453e+02 3.050000e+01
    endloop
  endfacet
  facet normal -0.000000e+00 0.000000e+00 1.000000e+00
    outer loop
      vertex   1.387000e+02 -9.614000e+01 3.050000e+01
      vertex   1.520976e+02 -1.010453e+02 3.050000e+01
      vertex   1.661000e+02 -9.614000e+01 3.050000e+01
    endloop
  endfacet
  facet normal 0.000000e+00 0.000000e+00 1.000000e+00
    outer loop
      vertex   1.661000e+02 -9.614000e+01 3.050000e+01
      vertex   1.520976e+02 -1.010453e+02 3.050000e+01
      vertex   1.532318e+02 -1.010803e+02 3.050000e+01
    endloop
  endfacet
  facet normal 0.000000e+00 0.000000e+00 1.000000e+00
    outer loop
      vertex   1.661000e+02 -9.614000e+01 3.050000e+01
      vertex   1.532318e+02 -1.010803e+02 3.050000e+01
      vertex   1.543514e+02 -1.012643e+02 3.050000e+01
    endloop
  endfacet
  facet normal -0.000000e+00 0.000000e+00 1.000000e+00
    outer loop
      vertex   1.543514e+02 -1.012643e+02 3.050000e+01
      vertex   1.554372e+02 -1.015941e+02 3.050000e+01
      vertex   1.661000e+02 -9.614000e+01 3.050000e+01
    endloop
  endfacet
  facet normal 0.000000e+00 0.000000e+00 1.000000e+00
    outer loop
      vertex   1.661000e+02 -9.614000e+01 3.050000e+01
      vertex   1.554372e+02 -1.015941e+02 3.050000e+01
      vertex   1.564700e+02 -1.020640e+02 3.050000e+01
    endloop
  endfacet
  facet normal -1.305262e-01 0.000000e+00 9.914449e-01
    outer loop
      vertex   1.387000e+02 -9.614000e+01 3.050000e+01
      vertex   1.381824e+02 -1.389971e+02 3.043185e+01
      vertex   1.387000e+02 -1.711400e+02 3.050000e+01
    endloop
  endfacet
  facet normal -1.305262e-01 0.000000e+00 9.914449e-01
    outer loop
      vertex   1.387000e+02 -1.711400e+02 3.050000e+01
      vertex   1.381824e+02 -1.389971e+02 3.043185e+01
      vertex   1.381824e+02 -1.497114e+02 3.043185e+01
    endloop
  endfacet
  facet normal -1.305262e-01 0.000000e+00 9.914449e-01
    outer loop
      vertex   1.387000e+02 -1.711400e+02 3.050000e+01
      vertex   1.381824e+02 -1.497114e+02 3.043185e+01
      vertex   1.381824e+02 -1.604257e+02 3.043185e+01
    endloop
  endfacet
  facet normal -3.826834e-01 0.000000e+00 9.238795e-01
    outer loop
      vertex   1.381824e+02 -1.604257e+02 3.043185e+01
      vertex   1.381824e+02 -1.497114e+02 3.043185e+01
      vertex   1.377000e+02 -1.604257e+02 3.023205e+01
    endloop
  endfacet
  facet normal -3.826834e-01 0.000000e+00 9.238795e-01
    outer loop
      vertex   1.381824e+02 -1.604257e+02 3.043185e+01
      vertex   1.377000e+02 -1.604257e+02 3.023205e+01
      vertex   1.377000e+02 -1.711400e+02 3.023205e+01
    endloop
  endfacet
  facet normal -6.087614e-01 0.000000e+00 7.933533e-01
    outer loop
      vertex   1.377000e+02 -1.711400e+02 3.023205e+01
      vertex   1.377000e+02 -1.604257e+02 3.023205e+01
      vertex   1.372858e+02 -1.711400e+02 2.991421e+01
    endloop
  endfacet
  facet normal -6.087614e-01 0.000000e+00 7.933533e-01
    outer loop
      vertex   1.372858e+02 -1.711400e+02 2.991421e+01
      vertex   1.377000e+02 -1.604257e+02 3.023205e+01
      vertex   1.372858e+02 -1.604257e+02 2.991421e+01
    endloop
  endfacet
  facet normal -7.933533e-01 0.000000e+00 6.087614e-01
    outer loop
      vertex   1.372858e+02 -1.711400e+02 2.991421e+01
      vertex   1.372858e+02 -1.604257e+02 2.991421e+01
      vertex   1.369679e+02 -1.711400e+02 2.950000e+01
    endloop
  endfacet
  facet normal -7.933533e-01 0.000000e+00 6.087614e-01
    outer loop
      vertex   1.369679e+02 -1.711400e+02 2.950000e+01
      vertex   1.372858e+02 -1.604257e+02 2.991421e+01
      vertex   1.369679e+02 -1.604257e+02 2.950000e+01
    endloop
  endfacet
  facet normal -9.238795e-01 0.000000e+00 3.826834e-01
    outer loop
      vertex   1.369679e+02 -1.711400e+02 2.950000e+01
      vertex   1.369679e+02 -1.604257e+02 2.950000e+01
      vertex   1.367681e+02 -1.711400e+02 2.901764e+01
    endloop
  endfacet
  facet normal -9.238795e-01 0.000000e+00 3.826834e-01
    outer loop
      vertex   1.367681e+02 -1.711400e+02 2.901764e+01
      vertex   1.369679e+02 -1.604257e+02 2.950000e+01
      vertex   1.367681e+02 -1.604257e+02 2.901764e+01
    endloop
  endfacet
  facet normal -9.914449e-01 0.000000e+00 1.305262e-01
    outer loop
      vertex   1.367681e+02 -1.711400e+02 2.901764e+01
      vertex   1.367681e+02 -1.604257e+02 2.901764e+01
      vertex   1.367000e+02 -1.711400e+02 2.850000e+01
    endloop
  endfacet
  facet normal -9.914449e-01 0.000000e+00 1.305262e-01
    outer loop
      vertex   1.367000e+02 -1.711400e+02 2.850000e+01
      vertex   1.367681e+02 -1.604257e+02 2.901764e+01
      vertex   1.367681e+02 -1.497114e+02 2.901764e+01
    endloop
  endfacet
  facet normal -9.914449e-01 0.000000e+00 1.305262e-01
    outer loop
      vertex   1.367000e+02 -1.711400e+02 2.850000e+01
      vertex   1.367681e+02 -1.497114e+02 2.901764e+01
      vertex   1.367681e+02 -1.389971e+02 2.901764e+01
    endloop
  endfacet
  facet normal -9.238795e-01 0.000000e+00 3.826834e-01
    outer loop
      vertex   1.367681e+02 -1.389971e+02 2.901764e+01
      vertex   1.367681e+02 -1.497114e+02 2.901764e+01
      vertex   1.369679e+02 -1.389971e+02 2.950000e+01
    endloop
  endfacet
  facet normal -9.238795e-01 0.000000e+00 3.826834e-01
    outer loop
      vertex   1.367681e+02 -1.389971e+02 2.901764e+01
      vertex   1.369679e+02 -1.389971e+02 2.950000e+01
      vertex   1.369679e+02 -1.282829e+02 2.950000e+01
    endloop
  endfacet
  facet normal -7.933533e-01 0.000000e+00 6.087614e-01
    outer loop
      vertex   1.369679e+02 -1.282829e+02 2.950000e+01
      vertex   1.369679e+02 -1.389971e+02 2.950000e+01
      vertex   1.372858e+02 -1.282829e+02 2.991421e+01
    endloop
  endfacet
  facet normal -7.933533e-01 0.000000e+00 6.087614e-01
    outer loop
      vertex   1.369679e+02 -1.282829e+02 2.950000e+01
      vertex   1.372858e+02 -1.282829e+02 2.991421e+01
      vertex   1.372858e+02 -1.175686e+02 2.991421e+01
    endloop
  endfacet
  facet normal -6.087614e-01 0.000000e+00 7.933533e-01
    outer loop
      vertex   1.372858e+02 -1.175686e+02 2.991421e+01
      vertex   1.372858e+02 -1.282829e+02 2.991421e+01
      vertex   1.377000e+02 -1.175686e+02 3.023205e+01
    endloop
  endfacet
  facet normal -6.087614e-01 0.000000e+00 7.933533e-01
    outer loop
      vertex   1.372858e+02 -1.175686e+02 2.991421e+01
      vertex   1.377000e+02 -1.175686e+02 3.023205e+01
      vertex   1.377000e+02 -1.068543e+02 3.023205e+01
    endloop
  endfacet
  facet normal -3.826834e-01 0.000000e+00 9.238795e-01
    outer loop
      vertex   1.377000e+02 -1.068543e+02 3.023205e+01
      vertex   1.377000e+02 -1.175686e+02 3.023205e+01
      vertex   1.381824e+02 -1.068543e+02 3.043185e+01
    endloop
  endfacet
  facet normal -3.826834e-01 0.000000e+00 9.238795e-01
    outer loop
      vertex   1.377000e+02 -1.068543e+02 3.023205e+01
      vertex   1.381824e+02 -1.068543e+02 3.043185e+01
      vertex   1.381824e+02 -9.614000e+01 3.043185e+01
    endloop
  endfacet
  facet normal -1.305262e-01 0.000000e+00 9.914449e-01
    outer loop
      vertex   1.381824e+02 -9.614000e+01 3.043185e+01
      vertex   1.381824e+02 -1.068543e+02 3.043185e+01
      vertex   1.387000e+02 -9.614000e+01 3.050000e+01
    endloop
  endfacet
  facet normal -1.305262e-01 0.000000e+00 9.914449e-01
    outer loop
      vertex   1.387000e+02 -9.614000e+01 3.050000e+01
      vertex   1.381824e+02 -1.068543e+02 3.043185e+01
      vertex   1.381824e+02 -1.175686e+02 3.043185e+01
    endloop
  endfacet
  facet normal -1.305262e-01 0.000000e+00 9.914449e-01
    outer loop
      vertex   1.387000e+02 -9.614000e+01 3.050000e+01
      vertex   1.381824e+02 -1.175686e+02 3.043185e+01
      vertex   1.381824e+02 -1.282829e+02 3.043185e+01
    endloop
  endfacet
  facet normal -3.826834e-01 0.000000e+00 9.238795e-01
    outer loop
      vertex   1.381824e+02 -1.282829e+02 3.043185e+01
      vertex   1.381824e+02 -1.175686e+02 3.043185e+01
      vertex   1.377000e+02 -1.282829e+02 3.023205e+01
    endloop
  endfacet
  facet normal -3.826834e-01 0.000000e+00 9.238795e-01
    outer loop
      vertex   1.381824e+02 -1.282829e+02 3.043185e+01
      vertex   1.377000e+02 -1.282829e+02 3.023205e+01
      vertex   1.377000e+02 -1.389971e+02 3.023205e+01
    endloop
  endfacet
  facet normal -6.087614e-01 0.000000e+00 7.933533e-01
    outer loop
      vertex   1.377000e+02 -1.389971e+02 3.023205e+01
      vertex   1.377000e+02 -1.282829e+02 3.023205e+01
      vertex   1.372858e+02 -1.389971e+02 2.991421e+01
    endloop
  endfacet
  facet normal -6.087614e-01 0.000000e+00 7.933533e-01
    outer loop
      vertex   1.377000e+02 -1.389971e+02 3.023205e+01
      vertex   1.372858e+02 -1.389971e+02 2.991421e+01
      vertex   1.372858e+02 -1.497114e+02 2.991421e+01
    endloop
  endfacet
  facet normal -7.933533e-01 0.000000e+00 6.087614e-01
    outer loop
      vertex   1.372858e+02 -1.497114e+02 2.991421e+01
      vertex   1.372858e+02 -1.389971e+02 2.991421e+01
      vertex   1.369679e+02 -1.497114e+02 2.950000e+01
    endloop
  endfacet
  facet normal -7.933533e-01 0.000000e+00 6.087614e-01
    outer loop
      vertex   1.372858e+02 -1.497114e+02 2.991421e+01
      vertex   1.369679e+02 -1.497114e+02 2.950000e+01
      vertex   1.369679e+02 -1.604257e+02 2.950000e+01
    endloop
  endfacet
  facet normal -9.238795e-01 0.000000e+00 3.826834e-01
    outer loop
      vertex   1.369679e+02 -1.604257e+02 2.950000e+01
      vertex   1.369679e+02 -1.497114e+02 2.950000e+01
      vertex   1.367681e+02 -1.604257e+02 2.901764e+01
    endloop
  endfacet
  facet normal -3.826834e-01 0.000000e+00 9.238795e-01
    outer loop
      vertex   1.381824e+02 -9.614000e+01 3.043185e+01
      vertex   1.377000e+02 -9.614000e+01 3.023205e+01
      vertex   1.377000e+02 -1.068543e+02 3.023205e+01
    endloop
  endfacet
  facet normal -6.087614e-01 0.000000e+00 7.933533e-01
    outer loop
      vertex   1.377000e+02 -1.068543e+02 3.023205e+01
      vertex   1.377000e+02 -9.614000e+01 3.023205e+01
      vertex   1.372858e+02 -1.068543e+02 2.991421e+01
    endloop
  endfacet
  facet normal -6.087614e-01 0.000000e+00 7.933533e-01
    outer loop
      vertex   1.377000e+02 -1.068543e+02 3.023205e+01
      vertex   1.372858e+02 -1.068543e+02 2.991421e+01
      vertex   1.372858e+02 -1.175686e+02 2.991421e+01
    endloop
  endfacet
  facet normal -7.933533e-01 0.000000e+00 6.087614e-01
    outer loop
      vertex   1.372858e+02 -1.175686e+02 2.991421e+01
      vertex   1.372858e+02 -1.068543e+02 2.991421e+01
      vertex   1.369679e+02 -1.175686e+02 2.950000e+01
    endloop
  endfacet
  facet normal -7.933533e-01 0.000000e+00 6.087614e-01
    outer loop
      vertex   1.372858e+02 -1.175686e+02 2.991421e+01
      vertex   1.369679e+02 -1.175686e+02 2.950000e+01
      vertex   1.369679e+02 -1.282829e+02 2.950000e+01
    endloop
  endfacet
  facet normal -9.238795e-01 0.000000e+00 3.826834e-01
    outer loop
      vertex   1.369679e+02 -1.282829e+02 2.950000e+01
      vertex   1.369679e+02 -1.175686e+02 2.950000e+01
      vertex   1.367681e+02 -1.282829e+02 2.901764e+01
    endloop
  endfacet
  facet normal -9.238795e-01 0.000000e+00 3.826834e-01
    outer loop
      vertex   1.369679e+02 -1.282829e+02 2.950000e+01
      vertex   1.367681e+02 -1.282829e+02 2.901764e+01
      vertex   1.367681e+02 -1.389971e+02 2.901764e+01
    endloop
  endfacet
  facet normal -9.914449e-01 0.000000e+00 1.305262e-01
    outer loop
      vertex   1.367681e+02 -1.389971e+02 2.901764e+01
      vertex   1.367681e+02 -1.282829e+02 2.901764e+01
      vertex   1.367000e+02 -1.711400e+02 2.850000e+01
    endloop
  endfacet
  facet normal -6.087614e-01 0.000000e+00 7.933533e-01
    outer loop
      vertex   1.377000e+02 -9.614000e+01 3.023205e+01
      vertex   1.372858e+02 -9.614000e+01 2.991421e+01
      vertex   1.372858e+02 -1.068543e+02 2.991421e+01
    endloop
  endfacet
  facet normal -7.933533e-01 0.000000e+00 6.087614e-01
    outer loop
      vertex   1.372858e+02 -1.068543e+02 2.991421e+01
      vertex   1.372858e+02 -9.614000e+01 2.991421e+01
      vertex   1.369679e+02 -1.068543e+02 2.950000e+01
    endloop
  endfacet
  facet normal -7.933533e-01 0.000000e+00 6.087614e-01
    outer loop
      vertex   1.372858e+02 -1.068543e+02 2.991421e+01
      vertex   1.369679e+02 -1.068543e+02 2.950000e+01
      vertex   1.369679e+02 -1.175686e+02 2.950000e+01
    endloop
  endfacet
  facet normal -9.238795e-01 0.000000e+00 3.826834e-01
    outer loop
      vertex   1.369679e+02 -1.175686e+02 2.950000e+01
      vertex   1.369679e+02 -1.068543e+02 2.950000e+01
      vertex   1.367681e+02 -1.175686e+02 2.901764e+01
    endloop
  endfacet
  facet normal -9.238795e-01 0.000000e+00 3.826834e-01
    outer loop
      vertex   1.369679e+02 -1.175686e+02 2.950000e+01
      vertex   1.367681e+02 -1.175686e+02 2.901764e+01
      vertex   1.367681e+02 -1.282829e+02 2.901764e+01
    endloop
  endfacet
  facet normal -9.914449e-01 0.000000e+00 1.305262e-01
    outer loop
      vertex   1.367681e+02 -1.282829e+02 2.901764e+01
      vertex   1.367681e+02 -1.175686e+02 2.901764e+01
      vertex   1.367000e+02 -9.614000e+01 2.850000e+01
    endloop
  endfacet
  facet normal -9.914449e-01 0.000000e+00 1.305262e-01
    outer loop
      vertex   1.367681e+02 -1.282829e+02 2.901764e+01
      vertex   1.367000e+02 -9.614000e+01 2.850000e+01
      vertex   1.367000e+02 -1.711400e+02 2.850000e+01
    endloop
  endfacet
  facet normal -7.933533e-01 0.000000e+00 6.087614e-01
    outer loop
      vertex   1.372858e+02 -9.614000e+01 2.991421e+01
      vertex   1.369679e+02 -9.614000e+01 2.950000e+01
      vertex   1.369679e+02 -1.068543e+02 2.950000e+01
    endloop
  endfacet
  facet normal -9.238795e-01 0.000000e+00 3.826834e-01
    outer loop
      vertex   1.369679e+02 -1.068543e+02 2.950000e+01
      vertex   1.369679e+02 -9.614000e+01 2.950000e+01
      vertex   1.367681e+02 -1.068543e+02 2.901764e+01
    endloop
  endfacet
  facet normal -9.238795e-01 0.000000e+00 3.826834e-01
    outer loop
      vertex   1.369679e+02 -1.068543e+02 2.950000e+01
      vertex   1.367681e+02 -1.068543e+02 2.901764e+01
      vertex   1.367681e+02 -1.175686e+02 2.901764e+01
    endloop
  endfacet
  facet normal -9.914449e-01 0.000000e+00 1.305262e-01
    outer loop
      vertex   1.367681e+02 -1.175686e+02 2.901764e+01
      vertex   1.367681e+02 -1.068543e+02 2.901764e+01
      vertex   1.367000e+02 -9.614000e+01 2.850000e+01
    endloop
  endfacet
  facet normal -9.238795e-01 0.000000e+00 3.826834e-01
    outer loop
      vertex   1.369679e+02 -9.614000e+01 2.950000e+01
      vertex   1.367681e+02 -9.614000e+01 2.901764e+01
      vertex   1.367681e+02 -1.068543e+02 2.901764e+01
    endloop
  endfacet
  facet normal -9.914449e-01 0.000000e+00 1.305262e-01
    outer loop
      vertex   1.367681e+02 -1.068543e+02 2.901764e+01
      vertex   1.367681e+02 -9.614000e+01 2.901764e+01
      vertex   1.367000e+02 -9.614000e+01 2.850000e+01
    endloop
  endfacet
  facet normal -3.826834e-01 0.000000e+00 9.238795e-01
    outer loop
      vertex   1.377000e+02 -1.711400e+02 3.023205e+01
      vertex   1.381824e+02 -1.711400e+02 3.043185e+01
      vertex   1.381824e+02 -1.604257e+02 3.043185e+01
    endloop
  endfacet
  facet normal -1.305262e-01 0.000000e+00 9.914449e-01
    outer loop
      vertex   1.381824e+02 -1.604257e+02 3.043185e+01
      vertex   1.381824e+02 -1.711400e+02 3.043185e+01
      vertex   1.387000e+02 -1.711400e+02 3.050000e+01
    endloop
  endfacet
  facet normal -1.305262e-01 0.000000e+00 9.914449e-01
    outer loop
      vertex   1.381824e+02 -1.389971e+02 3.043185e+01
      vertex   1.387000e+02 -9.614000e+01 3.050000e+01
      vertex   1.381824e+02 -1.282829e+02 3.043185e+01
    endloop
  endfacet
  facet normal -3.826834e-01 0.000000e+00 9.238795e-01
    outer loop
      vertex   1.377000e+02 -1.282829e+02 3.023205e+01
      vertex   1.381824e+02 -1.175686e+02 3.043185e+01
      vertex   1.377000e+02 -1.175686e+02 3.023205e+01
    endloop
  endfacet
  facet normal -3.826834e-01 0.000000e+00 9.238795e-01
    outer loop
      vertex   1.377000e+02 -1.175686e+02 3.023205e+01
      vertex   1.381824e+02 -1.175686e+02 3.043185e+01
      vertex   1.381824e+02 -1.068543e+02 3.043185e+01
    endloop
  endfacet
  facet normal -3.826834e-01 0.000000e+00 9.238795e-01
    outer loop
      vertex   1.381824e+02 -1.282829e+02 3.043185e+01
      vertex   1.377000e+02 -1.389971e+02 3.023205e+01
      vertex   1.381824e+02 -1.389971e+02 3.043185e+01
    endloop
  endfacet
  facet normal -3.826834e-01 0.000000e+00 9.238795e-01
    outer loop
      vertex   1.381824e+02 -1.389971e+02 3.043185e+01
      vertex   1.377000e+02 -1.389971e+02 3.023205e+01
      vertex   1.377000e+02 -1.497114e+02 3.023205e+01
    endloop
  endfacet
  facet normal -3.826834e-01 0.000000e+00 9.238795e-01
    outer loop
      vertex   1.381824e+02 -1.389971e+02 3.043185e+01
      vertex   1.377000e+02 -1.497114e+02 3.023205e+01
      vertex   1.381824e+02 -1.497114e+02 3.043185e+01
    endloop
  endfacet
  facet normal -3.826834e-01 0.000000e+00 9.238795e-01
    outer loop
      vertex   1.381824e+02 -1.497114e+02 3.043185e+01
      vertex   1.377000e+02 -1.497114e+02 3.023205e+01
      vertex   1.377000e+02 -1.604257e+02 3.023205e+01
    endloop
  endfacet
  facet normal -6.087614e-01 0.000000e+00 7.933533e-01
    outer loop
      vertex   1.372858e+02 -1.389971e+02 2.991421e+01
      vertex   1.377000e+02 -1.282829e+02 3.023205e+01
      vertex   1.372858e+02 -1.282829e+02 2.991421e+01
    endloop
  endfacet
  facet normal -6.087614e-01 0.000000e+00 7.933533e-01
    outer loop
      vertex   1.372858e+02 -1.282829e+02 2.991421e+01
      vertex   1.377000e+02 -1.282829e+02 3.023205e+01
      vertex   1.377000e+02 -1.175686e+02 3.023205e+01
    endloop
  endfacet
  facet normal -6.087614e-01 0.000000e+00 7.933533e-01
    outer loop
      vertex   1.372858e+02 -1.604257e+02 2.991421e+01
      vertex   1.377000e+02 -1.604257e+02 3.023205e+01
      vertex   1.377000e+02 -1.497114e+02 3.023205e+01
    endloop
  endfacet
  facet normal -6.087614e-01 0.000000e+00 7.933533e-01
    outer loop
      vertex   1.372858e+02 -1.604257e+02 2.991421e+01
      vertex   1.377000e+02 -1.497114e+02 3.023205e+01
      vertex   1.372858e+02 -1.497114e+02 2.991421e+01
    endloop
  endfacet
  facet normal -6.087614e-01 0.000000e+00 7.933533e-01
    outer loop
      vertex   1.372858e+02 -1.497114e+02 2.991421e+01
      vertex   1.377000e+02 -1.497114e+02 3.023205e+01
      vertex   1.377000e+02 -1.389971e+02 3.023205e+01
    endloop
  endfacet
  facet normal -7.933533e-01 0.000000e+00 6.087614e-01
    outer loop
      vertex   1.369679e+02 -1.497114e+02 2.950000e+01
      vertex   1.372858e+02 -1.389971e+02 2.991421e+01
      vertex   1.369679e+02 -1.389971e+02 2.950000e+01
    endloop
  endfacet
  facet normal -7.933533e-01 0.000000e+00 6.087614e-01
    outer loop
      vertex   1.369679e+02 -1.389971e+02 2.950000e+01
      vertex   1.372858e+02 -1.389971e+02 2.991421e+01
      vertex   1.372858e+02 -1.282829e+02 2.991421e+01
    endloop
  endfacet
  facet normal -7.933533e-01 0.000000e+00 6.087614e-01
    outer loop
      vertex   1.369679e+02 -1.604257e+02 2.950000e+01
      vertex   1.372858e+02 -1.604257e+02 2.991421e+01
      vertex   1.372858e+02 -1.497114e+02 2.991421e+01
    endloop
  endfacet
  facet normal -9.238795e-01 0.000000e+00 3.826834e-01
    outer loop
      vertex   1.367681e+02 -1.604257e+02 2.901764e+01
      vertex   1.369679e+02 -1.497114e+02 2.950000e+01
      vertex   1.367681e+02 -1.497114e+02 2.901764e+01
    endloop
  endfacet
  facet normal -9.238795e-01 0.000000e+00 3.826834e-01
    outer loop
      vertex   1.367681e+02 -1.497114e+02 2.901764e+01
      vertex   1.369679e+02 -1.497114e+02 2.950000e+01
      vertex   1.369679e+02 -1.389971e+02 2.950000e+01
    endloop
  endfacet
  facet normal -1.000000e+00 -0.000000e+00 -0.000000e+00
    outer loop
      vertex   1.367000e+02 -9.614000e+01 2.850000e+01
      vertex   1.367000e+02 -9.614000e+01 2.800000e+01
      vertex   1.367000e+02 -1.711400e+02 2.850000e+01
    endloop
  endfacet
  facet normal -1.000000e+00 0.000000e+00 0.000000e+00
    outer loop
      vertex   1.367000e+02 -1.711400e+02 2.850000e+01
      vertex   1.367000e+02 -9.614000e+01 2.800000e+01
      vertex   1.367000e+02 -1.711400e+02 2.800000e+01
    endloop
  endfacet
  facet normal 0.000000e+00 0.000000e+00 1.000000e+00
    outer loop
      vertex   9.586000e+01 -1.604600e+02 2.800000e+01
      vertex   8.770000e+01 -1.711400e+02 2.800000e+01
      vertex   9.806000e+01 -1.604600e+02 2.800000e+01
    endloop
  endfacet
  facet normal 0.000000e+00 0.000000e+00 1.000000e+00
    outer loop
      vertex   9.806000e+01 -1.604600e+02 2.800000e+01
      vertex   8.770000e+01 -1.711400e+02 2.800000e+01
      vertex   1.367000e+02 -1.711400e+02 2.800000e+01
    endloop
  endfacet
  facet normal -0.000000e+00 0.000000e+00 1.000000e+00
    outer loop
      vertex   9.806000e+01 -1.604600e+02 2.800000e+01
      vertex   1.367000e+02 -1.711400e+02 2.800000e+01
      vertex   9.806000e+01 -1.441600e+02 2.800000e+01
    endloop
  endfacet
  facet normal -0.000000e+00 0.000000e+00 1.000000e+00
    outer loop
      vertex   9.806000e+01 -1.441600e+02 2.800000e+01
      vertex   1.367000e+02 -1.711400e+02 2.800000e+01
      vertex   9.806000e+01 -1.404600e+02 2.800000e+01
    endloop
  endfacet
  facet normal 0.000000e+00 -0.000000e+00 1.000000e+00
    outer loop
      vertex   9.806000e+01 -1.441600e+02 2.800000e+01
      vertex   9.806000e+01 -1.404600e+02 2.800000e+01
      vertex   9.586000e+01 -1.404600e+02 2.800000e+01
    endloop
  endfacet
  facet normal 0.000000e+00 -0.000000e+00 1.000000e+00
    outer loop
      vertex   9.586000e+01 -1.604600e+02 2.800000e+01
      vertex   9.586000e+01 -1.441600e+02 2.800000e+01
      vertex   8.770000e+01 -1.711400e+02 2.800000e+01
    endloop
  endfacet
  facet normal 0.000000e+00 0.000000e+00 1.000000e+00
    outer loop
      vertex   8.770000e+01 -1.711400e+02 2.800000e+01
      vertex   9.586000e+01 -1.441600e+02 2.800000e+01
      vertex   9.586000e+01 -1.404600e+02 2.800000e+01
    endloop
  endfacet
  facet normal 0.000000e+00 0.000000e+00 1.000000e+00
    outer loop
      vertex   8.770000e+01 -1.711400e+02 2.800000e+01
      vertex   9.586000e+01 -1.404600e+02 2.800000e+01
      vertex   8.770000e+01 -9.614000e+01 2.800000e+01
    endloop
  endfacet
  facet normal 0.000000e+00 0.000000e+00 1.000000e+00
    outer loop
      vertex   8.770000e+01 -9.614000e+01 2.800000e+01
      vertex   9.586000e+01 -1.404600e+02 2.800000e+01
      vertex   9.586000e+01 -1.241600e+02 2.800000e+01
    endloop
  endfacet
  facet normal 0.000000e+00 0.000000e+00 1.000000e+00
    outer loop
      vertex   8.770000e+01 -9.614000e+01 2.800000e+01
      vertex   9.586000e+01 -1.241600e+02 2.800000e+01
      vertex   9.586000e+01 -1.204600e+02 2.800000e+01
    endloop
  endfacet
  facet normal 0.000000e+00 0.000000e+00 1.000000e+00
    outer loop
      vertex   9.586000e+01 -1.204600e+02 2.800000e+01
      vertex   9.586000e+01 -1.241600e+02 2.800000e+01
      vertex   9.806000e+01 -1.241600e+02 2.800000e+01
    endloop
  endfacet
  facet normal 0.000000e+00 0.000000e+00 1.000000e+00
    outer loop
      vertex   9.586000e+01 -1.204600e+02 2.800000e+01
      vertex   9.806000e+01 -1.241600e+02 2.800000e+01
      vertex   9.806000e+01 -1.204600e+02 2.800000e+01
    endloop
  endfacet
  facet normal -0.000000e+00 0.000000e+00 1.000000e+00
    outer loop
      vertex   9.806000e+01 -1.204600e+02 2.800000e+01
      vertex   9.806000e+01 -1.241600e+02 2.800000e+01
      vertex   1.367000e+02 -9.614000e+01 2.800000e+01
    endloop
  endfacet
  facet normal 0.000000e+00 0.000000e+00 1.000000e+00
    outer loop
      vertex   9.806000e+01 -1.204600e+02 2.800000e+01
      vertex   1.367000e+02 -9.614000e+01 2.800000e+01
      vertex   9.806000e+01 -1.041600e+02 2.800000e+01
    endloop
  endfacet
  facet normal 0.000000e+00 -0.000000e+00 1.000000e+00
    outer loop
      vertex   9.806000e+01 -1.041600e+02 2.800000e+01
      vertex   1.367000e+02 -9.614000e+01 2.800000e+01
      vertex   8.770000e+01 -9.614000e+01 2.800000e+01
    endloop
  endfacet
  facet normal 0.000000e+00 0.000000e+00 1.000000e+00
    outer loop
      vertex   9.806000e+01 -1.041600e+02 2.800000e+01
      vertex   8.770000e+01 -9.614000e+01 2.800000e+01
      vertex   9.586000e+01 -1.041600e+02 2.800000e+01
    endloop
  endfacet
  facet normal 0.000000e+00 0.000000e+00 1.000000e+00
    outer loop
      vertex   9.586000e+01 -1.041600e+02 2.800000e+01
      vertex   8.770000e+01 -9.614000e+01 2.800000e+01
      vertex   9.586000e+01 -1.204600e+02 2.800000e+01
    endloop
  endfacet
  facet normal -0.000000e+00 0.000000e+00 1.000000e+00
    outer loop
      vertex   9.586000e+01 -1.441600e+02 2.800000e+01
      vertex   9.806000e+01 -1.441600e+02 2.800000e+01
      vertex   9.586000e+01 -1.404600e+02 2.800000e+01
    endloop
  endfacet
  facet normal -0.000000e+00 0.000000e+00 1.000000e+00
    outer loop
      vertex   9.806000e+01 -1.241600e+02 2.800000e+01
      vertex   9.806000e+01 -1.404600e+02 2.800000e+01
      vertex   1.367000e+02 -9.614000e+01 2.800000e+01
    endloop
  endfacet
  facet normal 0.000000e+00 0.000000e+00 1.000000e+00
    outer loop
      vertex   1.367000e+02 -9.614000e+01 2.800000e+01
      vertex   9.806000e+01 -1.404600e+02 2.800000e+01
      vertex   1.367000e+02 -1.711400e+02 2.800000e+01
    endloop
  endfacet
  facet normal -1.119645e-01 0.000000e+00 9.937122e-01
    outer loop
      vertex   8.770000e+01 -9.614000e+01 2.800000e+01
      vertex   8.703244e+01 -1.336400e+02 2.792478e+01
      vertex   8.770000e+01 -1.711400e+02 2.800000e+01
    endloop
  endfacet
  facet normal -1.119645e-01 0.000000e+00 9.937122e-01
    outer loop
      vertex   8.770000e+01 -1.711400e+02 2.800000e+01
      vertex   8.703244e+01 -1.336400e+02 2.792478e+01
      vertex   8.703244e+01 -1.461400e+02 2.792478e+01
    endloop
  endfacet
  facet normal -1.119645e-01 0.000000e+00 9.937122e-01
    outer loop
      vertex   8.770000e+01 -1.711400e+02 2.800000e+01
      vertex   8.703244e+01 -1.461400e+02 2.792478e+01
      vertex   8.703244e+01 -1.586400e+02 2.792478e+01
    endloop
  endfacet
  facet normal -3.302791e-01 0.000000e+00 9.438833e-01
    outer loop
      vertex   8.703244e+01 -1.586400e+02 2.792478e+01
      vertex   8.703244e+01 -1.461400e+02 2.792478e+01
      vertex   8.639835e+01 -1.586400e+02 2.770291e+01
    endloop
  endfacet
  facet normal -3.302791e-01 -2.677280e-16 9.438833e-01
    outer loop
      vertex   8.703244e+01 -1.586400e+02 2.792478e+01
      vertex   8.639835e+01 -1.586400e+02 2.770291e+01
      vertex   8.639835e+01 -1.711400e+02 2.770291e+01
    endloop
  endfacet
  facet normal -5.320321e-01 -2.406535e-16 8.467242e-01
    outer loop
      vertex   8.639835e+01 -1.711400e+02 2.770291e+01
      vertex   8.639835e+01 -1.586400e+02 2.770291e+01
      vertex   8.582953e+01 -1.711400e+02 2.734549e+01
    endloop
  endfacet
  facet normal -5.320321e-01 0.000000e+00 8.467242e-01
    outer loop
      vertex   8.582953e+01 -1.711400e+02 2.734549e+01
      vertex   8.639835e+01 -1.586400e+02 2.770291e+01
      vertex   8.582953e+01 -1.586400e+02 2.734549e+01
    endloop
  endfacet
  facet normal -7.071068e-01 0.000000e+00 7.071068e-01
    outer loop
      vertex   8.582953e+01 -1.711400e+02 2.734549e+01
      vertex   8.582953e+01 -1.586400e+02 2.734549e+01
      vertex   8.535451e+01 -1.711400e+02 2.687047e+01
    endloop
  endfacet
  facet normal -7.071068e-01 2.009718e-16 7.071068e-01
    outer loop
      vertex   8.535451e+01 -1.711400e+02 2.687047e+01
      vertex   8.582953e+01 -1.586400e+02 2.734549e+01
      vertex   8.535451e+01 -1.586400e+02 2.687047e+01
    endloop
  endfacet
  facet normal -8.467242e-01 1.512126e-16 5.320321e-01
    outer loop
      vertex   8.535451e+01 -1.711400e+02 2.687047e+01
      vertex   8.535451e+01 -1.586400e+02 2.687047e+01
      vertex   8.499709e+01 -1.711400e+02 2.630165e+01
    endloop
  endfacet
  facet normal -8.467242e-01 -1.265039e-15 5.320321e-01
    outer loop
      vertex   8.499709e+01 -1.711400e+02 2.630165e+01
      vertex   8.535451e+01 -1.586400e+02 2.687047e+01
      vertex   8.499709e+01 -1.586400e+02 2.630165e+01
    endloop
  endfacet
  facet normal -9.438833e-01 -1.260813e-15 3.302791e-01
    outer loop
      vertex   8.499709e+01 -1.711400e+02 2.630165e+01
      vertex   8.499709e+01 -1.586400e+02 2.630165e+01
      vertex   8.477522e+01 -1.711400e+02 2.566756e+01
    endloop
  endfacet
  facet normal -9.438833e-01 0.000000e+00 3.302791e-01
    outer loop
      vertex   8.477522e+01 -1.711400e+02 2.566756e+01
      vertex   8.499709e+01 -1.586400e+02 2.630165e+01
      vertex   8.477522e+01 -1.586400e+02 2.566756e+01
    endloop
  endfacet
  facet normal -9.937122e-01 0.000000e+00 1.119645e-01
    outer loop
      vertex   8.477522e+01 -1.711400e+02 2.566756e+01
      vertex   8.477522e+01 -1.586400e+02 2.566756e+01
      vertex   8.470000e+01 -1.711400e+02 2.500000e+01
    endloop
  endfacet
  facet normal -9.937122e-01 0.000000e+00 1.119645e-01
    outer loop
      vertex   8.470000e+01 -1.711400e+02 2.500000e+01
      vertex   8.477522e+01 -1.586400e+02 2.566756e+01
      vertex   8.477522e+01 -1.461400e+02 2.566756e+01
    endloop
  endfacet
  facet normal -9.937122e-01 0.000000e+00 1.119645e-01
    outer loop
      vertex   8.470000e+01 -1.711400e+02 2.500000e+01
      vertex   8.477522e+01 -1.461400e+02 2.566756e+01
      vertex   8.477522e+01 -1.336400e+02 2.566756e+01
    endloop
  endfacet
  facet normal -9.438833e-01 0.000000e+00 3.302791e-01
    outer loop
      vertex   8.477522e+01 -1.336400e+02 2.566756e+01
      vertex   8.477522e+01 -1.461400e+02 2.566756e+01
      vertex   8.499709e+01 -1.336400e+02 2.630165e+01
    endloop
  endfacet
  facet normal -9.438833e-01 0.000000e+00 3.302791e-01
    outer loop
      vertex   8.477522e+01 -1.336400e+02 2.566756e+01
      vertex   8.499709e+01 -1.336400e+02 2.630165e+01
      vertex   8.499709e+01 -1.211400e+02 2.630165e+01
    endloop
  endfacet
  facet normal -8.467242e-01 0.000000e+00 5.320321e-01
    outer loop
      vertex   8.499709e+01 -1.211400e+02 2.630165e+01
      vertex   8.499709e+01 -1.336400e+02 2.630165e+01
      vertex   8.535451e+01 -1.211400e+02 2.687047e+01
    endloop
  endfacet
  facet normal -8.467242e-01 0.000000e+00 5.320321e-01
    outer loop
      vertex   8.499709e+01 -1.211400e+02 2.630165e+01
      vertex   8.535451e+01 -1.211400e+02 2.687047e+01
      vertex   8.535451e+01 -1.086400e+02 2.687047e+01
    endloop
  endfacet
  facet normal -7.071068e-01 0.000000e+00 7.071068e-01
    outer loop
      vertex   8.535451e+01 -1.086400e+02 2.687047e+01
      vertex   8.535451e+01 -1.211400e+02 2.687047e+01
      vertex   8.582953e+01 -1.086400e+02 2.734549e+01
    endloop
  endfacet
  facet normal -7.071068e-01 0.000000e+00 7.071068e-01
    outer loop
      vertex   8.535451e+01 -1.086400e+02 2.687047e+01
      vertex   8.582953e+01 -1.086400e+02 2.734549e+01
      vertex   8.582953e+01 -9.614000e+01 2.734549e+01
    endloop
  endfacet
  facet normal -5.320321e-01 0.000000e+00 8.467242e-01
    outer loop
      vertex   8.582953e+01 -9.614000e+01 2.734549e+01
      vertex   8.582953e+01 -1.086400e+02 2.734549e+01
      vertex   8.639835e+01 -9.614000e+01 2.770291e+01
    endloop
  endfacet
  facet normal -5.320321e-01 2.406535e-16 8.467242e-01
    outer loop
      vertex   8.639835e+01 -9.614000e+01 2.770291e+01
      vertex   8.582953e+01 -1.086400e+02 2.734549e+01
      vertex   8.639835e+01 -1.086400e+02 2.770291e+01
    endloop
  endfacet
  facet normal -3.302791e-01 2.682678e-16 9.438833e-01
    outer loop
      vertex   8.639835e+01 -9.614000e+01 2.770291e+01
      vertex   8.639835e+01 -1.086400e+02 2.770291e+01
      vertex   8.703244e+01 -9.614000e+01 2.792478e+01
    endloop
  endfacet
  facet normal -3.302791e-01 0.000000e+00 9.438833e-01
    outer loop
      vertex   8.703244e+01 -9.614000e+01 2.792478e+01
      vertex   8.639835e+01 -1.086400e+02 2.770291e+01
      vertex   8.703244e+01 -1.086400e+02 2.792478e+01
    endloop
  endfacet
  facet normal -1.119645e-01 0.000000e+00 9.937122e-01
    outer loop
      vertex   8.703244e+01 -9.614000e+01 2.792478e+01
      vertex   8.703244e+01 -1.086400e+02 2.792478e+01
      vertex   8.770000e+01 -9.614000e+01 2.800000e+01
    endloop
  endfacet
  facet normal -1.119645e-01 0.000000e+00 9.937122e-01
    outer loop
      vertex   8.770000e+01 -9.614000e+01 2.800000e+01
      vertex   8.703244e+01 -1.086400e+02 2.792478e+01
      vertex   8.703244e+01 -1.211400e+02 2.792478e+01
    endloop
  endfacet
  facet normal -1.119645e-01 0.000000e+00 9.937122e-01
    outer loop
      vertex   8.770000e+01 -9.614000e+01 2.800000e+01
      vertex   8.703244e+01 -1.211400e+02 2.792478e+01
      vertex   8.703244e+01 -1.336400e+02 2.792478e+01
    endloop
  endfacet
  facet normal -3.302791e-01 0.000000e+00 9.438833e-01
    outer loop
      vertex   8.703244e+01 -1.336400e+02 2.792478e+01
      vertex   8.703244e+01 -1.211400e+02 2.792478e+01
      vertex   8.639835e+01 -1.336400e+02 2.770291e+01
    endloop
  endfacet
  facet normal -3.302791e-01 0.000000e+00 9.438833e-01
    outer loop
      vertex   8.703244e+01 -1.336400e+02 2.792478e+01
      vertex   8.639835e+01 -1.336400e+02 2.770291e+01
      vertex   8.639835e+01 -1.461400e+02 2.770291e+01
    endloop
  endfacet
  facet normal -5.320321e-01 0.000000e+00 8.467242e-01
    outer loop
      vertex   8.639835e+01 -1.461400e+02 2.770291e+01
      vertex   8.639835e+01 -1.336400e+02 2.770291e+01
      vertex   8.582953e+01 -1.461400e+02 2.734549e+01
    endloop
  endfacet
  facet normal -5.320321e-01 0.000000e+00 8.467242e-01
    outer loop
      vertex   8.639835e+01 -1.461400e+02 2.770291e+01
      vertex   8.582953e+01 -1.461400e+02 2.734549e+01
      vertex   8.582953e+01 -1.586400e+02 2.734549e+01
    endloop
  endfacet
  facet normal -7.071068e-01 0.000000e+00 7.071068e-01
    outer loop
      vertex   8.582953e+01 -1.586400e+02 2.734549e+01
      vertex   8.582953e+01 -1.461400e+02 2.734549e+01
      vertex   8.535451e+01 -1.586400e+02 2.687047e+01
    endloop
  endfacet
  facet normal -7.071068e-01 -2.016223e-16 7.071068e-01
    outer loop
      vertex   8.582953e+01 -9.614000e+01 2.734549e+01
      vertex   8.535451e+01 -9.614000e+01 2.687047e+01
      vertex   8.535451e+01 -1.086400e+02 2.687047e+01
    endloop
  endfacet
  facet normal -8.467242e-01 -1.512126e-16 5.320321e-01
    outer loop
      vertex   8.535451e+01 -1.086400e+02 2.687047e+01
      vertex   8.535451e+01 -9.614000e+01 2.687047e+01
      vertex   8.499709e+01 -1.086400e+02 2.630165e+01
    endloop
  endfacet
  facet normal -8.467242e-01 0.000000e+00 5.320321e-01
    outer loop
      vertex   8.535451e+01 -1.086400e+02 2.687047e+01
      vertex   8.499709e+01 -1.086400e+02 2.630165e+01
      vertex   8.499709e+01 -1.211400e+02 2.630165e+01
    endloop
  endfacet
  facet normal -9.438833e-01 0.000000e+00 3.302791e-01
    outer loop
      vertex   8.499709e+01 -1.211400e+02 2.630165e+01
      vertex   8.499709e+01 -1.086400e+02 2.630165e+01
      vertex   8.477522e+01 -1.211400e+02 2.566756e+01
    endloop
  endfacet
  facet normal -9.438833e-01 0.000000e+00 3.302791e-01
    outer loop
      vertex   8.499709e+01 -1.211400e+02 2.630165e+01
      vertex   8.477522e+01 -1.211400e+02 2.566756e+01
      vertex   8.477522e+01 -1.336400e+02 2.566756e+01
    endloop
  endfacet
  facet normal -9.937122e-01 0.000000e+00 1.119645e-01
    outer loop
      vertex   8.477522e+01 -1.336400e+02 2.566756e+01
      vertex   8.477522e+01 -1.211400e+02 2.566756e+01
      vertex   8.470000e+01 -9.614000e+01 2.500000e+01
    endloop
  endfacet
  facet normal -9.937122e-01 0.000000e+00 1.119645e-01
    outer loop
      vertex   8.477522e+01 -1.336400e+02 2.566756e+01
      vertex   8.470000e+01 -9.614000e+01 2.500000e+01
      vertex   8.470000e+01 -1.711400e+02 2.500000e+01
    endloop
  endfacet
  facet normal -8.467242e-01 1.262618e-15 5.320321e-01
    outer loop
      vertex   8.535451e+01 -9.614000e+01 2.687047e+01
      vertex   8.499709e+01 -9.614000e+01 2.630165e+01
      vertex   8.499709e+01 -1.086400e+02 2.630165e+01
    endloop
  endfacet
  facet normal -9.438833e-01 1.260813e-15 3.302791e-01
    outer loop
      vertex   8.499709e+01 -1.086400e+02 2.630165e+01
      vertex   8.499709e+01 -9.614000e+01 2.630165e+01
      vertex   8.477522e+01 -1.086400e+02 2.566756e+01
    endloop
  endfacet
  facet normal -9.438833e-01 0.000000e+00 3.302791e-01
    outer loop
      vertex   8.499709e+01 -1.086400e+02 2.630165e+01
      vertex   8.477522e+01 -1.086400e+02 2.566756e+01
      vertex   8.477522e+01 -1.211400e+02 2.566756e+01
    endloop
  endfacet
  facet normal -9.937122e-01 0.000000e+00 1.119645e-01
    outer loop
      vertex   8.477522e+01 -1.211400e+02 2.566756e+01
      vertex   8.477522e+01 -1.086400e+02 2.566756e+01
      vertex   8.470000e+01 -9.614000e+01 2.500000e+01
    endloop
  endfacet
  facet normal -9.438833e-01 0.000000e+00 3.302791e-01
    outer loop
      vertex   8.499709e+01 -9.614000e+01 2.630165e+01
      vertex   8.477522e+01 -9.614000e+01 2.566756e+01
      vertex   8.477522e+01 -1.086400e+02 2.566756e+01
    endloop
  endfacet
  facet normal -9.937122e-01 0.000000e+00 1.119645e-01
    outer loop
      vertex   8.477522e+01 -1.086400e+02 2.566756e+01
      vertex   8.477522e+01 -9.614000e+01 2.566756e+01
      vertex   8.470000e+01 -9.614000e+01 2.500000e+01
    endloop
  endfacet
  facet normal -3.302791e-01 0.000000e+00 9.438833e-01
    outer loop
      vertex   8.639835e+01 -1.711400e+02 2.770291e+01
      vertex   8.703244e+01 -1.711400e+02 2.792478e+01
      vertex   8.703244e+01 -1.586400e+02 2.792478e+01
    endloop
  endfacet
  facet normal -1.119645e-01 0.000000e+00 9.937122e-01
    outer loop
      vertex   8.703244e+01 -1.586400e+02 2.792478e+01
      vertex   8.703244e+01 -1.711400e+02 2.792478e+01
      vertex   8.770000e+01 -1.711400e+02 2.800000e+01
    endloop
  endfacet
  facet normal -3.302791e-01 0.000000e+00 9.438833e-01
    outer loop
      vertex   8.703244e+01 -1.211400e+02 2.792478e+01
      vertex   8.703244e+01 -1.086400e+02 2.792478e+01
      vertex   8.639835e+01 -1.211400e+02 2.770291e+01
    endloop
  endfacet
  facet normal -3.302791e-01 0.000000e+00 9.438833e-01
    outer loop
      vertex   8.639835e+01 -1.211400e+02 2.770291e+01
      vertex   8.703244e+01 -1.086400e+02 2.792478e+01
      vertex   8.639835e+01 -1.086400e+02 2.770291e+01
    endloop
  endfacet
  facet normal -5.320321e-01 0.000000e+00 8.467242e-01
    outer loop
      vertex   8.639835e+01 -1.211400e+02 2.770291e+01
      vertex   8.639835e+01 -1.086400e+02 2.770291e+01
      vertex   8.582953e+01 -1.211400e+02 2.734549e+01
    endloop
  endfacet
  facet normal -5.320321e-01 0.000000e+00 8.467242e-01
    outer loop
      vertex   8.582953e+01 -1.211400e+02 2.734549e+01
      vertex   8.639835e+01 -1.086400e+02 2.770291e+01
      vertex   8.582953e+01 -1.086400e+02 2.734549e+01
    endloop
  endfacet
  facet normal -7.071068e-01 0.000000e+00 7.071068e-01
    outer loop
      vertex   8.582953e+01 -1.211400e+02 2.734549e+01
      vertex   8.582953e+01 -1.086400e+02 2.734549e+01
      vertex   8.535451e+01 -1.211400e+02 2.687047e+01
    endloop
  endfacet
  facet normal -3.302791e-01 0.000000e+00 9.438833e-01
    outer loop
      vertex   8.639835e+01 -1.586400e+02 2.770291e+01
      vertex   8.703244e+01 -1.461400e+02 2.792478e+01
      vertex   8.639835e+01 -1.461400e+02 2.770291e+01
    endloop
  endfacet
  facet normal -3.302791e-01 0.000000e+00 9.438833e-01
    outer loop
      vertex   8.639835e+01 -1.461400e+02 2.770291e+01
      vertex   8.703244e+01 -1.461400e+02 2.792478e+01
      vertex   8.703244e+01 -1.336400e+02 2.792478e+01
    endloop
  endfacet
  facet normal -3.302791e-01 0.000000e+00 9.438833e-01
    outer loop
      vertex   8.703244e+01 -1.211400e+02 2.792478e+01
      vertex   8.639835e+01 -1.211400e+02 2.770291e+01
      vertex   8.639835e+01 -1.336400e+02 2.770291e+01
    endloop
  endfacet
  facet normal -5.320321e-01 0.000000e+00 8.467242e-01
    outer loop
      vertex   8.639835e+01 -1.336400e+02 2.770291e+01
      vertex   8.639835e+01 -1.211400e+02 2.770291e+01
      vertex   8.582953e+01 -1.336400e+02 2.734549e+01
    endloop
  endfacet
  facet normal -5.320321e-01 0.000000e+00 8.467242e-01
    outer loop
      vertex   8.639835e+01 -1.336400e+02 2.770291e+01
      vertex   8.582953e+01 -1.336400e+02 2.734549e+01
      vertex   8.582953e+01 -1.461400e+02 2.734549e+01
    endloop
  endfacet
  facet normal -7.071068e-01 0.000000e+00 7.071068e-01
    outer loop
      vertex   8.582953e+01 -1.461400e+02 2.734549e+01
      vertex   8.582953e+01 -1.336400e+02 2.734549e+01
      vertex   8.535451e+01 -1.461400e+02 2.687047e+01
    endloop
  endfacet
  facet normal -7.071068e-01 0.000000e+00 7.071068e-01
    outer loop
      vertex   8.582953e+01 -1.461400e+02 2.734549e+01
      vertex   8.535451e+01 -1.461400e+02 2.687047e+01
      vertex   8.535451e+01 -1.586400e+02 2.687047e+01
    endloop
  endfacet
  facet normal -8.467242e-01 0.000000e+00 5.320321e-01
    outer loop
      vertex   8.535451e+01 -1.586400e+02 2.687047e+01
      vertex   8.535451e+01 -1.461400e+02 2.687047e+01
      vertex   8.499709e+01 -1.586400e+02 2.630165e+01
    endloop
  endfacet
  facet normal -5.320321e-01 0.000000e+00 8.467242e-01
    outer loop
      vertex   8.582953e+01 -1.336400e+02 2.734549e+01
      vertex   8.639835e+01 -1.211400e+02 2.770291e+01
      vertex   8.582953e+01 -1.211400e+02 2.734549e+01
    endloop
  endfacet
  facet normal -5.320321e-01 0.000000e+00 8.467242e-01
    outer loop
      vertex   8.582953e+01 -1.586400e+02 2.734549e+01
      vertex   8.639835e+01 -1.586400e+02 2.770291e+01
      vertex   8.639835e+01 -1.461400e+02 2.770291e+01
    endloop
  endfacet
  facet normal -7.071068e-01 0.000000e+00 7.071068e-01
    outer loop
      vertex   8.582953e+01 -1.336400e+02 2.734549e+01
      vertex   8.582953e+01 -1.211400e+02 2.734549e+01
      vertex   8.535451e+01 -1.336400e+02 2.687047e+01
    endloop
  endfacet
  facet normal -7.071068e-01 0.000000e+00 7.071068e-01
    outer loop
      vertex   8.535451e+01 -1.336400e+02 2.687047e+01
      vertex   8.582953e+01 -1.211400e+02 2.734549e+01
      vertex   8.535451e+01 -1.211400e+02 2.687047e+01
    endloop
  endfacet
  facet normal -8.467242e-01 0.000000e+00 5.320321e-01
    outer loop
      vertex   8.535451e+01 -1.336400e+02 2.687047e+01
      vertex   8.535451e+01 -1.211400e+02 2.687047e+01
      vertex   8.499709e+01 -1.336400e+02 2.630165e+01
    endloop
  endfacet
  facet normal -7.071068e-01 0.000000e+00 7.071068e-01
    outer loop
      vertex   8.582953e+01 -1.336400e+02 2.734549e+01
      vertex   8.535451e+01 -1.336400e+02 2.687047e+01
      vertex   8.535451e+01 -1.461400e+02 2.687047e+01
    endloop
  endfacet
  facet normal -8.467242e-01 0.000000e+00 5.320321e-01
    outer loop
      vertex   8.535451e+01 -1.461400e+02 2.687047e+01
      vertex   8.535451e+01 -1.336400e+02 2.687047e+01
      vertex   8.499709e+01 -1.461400e+02 2.630165e+01
    endloop
  endfacet
  facet normal -8.467242e-01 0.000000e+00 5.320321e-01
    outer loop
      vertex   8.535451e+01 -1.461400e+02 2.687047e+01
      vertex   8.499709e+01 -1.461400e+02 2.630165e+01
      vertex   8.499709e+01 -1.586400e+02 2.630165e+01
    endloop
  endfacet
  facet normal -9.438833e-01 0.000000e+00 3.302791e-01
    outer loop
      vertex   8.499709e+01 -1.586400e+02 2.630165e+01
      vertex   8.499709e+01 -1.461400e+02 2.630165e+01
      vertex   8.477522e+01 -1.586400e+02 2.566756e+01
    endloop
  endfacet
  facet normal -8.467242e-01 0.000000e+00 5.320321e-01
    outer loop
      vertex   8.499709e+01 -1.461400e+02 2.630165e+01
      vertex   8.535451e+01 -1.336400e+02 2.687047e+01
      vertex   8.499709e+01 -1.336400e+02 2.630165e+01
    endloop
  endfacet
  facet normal -9.438833e-01 0.000000e+00 3.302791e-01
    outer loop
      vertex   8.477522e+01 -1.586400e+02 2.566756e+01
      vertex   8.499709e+01 -1.461400e+02 2.630165e+01
      vertex   8.477522e+01 -1.461400e+02 2.566756e+01
    endloop
  endfacet
  facet normal -9.438833e-01 0.000000e+00 3.302791e-01
    outer loop
      vertex   8.477522e+01 -1.461400e+02 2.566756e+01
      vertex   8.499709e+01 -1.461400e+02 2.630165e+01
      vertex   8.499709e+01 -1.336400e+02 2.630165e+01
    endloop
  endfacet
  facet normal -1.000000e+00 -0.000000e+00 -0.000000e+00
    outer loop
      vertex   8.470000e+01 -9.614000e+01 2.500000e+01
      vertex   8.470000e+01 -9.614000e+01 1.450000e+01
      vertex   8.470000e+01 -1.711400e+02 2.500000e+01
    endloop
  endfacet
  facet normal -1.000000e+00 0.000000e+00 0.000000e+00
    outer loop
      vertex   8.470000e+01 -1.711400e+02 2.500000e+01
      vertex   8.470000e+01 -9.614000e+01 1.450000e+01
      vertex   8.470000e+01 -1.711400e+02 1.450000e+01
    endloop
  endfacet
  facet normal -9.937122e-01 0.000000e+00 1.119645e-01
    outer loop
      vertex   8.470000e+01 -1.711400e+02 1.450000e+01
      vertex   8.470000e+01 -9.614000e+01 1.450000e+01
      vertex   8.463732e+01 -1.711400e+02 1.394370e+01
    endloop
  endfacet
  facet normal -9.878776e-01 -3.258246e-04 1.552343e-01
    outer loop
      vertex   8.463732e+01 -1.711400e+02 1.394370e+01
      vertex   8.470000e+01 -9.614000e+01 1.450000e+01
      vertex   8.461481e+01 -1.461400e+02 1.385295e+01
    endloop
  endfacet
  facet normal -9.705966e-01 0.000000e+00 2.407121e-01
    outer loop
      vertex   8.463732e+01 -1.711400e+02 1.394370e+01
      vertex   8.461481e+01 -1.461400e+02 1.385295e+01
      vertex   8.461481e+01 -1.586400e+02 1.385295e+01
    endloop
  endfacet
  facet normal -9.238795e-01 0.000000e+00 3.826834e-01
    outer loop
      vertex   8.461481e+01 -1.586400e+02 1.385295e+01
      vertex   8.461481e+01 -1.461400e+02 1.385295e+01
      vertex   8.436506e+01 -1.586400e+02 1.325000e+01
    endloop
  endfacet
  facet normal -9.238786e-01 -1.396389e-03 3.826831e-01
    outer loop
      vertex   8.461481e+01 -1.586400e+02 1.385295e+01
      vertex   8.436506e+01 -1.586400e+02 1.325000e+01
      vertex   8.445242e+01 -1.711400e+02 1.341529e+01
    endloop
  endfacet
  facet normal -8.467237e-01 1.117698e-03 5.320317e-01
    outer loop
      vertex   8.445242e+01 -1.711400e+02 1.341529e+01
      vertex   8.436506e+01 -1.586400e+02 1.325000e+01
      vertex   8.415458e+01 -1.711400e+02 1.294128e+01
    endloop
  endfacet
  facet normal -7.933522e-01 -1.676058e-03 6.087606e-01
    outer loop
      vertex   8.415458e+01 -1.711400e+02 1.294128e+01
      vertex   8.436506e+01 -1.586400e+02 1.325000e+01
      vertex   8.396777e+01 -1.586400e+02 1.273223e+01
    endloop
  endfacet
  facet normal -7.071062e-01 1.257557e-03 7.071062e-01
    outer loop
      vertex   8.415458e+01 -1.711400e+02 1.294128e+01
      vertex   8.396777e+01 -1.586400e+02 1.273223e+01
      vertex   8.375872e+01 -1.711400e+02 1.254542e+01
    endloop
  endfacet
  facet normal -6.087606e-01 -1.676058e-03 7.933522e-01
    outer loop
      vertex   8.375872e+01 -1.711400e+02 1.254542e+01
      vertex   8.396777e+01 -1.586400e+02 1.273223e+01
      vertex   8.345000e+01 -1.586400e+02 1.233494e+01
    endloop
  endfacet
  facet normal -5.320317e-01 1.117698e-03 8.467237e-01
    outer loop
      vertex   8.375872e+01 -1.711400e+02 1.254542e+01
      vertex   8.345000e+01 -1.586400e+02 1.233494e+01
      vertex   8.328471e+01 -1.711400e+02 1.224758e+01
    endloop
  endfacet
  facet normal -3.826831e-01 -1.396389e-03 9.238786e-01
    outer loop
      vertex   8.328471e+01 -1.711400e+02 1.224758e+01
      vertex   8.345000e+01 -1.586400e+02 1.233494e+01
      vertex   8.284705e+01 -1.586400e+02 1.208519e+01
    endloop
  endfacet
  facet normal -3.302790e-01 6.983173e-04 9.438831e-01
    outer loop
      vertex   8.328471e+01 -1.711400e+02 1.224758e+01
      vertex   8.284705e+01 -1.586400e+02 1.208519e+01
      vertex   8.275630e+01 -1.711400e+02 1.206268e+01
    endloop
  endfacet
  facet normal -1.119644e-01 -9.762763e-04 9.937117e-01
    outer loop
      vertex   8.275630e+01 -1.711400e+02 1.206268e+01
      vertex   8.284705e+01 -1.586400e+02 1.208519e+01
      vertex   8.220000e+01 -1.711400e+02 1.200000e+01
    endloop
  endfacet
  facet normal -1.305262e-01 0.000000e+00 9.914449e-01
    outer loop
      vertex   8.220000e+01 -1.711400e+02 1.200000e+01
      vertex   8.284705e+01 -1.586400e+02 1.208519e+01
      vertex   8.284705e+01 -1.461400e+02 1.208519e+01
    endloop
  endfacet
  facet normal -1.305262e-01 0.000000e+00 9.914449e-01
    outer loop
      vertex   8.220000e+01 -1.711400e+02 1.200000e+01
      vertex   8.284705e+01 -1.461400e+02 1.208519e+01
      vertex   8.284705e+01 -1.336400e+02 1.208519e+01
    endloop
  endfacet
  facet normal -3.826834e-01 0.000000e+00 9.238795e-01
    outer loop
      vertex   8.284705e+01 -1.336400e+02 1.208519e+01
      vertex   8.284705e+01 -1.461400e+02 1.208519e+01
      vertex   8.345000e+01 -1.336400e+02 1.233494e+01
    endloop
  endfacet
  facet normal -3.826834e-01 0.000000e+00 9.238795e-01
    outer loop
      vertex   8.284705e+01 -1.336400e+02 1.208519e+01
      vertex   8.345000e+01 -1.336400e+02 1.233494e+01
      vertex   8.345000e+01 -1.211400e+02 1.233494e+01
    endloop
  endfacet
  facet normal -6.087614e-01 0.000000e+00 7.933533e-01
    outer loop
      vertex   8.345000e+01 -1.211400e+02 1.233494e+01
      vertex   8.345000e+01 -1.336400e+02 1.233494e+01
      vertex   8.396777e+01 -1.211400e+02 1.273223e+01
    endloop
  endfacet
  facet normal -6.087614e-01 0.000000e+00 7.933533e-01
    outer loop
      vertex   8.345000e+01 -1.211400e+02 1.233494e+01
      vertex   8.396777e+01 -1.211400e+02 1.273223e+01
      vertex   8.396777e+01 -1.086400e+02 1.273223e+01
    endloop
  endfacet
  facet normal -7.933533e-01 0.000000e+00 6.087614e-01
    outer loop
      vertex   8.396777e+01 -1.086400e+02 1.273223e+01
      vertex   8.396777e+01 -1.211400e+02 1.273223e+01
      vertex   8.436506e+01 -1.086400e+02 1.325000e+01
    endloop
  endfacet
  facet normal -7.933522e-01 1.676058e-03 6.087606e-01
    outer loop
      vertex   8.396777e+01 -1.086400e+02 1.273223e+01
      vertex   8.436506e+01 -1.086400e+02 1.325000e+01
      vertex   8.415458e+01 -9.614000e+01 1.294128e+01
    endloop
  endfacet
  facet normal -8.467237e-01 -1.117698e-03 5.320317e-01
    outer loop
      vertex   8.415458e+01 -9.614000e+01 1.294128e+01
      vertex   8.436506e+01 -1.086400e+02 1.325000e+01
      vertex   8.445242e+01 -9.614000e+01 1.341529e+01
    endloop
  endfacet
  facet normal -9.238786e-01 1.396389e-03 3.826831e-01
    outer loop
      vertex   8.445242e+01 -9.614000e+01 1.341529e+01
      vertex   8.436506e+01 -1.086400e+02 1.325000e+01
      vertex   8.461481e+01 -1.086400e+02 1.385295e+01
    endloop
  endfacet
  facet normal -9.438831e-01 -6.983173e-04 3.302790e-01
    outer loop
      vertex   8.445242e+01 -9.614000e+01 1.341529e+01
      vertex   8.461481e+01 -1.086400e+02 1.385295e+01
      vertex   8.463732e+01 -9.614000e+01 1.394370e+01
    endloop
  endfacet
  facet normal -9.937117e-01 9.762763e-04 1.119644e-01
    outer loop
      vertex   8.463732e+01 -9.614000e+01 1.394370e+01
      vertex   8.461481e+01 -1.086400e+02 1.385295e+01
      vertex   8.470000e+01 -9.614000e+01 1.450000e+01
    endloop
  endfacet
  facet normal -9.914449e-01 0.000000e+00 1.305262e-01
    outer loop
      vertex   8.470000e+01 -9.614000e+01 1.450000e+01
      vertex   8.461481e+01 -1.086400e+02 1.385295e+01
      vertex   8.461481e+01 -1.211400e+02 1.385295e+01
    endloop
  endfacet
  facet normal -9.914449e-01 0.000000e+00 1.305262e-01
    outer loop
      vertex   8.470000e+01 -9.614000e+01 1.450000e+01
      vertex   8.461481e+01 -1.211400e+02 1.385295e+01
      vertex   8.461481e+01 -1.336400e+02 1.385295e+01
    endloop
  endfacet
  facet normal -9.238795e-01 0.000000e+00 3.826834e-01
    outer loop
      vertex   8.461481e+01 -1.336400e+02 1.385295e+01
      vertex   8.461481e+01 -1.211400e+02 1.385295e+01
      vertex   8.436506e+01 -1.336400e+02 1.325000e+01
    endloop
  endfacet
  facet normal -9.238795e-01 0.000000e+00 3.826834e-01
    outer loop
      vertex   8.461481e+01 -1.336400e+02 1.385295e+01
      vertex   8.436506e+01 -1.336400e+02 1.325000e+01
      vertex   8.436506e+01 -1.461400e+02 1.325000e+01
    endloop
  endfacet
  facet normal -7.933533e-01 0.000000e+00 6.087614e-01
    outer loop
      vertex   8.436506e+01 -1.461400e+02 1.325000e+01
      vertex   8.436506e+01 -1.336400e+02 1.325000e+01
      vertex   8.396777e+01 -1.461400e+02 1.273223e+01
    endloop
  endfacet
  facet normal -7.933533e-01 0.000000e+00 6.087614e-01
    outer loop
      vertex   8.436506e+01 -1.461400e+02 1.325000e+01
      vertex   8.396777e+01 -1.461400e+02 1.273223e+01
      vertex   8.396777e+01 -1.586400e+02 1.273223e+01
    endloop
  endfacet
  facet normal -6.087614e-01 0.000000e+00 7.933533e-01
    outer loop
      vertex   8.396777e+01 -1.586400e+02 1.273223e+01
      vertex   8.396777e+01 -1.461400e+02 1.273223e+01
      vertex   8.345000e+01 -1.586400e+02 1.233494e+01
    endloop
  endfacet
  facet normal -7.071062e-01 -1.257557e-03 7.071062e-01
    outer loop
      vertex   8.415458e+01 -9.614000e+01 1.294128e+01
      vertex   8.375872e+01 -9.614000e+01 1.254542e+01
      vertex   8.396777e+01 -1.086400e+02 1.273223e+01
    endloop
  endfacet
  facet normal -6.087606e-01 1.676058e-03 7.933522e-01
    outer loop
      vertex   8.396777e+01 -1.086400e+02 1.273223e+01
      vertex   8.375872e+01 -9.614000e+01 1.254542e+01
      vertex   8.345000e+01 -1.086400e+02 1.233494e+01
    endloop
  endfacet
  facet normal -6.087614e-01 0.000000e+00 7.933533e-01
    outer loop
      vertex   8.396777e+01 -1.086400e+02 1.273223e+01
      vertex   8.345000e+01 -1.086400e+02 1.233494e+01
      vertex   8.345000e+01 -1.211400e+02 1.233494e+01
    endloop
  endfacet
  facet normal -3.826834e-01 0.000000e+00 9.238795e-01
    outer loop
      vertex   8.345000e+01 -1.211400e+02 1.233494e+01
      vertex   8.345000e+01 -1.086400e+02 1.233494e+01
      vertex   8.284705e+01 -1.211400e+02 1.208519e+01
    endloop
  endfacet
  facet normal -3.826834e-01 0.000000e+00 9.238795e-01
    outer loop
      vertex   8.345000e+01 -1.211400e+02 1.233494e+01
      vertex   8.284705e+01 -1.211400e+02 1.208519e+01
      vertex   8.284705e+01 -1.336400e+02 1.208519e+01
    endloop
  endfacet
  facet normal -1.305262e-01 0.000000e+00 9.914449e-01
    outer loop
      vertex   8.284705e+01 -1.336400e+02 1.208519e+01
      vertex   8.284705e+01 -1.211400e+02 1.208519e+01
      vertex   8.220000e+01 -1.711400e+02 1.200000e+01
    endloop
  endfacet
  facet normal -5.320317e-01 -1.117698e-03 8.467237e-01
    outer loop
      vertex   8.375872e+01 -9.614000e+01 1.254542e+01
      vertex   8.328471e+01 -9.614000e+01 1.224758e+01
      vertex   8.345000e+01 -1.086400e+02 1.233494e+01
    endloop
  endfacet
  facet normal -3.826831e-01 1.396389e-03 9.238786e-01
    outer loop
      vertex   8.345000e+01 -1.086400e+02 1.233494e+01
      vertex   8.328471e+01 -9.614000e+01 1.224758e+01
      vertex   8.284705e+01 -1.086400e+02 1.208519e+01
    endloop
  endfacet
  facet normal -3.826834e-01 0.000000e+00 9.238795e-01
    outer loop
      vertex   8.345000e+01 -1.086400e+02 1.233494e+01
      vertex   8.284705e+01 -1.086400e+02 1.208519e+01
      vertex   8.284705e+01 -1.211400e+02 1.208519e+01
    endloop
  endfacet
  facet normal -2.407121e-01 0.000000e+00 9.705966e-01
    outer loop
      vertex   8.284705e+01 -1.211400e+02 1.208519e+01
      vertex   8.284705e+01 -1.086400e+02 1.208519e+01
      vertex   8.275630e+01 -9.614000e+01 1.206268e+01
    endloop
  endfacet
  facet normal -1.552343e-01 3.258246e-04 9.878776e-01
    outer loop
      vertex   8.284705e+01 -1.211400e+02 1.208519e+01
      vertex   8.275630e+01 -9.614000e+01 1.206268e+01
      vertex   8.220000e+01 -1.711400e+02 1.200000e+01
    endloop
  endfacet
  facet normal -1.119645e-01 0.000000e+00 9.937122e-01
    outer loop
      vertex   8.220000e+01 -1.711400e+02 1.200000e+01
      vertex   8.275630e+01 -9.614000e+01 1.206268e+01
      vertex   8.220000e+01 -9.614000e+01 1.200000e+01
    endloop
  endfacet
  facet normal -3.302790e-01 -6.983173e-04 9.438831e-01
    outer loop
      vertex   8.328471e+01 -9.614000e+01 1.224758e+01
      vertex   8.275630e+01 -9.614000e+01 1.206268e+01
      vertex   8.284705e+01 -1.086400e+02 1.208519e+01
    endloop
  endfacet
  facet normal -9.438831e-01 6.983173e-04 3.302790e-01
    outer loop
      vertex   8.445242e+01 -1.711400e+02 1.341529e+01
      vertex   8.463732e+01 -1.711400e+02 1.394370e+01
      vertex   8.461481e+01 -1.586400e+02 1.385295e+01
    endloop
  endfacet
  facet normal -9.914449e-01 0.000000e+00 1.305262e-01
    outer loop
      vertex   8.461481e+01 -1.461400e+02 1.385295e+01
      vertex   8.470000e+01 -9.614000e+01 1.450000e+01
      vertex   8.461481e+01 -1.336400e+02 1.385295e+01
    endloop
  endfacet
  facet normal -9.238795e-01 0.000000e+00 3.826834e-01
    outer loop
      vertex   8.461481e+01 -1.211400e+02 1.385295e+01
      vertex   8.461481e+01 -1.086400e+02 1.385295e+01
      vertex   8.436506e+01 -1.211400e+02 1.325000e+01
    endloop
  endfacet
  facet normal -9.238795e-01 0.000000e+00 3.826834e-01
    outer loop
      vertex   8.436506e+01 -1.211400e+02 1.325000e+01
      vertex   8.461481e+01 -1.086400e+02 1.385295e+01
      vertex   8.436506e+01 -1.086400e+02 1.325000e+01
    endloop
  endfacet
  facet normal -7.933533e-01 0.000000e+00 6.087614e-01
    outer loop
      vertex   8.436506e+01 -1.211400e+02 1.325000e+01
      vertex   8.436506e+01 -1.086400e+02 1.325000e+01
      vertex   8.396777e+01 -1.211400e+02 1.273223e+01
    endloop
  endfacet
  facet normal -9.238795e-01 0.000000e+00 3.826834e-01
    outer loop
      vertex   8.436506e+01 -1.586400e+02 1.325000e+01
      vertex   8.461481e+01 -1.461400e+02 1.385295e+01
      vertex   8.436506e+01 -1.461400e+02 1.325000e+01
    endloop
  endfacet
  facet normal -9.238795e-01 0.000000e+00 3.826834e-01
    outer loop
      vertex   8.436506e+01 -1.461400e+02 1.325000e+01
      vertex   8.461481e+01 -1.461400e+02 1.385295e+01
      vertex   8.461481e+01 -1.336400e+02 1.385295e+01
    endloop
  endfacet
  facet normal -9.238795e-01 0.000000e+00 3.826834e-01
    outer loop
      vertex   8.461481e+01 -1.211400e+02 1.385295e+01
      vertex   8.436506e+01 -1.211400e+02 1.325000e+01
      vertex   8.436506e+01 -1.336400e+02 1.325000e+01
    endloop
  endfacet
  facet normal -7.933533e-01 0.000000e+00 6.087614e-01
    outer loop
      vertex   8.436506e+01 -1.336400e+02 1.325000e+01
      vertex   8.436506e+01 -1.211400e+02 1.325000e+01
      vertex   8.396777e+01 -1.336400e+02 1.273223e+01
    endloop
  endfacet
  facet normal -7.933533e-01 0.000000e+00 6.087614e-01
    outer loop
      vertex   8.436506e+01 -1.336400e+02 1.325000e+01
      vertex   8.396777e+01 -1.336400e+02 1.273223e+01
      vertex   8.396777e+01 -1.461400e+02 1.273223e+01
    endloop
  endfacet
  facet normal -6.087614e-01 0.000000e+00 7.933533e-01
    outer loop
      vertex   8.396777e+01 -1.461400e+02 1.273223e+01
      vertex   8.396777e+01 -1.336400e+02 1.273223e+01
      vertex   8.345000e+01 -1.461400e+02 1.233494e+01
    endloop
  endfacet
  facet normal -6.087614e-01 0.000000e+00 7.933533e-01
    outer loop
      vertex   8.396777e+01 -1.461400e+02 1.273223e+01
      vertex   8.345000e+01 -1.461400e+02 1.233494e+01
      vertex   8.345000e+01 -1.586400e+02 1.233494e+01
    endloop
  endfacet
  facet normal -3.826834e-01 0.000000e+00 9.238795e-01
    outer loop
      vertex   8.345000e+01 -1.586400e+02 1.233494e+01
      vertex   8.345000e+01 -1.461400e+02 1.233494e+01
      vertex   8.284705e+01 -1.586400e+02 1.208519e+01
    endloop
  endfacet
  facet normal -7.933533e-01 0.000000e+00 6.087614e-01
    outer loop
      vertex   8.396777e+01 -1.336400e+02 1.273223e+01
      vertex   8.436506e+01 -1.211400e+02 1.325000e+01
      vertex   8.396777e+01 -1.211400e+02 1.273223e+01
    endloop
  endfacet
  facet normal -7.933533e-01 0.000000e+00 6.087614e-01
    outer loop
      vertex   8.396777e+01 -1.586400e+02 1.273223e+01
      vertex   8.436506e+01 -1.586400e+02 1.325000e+01
      vertex   8.436506e+01 -1.461400e+02 1.325000e+01
    endloop
  endfacet
  facet normal -6.087614e-01 0.000000e+00 7.933533e-01
    outer loop
      vertex   8.345000e+01 -1.461400e+02 1.233494e+01
      vertex   8.396777e+01 -1.336400e+02 1.273223e+01
      vertex   8.345000e+01 -1.336400e+02 1.233494e+01
    endloop
  endfacet
  facet normal -6.087614e-01 0.000000e+00 7.933533e-01
    outer loop
      vertex   8.345000e+01 -1.336400e+02 1.233494e+01
      vertex   8.396777e+01 -1.336400e+02 1.273223e+01
      vertex   8.396777e+01 -1.211400e+02 1.273223e+01
    endloop
  endfacet
  facet normal -3.826834e-01 0.000000e+00 9.238795e-01
    outer loop
      vertex   8.284705e+01 -1.586400e+02 1.208519e+01
      vertex   8.345000e+01 -1.461400e+02 1.233494e+01
      vertex   8.284705e+01 -1.461400e+02 1.208519e+01
    endloop
  endfacet
  facet normal -3.826834e-01 0.000000e+00 9.238795e-01
    outer loop
      vertex   8.284705e+01 -1.461400e+02 1.208519e+01
      vertex   8.345000e+01 -1.461400e+02 1.233494e+01
      vertex   8.345000e+01 -1.336400e+02 1.233494e+01
    endloop
  endfacet
  facet normal 0.000000e+00 0.000000e+00 1.000000e+00
    outer loop
      vertex   6.970000e+01 -1.041400e+02 1.200000e+01
      vertex   6.720000e+01 -9.614000e+01 1.200000e+01
      vertex   6.970000e+01 -1.611400e+02 1.200000e+01
    endloop
  endfacet
  facet normal 0.000000e+00 0.000000e+00 1.000000e+00
    outer loop
      vertex   6.970000e+01 -1.611400e+02 1.200000e+01
      vertex   6.720000e+01 -9.614000e+01 1.200000e+01
      vertex   6.720000e+01 -1.711400e+02 1.200000e+01
    endloop
  endfacet
  facet normal -2.368476e-16 5.921189e-17 1.000000e+00
    outer loop
      vertex   6.970000e+01 -1.611400e+02 1.200000e+01
      vertex   6.720000e+01 -1.711400e+02 1.200000e+01
      vertex   8.220000e+01 -1.711400e+02 1.200000e+01
    endloop
  endfacet
  facet normal -2.368476e-16 -7.401487e-17 1.000000e+00
    outer loop
      vertex   6.720000e+01 -9.614000e+01 1.200000e+01
      vertex   6.970000e+01 -1.041400e+02 1.200000e+01
      vertex   8.220000e+01 -9.614000e+01 1.200000e+01
    endloop
  endfacet
  facet normal -3.552714e-16 1.110223e-16 1.000000e+00
    outer loop
      vertex   8.220000e+01 -9.614000e+01 1.200000e+01
      vertex   6.970000e+01 -1.041400e+02 1.200000e+01
      vertex   7.970000e+01 -1.041400e+02 1.200000e+01
    endloop
  endfacet
  facet normal 0.000000e+00 0.000000e+00 1.000000e+00
    outer loop
      vertex   8.220000e+01 -9.614000e+01 1.200000e+01
      vertex   7.970000e+01 -1.041400e+02 1.200000e+01
      vertex   7.970000e+01 -1.611400e+02 1.200000e+01
    endloop
  endfacet
  facet normal 0.000000e+00 0.000000e+00 1.000000e+00
    outer loop
      vertex   8.220000e+01 -9.614000e+01 1.200000e+01
      vertex   7.970000e+01 -1.611400e+02 1.200000e+01
      vertex   8.220000e+01 -1.711400e+02 1.200000e+01
    endloop
  endfacet
  facet normal -3.552714e-16 -8.881784e-17 1.000000e+00
    outer loop
      vertex   8.220000e+01 -1.711400e+02 1.200000e+01
      vertex   7.970000e+01 -1.611400e+02 1.200000e+01
      vertex   6.970000e+01 -1.611400e+02 1.200000e+01
    endloop
  endfacet
  facet normal 0.000000e+00 1.000000e+00 -0.000000e+00
    outer loop
      vertex   6.707059e+01 -9.614000e+01 9.982963e+00
      vertex   6.494758e+01 -9.614000e+01 1.058471e+01
      vertex   6.720000e+01 -9.614000e+01 1.000000e+01
    endloop
  endfacet
  facet normal 0.000000e+00 1.000000e+00 0.000000e+00
    outer loop
      vertex   6.720000e+01 -9.614000e+01 1.000000e+01
      vertex   6.494758e+01 -9.614000e+01 1.058471e+01
      vertex   6.524542e+01 -9.614000e+01 1.105872e+01
    endloop
  endfacet
  facet normal 0.000000e+00 1.000000e+00 0.000000e+00
    outer loop
      vertex   6.720000e+01 -9.614000e+01 1.000000e+01
      vertex   6.524542e+01 -9.614000e+01 1.105872e+01
      vertex   6.564128e+01 -9.614000e+01 1.145458e+01
    endloop
  endfacet
  facet normal 0.000000e+00 1.000000e+00 0.000000e+00
    outer loop
      vertex   6.494758e+01 -9.614000e+01 1.058471e+01
      vertex   6.707059e+01 -9.614000e+01 9.982963e+00
      vertex   6.476268e+01 -9.614000e+01 1.005630e+01
    endloop
  endfacet
  facet normal 0.000000e+00 1.000000e+00 0.000000e+00
    outer loop
      vertex   6.476268e+01 -9.614000e+01 1.005630e+01
      vertex   6.707059e+01 -9.614000e+01 9.982963e+00
      vertex   6.695000e+01 -9.614000e+01 9.933013e+00
    endloop
  endfacet
  facet normal 0.000000e+00 1.000000e+00 0.000000e+00
    outer loop
      vertex   6.476268e+01 -9.614000e+01 1.005630e+01
      vertex   6.695000e+01 -9.614000e+01 9.933013e+00
      vertex   6.684645e+01 -9.614000e+01 9.853554e+00
    endloop
  endfacet
  facet normal 0.000000e+00 1.000000e+00 0.000000e+00
    outer loop
      vertex   6.684645e+01 -9.614000e+01 9.853554e+00
      vertex   6.676699e+01 -9.614000e+01 9.750000e+00
      vertex   6.476268e+01 -9.614000e+01 1.005630e+01
    endloop
  endfacet
  facet normal 0.000000e+00 1.000000e+00 0.000000e+00
    outer loop
      vertex   6.476268e+01 -9.614000e+01 1.005630e+01
      vertex   6.676699e+01 -9.614000e+01 9.750000e+00
      vertex   6.470000e+01 -9.614000e+01 9.500000e+00
    endloop
  endfacet
  facet normal 0.000000e+00 1.000000e+00 0.000000e+00
    outer loop
      vertex   6.470000e+01 -9.614000e+01 9.500000e+00
      vertex   6.676699e+01 -9.614000e+01 9.750000e+00
      vertex   6.671704e+01 -9.614000e+01 9.629410e+00
    endloop
  endfacet
  facet normal 0.000000e+00 1.000000e+00 0.000000e+00
    outer loop
      vertex   6.470000e+01 -9.614000e+01 9.500000e+00
      vertex   6.671704e+01 -9.614000e+01 9.629410e+00
      vertex   6.670000e+01 -9.614000e+01 9.500000e+00
    endloop
  endfacet
  facet normal 0.000000e+00 1.000000e+00 0.000000e+00
    outer loop
      vertex   6.670000e+01 -9.614000e+01 9.500000e+00
      vertex   6.670000e+01 -9.614000e+01 -2.000000e+00
      vertex   6.470000e+01 -9.614000e+01 9.500000e+00
    endloop
  endfacet
  facet normal 0.000000e+00 1.000000e+00 0.000000e+00
    outer loop
      vertex   6.470000e+01 -9.614000e+01 9.500000e+00
      vertex   6.670000e+01 -9.614000e+01 -2.000000e+00
      vertex   6.470000e+01 -9.614000e+01 -4.000000e+00
    endloop
  endfacet
  facet normal 0.000000e+00 1.000000e+00 0.000000e+00
    outer loop
      vertex   6.470000e+01 -9.614000e+01 -4.000000e+00
      vertex   6.670000e+01 -9.614000e+01 -2.000000e+00
      vertex   1.661000e+02 -9.614000e+01 -2.000000e+00
    endloop
  endfacet
  facet normal 0.000000e+00 1.000000e+00 0.000000e+00
    outer loop
      vertex   6.470000e+01 -9.614000e+01 -4.000000e+00
      vertex   1.661000e+02 -9.614000e+01 -2.000000e+00
      vertex   1.681000e+02 -9.614000e+01 -4.000000e+00
    endloop
  endfacet
  facet normal 0.000000e+00 1.000000e+00 -0.000000e+00
    outer loop
      vertex   1.681000e+02 -9.614000e+01 -4.000000e+00
      vertex   1.661000e+02 -9.614000e+01 -2.000000e+00
      vertex   1.681000e+02 -9.614000e+01 2.850000e+01
    endloop
  endfacet
  facet normal 0.000000e+00 1.000000e+00 0.000000e+00
    outer loop
      vertex   1.681000e+02 -9.614000e+01 2.850000e+01
      vertex   1.661000e+02 -9.614000e+01 -2.000000e+00
      vertex   1.661000e+02 -9.614000e+01 2.850000e+01
    endloop
  endfacet
  facet normal 0.000000e+00 1.000000e+00 0.000000e+00
    outer loop
      vertex   1.681000e+02 -9.614000e+01 2.850000e+01
      vertex   1.661000e+02 -9.614000e+01 2.850000e+01
      vertex   1.680319e+02 -9.614000e+01 2.901764e+01
    endloop
  endfacet
  facet normal 0.000000e+00 1.000000e+00 0.000000e+00
    outer loop
      vertex   1.680319e+02 -9.614000e+01 2.901764e+01
      vertex   1.661000e+02 -9.614000e+01 2.850000e+01
      vertex   1.678321e+02 -9.614000e+01 2.950000e+01
    endloop
  endfacet
  facet normal 0.000000e+00 1.000000e+00 0.000000e+00
    outer loop
      vertex   1.678321e+02 -9.614000e+01 2.950000e+01
      vertex   1.661000e+02 -9.614000e+01 2.850000e+01
      vertex   1.675142e+02 -9.614000e+01 2.991421e+01
    endloop
  endfacet
  facet normal 0.000000e+00 1.000000e+00 0.000000e+00
    outer loop
      vertex   1.675142e+02 -9.614000e+01 2.991421e+01
      vertex   1.661000e+02 -9.614000e+01 2.850000e+01
      vertex   1.661000e+02 -9.614000e+01 3.050000e+01
    endloop
  endfacet
  facet normal 0.000000e+00 1.000000e+00 0.000000e+00
    outer loop
      vertex   1.675142e+02 -9.614000e+01 2.991421e+01
      vertex   1.661000e+02 -9.614000e+01 3.050000e+01
      vertex   1.671000e+02 -9.614000e+01 3.023205e+01
    endloop
  endfacet
  facet normal 0.000000e+00 1.000000e+00 0.000000e+00
    outer loop
      vertex   1.671000e+02 -9.614000e+01 3.023205e+01
      vertex   1.661000e+02 -9.614000e+01 3.050000e+01
      vertex   1.666176e+02 -9.614000e+01 3.043185e+01
    endloop
  endfacet
  facet normal 0.000000e+00 1.000000e+00 -0.000000e+00
    outer loop
      vertex   1.661000e+02 -9.614000e+01 2.850000e+01
      vertex   1.387000e+02 -9.614000e+01 2.850000e+01
      vertex   1.661000e+02 -9.614000e+01 3.050000e+01
    endloop
  endfacet
  facet normal 0.000000e+00 1.000000e+00 0.000000e+00
    outer loop
      vertex   1.661000e+02 -9.614000e+01 3.050000e+01
      vertex   1.387000e+02 -9.614000e+01 2.850000e+01
      vertex   1.387000e+02 -9.614000e+01 3.050000e+01
    endloop
  endfacet
  facet normal 0.000000e+00 1.000000e+00 0.000000e+00
    outer loop
      vertex   1.387000e+02 -9.614000e+01 3.050000e+01
      vertex   1.387000e+02 -9.614000e+01 2.850000e+01
      vertex   1.372858e+02 -9.614000e+01 2.991421e+01
    endloop
  endfacet
  facet normal 0.000000e+00 1.000000e+00 0.000000e+00
    outer loop
      vertex   1.387000e+02 -9.614000e+01 3.050000e+01
      vertex   1.372858e+02 -9.614000e+01 2.991421e+01
      vertex   1.377000e+02 -9.614000e+01 3.023205e+01
    endloop
  endfacet
  facet normal 0.000000e+00 1.000000e+00 -0.000000e+00
    outer loop
      vertex   1.387000e+02 -9.614000e+01 2.600000e+01
      vertex   1.367000e+02 -9.614000e+01 2.800000e+01
      vertex   1.387000e+02 -9.614000e+01 2.850000e+01
    endloop
  endfacet
  facet normal 0.000000e+00 1.000000e+00 0.000000e+00
    outer loop
      vertex   1.387000e+02 -9.614000e+01 2.850000e+01
      vertex   1.367000e+02 -9.614000e+01 2.800000e+01
      vertex   1.367000e+02 -9.614000e+01 2.850000e+01
    endloop
  endfacet
  facet normal 0.000000e+00 1.000000e+00 0.000000e+00
    outer loop
      vertex   1.387000e+02 -9.614000e+01 2.850000e+01
      vertex   1.367000e+02 -9.614000e+01 2.850000e+01
      vertex   1.367681e+02 -9.614000e+01 2.901764e+01
    endloop
  endfacet
  facet normal 0.000000e+00 1.000000e+00 0.000000e+00
    outer loop
      vertex   1.387000e+02 -9.614000e+01 2.600000e+01
      vertex   8.770000e+01 -9.614000e+01 2.600000e+01
      vertex   1.367000e+02 -9.614000e+01 2.800000e+01
    endloop
  endfacet
  facet normal 0.000000e+00 1.000000e+00 0.000000e+00
    outer loop
      vertex   1.367000e+02 -9.614000e+01 2.800000e+01
      vertex   8.770000e+01 -9.614000e+01 2.600000e+01
      vertex   8.770000e+01 -9.614000e+01 2.800000e+01
    endloop
  endfacet
  facet normal 0.000000e+00 1.000000e+00 0.000000e+00
    outer loop
      vertex   8.770000e+01 -9.614000e+01 2.800000e+01
      vertex   8.770000e+01 -9.614000e+01 2.600000e+01
      vertex   8.639835e+01 -9.614000e+01 2.770291e+01
    endloop
  endfacet
  facet normal 0.000000e+00 1.000000e+00 0.000000e+00
    outer loop
      vertex   8.770000e+01 -9.614000e+01 2.800000e+01
      vertex   8.639835e+01 -9.614000e+01 2.770291e+01
      vertex   8.703244e+01 -9.614000e+01 2.792478e+01
    endloop
  endfacet
  facet normal 0.000000e+00 1.000000e+00 -0.000000e+00
    outer loop
      vertex   8.744118e+01 -9.614000e+01 2.596593e+01
      vertex   8.535451e+01 -9.614000e+01 2.687047e+01
      vertex   8.770000e+01 -9.614000e+01 2.600000e+01
    endloop
  endfacet
  facet normal 0.000000e+00 1.000000e+00 0.000000e+00
    outer loop
      vertex   8.770000e+01 -9.614000e+01 2.600000e+01
      vertex   8.535451e+01 -9.614000e+01 2.687047e+01
      vertex   8.582953e+01 -9.614000e+01 2.734549e+01
    endloop
  endfacet
  facet normal 0.000000e+00 1.000000e+00 0.000000e+00
    outer loop
      vertex   8.770000e+01 -9.614000e+01 2.600000e+01
      vertex   8.582953e+01 -9.614000e+01 2.734549e+01
      vertex   8.639835e+01 -9.614000e+01 2.770291e+01
    endloop
  endfacet
  facet normal 0.000000e+00 1.000000e+00 0.000000e+00
    outer loop
      vertex   8.535451e+01 -9.614000e+01 2.687047e+01
      vertex   8.744118e+01 -9.614000e+01 2.596593e+01
      vertex   8.499709e+01 -9.614000e+01 2.630165e+01
    endloop
  endfacet
  facet normal 0.000000e+00 1.000000e+00 0.000000e+00
    outer loop
      vertex   8.499709e+01 -9.614000e+01 2.630165e+01
      vertex   8.744118e+01 -9.614000e+01 2.596593e+01
      vertex   8.720000e+01 -9.614000e+01 2.586603e+01
    endloop
  endfacet
  facet normal 0.000000e+00 1.000000e+00 0.000000e+00
    outer loop
      vertex   8.499709e+01 -9.614000e+01 2.630165e+01
      vertex   8.720000e+01 -9.614000e+01 2.586603e+01
      vertex   8.699289e+01 -9.614000e+01 2.570711e+01
    endloop
  endfacet
  facet normal 0.000000e+00 1.000000e+00 0.000000e+00
    outer loop
      vertex   8.499709e+01 -9.614000e+01 2.630165e+01
      vertex   8.699289e+01 -9.614000e+01 2.570711e+01
      vertex   8.477522e+01 -9.614000e+01 2.566756e+01
    endloop
  endfacet
  facet normal -0.000000e+00 1.000000e+00 0.000000e+00
    outer loop
      vertex   8.477522e+01 -9.614000e+01 2.566756e+01
      vertex   8.699289e+01 -9.614000e+01 2.570711e+01
      vertex   8.683397e+01 -9.614000e+01 2.550000e+01
    endloop
  endfacet
  facet normal 0.000000e+00 1.000000e+00 0.000000e+00
    outer loop
      vertex   8.477522e+01 -9.614000e+01 2.566756e+01
      vertex   8.683397e+01 -9.614000e+01 2.550000e+01
      vertex   8.673407e+01 -9.614000e+01 2.525882e+01
    endloop
  endfacet
  facet normal 0.000000e+00 1.000000e+00 0.000000e+00
    outer loop
      vertex   8.477522e+01 -9.614000e+01 2.566756e+01
      vertex   8.673407e+01 -9.614000e+01 2.525882e+01
      vertex   8.470000e+01 -9.614000e+01 2.500000e+01
    endloop
  endfacet
  facet normal 0.000000e+00 1.000000e+00 0.000000e+00
    outer loop
      vertex   8.470000e+01 -9.614000e+01 2.500000e+01
      vertex   8.673407e+01 -9.614000e+01 2.525882e+01
      vertex   8.670000e+01 -9.614000e+01 2.500000e+01
    endloop
  endfacet
  facet normal -0.000000e+00 1.000000e+00 0.000000e+00
    outer loop
      vertex   8.470000e+01 -9.614000e+01 2.500000e+01
      vertex   8.670000e+01 -9.614000e+01 2.500000e+01
      vertex   8.470000e+01 -9.614000e+01 1.450000e+01
    endloop
  endfacet
  facet normal 0.000000e+00 1.000000e+00 0.000000e+00
    outer loop
      vertex   8.470000e+01 -9.614000e+01 1.450000e+01
      vertex   8.670000e+01 -9.614000e+01 2.500000e+01
      vertex   8.670000e+01 -9.614000e+01 1.450000e+01
    endloop
  endfacet
  facet normal -0.000000e+00 1.000000e+00 0.000000e+00
    outer loop
      vertex   8.470000e+01 -9.614000e+01 1.450000e+01
      vertex   8.670000e+01 -9.614000e+01 1.450000e+01
      vertex   8.463732e+01 -9.614000e+01 1.394370e+01
    endloop
  endfacet
  facet normal -0.000000e+00 1.000000e+00 0.000000e+00
    outer loop
      vertex   8.463732e+01 -9.614000e+01 1.394370e+01
      vertex   8.670000e+01 -9.614000e+01 1.450000e+01
      vertex   8.663163e+01 -9.614000e+01 1.371858e+01
    endloop
  endfacet
  facet normal 0.000000e+00 1.000000e+00 0.000000e+00
    outer loop
      vertex   8.463732e+01 -9.614000e+01 1.394370e+01
      vertex   8.663163e+01 -9.614000e+01 1.371858e+01
      vertex   8.445242e+01 -9.614000e+01 1.341529e+01
    endloop
  endfacet
  facet normal -0.000000e+00 1.000000e+00 0.000000e+00
    outer loop
      vertex   8.445242e+01 -9.614000e+01 1.341529e+01
      vertex   8.663163e+01 -9.614000e+01 1.371858e+01
      vertex   8.642862e+01 -9.614000e+01 1.296091e+01
    endloop
  endfacet
  facet normal 0.000000e+00 1.000000e+00 0.000000e+00
    outer loop
      vertex   8.445242e+01 -9.614000e+01 1.341529e+01
      vertex   8.642862e+01 -9.614000e+01 1.296091e+01
      vertex   8.415458e+01 -9.614000e+01 1.294128e+01
    endloop
  endfacet
  facet normal -0.000000e+00 1.000000e+00 0.000000e+00
    outer loop
      vertex   8.415458e+01 -9.614000e+01 1.294128e+01
      vertex   8.642862e+01 -9.614000e+01 1.296091e+01
      vertex   8.609711e+01 -9.614000e+01 1.225000e+01
    endloop
  endfacet
  facet normal 0.000000e+00 1.000000e+00 0.000000e+00
    outer loop
      vertex   8.415458e+01 -9.614000e+01 1.294128e+01
      vertex   8.609711e+01 -9.614000e+01 1.225000e+01
      vertex   8.375872e+01 -9.614000e+01 1.254542e+01
    endloop
  endfacet
  facet normal 0.000000e+00 1.000000e+00 0.000000e+00
    outer loop
      vertex   8.375872e+01 -9.614000e+01 1.254542e+01
      vertex   8.609711e+01 -9.614000e+01 1.225000e+01
      vertex   8.328471e+01 -9.614000e+01 1.224758e+01
    endloop
  endfacet
  facet normal -0.000000e+00 1.000000e+00 0.000000e+00
    outer loop
      vertex   8.328471e+01 -9.614000e+01 1.224758e+01
      vertex   8.609711e+01 -9.614000e+01 1.225000e+01
      vertex   8.564720e+01 -9.614000e+01 1.160746e+01
    endloop
  endfacet
  facet normal 0.000000e+00 1.000000e+00 0.000000e+00
    outer loop
      vertex   8.328471e+01 -9.614000e+01 1.224758e+01
      vertex   8.564720e+01 -9.614000e+01 1.160746e+01
      vertex   8.275630e+01 -9.614000e+01 1.206268e+01
    endloop
  endfacet
  facet normal 0.000000e+00 1.000000e+00 0.000000e+00
    outer loop
      vertex   8.275630e+01 -9.614000e+01 1.206268e+01
      vertex   8.564720e+01 -9.614000e+01 1.160746e+01
      vertex   8.509254e+01 -9.614000e+01 1.105280e+01
    endloop
  endfacet
  facet normal 0.000000e+00 1.000000e+00 0.000000e+00
    outer loop
      vertex   8.275630e+01 -9.614000e+01 1.206268e+01
      vertex   8.509254e+01 -9.614000e+01 1.105280e+01
      vertex   8.220000e+01 -9.614000e+01 1.200000e+01
    endloop
  endfacet
  facet normal 0.000000e+00 1.000000e+00 0.000000e+00
    outer loop
      vertex   8.220000e+01 -9.614000e+01 1.200000e+01
      vertex   8.509254e+01 -9.614000e+01 1.105280e+01
      vertex   8.445000e+01 -9.614000e+01 1.060289e+01
    endloop
  endfacet
  facet normal 0.000000e+00 1.000000e+00 0.000000e+00
    outer loop
      vertex   8.220000e+01 -9.614000e+01 1.200000e+01
      vertex   8.445000e+01 -9.614000e+01 1.060289e+01
      vertex   8.373909e+01 -9.614000e+01 1.027138e+01
    endloop
  endfacet
  facet normal 0.000000e+00 1.000000e+00 -0.000000e+00
    outer loop
      vertex   8.298142e+01 -9.614000e+01 1.006837e+01
      vertex   8.220000e+01 -9.614000e+01 1.000000e+01
      vertex   8.373909e+01 -9.614000e+01 1.027138e+01
    endloop
  endfacet
  facet normal 0.000000e+00 1.000000e+00 0.000000e+00
    outer loop
      vertex   8.373909e+01 -9.614000e+01 1.027138e+01
      vertex   8.220000e+01 -9.614000e+01 1.000000e+01
      vertex   8.220000e+01 -9.614000e+01 1.200000e+01
    endloop
  endfacet
  facet normal 0.000000e+00 1.000000e+00 -0.000000e+00
    outer loop
      vertex   8.220000e+01 -9.614000e+01 1.000000e+01
      vertex   6.720000e+01 -9.614000e+01 1.000000e+01
      vertex   8.220000e+01 -9.614000e+01 1.200000e+01
    endloop
  endfacet
  facet normal 0.000000e+00 1.000000e+00 0.000000e+00
    outer loop
      vertex   8.220000e+01 -9.614000e+01 1.200000e+01
      vertex   6.720000e+01 -9.614000e+01 1.000000e+01
      vertex   6.720000e+01 -9.614000e+01 1.200000e+01
    endloop
  endfacet
  facet normal 0.000000e+00 1.000000e+00 0.000000e+00
    outer loop
      vertex   6.720000e+01 -9.614000e+01 1.200000e+01
      vertex   6.720000e+01 -9.614000e+01 1.000000e+01
      vertex   6.564128e+01 -9.614000e+01 1.145458e+01
    endloop
  endfacet
  facet normal 0.000000e+00 1.000000e+00 0.000000e+00
    outer loop
      vertex   6.720000e+01 -9.614000e+01 1.200000e+01
      vertex   6.564128e+01 -9.614000e+01 1.145458e+01
      vertex   6.611529e+01 -9.614000e+01 1.175242e+01
    endloop
  endfacet
  facet normal -0.000000e+00 1.000000e+00 0.000000e+00
    outer loop
      vertex   1.367681e+02 -9.614000e+01 2.901764e+01
      vertex   1.369679e+02 -9.614000e+01 2.950000e+01
      vertex   1.387000e+02 -9.614000e+01 2.850000e+01
    endloop
  endfacet
  facet normal 0.000000e+00 1.000000e+00 0.000000e+00
    outer loop
      vertex   1.387000e+02 -9.614000e+01 2.850000e+01
      vertex   1.369679e+02 -9.614000e+01 2.950000e+01
      vertex   1.372858e+02 -9.614000e+01 2.991421e+01
    endloop
  endfacet
  facet normal 0.000000e+00 1.000000e+00 0.000000e+00
    outer loop
      vertex   1.377000e+02 -9.614000e+01 3.023205e+01
      vertex   1.381824e+02 -9.614000e+01 3.043185e+01
      vertex   1.387000e+02 -9.614000e+01 3.050000e+01
    endloop
  endfacet
  facet normal 0.000000e+00 1.000000e+00 0.000000e+00
    outer loop
      vertex   6.611529e+01 -9.614000e+01 1.175242e+01
      vertex   6.664370e+01 -9.614000e+01 1.193732e+01
      vertex   6.720000e+01 -9.614000e+01 1.200000e+01
    endloop
  endfacet
endsolid
