solid ASCII
  facet normal 6.037850e-02 -7.683503e-15 9.981756e-01
    outer loop
      vertex   8.500000e+00 3.000000e+00 -1.450000e+01
      vertex   8.500000e+00 1.776357e-14 -1.450000e+01
      vertex   9.404025e+00 3.000000e+00 -1.455468e+01
    endloop
  endfacet
  facet normal 6.037850e-02 -8.865580e-15 9.981756e-01
    outer loop
      vertex   9.404025e+00 3.000000e+00 -1.455468e+01
      vertex   8.500000e+00 1.776357e-14 -1.450000e+01
      vertex   9.404025e+00 3.183233e-14 -1.455468e+01
    endloop
  endfacet
  facet normal 1.802550e-01 -8.736300e-15 9.836199e-01
    outer loop
      vertex   9.404025e+00 3.000000e+00 -1.455468e+01
      vertex   9.404025e+00 3.183233e-14 -1.455468e+01
      vertex   1.029487e+01 3.000000e+00 -1.471794e+01
    endloop
  endfacet
  facet normal 1.802550e-01 -8.736300e-15 9.836199e-01
    outer loop
      vertex   1.029487e+01 3.000000e+00 -1.471794e+01
      vertex   9.404025e+00 3.183233e-14 -1.455468e+01
      vertex   1.029487e+01 3.355264e-14 -1.471794e+01
    endloop
  endfacet
  facet normal 2.975031e-01 -8.479625e-15 9.547209e-01
    outer loop
      vertex   1.029487e+01 3.000000e+00 -1.471794e+01
      vertex   1.029487e+01 3.355264e-14 -1.471794e+01
      vertex   1.115954e+01 3.000000e+00 -1.498738e+01
    endloop
  endfacet
  facet normal 2.975031e-01 -8.831939e-15 9.547209e-01
    outer loop
      vertex   1.115954e+01 3.000000e+00 -1.498738e+01
      vertex   1.029487e+01 3.355264e-14 -1.471794e+01
      vertex   1.115954e+01 3.607884e-14 -1.498738e+01
    endloop
  endfacet
  facet normal 4.104128e-01 -8.585324e-15 9.118998e-01
    outer loop
      vertex   1.115954e+01 3.000000e+00 -1.498738e+01
      vertex   1.115954e+01 3.607884e-14 -1.498738e+01
      vertex   1.198542e+01 3.000000e+00 -1.535908e+01
    endloop
  endfacet
  facet normal 4.104128e-01 -8.099298e-15 9.118998e-01
    outer loop
      vertex   1.198542e+01 3.000000e+00 -1.535908e+01
      vertex   1.115954e+01 3.607884e-14 -1.498738e+01
      vertex   1.198542e+01 3.937410e-14 -1.535908e+01
    endloop
  endfacet
  facet normal 5.173378e-01 -7.600865e-15 8.557813e-01
    outer loop
      vertex   1.198542e+01 3.000000e+00 -1.535908e+01
      vertex   1.198542e+01 3.937410e-14 -1.535908e+01
      vertex   1.276049e+01 3.000000e+00 -1.582762e+01
    endloop
  endfacet
  facet normal 5.173378e-01 -7.600865e-15 8.557813e-01
    outer loop
      vertex   1.276049e+01 3.000000e+00 -1.582762e+01
      vertex   1.198542e+01 3.937410e-14 -1.535908e+01
      vertex   1.276049e+01 4.339035e-14 -1.582762e+01
    endloop
  endfacet
  facet normal 6.167189e-01 -6.991594e-15 7.871835e-01
    outer loop
      vertex   1.276049e+01 3.000000e+00 -1.582762e+01
      vertex   1.276049e+01 4.339035e-14 -1.582762e+01
      vertex   1.347342e+01 3.000000e+00 -1.638617e+01
    endloop
  endfacet
  facet normal 6.167189e-01 -6.890658e-15 7.871835e-01
    outer loop
      vertex   1.347342e+01 3.000000e+00 -1.638617e+01
      vertex   1.276049e+01 4.339035e-14 -1.582762e+01
      vertex   1.347342e+01 4.806905e-14 -1.638617e+01
    endloop
  endfacet
  facet normal 7.071068e-01 -6.280370e-15 7.071068e-01
    outer loop
      vertex   1.347342e+01 3.000000e+00 -1.638617e+01
      vertex   1.347342e+01 4.806905e-14 -1.638617e+01
      vertex   1.411383e+01 3.000000e+00 -1.702658e+01
    endloop
  endfacet
  facet normal 7.071068e-01 -6.280370e-15 7.071068e-01
    outer loop
      vertex   1.411383e+01 3.000000e+00 -1.702658e+01
      vertex   1.347342e+01 4.806905e-14 -1.638617e+01
      vertex   1.411383e+01 5.334195e-14 -1.702658e+01
    endloop
  endfacet
  facet normal 7.871835e-01 -5.578499e-15 6.167189e-01
    outer loop
      vertex   1.411383e+01 3.000000e+00 -1.702658e+01
      vertex   1.411383e+01 5.334195e-14 -1.702658e+01
      vertex   1.467238e+01 3.000000e+00 -1.773951e+01
    endloop
  endfacet
  facet normal 7.871835e-01 -5.842735e-15 6.167189e-01
    outer loop
      vertex   1.467238e+01 3.000000e+00 -1.773951e+01
      vertex   1.411383e+01 5.334195e-14 -1.702658e+01
      vertex   1.467238e+01 5.913217e-14 -1.773951e+01
    endloop
  endfacet
  facet normal 8.557813e-01 -4.901208e-15 5.173378e-01
    outer loop
      vertex   1.467238e+01 3.000000e+00 -1.773951e+01
      vertex   1.467238e+01 5.913217e-14 -1.773951e+01
      vertex   1.514092e+01 3.000000e+00 -1.851458e+01
    endloop
  endfacet
  facet normal 8.557813e-01 -4.901208e-15 5.173378e-01
    outer loop
      vertex   1.514092e+01 3.000000e+00 -1.851458e+01
      vertex   1.467238e+01 5.913217e-14 -1.773951e+01
      vertex   1.514092e+01 6.535527e-14 -1.851458e+01
    endloop
  endfacet
  facet normal 9.118998e-01 -3.888211e-15 4.104128e-01
    outer loop
      vertex   1.514092e+01 3.000000e+00 -1.851458e+01
      vertex   1.514092e+01 6.535527e-14 -1.851458e+01
      vertex   1.551262e+01 3.000000e+00 -1.934046e+01
    endloop
  endfacet
  facet normal 9.118998e-01 -4.968118e-15 4.104128e-01
    outer loop
      vertex   1.551262e+01 3.000000e+00 -1.934046e+01
      vertex   1.514092e+01 6.535527e-14 -1.851458e+01
      vertex   1.551262e+01 7.192051e-14 -1.934046e+01
    endloop
  endfacet
  facet normal 9.547209e-01 -3.949132e-15 2.975031e-01
    outer loop
      vertex   1.551262e+01 3.000000e+00 -1.934046e+01
      vertex   1.551262e+01 7.192051e-14 -1.934046e+01
      vertex   1.578206e+01 3.000000e+00 -2.020513e+01
    endloop
  endfacet
  facet normal 9.547209e-01 -2.818515e-15 2.975031e-01
    outer loop
      vertex   1.578206e+01 3.000000e+00 -2.020513e+01
      vertex   1.551262e+01 7.192051e-14 -1.934046e+01
      vertex   1.578206e+01 7.873215e-14 -2.020513e+01
    endloop
  endfacet
  facet normal 9.836199e-01 -1.707719e-15 1.802550e-01
    outer loop
      vertex   1.578206e+01 3.000000e+00 -2.020513e+01
      vertex   1.578206e+01 7.873215e-14 -2.020513e+01
      vertex   1.594532e+01 3.000000e+00 -2.109597e+01
    endloop
  endfacet
  facet normal 9.836199e-01 -1.494254e-15 1.802550e-01
    outer loop
      vertex   1.594532e+01 3.000000e+00 -2.109597e+01
      vertex   1.578206e+01 7.873215e-14 -2.020513e+01
      vertex   1.594532e+01 8.569086e-14 -2.109597e+01
    endloop
  endfacet
  facet normal 9.981756e-01 -5.005175e-16 6.037850e-02
    outer loop
      vertex   1.594532e+01 3.000000e+00 -2.109597e+01
      vertex   1.594532e+01 8.569086e-14 -2.109597e+01
      vertex   1.600000e+01 3.000000e+00 -2.200000e+01
    endloop
  endfacet
  facet normal 9.981756e-01 -4.290150e-16 6.037850e-02
    outer loop
      vertex   1.600000e+01 3.000000e+00 -2.200000e+01
      vertex   1.594532e+01 8.569086e-14 -2.109597e+01
      vertex   1.600000e+01 8.881784e-14 -2.200000e+01
    endloop
  endfacet
  facet normal 1.000000e+00 -2.427264e-30 3.416071e-16
    outer loop
      vertex   1.600000e+01 8.881784e-14 -2.200000e+01
      vertex   1.600000e+01 2.664535e-13 -4.800000e+01
      vertex   1.600000e+01 3.000000e+00 -2.200000e+01
    endloop
  endfacet
  facet normal 1.000000e+00 -2.589082e-30 3.416071e-16
    outer loop
      vertex   1.600000e+01 3.000000e+00 -2.200000e+01
      vertex   1.600000e+01 2.664535e-13 -4.800000e+01
      vertex   1.600000e+01 3.000000e+00 -4.800000e+01
    endloop
  endfacet
  facet normal 9.981756e-01 4.290150e-16 -6.037850e-02
    outer loop
      vertex   1.600000e+01 3.000000e+00 -4.800000e+01
      vertex   1.600000e+01 2.664535e-13 -4.800000e+01
      vertex   1.594532e+01 3.000000e+00 -4.890403e+01
    endloop
  endfacet
  facet normal 9.981756e-01 2.860100e-16 -6.037850e-02
    outer loop
      vertex   1.594532e+01 3.000000e+00 -4.890403e+01
      vertex   1.600000e+01 2.664535e-13 -4.800000e+01
      vertex   1.594532e+01 2.972066e-13 -4.890403e+01
    endloop
  endfacet
  facet normal 9.836199e-01 8.538594e-16 -1.802550e-01
    outer loop
      vertex   1.594532e+01 3.000000e+00 -4.890403e+01
      vertex   1.594532e+01 2.972066e-13 -4.890403e+01
      vertex   1.578206e+01 3.000000e+00 -4.979487e+01
    endloop
  endfacet
  facet normal 9.836199e-01 1.280789e-15 -1.802550e-01
    outer loop
      vertex   1.578206e+01 3.000000e+00 -4.979487e+01
      vertex   1.594532e+01 2.972066e-13 -4.890403e+01
      vertex   1.578206e+01 3.036596e-13 -4.979487e+01
    endloop
  endfacet
  facet normal 9.547209e-01 2.113886e-15 -2.975031e-01
    outer loop
      vertex   1.578206e+01 3.000000e+00 -4.979487e+01
      vertex   1.578206e+01 3.036596e-13 -4.979487e+01
      vertex   1.551262e+01 3.000000e+00 -5.065954e+01
    endloop
  endfacet
  facet normal 9.547209e-01 2.113886e-15 -2.975031e-01
    outer loop
      vertex   1.551262e+01 3.000000e+00 -5.065954e+01
      vertex   1.578206e+01 3.036596e-13 -4.979487e+01
      vertex   1.551262e+01 3.098292e-13 -5.065954e+01
    endloop
  endfacet
  facet normal 9.118998e-01 2.916158e-15 -4.104128e-01
    outer loop
      vertex   1.551262e+01 3.000000e+00 -5.065954e+01
      vertex   1.551262e+01 3.098292e-13 -5.065954e+01
      vertex   1.514092e+01 3.000000e+00 -5.148542e+01
    endloop
  endfacet
  facet normal 9.118998e-01 1.944106e-15 -4.104128e-01
    outer loop
      vertex   1.514092e+01 3.000000e+00 -5.148542e+01
      vertex   1.551262e+01 3.098292e-13 -5.065954e+01
      vertex   1.514092e+01 3.156253e-13 -5.148542e+01
    endloop
  endfacet
  facet normal 8.557813e-01 2.450604e-15 -5.173378e-01
    outer loop
      vertex   1.514092e+01 3.000000e+00 -5.148542e+01
      vertex   1.514092e+01 3.156253e-13 -5.148542e+01
      vertex   1.467238e+01 3.000000e+00 -5.226049e+01
    endloop
  endfacet
  facet normal 8.557813e-01 3.675906e-15 -5.173378e-01
    outer loop
      vertex   1.467238e+01 3.000000e+00 -5.226049e+01
      vertex   1.514092e+01 3.156253e-13 -5.148542e+01
      vertex   1.467238e+01 3.209633e-13 -5.226049e+01
    endloop
  endfacet
  facet normal 7.871835e-01 4.382051e-15 -6.167189e-01
    outer loop
      vertex   1.467238e+01 3.000000e+00 -5.226049e+01
      vertex   1.467238e+01 3.209633e-13 -5.226049e+01
      vertex   1.411383e+01 3.000000e+00 -5.297342e+01
    endloop
  endfacet
  facet normal 7.871835e-01 3.387474e-15 -6.167189e-01
    outer loop
      vertex   1.411383e+01 3.000000e+00 -5.297342e+01
      vertex   1.467238e+01 3.209633e-13 -5.226049e+01
      vertex   1.411383e+01 3.257656e-13 -5.297342e+01
    endloop
  endfacet
  facet normal 7.071068e-01 3.768222e-15 -7.071068e-01
    outer loop
      vertex   1.411383e+01 3.000000e+00 -5.297342e+01
      vertex   1.411383e+01 3.257656e-13 -5.297342e+01
      vertex   1.347342e+01 3.000000e+00 -5.361383e+01
    endloop
  endfacet
  facet normal 7.071068e-01 3.768222e-15 -7.071068e-01
    outer loop
      vertex   1.347342e+01 3.000000e+00 -5.361383e+01
      vertex   1.411383e+01 3.257656e-13 -5.297342e+01
      vertex   1.347342e+01 3.299619e-13 -5.361383e+01
    endloop
  endfacet
  facet normal 6.167189e-01 4.094021e-15 -7.871835e-01
    outer loop
      vertex   1.347342e+01 3.000000e+00 -5.361383e+01
      vertex   1.347342e+01 3.299619e-13 -5.361383e+01
      vertex   1.276049e+01 3.000000e+00 -5.417238e+01
    endloop
  endfacet
  facet normal 6.167189e-01 3.728850e-15 -7.871835e-01
    outer loop
      vertex   1.276049e+01 3.000000e+00 -5.417238e+01
      vertex   1.347342e+01 3.299619e-13 -5.361383e+01
      vertex   1.276049e+01 3.334912e-13 -5.417238e+01
    endloop
  endfacet
  facet normal 5.173378e-01 4.053794e-15 -8.557813e-01
    outer loop
      vertex   1.276049e+01 3.000000e+00 -5.417238e+01
      vertex   1.276049e+01 3.334912e-13 -5.417238e+01
      vertex   1.198542e+01 3.000000e+00 -5.464092e+01
    endloop
  endfacet
  facet normal 5.173378e-01 4.053794e-15 -8.557813e-01
    outer loop
      vertex   1.198542e+01 3.000000e+00 -5.464092e+01
      vertex   1.276049e+01 3.334912e-13 -5.417238e+01
      vertex   1.198542e+01 3.363020e-13 -5.464092e+01
    endloop
  endfacet
  facet normal 4.104128e-01 4.319625e-15 -9.118998e-01
    outer loop
      vertex   1.198542e+01 3.000000e+00 -5.464092e+01
      vertex   1.198542e+01 3.363020e-13 -5.464092e+01
      vertex   1.115954e+01 3.000000e+00 -5.501262e+01
    endloop
  endfacet
  facet normal 4.104128e-01 6.479438e-15 -9.118998e-01
    outer loop
      vertex   1.115954e+01 3.000000e+00 -5.501262e+01
      vertex   1.198542e+01 3.363020e-13 -5.464092e+01
      vertex   1.115954e+01 3.383532e-13 -5.501262e+01
    endloop
  endfacet
  facet normal 2.975031e-01 6.783700e-15 -9.547209e-01
    outer loop
      vertex   1.115954e+01 3.000000e+00 -5.501262e+01
      vertex   1.115954e+01 3.383532e-13 -5.501262e+01
      vertex   1.029487e+01 3.000000e+00 -5.528206e+01
    endloop
  endfacet
  facet normal 2.975031e-01 6.783700e-15 -9.547209e-01
    outer loop
      vertex   1.029487e+01 3.000000e+00 -5.528206e+01
      vertex   1.115954e+01 3.383532e-13 -5.501262e+01
      vertex   1.029487e+01 3.396150e-13 -5.528206e+01
    endloop
  endfacet
  facet normal 1.802550e-01 6.989040e-15 -9.836199e-01
    outer loop
      vertex   1.029487e+01 3.000000e+00 -5.528206e+01
      vertex   1.029487e+01 3.396150e-13 -5.528206e+01
      vertex   9.404025e+00 3.000000e+00 -5.544532e+01
    endloop
  endfacet
  facet normal 1.802550e-01 7.095772e-15 -9.836199e-01
    outer loop
      vertex   9.404025e+00 3.000000e+00 -5.544532e+01
      vertex   1.029487e+01 3.396150e-13 -5.528206e+01
      vertex   9.404025e+00 3.400690e-13 -5.544532e+01
    endloop
  endfacet
  facet normal 6.037850e-02 7.128215e-15 -9.981756e-01
    outer loop
      vertex   9.404025e+00 3.000000e+00 -5.544532e+01
      vertex   9.404025e+00 3.400690e-13 -5.544532e+01
      vertex   8.500000e+00 3.000000e+00 -5.550000e+01
    endloop
  endfacet
  facet normal 6.037850e-02 7.092464e-15 -9.981756e-01
    outer loop
      vertex   8.500000e+00 3.000000e+00 -5.550000e+01
      vertex   9.404025e+00 3.400690e-13 -5.544532e+01
      vertex   8.500000e+00 3.197442e-13 -5.550000e+01
    endloop
  endfacet
  facet normal 0.000000e+00 7.105427e-15 -1.000000e+00
    outer loop
      vertex   8.500000e+00 3.000000e+00 -5.550000e+01
      vertex   8.500000e+00 3.197442e-13 -5.550000e+01
      vertex   -5.000000e+00 3.000000e+00 -5.550000e+01
    endloop
  endfacet
  facet normal 4.584147e-16 9.168293e-15 -1.000000e+00
    outer loop
      vertex   -5.000000e+00 3.000000e+00 -5.550000e+01
      vertex   8.500000e+00 3.197442e-13 -5.550000e+01
      vertex   -7.000000e+00 3.197442e-13 -5.550000e+01
    endloop
  endfacet
  facet normal 3.611598e-15 7.066171e-15 -1.000000e+00
    outer loop
      vertex   -5.000000e+00 3.000000e+00 -5.550000e+01
      vertex   -7.000000e+00 3.197442e-13 -5.550000e+01
      vertex   -7.000000e+00 1.810000e+01 -5.550000e+01
    endloop
  endfacet
  facet normal 0.000000e+00 6.587813e-15 -1.000000e+00
    outer loop
      vertex   -7.000000e+00 1.810000e+01 -5.550000e+01
      vertex   -5.000000e+00 1.810000e+01 -5.550000e+01
      vertex   -5.000000e+00 3.000000e+00 -5.550000e+01
    endloop
  endfacet
  facet normal 1.000000e+00 -2.910061e-14 5.853509e-14
    outer loop
      vertex   -5.000000e+00 1.104060e+01 -1.800957e+01
      vertex   -5.000000e+00 1.810000e+01 -1.450000e+01
      vertex   -5.000000e+00 1.055000e+01 -1.795000e+01
    endloop
  endfacet
  facet normal 1.000000e+00 1.176395e-15 -7.723291e-15
    outer loop
      vertex   -5.000000e+00 1.055000e+01 -1.795000e+01
      vertex   -5.000000e+00 1.810000e+01 -1.450000e+01
      vertex   -5.000000e+00 3.000000e+00 -1.450000e+01
    endloop
  endfacet
  facet normal 1.000000e+00 2.959455e-14 5.446716e-14
    outer loop
      vertex   -5.000000e+00 1.055000e+01 -1.795000e+01
      vertex   -5.000000e+00 3.000000e+00 -1.450000e+01
      vertex   -5.000000e+00 1.005940e+01 -1.800957e+01
    endloop
  endfacet
  facet normal 1.000000e+00 1.088896e-15 -2.871182e-15
    outer loop
      vertex   -5.000000e+00 1.005940e+01 -1.800957e+01
      vertex   -5.000000e+00 3.000000e+00 -1.450000e+01
      vertex   -5.000000e+00 9.597317e+00 -1.818482e+01
    endloop
  endfacet
  facet normal 1.000000e+00 2.464987e-15 -4.074205e-16
    outer loop
      vertex   -5.000000e+00 9.597317e+00 -1.818482e+01
      vertex   -5.000000e+00 3.000000e+00 -1.450000e+01
      vertex   -5.000000e+00 9.190599e+00 -1.846555e+01
    endloop
  endfacet
  facet normal 1.000000e+00 1.739055e-15 -1.540668e-15
    outer loop
      vertex   -5.000000e+00 9.190599e+00 -1.846555e+01
      vertex   -5.000000e+00 3.000000e+00 -1.450000e+01
      vertex   -5.000000e+00 8.862883e+00 -1.883547e+01
    endloop
  endfacet
  facet normal 1.000000e+00 2.073574e-15 -1.088295e-15
    outer loop
      vertex   -5.000000e+00 8.862883e+00 -1.883547e+01
      vertex   -5.000000e+00 3.000000e+00 -1.450000e+01
      vertex   -5.000000e+00 8.633217e+00 -1.927306e+01
    endloop
  endfacet
  facet normal 1.000000e+00 2.478151e-15 -6.108093e-16
    outer loop
      vertex   -5.000000e+00 8.633217e+00 -1.927306e+01
      vertex   -5.000000e+00 3.000000e+00 -1.450000e+01
      vertex   -5.000000e+00 8.514947e+00 -1.975290e+01
    endloop
  endfacet
  facet normal 1.000000e+00 3.059937e-15 2.199731e-29
    outer loop
      vertex   -5.000000e+00 8.514947e+00 -1.975290e+01
      vertex   -5.000000e+00 3.000000e+00 -1.450000e+01
      vertex   -5.000000e+00 8.514947e+00 -2.024710e+01
    endloop
  endfacet
  facet normal 1.000000e+00 1.783804e-15 -1.224584e-15
    outer loop
      vertex   -5.000000e+00 8.514947e+00 -2.024710e+01
      vertex   -5.000000e+00 3.000000e+00 -1.450000e+01
      vertex   -5.000000e+00 8.514947e+00 -3.475290e+01
    endloop
  endfacet
  facet normal 1.000000e+00 -4.968332e-15 -1.224584e-15
    outer loop
      vertex   -5.000000e+00 8.514947e+00 -2.024710e+01
      vertex   -5.000000e+00 8.514947e+00 -3.475290e+01
      vertex   -5.000000e+00 8.633217e+00 -2.072694e+01
    endloop
  endfacet
  facet normal 1.000000e+00 5.320315e-15 -1.311340e-15
    outer loop
      vertex   -5.000000e+00 8.633217e+00 -2.072694e+01
      vertex   -5.000000e+00 8.514947e+00 -3.475290e+01
      vertex   -5.000000e+00 8.633217e+00 -3.427306e+01
    endloop
  endfacet
  facet normal 1.000000e+00 -2.498550e-15 -1.311340e-15
    outer loop
      vertex   -5.000000e+00 8.633217e+00 -2.072694e+01
      vertex   -5.000000e+00 8.633217e+00 -3.427306e+01
      vertex   -5.000000e+00 8.862883e+00 -2.116453e+01
    endloop
  endfacet
  facet normal 1.000000e+00 2.671125e-15 -1.401915e-15
    outer loop
      vertex   -5.000000e+00 8.862883e+00 -2.116453e+01
      vertex   -5.000000e+00 8.633217e+00 -3.427306e+01
      vertex   -5.000000e+00 8.862883e+00 -3.383547e+01
    endloop
  endfacet
  facet normal 1.000000e+00 -1.582434e-15 -1.401915e-15
    outer loop
      vertex   -5.000000e+00 8.862883e+00 -2.116453e+01
      vertex   -5.000000e+00 8.862883e+00 -3.383547e+01
      vertex   -5.000000e+00 9.190599e+00 -2.153445e+01
    endloop
  endfacet
  facet normal 1.000000e+00 1.680559e-15 -1.488845e-15
    outer loop
      vertex   -5.000000e+00 9.190599e+00 -2.153445e+01
      vertex   -5.000000e+00 8.862883e+00 -3.383547e+01
      vertex   -5.000000e+00 9.190599e+00 -3.346555e+01
    endloop
  endfacet
  facet normal 1.000000e+00 1.156089e-15 -1.488845e-15
    outer loop
      vertex   -5.000000e+00 9.190599e+00 -2.153445e+01
      vertex   -5.000000e+00 9.190599e+00 -3.346555e+01
      vertex   -5.000000e+00 9.597317e+00 -2.181518e+01
    endloop
  endfacet
  facet normal 1.000000e+00 1.024505e-15 -1.484251e-15
    outer loop
      vertex   -5.000000e+00 9.597317e+00 -2.181518e+01
      vertex   -5.000000e+00 9.190599e+00 -3.346555e+01
      vertex   -5.000000e+00 9.597317e+00 -3.318482e+01
    endloop
  endfacet
  facet normal 1.000000e+00 -5.629023e-16 -1.484251e-15
    outer loop
      vertex   -5.000000e+00 9.597317e+00 -2.181518e+01
      vertex   -5.000000e+00 9.597317e+00 -3.318482e+01
      vertex   -5.000000e+00 1.005940e+01 -2.199043e+01
    endloop
  endfacet
  facet normal 1.000000e+00 4.486162e-15 -1.692668e-15
    outer loop
      vertex   -5.000000e+00 1.005940e+01 -2.199043e+01
      vertex   -5.000000e+00 9.597317e+00 -3.318482e+01
      vertex   -5.000000e+00 1.005940e+01 -3.300957e+01
    endloop
  endfacet
  facet normal 1.000000e+00 -2.055271e-16 -1.692668e-15
    outer loop
      vertex   -5.000000e+00 1.005940e+01 -2.199043e+01
      vertex   -5.000000e+00 1.005940e+01 -3.300957e+01
      vertex   -5.000000e+00 1.055000e+01 -2.205000e+01
    endloop
  endfacet
  facet normal 1.000000e+00 -1.612523e-15 -1.629685e-15
    outer loop
      vertex   -5.000000e+00 1.055000e+01 -2.205000e+01
      vertex   -5.000000e+00 1.005940e+01 -3.300957e+01
      vertex   -5.000000e+00 1.055000e+01 -3.295000e+01
    endloop
  endfacet
  facet normal 1.000000e+00 1.978796e-16 -1.629685e-15
    outer loop
      vertex   -5.000000e+00 1.055000e+01 -2.205000e+01
      vertex   -5.000000e+00 1.055000e+01 -3.295000e+01
      vertex   -5.000000e+00 1.104060e+01 -2.199043e+01
    endloop
  endfacet
  facet normal 1.000000e+00 1.604876e-15 -1.692668e-15
    outer loop
      vertex   -5.000000e+00 1.104060e+01 -2.199043e+01
      vertex   -5.000000e+00 1.055000e+01 -3.295000e+01
      vertex   -5.000000e+00 1.104060e+01 -3.300957e+01
    endloop
  endfacet
  facet normal 1.000000e+00 6.419444e-16 -1.692668e-15
    outer loop
      vertex   -5.000000e+00 1.104060e+01 -2.199043e+01
      vertex   -5.000000e+00 1.104060e+01 -3.300957e+01
      vertex   -5.000000e+00 1.150268e+01 -2.181518e+01
    endloop
  endfacet
  facet normal 1.000000e+00 -6.221552e-16 -1.640488e-15
    outer loop
      vertex   -5.000000e+00 1.150268e+01 -2.181518e+01
      vertex   -5.000000e+00 1.104060e+01 -3.300957e+01
      vertex   -5.000000e+00 1.150268e+01 -3.318482e+01
    endloop
  endfacet
  facet normal 1.000000e+00 3.316112e-15 -1.640488e-15
    outer loop
      vertex   -5.000000e+00 1.150268e+01 -2.181518e+01
      vertex   -5.000000e+00 1.150268e+01 -3.318482e+01
      vertex   -5.000000e+00 1.190940e+01 -2.153445e+01
    endloop
  endfacet
  facet normal 1.000000e+00 -1.027676e-15 -1.488845e-15
    outer loop
      vertex   -5.000000e+00 1.190940e+01 -2.153445e+01
      vertex   -5.000000e+00 1.150268e+01 -3.318482e+01
      vertex   -5.000000e+00 1.190940e+01 -3.346555e+01
    endloop
  endfacet
  facet normal 1.000000e+00 1.680559e-15 -1.488845e-15
    outer loop
      vertex   -5.000000e+00 1.190940e+01 -2.153445e+01
      vertex   -5.000000e+00 1.190940e+01 -3.346555e+01
      vertex   -5.000000e+00 1.223712e+01 -2.116453e+01
    endloop
  endfacet
  facet normal 1.000000e+00 -1.582434e-15 -1.401915e-15
    outer loop
      vertex   -5.000000e+00 1.223712e+01 -2.116453e+01
      vertex   -5.000000e+00 1.190940e+01 -3.346555e+01
      vertex   -5.000000e+00 1.223712e+01 -3.383547e+01
    endloop
  endfacet
  facet normal 1.000000e+00 2.671125e-15 -1.401915e-15
    outer loop
      vertex   -5.000000e+00 1.223712e+01 -2.116453e+01
      vertex   -5.000000e+00 1.223712e+01 -3.383547e+01
      vertex   -5.000000e+00 1.246678e+01 -2.072694e+01
    endloop
  endfacet
  facet normal 1.000000e+00 -2.498550e-15 -1.311340e-15
    outer loop
      vertex   -5.000000e+00 1.246678e+01 -2.072694e+01
      vertex   -5.000000e+00 1.223712e+01 -3.383547e+01
      vertex   -5.000000e+00 1.246678e+01 -3.427306e+01
    endloop
  endfacet
  facet normal 1.000000e+00 5.320315e-15 -1.311340e-15
    outer loop
      vertex   -5.000000e+00 1.246678e+01 -2.072694e+01
      vertex   -5.000000e+00 1.246678e+01 -3.427306e+01
      vertex   -5.000000e+00 1.258505e+01 -2.024710e+01
    endloop
  endfacet
  facet normal 1.000000e+00 -4.968332e-15 -1.224584e-15
    outer loop
      vertex   -5.000000e+00 1.258505e+01 -2.024710e+01
      vertex   -5.000000e+00 1.246678e+01 -3.427306e+01
      vertex   -5.000000e+00 1.258505e+01 -3.475290e+01
    endloop
  endfacet
  facet normal 1.000000e+00 1.115084e-15 -1.224584e-15
    outer loop
      vertex   -5.000000e+00 1.258505e+01 -2.024710e+01
      vertex   -5.000000e+00 1.258505e+01 -3.475290e+01
      vertex   -5.000000e+00 1.810000e+01 -1.450000e+01
    endloop
  endfacet
  facet normal 1.000000e+00 -3.382036e-15 -2.315507e-29
    outer loop
      vertex   -5.000000e+00 1.810000e+01 -1.450000e+01
      vertex   -5.000000e+00 1.258505e+01 -3.475290e+01
      vertex   -5.000000e+00 1.258505e+01 -3.524710e+01
    endloop
  endfacet
  facet normal 1.000000e+00 -3.382036e-15 -2.637528e-29
    outer loop
      vertex   -5.000000e+00 1.810000e+01 -1.450000e+01
      vertex   -5.000000e+00 1.258505e+01 -3.524710e+01
      vertex   -5.000000e+00 1.810000e+01 -5.550000e+01
    endloop
  endfacet
  facet normal 1.000000e+00 1.115084e-15 1.224584e-15
    outer loop
      vertex   -5.000000e+00 1.810000e+01 -5.550000e+01
      vertex   -5.000000e+00 1.258505e+01 -3.524710e+01
      vertex   -5.000000e+00 1.258505e+01 -4.975290e+01
    endloop
  endfacet
  facet normal 1.000000e+00 -1.610493e-16 -1.157753e-30
    outer loop
      vertex   -5.000000e+00 1.810000e+01 -5.550000e+01
      vertex   -5.000000e+00 1.258505e+01 -4.975290e+01
      vertex   -5.000000e+00 1.258505e+01 -5.024710e+01
    endloop
  endfacet
  facet normal 1.000000e+00 -0.000000e+00 0.000000e+00
    outer loop
      vertex   -5.000000e+00 1.104060e+01 -1.800957e+01
      vertex   -5.000000e+00 1.150268e+01 -1.818482e+01
      vertex   -5.000000e+00 1.810000e+01 -1.450000e+01
    endloop
  endfacet
  facet normal 1.000000e+00 9.767138e-16 -1.748715e-15
    outer loop
      vertex   -5.000000e+00 1.810000e+01 -1.450000e+01
      vertex   -5.000000e+00 1.150268e+01 -1.818482e+01
      vertex   -5.000000e+00 1.190940e+01 -1.846555e+01
    endloop
  endfacet
  facet normal 1.000000e+00 -9.152919e-17 -8.108779e-17
    outer loop
      vertex   -5.000000e+00 1.810000e+01 -1.450000e+01
      vertex   -5.000000e+00 1.190940e+01 -1.846555e+01
      vertex   -5.000000e+00 1.223712e+01 -1.883547e+01
    endloop
  endfacet
  facet normal 1.000000e+00 -1.091355e-16 -5.727871e-17
    outer loop
      vertex   -5.000000e+00 1.223712e+01 -1.883547e+01
      vertex   -5.000000e+00 1.246678e+01 -1.927306e+01
      vertex   -5.000000e+00 1.810000e+01 -1.450000e+01
    endloop
  endfacet
  facet normal 1.000000e+00 -1.304290e-16 -3.214786e-17
    outer loop
      vertex   -5.000000e+00 1.810000e+01 -1.450000e+01
      vertex   -5.000000e+00 1.246678e+01 -1.927306e+01
      vertex   -5.000000e+00 1.258505e+01 -1.975290e+01
    endloop
  endfacet
  facet normal 1.000000e+00 -1.610493e-16 -1.157753e-30
    outer loop
      vertex   -5.000000e+00 1.810000e+01 -1.450000e+01
      vertex   -5.000000e+00 1.258505e+01 -1.975290e+01
      vertex   -5.000000e+00 1.258505e+01 -2.024710e+01
    endloop
  endfacet
  facet normal 1.000000e+00 -3.602210e-14 1.531462e-15
    outer loop
      vertex   -5.000000e+00 1.104060e+01 -4.800957e+01
      vertex   -5.000000e+00 1.104060e+01 -3.699043e+01
      vertex   -5.000000e+00 1.055000e+01 -4.795000e+01
    endloop
  endfacet
  facet normal 1.000000e+00 9.893980e-18 -8.148426e-17
    outer loop
      vertex   -5.000000e+00 1.055000e+01 -4.795000e+01
      vertex   -5.000000e+00 1.104060e+01 -3.699043e+01
      vertex   -5.000000e+00 1.055000e+01 -3.705000e+01
    endloop
  endfacet
  facet normal 1.000000e+00 3.621795e-14 -8.148426e-17
    outer loop
      vertex   -5.000000e+00 1.055000e+01 -4.795000e+01
      vertex   -5.000000e+00 1.055000e+01 -3.705000e+01
      vertex   -5.000000e+00 1.005940e+01 -4.800957e+01
    endloop
  endfacet
  facet normal 1.000000e+00 1.859531e-16 1.531462e-15
    outer loop
      vertex   -5.000000e+00 1.005940e+01 -4.800957e+01
      vertex   -5.000000e+00 1.055000e+01 -3.705000e+01
      vertex   -5.000000e+00 1.005940e+01 -3.699043e+01
    endloop
  endfacet
  facet normal 1.000000e+00 -5.808069e-16 1.531462e-15
    outer loop
      vertex   -5.000000e+00 1.005940e+01 -4.800957e+01
      vertex   -5.000000e+00 1.005940e+01 -3.699043e+01
      vertex   -5.000000e+00 9.597317e+00 -4.818482e+01
    endloop
  endfacet
  facet normal 1.000000e+00 5.629023e-16 1.484251e-15
    outer loop
      vertex   -5.000000e+00 9.597317e+00 -4.818482e+01
      vertex   -5.000000e+00 1.005940e+01 -3.699043e+01
      vertex   -5.000000e+00 9.597317e+00 -3.681518e+01
    endloop
  endfacet
  facet normal 1.000000e+00 1.159260e-15 1.484251e-15
    outer loop
      vertex   -5.000000e+00 9.597317e+00 -4.818482e+01
      vertex   -5.000000e+00 9.597317e+00 -3.681518e+01
      vertex   -5.000000e+00 9.190599e+00 -4.846555e+01
    endloop
  endfacet
  facet normal 1.000000e+00 1.027676e-15 1.488845e-15
    outer loop
      vertex   -5.000000e+00 9.190599e+00 -4.846555e+01
      vertex   -5.000000e+00 9.597317e+00 -3.681518e+01
      vertex   -5.000000e+00 9.190599e+00 -3.653445e+01
    endloop
  endfacet
  facet normal 1.000000e+00 -1.680559e-15 1.488845e-15
    outer loop
      vertex   -5.000000e+00 9.190599e+00 -4.846555e+01
      vertex   -5.000000e+00 9.190599e+00 -3.653445e+01
      vertex   -5.000000e+00 8.862883e+00 -4.883547e+01
    endloop
  endfacet
  facet normal 1.000000e+00 1.582434e-15 1.401915e-15
    outer loop
      vertex   -5.000000e+00 8.862883e+00 -4.883547e+01
      vertex   -5.000000e+00 9.190599e+00 -3.653445e+01
      vertex   -5.000000e+00 8.862883e+00 -3.616453e+01
    endloop
  endfacet
  facet normal 1.000000e+00 -2.671125e-15 1.401915e-15
    outer loop
      vertex   -5.000000e+00 8.862883e+00 -4.883547e+01
      vertex   -5.000000e+00 8.862883e+00 -3.616453e+01
      vertex   -5.000000e+00 8.633217e+00 -4.927306e+01
    endloop
  endfacet
  facet normal 1.000000e+00 2.498550e-15 1.311340e-15
    outer loop
      vertex   -5.000000e+00 8.633217e+00 -4.927306e+01
      vertex   -5.000000e+00 8.862883e+00 -3.616453e+01
      vertex   -5.000000e+00 8.633217e+00 -3.572694e+01
    endloop
  endfacet
  facet normal 1.000000e+00 -5.320315e-15 1.311340e-15
    outer loop
      vertex   -5.000000e+00 8.633217e+00 -4.927306e+01
      vertex   -5.000000e+00 8.633217e+00 -3.572694e+01
      vertex   -5.000000e+00 8.514947e+00 -4.975290e+01
    endloop
  endfacet
  facet normal 1.000000e+00 4.968332e-15 1.224584e-15
    outer loop
      vertex   -5.000000e+00 8.514947e+00 -4.975290e+01
      vertex   -5.000000e+00 8.633217e+00 -3.572694e+01
      vertex   -5.000000e+00 8.514947e+00 -3.524710e+01
    endloop
  endfacet
  facet normal 1.000000e+00 1.783804e-15 1.224584e-15
    outer loop
      vertex   -5.000000e+00 8.514947e+00 -4.975290e+01
      vertex   -5.000000e+00 8.514947e+00 -3.524710e+01
      vertex   -5.000000e+00 3.000000e+00 -5.550000e+01
    endloop
  endfacet
  facet normal 1.000000e+00 6.280923e-15 7.409621e-29
    outer loop
      vertex   -5.000000e+00 3.000000e+00 -5.550000e+01
      vertex   -5.000000e+00 8.514947e+00 -3.524710e+01
      vertex   -5.000000e+00 8.514947e+00 -3.475290e+01
    endloop
  endfacet
  facet normal 1.000000e+00 6.280923e-15 4.626140e-29
    outer loop
      vertex   -5.000000e+00 3.000000e+00 -5.550000e+01
      vertex   -5.000000e+00 8.514947e+00 -3.475290e+01
      vertex   -5.000000e+00 3.000000e+00 -1.450000e+01
    endloop
  endfacet
  facet normal 1.000000e+00 3.263411e-15 1.531462e-15
    outer loop
      vertex   -5.000000e+00 1.104060e+01 -3.699043e+01
      vertex   -5.000000e+00 1.104060e+01 -4.800957e+01
      vertex   -5.000000e+00 1.150268e+01 -3.681518e+01
    endloop
  endfacet
  facet normal 1.000000e+00 6.221552e-16 1.640488e-15
    outer loop
      vertex   -5.000000e+00 1.150268e+01 -3.681518e+01
      vertex   -5.000000e+00 1.104060e+01 -4.800957e+01
      vertex   -5.000000e+00 1.150268e+01 -4.818482e+01
    endloop
  endfacet
  facet normal 1.000000e+00 -1.132347e-15 1.640488e-15
    outer loop
      vertex   -5.000000e+00 1.150268e+01 -3.681518e+01
      vertex   -5.000000e+00 1.150268e+01 -4.818482e+01
      vertex   -5.000000e+00 1.190940e+01 -3.653445e+01
    endloop
  endfacet
  facet normal 1.000000e+00 3.211440e-15 1.488845e-15
    outer loop
      vertex   -5.000000e+00 1.190940e+01 -3.653445e+01
      vertex   -5.000000e+00 1.150268e+01 -4.818482e+01
      vertex   -5.000000e+00 1.190940e+01 -4.846555e+01
    endloop
  endfacet
  facet normal 1.000000e+00 -1.680559e-15 1.488845e-15
    outer loop
      vertex   -5.000000e+00 1.190940e+01 -3.653445e+01
      vertex   -5.000000e+00 1.190940e+01 -4.846555e+01
      vertex   -5.000000e+00 1.223712e+01 -3.616453e+01
    endloop
  endfacet
  facet normal 1.000000e+00 1.582434e-15 1.401915e-15
    outer loop
      vertex   -5.000000e+00 1.223712e+01 -3.616453e+01
      vertex   -5.000000e+00 1.190940e+01 -4.846555e+01
      vertex   -5.000000e+00 1.223712e+01 -4.883547e+01
    endloop
  endfacet
  facet normal 1.000000e+00 -2.671125e-15 1.401915e-15
    outer loop
      vertex   -5.000000e+00 1.223712e+01 -3.616453e+01
      vertex   -5.000000e+00 1.223712e+01 -4.883547e+01
      vertex   -5.000000e+00 1.246678e+01 -3.572694e+01
    endloop
  endfacet
  facet normal 1.000000e+00 2.498550e-15 1.311340e-15
    outer loop
      vertex   -5.000000e+00 1.246678e+01 -3.572694e+01
      vertex   -5.000000e+00 1.223712e+01 -4.883547e+01
      vertex   -5.000000e+00 1.246678e+01 -4.927306e+01
    endloop
  endfacet
  facet normal 1.000000e+00 -5.320315e-15 1.311340e-15
    outer loop
      vertex   -5.000000e+00 1.246678e+01 -3.572694e+01
      vertex   -5.000000e+00 1.246678e+01 -4.927306e+01
      vertex   -5.000000e+00 1.258505e+01 -3.524710e+01
    endloop
  endfacet
  facet normal 1.000000e+00 4.968332e-15 1.224584e-15
    outer loop
      vertex   -5.000000e+00 1.258505e+01 -3.524710e+01
      vertex   -5.000000e+00 1.246678e+01 -4.927306e+01
      vertex   -5.000000e+00 1.258505e+01 -4.975290e+01
    endloop
  endfacet
  facet normal 1.000000e+00 -1.304290e-16 3.214786e-17
    outer loop
      vertex   -5.000000e+00 1.258505e+01 -5.024710e+01
      vertex   -5.000000e+00 1.246678e+01 -5.072694e+01
      vertex   -5.000000e+00 1.810000e+01 -5.550000e+01
    endloop
  endfacet
  facet normal 1.000000e+00 -1.091355e-16 5.727871e-17
    outer loop
      vertex   -5.000000e+00 1.810000e+01 -5.550000e+01
      vertex   -5.000000e+00 1.246678e+01 -5.072694e+01
      vertex   -5.000000e+00 1.223712e+01 -5.116453e+01
    endloop
  endfacet
  facet normal 1.000000e+00 -9.152919e-17 8.108779e-17
    outer loop
      vertex   -5.000000e+00 1.810000e+01 -5.550000e+01
      vertex   -5.000000e+00 1.223712e+01 -5.116453e+01
      vertex   -5.000000e+00 1.190940e+01 -5.153445e+01
    endloop
  endfacet
  facet normal 1.000000e+00 9.767138e-16 1.748715e-15
    outer loop
      vertex   -5.000000e+00 1.190940e+01 -5.153445e+01
      vertex   -5.000000e+00 1.150268e+01 -5.181518e+01
      vertex   -5.000000e+00 1.810000e+01 -5.550000e+01
    endloop
  endfacet
  facet normal 1.000000e+00 0.000000e+00 0.000000e+00
    outer loop
      vertex   -5.000000e+00 1.810000e+01 -5.550000e+01
      vertex   -5.000000e+00 1.150268e+01 -5.181518e+01
      vertex   -5.000000e+00 1.104060e+01 -5.199043e+01
    endloop
  endfacet
  facet normal 1.000000e+00 0.000000e+00 0.000000e+00
    outer loop
      vertex   -5.000000e+00 1.810000e+01 -5.550000e+01
      vertex   -5.000000e+00 1.104060e+01 -5.199043e+01
      vertex   -5.000000e+00 1.055000e+01 -5.205000e+01
    endloop
  endfacet
  facet normal 1.000000e+00 1.176395e-15 2.574430e-15
    outer loop
      vertex   -5.000000e+00 1.810000e+01 -5.550000e+01
      vertex   -5.000000e+00 1.055000e+01 -5.205000e+01
      vertex   -5.000000e+00 3.000000e+00 -5.550000e+01
    endloop
  endfacet
  facet normal 1.000000e+00 4.939359e-16 4.067928e-15
    outer loop
      vertex   -5.000000e+00 3.000000e+00 -5.550000e+01
      vertex   -5.000000e+00 1.055000e+01 -5.205000e+01
      vertex   -5.000000e+00 1.005940e+01 -5.199043e+01
    endloop
  endfacet
  facet normal 1.000000e+00 1.088896e-15 2.871182e-15
    outer loop
      vertex   -5.000000e+00 3.000000e+00 -5.550000e+01
      vertex   -5.000000e+00 1.005940e+01 -5.199043e+01
      vertex   -5.000000e+00 9.597317e+00 -5.181518e+01
    endloop
  endfacet
  facet normal 1.000000e+00 2.464987e-15 4.074205e-16
    outer loop
      vertex   -5.000000e+00 9.597317e+00 -5.181518e+01
      vertex   -5.000000e+00 9.190599e+00 -5.153445e+01
      vertex   -5.000000e+00 3.000000e+00 -5.550000e+01
    endloop
  endfacet
  facet normal 1.000000e+00 1.739055e-15 1.540668e-15
    outer loop
      vertex   -5.000000e+00 3.000000e+00 -5.550000e+01
      vertex   -5.000000e+00 9.190599e+00 -5.153445e+01
      vertex   -5.000000e+00 8.862883e+00 -5.116453e+01
    endloop
  endfacet
  facet normal 1.000000e+00 2.073574e-15 1.088295e-15
    outer loop
      vertex   -5.000000e+00 3.000000e+00 -5.550000e+01
      vertex   -5.000000e+00 8.862883e+00 -5.116453e+01
      vertex   -5.000000e+00 8.633217e+00 -5.072694e+01
    endloop
  endfacet
  facet normal 1.000000e+00 2.478151e-15 6.108093e-16
    outer loop
      vertex   -5.000000e+00 8.633217e+00 -5.072694e+01
      vertex   -5.000000e+00 8.514947e+00 -5.024710e+01
      vertex   -5.000000e+00 3.000000e+00 -5.550000e+01
    endloop
  endfacet
  facet normal 1.000000e+00 3.059937e-15 3.704810e-29
    outer loop
      vertex   -5.000000e+00 3.000000e+00 -5.550000e+01
      vertex   -5.000000e+00 8.514947e+00 -5.024710e+01
      vertex   -5.000000e+00 8.514947e+00 -4.975290e+01
    endloop
  endfacet
  facet normal 2.481359e-15 1.000000e+00 1.039725e-14
    outer loop
      vertex   4.727259e+00 1.500000e+00 -2.194294e+01
      vertex   4.700000e+00 1.500000e+00 -2.215000e+01
      vertex   3.009731e+00 1.500000e+00 -1.832964e+01
    endloop
  endfacet
  facet normal -1.266939e-14 1.000000e+00 3.694009e-15
    outer loop
      vertex   3.009731e+00 1.500000e+00 -1.832964e+01
      vertex   4.700000e+00 1.500000e+00 -2.215000e+01
      vertex   4.727259e+00 1.500000e+00 -2.235706e+01
    endloop
  endfacet
  facet normal -7.446743e-16 1.000000e+00 8.779407e-15
    outer loop
      vertex   3.009731e+00 1.500000e+00 -1.832964e+01
      vertex   4.727259e+00 1.500000e+00 -2.235706e+01
      vertex   1.746942e+00 1.500000e+00 -3.260000e+01
    endloop
  endfacet
  facet normal 1.683802e-14 1.000000e+00 3.663495e-15
    outer loop
      vertex   1.746942e+00 1.500000e+00 -3.260000e+01
      vertex   4.727259e+00 1.500000e+00 -2.235706e+01
      vertex   3.025268e+00 1.500000e+00 -3.205073e+01
    endloop
  endfacet
  facet normal 2.734848e-14 1.000000e+00 -2.079765e-14
    outer loop
      vertex   1.746942e+00 1.500000e+00 -3.260000e+01
      vertex   3.025268e+00 1.500000e+00 -3.205073e+01
      vertex   2.550729e+00 1.500000e+00 -3.252527e+01
    endloop
  endfacet
  facet normal 2.413561e-16 1.000000e+00 6.577497e-15
    outer loop
      vertex   3.025268e+00 1.500000e+00 -3.205073e+01
      vertex   4.727259e+00 1.500000e+00 -2.235706e+01
      vertex   3.575000e+00 1.500000e+00 -3.166580e+01
    endloop
  endfacet
  facet normal -5.530619e-16 1.000000e+00 6.675832e-15
    outer loop
      vertex   3.575000e+00 1.500000e+00 -3.166580e+01
      vertex   4.727259e+00 1.500000e+00 -2.235706e+01
      vertex   4.807180e+00 1.500000e+00 -2.255000e+01
    endloop
  endfacet
  facet normal -5.577897e-16 1.000000e+00 6.676471e-15
    outer loop
      vertex   3.575000e+00 1.500000e+00 -3.166580e+01
      vertex   4.807180e+00 1.500000e+00 -2.255000e+01
      vertex   4.183222e+00 1.500000e+00 -3.138218e+01
    endloop
  endfacet
  facet normal -7.604503e-17 1.000000e+00 6.642437e-15
    outer loop
      vertex   4.183222e+00 1.500000e+00 -3.138218e+01
      vertex   4.807180e+00 1.500000e+00 -2.255000e+01
      vertex   4.934315e+00 1.500000e+00 -2.271569e+01
    endloop
  endfacet
  facet normal -4.176126e-16 1.000000e+00 6.672040e-15
    outer loop
      vertex   4.183222e+00 1.500000e+00 -3.138218e+01
      vertex   4.934315e+00 1.500000e+00 -2.271569e+01
      vertex   4.831455e+00 1.500000e+00 -3.120849e+01
    endloop
  endfacet
  facet normal -1.570439e-15 1.000000e+00 6.686002e-15
    outer loop
      vertex   4.831455e+00 1.500000e+00 -3.120849e+01
      vertex   4.934315e+00 1.500000e+00 -2.271569e+01
      vertex   5.100000e+00 1.500000e+00 -2.284282e+01
    endloop
  endfacet
  facet normal -1.830389e-15 1.000000e+00 6.694347e-15
    outer loop
      vertex   4.831455e+00 1.500000e+00 -3.120849e+01
      vertex   5.100000e+00 1.500000e+00 -2.284282e+01
      vertex   5.292945e+00 1.500000e+00 -2.292274e+01
    endloop
  endfacet
  facet normal -9.133417e-16 1.000000e+00 6.643270e-15
    outer loop
      vertex   4.831455e+00 1.500000e+00 -3.120849e+01
      vertex   5.292945e+00 1.500000e+00 -2.292274e+01
      vertex   5.500000e+00 1.500000e+00 -3.115000e+01
    endloop
  endfacet
  facet normal -1.954113e-16 1.000000e+00 6.661338e-15
    outer loop
      vertex   5.500000e+00 1.500000e+00 -3.115000e+01
      vertex   5.292945e+00 1.500000e+00 -2.292274e+01
      vertex   5.500000e+00 1.500000e+00 -2.295000e+01
    endloop
  endfacet
  facet normal -3.021768e-15 1.000000e+00 6.661338e-15
    outer loop
      vertex   5.500000e+00 1.500000e+00 -3.115000e+01
      vertex   5.500000e+00 1.500000e+00 -2.295000e+01
      vertex   5.707055e+00 1.500000e+00 -2.292274e+01
    endloop
  endfacet
  facet normal -7.507324e-16 1.000000e+00 6.604183e-15
    outer loop
      vertex   5.500000e+00 1.500000e+00 -3.115000e+01
      vertex   5.707055e+00 1.500000e+00 -2.292274e+01
      vertex   6.168545e+00 1.500000e+00 -3.120849e+01
    endloop
  endfacet
  facet normal 1.808689e-15 1.000000e+00 6.746735e-15
    outer loop
      vertex   6.168545e+00 1.500000e+00 -3.120849e+01
      vertex   5.707055e+00 1.500000e+00 -2.292274e+01
      vertex   5.900000e+00 1.500000e+00 -2.284282e+01
    endloop
  endfacet
  facet normal -1.085197e-15 1.000000e+00 6.653838e-15
    outer loop
      vertex   6.168545e+00 1.500000e+00 -3.120849e+01
      vertex   5.900000e+00 1.500000e+00 -2.284282e+01
      vertex   6.065685e+00 1.500000e+00 -2.271569e+01
    endloop
  endfacet
  facet normal -1.300657e-15 1.000000e+00 6.651229e-15
    outer loop
      vertex   6.168545e+00 1.500000e+00 -3.120849e+01
      vertex   6.065685e+00 1.500000e+00 -2.271569e+01
      vertex   6.816778e+00 1.500000e+00 -3.138218e+01
    endloop
  endfacet
  facet normal -7.396220e-17 1.000000e+00 6.757542e-15
    outer loop
      vertex   6.816778e+00 1.500000e+00 -3.138218e+01
      vertex   6.065685e+00 1.500000e+00 -2.271569e+01
      vertex   6.192820e+00 1.500000e+00 -2.255000e+01
    endloop
  endfacet
  facet normal -5.141202e-16 1.000000e+00 6.726447e-15
    outer loop
      vertex   6.816778e+00 1.500000e+00 -3.138218e+01
      vertex   6.192820e+00 1.500000e+00 -2.255000e+01
      vertex   7.425000e+00 1.500000e+00 -3.166580e+01
    endloop
  endfacet
  facet normal 1.983629e-16 1.000000e+00 6.822753e-15
    outer loop
      vertex   7.425000e+00 1.500000e+00 -3.166580e+01
      vertex   6.192820e+00 1.500000e+00 -2.255000e+01
      vertex   6.272741e+00 1.500000e+00 -2.235706e+01
    endloop
  endfacet
  facet normal -1.864037e-15 1.000000e+00 6.567464e-15
    outer loop
      vertex   7.425000e+00 1.500000e+00 -3.166580e+01
      vertex   6.272741e+00 1.500000e+00 -2.235706e+01
      vertex   7.974732e+00 1.500000e+00 -3.205073e+01
    endloop
  endfacet
  facet normal 1.513414e-15 1.000000e+00 7.160468e-15
    outer loop
      vertex   7.974732e+00 1.500000e+00 -3.205073e+01
      vertex   6.272741e+00 1.500000e+00 -2.235706e+01
      vertex   9.253058e+00 1.500000e+00 -3.260000e+01
    endloop
  endfacet
  facet normal 3.251910e-15 1.000000e+00 1.120649e-14
    outer loop
      vertex   7.974732e+00 1.500000e+00 -3.205073e+01
      vertex   9.253058e+00 1.500000e+00 -3.260000e+01
      vertex   8.449271e+00 1.500000e+00 -3.252527e+01
    endloop
  endfacet
  facet normal 3.167259e-15 1.000000e+00 1.029602e-14
    outer loop
      vertex   8.449271e+00 1.500000e+00 -3.252527e+01
      vertex   9.253058e+00 1.500000e+00 -3.260000e+01
      vertex   8.834198e+00 1.500000e+00 -3.307500e+01
    endloop
  endfacet
  facet normal 4.022230e-15 1.000000e+00 9.542096e-15
    outer loop
      vertex   8.834198e+00 1.500000e+00 -3.307500e+01
      vertex   9.253058e+00 1.500000e+00 -3.260000e+01
      vertex   9.117817e+00 1.500000e+00 -3.368322e+01
    endloop
  endfacet
  facet normal 6.385999e-15 1.000000e+00 9.246976e-15
    outer loop
      vertex   9.117817e+00 1.500000e+00 -3.368322e+01
      vertex   9.253058e+00 1.500000e+00 -3.260000e+01
      vertex   9.291510e+00 1.500000e+00 -3.433145e+01
    endloop
  endfacet
  facet normal 2.358829e-15 1.000000e+00 9.157542e-15
    outer loop
      vertex   9.291510e+00 1.500000e+00 -3.433145e+01
      vertex   9.253058e+00 1.500000e+00 -3.260000e+01
      vertex   1.117726e+01 1.500000e+00 -3.479294e+01
    endloop
  endfacet
  facet normal 2.030685e-15 1.000000e+00 7.816672e-15
    outer loop
      vertex   9.291510e+00 1.500000e+00 -3.433145e+01
      vertex   1.117726e+01 1.500000e+00 -3.479294e+01
      vertex   9.350000e+00 1.500000e+00 -3.500000e+01
    endloop
  endfacet
  facet normal 1.727014e-15 1.000000e+00 1.049657e-14
    outer loop
      vertex   9.350000e+00 1.500000e+00 -3.500000e+01
      vertex   1.117726e+01 1.500000e+00 -3.479294e+01
      vertex   1.115000e+01 1.500000e+00 -3.500000e+01
    endloop
  endfacet
  facet normal 1.727014e-15 1.000000e+00 5.589331e-15
    outer loop
      vertex   9.350000e+00 1.500000e+00 -3.500000e+01
      vertex   1.115000e+01 1.500000e+00 -3.500000e+01
      vertex   1.117726e+01 1.500000e+00 -3.520706e+01
    endloop
  endfacet
  facet normal 3.697303e-15 1.000000e+00 7.795899e-15
    outer loop
      vertex   9.253058e+00 1.500000e+00 -3.260000e+01
      vertex   6.272741e+00 1.500000e+00 -2.235706e+01
      vertex   7.990269e+00 1.500000e+00 -1.832964e+01
    endloop
  endfacet
  facet normal 2.691604e-15 1.000000e+00 8.224788e-15
    outer loop
      vertex   7.990269e+00 1.500000e+00 -1.832964e+01
      vertex   6.272741e+00 1.500000e+00 -2.235706e+01
      vertex   6.300000e+00 1.500000e+00 -2.215000e+01
    endloop
  endfacet
  facet normal 3.325095e-15 1.000000e+00 7.944509e-15
    outer loop
      vertex   7.990269e+00 1.500000e+00 -1.832964e+01
      vertex   6.300000e+00 1.500000e+00 -2.215000e+01
      vertex   6.272741e+00 1.500000e+00 -2.194294e+01
    endloop
  endfacet
  facet normal 2.945455e-15 1.000000e+00 8.124965e-15
    outer loop
      vertex   6.272741e+00 1.500000e+00 -2.194294e+01
      vertex   6.192820e+00 1.500000e+00 -2.175000e+01
      vertex   7.990269e+00 1.500000e+00 -1.832964e+01
    endloop
  endfacet
  facet normal 2.298855e-15 1.000000e+00 8.464762e-15
    outer loop
      vertex   7.990269e+00 1.500000e+00 -1.832964e+01
      vertex   6.192820e+00 1.500000e+00 -2.175000e+01
      vertex   6.065685e+00 1.500000e+00 -2.158431e+01
    endloop
  endfacet
  facet normal 3.050551e-15 1.000000e+00 8.020263e-15
    outer loop
      vertex   7.990269e+00 1.500000e+00 -1.832964e+01
      vertex   6.065685e+00 1.500000e+00 -2.158431e+01
      vertex   7.679609e+00 1.500000e+00 -1.732554e+01
    endloop
  endfacet
  facet normal 3.804507e-16 1.000000e+00 9.032136e-15
    outer loop
      vertex   7.679609e+00 1.500000e+00 -1.732554e+01
      vertex   6.065685e+00 1.500000e+00 -2.158431e+01
      vertex   7.373513e+00 1.500000e+00 -1.689472e+01
    endloop
  endfacet
  facet normal 1.218839e-15 1.000000e+00 8.798327e-15
    outer loop
      vertex   7.373513e+00 1.500000e+00 -1.689472e+01
      vertex   6.065685e+00 1.500000e+00 -2.158431e+01
      vertex   6.983693e+00 1.500000e+00 -1.653787e+01
    endloop
  endfacet
  facet normal 1.935245e-16 1.000000e+00 8.984844e-15
    outer loop
      vertex   6.983693e+00 1.500000e+00 -1.653787e+01
      vertex   6.065685e+00 1.500000e+00 -2.158431e+01
      vertex   5.900000e+00 1.500000e+00 -2.145718e+01
    endloop
  endfacet
  facet normal -6.367434e-17 1.000000e+00 9.041503e-15
    outer loop
      vertex   6.983693e+00 1.500000e+00 -1.653787e+01
      vertex   5.900000e+00 1.500000e+00 -2.145718e+01
      vertex   6.527571e+00 1.500000e+00 -1.627094e+01
    endloop
  endfacet
  facet normal -8.202436e-16 1.000000e+00 9.133053e-15
    outer loop
      vertex   6.527571e+00 1.500000e+00 -1.627094e+01
      vertex   5.900000e+00 1.500000e+00 -2.145718e+01
      vertex   5.707055e+00 1.500000e+00 -2.137726e+01
    endloop
  endfacet
  facet normal -1.293187e-16 1.000000e+00 9.022031e-15
    outer loop
      vertex   6.527571e+00 1.500000e+00 -1.627094e+01
      vertex   5.707055e+00 1.500000e+00 -2.137726e+01
      vertex   6.025528e+00 1.500000e+00 -1.610586e+01
    endloop
  endfacet
  facet normal -3.074295e-16 1.000000e+00 9.032792e-15
    outer loop
      vertex   6.025528e+00 1.500000e+00 -1.610586e+01
      vertex   5.707055e+00 1.500000e+00 -2.137726e+01
      vertex   5.500000e+00 1.500000e+00 -1.605000e+01
    endloop
  endfacet
  facet normal 1.189784e-16 1.000000e+00 9.049365e-15
    outer loop
      vertex   5.500000e+00 1.500000e+00 -1.605000e+01
      vertex   5.707055e+00 1.500000e+00 -2.137726e+01
      vertex   5.500000e+00 1.500000e+00 -2.135000e+01
    endloop
  endfacet
  facet normal -3.336158e-15 1.000000e+00 9.049365e-15
    outer loop
      vertex   5.500000e+00 1.500000e+00 -1.605000e+01
      vertex   5.500000e+00 1.500000e+00 -2.135000e+01
      vertex   5.292945e+00 1.500000e+00 -2.137726e+01
    endloop
  endfacet
  facet normal 7.526925e-16 1.000000e+00 9.296136e-15
    outer loop
      vertex   5.100000e+00 1.500000e+00 -2.145718e+01
      vertex   4.472429e+00 1.500000e+00 -1.627094e+01
      vertex   5.292945e+00 1.500000e+00 -2.137726e+01
    endloop
  endfacet
  facet normal -7.651773e-16 1.000000e+00 9.052235e-15
    outer loop
      vertex   5.292945e+00 1.500000e+00 -2.137726e+01
      vertex   4.472429e+00 1.500000e+00 -1.627094e+01
      vertex   4.974472e+00 1.500000e+00 -1.610586e+01
    endloop
  endfacet
  facet normal -1.800575e-15 1.000000e+00 8.989681e-15
    outer loop
      vertex   5.292945e+00 1.500000e+00 -2.137726e+01
      vertex   4.974472e+00 1.500000e+00 -1.610586e+01
      vertex   5.500000e+00 1.500000e+00 -1.605000e+01
    endloop
  endfacet
  facet normal -1.848380e-15 1.000000e+00 8.981388e-15
    outer loop
      vertex   4.472429e+00 1.500000e+00 -1.627094e+01
      vertex   5.100000e+00 1.500000e+00 -2.145718e+01
      vertex   4.016307e+00 1.500000e+00 -1.653787e+01
    endloop
  endfacet
  facet normal -2.723295e-15 1.000000e+00 8.788650e-15
    outer loop
      vertex   4.016307e+00 1.500000e+00 -1.653787e+01
      vertex   5.100000e+00 1.500000e+00 -2.145718e+01
      vertex   4.934315e+00 1.500000e+00 -2.158431e+01
    endloop
  endfacet
  facet normal -2.402601e-15 1.000000e+00 8.846988e-15
    outer loop
      vertex   4.016307e+00 1.500000e+00 -1.653787e+01
      vertex   4.934315e+00 1.500000e+00 -2.158431e+01
      vertex   3.626487e+00 1.500000e+00 -1.689472e+01
    endloop
  endfacet
  facet normal -2.847045e-15 1.000000e+00 8.723042e-15
    outer loop
      vertex   3.626487e+00 1.500000e+00 -1.689472e+01
      vertex   4.934315e+00 1.500000e+00 -2.158431e+01
      vertex   3.320391e+00 1.500000e+00 -1.732554e+01
    endloop
  endfacet
  facet normal 1.501890e-15 1.000000e+00 1.037113e-14
    outer loop
      vertex   3.320391e+00 1.500000e+00 -1.732554e+01
      vertex   4.934315e+00 1.500000e+00 -2.158431e+01
      vertex   3.009731e+00 1.500000e+00 -1.832964e+01
    endloop
  endfacet
  facet normal -3.301591e-14 1.000000e+00 2.105068e-14
    outer loop
      vertex   3.320391e+00 1.500000e+00 -1.732554e+01
      vertex   3.009731e+00 1.500000e+00 -1.832964e+01
      vertex   3.111697e+00 1.500000e+00 -1.781108e+01
    endloop
  endfacet
  facet normal -2.047786e-15 1.000000e+00 8.272110e-15
    outer loop
      vertex   4.934315e+00 1.500000e+00 -2.158431e+01
      vertex   4.807180e+00 1.500000e+00 -2.175000e+01
      vertex   3.009731e+00 1.500000e+00 -1.832964e+01
    endloop
  endfacet
  facet normal -2.600044e-15 1.000000e+00 7.981891e-15
    outer loop
      vertex   3.009731e+00 1.500000e+00 -1.832964e+01
      vertex   4.807180e+00 1.500000e+00 -2.175000e+01
      vertex   4.727259e+00 1.500000e+00 -2.194294e+01
    endloop
  endfacet
  facet normal 1.022744e-15 1.000000e+00 5.496612e-15
    outer loop
      vertex   -1.722741e+00 1.500000e+00 -3.520706e+01
      vertex   -2.826396e+00 1.500000e+00 -3.649638e+01
      vertex   -1.750000e+00 1.500000e+00 -3.500000e+01
    endloop
  endfacet
  facet normal -1.168617e-15 1.000000e+00 7.072935e-15
    outer loop
      vertex   -1.750000e+00 1.500000e+00 -3.500000e+01
      vertex   -2.826396e+00 1.500000e+00 -3.649638e+01
      vertex   -3.112325e+00 1.500000e+00 -3.604132e+01
    endloop
  endfacet
  facet normal -1.144167e-15 1.000000e+00 7.040948e-15
    outer loop
      vertex   -1.750000e+00 1.500000e+00 -3.500000e+01
      vertex   -3.112325e+00 1.500000e+00 -3.604132e+01
      vertex   -3.289827e+00 1.500000e+00 -3.553405e+01
    endloop
  endfacet
  facet normal -1.603814e-15 1.000000e+00 7.744940e-15
    outer loop
      vertex   -2.826396e+00 1.500000e+00 -3.649638e+01
      vertex   -1.722741e+00 1.500000e+00 -3.520706e+01
      vertex   -2.446376e+00 1.500000e+00 -3.687640e+01
    endloop
  endfacet
  facet normal 1.708060e-16 1.000000e+00 6.975667e-15
    outer loop
      vertex   -2.446376e+00 1.500000e+00 -3.687640e+01
      vertex   -1.722741e+00 1.500000e+00 -3.520706e+01
      vertex   -1.642820e+00 1.500000e+00 -3.540000e+01
    endloop
  endfacet
  facet normal -6.899862e-16 1.000000e+00 7.444169e-15
    outer loop
      vertex   -2.446376e+00 1.500000e+00 -3.687640e+01
      vertex   -1.642820e+00 1.500000e+00 -3.540000e+01
      vertex   -1.991321e+00 1.500000e+00 -3.716233e+01
    endloop
  endfacet
  facet normal 6.288982e-16 1.000000e+00 7.183359e-15
    outer loop
      vertex   -1.991321e+00 1.500000e+00 -3.716233e+01
      vertex   -1.642820e+00 1.500000e+00 -3.540000e+01
      vertex   -1.515685e+00 1.500000e+00 -3.556569e+01
    endloop
  endfacet
  facet normal -4.391682e-16 1.000000e+00 7.501534e-15
    outer loop
      vertex   -1.991321e+00 1.500000e+00 -3.716233e+01
      vertex   -1.515685e+00 1.500000e+00 -3.556569e+01
      vertex   -1.484050e+00 1.500000e+00 -3.733983e+01
    endloop
  endfacet
  facet normal -9.516716e-16 1.000000e+00 7.492395e-15
    outer loop
      vertex   -1.484050e+00 1.500000e+00 -3.733983e+01
      vertex   -1.515685e+00 1.500000e+00 -3.556569e+01
      vertex   -1.350000e+00 1.500000e+00 -3.569282e+01
    endloop
  endfacet
  facet normal -1.481949e-15 1.000000e+00 7.535555e-15
    outer loop
      vertex   -1.484050e+00 1.500000e+00 -3.733983e+01
      vertex   -1.350000e+00 1.500000e+00 -3.569282e+01
      vertex   -1.157055e+00 1.500000e+00 -3.577274e+01
    endloop
  endfacet
  facet normal -8.293881e-16 1.000000e+00 7.399389e-15
    outer loop
      vertex   -1.484050e+00 1.500000e+00 -3.733983e+01
      vertex   -1.157055e+00 1.500000e+00 -3.577274e+01
      vertex   -9.500000e-01 1.500000e+00 -3.740000e+01
    endloop
  endfacet
  facet normal -8.578856e-17 1.000000e+00 7.494005e-15
    outer loop
      vertex   -9.500000e-01 1.500000e+00 -3.740000e+01
      vertex   -1.157055e+00 1.500000e+00 -3.577274e+01
      vertex   -9.500000e-01 1.500000e+00 -3.580000e+01
    endloop
  endfacet
  facet normal -3.131391e-15 1.000000e+00 7.494005e-15
    outer loop
      vertex   -9.500000e-01 1.500000e+00 -3.740000e+01
      vertex   -9.500000e-01 1.500000e+00 -3.580000e+01
      vertex   -7.429448e-01 1.500000e+00 -3.577274e+01
    endloop
  endfacet
  facet normal 1.756792e-15 1.000000e+00 6.872025e-15
    outer loop
      vertex   -7.429448e-01 1.500000e+00 -3.577274e+01
      vertex   -5.500000e-01 1.500000e+00 -3.569282e+01
      vertex   -9.500000e-01 1.500000e+00 -3.740000e+01
    endloop
  endfacet
  facet normal -1.912271e-15 1.000000e+00 7.731703e-15
    outer loop
      vertex   -9.500000e-01 1.500000e+00 -3.740000e+01
      vertex   -5.500000e-01 1.500000e+00 -3.569282e+01
      vertex   -3.843146e-01 1.500000e+00 -3.556569e+01
    endloop
  endfacet
  facet normal -9.613269e-16 1.000000e+00 7.438441e-15
    outer loop
      vertex   -9.500000e-01 1.500000e+00 -3.740000e+01
      vertex   -3.843146e-01 1.500000e+00 -3.556569e+01
      vertex   -2.571797e-01 1.500000e+00 -3.540000e+01
    endloop
  endfacet
  facet normal 1.641190e-15 1.000000e+00 6.225114e-15
    outer loop
      vertex   -1.772593e-01 1.500000e+00 -3.520706e+01
      vertex   1.708490e+00 1.500000e+00 -3.566855e+01
      vertex   -2.571797e-01 1.500000e+00 -3.540000e+01
    endloop
  endfacet
  facet normal 1.889426e-15 1.000000e+00 8.042123e-15
    outer loop
      vertex   -2.571797e-01 1.500000e+00 -3.540000e+01
      vertex   1.708490e+00 1.500000e+00 -3.566855e+01
      vertex   1.882183e+00 1.500000e+00 -3.631678e+01
    endloop
  endfacet
  facet normal 1.295686e-15 1.000000e+00 6.656589e-15
    outer loop
      vertex   -2.571797e-01 1.500000e+00 -3.540000e+01
      vertex   1.882183e+00 1.500000e+00 -3.631678e+01
      vertex   -9.500000e-01 1.500000e+00 -3.740000e+01
    endloop
  endfacet
  facet normal 7.717806e-16 1.000000e+00 8.026386e-15
    outer loop
      vertex   -9.500000e-01 1.500000e+00 -3.740000e+01
      vertex   1.882183e+00 1.500000e+00 -3.631678e+01
      vertex   2.165802e+00 1.500000e+00 -3.692500e+01
    endloop
  endfacet
  facet normal 8.430032e-29 1.000000e+00 1.308895e-14
    outer loop
      vertex   -9.500000e-01 1.500000e+00 -3.740000e+01
      vertex   2.165802e+00 1.500000e+00 -3.692500e+01
      vertex   2.359687e+00 1.500000e+00 -3.740000e+01
    endloop
  endfacet
  facet normal 1.715809e-14 1.000000e+00 2.009250e-14
    outer loop
      vertex   2.359687e+00 1.500000e+00 -3.740000e+01
      vertex   2.165802e+00 1.500000e+00 -3.692500e+01
      vertex   2.550729e+00 1.500000e+00 -3.747473e+01
    endloop
  endfacet
  facet normal 2.038369e-14 1.000000e+00 2.833827e-14
    outer loop
      vertex   2.359687e+00 1.500000e+00 -3.740000e+01
      vertex   2.550729e+00 1.500000e+00 -3.747473e+01
      vertex   3.025268e+00 1.500000e+00 -3.794927e+01
    endloop
  endfacet
  facet normal 7.512587e-15 1.000000e+00 3.021692e-14
    outer loop
      vertex   1.708490e+00 1.500000e+00 -3.566855e+01
      vertex   -1.772593e-01 1.500000e+00 -3.520706e+01
      vertex   1.650000e+00 1.500000e+00 -3.500000e+01
    endloop
  endfacet
  facet normal 1.011537e-14 1.000000e+00 7.247432e-15
    outer loop
      vertex   1.650000e+00 1.500000e+00 -3.500000e+01
      vertex   -1.772593e-01 1.500000e+00 -3.520706e+01
      vertex   -1.500000e-01 1.500000e+00 -3.500000e+01
    endloop
  endfacet
  facet normal 1.011537e-14 1.000000e+00 8.838465e-15
    outer loop
      vertex   1.650000e+00 1.500000e+00 -3.500000e+01
      vertex   -1.500000e-01 1.500000e+00 -3.500000e+01
      vertex   -1.772593e-01 1.500000e+00 -3.479294e+01
    endloop
  endfacet
  facet normal -5.737704e-15 1.000000e+00 4.528282e-15
    outer loop
      vertex   -2.571797e-01 1.500000e+00 -3.460000e+01
      vertex   1.746942e+00 1.500000e+00 -3.260000e+01
      vertex   -1.772593e-01 1.500000e+00 -3.479294e+01
    endloop
  endfacet
  facet normal 4.806153e-15 1.000000e+00 -4.723433e-15
    outer loop
      vertex   -1.772593e-01 1.500000e+00 -3.479294e+01
      vertex   1.746942e+00 1.500000e+00 -3.260000e+01
      vertex   1.708490e+00 1.500000e+00 -3.433145e+01
    endloop
  endfacet
  facet normal 7.384675e-15 1.000000e+00 -1.525983e-14
    outer loop
      vertex   -1.772593e-01 1.500000e+00 -3.479294e+01
      vertex   1.708490e+00 1.500000e+00 -3.433145e+01
      vertex   1.650000e+00 1.500000e+00 -3.500000e+01
    endloop
  endfacet
  facet normal -4.477274e-15 1.000000e+00 3.265255e-15
    outer loop
      vertex   -2.571797e-01 1.500000e+00 -3.460000e+01
      vertex   -3.843146e-01 1.500000e+00 -3.443431e+01
      vertex   1.746942e+00 1.500000e+00 -3.260000e+01
    endloop
  endfacet
  facet normal -6.586560e-15 1.000000e+00 5.715995e-15
    outer loop
      vertex   1.746942e+00 1.500000e+00 -3.260000e+01
      vertex   -3.843146e-01 1.500000e+00 -3.443431e+01
      vertex   -9.500000e-01 1.500000e+00 -3.260000e+01
    endloop
  endfacet
  facet normal -9.905254e-16 1.000000e+00 7.441760e-15
    outer loop
      vertex   -9.500000e-01 1.500000e+00 -3.260000e+01
      vertex   -3.843146e-01 1.500000e+00 -3.443431e+01
      vertex   -5.500000e-01 1.500000e+00 -3.430718e+01
    endloop
  endfacet
  facet normal -1.577796e-15 1.000000e+00 7.304160e-15
    outer loop
      vertex   -9.500000e-01 1.500000e+00 -3.260000e+01
      vertex   -5.500000e-01 1.500000e+00 -3.430718e+01
      vertex   -7.429448e-01 1.500000e+00 -3.422726e+01
    endloop
  endfacet
  facet normal -8.578856e-17 1.000000e+00 7.494005e-15
    outer loop
      vertex   -7.429448e-01 1.500000e+00 -3.422726e+01
      vertex   -9.500000e-01 1.500000e+00 -3.420000e+01
      vertex   -9.500000e-01 1.500000e+00 -3.260000e+01
    endloop
  endfacet
  facet normal -3.131391e-15 1.000000e+00 7.494005e-15
    outer loop
      vertex   -9.500000e-01 1.500000e+00 -3.260000e+01
      vertex   -9.500000e-01 1.500000e+00 -3.420000e+01
      vertex   -1.157055e+00 1.500000e+00 -3.422726e+01
    endloop
  endfacet
  facet normal -1.232929e-15 1.000000e+00 7.252442e-15
    outer loop
      vertex   -9.500000e-01 1.500000e+00 -3.260000e+01
      vertex   -1.157055e+00 1.500000e+00 -3.422726e+01
      vertex   -1.484050e+00 1.500000e+00 -3.266017e+01
    endloop
  endfacet
  facet normal 1.373906e-15 1.000000e+00 7.796395e-15
    outer loop
      vertex   -1.484050e+00 1.500000e+00 -3.266017e+01
      vertex   -1.157055e+00 1.500000e+00 -3.422726e+01
      vertex   -1.350000e+00 1.500000e+00 -3.430718e+01
    endloop
  endfacet
  facet normal -1.765826e-15 1.000000e+00 7.540852e-15
    outer loop
      vertex   -1.484050e+00 1.500000e+00 -3.266017e+01
      vertex   -1.350000e+00 1.500000e+00 -3.430718e+01
      vertex   -1.515685e+00 1.500000e+00 -3.443431e+01
    endloop
  endfacet
  facet normal -4.417765e-16 1.000000e+00 7.517242e-15
    outer loop
      vertex   -1.484050e+00 1.500000e+00 -3.266017e+01
      vertex   -1.515685e+00 1.500000e+00 -3.443431e+01
      vertex   -1.991321e+00 1.500000e+00 -3.283767e+01
    endloop
  endfacet
  facet normal -8.900073e-16 1.000000e+00 7.383715e-15
    outer loop
      vertex   -1.991321e+00 1.500000e+00 -3.283767e+01
      vertex   -1.515685e+00 1.500000e+00 -3.443431e+01
      vertex   -1.642820e+00 1.500000e+00 -3.460000e+01
    endloop
  endfacet
  facet normal -1.620962e-15 1.000000e+00 7.239169e-15
    outer loop
      vertex   -1.991321e+00 1.500000e+00 -3.283767e+01
      vertex   -1.642820e+00 1.500000e+00 -3.460000e+01
      vertex   -2.446376e+00 1.500000e+00 -3.312360e+01
    endloop
  endfacet
  facet normal -1.269184e-15 1.000000e+00 7.430630e-15
    outer loop
      vertex   -2.446376e+00 1.500000e+00 -3.312360e+01
      vertex   -1.642820e+00 1.500000e+00 -3.460000e+01
      vertex   -1.722741e+00 1.500000e+00 -3.479294e+01
    endloop
  endfacet
  facet normal -6.761406e-16 1.000000e+00 7.687706e-15
    outer loop
      vertex   -2.446376e+00 1.500000e+00 -3.312360e+01
      vertex   -1.722741e+00 1.500000e+00 -3.479294e+01
      vertex   -2.826396e+00 1.500000e+00 -3.350362e+01
    endloop
  endfacet
  facet normal 2.488180e-15 1.000000e+00 1.039636e-14
    outer loop
      vertex   -2.826396e+00 1.500000e+00 -3.350362e+01
      vertex   -1.722741e+00 1.500000e+00 -3.479294e+01
      vertex   -1.750000e+00 1.500000e+00 -3.500000e+01
    endloop
  endfacet
  facet normal -1.317228e-15 1.000000e+00 7.658992e-15
    outer loop
      vertex   -2.826396e+00 1.500000e+00 -3.350362e+01
      vertex   -1.750000e+00 1.500000e+00 -3.500000e+01
      vertex   -3.112325e+00 1.500000e+00 -3.395868e+01
    endloop
  endfacet
  facet normal -9.065622e-16 1.000000e+00 8.196253e-15
    outer loop
      vertex   -3.112325e+00 1.500000e+00 -3.395868e+01
      vertex   -1.750000e+00 1.500000e+00 -3.500000e+01
      vertex   -3.289827e+00 1.500000e+00 -3.446595e+01
    endloop
  endfacet
  facet normal -1.249001e-15 1.000000e+00 7.208899e-15
    outer loop
      vertex   -3.289827e+00 1.500000e+00 -3.446595e+01
      vertex   -1.750000e+00 1.500000e+00 -3.500000e+01
      vertex   -3.350000e+00 1.500000e+00 -3.500000e+01
    endloop
  endfacet
  facet normal -1.249001e-15 1.000000e+00 7.343217e-15
    outer loop
      vertex   -3.350000e+00 1.500000e+00 -3.500000e+01
      vertex   -1.750000e+00 1.500000e+00 -3.500000e+01
      vertex   -3.289827e+00 1.500000e+00 -3.553405e+01
    endloop
  endfacet
  facet normal -5.532817e-17 1.000000e+00 9.150568e-15
    outer loop
      vertex   3.575000e+00 1.500000e+00 -3.833420e+01
      vertex   4.727259e+00 1.500000e+00 -4.524294e+01
      vertex   3.025268e+00 1.500000e+00 -3.794927e+01
    endloop
  endfacet
  facet normal 6.096612e-16 1.000000e+00 9.305745e-15
    outer loop
      vertex   3.025268e+00 1.500000e+00 -3.794927e+01
      vertex   4.727259e+00 1.500000e+00 -4.524294e+01
      vertex   3.003724e+00 1.500000e+00 -4.918640e+01
    endloop
  endfacet
  facet normal 4.670655e-15 1.000000e+00 9.297959e-15
    outer loop
      vertex   3.025268e+00 1.500000e+00 -3.794927e+01
      vertex   3.003724e+00 1.500000e+00 -4.918640e+01
      vertex   2.359687e+00 1.500000e+00 -3.740000e+01
    endloop
  endfacet
  facet normal -3.881056e-15 1.000000e+00 8.512503e-15
    outer loop
      vertex   4.727259e+00 1.500000e+00 -4.524294e+01
      vertex   3.575000e+00 1.500000e+00 -3.833420e+01
      vertex   4.807180e+00 1.500000e+00 -4.505000e+01
    endloop
  endfacet
  facet normal 7.116648e-16 1.000000e+00 9.355151e-15
    outer loop
      vertex   4.807180e+00 1.500000e+00 -4.505000e+01
      vertex   3.575000e+00 1.500000e+00 -3.833420e+01
      vertex   4.183222e+00 1.500000e+00 -3.861782e+01
    endloop
  endfacet
  facet normal -2.991125e-15 1.000000e+00 8.995960e-15
    outer loop
      vertex   4.807180e+00 1.500000e+00 -4.505000e+01
      vertex   4.183222e+00 1.500000e+00 -3.861782e+01
      vertex   4.934315e+00 1.500000e+00 -4.488431e+01
    endloop
  endfacet
  facet normal -5.954492e-16 1.000000e+00 9.283102e-15
    outer loop
      vertex   4.934315e+00 1.500000e+00 -4.488431e+01
      vertex   4.183222e+00 1.500000e+00 -3.861782e+01
      vertex   4.831455e+00 1.500000e+00 -3.879151e+01
    endloop
  endfacet
  facet normal -3.070637e-15 1.000000e+00 9.241315e-15
    outer loop
      vertex   4.934315e+00 1.500000e+00 -4.488431e+01
      vertex   4.831455e+00 1.500000e+00 -3.879151e+01
      vertex   5.100000e+00 1.500000e+00 -4.475718e+01
    endloop
  endfacet
  facet normal 7.050000e-16 1.000000e+00 9.411276e-15
    outer loop
      vertex   5.100000e+00 1.500000e+00 -4.475718e+01
      vertex   4.831455e+00 1.500000e+00 -3.879151e+01
      vertex   5.292945e+00 1.500000e+00 -4.467726e+01
    endloop
  endfacet
  facet normal -5.135023e-16 1.000000e+00 9.315736e-15
    outer loop
      vertex   5.292945e+00 1.500000e+00 -4.467726e+01
      vertex   4.831455e+00 1.500000e+00 -3.879151e+01
      vertex   5.500000e+00 1.500000e+00 -3.885000e+01
    endloop
  endfacet
  facet normal -3.384657e-15 1.000000e+00 9.417754e-15
    outer loop
      vertex   5.292945e+00 1.500000e+00 -4.467726e+01
      vertex   5.500000e+00 1.500000e+00 -3.885000e+01
      vertex   5.500000e+00 1.500000e+00 -4.465000e+01
    endloop
  endfacet
  facet normal 1.674777e-16 1.000000e+00 9.417754e-15
    outer loop
      vertex   5.500000e+00 1.500000e+00 -4.465000e+01
      vertex   5.500000e+00 1.500000e+00 -3.885000e+01
      vertex   5.707055e+00 1.500000e+00 -4.467726e+01
    endloop
  endfacet
  facet normal -1.151976e-15 1.000000e+00 9.370871e-15
    outer loop
      vertex   5.707055e+00 1.500000e+00 -4.467726e+01
      vertex   5.500000e+00 1.500000e+00 -3.885000e+01
      vertex   6.168545e+00 1.500000e+00 -3.879151e+01
    endloop
  endfacet
  facet normal -7.352700e-16 1.000000e+00 9.338198e-15
    outer loop
      vertex   5.707055e+00 1.500000e+00 -4.467726e+01
      vertex   6.168545e+00 1.500000e+00 -3.879151e+01
      vertex   5.900000e+00 1.500000e+00 -4.475718e+01
    endloop
  endfacet
  facet normal 4.245990e-16 1.000000e+00 9.285986e-15
    outer loop
      vertex   5.900000e+00 1.500000e+00 -4.475718e+01
      vertex   6.168545e+00 1.500000e+00 -3.879151e+01
      vertex   6.065685e+00 1.500000e+00 -4.488431e+01
    endloop
  endfacet
  facet normal -1.125027e-15 1.000000e+00 9.312147e-15
    outer loop
      vertex   6.065685e+00 1.500000e+00 -4.488431e+01
      vertex   6.168545e+00 1.500000e+00 -3.879151e+01
      vertex   6.816778e+00 1.500000e+00 -3.861782e+01
    endloop
  endfacet
  facet normal 2.791429e-15 1.000000e+00 8.842727e-15
    outer loop
      vertex   6.065685e+00 1.500000e+00 -4.488431e+01
      vertex   6.816778e+00 1.500000e+00 -3.861782e+01
      vertex   6.192820e+00 1.500000e+00 -4.505000e+01
    endloop
  endfacet
  facet normal -1.774467e-15 1.000000e+00 9.285644e-15
    outer loop
      vertex   6.192820e+00 1.500000e+00 -4.505000e+01
      vertex   6.816778e+00 1.500000e+00 -3.861782e+01
      vertex   7.425000e+00 1.500000e+00 -3.833420e+01
    endloop
  endfacet
  facet normal 3.438510e-15 1.000000e+00 8.329195e-15
    outer loop
      vertex   6.192820e+00 1.500000e+00 -4.505000e+01
      vertex   7.425000e+00 1.500000e+00 -3.833420e+01
      vertex   6.272741e+00 1.500000e+00 -4.524294e+01
    endloop
  endfacet
  facet normal -1.570116e-15 1.000000e+00 9.164547e-15
    outer loop
      vertex   6.272741e+00 1.500000e+00 -4.524294e+01
      vertex   7.425000e+00 1.500000e+00 -3.833420e+01
      vertex   7.974732e+00 1.500000e+00 -3.794927e+01
    endloop
  endfacet
  facet normal 1.270353e-14 1.000000e+00 5.833766e-15
    outer loop
      vertex   6.272741e+00 1.500000e+00 -4.524294e+01
      vertex   7.974732e+00 1.500000e+00 -3.794927e+01
      vertex   7.996276e+00 1.500000e+00 -4.918640e+01
    endloop
  endfacet
  facet normal 3.873518e-15 1.000000e+00 5.816837e-15
    outer loop
      vertex   7.996276e+00 1.500000e+00 -4.918640e+01
      vertex   7.974732e+00 1.500000e+00 -3.794927e+01
      vertex   8.640313e+00 1.500000e+00 -3.740000e+01
    endloop
  endfacet
  facet normal 1.869987e-14 1.000000e+00 -1.214903e-14
    outer loop
      vertex   8.640313e+00 1.500000e+00 -3.740000e+01
      vertex   7.974732e+00 1.500000e+00 -3.794927e+01
      vertex   8.449271e+00 1.500000e+00 -3.747473e+01
    endloop
  endfacet
  facet normal 1.550950e-14 1.000000e+00 -3.993327e-15
    outer loop
      vertex   8.640313e+00 1.500000e+00 -3.740000e+01
      vertex   8.449271e+00 1.500000e+00 -3.747473e+01
      vertex   8.834198e+00 1.500000e+00 -3.692500e+01
    endloop
  endfacet
  facet normal 1.505363e-29 1.000000e+00 2.337312e-15
    outer loop
      vertex   8.640313e+00 1.500000e+00 -3.740000e+01
      vertex   8.834198e+00 1.500000e+00 -3.692500e+01
      vertex   1.195000e+01 1.500000e+00 -3.740000e+01
    endloop
  endfacet
  facet normal 6.545852e-16 1.000000e+00 6.631118e-15
    outer loop
      vertex   1.195000e+01 1.500000e+00 -3.740000e+01
      vertex   8.834198e+00 1.500000e+00 -3.692500e+01
      vertex   9.117817e+00 1.500000e+00 -3.631678e+01
    endloop
  endfacet
  facet normal 1.208411e-15 1.000000e+00 8.079145e-15
    outer loop
      vertex   1.195000e+01 1.500000e+00 -3.740000e+01
      vertex   9.117817e+00 1.500000e+00 -3.631678e+01
      vertex   1.125718e+01 1.500000e+00 -3.540000e+01
    endloop
  endfacet
  facet normal 1.959838e-15 1.000000e+00 6.325638e-15
    outer loop
      vertex   1.125718e+01 1.500000e+00 -3.540000e+01
      vertex   9.117817e+00 1.500000e+00 -3.631678e+01
      vertex   9.291510e+00 1.500000e+00 -3.566855e+01
    endloop
  endfacet
  facet normal 1.779971e-15 1.000000e+00 7.642205e-15
    outer loop
      vertex   1.125718e+01 1.500000e+00 -3.540000e+01
      vertex   9.291510e+00 1.500000e+00 -3.566855e+01
      vertex   1.117726e+01 1.500000e+00 -3.520706e+01
    endloop
  endfacet
  facet normal 1.902773e-15 1.000000e+00 7.140408e-15
    outer loop
      vertex   1.117726e+01 1.500000e+00 -3.520706e+01
      vertex   9.291510e+00 1.500000e+00 -3.566855e+01
      vertex   9.350000e+00 1.500000e+00 -3.500000e+01
    endloop
  endfacet
  facet normal 2.650171e-14 1.000000e+00 -1.169016e-14
    outer loop
      vertex   2.550729e+00 1.500000e+00 -3.252527e+01
      vertex   2.165802e+00 1.500000e+00 -3.307500e+01
      vertex   1.746942e+00 1.500000e+00 -3.260000e+01
    endloop
  endfacet
  facet normal 3.115157e-14 1.000000e+00 -7.589859e-15
    outer loop
      vertex   1.746942e+00 1.500000e+00 -3.260000e+01
      vertex   2.165802e+00 1.500000e+00 -3.307500e+01
      vertex   1.882183e+00 1.500000e+00 -3.368322e+01
    endloop
  endfacet
  facet normal 4.666478e-14 1.000000e+00 -5.653014e-15
    outer loop
      vertex   1.746942e+00 1.500000e+00 -3.260000e+01
      vertex   1.882183e+00 1.500000e+00 -3.368322e+01
      vertex   1.708490e+00 1.500000e+00 -3.433145e+01
    endloop
  endfacet
  facet normal -3.771090e-15 1.000000e+00 1.122040e-14
    outer loop
      vertex   4.727259e+00 1.500000e+00 -4.524294e+01
      vertex   4.700000e+00 1.500000e+00 -4.545000e+01
      vertex   3.003724e+00 1.500000e+00 -4.918640e+01
    endloop
  endfacet
  facet normal 7.080156e-15 1.000000e+00 6.294086e-15
    outer loop
      vertex   3.003724e+00 1.500000e+00 -4.918640e+01
      vertex   4.700000e+00 1.500000e+00 -4.545000e+01
      vertex   4.727259e+00 1.500000e+00 -4.565706e+01
    endloop
  endfacet
  facet normal 3.154059e-15 1.000000e+00 8.211371e-15
    outer loop
      vertex   3.003724e+00 1.500000e+00 -4.918640e+01
      vertex   4.727259e+00 1.500000e+00 -4.565706e+01
      vertex   4.807180e+00 1.500000e+00 -4.585000e+01
    endloop
  endfacet
  facet normal 2.458566e-15 1.000000e+00 8.587313e-15
    outer loop
      vertex   4.807180e+00 1.500000e+00 -4.585000e+01
      vertex   4.934315e+00 1.500000e+00 -4.601569e+01
      vertex   3.003724e+00 1.500000e+00 -4.918640e+01
    endloop
  endfacet
  facet normal 6.533568e-15 1.000000e+00 6.106120e-15
    outer loop
      vertex   3.003724e+00 1.500000e+00 -4.918640e+01
      vertex   4.934315e+00 1.500000e+00 -4.601569e+01
      vertex   3.291574e+00 1.500000e+00 -5.022169e+01
    endloop
  endfacet
  facet normal -4.769238e-15 1.000000e+00 2.963500e-15
    outer loop
      vertex   3.003724e+00 1.500000e+00 -4.918640e+01
      vertex   3.291574e+00 1.500000e+00 -5.022169e+01
      vertex   3.091367e+00 1.500000e+00 -4.971969e+01
    endloop
  endfacet
  facet normal -8.181539e-16 1.000000e+00 7.666399e-15
    outer loop
      vertex   5.100000e+00 1.500000e+00 -4.614282e+01
      vertex   3.987425e+00 1.500000e+00 -5.104051e+01
      vertex   4.934315e+00 1.500000e+00 -4.601569e+01
    endloop
  endfacet
  facet normal 5.555830e-15 1.000000e+00 6.465270e-15
    outer loop
      vertex   4.934315e+00 1.500000e+00 -4.601569e+01
      vertex   3.987425e+00 1.500000e+00 -5.104051e+01
      vertex   3.594986e+00 1.500000e+00 -5.066893e+01
    endloop
  endfacet
  facet normal 5.777018e-15 1.000000e+00 6.401606e-15
    outer loop
      vertex   4.934315e+00 1.500000e+00 -4.601569e+01
      vertex   3.594986e+00 1.500000e+00 -5.066893e+01
      vertex   3.291574e+00 1.500000e+00 -5.022169e+01
    endloop
  endfacet
  facet normal -1.985670e-15 1.000000e+00 6.319465e-15
    outer loop
      vertex   5.292945e+00 1.500000e+00 -4.622274e+01
      vertex   4.962721e+00 1.500000e+00 -5.149158e+01
      vertex   5.100000e+00 1.500000e+00 -4.614282e+01
    endloop
  endfacet
  facet normal 5.961764e-15 1.000000e+00 6.115490e-15
    outer loop
      vertex   5.100000e+00 1.500000e+00 -4.614282e+01
      vertex   4.962721e+00 1.500000e+00 -5.149158e+01
      vertex   4.450551e+00 1.500000e+00 -5.131907e+01
    endloop
  endfacet
  facet normal 6.067563e-15 1.000000e+00 6.102216e-15
    outer loop
      vertex   5.100000e+00 1.500000e+00 -4.614282e+01
      vertex   4.450551e+00 1.500000e+00 -5.131907e+01
      vertex   3.987425e+00 1.500000e+00 -5.104051e+01
    endloop
  endfacet
  facet normal 6.005231e-15 1.000000e+00 5.818638e-15
    outer loop
      vertex   4.962721e+00 1.500000e+00 -5.149158e+01
      vertex   5.292945e+00 1.500000e+00 -4.622274e+01
      vertex   5.500000e+00 1.500000e+00 -5.155000e+01
    endloop
  endfacet
  facet normal -3.388171e-16 1.000000e+00 5.572063e-15
    outer loop
      vertex   5.500000e+00 1.500000e+00 -5.155000e+01
      vertex   5.292945e+00 1.500000e+00 -4.622274e+01
      vertex   5.500000e+00 1.500000e+00 -4.625000e+01
    endloop
  endfacet
  facet normal -2.878362e-15 1.000000e+00 5.572063e-15
    outer loop
      vertex   5.500000e+00 1.500000e+00 -5.155000e+01
      vertex   5.500000e+00 1.500000e+00 -4.625000e+01
      vertex   5.707055e+00 1.500000e+00 -4.622274e+01
    endloop
  endfacet
  facet normal 6.459331e-15 1.000000e+00 5.209133e-15
    outer loop
      vertex   5.500000e+00 1.500000e+00 -5.155000e+01
      vertex   5.707055e+00 1.500000e+00 -4.622274e+01
      vertex   6.037279e+00 1.500000e+00 -5.149158e+01
    endloop
  endfacet
  facet normal 2.547148e-15 1.000000e+00 4.963938e-15
    outer loop
      vertex   6.037279e+00 1.500000e+00 -5.149158e+01
      vertex   5.707055e+00 1.500000e+00 -4.622274e+01
      vertex   5.900000e+00 1.500000e+00 -4.614282e+01
    endloop
  endfacet
  facet normal 7.390359e-15 1.000000e+00 5.088242e-15
    outer loop
      vertex   6.037279e+00 1.500000e+00 -5.149158e+01
      vertex   5.900000e+00 1.500000e+00 -4.614282e+01
      vertex   6.549449e+00 1.500000e+00 -5.131907e+01
    endloop
  endfacet
  facet normal 7.034779e-15 1.000000e+00 5.043628e-15
    outer loop
      vertex   6.549449e+00 1.500000e+00 -5.131907e+01
      vertex   5.900000e+00 1.500000e+00 -4.614282e+01
      vertex   7.012575e+00 1.500000e+00 -5.104051e+01
    endloop
  endfacet
  facet normal 1.172250e-15 1.000000e+00 3.711876e-15
    outer loop
      vertex   7.012575e+00 1.500000e+00 -5.104051e+01
      vertex   5.900000e+00 1.500000e+00 -4.614282e+01
      vertex   6.065685e+00 1.500000e+00 -4.601569e+01
    endloop
  endfacet
  facet normal 7.758068e-15 1.000000e+00 4.952924e-15
    outer loop
      vertex   7.012575e+00 1.500000e+00 -5.104051e+01
      vertex   6.065685e+00 1.500000e+00 -4.601569e+01
      vertex   7.405014e+00 1.500000e+00 -5.066893e+01
    endloop
  endfacet
  facet normal 9.003030e-15 1.000000e+00 5.311258e-15
    outer loop
      vertex   7.405014e+00 1.500000e+00 -5.066893e+01
      vertex   6.065685e+00 1.500000e+00 -4.601569e+01
      vertex   7.708426e+00 1.500000e+00 -5.022169e+01
    endloop
  endfacet
  facet normal 1.495833e-14 1.000000e+00 7.637221e-15
    outer loop
      vertex   7.708426e+00 1.500000e+00 -5.022169e+01
      vertex   6.065685e+00 1.500000e+00 -4.601569e+01
      vertex   7.996276e+00 1.500000e+00 -4.918640e+01
    endloop
  endfacet
  facet normal -1.343528e-14 1.000000e+00 1.553175e-14
    outer loop
      vertex   7.708426e+00 1.500000e+00 -5.022169e+01
      vertex   7.996276e+00 1.500000e+00 -4.918640e+01
      vertex   7.908633e+00 1.500000e+00 -4.971969e+01
    endloop
  endfacet
  facet normal 5.937628e-15 1.000000e+00 2.144686e-15
    outer loop
      vertex   6.065685e+00 1.500000e+00 -4.601569e+01
      vertex   6.192820e+00 1.500000e+00 -4.585000e+01
      vertex   7.996276e+00 1.500000e+00 -4.918640e+01
    endloop
  endfacet
  facet normal 8.347451e-15 1.000000e+00 3.447290e-15
    outer loop
      vertex   7.996276e+00 1.500000e+00 -4.918640e+01
      vertex   6.192820e+00 1.500000e+00 -4.585000e+01
      vertex   6.272741e+00 1.500000e+00 -4.565706e+01
    endloop
  endfacet
  facet normal 1.485215e-14 1.000000e+00 6.623822e-15
    outer loop
      vertex   7.996276e+00 1.500000e+00 -4.918640e+01
      vertex   6.272741e+00 1.500000e+00 -4.565706e+01
      vertex   6.300000e+00 1.500000e+00 -4.545000e+01
    endloop
  endfacet
  facet normal 2.365747e-14 1.000000e+00 1.062132e-14
    outer loop
      vertex   6.300000e+00 1.500000e+00 -4.545000e+01
      vertex   6.272741e+00 1.500000e+00 -4.524294e+01
      vertex   7.996276e+00 1.500000e+00 -4.918640e+01
    endloop
  endfacet
  facet normal 2.280142e-15 1.000000e+00 8.450403e-15
    outer loop
      vertex   1.125718e+01 1.500000e+00 -3.540000e+01
      vertex   1.138431e+01 1.500000e+00 -3.556569e+01
      vertex   1.195000e+01 1.500000e+00 -3.740000e+01
    endloop
  endfacet
  facet normal -9.905254e-16 1.000000e+00 7.441760e-15
    outer loop
      vertex   1.195000e+01 1.500000e+00 -3.740000e+01
      vertex   1.138431e+01 1.500000e+00 -3.556569e+01
      vertex   1.155000e+01 1.500000e+00 -3.569282e+01
    endloop
  endfacet
  facet normal -1.577796e-15 1.000000e+00 7.304160e-15
    outer loop
      vertex   1.195000e+01 1.500000e+00 -3.740000e+01
      vertex   1.155000e+01 1.500000e+00 -3.569282e+01
      vertex   1.174294e+01 1.500000e+00 -3.577274e+01
    endloop
  endfacet
  facet normal -8.578856e-17 1.000000e+00 7.494005e-15
    outer loop
      vertex   1.174294e+01 1.500000e+00 -3.577274e+01
      vertex   1.195000e+01 1.500000e+00 -3.580000e+01
      vertex   1.195000e+01 1.500000e+00 -3.740000e+01
    endloop
  endfacet
  facet normal -3.131391e-15 1.000000e+00 7.494005e-15
    outer loop
      vertex   1.195000e+01 1.500000e+00 -3.740000e+01
      vertex   1.195000e+01 1.500000e+00 -3.580000e+01
      vertex   1.215706e+01 1.500000e+00 -3.577274e+01
    endloop
  endfacet
  facet normal -1.232929e-15 1.000000e+00 7.252442e-15
    outer loop
      vertex   1.195000e+01 1.500000e+00 -3.740000e+01
      vertex   1.215706e+01 1.500000e+00 -3.577274e+01
      vertex   1.248405e+01 1.500000e+00 -3.733983e+01
    endloop
  endfacet
  facet normal 1.373906e-15 1.000000e+00 7.796395e-15
    outer loop
      vertex   1.248405e+01 1.500000e+00 -3.733983e+01
      vertex   1.215706e+01 1.500000e+00 -3.577274e+01
      vertex   1.235000e+01 1.500000e+00 -3.569282e+01
    endloop
  endfacet
  facet normal -1.765826e-15 1.000000e+00 7.540852e-15
    outer loop
      vertex   1.248405e+01 1.500000e+00 -3.733983e+01
      vertex   1.235000e+01 1.500000e+00 -3.569282e+01
      vertex   1.251569e+01 1.500000e+00 -3.556569e+01
    endloop
  endfacet
  facet normal -4.417765e-16 1.000000e+00 7.517242e-15
    outer loop
      vertex   1.248405e+01 1.500000e+00 -3.733983e+01
      vertex   1.251569e+01 1.500000e+00 -3.556569e+01
      vertex   1.299132e+01 1.500000e+00 -3.716233e+01
    endloop
  endfacet
  facet normal -8.900073e-16 1.000000e+00 7.383715e-15
    outer loop
      vertex   1.299132e+01 1.500000e+00 -3.716233e+01
      vertex   1.251569e+01 1.500000e+00 -3.556569e+01
      vertex   1.264282e+01 1.500000e+00 -3.540000e+01
    endloop
  endfacet
  facet normal -1.620962e-15 1.000000e+00 7.239169e-15
    outer loop
      vertex   1.299132e+01 1.500000e+00 -3.716233e+01
      vertex   1.264282e+01 1.500000e+00 -3.540000e+01
      vertex   1.344638e+01 1.500000e+00 -3.687640e+01
    endloop
  endfacet
  facet normal -1.269184e-15 1.000000e+00 7.430630e-15
    outer loop
      vertex   1.344638e+01 1.500000e+00 -3.687640e+01
      vertex   1.264282e+01 1.500000e+00 -3.540000e+01
      vertex   1.272274e+01 1.500000e+00 -3.520706e+01
    endloop
  endfacet
  facet normal -6.761406e-16 1.000000e+00 7.687706e-15
    outer loop
      vertex   1.344638e+01 1.500000e+00 -3.687640e+01
      vertex   1.272274e+01 1.500000e+00 -3.520706e+01
      vertex   1.382640e+01 1.500000e+00 -3.649638e+01
    endloop
  endfacet
  facet normal 3.165739e-16 1.000000e+00 8.537467e-15
    outer loop
      vertex   1.382640e+01 1.500000e+00 -3.649638e+01
      vertex   1.272274e+01 1.500000e+00 -3.520706e+01
      vertex   1.275000e+01 1.500000e+00 -3.500000e+01
    endloop
  endfacet
  facet normal -1.097015e-15 1.000000e+00 7.520623e-15
    outer loop
      vertex   1.382640e+01 1.500000e+00 -3.649638e+01
      vertex   1.275000e+01 1.500000e+00 -3.500000e+01
      vertex   1.411233e+01 1.500000e+00 -3.604132e+01
    endloop
  endfacet
  facet normal -6.493725e-16 1.000000e+00 8.106258e-15
    outer loop
      vertex   1.411233e+01 1.500000e+00 -3.604132e+01
      vertex   1.275000e+01 1.500000e+00 -3.500000e+01
      vertex   1.428983e+01 1.500000e+00 -3.553405e+01
    endloop
  endfacet
  facet normal -9.714451e-16 1.000000e+00 7.177626e-15
    outer loop
      vertex   1.428983e+01 1.500000e+00 -3.553405e+01
      vertex   1.275000e+01 1.500000e+00 -3.500000e+01
      vertex   1.435000e+01 1.500000e+00 -3.500000e+01
    endloop
  endfacet
  facet normal -9.714451e-16 1.000000e+00 7.374490e-15
    outer loop
      vertex   1.435000e+01 1.500000e+00 -3.500000e+01
      vertex   1.275000e+01 1.500000e+00 -3.500000e+01
      vertex   1.428983e+01 1.500000e+00 -3.446595e+01
    endloop
  endfacet
  facet normal -8.869768e-16 1.000000e+00 7.130942e-15
    outer loop
      vertex   1.428983e+01 1.500000e+00 -3.446595e+01
      vertex   1.275000e+01 1.500000e+00 -3.500000e+01
      vertex   1.411233e+01 1.500000e+00 -3.395868e+01
    endloop
  endfacet
  facet normal -9.484033e-16 1.000000e+00 7.211305e-15
    outer loop
      vertex   1.411233e+01 1.500000e+00 -3.395868e+01
      vertex   1.275000e+01 1.500000e+00 -3.500000e+01
      vertex   1.382640e+01 1.500000e+00 -3.350362e+01
    endloop
  endfacet
  facet normal -1.148861e-15 1.000000e+00 7.355501e-15
    outer loop
      vertex   1.382640e+01 1.500000e+00 -3.350362e+01
      vertex   1.275000e+01 1.500000e+00 -3.500000e+01
      vertex   1.272274e+01 1.500000e+00 -3.479294e+01
    endloop
  endfacet
  facet normal -1.603814e-15 1.000000e+00 7.744940e-15
    outer loop
      vertex   1.382640e+01 1.500000e+00 -3.350362e+01
      vertex   1.272274e+01 1.500000e+00 -3.479294e+01
      vertex   1.344638e+01 1.500000e+00 -3.312360e+01
    endloop
  endfacet
  facet normal 1.708060e-16 1.000000e+00 6.975667e-15
    outer loop
      vertex   1.344638e+01 1.500000e+00 -3.312360e+01
      vertex   1.272274e+01 1.500000e+00 -3.479294e+01
      vertex   1.264282e+01 1.500000e+00 -3.460000e+01
    endloop
  endfacet
  facet normal -6.899862e-16 1.000000e+00 7.444169e-15
    outer loop
      vertex   1.344638e+01 1.500000e+00 -3.312360e+01
      vertex   1.264282e+01 1.500000e+00 -3.460000e+01
      vertex   1.299132e+01 1.500000e+00 -3.283767e+01
    endloop
  endfacet
  facet normal 6.288982e-16 1.000000e+00 7.183359e-15
    outer loop
      vertex   1.299132e+01 1.500000e+00 -3.283767e+01
      vertex   1.264282e+01 1.500000e+00 -3.460000e+01
      vertex   1.251569e+01 1.500000e+00 -3.443431e+01
    endloop
  endfacet
  facet normal -4.391682e-16 1.000000e+00 7.501534e-15
    outer loop
      vertex   1.299132e+01 1.500000e+00 -3.283767e+01
      vertex   1.251569e+01 1.500000e+00 -3.443431e+01
      vertex   1.248405e+01 1.500000e+00 -3.266017e+01
    endloop
  endfacet
  facet normal -9.516716e-16 1.000000e+00 7.492395e-15
    outer loop
      vertex   1.248405e+01 1.500000e+00 -3.266017e+01
      vertex   1.251569e+01 1.500000e+00 -3.443431e+01
      vertex   1.235000e+01 1.500000e+00 -3.430718e+01
    endloop
  endfacet
  facet normal -1.481949e-15 1.000000e+00 7.535555e-15
    outer loop
      vertex   1.248405e+01 1.500000e+00 -3.266017e+01
      vertex   1.235000e+01 1.500000e+00 -3.430718e+01
      vertex   1.215706e+01 1.500000e+00 -3.422726e+01
    endloop
  endfacet
  facet normal -8.293881e-16 1.000000e+00 7.399389e-15
    outer loop
      vertex   1.248405e+01 1.500000e+00 -3.266017e+01
      vertex   1.215706e+01 1.500000e+00 -3.422726e+01
      vertex   1.195000e+01 1.500000e+00 -3.260000e+01
    endloop
  endfacet
  facet normal -8.578856e-17 1.000000e+00 7.494005e-15
    outer loop
      vertex   1.195000e+01 1.500000e+00 -3.260000e+01
      vertex   1.215706e+01 1.500000e+00 -3.422726e+01
      vertex   1.195000e+01 1.500000e+00 -3.420000e+01
    endloop
  endfacet
  facet normal -3.131391e-15 1.000000e+00 7.494005e-15
    outer loop
      vertex   1.195000e+01 1.500000e+00 -3.260000e+01
      vertex   1.195000e+01 1.500000e+00 -3.420000e+01
      vertex   1.174294e+01 1.500000e+00 -3.422726e+01
    endloop
  endfacet
  facet normal 1.756792e-15 1.000000e+00 6.872025e-15
    outer loop
      vertex   1.174294e+01 1.500000e+00 -3.422726e+01
      vertex   1.155000e+01 1.500000e+00 -3.430718e+01
      vertex   1.195000e+01 1.500000e+00 -3.260000e+01
    endloop
  endfacet
  facet normal -1.912271e-15 1.000000e+00 7.731703e-15
    outer loop
      vertex   1.195000e+01 1.500000e+00 -3.260000e+01
      vertex   1.155000e+01 1.500000e+00 -3.430718e+01
      vertex   1.138431e+01 1.500000e+00 -3.443431e+01
    endloop
  endfacet
  facet normal 3.763285e-29 1.000000e+00 7.141977e-15
    outer loop
      vertex   1.195000e+01 1.500000e+00 -3.260000e+01
      vertex   1.138431e+01 1.500000e+00 -3.443431e+01
      vertex   9.253058e+00 1.500000e+00 -3.260000e+01
    endloop
  endfacet
  facet normal -2.286885e-16 1.000000e+00 6.876268e-15
    outer loop
      vertex   9.253058e+00 1.500000e+00 -3.260000e+01
      vertex   1.138431e+01 1.500000e+00 -3.443431e+01
      vertex   1.125718e+01 1.500000e+00 -3.460000e+01
    endloop
  endfacet
  facet normal -1.415758e-16 1.000000e+00 6.963560e-15
    outer loop
      vertex   9.253058e+00 1.500000e+00 -3.260000e+01
      vertex   1.125718e+01 1.500000e+00 -3.460000e+01
      vertex   1.117726e+01 1.500000e+00 -3.479294e+01
    endloop
  endfacet
  facet normal -1.998130e-15 1.000000e+00 6.458239e-15
    outer loop
      vertex   7.679609e+00 1.500000e+00 -1.732554e+01
      vertex   7.888303e+00 1.500000e+00 -1.781108e+01
      vertex   7.990269e+00 1.500000e+00 -1.832964e+01
    endloop
  endfacet
  facet normal 9.914449e-01 -9.274444e-16 1.305262e-01
    outer loop
      vertex   4.727259e+00 8.974685e-14 -2.235706e+01
      vertex   4.727259e+00 1.500000e+00 -2.235706e+01
      vertex   4.700000e+00 8.881784e-14 -2.215000e+01
    endloop
  endfacet
  facet normal 9.914449e-01 -9.274444e-16 1.305262e-01
    outer loop
      vertex   4.700000e+00 8.881784e-14 -2.215000e+01
      vertex   4.727259e+00 1.500000e+00 -2.235706e+01
      vertex   4.700000e+00 1.500000e+00 -2.215000e+01
    endloop
  endfacet
  facet normal 9.914449e-01 9.274444e-16 -1.305262e-01
    outer loop
      vertex   4.700000e+00 8.881784e-14 -2.215000e+01
      vertex   4.700000e+00 1.500000e+00 -2.215000e+01
      vertex   4.727259e+00 8.668989e-14 -2.194294e+01
    endloop
  endfacet
  facet normal 9.914449e-01 1.236593e-15 -1.305262e-01
    outer loop
      vertex   4.727259e+00 8.668989e-14 -2.194294e+01
      vertex   4.700000e+00 1.500000e+00 -2.215000e+01
      vertex   4.727259e+00 1.500000e+00 -2.194294e+01
    endloop
  endfacet
  facet normal 9.238795e-01 3.625506e-15 -3.826834e-01
    outer loop
      vertex   4.727259e+00 8.668989e-14 -2.194294e+01
      vertex   4.727259e+00 1.500000e+00 -2.194294e+01
      vertex   4.807180e+00 8.532758e-14 -2.175000e+01
    endloop
  endfacet
  facet normal 9.238795e-01 2.719129e-15 -3.826834e-01
    outer loop
      vertex   4.807180e+00 8.532758e-14 -2.175000e+01
      vertex   4.727259e+00 1.500000e+00 -2.194294e+01
      vertex   4.807180e+00 1.500000e+00 -2.175000e+01
    endloop
  endfacet
  facet normal 7.933533e-01 4.325510e-15 -6.087614e-01
    outer loop
      vertex   4.807180e+00 8.532758e-14 -2.175000e+01
      vertex   4.807180e+00 1.500000e+00 -2.175000e+01
      vertex   4.934315e+00 8.420312e-14 -2.158431e+01
    endloop
  endfacet
  facet normal 7.933533e-01 5.767347e-15 -6.087614e-01
    outer loop
      vertex   4.934315e+00 8.420312e-14 -2.158431e+01
      vertex   4.807180e+00 1.500000e+00 -2.175000e+01
      vertex   4.934315e+00 1.500000e+00 -2.158431e+01
    endloop
  endfacet
  facet normal 6.087614e-01 7.516153e-15 -7.933533e-01
    outer loop
      vertex   4.934315e+00 8.420312e-14 -2.158431e+01
      vertex   4.934315e+00 1.500000e+00 -2.158431e+01
      vertex   5.100000e+00 8.339314e-14 -2.145718e+01
    endloop
  endfacet
  facet normal 6.087614e-01 7.516153e-15 -7.933533e-01
    outer loop
      vertex   5.100000e+00 8.339314e-14 -2.145718e+01
      vertex   4.934315e+00 1.500000e+00 -2.158431e+01
      vertex   5.100000e+00 1.500000e+00 -2.145718e+01
    endloop
  endfacet
  facet normal 3.826834e-01 8.752745e-15 -9.238795e-01
    outer loop
      vertex   5.100000e+00 8.339314e-14 -2.145718e+01
      vertex   5.100000e+00 1.500000e+00 -2.145718e+01
      vertex   5.292945e+00 8.295285e-14 -2.137726e+01
    endloop
  endfacet
  facet normal 3.826834e-01 6.564559e-15 -9.238795e-01
    outer loop
      vertex   5.292945e+00 8.295285e-14 -2.137726e+01
      vertex   5.100000e+00 1.500000e+00 -2.145718e+01
      vertex   5.292945e+00 1.500000e+00 -2.137726e+01
    endloop
  endfacet
  facet normal 1.305262e-01 7.044639e-15 -9.914449e-01
    outer loop
      vertex   5.292945e+00 8.295285e-14 -2.137726e+01
      vertex   5.292945e+00 1.500000e+00 -2.137726e+01
      vertex   5.500000e+00 8.291225e-14 -2.135000e+01
    endloop
  endfacet
  facet normal 1.305262e-01 9.392853e-15 -9.914449e-01
    outer loop
      vertex   5.500000e+00 8.291225e-14 -2.135000e+01
      vertex   5.292945e+00 1.500000e+00 -2.137726e+01
      vertex   5.500000e+00 1.500000e+00 -2.135000e+01
    endloop
  endfacet
  facet normal -1.305262e-01 9.392853e-15 -9.914449e-01
    outer loop
      vertex   5.500000e+00 8.291225e-14 -2.135000e+01
      vertex   5.500000e+00 1.500000e+00 -2.135000e+01
      vertex   5.707055e+00 8.327411e-14 -2.137726e+01
    endloop
  endfacet
  facet normal -1.305262e-01 4.851000e-15 -9.914449e-01
    outer loop
      vertex   5.707055e+00 8.327411e-14 -2.137726e+01
      vertex   5.500000e+00 1.500000e+00 -2.135000e+01
      vertex   5.707055e+00 1.500000e+00 -2.137726e+01
    endloop
  endfacet
  facet normal -3.826834e-01 4.829561e-15 -9.238795e-01
    outer loop
      vertex   5.707055e+00 8.327411e-14 -2.137726e+01
      vertex   5.707055e+00 1.500000e+00 -2.137726e+01
      vertex   5.900000e+00 8.401376e-14 -2.145718e+01
    endloop
  endfacet
  facet normal -3.826834e-01 8.752745e-15 -9.238795e-01
    outer loop
      vertex   5.900000e+00 8.401376e-14 -2.145718e+01
      vertex   5.707055e+00 1.500000e+00 -2.137726e+01
      vertex   5.900000e+00 1.500000e+00 -2.145718e+01
    endloop
  endfacet
  facet normal -6.087614e-01 7.516153e-15 -7.933533e-01
    outer loop
      vertex   5.900000e+00 8.401376e-14 -2.145718e+01
      vertex   5.900000e+00 1.500000e+00 -2.145718e+01
      vertex   6.065685e+00 8.508080e-14 -2.158431e+01
    endloop
  endfacet
  facet normal -6.087614e-01 7.516153e-15 -7.933533e-01
    outer loop
      vertex   6.065685e+00 8.508080e-14 -2.158431e+01
      vertex   5.900000e+00 1.500000e+00 -2.145718e+01
      vertex   6.065685e+00 1.500000e+00 -2.158431e+01
    endloop
  endfacet
  facet normal -7.933533e-01 5.767347e-15 -6.087614e-01
    outer loop
      vertex   6.065685e+00 8.508080e-14 -2.158431e+01
      vertex   6.065685e+00 1.500000e+00 -2.158431e+01
      vertex   6.192820e+00 8.640252e-14 -2.175000e+01
    endloop
  endfacet
  facet normal -7.933533e-01 4.325510e-15 -6.087614e-01
    outer loop
      vertex   6.192820e+00 8.640252e-14 -2.175000e+01
      vertex   6.065685e+00 1.500000e+00 -2.158431e+01
      vertex   6.192820e+00 1.500000e+00 -2.175000e+01
    endloop
  endfacet
  facet normal -9.238795e-01 2.719129e-15 -3.826834e-01
    outer loop
      vertex   6.192820e+00 8.640252e-14 -2.175000e+01
      vertex   6.192820e+00 1.500000e+00 -2.175000e+01
      vertex   6.272741e+00 8.788883e-14 -2.194294e+01
    endloop
  endfacet
  facet normal -9.238795e-01 3.625506e-15 -3.826834e-01
    outer loop
      vertex   6.272741e+00 8.788883e-14 -2.194294e+01
      vertex   6.192820e+00 1.500000e+00 -2.175000e+01
      vertex   6.272741e+00 1.500000e+00 -2.194294e+01
    endloop
  endfacet
  facet normal -9.914449e-01 1.236593e-15 -1.305262e-01
    outer loop
      vertex   6.272741e+00 8.788883e-14 -2.194294e+01
      vertex   6.272741e+00 1.500000e+00 -2.194294e+01
      vertex   6.300000e+00 8.943846e-14 -2.215000e+01
    endloop
  endfacet
  facet normal -9.914449e-01 1.236593e-15 -1.305262e-01
    outer loop
      vertex   6.300000e+00 8.943846e-14 -2.215000e+01
      vertex   6.272741e+00 1.500000e+00 -2.194294e+01
      vertex   6.300000e+00 1.500000e+00 -2.215000e+01
    endloop
  endfacet
  facet normal -9.914449e-01 -1.236593e-15 1.305262e-01
    outer loop
      vertex   6.300000e+00 8.943846e-14 -2.215000e+01
      vertex   6.300000e+00 1.500000e+00 -2.215000e+01
      vertex   6.272741e+00 9.094579e-14 -2.235706e+01
    endloop
  endfacet
  facet normal -9.914449e-01 -9.274444e-16 1.305262e-01
    outer loop
      vertex   6.272741e+00 9.094579e-14 -2.235706e+01
      vertex   6.300000e+00 1.500000e+00 -2.215000e+01
      vertex   6.272741e+00 1.500000e+00 -2.235706e+01
    endloop
  endfacet
  facet normal -9.238795e-01 -2.719129e-15 3.826834e-01
    outer loop
      vertex   6.272741e+00 9.094579e-14 -2.235706e+01
      vertex   6.272741e+00 1.500000e+00 -2.235706e+01
      vertex   6.192820e+00 9.230811e-14 -2.255000e+01
    endloop
  endfacet
  facet normal -9.238795e-01 -3.625506e-15 3.826834e-01
    outer loop
      vertex   6.192820e+00 9.230811e-14 -2.255000e+01
      vertex   6.272741e+00 1.500000e+00 -2.235706e+01
      vertex   6.192820e+00 1.500000e+00 -2.255000e+01
    endloop
  endfacet
  facet normal -7.933533e-01 -5.767347e-15 6.087614e-01
    outer loop
      vertex   6.192820e+00 9.230811e-14 -2.255000e+01
      vertex   6.192820e+00 1.500000e+00 -2.255000e+01
      vertex   6.065685e+00 9.343257e-14 -2.271569e+01
    endloop
  endfacet
  facet normal -7.933533e-01 -4.325510e-15 6.087614e-01
    outer loop
      vertex   6.065685e+00 9.343257e-14 -2.271569e+01
      vertex   6.192820e+00 1.500000e+00 -2.255000e+01
      vertex   6.065685e+00 1.500000e+00 -2.271569e+01
    endloop
  endfacet
  facet normal -6.087614e-01 -5.637115e-15 7.933533e-01
    outer loop
      vertex   6.065685e+00 9.343257e-14 -2.271569e+01
      vertex   6.065685e+00 1.500000e+00 -2.271569e+01
      vertex   5.900000e+00 9.424254e-14 -2.284282e+01
    endloop
  endfacet
  facet normal -6.087614e-01 -7.516153e-15 7.933533e-01
    outer loop
      vertex   5.900000e+00 9.424254e-14 -2.284282e+01
      vertex   6.065685e+00 1.500000e+00 -2.271569e+01
      vertex   5.900000e+00 1.500000e+00 -2.284282e+01
    endloop
  endfacet
  facet normal -3.826834e-01 -8.752745e-15 9.238795e-01
    outer loop
      vertex   5.900000e+00 9.424254e-14 -2.284282e+01
      vertex   5.900000e+00 1.500000e+00 -2.284282e+01
      vertex   5.707055e+00 9.468283e-14 -2.292274e+01
    endloop
  endfacet
  facet normal -3.826834e-01 -9.205933e-15 9.238795e-01
    outer loop
      vertex   5.707055e+00 9.468283e-14 -2.292274e+01
      vertex   5.900000e+00 1.500000e+00 -2.284282e+01
      vertex   5.707055e+00 1.500000e+00 -2.292274e+01
    endloop
  endfacet
  facet normal -1.305262e-01 -9.547427e-15 9.914449e-01
    outer loop
      vertex   5.707055e+00 9.468283e-14 -2.292274e+01
      vertex   5.707055e+00 1.500000e+00 -2.292274e+01
      vertex   5.500000e+00 9.472343e-14 -2.295000e+01
    endloop
  endfacet
  facet normal -1.305262e-01 -7.044639e-15 9.914449e-01
    outer loop
      vertex   5.500000e+00 9.472343e-14 -2.295000e+01
      vertex   5.707055e+00 1.500000e+00 -2.292274e+01
      vertex   5.500000e+00 1.500000e+00 -2.295000e+01
    endloop
  endfacet
  facet normal 1.305262e-01 -7.044639e-15 9.914449e-01
    outer loop
      vertex   5.500000e+00 9.472343e-14 -2.295000e+01
      vertex   5.500000e+00 1.500000e+00 -2.295000e+01
      vertex   5.292945e+00 9.436158e-14 -2.292274e+01
    endloop
  endfacet
  facet normal 1.305262e-01 -9.392853e-15 9.914449e-01
    outer loop
      vertex   5.292945e+00 9.436158e-14 -2.292274e+01
      vertex   5.500000e+00 1.500000e+00 -2.295000e+01
      vertex   5.292945e+00 1.500000e+00 -2.292274e+01
    endloop
  endfacet
  facet normal 3.826834e-01 -8.752745e-15 9.238795e-01
    outer loop
      vertex   5.292945e+00 9.436158e-14 -2.292274e+01
      vertex   5.292945e+00 1.500000e+00 -2.292274e+01
      vertex   5.100000e+00 9.362193e-14 -2.284282e+01
    endloop
  endfacet
  facet normal 3.826834e-01 -8.752745e-15 9.238795e-01
    outer loop
      vertex   5.100000e+00 9.362193e-14 -2.284282e+01
      vertex   5.292945e+00 1.500000e+00 -2.292274e+01
      vertex   5.100000e+00 1.500000e+00 -2.284282e+01
    endloop
  endfacet
  facet normal 6.087614e-01 -7.516153e-15 7.933533e-01
    outer loop
      vertex   5.100000e+00 9.362193e-14 -2.284282e+01
      vertex   5.100000e+00 1.500000e+00 -2.284282e+01
      vertex   4.934315e+00 9.255488e-14 -2.271569e+01
    endloop
  endfacet
  facet normal 6.087614e-01 -5.637115e-15 7.933533e-01
    outer loop
      vertex   4.934315e+00 9.255488e-14 -2.271569e+01
      vertex   5.100000e+00 1.500000e+00 -2.284282e+01
      vertex   4.934315e+00 1.500000e+00 -2.271569e+01
    endloop
  endfacet
  facet normal 7.933533e-01 -4.325510e-15 6.087614e-01
    outer loop
      vertex   4.934315e+00 9.255488e-14 -2.271569e+01
      vertex   4.934315e+00 1.500000e+00 -2.271569e+01
      vertex   4.807180e+00 9.123317e-14 -2.255000e+01
    endloop
  endfacet
  facet normal 7.933533e-01 -5.767347e-15 6.087614e-01
    outer loop
      vertex   4.807180e+00 9.123317e-14 -2.255000e+01
      vertex   4.934315e+00 1.500000e+00 -2.271569e+01
      vertex   4.807180e+00 1.500000e+00 -2.255000e+01
    endloop
  endfacet
  facet normal 9.238795e-01 -3.625506e-15 3.826834e-01
    outer loop
      vertex   4.807180e+00 9.123317e-14 -2.255000e+01
      vertex   4.807180e+00 1.500000e+00 -2.255000e+01
      vertex   4.727259e+00 8.974685e-14 -2.235706e+01
    endloop
  endfacet
  facet normal 9.238795e-01 -2.719129e-15 3.826834e-01
    outer loop
      vertex   4.727259e+00 8.974685e-14 -2.235706e+01
      vertex   4.807180e+00 1.500000e+00 -2.255000e+01
      vertex   4.727259e+00 1.500000e+00 -2.235706e+01
    endloop
  endfacet
  facet normal 9.914449e-01 -1.236593e-15 1.305262e-01
    outer loop
      vertex   -1.722741e+00 1.785647e-13 -3.520706e+01
      vertex   -1.722741e+00 1.500000e+00 -3.520706e+01
      vertex   -1.750000e+00 1.776357e-13 -3.500000e+01
    endloop
  endfacet
  facet normal 9.914449e-01 -1.236593e-15 1.305262e-01
    outer loop
      vertex   -1.750000e+00 1.776357e-13 -3.500000e+01
      vertex   -1.722741e+00 1.500000e+00 -3.520706e+01
      vertex   -1.750000e+00 1.500000e+00 -3.500000e+01
    endloop
  endfacet
  facet normal 9.914449e-01 1.236593e-15 -1.305262e-01
    outer loop
      vertex   -1.750000e+00 1.776357e-13 -3.500000e+01
      vertex   -1.750000e+00 1.500000e+00 -3.500000e+01
      vertex   -1.722741e+00 1.755077e-13 -3.479294e+01
    endloop
  endfacet
  facet normal 9.914449e-01 1.236593e-15 -1.305262e-01
    outer loop
      vertex   -1.722741e+00 1.755077e-13 -3.479294e+01
      vertex   -1.750000e+00 1.500000e+00 -3.500000e+01
      vertex   -1.722741e+00 1.500000e+00 -3.479294e+01
    endloop
  endfacet
  facet normal 9.238795e-01 3.625506e-15 -3.826834e-01
    outer loop
      vertex   -1.722741e+00 1.755077e-13 -3.479294e+01
      vertex   -1.722741e+00 1.500000e+00 -3.479294e+01
      vertex   -1.642820e+00 1.741454e-13 -3.460000e+01
    endloop
  endfacet
  facet normal 9.238795e-01 3.625506e-15 -3.826834e-01
    outer loop
      vertex   -1.642820e+00 1.741454e-13 -3.460000e+01
      vertex   -1.722741e+00 1.500000e+00 -3.479294e+01
      vertex   -1.642820e+00 1.500000e+00 -3.460000e+01
    endloop
  endfacet
  facet normal 7.933533e-01 5.767347e-15 -6.087614e-01
    outer loop
      vertex   -1.642820e+00 1.741454e-13 -3.460000e+01
      vertex   -1.642820e+00 1.500000e+00 -3.460000e+01
      vertex   -1.515685e+00 1.730210e-13 -3.443431e+01
    endloop
  endfacet
  facet normal 7.933533e-01 5.767347e-15 -6.087614e-01
    outer loop
      vertex   -1.515685e+00 1.730210e-13 -3.443431e+01
      vertex   -1.642820e+00 1.500000e+00 -3.460000e+01
      vertex   -1.515685e+00 1.500000e+00 -3.443431e+01
    endloop
  endfacet
  facet normal 6.087614e-01 7.516153e-15 -7.933533e-01
    outer loop
      vertex   -1.515685e+00 1.730210e-13 -3.443431e+01
      vertex   -1.515685e+00 1.500000e+00 -3.443431e+01
      vertex   -1.350000e+00 1.722110e-13 -3.430718e+01
    endloop
  endfacet
  facet normal 6.087614e-01 7.245808e-15 -7.933533e-01
    outer loop
      vertex   -1.350000e+00 1.722110e-13 -3.430718e+01
      vertex   -1.515685e+00 1.500000e+00 -3.443431e+01
      vertex   -1.350000e+00 1.500000e+00 -3.430718e+01
    endloop
  endfacet
  facet normal 3.826834e-01 8.582800e-15 -9.238795e-01
    outer loop
      vertex   -1.350000e+00 1.722110e-13 -3.430718e+01
      vertex   -1.350000e+00 1.500000e+00 -3.430718e+01
      vertex   -1.157055e+00 1.717707e-13 -3.422726e+01
    endloop
  endfacet
  facet normal 3.826834e-01 8.696097e-15 -9.238795e-01
    outer loop
      vertex   -1.157055e+00 1.717707e-13 -3.422726e+01
      vertex   -1.350000e+00 1.500000e+00 -3.430718e+01
      vertex   -1.157055e+00 1.500000e+00 -3.422726e+01
    endloop
  endfacet
  facet normal 1.305262e-01 9.373531e-15 -9.914449e-01
    outer loop
      vertex   -1.157055e+00 1.717707e-13 -3.422726e+01
      vertex   -1.157055e+00 1.500000e+00 -3.422726e+01
      vertex   -9.500000e-01 1.717301e-13 -3.420000e+01
    endloop
  endfacet
  facet normal 1.305262e-01 9.392853e-15 -9.914449e-01
    outer loop
      vertex   -9.500000e-01 1.717301e-13 -3.420000e+01
      vertex   -1.157055e+00 1.500000e+00 -3.422726e+01
      vertex   -9.500000e-01 1.500000e+00 -3.420000e+01
    endloop
  endfacet
  facet normal -1.305262e-01 9.392853e-15 -9.914449e-01
    outer loop
      vertex   -9.500000e-01 1.717301e-13 -3.420000e+01
      vertex   -9.500000e-01 1.500000e+00 -3.420000e+01
      vertex   -7.429448e-01 1.720919e-13 -3.422726e+01
    endloop
  endfacet
  facet normal -1.305262e-01 4.744731e-15 -9.914449e-01
    outer loop
      vertex   -7.429448e-01 1.720919e-13 -3.422726e+01
      vertex   -9.500000e-01 1.500000e+00 -3.420000e+01
      vertex   -7.429448e-01 1.500000e+00 -3.422726e+01
    endloop
  endfacet
  facet normal -3.826834e-01 4.517994e-15 -9.238795e-01
    outer loop
      vertex   -7.429448e-01 1.720919e-13 -3.422726e+01
      vertex   -7.429448e-01 1.500000e+00 -3.422726e+01
      vertex   -5.500000e-01 1.728316e-13 -3.430718e+01
    endloop
  endfacet
  facet normal -3.826834e-01 8.837718e-15 -9.238795e-01
    outer loop
      vertex   -5.500000e-01 1.728316e-13 -3.430718e+01
      vertex   -7.429448e-01 1.500000e+00 -3.422726e+01
      vertex   -5.500000e-01 1.500000e+00 -3.430718e+01
    endloop
  endfacet
  facet normal -6.087614e-01 7.651325e-15 -7.933533e-01
    outer loop
      vertex   -5.500000e-01 1.728316e-13 -3.430718e+01
      vertex   -5.500000e-01 1.500000e+00 -3.430718e+01
      vertex   -3.843146e-01 1.738986e-13 -3.443431e+01
    endloop
  endfacet
  facet normal -6.087614e-01 7.606267e-15 -7.933533e-01
    outer loop
      vertex   -3.843146e-01 1.738986e-13 -3.443431e+01
      vertex   -5.500000e-01 1.500000e+00 -3.430718e+01
      vertex   -3.843146e-01 1.500000e+00 -3.443431e+01
    endloop
  endfacet
  facet normal -7.933533e-01 5.884787e-15 -6.087614e-01
    outer loop
      vertex   -3.843146e-01 1.738986e-13 -3.443431e+01
      vertex   -3.843146e-01 1.500000e+00 -3.443431e+01
      vertex   -2.571797e-01 1.752204e-13 -3.460000e+01
    endloop
  endfacet
  facet normal -7.933533e-01 5.826067e-15 -6.087614e-01
    outer loop
      vertex   -2.571797e-01 1.752204e-13 -3.460000e+01
      vertex   -3.843146e-01 1.500000e+00 -3.443431e+01
      vertex   -2.571797e-01 1.500000e+00 -3.460000e+01
    endloop
  endfacet
  facet normal -9.238795e-01 3.693887e-15 -3.826834e-01
    outer loop
      vertex   -2.571797e-01 1.752204e-13 -3.460000e+01
      vertex   -2.571797e-01 1.500000e+00 -3.460000e+01
      vertex   -1.772593e-01 1.767067e-13 -3.479294e+01
    endloop
  endfacet
  facet normal -9.238795e-01 3.625506e-15 -3.826834e-01
    outer loop
      vertex   -1.772593e-01 1.767067e-13 -3.479294e+01
      vertex   -2.571797e-01 1.500000e+00 -3.460000e+01
      vertex   -1.772593e-01 1.500000e+00 -3.479294e+01
    endloop
  endfacet
  facet normal -9.914449e-01 1.236593e-15 -1.305262e-01
    outer loop
      vertex   -1.772593e-01 1.767067e-13 -3.479294e+01
      vertex   -1.772593e-01 1.500000e+00 -3.479294e+01
      vertex   -1.500000e-01 1.782563e-13 -3.500000e+01
    endloop
  endfacet
  facet normal -9.914449e-01 1.236593e-15 -1.305262e-01
    outer loop
      vertex   -1.500000e-01 1.782563e-13 -3.500000e+01
      vertex   -1.772593e-01 1.500000e+00 -3.479294e+01
      vertex   -1.500000e-01 1.500000e+00 -3.500000e+01
    endloop
  endfacet
  facet normal -9.914449e-01 -1.236593e-15 1.305262e-01
    outer loop
      vertex   -1.500000e-01 1.782563e-13 -3.500000e+01
      vertex   -1.500000e-01 1.500000e+00 -3.500000e+01
      vertex   -1.772593e-01 1.797636e-13 -3.520706e+01
    endloop
  endfacet
  facet normal -9.914449e-01 -1.236593e-15 1.305262e-01
    outer loop
      vertex   -1.772593e-01 1.797636e-13 -3.520706e+01
      vertex   -1.500000e-01 1.500000e+00 -3.500000e+01
      vertex   -1.772593e-01 1.500000e+00 -3.520706e+01
    endloop
  endfacet
  facet normal -9.238795e-01 -3.625506e-15 3.826834e-01
    outer loop
      vertex   -1.772593e-01 1.797636e-13 -3.520706e+01
      vertex   -1.772593e-01 1.500000e+00 -3.520706e+01
      vertex   -2.571797e-01 1.811259e-13 -3.540000e+01
    endloop
  endfacet
  facet normal -9.238795e-01 -1.915324e-15 3.826834e-01
    outer loop
      vertex   -2.571797e-01 1.811259e-13 -3.540000e+01
      vertex   -1.772593e-01 1.500000e+00 -3.520706e+01
      vertex   -2.571797e-01 1.500000e+00 -3.540000e+01
    endloop
  endfacet
  facet normal -7.933533e-01 -2.971753e-15 6.087614e-01
    outer loop
      vertex   -2.571797e-01 1.811259e-13 -3.540000e+01
      vertex   -2.571797e-01 1.500000e+00 -3.540000e+01
      vertex   -3.843146e-01 1.822504e-13 -3.556569e+01
    endloop
  endfacet
  facet normal -7.933533e-01 -5.884787e-15 6.087614e-01
    outer loop
      vertex   -3.843146e-01 1.822504e-13 -3.556569e+01
      vertex   -2.571797e-01 1.500000e+00 -3.540000e+01
      vertex   -3.843146e-01 1.500000e+00 -3.556569e+01
    endloop
  endfacet
  facet normal -6.087614e-01 -7.606267e-15 7.933533e-01
    outer loop
      vertex   -3.843146e-01 1.822504e-13 -3.556569e+01
      vertex   -3.843146e-01 1.500000e+00 -3.556569e+01
      vertex   -5.500000e-01 1.830604e-13 -3.569282e+01
    endloop
  endfacet
  facet normal -6.087614e-01 -7.651325e-15 7.933533e-01
    outer loop
      vertex   -5.500000e-01 1.830604e-13 -3.569282e+01
      vertex   -3.843146e-01 1.500000e+00 -3.556569e+01
      vertex   -5.500000e-01 1.500000e+00 -3.569282e+01
    endloop
  endfacet
  facet normal -3.826834e-01 -8.837718e-15 9.238795e-01
    outer loop
      vertex   -5.500000e-01 1.830604e-13 -3.569282e+01
      vertex   -5.500000e-01 1.500000e+00 -3.569282e+01
      vertex   -7.429448e-01 1.835007e-13 -3.577274e+01
    endloop
  endfacet
  facet normal -3.826834e-01 -8.894367e-15 9.238795e-01
    outer loop
      vertex   -7.429448e-01 1.835007e-13 -3.577274e+01
      vertex   -5.500000e-01 1.500000e+00 -3.569282e+01
      vertex   -7.429448e-01 1.500000e+00 -3.577274e+01
    endloop
  endfacet
  facet normal -1.305262e-01 -9.441157e-15 9.914449e-01
    outer loop
      vertex   -7.429448e-01 1.835007e-13 -3.577274e+01
      vertex   -7.429448e-01 1.500000e+00 -3.577274e+01
      vertex   -9.500000e-01 1.835413e-13 -3.580000e+01
    endloop
  endfacet
  facet normal -1.305262e-01 -9.392853e-15 9.914449e-01
    outer loop
      vertex   -9.500000e-01 1.835413e-13 -3.580000e+01
      vertex   -7.429448e-01 1.500000e+00 -3.577274e+01
      vertex   -9.500000e-01 1.500000e+00 -3.580000e+01
    endloop
  endfacet
  facet normal 1.305262e-01 -9.392853e-15 9.914449e-01
    outer loop
      vertex   -9.500000e-01 1.835413e-13 -3.580000e+01
      vertex   -9.500000e-01 1.500000e+00 -3.580000e+01
      vertex   -1.157055e+00 1.831794e-13 -3.577274e+01
    endloop
  endfacet
  facet normal 1.305262e-01 -9.354209e-15 9.914449e-01
    outer loop
      vertex   -1.157055e+00 1.831794e-13 -3.577274e+01
      vertex   -9.500000e-01 1.500000e+00 -3.580000e+01
      vertex   -1.157055e+00 1.500000e+00 -3.577274e+01
    endloop
  endfacet
  facet normal 3.826834e-01 -8.639448e-15 9.238795e-01
    outer loop
      vertex   -1.157055e+00 1.831794e-13 -3.577274e+01
      vertex   -1.157055e+00 1.500000e+00 -3.577274e+01
      vertex   -1.350000e+00 1.824398e-13 -3.569282e+01
    endloop
  endfacet
  facet normal 3.826834e-01 -8.526151e-15 9.238795e-01
    outer loop
      vertex   -1.350000e+00 1.824398e-13 -3.569282e+01
      vertex   -1.157055e+00 1.500000e+00 -3.577274e+01
      vertex   -1.350000e+00 1.500000e+00 -3.569282e+01
    endloop
  endfacet
  facet normal 6.087614e-01 -7.155694e-15 7.933533e-01
    outer loop
      vertex   -1.350000e+00 1.824398e-13 -3.569282e+01
      vertex   -1.350000e+00 1.500000e+00 -3.569282e+01
      vertex   -1.515685e+00 1.813727e-13 -3.556569e+01
    endloop
  endfacet
  facet normal 6.087614e-01 -7.516153e-15 7.933533e-01
    outer loop
      vertex   -1.515685e+00 1.813727e-13 -3.556569e+01
      vertex   -1.350000e+00 1.500000e+00 -3.569282e+01
      vertex   -1.515685e+00 1.500000e+00 -3.556569e+01
    endloop
  endfacet
  facet normal 7.933533e-01 -5.767347e-15 6.087614e-01
    outer loop
      vertex   -1.515685e+00 1.813727e-13 -3.556569e+01
      vertex   -1.515685e+00 1.500000e+00 -3.556569e+01
      vertex   -1.642820e+00 1.800510e-13 -3.540000e+01
    endloop
  endfacet
  facet normal 7.933533e-01 -2.883673e-15 6.087614e-01
    outer loop
      vertex   -1.642820e+00 1.800510e-13 -3.540000e+01
      vertex   -1.515685e+00 1.500000e+00 -3.556569e+01
      vertex   -1.642820e+00 1.500000e+00 -3.540000e+01
    endloop
  endfacet
  facet normal 9.238795e-01 -1.812753e-15 3.826834e-01
    outer loop
      vertex   -1.642820e+00 1.800510e-13 -3.540000e+01
      vertex   -1.642820e+00 1.500000e+00 -3.540000e+01
      vertex   -1.722741e+00 1.785647e-13 -3.520706e+01
    endloop
  endfacet
  facet normal 9.238795e-01 -3.625506e-15 3.826834e-01
    outer loop
      vertex   -1.722741e+00 1.785647e-13 -3.520706e+01
      vertex   -1.642820e+00 1.500000e+00 -3.540000e+01
      vertex   -1.722741e+00 1.500000e+00 -3.520706e+01
    endloop
  endfacet
  facet normal 9.961947e-01 -4.128525e-16 8.715574e-02
    outer loop
      vertex   1.708490e+00 1.796295e-13 -3.566855e+01
      vertex   1.708490e+00 1.500000e+00 -3.566855e+01
      vertex   1.650000e+00 1.598721e-13 -3.500000e+01
    endloop
  endfacet
  facet normal 9.961947e-01 -8.257051e-16 8.715574e-02
    outer loop
      vertex   1.650000e+00 1.598721e-13 -3.500000e+01
      vertex   1.708490e+00 1.500000e+00 -3.566855e+01
      vertex   1.650000e+00 1.500000e+00 -3.500000e+01
    endloop
  endfacet
  facet normal 9.961947e-01 8.257051e-16 -8.715574e-02
    outer loop
      vertex   1.650000e+00 1.598721e-13 -3.500000e+01
      vertex   1.650000e+00 1.500000e+00 -3.500000e+01
      vertex   1.708490e+00 1.697591e-13 -3.433145e+01
    endloop
  endfacet
  facet normal 9.961947e-01 8.257051e-16 -8.715574e-02
    outer loop
      vertex   1.708490e+00 1.697591e-13 -3.433145e+01
      vertex   1.650000e+00 1.500000e+00 -3.500000e+01
      vertex   1.708490e+00 1.500000e+00 -3.433145e+01
    endloop
  endfacet
  facet normal 9.659258e-01 2.452027e-15 -2.588190e-01
    outer loop
      vertex   1.708490e+00 1.697591e-13 -3.433145e+01
      vertex   1.708490e+00 1.500000e+00 -3.433145e+01
      vertex   1.882183e+00 1.651087e-13 -3.368322e+01
    endloop
  endfacet
  facet normal 9.659258e-01 9.400418e-16 -2.588190e-01
    outer loop
      vertex   1.882183e+00 1.651087e-13 -3.368322e+01
      vertex   1.708490e+00 1.500000e+00 -3.433145e+01
      vertex   1.882183e+00 1.500000e+00 -3.368322e+01
    endloop
  endfacet
  facet normal 9.063078e-01 1.733601e-15 -4.226183e-01
    outer loop
      vertex   1.882183e+00 1.651087e-13 -3.368322e+01
      vertex   1.882183e+00 1.500000e+00 -3.368322e+01
      vertex   2.165802e+00 1.608388e-13 -3.307500e+01
    endloop
  endfacet
  facet normal 9.063078e-01 1.733601e-15 -4.226183e-01
    outer loop
      vertex   2.165802e+00 1.608388e-13 -3.307500e+01
      vertex   1.882183e+00 1.500000e+00 -3.368322e+01
      vertex   2.165802e+00 1.500000e+00 -3.307500e+01
    endloop
  endfacet
  facet normal 8.191520e-01 2.474486e-15 -5.735764e-01
    outer loop
      vertex   2.165802e+00 1.608388e-13 -3.307500e+01
      vertex   2.165802e+00 1.500000e+00 -3.307500e+01
      vertex   2.550729e+00 1.570793e-13 -3.252527e+01
    endloop
  endfacet
  facet normal 8.191520e-01 2.717004e-15 -5.735764e-01
    outer loop
      vertex   2.550729e+00 1.570793e-13 -3.252527e+01
      vertex   2.165802e+00 1.500000e+00 -3.307500e+01
      vertex   2.550729e+00 1.500000e+00 -3.252527e+01
    endloop
  endfacet
  facet normal 7.071068e-01 3.349531e-15 -7.071068e-01
    outer loop
      vertex   2.550729e+00 1.570793e-13 -3.252527e+01
      vertex   2.550729e+00 1.500000e+00 -3.252527e+01
      vertex   3.025268e+00 1.539444e-13 -3.205073e+01
    endloop
  endfacet
  facet normal 7.071068e-01 3.349531e-15 -7.071068e-01
    outer loop
      vertex   3.025268e+00 1.539444e-13 -3.205073e+01
      vertex   2.550729e+00 1.500000e+00 -3.252527e+01
      vertex   3.025268e+00 1.500000e+00 -3.205073e+01
    endloop
  endfacet
  facet normal 5.735764e-01 3.880284e-15 -8.191520e-01
    outer loop
      vertex   3.025268e+00 1.539444e-13 -3.205073e+01
      vertex   3.025268e+00 1.500000e+00 -3.205073e+01
      vertex   3.575000e+00 1.515293e-13 -3.166580e+01
    endloop
  endfacet
  facet normal 5.735764e-01 5.820425e-15 -8.191520e-01
    outer loop
      vertex   3.575000e+00 1.515293e-13 -3.166580e+01
      vertex   3.025268e+00 1.500000e+00 -3.205073e+01
      vertex   3.575000e+00 1.500000e+00 -3.166580e+01
    endloop
  endfacet
  facet normal 4.226183e-01 6.439704e-15 -9.063078e-01
    outer loop
      vertex   3.575000e+00 1.515293e-13 -3.166580e+01
      vertex   3.575000e+00 1.500000e+00 -3.166580e+01
      vertex   4.183222e+00 1.499075e-13 -3.138218e+01
    endloop
  endfacet
  facet normal 4.226183e-01 3.792656e-15 -9.063078e-01
    outer loop
      vertex   4.183222e+00 1.499075e-13 -3.138218e+01
      vertex   3.575000e+00 1.500000e+00 -3.166580e+01
      vertex   4.183222e+00 1.500000e+00 -3.138218e+01
    endloop
  endfacet
  facet normal 2.588190e-01 4.269041e-15 -9.659258e-01
    outer loop
      vertex   4.183222e+00 1.499075e-13 -3.138218e+01
      vertex   4.183222e+00 1.500000e+00 -3.138218e+01
      vertex   4.831455e+00 1.491282e-13 -3.120849e+01
    endloop
  endfacet
  facet normal 2.588190e-01 4.422292e-15 -9.659258e-01
    outer loop
      vertex   4.831455e+00 1.491282e-13 -3.120849e+01
      vertex   4.183222e+00 1.500000e+00 -3.138218e+01
      vertex   4.831455e+00 1.500000e+00 -3.120849e+01
    endloop
  endfacet
  facet normal 8.715574e-02 4.667319e-15 -9.961947e-01
    outer loop
      vertex   4.831455e+00 1.491282e-13 -3.120849e+01
      vertex   4.831455e+00 1.500000e+00 -3.120849e+01
      vertex   5.500000e+00 1.492150e-13 -3.115000e+01
    endloop
  endfacet
  facet normal 8.715574e-02 7.078389e-15 -9.961947e-01
    outer loop
      vertex   5.500000e+00 1.492150e-13 -3.115000e+01
      vertex   4.831455e+00 1.500000e+00 -3.120849e+01
      vertex   5.500000e+00 1.500000e+00 -3.115000e+01
    endloop
  endfacet
  facet normal -8.715574e-02 7.078389e-15 -9.961947e-01
    outer loop
      vertex   5.500000e+00 1.492150e-13 -3.115000e+01
      vertex   5.500000e+00 1.500000e+00 -3.115000e+01
      vertex   6.168545e+00 1.501654e-13 -3.120849e+01
    endloop
  endfacet
  facet normal -8.715574e-02 4.615713e-15 -9.961947e-01
    outer loop
      vertex   6.168545e+00 1.501654e-13 -3.120849e+01
      vertex   5.500000e+00 1.500000e+00 -3.115000e+01
      vertex   6.168545e+00 1.500000e+00 -3.120849e+01
    endloop
  endfacet
  facet normal -2.588190e-01 4.269041e-15 -9.659258e-01
    outer loop
      vertex   6.168545e+00 1.501654e-13 -3.120849e+01
      vertex   6.168545e+00 1.500000e+00 -3.120849e+01
      vertex   6.816778e+00 1.519505e-13 -3.138218e+01
    endloop
  endfacet
  facet normal -2.588190e-01 5.035299e-15 -9.659258e-01
    outer loop
      vertex   6.816778e+00 1.519505e-13 -3.138218e+01
      vertex   6.168545e+00 1.500000e+00 -3.120849e+01
      vertex   6.816778e+00 1.500000e+00 -3.138218e+01
    endloop
  endfacet
  facet normal -4.226183e-01 5.043857e-15 -9.063078e-01
    outer loop
      vertex   6.816778e+00 1.519505e-13 -3.138218e+01
      vertex   6.816778e+00 1.500000e+00 -3.138218e+01
      vertex   7.425000e+00 1.545160e-13 -3.166580e+01
    endloop
  endfacet
  facet normal -4.226183e-01 6.689944e-15 -9.063078e-01
    outer loop
      vertex   7.425000e+00 1.545160e-13 -3.166580e+01
      vertex   6.816778e+00 1.500000e+00 -3.138218e+01
      vertex   7.425000e+00 1.500000e+00 -3.166580e+01
    endloop
  endfacet
  facet normal -5.735764e-01 6.160051e-15 -8.191520e-01
    outer loop
      vertex   7.425000e+00 1.545160e-13 -3.166580e+01
      vertex   7.425000e+00 1.500000e+00 -3.166580e+01
      vertex   7.974732e+00 1.577840e-13 -3.205073e+01
    endloop
  endfacet
  facet normal -5.735764e-01 3.880284e-15 -8.191520e-01
    outer loop
      vertex   7.974732e+00 1.577840e-13 -3.205073e+01
      vertex   7.425000e+00 1.500000e+00 -3.166580e+01
      vertex   7.974732e+00 1.500000e+00 -3.205073e+01
    endloop
  endfacet
  facet normal -7.071068e-01 3.349531e-15 -7.071068e-01
    outer loop
      vertex   7.974732e+00 1.577840e-13 -3.205073e+01
      vertex   7.974732e+00 1.500000e+00 -3.205073e+01
      vertex   8.449271e+00 1.616552e-13 -3.252527e+01
    endloop
  endfacet
  facet normal -7.071068e-01 3.349531e-15 -7.071068e-01
    outer loop
      vertex   8.449271e+00 1.616552e-13 -3.252527e+01
      vertex   7.974732e+00 1.500000e+00 -3.205073e+01
      vertex   8.449271e+00 1.500000e+00 -3.252527e+01
    endloop
  endfacet
  facet normal -8.191520e-01 2.717004e-15 -5.735764e-01
    outer loop
      vertex   8.449271e+00 1.616552e-13 -3.252527e+01
      vertex   8.449271e+00 1.500000e+00 -3.252527e+01
      vertex   8.834198e+00 1.660119e-13 -3.307500e+01
    endloop
  endfacet
  facet normal -8.191520e-01 2.717004e-15 -5.735764e-01
    outer loop
      vertex   8.834198e+00 1.660119e-13 -3.307500e+01
      vertex   8.449271e+00 1.500000e+00 -3.252527e+01
      vertex   8.834198e+00 1.500000e+00 -3.307500e+01
    endloop
  endfacet
  facet normal -9.063078e-01 2.001922e-15 -4.226183e-01
    outer loop
      vertex   8.834198e+00 1.660119e-13 -3.307500e+01
      vertex   8.834198e+00 1.500000e+00 -3.307500e+01
      vertex   9.117817e+00 1.707218e-13 -3.368322e+01
    endloop
  endfacet
  facet normal -9.063078e-01 2.001922e-15 -4.226183e-01
    outer loop
      vertex   9.117817e+00 1.707218e-13 -3.368322e+01
      vertex   8.834198e+00 1.500000e+00 -3.307500e+01
      vertex   9.117817e+00 1.500000e+00 -3.368322e+01
    endloop
  endfacet
  facet normal -9.659258e-01 1.226013e-15 -2.588190e-01
    outer loop
      vertex   9.117817e+00 1.707218e-13 -3.368322e+01
      vertex   9.117817e+00 1.500000e+00 -3.368322e+01
      vertex   9.291510e+00 1.756418e-13 -3.433145e+01
    endloop
  endfacet
  facet normal -9.659258e-01 2.452027e-15 -2.588190e-01
    outer loop
      vertex   9.291510e+00 1.756418e-13 -3.433145e+01
      vertex   9.117817e+00 1.500000e+00 -3.368322e+01
      vertex   9.291510e+00 1.500000e+00 -3.433145e+01
    endloop
  endfacet
  facet normal -9.961947e-01 8.257051e-16 -8.715574e-02
    outer loop
      vertex   9.291510e+00 1.756418e-13 -3.433145e+01
      vertex   9.291510e+00 1.500000e+00 -3.433145e+01
      vertex   9.350000e+00 1.806224e-13 -3.500000e+01
    endloop
  endfacet
  facet normal -9.961947e-01 4.128525e-16 -8.715574e-02
    outer loop
      vertex   9.350000e+00 1.806224e-13 -3.500000e+01
      vertex   9.291510e+00 1.500000e+00 -3.433145e+01
      vertex   9.350000e+00 1.500000e+00 -3.500000e+01
    endloop
  endfacet
  facet normal -9.961947e-01 -4.128525e-16 8.715574e-02
    outer loop
      vertex   9.350000e+00 1.806224e-13 -3.500000e+01
      vertex   9.350000e+00 1.500000e+00 -3.500000e+01
      vertex   9.291510e+00 1.855122e-13 -3.566855e+01
    endloop
  endfacet
  facet normal -9.961947e-01 -4.128525e-16 8.715574e-02
    outer loop
      vertex   9.291510e+00 1.855122e-13 -3.566855e+01
      vertex   9.350000e+00 1.500000e+00 -3.500000e+01
      vertex   9.291510e+00 1.500000e+00 -3.566855e+01
    endloop
  endfacet
  facet normal -9.659258e-01 -1.226013e-15 2.588190e-01
    outer loop
      vertex   9.291510e+00 1.855122e-13 -3.566855e+01
      vertex   9.291510e+00 1.500000e+00 -3.566855e+01
      vertex   9.117817e+00 1.901627e-13 -3.631678e+01
    endloop
  endfacet
  facet normal -9.659258e-01 -1.226013e-15 2.588190e-01
    outer loop
      vertex   9.117817e+00 1.901627e-13 -3.631678e+01
      vertex   9.291510e+00 1.500000e+00 -3.566855e+01
      vertex   9.117817e+00 1.500000e+00 -3.631678e+01
    endloop
  endfacet
  facet normal -9.063078e-01 -2.001922e-15 4.226183e-01
    outer loop
      vertex   9.117817e+00 1.901627e-13 -3.631678e+01
      vertex   9.117817e+00 1.500000e+00 -3.631678e+01
      vertex   8.834198e+00 1.944326e-13 -3.692500e+01
    endloop
  endfacet
  facet normal -9.063078e-01 -4.003844e-15 4.226183e-01
    outer loop
      vertex   8.834198e+00 1.944326e-13 -3.692500e+01
      vertex   9.117817e+00 1.500000e+00 -3.631678e+01
      vertex   8.834198e+00 1.500000e+00 -3.692500e+01
    endloop
  endfacet
  facet normal -8.191520e-01 -5.434008e-15 5.735764e-01
    outer loop
      vertex   8.834198e+00 1.944326e-13 -3.692500e+01
      vertex   8.834198e+00 1.500000e+00 -3.692500e+01
      vertex   8.449271e+00 1.981921e-13 -3.747473e+01
    endloop
  endfacet
  facet normal -8.191520e-01 -5.434008e-15 5.735764e-01
    outer loop
      vertex   8.449271e+00 1.981921e-13 -3.747473e+01
      vertex   8.834198e+00 1.500000e+00 -3.692500e+01
      vertex   8.449271e+00 1.500000e+00 -3.747473e+01
    endloop
  endfacet
  facet normal -7.071068e-01 -6.699061e-15 7.071068e-01
    outer loop
      vertex   8.449271e+00 1.981921e-13 -3.747473e+01
      vertex   8.449271e+00 1.500000e+00 -3.747473e+01
      vertex   7.974732e+00 2.013270e-13 -3.794927e+01
    endloop
  endfacet
  facet normal -7.071068e-01 -3.349531e-15 7.071068e-01
    outer loop
      vertex   7.974732e+00 2.013270e-13 -3.794927e+01
      vertex   8.449271e+00 1.500000e+00 -3.747473e+01
      vertex   7.974732e+00 1.500000e+00 -3.794927e+01
    endloop
  endfacet
  facet normal -5.735764e-01 -3.880284e-15 8.191520e-01
    outer loop
      vertex   7.974732e+00 2.013270e-13 -3.794927e+01
      vertex   7.974732e+00 1.500000e+00 -3.794927e+01
      vertex   7.425000e+00 2.037421e-13 -3.833420e+01
    endloop
  endfacet
  facet normal -5.735764e-01 -8.100193e-15 8.191520e-01
    outer loop
      vertex   7.425000e+00 2.037421e-13 -3.833420e+01
      vertex   7.974732e+00 1.500000e+00 -3.794927e+01
      vertex   7.425000e+00 1.500000e+00 -3.833420e+01
    endloop
  endfacet
  facet normal -4.226183e-01 -8.836512e-15 9.063078e-01
    outer loop
      vertex   7.425000e+00 2.037421e-13 -3.833420e+01
      vertex   7.425000e+00 1.500000e+00 -3.833420e+01
      vertex   6.816778e+00 2.053639e-13 -3.861782e+01
    endloop
  endfacet
  facet normal -4.226183e-01 -5.043857e-15 9.063078e-01
    outer loop
      vertex   6.816778e+00 2.053639e-13 -3.861782e+01
      vertex   7.425000e+00 1.500000e+00 -3.833420e+01
      vertex   6.816778e+00 1.500000e+00 -3.861782e+01
    endloop
  endfacet
  facet normal -2.588190e-01 -5.035299e-15 9.659258e-01
    outer loop
      vertex   6.816778e+00 2.053639e-13 -3.861782e+01
      vertex   6.816778e+00 1.500000e+00 -3.861782e+01
      vertex   6.168545e+00 2.061432e-13 -3.879151e+01
    endloop
  endfacet
  facet normal -2.588190e-01 -4.422292e-15 9.659258e-01
    outer loop
      vertex   6.168545e+00 2.061432e-13 -3.879151e+01
      vertex   6.816778e+00 1.500000e+00 -3.861782e+01
      vertex   6.168545e+00 1.500000e+00 -3.879151e+01
    endloop
  endfacet
  facet normal -8.715574e-02 -4.667319e-15 9.961947e-01
    outer loop
      vertex   6.168545e+00 2.061432e-13 -3.879151e+01
      vertex   6.168545e+00 1.500000e+00 -3.879151e+01
      vertex   5.500000e+00 2.060563e-13 -3.885000e+01
    endloop
  endfacet
  facet normal -8.715574e-02 -9.437852e-15 9.961947e-01
    outer loop
      vertex   5.500000e+00 2.060563e-13 -3.885000e+01
      vertex   6.168545e+00 1.500000e+00 -3.879151e+01
      vertex   5.500000e+00 1.500000e+00 -3.885000e+01
    endloop
  endfacet
  facet normal 8.715574e-02 -9.437852e-15 9.961947e-01
    outer loop
      vertex   5.500000e+00 2.060563e-13 -3.885000e+01
      vertex   5.500000e+00 1.500000e+00 -3.885000e+01
      vertex   4.831455e+00 2.051059e-13 -3.879151e+01
    endloop
  endfacet
  facet normal 8.715574e-02 -4.667319e-15 9.961947e-01
    outer loop
      vertex   4.831455e+00 2.051059e-13 -3.879151e+01
      vertex   5.500000e+00 1.500000e+00 -3.885000e+01
      vertex   4.831455e+00 1.500000e+00 -3.879151e+01
    endloop
  endfacet
  facet normal 2.588190e-01 -4.422292e-15 9.659258e-01
    outer loop
      vertex   4.831455e+00 2.051059e-13 -3.879151e+01
      vertex   4.831455e+00 1.500000e+00 -3.879151e+01
      vertex   4.183222e+00 2.033209e-13 -3.861782e+01
    endloop
  endfacet
  facet normal 2.588190e-01 -4.269041e-15 9.659258e-01
    outer loop
      vertex   4.183222e+00 2.033209e-13 -3.861782e+01
      vertex   4.831455e+00 1.500000e+00 -3.879151e+01
      vertex   4.183222e+00 1.500000e+00 -3.861782e+01
    endloop
  endfacet
  facet normal 4.226183e-01 -3.792656e-15 9.063078e-01
    outer loop
      vertex   4.183222e+00 2.033209e-13 -3.861782e+01
      vertex   4.183222e+00 1.500000e+00 -3.861782e+01
      vertex   3.575000e+00 2.007553e-13 -3.833420e+01
    endloop
  endfacet
  facet normal 4.226183e-01 -8.586272e-15 9.063078e-01
    outer loop
      vertex   3.575000e+00 2.007553e-13 -3.833420e+01
      vertex   4.183222e+00 1.500000e+00 -3.861782e+01
      vertex   3.575000e+00 1.500000e+00 -3.833420e+01
    endloop
  endfacet
  facet normal 5.735764e-01 -7.760567e-15 8.191520e-01
    outer loop
      vertex   3.575000e+00 2.007553e-13 -3.833420e+01
      vertex   3.575000e+00 1.500000e+00 -3.833420e+01
      vertex   3.025268e+00 1.974873e-13 -3.794927e+01
    endloop
  endfacet
  facet normal 5.735764e-01 -3.880284e-15 8.191520e-01
    outer loop
      vertex   3.025268e+00 1.974873e-13 -3.794927e+01
      vertex   3.575000e+00 1.500000e+00 -3.833420e+01
      vertex   3.025268e+00 1.500000e+00 -3.794927e+01
    endloop
  endfacet
  facet normal 7.071068e-01 -3.349531e-15 7.071068e-01
    outer loop
      vertex   3.025268e+00 1.974873e-13 -3.794927e+01
      vertex   3.025268e+00 1.500000e+00 -3.794927e+01
      vertex   2.550729e+00 1.936162e-13 -3.747473e+01
    endloop
  endfacet
  facet normal 7.071068e-01 -6.699061e-15 7.071068e-01
    outer loop
      vertex   2.550729e+00 1.936162e-13 -3.747473e+01
      vertex   3.025268e+00 1.500000e+00 -3.794927e+01
      vertex   2.550729e+00 1.500000e+00 -3.747473e+01
    endloop
  endfacet
  facet normal 8.191520e-01 -5.434008e-15 5.735764e-01
    outer loop
      vertex   2.550729e+00 1.936162e-13 -3.747473e+01
      vertex   2.550729e+00 1.500000e+00 -3.747473e+01
      vertex   2.165802e+00 1.892594e-13 -3.692500e+01
    endloop
  endfacet
  facet normal 8.191520e-01 -4.948972e-15 5.735764e-01
    outer loop
      vertex   2.165802e+00 1.892594e-13 -3.692500e+01
      vertex   2.550729e+00 1.500000e+00 -3.747473e+01
      vertex   2.165802e+00 1.500000e+00 -3.692500e+01
    endloop
  endfacet
  facet normal 9.063078e-01 -3.467202e-15 4.226183e-01
    outer loop
      vertex   2.165802e+00 1.892594e-13 -3.692500e+01
      vertex   2.165802e+00 1.500000e+00 -3.692500e+01
      vertex   1.882183e+00 1.845495e-13 -3.631678e+01
    endloop
  endfacet
  facet normal 9.063078e-01 -1.599441e-15 4.226183e-01
    outer loop
      vertex   1.882183e+00 1.845495e-13 -3.631678e+01
      vertex   2.165802e+00 1.500000e+00 -3.692500e+01
      vertex   1.882183e+00 1.500000e+00 -3.631678e+01
    endloop
  endfacet
  facet normal 9.659258e-01 -7.970560e-16 2.588190e-01
    outer loop
      vertex   1.882183e+00 1.845495e-13 -3.631678e+01
      vertex   1.882183e+00 1.500000e+00 -3.631678e+01
      vertex   1.708490e+00 1.796295e-13 -3.566855e+01
    endloop
  endfacet
  facet normal 9.659258e-01 -1.226013e-15 2.588190e-01
    outer loop
      vertex   1.708490e+00 1.796295e-13 -3.566855e+01
      vertex   1.882183e+00 1.500000e+00 -3.631678e+01
      vertex   1.708490e+00 1.500000e+00 -3.566855e+01
    endloop
  endfacet
  facet normal 9.914449e-01 -6.182963e-16 1.305262e-01
    outer loop
      vertex   4.727259e+00 2.673825e-13 -4.565706e+01
      vertex   4.727259e+00 1.500000e+00 -4.565706e+01
      vertex   4.700000e+00 2.664535e-13 -4.545000e+01
    endloop
  endfacet
  facet normal 9.914449e-01 -6.182963e-16 1.305262e-01
    outer loop
      vertex   4.700000e+00 2.664535e-13 -4.545000e+01
      vertex   4.727259e+00 1.500000e+00 -4.565706e+01
      vertex   4.700000e+00 1.500000e+00 -4.545000e+01
    endloop
  endfacet
  facet normal 9.914449e-01 6.182963e-16 -1.305262e-01
    outer loop
      vertex   4.700000e+00 2.664535e-13 -4.545000e+01
      vertex   4.700000e+00 1.500000e+00 -4.545000e+01
      vertex   4.727259e+00 2.643256e-13 -4.524294e+01
    endloop
  endfacet
  facet normal 9.914449e-01 6.182963e-16 -1.305262e-01
    outer loop
      vertex   4.727259e+00 2.643256e-13 -4.524294e+01
      vertex   4.700000e+00 1.500000e+00 -4.545000e+01
      vertex   4.727259e+00 1.500000e+00 -4.524294e+01
    endloop
  endfacet
  facet normal 9.238795e-01 1.812753e-15 -3.826834e-01
    outer loop
      vertex   4.727259e+00 2.643256e-13 -4.524294e+01
      vertex   4.727259e+00 1.500000e+00 -4.524294e+01
      vertex   4.807180e+00 2.629633e-13 -4.505000e+01
    endloop
  endfacet
  facet normal 9.238795e-01 5.438259e-15 -3.826834e-01
    outer loop
      vertex   4.807180e+00 2.629633e-13 -4.505000e+01
      vertex   4.727259e+00 1.500000e+00 -4.524294e+01
      vertex   4.807180e+00 1.500000e+00 -4.505000e+01
    endloop
  endfacet
  facet normal 7.933533e-01 8.651020e-15 -6.087614e-01
    outer loop
      vertex   4.807180e+00 2.629633e-13 -4.505000e+01
      vertex   4.807180e+00 1.500000e+00 -4.505000e+01
      vertex   4.934315e+00 2.618388e-13 -4.488431e+01
    endloop
  endfacet
  facet normal 7.933533e-01 2.883673e-15 -6.087614e-01
    outer loop
      vertex   4.934315e+00 2.618388e-13 -4.488431e+01
      vertex   4.807180e+00 1.500000e+00 -4.505000e+01
      vertex   4.934315e+00 1.500000e+00 -4.488431e+01
    endloop
  endfacet
  facet normal 6.087614e-01 3.758076e-15 -7.933533e-01
    outer loop
      vertex   4.934315e+00 2.618388e-13 -4.488431e+01
      vertex   4.934315e+00 1.500000e+00 -4.488431e+01
      vertex   5.100000e+00 2.610288e-13 -4.475718e+01
    endloop
  endfacet
  facet normal 6.087614e-01 3.758076e-15 -7.933533e-01
    outer loop
      vertex   5.100000e+00 2.610288e-13 -4.475718e+01
      vertex   4.934315e+00 1.500000e+00 -4.488431e+01
      vertex   5.100000e+00 1.500000e+00 -4.475718e+01
    endloop
  endfacet
  facet normal 3.826834e-01 4.376373e-15 -9.238795e-01
    outer loop
      vertex   5.100000e+00 2.610288e-13 -4.475718e+01
      vertex   5.100000e+00 1.500000e+00 -4.475718e+01
      vertex   5.292945e+00 2.605885e-13 -4.467726e+01
    endloop
  endfacet
  facet normal 3.826834e-01 4.376373e-15 -9.238795e-01
    outer loop
      vertex   5.292945e+00 2.605885e-13 -4.467726e+01
      vertex   5.100000e+00 1.500000e+00 -4.475718e+01
      vertex   5.292945e+00 1.500000e+00 -4.467726e+01
    endloop
  endfacet
  facet normal 1.305262e-01 4.696426e-15 -9.914449e-01
    outer loop
      vertex   5.292945e+00 2.605885e-13 -4.467726e+01
      vertex   5.292945e+00 1.500000e+00 -4.467726e+01
      vertex   5.500000e+00 2.605479e-13 -4.465000e+01
    endloop
  endfacet
  facet normal 1.305262e-01 4.696426e-15 -9.914449e-01
    outer loop
      vertex   5.500000e+00 2.605479e-13 -4.465000e+01
      vertex   5.292945e+00 1.500000e+00 -4.467726e+01
      vertex   5.500000e+00 1.500000e+00 -4.465000e+01
    endloop
  endfacet
  facet normal -1.305262e-01 4.696426e-15 -9.914449e-01
    outer loop
      vertex   5.500000e+00 2.605479e-13 -4.465000e+01
      vertex   5.500000e+00 1.500000e+00 -4.465000e+01
      vertex   5.707055e+00 2.609098e-13 -4.467726e+01
    endloop
  endfacet
  facet normal -1.305262e-01 4.851000e-15 -9.914449e-01
    outer loop
      vertex   5.707055e+00 2.609098e-13 -4.467726e+01
      vertex   5.500000e+00 1.500000e+00 -4.465000e+01
      vertex   5.707055e+00 1.500000e+00 -4.467726e+01
    endloop
  endfacet
  facet normal -3.826834e-01 4.829561e-15 -9.238795e-01
    outer loop
      vertex   5.707055e+00 2.609098e-13 -4.467726e+01
      vertex   5.707055e+00 1.500000e+00 -4.467726e+01
      vertex   5.900000e+00 2.616494e-13 -4.475718e+01
    endloop
  endfacet
  facet normal -3.826834e-01 4.376373e-15 -9.238795e-01
    outer loop
      vertex   5.900000e+00 2.616494e-13 -4.475718e+01
      vertex   5.707055e+00 1.500000e+00 -4.467726e+01
      vertex   5.900000e+00 1.500000e+00 -4.475718e+01
    endloop
  endfacet
  facet normal -6.087614e-01 3.758076e-15 -7.933533e-01
    outer loop
      vertex   5.900000e+00 2.616494e-13 -4.475718e+01
      vertex   5.900000e+00 1.500000e+00 -4.475718e+01
      vertex   6.065685e+00 2.627165e-13 -4.488431e+01
    endloop
  endfacet
  facet normal -6.087614e-01 3.758076e-15 -7.933533e-01
    outer loop
      vertex   6.065685e+00 2.627165e-13 -4.488431e+01
      vertex   5.900000e+00 1.500000e+00 -4.475718e+01
      vertex   6.065685e+00 1.500000e+00 -4.488431e+01
    endloop
  endfacet
  facet normal -7.933533e-01 2.883673e-15 -6.087614e-01
    outer loop
      vertex   6.065685e+00 2.627165e-13 -4.488431e+01
      vertex   6.065685e+00 1.500000e+00 -4.488431e+01
      vertex   6.192820e+00 2.640382e-13 -4.505000e+01
    endloop
  endfacet
  facet normal -7.933533e-01 0.000000e+00 -6.087614e-01
    outer loop
      vertex   6.192820e+00 2.640382e-13 -4.505000e+01
      vertex   6.065685e+00 1.500000e+00 -4.488431e+01
      vertex   6.192820e+00 1.500000e+00 -4.505000e+01
    endloop
  endfacet
  facet normal -9.238795e-01 0.000000e+00 -3.826834e-01
    outer loop
      vertex   6.192820e+00 2.640382e-13 -4.505000e+01
      vertex   6.192820e+00 1.500000e+00 -4.505000e+01
      vertex   6.272741e+00 2.655245e-13 -4.524294e+01
    endloop
  endfacet
  facet normal -9.238795e-01 1.812753e-15 -3.826834e-01
    outer loop
      vertex   6.272741e+00 2.655245e-13 -4.524294e+01
      vertex   6.192820e+00 1.500000e+00 -4.505000e+01
      vertex   6.272741e+00 1.500000e+00 -4.524294e+01
    endloop
  endfacet
  facet normal -9.914449e-01 6.182963e-16 -1.305262e-01
    outer loop
      vertex   6.272741e+00 2.655245e-13 -4.524294e+01
      vertex   6.272741e+00 1.500000e+00 -4.524294e+01
      vertex   6.300000e+00 2.670741e-13 -4.545000e+01
    endloop
  endfacet
  facet normal -9.914449e-01 6.182963e-16 -1.305262e-01
    outer loop
      vertex   6.300000e+00 2.670741e-13 -4.545000e+01
      vertex   6.272741e+00 1.500000e+00 -4.524294e+01
      vertex   6.300000e+00 1.500000e+00 -4.545000e+01
    endloop
  endfacet
  facet normal -9.914449e-01 -6.182963e-16 1.305262e-01
    outer loop
      vertex   6.300000e+00 2.670741e-13 -4.545000e+01
      vertex   6.300000e+00 1.500000e+00 -4.545000e+01
      vertex   6.272741e+00 2.685815e-13 -4.565706e+01
    endloop
  endfacet
  facet normal -9.914449e-01 -6.182963e-16 1.305262e-01
    outer loop
      vertex   6.272741e+00 2.685815e-13 -4.565706e+01
      vertex   6.300000e+00 1.500000e+00 -4.545000e+01
      vertex   6.272741e+00 1.500000e+00 -4.565706e+01
    endloop
  endfacet
  facet normal -9.238795e-01 -1.812753e-15 3.826834e-01
    outer loop
      vertex   6.272741e+00 2.685815e-13 -4.565706e+01
      vertex   6.272741e+00 1.500000e+00 -4.565706e+01
      vertex   6.192820e+00 2.699438e-13 -4.585000e+01
    endloop
  endfacet
  facet normal -9.238795e-01 0.000000e+00 3.826834e-01
    outer loop
      vertex   6.192820e+00 2.699438e-13 -4.585000e+01
      vertex   6.272741e+00 1.500000e+00 -4.565706e+01
      vertex   6.192820e+00 1.500000e+00 -4.585000e+01
    endloop
  endfacet
  facet normal -7.933533e-01 0.000000e+00 6.087614e-01
    outer loop
      vertex   6.192820e+00 2.699438e-13 -4.585000e+01
      vertex   6.192820e+00 1.500000e+00 -4.585000e+01
      vertex   6.065685e+00 2.710683e-13 -4.601569e+01
    endloop
  endfacet
  facet normal -7.933533e-01 -2.883673e-15 6.087614e-01
    outer loop
      vertex   6.065685e+00 2.710683e-13 -4.601569e+01
      vertex   6.192820e+00 1.500000e+00 -4.585000e+01
      vertex   6.065685e+00 1.500000e+00 -4.601569e+01
    endloop
  endfacet
  facet normal -6.087614e-01 -3.758076e-15 7.933533e-01
    outer loop
      vertex   6.065685e+00 2.710683e-13 -4.601569e+01
      vertex   6.065685e+00 1.500000e+00 -4.601569e+01
      vertex   5.900000e+00 2.718782e-13 -4.614282e+01
    endloop
  endfacet
  facet normal -6.087614e-01 -3.758076e-15 7.933533e-01
    outer loop
      vertex   5.900000e+00 2.718782e-13 -4.614282e+01
      vertex   6.065685e+00 1.500000e+00 -4.601569e+01
      vertex   5.900000e+00 1.500000e+00 -4.614282e+01
    endloop
  endfacet
  facet normal -3.826834e-01 -4.376373e-15 9.238795e-01
    outer loop
      vertex   5.900000e+00 2.718782e-13 -4.614282e+01
      vertex   5.900000e+00 1.500000e+00 -4.614282e+01
      vertex   5.707055e+00 2.723185e-13 -4.622274e+01
    endloop
  endfacet
  facet normal -3.826834e-01 -4.829561e-15 9.238795e-01
    outer loop
      vertex   5.707055e+00 2.723185e-13 -4.622274e+01
      vertex   5.900000e+00 1.500000e+00 -4.614282e+01
      vertex   5.707055e+00 1.500000e+00 -4.622274e+01
    endloop
  endfacet
  facet normal -1.305262e-01 -4.851000e-15 9.914449e-01
    outer loop
      vertex   5.707055e+00 2.723185e-13 -4.622274e+01
      vertex   5.707055e+00 1.500000e+00 -4.622274e+01
      vertex   5.500000e+00 2.723591e-13 -4.625000e+01
    endloop
  endfacet
  facet normal -1.305262e-01 -4.696426e-15 9.914449e-01
    outer loop
      vertex   5.500000e+00 2.723591e-13 -4.625000e+01
      vertex   5.707055e+00 1.500000e+00 -4.622274e+01
      vertex   5.500000e+00 1.500000e+00 -4.625000e+01
    endloop
  endfacet
  facet normal 1.305262e-01 -4.696426e-15 9.914449e-01
    outer loop
      vertex   5.500000e+00 2.723591e-13 -4.625000e+01
      vertex   5.500000e+00 1.500000e+00 -4.625000e+01
      vertex   5.292945e+00 2.719973e-13 -4.622274e+01
    endloop
  endfacet
  facet normal 1.305262e-01 -4.696426e-15 9.914449e-01
    outer loop
      vertex   5.292945e+00 2.719973e-13 -4.622274e+01
      vertex   5.500000e+00 1.500000e+00 -4.625000e+01
      vertex   5.292945e+00 1.500000e+00 -4.622274e+01
    endloop
  endfacet
  facet normal 3.826834e-01 -4.376373e-15 9.238795e-01
    outer loop
      vertex   5.292945e+00 2.719973e-13 -4.622274e+01
      vertex   5.292945e+00 1.500000e+00 -4.622274e+01
      vertex   5.100000e+00 2.712576e-13 -4.614282e+01
    endloop
  endfacet
  facet normal 3.826834e-01 -4.376373e-15 9.238795e-01
    outer loop
      vertex   5.100000e+00 2.712576e-13 -4.614282e+01
      vertex   5.292945e+00 1.500000e+00 -4.622274e+01
      vertex   5.100000e+00 1.500000e+00 -4.614282e+01
    endloop
  endfacet
  facet normal 6.087614e-01 -3.758076e-15 7.933533e-01
    outer loop
      vertex   5.100000e+00 2.712576e-13 -4.614282e+01
      vertex   5.100000e+00 1.500000e+00 -4.614282e+01
      vertex   4.934315e+00 2.701906e-13 -4.601569e+01
    endloop
  endfacet
  facet normal 6.087614e-01 -3.758076e-15 7.933533e-01
    outer loop
      vertex   4.934315e+00 2.701906e-13 -4.601569e+01
      vertex   5.100000e+00 1.500000e+00 -4.614282e+01
      vertex   4.934315e+00 1.500000e+00 -4.601569e+01
    endloop
  endfacet
  facet normal 7.933533e-01 -2.883673e-15 6.087614e-01
    outer loop
      vertex   4.934315e+00 2.701906e-13 -4.601569e+01
      vertex   4.934315e+00 1.500000e+00 -4.601569e+01
      vertex   4.807180e+00 2.688689e-13 -4.585000e+01
    endloop
  endfacet
  facet normal 7.933533e-01 -5.767347e-15 6.087614e-01
    outer loop
      vertex   4.807180e+00 2.688689e-13 -4.585000e+01
      vertex   4.934315e+00 1.500000e+00 -4.601569e+01
      vertex   4.807180e+00 1.500000e+00 -4.585000e+01
    endloop
  endfacet
  facet normal 9.238795e-01 -3.625506e-15 3.826834e-01
    outer loop
      vertex   4.807180e+00 2.688689e-13 -4.585000e+01
      vertex   4.807180e+00 1.500000e+00 -4.585000e+01
      vertex   4.727259e+00 2.673825e-13 -4.565706e+01
    endloop
  endfacet
  facet normal 9.238795e-01 -1.812753e-15 3.826834e-01
    outer loop
      vertex   4.727259e+00 2.673825e-13 -4.565706e+01
      vertex   4.807180e+00 1.500000e+00 -4.585000e+01
      vertex   4.727259e+00 1.500000e+00 -4.565706e+01
    endloop
  endfacet
  facet normal 9.914449e-01 -6.182963e-16 1.305262e-01
    outer loop
      vertex   1.117726e+01 1.785647e-13 -3.520706e+01
      vertex   1.117726e+01 1.500000e+00 -3.520706e+01
      vertex   1.115000e+01 1.776357e-13 -3.500000e+01
    endloop
  endfacet
  facet normal 9.914449e-01 -6.182963e-16 1.305262e-01
    outer loop
      vertex   1.115000e+01 1.776357e-13 -3.500000e+01
      vertex   1.117726e+01 1.500000e+00 -3.520706e+01
      vertex   1.115000e+01 1.500000e+00 -3.500000e+01
    endloop
  endfacet
  facet normal 9.914449e-01 6.182963e-16 -1.305262e-01
    outer loop
      vertex   1.115000e+01 1.776357e-13 -3.500000e+01
      vertex   1.115000e+01 1.500000e+00 -3.500000e+01
      vertex   1.117726e+01 1.755077e-13 -3.479294e+01
    endloop
  endfacet
  facet normal 9.914449e-01 6.182963e-16 -1.305262e-01
    outer loop
      vertex   1.117726e+01 1.755077e-13 -3.479294e+01
      vertex   1.115000e+01 1.500000e+00 -3.500000e+01
      vertex   1.117726e+01 1.500000e+00 -3.479294e+01
    endloop
  endfacet
  facet normal 9.238795e-01 1.812753e-15 -3.826834e-01
    outer loop
      vertex   1.117726e+01 1.755077e-13 -3.479294e+01
      vertex   1.117726e+01 1.500000e+00 -3.479294e+01
      vertex   1.125718e+01 1.741454e-13 -3.460000e+01
    endloop
  endfacet
  facet normal 9.238795e-01 1.812753e-15 -3.826834e-01
    outer loop
      vertex   1.125718e+01 1.741454e-13 -3.460000e+01
      vertex   1.117726e+01 1.500000e+00 -3.479294e+01
      vertex   1.125718e+01 1.500000e+00 -3.460000e+01
    endloop
  endfacet
  facet normal 7.933533e-01 2.883673e-15 -6.087614e-01
    outer loop
      vertex   1.125718e+01 1.741454e-13 -3.460000e+01
      vertex   1.125718e+01 1.500000e+00 -3.460000e+01
      vertex   1.138431e+01 1.730210e-13 -3.443431e+01
    endloop
  endfacet
  facet normal 7.933533e-01 2.883673e-15 -6.087614e-01
    outer loop
      vertex   1.138431e+01 1.730210e-13 -3.443431e+01
      vertex   1.125718e+01 1.500000e+00 -3.460000e+01
      vertex   1.138431e+01 1.500000e+00 -3.443431e+01
    endloop
  endfacet
  facet normal 6.087614e-01 3.758076e-15 -7.933533e-01
    outer loop
      vertex   1.138431e+01 1.730210e-13 -3.443431e+01
      vertex   1.138431e+01 1.500000e+00 -3.443431e+01
      vertex   1.155000e+01 1.722110e-13 -3.430718e+01
    endloop
  endfacet
  facet normal 6.087614e-01 7.516153e-15 -7.933533e-01
    outer loop
      vertex   1.155000e+01 1.722110e-13 -3.430718e+01
      vertex   1.138431e+01 1.500000e+00 -3.443431e+01
      vertex   1.155000e+01 1.500000e+00 -3.430718e+01
    endloop
  endfacet
  facet normal 3.826834e-01 8.752745e-15 -9.238795e-01
    outer loop
      vertex   1.155000e+01 1.722110e-13 -3.430718e+01
      vertex   1.155000e+01 1.500000e+00 -3.430718e+01
      vertex   1.174294e+01 1.717707e-13 -3.422726e+01
    endloop
  endfacet
  facet normal 3.826834e-01 4.376373e-15 -9.238795e-01
    outer loop
      vertex   1.174294e+01 1.717707e-13 -3.422726e+01
      vertex   1.155000e+01 1.500000e+00 -3.430718e+01
      vertex   1.174294e+01 1.500000e+00 -3.422726e+01
    endloop
  endfacet
  facet normal 1.305262e-01 4.696426e-15 -9.914449e-01
    outer loop
      vertex   1.174294e+01 1.717707e-13 -3.422726e+01
      vertex   1.174294e+01 1.500000e+00 -3.422726e+01
      vertex   1.195000e+01 1.717301e-13 -3.420000e+01
    endloop
  endfacet
  facet normal 1.305262e-01 4.696426e-15 -9.914449e-01
    outer loop
      vertex   1.195000e+01 1.717301e-13 -3.420000e+01
      vertex   1.174294e+01 1.500000e+00 -3.422726e+01
      vertex   1.195000e+01 1.500000e+00 -3.420000e+01
    endloop
  endfacet
  facet normal -1.305262e-01 4.696426e-15 -9.914449e-01
    outer loop
      vertex   1.195000e+01 1.717301e-13 -3.420000e+01
      vertex   1.195000e+01 1.500000e+00 -3.420000e+01
      vertex   1.215706e+01 1.720919e-13 -3.422726e+01
    endloop
  endfacet
  facet normal -1.305262e-01 4.696426e-15 -9.914449e-01
    outer loop
      vertex   1.215706e+01 1.720919e-13 -3.422726e+01
      vertex   1.195000e+01 1.500000e+00 -3.420000e+01
      vertex   1.215706e+01 1.500000e+00 -3.422726e+01
    endloop
  endfacet
  facet normal -3.826834e-01 4.376373e-15 -9.238795e-01
    outer loop
      vertex   1.215706e+01 1.720919e-13 -3.422726e+01
      vertex   1.215706e+01 1.500000e+00 -3.422726e+01
      vertex   1.235000e+01 1.728316e-13 -3.430718e+01
    endloop
  endfacet
  facet normal -3.826834e-01 8.752745e-15 -9.238795e-01
    outer loop
      vertex   1.235000e+01 1.728316e-13 -3.430718e+01
      vertex   1.215706e+01 1.500000e+00 -3.422726e+01
      vertex   1.235000e+01 1.500000e+00 -3.430718e+01
    endloop
  endfacet
  facet normal -6.087614e-01 7.516153e-15 -7.933533e-01
    outer loop
      vertex   1.235000e+01 1.728316e-13 -3.430718e+01
      vertex   1.235000e+01 1.500000e+00 -3.430718e+01
      vertex   1.251569e+01 1.738986e-13 -3.443431e+01
    endloop
  endfacet
  facet normal -6.087614e-01 3.758076e-15 -7.933533e-01
    outer loop
      vertex   1.251569e+01 1.738986e-13 -3.443431e+01
      vertex   1.235000e+01 1.500000e+00 -3.430718e+01
      vertex   1.251569e+01 1.500000e+00 -3.443431e+01
    endloop
  endfacet
  facet normal -7.933533e-01 2.883673e-15 -6.087614e-01
    outer loop
      vertex   1.251569e+01 1.738986e-13 -3.443431e+01
      vertex   1.251569e+01 1.500000e+00 -3.443431e+01
      vertex   1.264282e+01 1.752204e-13 -3.460000e+01
    endloop
  endfacet
  facet normal -7.933533e-01 2.883673e-15 -6.087614e-01
    outer loop
      vertex   1.264282e+01 1.752204e-13 -3.460000e+01
      vertex   1.251569e+01 1.500000e+00 -3.443431e+01
      vertex   1.264282e+01 1.500000e+00 -3.460000e+01
    endloop
  endfacet
  facet normal -9.238795e-01 1.812753e-15 -3.826834e-01
    outer loop
      vertex   1.264282e+01 1.752204e-13 -3.460000e+01
      vertex   1.264282e+01 1.500000e+00 -3.460000e+01
      vertex   1.272274e+01 1.767067e-13 -3.479294e+01
    endloop
  endfacet
  facet normal -9.238795e-01 1.812753e-15 -3.826834e-01
    outer loop
      vertex   1.272274e+01 1.767067e-13 -3.479294e+01
      vertex   1.264282e+01 1.500000e+00 -3.460000e+01
      vertex   1.272274e+01 1.500000e+00 -3.479294e+01
    endloop
  endfacet
  facet normal -9.914449e-01 6.182963e-16 -1.305262e-01
    outer loop
      vertex   1.272274e+01 1.767067e-13 -3.479294e+01
      vertex   1.272274e+01 1.500000e+00 -3.479294e+01
      vertex   1.275000e+01 1.782563e-13 -3.500000e+01
    endloop
  endfacet
  facet normal -9.914449e-01 6.182963e-16 -1.305262e-01
    outer loop
      vertex   1.275000e+01 1.782563e-13 -3.500000e+01
      vertex   1.272274e+01 1.500000e+00 -3.479294e+01
      vertex   1.275000e+01 1.500000e+00 -3.500000e+01
    endloop
  endfacet
  facet normal -9.914449e-01 -6.182963e-16 1.305262e-01
    outer loop
      vertex   1.275000e+01 1.782563e-13 -3.500000e+01
      vertex   1.275000e+01 1.500000e+00 -3.500000e+01
      vertex   1.272274e+01 1.797636e-13 -3.520706e+01
    endloop
  endfacet
  facet normal -9.914449e-01 -6.182963e-16 1.305262e-01
    outer loop
      vertex   1.272274e+01 1.797636e-13 -3.520706e+01
      vertex   1.275000e+01 1.500000e+00 -3.500000e+01
      vertex   1.272274e+01 1.500000e+00 -3.520706e+01
    endloop
  endfacet
  facet normal -9.238795e-01 -1.812753e-15 3.826834e-01
    outer loop
      vertex   1.272274e+01 1.797636e-13 -3.520706e+01
      vertex   1.272274e+01 1.500000e+00 -3.520706e+01
      vertex   1.264282e+01 1.811259e-13 -3.540000e+01
    endloop
  endfacet
  facet normal -9.238795e-01 -1.812753e-15 3.826834e-01
    outer loop
      vertex   1.264282e+01 1.811259e-13 -3.540000e+01
      vertex   1.272274e+01 1.500000e+00 -3.520706e+01
      vertex   1.264282e+01 1.500000e+00 -3.540000e+01
    endloop
  endfacet
  facet normal -7.933533e-01 -2.883673e-15 6.087614e-01
    outer loop
      vertex   1.264282e+01 1.811259e-13 -3.540000e+01
      vertex   1.264282e+01 1.500000e+00 -3.540000e+01
      vertex   1.251569e+01 1.822504e-13 -3.556569e+01
    endloop
  endfacet
  facet normal -7.933533e-01 -2.883673e-15 6.087614e-01
    outer loop
      vertex   1.251569e+01 1.822504e-13 -3.556569e+01
      vertex   1.264282e+01 1.500000e+00 -3.540000e+01
      vertex   1.251569e+01 1.500000e+00 -3.556569e+01
    endloop
  endfacet
  facet normal -6.087614e-01 -3.758076e-15 7.933533e-01
    outer loop
      vertex   1.251569e+01 1.822504e-13 -3.556569e+01
      vertex   1.251569e+01 1.500000e+00 -3.556569e+01
      vertex   1.235000e+01 1.830604e-13 -3.569282e+01
    endloop
  endfacet
  facet normal -6.087614e-01 -3.758076e-15 7.933533e-01
    outer loop
      vertex   1.235000e+01 1.830604e-13 -3.569282e+01
      vertex   1.251569e+01 1.500000e+00 -3.556569e+01
      vertex   1.235000e+01 1.500000e+00 -3.569282e+01
    endloop
  endfacet
  facet normal -3.826834e-01 -4.376373e-15 9.238795e-01
    outer loop
      vertex   1.235000e+01 1.830604e-13 -3.569282e+01
      vertex   1.235000e+01 1.500000e+00 -3.569282e+01
      vertex   1.215706e+01 1.835007e-13 -3.577274e+01
    endloop
  endfacet
  facet normal -3.826834e-01 -4.376373e-15 9.238795e-01
    outer loop
      vertex   1.215706e+01 1.835007e-13 -3.577274e+01
      vertex   1.235000e+01 1.500000e+00 -3.569282e+01
      vertex   1.215706e+01 1.500000e+00 -3.577274e+01
    endloop
  endfacet
  facet normal -1.305262e-01 -4.696426e-15 9.914449e-01
    outer loop
      vertex   1.215706e+01 1.835007e-13 -3.577274e+01
      vertex   1.215706e+01 1.500000e+00 -3.577274e+01
      vertex   1.195000e+01 1.835413e-13 -3.580000e+01
    endloop
  endfacet
  facet normal -1.305262e-01 -4.696426e-15 9.914449e-01
    outer loop
      vertex   1.195000e+01 1.835413e-13 -3.580000e+01
      vertex   1.215706e+01 1.500000e+00 -3.577274e+01
      vertex   1.195000e+01 1.500000e+00 -3.580000e+01
    endloop
  endfacet
  facet normal 1.305262e-01 -4.696426e-15 9.914449e-01
    outer loop
      vertex   1.195000e+01 1.835413e-13 -3.580000e+01
      vertex   1.195000e+01 1.500000e+00 -3.580000e+01
      vertex   1.174294e+01 1.831794e-13 -3.577274e+01
    endloop
  endfacet
  facet normal 1.305262e-01 -4.696426e-15 9.914449e-01
    outer loop
      vertex   1.174294e+01 1.831794e-13 -3.577274e+01
      vertex   1.195000e+01 1.500000e+00 -3.580000e+01
      vertex   1.174294e+01 1.500000e+00 -3.577274e+01
    endloop
  endfacet
  facet normal 3.826834e-01 -4.376373e-15 9.238795e-01
    outer loop
      vertex   1.174294e+01 1.831794e-13 -3.577274e+01
      vertex   1.174294e+01 1.500000e+00 -3.577274e+01
      vertex   1.155000e+01 1.824398e-13 -3.569282e+01
    endloop
  endfacet
  facet normal 3.826834e-01 -4.376373e-15 9.238795e-01
    outer loop
      vertex   1.155000e+01 1.824398e-13 -3.569282e+01
      vertex   1.174294e+01 1.500000e+00 -3.577274e+01
      vertex   1.155000e+01 1.500000e+00 -3.569282e+01
    endloop
  endfacet
  facet normal 6.087614e-01 -3.758076e-15 7.933533e-01
    outer loop
      vertex   1.155000e+01 1.824398e-13 -3.569282e+01
      vertex   1.155000e+01 1.500000e+00 -3.569282e+01
      vertex   1.138431e+01 1.813727e-13 -3.556569e+01
    endloop
  endfacet
  facet normal 6.087614e-01 -3.758076e-15 7.933533e-01
    outer loop
      vertex   1.138431e+01 1.813727e-13 -3.556569e+01
      vertex   1.155000e+01 1.500000e+00 -3.569282e+01
      vertex   1.138431e+01 1.500000e+00 -3.556569e+01
    endloop
  endfacet
  facet normal 7.933533e-01 -2.883673e-15 6.087614e-01
    outer loop
      vertex   1.138431e+01 1.813727e-13 -3.556569e+01
      vertex   1.138431e+01 1.500000e+00 -3.556569e+01
      vertex   1.125718e+01 1.800510e-13 -3.540000e+01
    endloop
  endfacet
  facet normal 7.933533e-01 -2.883673e-15 6.087614e-01
    outer loop
      vertex   1.125718e+01 1.800510e-13 -3.540000e+01
      vertex   1.138431e+01 1.500000e+00 -3.556569e+01
      vertex   1.125718e+01 1.500000e+00 -3.540000e+01
    endloop
  endfacet
  facet normal 9.238795e-01 -1.812753e-15 3.826834e-01
    outer loop
      vertex   1.125718e+01 1.800510e-13 -3.540000e+01
      vertex   1.125718e+01 1.500000e+00 -3.540000e+01
      vertex   1.117726e+01 1.785647e-13 -3.520706e+01
    endloop
  endfacet
  facet normal 9.238795e-01 -1.812753e-15 3.826834e-01
    outer loop
      vertex   1.117726e+01 1.785647e-13 -3.520706e+01
      vertex   1.125718e+01 1.500000e+00 -3.540000e+01
      vertex   1.117726e+01 1.500000e+00 -3.520706e+01
    endloop
  endfacet
  facet normal 9.961076e-01 4.175428e-16 -8.814590e-02
    outer loop
      vertex   1.746942e+00 3.000000e+00 -3.260000e+01
      vertex   3.009731e+00 3.000000e+00 -1.832964e+01
      vertex   1.746942e+00 1.500000e+00 -3.260000e+01
    endloop
  endfacet
  facet normal 9.961076e-01 6.613024e-16 -8.814590e-02
    outer loop
      vertex   1.746942e+00 1.500000e+00 -3.260000e+01
      vertex   3.009731e+00 3.000000e+00 -1.832964e+01
      vertex   3.009731e+00 1.500000e+00 -1.832964e+01
    endloop
  endfacet
  facet normal -2.634624e-15 4.736952e-15 -1.000000e+00
    outer loop
      vertex   -9.500000e-01 3.000000e+00 -3.260000e+01
      vertex   1.746942e+00 3.000000e+00 -3.260000e+01
      vertex   -9.500000e-01 1.500000e+00 -3.260000e+01
    endloop
  endfacet
  facet normal -2.634624e-15 4.736952e-15 -1.000000e+00
    outer loop
      vertex   -9.500000e-01 1.500000e+00 -3.260000e+01
      vertex   1.746942e+00 3.000000e+00 -3.260000e+01
      vertex   1.746942e+00 1.500000e+00 -3.260000e+01
    endloop
  endfacet
  facet normal 1.119645e-01 -4.707167e-15 9.937122e-01
    outer loop
      vertex   -9.500000e-01 1.500000e+00 -3.740000e+01
      vertex   -9.500000e-01 3.000000e+00 -3.740000e+01
      vertex   -1.484050e+00 1.500000e+00 -3.733983e+01
    endloop
  endfacet
  facet normal 1.119645e-01 -4.707167e-15 9.937122e-01
    outer loop
      vertex   -1.484050e+00 1.500000e+00 -3.733983e+01
      vertex   -9.500000e-01 3.000000e+00 -3.740000e+01
      vertex   -1.484050e+00 3.000000e+00 -3.733983e+01
    endloop
  endfacet
  facet normal 3.302791e-01 -4.471130e-15 9.438833e-01
    outer loop
      vertex   -1.484050e+00 1.500000e+00 -3.733983e+01
      vertex   -1.484050e+00 3.000000e+00 -3.733983e+01
      vertex   -1.991321e+00 1.500000e+00 -3.716233e+01
    endloop
  endfacet
  facet normal 3.302791e-01 -8.942259e-15 9.438833e-01
    outer loop
      vertex   -1.991321e+00 1.500000e+00 -3.716233e+01
      vertex   -1.484050e+00 3.000000e+00 -3.733983e+01
      vertex   -1.991321e+00 3.000000e+00 -3.716233e+01
    endloop
  endfacet
  facet normal 5.320321e-01 -8.021783e-15 8.467242e-01
    outer loop
      vertex   -1.991321e+00 1.500000e+00 -3.716233e+01
      vertex   -1.991321e+00 3.000000e+00 -3.716233e+01
      vertex   -2.446376e+00 1.500000e+00 -3.687640e+01
    endloop
  endfacet
  facet normal 5.320321e-01 -4.010892e-15 8.467242e-01
    outer loop
      vertex   -2.446376e+00 1.500000e+00 -3.687640e+01
      vertex   -1.991321e+00 3.000000e+00 -3.716233e+01
      vertex   -2.446376e+00 3.000000e+00 -3.687640e+01
    endloop
  endfacet
  facet normal 7.071068e-01 -3.349531e-15 7.071068e-01
    outer loop
      vertex   -2.446376e+00 1.500000e+00 -3.687640e+01
      vertex   -2.446376e+00 3.000000e+00 -3.687640e+01
      vertex   -2.826396e+00 1.500000e+00 -3.649638e+01
    endloop
  endfacet
  facet normal 7.071068e-01 -3.349531e-15 7.071068e-01
    outer loop
      vertex   -2.826396e+00 1.500000e+00 -3.649638e+01
      vertex   -2.446376e+00 3.000000e+00 -3.687640e+01
      vertex   -2.826396e+00 3.000000e+00 -3.649638e+01
    endloop
  endfacet
  facet normal 8.467242e-01 -2.520210e-15 5.320321e-01
    outer loop
      vertex   -2.826396e+00 1.500000e+00 -3.649638e+01
      vertex   -2.826396e+00 3.000000e+00 -3.649638e+01
      vertex   -3.112325e+00 1.500000e+00 -3.604132e+01
    endloop
  endfacet
  facet normal 8.467242e-01 -2.520210e-15 5.320321e-01
    outer loop
      vertex   -3.112325e+00 1.500000e+00 -3.604132e+01
      vertex   -2.826396e+00 3.000000e+00 -3.649638e+01
      vertex   -3.112325e+00 3.000000e+00 -3.604132e+01
    endloop
  endfacet
  facet normal 9.438833e-01 -1.564516e-15 3.302791e-01
    outer loop
      vertex   -3.112325e+00 1.500000e+00 -3.604132e+01
      vertex   -3.112325e+00 3.000000e+00 -3.604132e+01
      vertex   -3.289827e+00 1.500000e+00 -3.553405e+01
    endloop
  endfacet
  facet normal 9.438833e-01 -3.129032e-15 3.302791e-01
    outer loop
      vertex   -3.289827e+00 1.500000e+00 -3.553405e+01
      vertex   -3.112325e+00 3.000000e+00 -3.604132e+01
      vertex   -3.289827e+00 3.000000e+00 -3.553405e+01
    endloop
  endfacet
  facet normal 9.937122e-01 -1.060741e-15 1.119645e-01
    outer loop
      vertex   -3.289827e+00 1.500000e+00 -3.553405e+01
      vertex   -3.289827e+00 3.000000e+00 -3.553405e+01
      vertex   -3.350000e+00 1.500000e+00 -3.500000e+01
    endloop
  endfacet
  facet normal 9.937122e-01 -5.303703e-16 1.119645e-01
    outer loop
      vertex   -3.350000e+00 1.500000e+00 -3.500000e+01
      vertex   -3.289827e+00 3.000000e+00 -3.553405e+01
      vertex   -3.350000e+00 3.000000e+00 -3.500000e+01
    endloop
  endfacet
  facet normal 9.937122e-01 5.303703e-16 -1.119645e-01
    outer loop
      vertex   -3.350000e+00 1.500000e+00 -3.500000e+01
      vertex   -3.350000e+00 3.000000e+00 -3.500000e+01
      vertex   -3.289827e+00 1.500000e+00 -3.446595e+01
    endloop
  endfacet
  facet normal 9.937122e-01 5.303703e-16 -1.119645e-01
    outer loop
      vertex   -3.289827e+00 1.500000e+00 -3.446595e+01
      vertex   -3.350000e+00 3.000000e+00 -3.500000e+01
      vertex   -3.289827e+00 3.000000e+00 -3.446595e+01
    endloop
  endfacet
  facet normal 9.438833e-01 1.564516e-15 -3.302791e-01
    outer loop
      vertex   -3.289827e+00 1.500000e+00 -3.446595e+01
      vertex   -3.289827e+00 3.000000e+00 -3.446595e+01
      vertex   -3.112325e+00 1.500000e+00 -3.395868e+01
    endloop
  endfacet
  facet normal 9.438833e-01 3.129032e-15 -3.302791e-01
    outer loop
      vertex   -3.112325e+00 1.500000e+00 -3.395868e+01
      vertex   -3.289827e+00 3.000000e+00 -3.446595e+01
      vertex   -3.112325e+00 3.000000e+00 -3.395868e+01
    endloop
  endfacet
  facet normal 8.467242e-01 5.040420e-15 -5.320321e-01
    outer loop
      vertex   -3.112325e+00 1.500000e+00 -3.395868e+01
      vertex   -3.112325e+00 3.000000e+00 -3.395868e+01
      vertex   -2.826396e+00 1.500000e+00 -3.350362e+01
    endloop
  endfacet
  facet normal 8.467242e-01 2.520210e-15 -5.320321e-01
    outer loop
      vertex   -2.826396e+00 1.500000e+00 -3.350362e+01
      vertex   -3.112325e+00 3.000000e+00 -3.395868e+01
      vertex   -2.826396e+00 3.000000e+00 -3.350362e+01
    endloop
  endfacet
  facet normal 7.071068e-01 3.349531e-15 -7.071068e-01
    outer loop
      vertex   -2.826396e+00 1.500000e+00 -3.350362e+01
      vertex   -2.826396e+00 3.000000e+00 -3.350362e+01
      vertex   -2.446376e+00 1.500000e+00 -3.312360e+01
    endloop
  endfacet
  facet normal 7.071068e-01 3.349531e-15 -7.071068e-01
    outer loop
      vertex   -2.446376e+00 1.500000e+00 -3.312360e+01
      vertex   -2.826396e+00 3.000000e+00 -3.350362e+01
      vertex   -2.446376e+00 3.000000e+00 -3.312360e+01
    endloop
  endfacet
  facet normal 5.320321e-01 4.010892e-15 -8.467242e-01
    outer loop
      vertex   -2.446376e+00 1.500000e+00 -3.312360e+01
      vertex   -2.446376e+00 3.000000e+00 -3.312360e+01
      vertex   -1.991321e+00 1.500000e+00 -3.283767e+01
    endloop
  endfacet
  facet normal 5.320321e-01 4.010892e-15 -8.467242e-01
    outer loop
      vertex   -1.991321e+00 1.500000e+00 -3.283767e+01
      vertex   -2.446376e+00 3.000000e+00 -3.312360e+01
      vertex   -1.991321e+00 3.000000e+00 -3.283767e+01
    endloop
  endfacet
  facet normal 3.302791e-01 4.471130e-15 -9.438833e-01
    outer loop
      vertex   -1.991321e+00 1.500000e+00 -3.283767e+01
      vertex   -1.991321e+00 3.000000e+00 -3.283767e+01
      vertex   -1.484050e+00 1.500000e+00 -3.266017e+01
    endloop
  endfacet
  facet normal 3.302791e-01 4.471130e-15 -9.438833e-01
    outer loop
      vertex   -1.484050e+00 1.500000e+00 -3.266017e+01
      vertex   -1.991321e+00 3.000000e+00 -3.283767e+01
      vertex   -1.484050e+00 3.000000e+00 -3.266017e+01
    endloop
  endfacet
  facet normal 1.119645e-01 4.707167e-15 -9.937122e-01
    outer loop
      vertex   -1.484050e+00 1.500000e+00 -3.266017e+01
      vertex   -1.484050e+00 3.000000e+00 -3.266017e+01
      vertex   -9.500000e-01 1.500000e+00 -3.260000e+01
    endloop
  endfacet
  facet normal 1.119645e-01 4.707167e-15 -9.937122e-01
    outer loop
      vertex   -9.500000e-01 1.500000e+00 -3.260000e+01
      vertex   -1.484050e+00 3.000000e+00 -3.266017e+01
      vertex   -9.500000e-01 3.000000e+00 -3.260000e+01
    endloop
  endfacet
  facet normal 4.293716e-15 -9.473903e-15 1.000000e+00
    outer loop
      vertex   2.359687e+00 3.000000e+00 -3.740000e+01
      vertex   -9.500000e-01 3.000000e+00 -3.740000e+01
      vertex   2.359687e+00 1.500000e+00 -3.740000e+01
    endloop
  endfacet
  facet normal 6.440574e-15 -4.736952e-15 1.000000e+00
    outer loop
      vertex   2.359687e+00 1.500000e+00 -3.740000e+01
      vertex   -9.500000e-01 3.000000e+00 -3.740000e+01
      vertex   -9.500000e-01 1.500000e+00 -3.740000e+01
    endloop
  endfacet
  facet normal 9.985104e-01 -7.753582e-16 5.456098e-02
    outer loop
      vertex   3.003724e+00 3.000000e+00 -4.918640e+01
      vertex   2.359687e+00 3.000000e+00 -3.740000e+01
      vertex   3.003724e+00 1.500000e+00 -4.918640e+01
    endloop
  endfacet
  facet normal 9.985104e-01 -5.016263e-16 5.456098e-02
    outer loop
      vertex   3.003724e+00 1.500000e+00 -4.918640e+01
      vertex   2.359687e+00 3.000000e+00 -3.740000e+01
      vertex   2.359687e+00 1.500000e+00 -3.740000e+01
    endloop
  endfacet
  facet normal -9.867629e-01 -1.536376e-15 1.621693e-01
    outer loop
      vertex   7.996276e+00 1.500000e+00 -4.918640e+01
      vertex   7.996276e+00 3.000000e+00 -4.918640e+01
      vertex   7.908633e+00 1.500000e+00 -4.971969e+01
    endloop
  endfacet
  facet normal -9.867629e-01 -7.681882e-16 1.621693e-01
    outer loop
      vertex   7.908633e+00 1.500000e+00 -4.971969e+01
      vertex   7.996276e+00 3.000000e+00 -4.918640e+01
      vertex   7.908633e+00 3.000000e+00 -4.971969e+01
    endloop
  endfacet
  facet normal -9.288537e-01 -1.754788e-15 3.704467e-01
    outer loop
      vertex   7.908633e+00 1.500000e+00 -4.971969e+01
      vertex   7.908633e+00 3.000000e+00 -4.971969e+01
      vertex   7.708426e+00 1.500000e+00 -5.022169e+01
    endloop
  endfacet
  facet normal -9.288537e-01 -1.754788e-15 3.704467e-01
    outer loop
      vertex   7.708426e+00 1.500000e+00 -5.022169e+01
      vertex   7.908633e+00 3.000000e+00 -4.971969e+01
      vertex   7.708426e+00 3.000000e+00 -5.022169e+01
    endloop
  endfacet
  facet normal -8.275365e-01 -2.659381e-15 5.614120e-01
    outer loop
      vertex   7.708426e+00 1.500000e+00 -5.022169e+01
      vertex   7.708426e+00 3.000000e+00 -5.022169e+01
      vertex   7.405014e+00 1.500000e+00 -5.066893e+01
    endloop
  endfacet
  facet normal -8.275365e-01 -3.639381e-15 5.614120e-01
    outer loop
      vertex   7.405014e+00 1.500000e+00 -5.066893e+01
      vertex   7.708426e+00 3.000000e+00 -5.022169e+01
      vertex   7.405014e+00 3.000000e+00 -5.066893e+01
    endloop
  endfacet
  facet normal -6.875460e-01 -4.253912e-15 7.261408e-01
    outer loop
      vertex   7.405014e+00 1.500000e+00 -5.066893e+01
      vertex   7.405014e+00 3.000000e+00 -5.066893e+01
      vertex   7.012575e+00 1.500000e+00 -5.104051e+01
    endloop
  endfacet
  facet normal -6.875460e-01 -3.439694e-15 7.261408e-01
    outer loop
      vertex   7.012575e+00 1.500000e+00 -5.104051e+01
      vertex   7.405014e+00 3.000000e+00 -5.066893e+01
      vertex   7.012575e+00 3.000000e+00 -5.104051e+01
    endloop
  endfacet
  facet normal -5.154245e-01 -4.059260e-15 8.569350e-01
    outer loop
      vertex   7.012575e+00 1.500000e+00 -5.104051e+01
      vertex   7.012575e+00 3.000000e+00 -5.104051e+01
      vertex   6.549449e+00 1.500000e+00 -5.131907e+01
    endloop
  endfacet
  facet normal -5.154245e-01 -4.364452e-15 8.569350e-01
    outer loop
      vertex   6.549449e+00 1.500000e+00 -5.131907e+01
      vertex   7.012575e+00 3.000000e+00 -5.104051e+01
      vertex   6.549449e+00 3.000000e+00 -5.131907e+01
    endloop
  endfacet
  facet normal -3.192157e-01 -4.678138e-15 9.476821e-01
    outer loop
      vertex   6.549449e+00 1.500000e+00 -5.131907e+01
      vertex   6.549449e+00 3.000000e+00 -5.131907e+01
      vertex   6.037279e+00 1.500000e+00 -5.149158e+01
    endloop
  endfacet
  facet normal -3.192157e-01 -4.678138e-15 9.476821e-01
    outer loop
      vertex   6.037279e+00 1.500000e+00 -5.149158e+01
      vertex   6.549449e+00 3.000000e+00 -5.131907e+01
      vertex   6.037279e+00 3.000000e+00 -5.149158e+01
    endloop
  endfacet
  facet normal -1.080890e-01 -4.773200e-15 9.941412e-01
    outer loop
      vertex   6.037279e+00 1.500000e+00 -5.149158e+01
      vertex   6.037279e+00 3.000000e+00 -5.149158e+01
      vertex   5.500000e+00 1.500000e+00 -5.155000e+01
    endloop
  endfacet
  facet normal -1.080890e-01 -4.709199e-15 9.941412e-01
    outer loop
      vertex   5.500000e+00 1.500000e+00 -5.155000e+01
      vertex   6.037279e+00 3.000000e+00 -5.149158e+01
      vertex   5.500000e+00 3.000000e+00 -5.155000e+01
    endloop
  endfacet
  facet normal 1.080890e-01 -4.709199e-15 9.941412e-01
    outer loop
      vertex   5.500000e+00 1.500000e+00 -5.155000e+01
      vertex   5.500000e+00 3.000000e+00 -5.155000e+01
      vertex   4.962721e+00 1.500000e+00 -5.149158e+01
    endloop
  endfacet
  facet normal 1.080890e-01 -4.709199e-15 9.941412e-01
    outer loop
      vertex   4.962721e+00 1.500000e+00 -5.149158e+01
      vertex   5.500000e+00 3.000000e+00 -5.155000e+01
      vertex   4.962721e+00 3.000000e+00 -5.149158e+01
    endloop
  endfacet
  facet normal 3.192157e-01 -4.489124e-15 9.476821e-01
    outer loop
      vertex   4.962721e+00 1.500000e+00 -5.149158e+01
      vertex   4.962721e+00 3.000000e+00 -5.149158e+01
      vertex   4.450551e+00 1.500000e+00 -5.131907e+01
    endloop
  endfacet
  facet normal 3.192157e-01 -8.978248e-15 9.476821e-01
    outer loop
      vertex   4.450551e+00 1.500000e+00 -5.131907e+01
      vertex   4.962721e+00 3.000000e+00 -5.149158e+01
      vertex   4.450551e+00 3.000000e+00 -5.131907e+01
    endloop
  endfacet
  facet normal 5.154245e-01 -8.118519e-15 8.569350e-01
    outer loop
      vertex   4.450551e+00 1.500000e+00 -5.131907e+01
      vertex   4.450551e+00 3.000000e+00 -5.131907e+01
      vertex   3.987425e+00 1.500000e+00 -5.104051e+01
    endloop
  endfacet
  facet normal 5.154245e-01 -4.059260e-15 8.569350e-01
    outer loop
      vertex   3.987425e+00 1.500000e+00 -5.104051e+01
      vertex   4.450551e+00 3.000000e+00 -5.131907e+01
      vertex   3.987425e+00 3.000000e+00 -5.104051e+01
    endloop
  endfacet
  facet normal 6.875460e-01 -3.439694e-15 7.261408e-01
    outer loop
      vertex   3.987425e+00 1.500000e+00 -5.104051e+01
      vertex   3.987425e+00 3.000000e+00 -5.104051e+01
      vertex   3.594986e+00 1.500000e+00 -5.066893e+01
    endloop
  endfacet
  facet normal 6.875460e-01 -3.236139e-15 7.261408e-01
    outer loop
      vertex   3.594986e+00 1.500000e+00 -5.066893e+01
      vertex   3.987425e+00 3.000000e+00 -5.104051e+01
      vertex   3.594986e+00 3.000000e+00 -5.066893e+01
    endloop
  endfacet
  facet normal 8.275365e-01 -2.414381e-15 5.614120e-01
    outer loop
      vertex   3.594986e+00 1.500000e+00 -5.066893e+01
      vertex   3.594986e+00 3.000000e+00 -5.066893e+01
      vertex   3.291574e+00 1.500000e+00 -5.022169e+01
    endloop
  endfacet
  facet normal 8.275365e-01 -2.414381e-15 5.614120e-01
    outer loop
      vertex   3.291574e+00 1.500000e+00 -5.022169e+01
      vertex   3.594986e+00 3.000000e+00 -5.066893e+01
      vertex   3.291574e+00 3.000000e+00 -5.022169e+01
    endloop
  endfacet
  facet normal 9.288537e-01 -1.479792e-15 3.704467e-01
    outer loop
      vertex   3.291574e+00 1.500000e+00 -5.022169e+01
      vertex   3.291574e+00 3.000000e+00 -5.022169e+01
      vertex   3.091367e+00 1.500000e+00 -4.971969e+01
    endloop
  endfacet
  facet normal 9.288537e-01 -3.234580e-15 3.704467e-01
    outer loop
      vertex   3.091367e+00 1.500000e+00 -4.971969e+01
      vertex   3.291574e+00 3.000000e+00 -5.022169e+01
      vertex   3.091367e+00 3.000000e+00 -4.971969e+01
    endloop
  endfacet
  facet normal 9.867629e-01 -1.244236e-15 1.621693e-01
    outer loop
      vertex   3.091367e+00 1.500000e+00 -4.971969e+01
      vertex   3.091367e+00 3.000000e+00 -4.971969e+01
      vertex   3.003724e+00 1.500000e+00 -4.918640e+01
    endloop
  endfacet
  facet normal 9.867629e-01 -2.304565e-15 1.621693e-01
    outer loop
      vertex   3.003724e+00 1.500000e+00 -4.918640e+01
      vertex   3.091367e+00 3.000000e+00 -4.971969e+01
      vertex   3.003724e+00 3.000000e+00 -4.918640e+01
    endloop
  endfacet
  facet normal -9.985104e-01 -2.584527e-16 5.456098e-02
    outer loop
      vertex   8.640313e+00 3.000000e+00 -3.740000e+01
      vertex   7.996276e+00 3.000000e+00 -4.918640e+01
      vertex   8.640313e+00 1.500000e+00 -3.740000e+01
    endloop
  endfacet
  facet normal -9.985104e-01 -5.016263e-16 5.456098e-02
    outer loop
      vertex   8.640313e+00 1.500000e+00 -3.740000e+01
      vertex   7.996276e+00 3.000000e+00 -4.918640e+01
      vertex   7.996276e+00 1.500000e+00 -4.918640e+01
    endloop
  endfacet
  facet normal 6.440574e-15 -4.736952e-15 1.000000e+00
    outer loop
      vertex   1.195000e+01 3.000000e+00 -3.740000e+01
      vertex   8.640313e+00 3.000000e+00 -3.740000e+01
      vertex   1.195000e+01 1.500000e+00 -3.740000e+01
    endloop
  endfacet
  facet normal 6.440574e-15 -4.736952e-15 1.000000e+00
    outer loop
      vertex   1.195000e+01 1.500000e+00 -3.740000e+01
      vertex   8.640313e+00 3.000000e+00 -3.740000e+01
      vertex   8.640313e+00 1.500000e+00 -3.740000e+01
    endloop
  endfacet
  facet normal -1.119645e-01 9.414333e-15 -9.937122e-01
    outer loop
      vertex   1.195000e+01 1.500000e+00 -3.260000e+01
      vertex   1.195000e+01 3.000000e+00 -3.260000e+01
      vertex   1.248405e+01 1.500000e+00 -3.266017e+01
    endloop
  endfacet
  facet normal -1.119645e-01 4.707167e-15 -9.937122e-01
    outer loop
      vertex   1.248405e+01 1.500000e+00 -3.266017e+01
      vertex   1.195000e+01 3.000000e+00 -3.260000e+01
      vertex   1.248405e+01 3.000000e+00 -3.266017e+01
    endloop
  endfacet
  facet normal -3.302791e-01 4.471130e-15 -9.438833e-01
    outer loop
      vertex   1.248405e+01 1.500000e+00 -3.266017e+01
      vertex   1.248405e+01 3.000000e+00 -3.266017e+01
      vertex   1.299132e+01 1.500000e+00 -3.283767e+01
    endloop
  endfacet
  facet normal -3.302791e-01 8.942259e-15 -9.438833e-01
    outer loop
      vertex   1.299132e+01 1.500000e+00 -3.283767e+01
      vertex   1.248405e+01 3.000000e+00 -3.266017e+01
      vertex   1.299132e+01 3.000000e+00 -3.283767e+01
    endloop
  endfacet
  facet normal -5.320321e-01 8.021783e-15 -8.467242e-01
    outer loop
      vertex   1.299132e+01 1.500000e+00 -3.283767e+01
      vertex   1.299132e+01 3.000000e+00 -3.283767e+01
      vertex   1.344638e+01 1.500000e+00 -3.312360e+01
    endloop
  endfacet
  facet normal -5.320321e-01 8.021783e-15 -8.467242e-01
    outer loop
      vertex   1.344638e+01 1.500000e+00 -3.312360e+01
      vertex   1.299132e+01 3.000000e+00 -3.283767e+01
      vertex   1.344638e+01 3.000000e+00 -3.312360e+01
    endloop
  endfacet
  facet normal -7.071068e-01 6.699061e-15 -7.071068e-01
    outer loop
      vertex   1.344638e+01 1.500000e+00 -3.312360e+01
      vertex   1.344638e+01 3.000000e+00 -3.312360e+01
      vertex   1.382640e+01 1.500000e+00 -3.350362e+01
    endloop
  endfacet
  facet normal -7.071068e-01 6.699061e-15 -7.071068e-01
    outer loop
      vertex   1.382640e+01 1.500000e+00 -3.350362e+01
      vertex   1.344638e+01 3.000000e+00 -3.312360e+01
      vertex   1.382640e+01 3.000000e+00 -3.350362e+01
    endloop
  endfacet
  facet normal -8.467242e-01 5.040420e-15 -5.320321e-01
    outer loop
      vertex   1.382640e+01 1.500000e+00 -3.350362e+01
      vertex   1.382640e+01 3.000000e+00 -3.350362e+01
      vertex   1.411233e+01 1.500000e+00 -3.395868e+01
    endloop
  endfacet
  facet normal -8.467242e-01 5.040420e-15 -5.320321e-01
    outer loop
      vertex   1.411233e+01 1.500000e+00 -3.395868e+01
      vertex   1.382640e+01 3.000000e+00 -3.350362e+01
      vertex   1.411233e+01 3.000000e+00 -3.395868e+01
    endloop
  endfacet
  facet normal -9.438833e-01 3.129032e-15 -3.302791e-01
    outer loop
      vertex   1.411233e+01 1.500000e+00 -3.395868e+01
      vertex   1.411233e+01 3.000000e+00 -3.395868e+01
      vertex   1.428983e+01 1.500000e+00 -3.446595e+01
    endloop
  endfacet
  facet normal -9.438833e-01 3.129032e-15 -3.302791e-01
    outer loop
      vertex   1.428983e+01 1.500000e+00 -3.446595e+01
      vertex   1.411233e+01 3.000000e+00 -3.395868e+01
      vertex   1.428983e+01 3.000000e+00 -3.446595e+01
    endloop
  endfacet
  facet normal -9.937122e-01 1.060741e-15 -1.119645e-01
    outer loop
      vertex   1.428983e+01 1.500000e+00 -3.446595e+01
      vertex   1.428983e+01 3.000000e+00 -3.446595e+01
      vertex   1.435000e+01 1.500000e+00 -3.500000e+01
    endloop
  endfacet
  facet normal -9.937122e-01 1.060741e-15 -1.119645e-01
    outer loop
      vertex   1.435000e+01 1.500000e+00 -3.500000e+01
      vertex   1.428983e+01 3.000000e+00 -3.446595e+01
      vertex   1.435000e+01 3.000000e+00 -3.500000e+01
    endloop
  endfacet
  facet normal -9.937122e-01 -1.060741e-15 1.119645e-01
    outer loop
      vertex   1.435000e+01 1.500000e+00 -3.500000e+01
      vertex   1.435000e+01 3.000000e+00 -3.500000e+01
      vertex   1.428983e+01 1.500000e+00 -3.553405e+01
    endloop
  endfacet
  facet normal -9.937122e-01 -1.060741e-15 1.119645e-01
    outer loop
      vertex   1.428983e+01 1.500000e+00 -3.553405e+01
      vertex   1.435000e+01 3.000000e+00 -3.500000e+01
      vertex   1.428983e+01 3.000000e+00 -3.553405e+01
    endloop
  endfacet
  facet normal -9.438833e-01 -3.129032e-15 3.302791e-01
    outer loop
      vertex   1.428983e+01 1.500000e+00 -3.553405e+01
      vertex   1.428983e+01 3.000000e+00 -3.553405e+01
      vertex   1.411233e+01 1.500000e+00 -3.604132e+01
    endloop
  endfacet
  facet normal -9.438833e-01 -3.129032e-15 3.302791e-01
    outer loop
      vertex   1.411233e+01 1.500000e+00 -3.604132e+01
      vertex   1.428983e+01 3.000000e+00 -3.553405e+01
      vertex   1.411233e+01 3.000000e+00 -3.604132e+01
    endloop
  endfacet
  facet normal -8.467242e-01 -5.040420e-15 5.320321e-01
    outer loop
      vertex   1.411233e+01 1.500000e+00 -3.604132e+01
      vertex   1.411233e+01 3.000000e+00 -3.604132e+01
      vertex   1.382640e+01 1.500000e+00 -3.649638e+01
    endloop
  endfacet
  facet normal -8.467242e-01 -5.040420e-15 5.320321e-01
    outer loop
      vertex   1.382640e+01 1.500000e+00 -3.649638e+01
      vertex   1.411233e+01 3.000000e+00 -3.604132e+01
      vertex   1.382640e+01 3.000000e+00 -3.649638e+01
    endloop
  endfacet
  facet normal -7.071068e-01 -6.699061e-15 7.071068e-01
    outer loop
      vertex   1.382640e+01 1.500000e+00 -3.649638e+01
      vertex   1.382640e+01 3.000000e+00 -3.649638e+01
      vertex   1.344638e+01 1.500000e+00 -3.687640e+01
    endloop
  endfacet
  facet normal -7.071068e-01 -1.004859e-14 7.071068e-01
    outer loop
      vertex   1.344638e+01 1.500000e+00 -3.687640e+01
      vertex   1.382640e+01 3.000000e+00 -3.649638e+01
      vertex   1.344638e+01 3.000000e+00 -3.687640e+01
    endloop
  endfacet
  facet normal -5.320321e-01 -1.203267e-14 8.467242e-01
    outer loop
      vertex   1.344638e+01 1.500000e+00 -3.687640e+01
      vertex   1.344638e+01 3.000000e+00 -3.687640e+01
      vertex   1.299132e+01 1.500000e+00 -3.716233e+01
    endloop
  endfacet
  facet normal -5.320321e-01 -8.021783e-15 8.467242e-01
    outer loop
      vertex   1.299132e+01 1.500000e+00 -3.716233e+01
      vertex   1.344638e+01 3.000000e+00 -3.687640e+01
      vertex   1.299132e+01 3.000000e+00 -3.716233e+01
    endloop
  endfacet
  facet normal -3.302791e-01 -8.942259e-15 9.438833e-01
    outer loop
      vertex   1.299132e+01 1.500000e+00 -3.716233e+01
      vertex   1.299132e+01 3.000000e+00 -3.716233e+01
      vertex   1.248405e+01 1.500000e+00 -3.733983e+01
    endloop
  endfacet
  facet normal -3.302791e-01 -8.942259e-15 9.438833e-01
    outer loop
      vertex   1.248405e+01 1.500000e+00 -3.733983e+01
      vertex   1.299132e+01 3.000000e+00 -3.716233e+01
      vertex   1.248405e+01 3.000000e+00 -3.733983e+01
    endloop
  endfacet
  facet normal -1.119645e-01 -9.414333e-15 9.937122e-01
    outer loop
      vertex   1.248405e+01 1.500000e+00 -3.733983e+01
      vertex   1.248405e+01 3.000000e+00 -3.733983e+01
      vertex   1.195000e+01 1.500000e+00 -3.740000e+01
    endloop
  endfacet
  facet normal -1.119645e-01 -4.707167e-15 9.937122e-01
    outer loop
      vertex   1.195000e+01 1.500000e+00 -3.740000e+01
      vertex   1.248405e+01 3.000000e+00 -3.733983e+01
      vertex   1.195000e+01 3.000000e+00 -3.740000e+01
    endloop
  endfacet
  facet normal -5.269248e-15 9.473903e-15 -1.000000e+00
    outer loop
      vertex   9.253058e+00 3.000000e+00 -3.260000e+01
      vertex   1.195000e+01 3.000000e+00 -3.260000e+01
      vertex   9.253058e+00 1.500000e+00 -3.260000e+01
    endloop
  endfacet
  facet normal -5.269248e-15 9.473903e-15 -1.000000e+00
    outer loop
      vertex   9.253058e+00 1.500000e+00 -3.260000e+01
      vertex   1.195000e+01 3.000000e+00 -3.260000e+01
      vertex   1.195000e+01 1.500000e+00 -3.260000e+01
    endloop
  endfacet
  facet normal -9.961076e-01 6.263143e-16 -8.814590e-02
    outer loop
      vertex   7.990269e+00 3.000000e+00 -1.832964e+01
      vertex   9.253058e+00 3.000000e+00 -3.260000e+01
      vertex   7.990269e+00 1.500000e+00 -1.832964e+01
    endloop
  endfacet
  facet normal -9.961076e-01 8.266280e-16 -8.814590e-02
    outer loop
      vertex   7.990269e+00 1.500000e+00 -1.832964e+01
      vertex   9.253058e+00 3.000000e+00 -3.260000e+01
      vertex   9.253058e+00 1.500000e+00 -3.260000e+01
    endloop
  endfacet
  facet normal 9.812109e-01 1.370909e-15 -1.929383e-01
    outer loop
      vertex   3.009731e+00 1.500000e+00 -1.832964e+01
      vertex   3.009731e+00 3.000000e+00 -1.832964e+01
      vertex   3.111697e+00 1.500000e+00 -1.781108e+01
    endloop
  endfacet
  facet normal 9.812109e-01 1.827879e-15 -1.929383e-01
    outer loop
      vertex   3.111697e+00 1.500000e+00 -1.781108e+01
      vertex   3.009731e+00 3.000000e+00 -1.832964e+01
      vertex   3.111697e+00 3.000000e+00 -1.781108e+01
    endloop
  endfacet
  facet normal 9.187290e-01 3.741137e-15 -3.948887e-01
    outer loop
      vertex   3.111697e+00 1.500000e+00 -1.781108e+01
      vertex   3.111697e+00 3.000000e+00 -1.781108e+01
      vertex   3.320391e+00 1.500000e+00 -1.732554e+01
    endloop
  endfacet
  facet normal 9.187290e-01 4.013136e-15 -3.948887e-01
    outer loop
      vertex   3.320391e+00 1.500000e+00 -1.732554e+01
      vertex   3.111697e+00 3.000000e+00 -1.781108e+01
      vertex   3.320391e+00 3.000000e+00 -1.732554e+01
    endloop
  endfacet
  facet normal 8.151909e-01 5.728557e-15 -5.791923e-01
    outer loop
      vertex   3.320391e+00 1.500000e+00 -1.732554e+01
      vertex   3.320391e+00 3.000000e+00 -1.732554e+01
      vertex   3.626487e+00 1.500000e+00 -1.689472e+01
    endloop
  endfacet
  facet normal 8.151909e-01 2.743606e-15 -5.791923e-01
    outer loop
      vertex   3.626487e+00 1.500000e+00 -1.689472e+01
      vertex   3.320391e+00 3.000000e+00 -1.732554e+01
      vertex   3.626487e+00 3.000000e+00 -1.689472e+01
    endloop
  endfacet
  facet normal 6.752237e-01 3.494037e-15 -7.376130e-01
    outer loop
      vertex   3.626487e+00 1.500000e+00 -1.689472e+01
      vertex   3.626487e+00 3.000000e+00 -1.689472e+01
      vertex   4.016307e+00 1.500000e+00 -1.653787e+01
    endloop
  endfacet
  facet normal 6.752237e-01 7.387887e-15 -7.376130e-01
    outer loop
      vertex   4.016307e+00 1.500000e+00 -1.653787e+01
      vertex   3.626487e+00 3.000000e+00 -1.689472e+01
      vertex   4.016307e+00 3.000000e+00 -1.653787e+01
    endloop
  endfacet
  facet normal 5.050821e-01 8.475723e-15 -8.630713e-01
    outer loop
      vertex   4.016307e+00 1.500000e+00 -1.653787e+01
      vertex   4.016307e+00 3.000000e+00 -1.653787e+01
      vertex   4.472429e+00 1.500000e+00 -1.627094e+01
    endloop
  endfacet
  facet normal 5.050821e-01 6.132490e-15 -8.630713e-01
    outer loop
      vertex   4.472429e+00 1.500000e+00 -1.627094e+01
      vertex   4.016307e+00 3.000000e+00 -1.653787e+01
      vertex   4.472429e+00 3.000000e+00 -1.627094e+01
    endloop
  endfacet
  facet normal 3.123694e-01 6.749877e-15 -9.499607e-01
    outer loop
      vertex   4.472429e+00 1.500000e+00 -1.627094e+01
      vertex   4.472429e+00 3.000000e+00 -1.627094e+01
      vertex   4.974472e+00 1.500000e+00 -1.610586e+01
    endloop
  endfacet
  facet normal 3.123694e-01 6.749877e-15 -9.499607e-01
    outer loop
      vertex   4.974472e+00 1.500000e+00 -1.610586e+01
      vertex   4.472429e+00 3.000000e+00 -1.627094e+01
      vertex   4.974472e+00 3.000000e+00 -1.610586e+01
    endloop
  endfacet
  facet normal 1.056976e-01 7.065625e-15 -9.943983e-01
    outer loop
      vertex   4.974472e+00 1.500000e+00 -1.610586e+01
      vertex   4.974472e+00 3.000000e+00 -1.610586e+01
      vertex   5.500000e+00 1.500000e+00 -1.605000e+01
    endloop
  endfacet
  facet normal 1.056976e-01 7.065625e-15 -9.943983e-01
    outer loop
      vertex   5.500000e+00 1.500000e+00 -1.605000e+01
      vertex   4.974472e+00 3.000000e+00 -1.610586e+01
      vertex   5.500000e+00 3.000000e+00 -1.605000e+01
    endloop
  endfacet
  facet normal -1.056976e-01 7.065625e-15 -9.943983e-01
    outer loop
      vertex   5.500000e+00 1.500000e+00 -1.605000e+01
      vertex   5.500000e+00 3.000000e+00 -1.605000e+01
      vertex   6.025528e+00 1.500000e+00 -1.610586e+01
    endloop
  endfacet
  facet normal -1.056976e-01 7.065625e-15 -9.943983e-01
    outer loop
      vertex   6.025528e+00 1.500000e+00 -1.610586e+01
      vertex   5.500000e+00 3.000000e+00 -1.605000e+01
      vertex   6.025528e+00 3.000000e+00 -1.610586e+01
    endloop
  endfacet
  facet normal -3.123694e-01 6.749877e-15 -9.499607e-01
    outer loop
      vertex   6.025528e+00 1.500000e+00 -1.610586e+01
      vertex   6.025528e+00 3.000000e+00 -1.610586e+01
      vertex   6.527571e+00 1.500000e+00 -1.627094e+01
    endloop
  endfacet
  facet normal -3.123694e-01 6.749877e-15 -9.499607e-01
    outer loop
      vertex   6.527571e+00 1.500000e+00 -1.627094e+01
      vertex   6.025528e+00 3.000000e+00 -1.610586e+01
      vertex   6.527571e+00 3.000000e+00 -1.627094e+01
    endloop
  endfacet
  facet normal -5.050821e-01 6.132490e-15 -8.630713e-01
    outer loop
      vertex   6.527571e+00 1.500000e+00 -1.627094e+01
      vertex   6.527571e+00 3.000000e+00 -1.627094e+01
      vertex   6.983693e+00 1.500000e+00 -1.653787e+01
    endloop
  endfacet
  facet normal -5.050821e-01 6.132490e-15 -8.630713e-01
    outer loop
      vertex   6.983693e+00 1.500000e+00 -1.653787e+01
      vertex   6.527571e+00 3.000000e+00 -1.627094e+01
      vertex   6.983693e+00 3.000000e+00 -1.653787e+01
    endloop
  endfacet
  facet normal -6.752237e-01 5.241056e-15 -7.376130e-01
    outer loop
      vertex   6.983693e+00 1.500000e+00 -1.653787e+01
      vertex   6.983693e+00 3.000000e+00 -1.653787e+01
      vertex   7.373513e+00 1.500000e+00 -1.689472e+01
    endloop
  endfacet
  facet normal -6.752237e-01 5.241056e-15 -7.376130e-01
    outer loop
      vertex   7.373513e+00 1.500000e+00 -1.689472e+01
      vertex   6.983693e+00 3.000000e+00 -1.653787e+01
      vertex   7.373513e+00 3.000000e+00 -1.689472e+01
    endloop
  endfacet
  facet normal -8.151909e-01 4.115409e-15 -5.791923e-01
    outer loop
      vertex   7.373513e+00 1.500000e+00 -1.689472e+01
      vertex   7.373513e+00 3.000000e+00 -1.689472e+01
      vertex   7.679609e+00 1.500000e+00 -1.732554e+01
    endloop
  endfacet
  facet normal -8.151909e-01 4.115409e-15 -5.791923e-01
    outer loop
      vertex   7.679609e+00 1.500000e+00 -1.732554e+01
      vertex   7.373513e+00 3.000000e+00 -1.689472e+01
      vertex   7.679609e+00 3.000000e+00 -1.732554e+01
    endloop
  endfacet
  facet normal -9.187290e-01 2.805853e-15 -3.948887e-01
    outer loop
      vertex   7.679609e+00 1.500000e+00 -1.732554e+01
      vertex   7.679609e+00 3.000000e+00 -1.732554e+01
      vertex   7.888303e+00 1.500000e+00 -1.781108e+01
    endloop
  endfacet
  facet normal -9.187290e-01 2.805853e-15 -3.948887e-01
    outer loop
      vertex   7.888303e+00 1.500000e+00 -1.781108e+01
      vertex   7.679609e+00 3.000000e+00 -1.732554e+01
      vertex   7.888303e+00 3.000000e+00 -1.781108e+01
    endloop
  endfacet
  facet normal -9.812109e-01 1.370909e-15 -1.929383e-01
    outer loop
      vertex   7.888303e+00 1.500000e+00 -1.781108e+01
      vertex   7.888303e+00 3.000000e+00 -1.781108e+01
      vertex   7.990269e+00 1.500000e+00 -1.832964e+01
    endloop
  endfacet
  facet normal -9.812109e-01 1.370909e-15 -1.929383e-01
    outer loop
      vertex   7.990269e+00 1.500000e+00 -1.832964e+01
      vertex   7.888303e+00 3.000000e+00 -1.781108e+01
      vertex   7.990269e+00 3.000000e+00 -1.832964e+01
    endloop
  endfacet
  facet normal -2.631640e-16 -7.697546e-15 1.000000e+00
    outer loop
      vertex   8.500000e+00 3.000000e+00 -1.450000e+01
      vertex   -5.000000e+00 3.000000e+00 -1.450000e+01
      vertex   8.500000e+00 1.776357e-14 -1.450000e+01
    endloop
  endfacet
  facet normal -1.146037e-16 -7.029025e-15 1.000000e+00
    outer loop
      vertex   8.500000e+00 1.776357e-14 -1.450000e+01
      vertex   -5.000000e+00 3.000000e+00 -1.450000e+01
      vertex   -7.000000e+00 1.776357e-14 -1.450000e+01
    endloop
  endfacet
  facet normal 5.299628e-16 -7.458736e-15 1.000000e+00
    outer loop
      vertex   -7.000000e+00 1.776357e-14 -1.450000e+01
      vertex   -5.000000e+00 3.000000e+00 -1.450000e+01
      vertex   -7.000000e+00 1.810000e+01 -1.450000e+01
    endloop
  endfacet
  facet normal 0.000000e+00 -7.528930e-15 1.000000e+00
    outer loop
      vertex   -7.000000e+00 1.810000e+01 -1.450000e+01
      vertex   -5.000000e+00 3.000000e+00 -1.450000e+01
      vertex   -5.000000e+00 1.810000e+01 -1.450000e+01
    endloop
  endfacet
  facet normal -1.448233e-14 1.000000e+00 1.233231e-14
    outer loop
      vertex   9.404025e+00 3.000000e+00 -1.455468e+01
      vertex   7.888303e+00 3.000000e+00 -1.781108e+01
      vertex   8.500000e+00 3.000000e+00 -1.450000e+01
    endloop
  endfacet
  facet normal 8.306040e-16 1.000000e+00 9.503357e-15
    outer loop
      vertex   8.500000e+00 3.000000e+00 -1.450000e+01
      vertex   7.888303e+00 3.000000e+00 -1.781108e+01
      vertex   7.679609e+00 3.000000e+00 -1.732554e+01
    endloop
  endfacet
  facet normal 3.556689e-15 1.000000e+00 8.711842e-15
    outer loop
      vertex   8.500000e+00 3.000000e+00 -1.450000e+01
      vertex   7.679609e+00 3.000000e+00 -1.732554e+01
      vertex   7.373513e+00 3.000000e+00 -1.689472e+01
    endloop
  endfacet
  facet normal -1.902724e-15 1.000000e+00 6.476999e-15
    outer loop
      vertex   7.888303e+00 3.000000e+00 -1.781108e+01
      vertex   9.404025e+00 3.000000e+00 -1.455468e+01
      vertex   7.990269e+00 3.000000e+00 -1.832964e+01
    endloop
  endfacet
  facet normal -8.774324e-16 1.000000e+00 6.093017e-15
    outer loop
      vertex   7.990269e+00 3.000000e+00 -1.832964e+01
      vertex   9.404025e+00 3.000000e+00 -1.455468e+01
      vertex   1.029487e+01 3.000000e+00 -1.471794e+01
    endloop
  endfacet
  facet normal -1.132240e-15 1.000000e+00 6.255608e-15
    outer loop
      vertex   7.990269e+00 3.000000e+00 -1.832964e+01
      vertex   1.029487e+01 3.000000e+00 -1.471794e+01
      vertex   1.115954e+01 3.000000e+00 -1.498738e+01
    endloop
  endfacet
  facet normal -1.380376e-15 1.000000e+00 6.490901e-15
    outer loop
      vertex   1.115954e+01 3.000000e+00 -1.498738e+01
      vertex   1.198542e+01 3.000000e+00 -1.535908e+01
      vertex   7.990269e+00 3.000000e+00 -1.832964e+01
    endloop
  endfacet
  facet normal -1.299016e-15 1.000000e+00 6.381478e-15
    outer loop
      vertex   7.990269e+00 3.000000e+00 -1.832964e+01
      vertex   1.198542e+01 3.000000e+00 -1.535908e+01
      vertex   1.276049e+01 3.000000e+00 -1.582762e+01
    endloop
  endfacet
  facet normal -1.631793e-15 1.000000e+00 7.015935e-15
    outer loop
      vertex   7.990269e+00 3.000000e+00 -1.832964e+01
      vertex   1.276049e+01 3.000000e+00 -1.582762e+01
      vertex   1.195000e+01 3.000000e+00 -3.260000e+01
    endloop
  endfacet
  facet normal -7.652074e-16 1.000000e+00 6.974059e-15
    outer loop
      vertex   1.195000e+01 3.000000e+00 -3.260000e+01
      vertex   1.276049e+01 3.000000e+00 -1.582762e+01
      vertex   1.347342e+01 3.000000e+00 -1.638617e+01
    endloop
  endfacet
  facet normal -1.297281e-15 1.000000e+00 7.024052e-15
    outer loop
      vertex   1.195000e+01 3.000000e+00 -3.260000e+01
      vertex   1.347342e+01 3.000000e+00 -1.638617e+01
      vertex   1.411383e+01 3.000000e+00 -1.702658e+01
    endloop
  endfacet
  facet normal -5.781607e-16 1.000000e+00 6.924134e-15
    outer loop
      vertex   1.195000e+01 3.000000e+00 -3.260000e+01
      vertex   1.411383e+01 3.000000e+00 -1.702658e+01
      vertex   1.600000e+01 3.000000e+00 -2.200000e+01
    endloop
  endfacet
  facet normal -8.199872e-16 1.000000e+00 6.832422e-15
    outer loop
      vertex   1.600000e+01 3.000000e+00 -2.200000e+01
      vertex   1.411383e+01 3.000000e+00 -1.702658e+01
      vertex   1.467238e+01 3.000000e+00 -1.773951e+01
    endloop
  endfacet
  facet normal -3.187606e-15 1.000000e+00 6.094642e-15
    outer loop
      vertex   1.600000e+01 3.000000e+00 -2.200000e+01
      vertex   1.467238e+01 3.000000e+00 -1.773951e+01
      vertex   1.514092e+01 3.000000e+00 -1.851458e+01
    endloop
  endfacet
  facet normal -5.822416e-15 1.000000e+00 5.445219e-15
    outer loop
      vertex   1.514092e+01 3.000000e+00 -1.851458e+01
      vertex   1.551262e+01 3.000000e+00 -1.934046e+01
      vertex   1.600000e+01 3.000000e+00 -2.200000e+01
    endloop
  endfacet
  facet normal -1.728700e-14 1.000000e+00 3.344256e-15
    outer loop
      vertex   1.600000e+01 3.000000e+00 -2.200000e+01
      vertex   1.551262e+01 3.000000e+00 -1.934046e+01
      vertex   1.578206e+01 3.000000e+00 -2.020513e+01
    endloop
  endfacet
  facet normal -4.096072e-14 1.000000e+00 4.697455e-16
    outer loop
      vertex   1.600000e+01 3.000000e+00 -2.200000e+01
      vertex   1.578206e+01 3.000000e+00 -2.020513e+01
      vertex   1.594532e+01 3.000000e+00 -2.109597e+01
    endloop
  endfacet
  facet normal 1.345725e-15 1.000000e+00 6.832142e-15
    outer loop
      vertex   1.600000e+01 3.000000e+00 -4.800000e+01
      vertex   1.435000e+01 3.000000e+00 -3.500000e+01
      vertex   1.600000e+01 3.000000e+00 -2.200000e+01
    endloop
  endfacet
  facet normal -2.007547e-15 1.000000e+00 7.257749e-15
    outer loop
      vertex   1.600000e+01 3.000000e+00 -2.200000e+01
      vertex   1.435000e+01 3.000000e+00 -3.500000e+01
      vertex   1.428983e+01 3.000000e+00 -3.446595e+01
    endloop
  endfacet
  facet normal -3.638129e-15 1.000000e+00 7.481445e-15
    outer loop
      vertex   1.600000e+01 3.000000e+00 -2.200000e+01
      vertex   1.428983e+01 3.000000e+00 -3.446595e+01
      vertex   1.411233e+01 3.000000e+00 -3.395868e+01
    endloop
  endfacet
  facet normal -2.151838e-13 1.000000e+00 4.691147e-14
    outer loop
      vertex   1.594532e+01 3.000000e+00 -4.890403e+01
      vertex   1.578206e+01 3.000000e+00 -4.979487e+01
      vertex   1.600000e+01 3.000000e+00 -4.800000e+01
    endloop
  endfacet
  facet normal -7.147095e-14 1.000000e+00 2.946157e-14
    outer loop
      vertex   1.600000e+01 3.000000e+00 -4.800000e+01
      vertex   1.578206e+01 3.000000e+00 -4.979487e+01
      vertex   1.551262e+01 3.000000e+00 -5.065954e+01
    endloop
  endfacet
  facet normal -3.714859e-14 1.000000e+00 2.317176e-14
    outer loop
      vertex   1.600000e+01 3.000000e+00 -4.800000e+01
      vertex   1.551262e+01 3.000000e+00 -5.065954e+01
      vertex   1.514092e+01 3.000000e+00 -5.148542e+01
    endloop
  endfacet
  facet normal -1.994113e-14 1.000000e+00 1.893051e-14
    outer loop
      vertex   1.514092e+01 3.000000e+00 -5.148542e+01
      vertex   1.467238e+01 3.000000e+00 -5.226049e+01
      vertex   1.600000e+01 3.000000e+00 -4.800000e+01
    endloop
  endfacet
  facet normal -1.110925e-14 1.000000e+00 1.617838e-14
    outer loop
      vertex   1.600000e+01 3.000000e+00 -4.800000e+01
      vertex   1.467238e+01 3.000000e+00 -5.226049e+01
      vertex   1.411383e+01 3.000000e+00 -5.297342e+01
    endloop
  endfacet
  facet normal -1.879263e-15 1.000000e+00 1.267791e-14
    outer loop
      vertex   1.600000e+01 3.000000e+00 -4.800000e+01
      vertex   1.411383e+01 3.000000e+00 -5.297342e+01
      vertex   7.996276e+00 3.000000e+00 -4.918640e+01
    endloop
  endfacet
  facet normal -3.356742e-15 1.000000e+00 1.029119e-14
    outer loop
      vertex   7.996276e+00 3.000000e+00 -4.918640e+01
      vertex   1.411383e+01 3.000000e+00 -5.297342e+01
      vertex   1.347342e+01 3.000000e+00 -5.361383e+01
    endloop
  endfacet
  facet normal -3.848549e-15 1.000000e+00 9.682775e-15
    outer loop
      vertex   7.996276e+00 3.000000e+00 -4.918640e+01
      vertex   1.347342e+01 3.000000e+00 -5.361383e+01
      vertex   1.276049e+01 3.000000e+00 -5.417238e+01
    endloop
  endfacet
  facet normal -2.213892e-15 1.000000e+00 1.124473e-14
    outer loop
      vertex   1.276049e+01 3.000000e+00 -5.417238e+01
      vertex   1.198542e+01 3.000000e+00 -5.464092e+01
      vertex   7.996276e+00 3.000000e+00 -4.918640e+01
    endloop
  endfacet
  facet normal -2.737610e-15 1.000000e+00 1.086171e-14
    outer loop
      vertex   7.996276e+00 3.000000e+00 -4.918640e+01
      vertex   1.198542e+01 3.000000e+00 -5.464092e+01
      vertex   1.115954e+01 3.000000e+00 -5.501262e+01
    endloop
  endfacet
  facet normal -2.412465e-15 1.000000e+00 1.103824e-14
    outer loop
      vertex   7.996276e+00 3.000000e+00 -4.918640e+01
      vertex   1.115954e+01 3.000000e+00 -5.501262e+01
      vertex   1.029487e+01 3.000000e+00 -5.528206e+01
    endloop
  endfacet
  facet normal 2.541015e-15 1.000000e+00 1.290613e-14
    outer loop
      vertex   7.996276e+00 3.000000e+00 -4.918640e+01
      vertex   1.029487e+01 3.000000e+00 -5.528206e+01
      vertex   7.908633e+00 3.000000e+00 -4.971969e+01
    endloop
  endfacet
  facet normal -1.083203e-15 1.000000e+00 1.135135e-14
    outer loop
      vertex   7.908633e+00 3.000000e+00 -4.971969e+01
      vertex   1.029487e+01 3.000000e+00 -5.528206e+01
      vertex   9.404025e+00 3.000000e+00 -5.544532e+01
    endloop
  endfacet
  facet normal -1.543131e-15 1.000000e+00 1.123123e-14
    outer loop
      vertex   7.908633e+00 3.000000e+00 -4.971969e+01
      vertex   9.404025e+00 3.000000e+00 -5.544532e+01
      vertex   7.708426e+00 3.000000e+00 -5.022169e+01
    endloop
  endfacet
  facet normal -2.285769e-14 1.000000e+00 4.312489e-15
    outer loop
      vertex   7.708426e+00 3.000000e+00 -5.022169e+01
      vertex   9.404025e+00 3.000000e+00 -5.544532e+01
      vertex   8.500000e+00 3.000000e+00 -5.550000e+01
    endloop
  endfacet
  facet normal 3.841425e-15 1.000000e+00 8.316480e-15
    outer loop
      vertex   7.708426e+00 3.000000e+00 -5.022169e+01
      vertex   8.500000e+00 3.000000e+00 -5.550000e+01
      vertex   7.405014e+00 3.000000e+00 -5.066893e+01
    endloop
  endfacet
  facet normal 4.443975e-15 1.000000e+00 8.453051e-15
    outer loop
      vertex   7.405014e+00 3.000000e+00 -5.066893e+01
      vertex   8.500000e+00 3.000000e+00 -5.550000e+01
      vertex   7.012575e+00 3.000000e+00 -5.104051e+01
    endloop
  endfacet
  facet normal 5.293181e-15 1.000000e+00 8.736296e-15
    outer loop
      vertex   7.012575e+00 3.000000e+00 -5.104051e+01
      vertex   8.500000e+00 3.000000e+00 -5.550000e+01
      vertex   6.549449e+00 3.000000e+00 -5.131907e+01
    endloop
  endfacet
  facet normal 5.668964e-15 1.000000e+00 8.911612e-15
    outer loop
      vertex   6.549449e+00 3.000000e+00 -5.131907e+01
      vertex   8.500000e+00 3.000000e+00 -5.550000e+01
      vertex   6.037279e+00 3.000000e+00 -5.149158e+01
    endloop
  endfacet
  facet normal 6.419890e-15 1.000000e+00 9.372972e-15
    outer loop
      vertex   6.037279e+00 3.000000e+00 -5.149158e+01
      vertex   8.500000e+00 3.000000e+00 -5.550000e+01
      vertex   5.500000e+00 3.000000e+00 -5.155000e+01
    endloop
  endfacet
  facet normal 5.938665e-15 1.000000e+00 9.007484e-15
    outer loop
      vertex   5.500000e+00 3.000000e+00 -5.155000e+01
      vertex   8.500000e+00 3.000000e+00 -5.550000e+01
      vertex   4.962721e+00 3.000000e+00 -5.149158e+01
    endloop
  endfacet
  facet normal 7.974616e-15 1.000000e+00 1.080414e-14
    outer loop
      vertex   4.962721e+00 3.000000e+00 -5.149158e+01
      vertex   8.500000e+00 3.000000e+00 -5.550000e+01
      vertex   4.450551e+00 3.000000e+00 -5.131907e+01
    endloop
  endfacet
  facet normal 0.000000e+00 1.000000e+00 3.080313e-15
    outer loop
      vertex   4.450551e+00 3.000000e+00 -5.131907e+01
      vertex   8.500000e+00 3.000000e+00 -5.550000e+01
      vertex   -5.000000e+00 3.000000e+00 -5.550000e+01
    endloop
  endfacet
  facet normal 1.191584e-15 1.000000e+00 3.868655e-16
    outer loop
      vertex   4.450551e+00 3.000000e+00 -5.131907e+01
      vertex   -5.000000e+00 3.000000e+00 -5.550000e+01
      vertex   3.987425e+00 3.000000e+00 -5.104051e+01
    endloop
  endfacet
  facet normal 9.078099e-16 1.000000e+00 9.587691e-16
    outer loop
      vertex   3.987425e+00 3.000000e+00 -5.104051e+01
      vertex   -5.000000e+00 3.000000e+00 -5.550000e+01
      vertex   3.594986e+00 3.000000e+00 -5.066893e+01
    endloop
  endfacet
  facet normal 2.392408e-16 1.000000e+00 2.148223e-15
    outer loop
      vertex   3.594986e+00 3.000000e+00 -5.066893e+01
      vertex   -5.000000e+00 3.000000e+00 -5.550000e+01
      vertex   3.291574e+00 3.000000e+00 -5.022169e+01
    endloop
  endfacet
  facet normal -9.642131e-16 1.000000e+00 4.038700e-15
    outer loop
      vertex   3.291574e+00 3.000000e+00 -5.022169e+01
      vertex   -5.000000e+00 3.000000e+00 -5.550000e+01
      vertex   3.091367e+00 3.000000e+00 -4.971969e+01
    endloop
  endfacet
  facet normal -9.427974e-16 1.000000e+00 4.008722e-15
    outer loop
      vertex   3.091367e+00 3.000000e+00 -4.971969e+01
      vertex   -5.000000e+00 3.000000e+00 -5.550000e+01
      vertex   3.003724e+00 3.000000e+00 -4.918640e+01
    endloop
  endfacet
  facet normal -3.778122e-15 1.000000e+00 7.603053e-15
    outer loop
      vertex   3.003724e+00 3.000000e+00 -4.918640e+01
      vertex   -5.000000e+00 3.000000e+00 -5.550000e+01
      vertex   -1.484050e+00 3.000000e+00 -3.733983e+01
    endloop
  endfacet
  facet normal 1.946811e-16 1.000000e+00 9.108049e-15
    outer loop
      vertex   3.003724e+00 3.000000e+00 -4.918640e+01
      vertex   -1.484050e+00 3.000000e+00 -3.733983e+01
      vertex   -9.500000e-01 3.000000e+00 -3.740000e+01
    endloop
  endfacet
  facet normal -4.037175e-15 1.000000e+00 7.365382e-15
    outer loop
      vertex   -5.000000e+00 3.000000e+00 -1.450000e+01
      vertex   -3.350000e+00 3.000000e+00 -3.500000e+01
      vertex   -5.000000e+00 3.000000e+00 -5.550000e+01
    endloop
  endfacet
  facet normal -2.296050e-15 1.000000e+00 7.225243e-15
    outer loop
      vertex   -5.000000e+00 3.000000e+00 -5.550000e+01
      vertex   -3.350000e+00 3.000000e+00 -3.500000e+01
      vertex   -3.289827e+00 3.000000e+00 -3.553405e+01
    endloop
  endfacet
  facet normal -3.962410e-15 1.000000e+00 7.367974e-15
    outer loop
      vertex   -5.000000e+00 3.000000e+00 -5.550000e+01
      vertex   -3.289827e+00 3.000000e+00 -3.553405e+01
      vertex   -3.112325e+00 3.000000e+00 -3.604132e+01
    endloop
  endfacet
  facet normal -2.838269e-30 1.000000e+00 1.078517e-14
    outer loop
      vertex   8.500000e+00 3.000000e+00 -1.450000e+01
      vertex   4.974472e+00 3.000000e+00 -1.610586e+01
      vertex   -5.000000e+00 3.000000e+00 -1.450000e+01
    endloop
  endfacet
  facet normal -8.749135e-16 1.000000e+00 5.350827e-15
    outer loop
      vertex   -5.000000e+00 3.000000e+00 -1.450000e+01
      vertex   4.974472e+00 3.000000e+00 -1.610586e+01
      vertex   4.472429e+00 3.000000e+00 -1.627094e+01
    endloop
  endfacet
  facet normal -4.783224e-16 1.000000e+00 7.472115e-15
    outer loop
      vertex   -5.000000e+00 3.000000e+00 -1.450000e+01
      vertex   4.472429e+00 3.000000e+00 -1.627094e+01
      vertex   4.016307e+00 3.000000e+00 -1.653787e+01
    endloop
  endfacet
  facet normal 1.070881e-15 1.000000e+00 9.881177e-15
    outer loop
      vertex   7.373513e+00 3.000000e+00 -1.689472e+01
      vertex   6.983693e+00 3.000000e+00 -1.653787e+01
      vertex   8.500000e+00 3.000000e+00 -1.450000e+01
    endloop
  endfacet
  facet normal 9.619546e-16 1.000000e+00 9.962225e-15
    outer loop
      vertex   8.500000e+00 3.000000e+00 -1.450000e+01
      vertex   6.983693e+00 3.000000e+00 -1.653787e+01
      vertex   6.527571e+00 3.000000e+00 -1.627094e+01
    endloop
  endfacet
  facet normal 6.577085e-17 1.000000e+00 1.096037e-14
    outer loop
      vertex   8.500000e+00 3.000000e+00 -1.450000e+01
      vertex   6.527571e+00 3.000000e+00 -1.627094e+01
      vertex   6.025528e+00 3.000000e+00 -1.610586e+01
    endloop
  endfacet
  facet normal -4.419075e-16 1.000000e+00 1.174265e-14
    outer loop
      vertex   6.025528e+00 3.000000e+00 -1.610586e+01
      vertex   5.500000e+00 3.000000e+00 -1.605000e+01
      vertex   8.500000e+00 3.000000e+00 -1.450000e+01
    endloop
  endfacet
  facet normal -3.930827e-16 1.000000e+00 1.164815e-14
    outer loop
      vertex   8.500000e+00 3.000000e+00 -1.450000e+01
      vertex   5.500000e+00 3.000000e+00 -1.605000e+01
      vertex   4.974472e+00 3.000000e+00 -1.610586e+01
    endloop
  endfacet
  facet normal -3.845585e-16 1.000000e+00 7.886961e-15
    outer loop
      vertex   4.016307e+00 3.000000e+00 -1.653787e+01
      vertex   3.626487e+00 3.000000e+00 -1.689472e+01
      vertex   -5.000000e+00 3.000000e+00 -1.450000e+01
    endloop
  endfacet
  facet normal -7.158786e-16 1.000000e+00 6.693449e-15
    outer loop
      vertex   -5.000000e+00 3.000000e+00 -1.450000e+01
      vertex   3.626487e+00 3.000000e+00 -1.689472e+01
      vertex   3.320391e+00 3.000000e+00 -1.732554e+01
    endloop
  endfacet
  facet normal -4.398914e-16 1.000000e+00 7.506151e-15
    outer loop
      vertex   -5.000000e+00 3.000000e+00 -1.450000e+01
      vertex   3.320391e+00 3.000000e+00 -1.732554e+01
      vertex   3.111697e+00 3.000000e+00 -1.781108e+01
    endloop
  endfacet
  facet normal 1.934045e-15 1.000000e+00 1.332198e-14
    outer loop
      vertex   3.111697e+00 3.000000e+00 -1.781108e+01
      vertex   3.009731e+00 3.000000e+00 -1.832964e+01
      vertex   -5.000000e+00 3.000000e+00 -1.450000e+01
    endloop
  endfacet
  facet normal -7.777346e-16 1.000000e+00 7.650257e-15
    outer loop
      vertex   -5.000000e+00 3.000000e+00 -1.450000e+01
      vertex   3.009731e+00 3.000000e+00 -1.832964e+01
      vertex   -1.484050e+00 3.000000e+00 -3.266017e+01
    endloop
  endfacet
  facet normal -9.166344e-16 1.000000e+00 7.623364e-15
    outer loop
      vertex   -5.000000e+00 3.000000e+00 -1.450000e+01
      vertex   -1.484050e+00 3.000000e+00 -3.266017e+01
      vertex   -1.991321e+00 3.000000e+00 -3.283767e+01
    endloop
  endfacet
  facet normal -6.586560e-15 1.000000e+00 9.296358e-15
    outer loop
      vertex   1.746942e+00 3.000000e+00 -3.260000e+01
      vertex   -9.500000e-01 3.000000e+00 -3.260000e+01
      vertex   3.009731e+00 3.000000e+00 -1.832964e+01
    endloop
  endfacet
  facet normal -1.727068e-15 1.000000e+00 7.947949e-15
    outer loop
      vertex   3.009731e+00 3.000000e+00 -1.832964e+01
      vertex   -9.500000e-01 3.000000e+00 -3.260000e+01
      vertex   -1.484050e+00 3.000000e+00 -3.266017e+01
    endloop
  endfacet
  facet normal -4.586544e-18 1.000000e+00 7.773005e-15
    outer loop
      vertex   -1.991321e+00 3.000000e+00 -3.283767e+01
      vertex   -2.446376e+00 3.000000e+00 -3.312360e+01
      vertex   -5.000000e+00 3.000000e+00 -1.450000e+01
    endloop
  endfacet
  facet normal -1.697857e-15 1.000000e+00 7.540828e-15
    outer loop
      vertex   -5.000000e+00 3.000000e+00 -1.450000e+01
      vertex   -2.446376e+00 3.000000e+00 -3.312360e+01
      vertex   -2.826396e+00 3.000000e+00 -3.350362e+01
    endloop
  endfacet
  facet normal 9.721020e-17 1.000000e+00 7.746145e-15
    outer loop
      vertex   -5.000000e+00 3.000000e+00 -1.450000e+01
      vertex   -2.826396e+00 3.000000e+00 -3.350362e+01
      vertex   -3.112325e+00 3.000000e+00 -3.395868e+01
    endloop
  endfacet
  facet normal -3.599215e-15 1.000000e+00 7.387557e-15
    outer loop
      vertex   -3.112325e+00 3.000000e+00 -3.395868e+01
      vertex   -3.289827e+00 3.000000e+00 -3.446595e+01
      vertex   -5.000000e+00 3.000000e+00 -1.450000e+01
    endloop
  endfacet
  facet normal -1.068436e-15 1.000000e+00 7.604329e-15
    outer loop
      vertex   -5.000000e+00 3.000000e+00 -1.450000e+01
      vertex   -3.289827e+00 3.000000e+00 -3.446595e+01
      vertex   -3.350000e+00 3.000000e+00 -3.500000e+01
    endloop
  endfacet
  facet normal 2.099125e-16 1.000000e+00 6.963219e-15
    outer loop
      vertex   -3.112325e+00 3.000000e+00 -3.604132e+01
      vertex   -2.826396e+00 3.000000e+00 -3.649638e+01
      vertex   -5.000000e+00 3.000000e+00 -5.550000e+01
    endloop
  endfacet
  facet normal -2.119141e-15 1.000000e+00 7.229613e-15
    outer loop
      vertex   -5.000000e+00 3.000000e+00 -5.550000e+01
      vertex   -2.826396e+00 3.000000e+00 -3.649638e+01
      vertex   -2.446376e+00 3.000000e+00 -3.687640e+01
    endloop
  endfacet
  facet normal -4.782253e-16 1.000000e+00 7.004614e-15
    outer loop
      vertex   -5.000000e+00 3.000000e+00 -5.550000e+01
      vertex   -2.446376e+00 3.000000e+00 -3.687640e+01
      vertex   -1.991321e+00 3.000000e+00 -3.716233e+01
    endloop
  endfacet
  facet normal -1.847603e-15 1.000000e+00 7.229289e-15
    outer loop
      vertex   -1.991321e+00 3.000000e+00 -3.716233e+01
      vertex   -1.484050e+00 3.000000e+00 -3.733983e+01
      vertex   -5.000000e+00 3.000000e+00 -5.550000e+01
    endloop
  endfacet
  facet normal 3.882697e-29 1.000000e+00 9.042743e-15
    outer loop
      vertex   -9.500000e-01 3.000000e+00 -3.740000e+01
      vertex   2.359687e+00 3.000000e+00 -3.740000e+01
      vertex   3.003724e+00 3.000000e+00 -4.918640e+01
    endloop
  endfacet
  facet normal 3.882697e-29 1.000000e+00 6.028495e-15
    outer loop
      vertex   8.640313e+00 3.000000e+00 -3.740000e+01
      vertex   1.195000e+01 3.000000e+00 -3.740000e+01
      vertex   7.996276e+00 3.000000e+00 -4.918640e+01
    endloop
  endfacet
  facet normal -9.403706e-16 1.000000e+00 6.343941e-15
    outer loop
      vertex   7.996276e+00 3.000000e+00 -4.918640e+01
      vertex   1.195000e+01 3.000000e+00 -3.740000e+01
      vertex   1.600000e+01 3.000000e+00 -4.800000e+01
    endloop
  endfacet
  facet normal -1.521330e-15 1.000000e+00 6.121971e-15
    outer loop
      vertex   1.195000e+01 3.000000e+00 -3.740000e+01
      vertex   1.248405e+01 3.000000e+00 -3.733983e+01
      vertex   1.600000e+01 3.000000e+00 -4.800000e+01
    endloop
  endfacet
  facet normal -5.081987e-16 1.000000e+00 6.456123e-15
    outer loop
      vertex   1.600000e+01 3.000000e+00 -4.800000e+01
      vertex   1.248405e+01 3.000000e+00 -3.733983e+01
      vertex   1.299132e+01 3.000000e+00 -3.716233e+01
    endloop
  endfacet
  facet normal 6.251661e-16 1.000000e+00 6.770759e-15
    outer loop
      vertex   1.600000e+01 3.000000e+00 -4.800000e+01
      vertex   1.299132e+01 3.000000e+00 -3.716233e+01
      vertex   1.344638e+01 3.000000e+00 -3.687640e+01
    endloop
  endfacet
  facet normal -6.378419e-16 1.000000e+00 6.480813e-15
    outer loop
      vertex   1.344638e+01 3.000000e+00 -3.687640e+01
      vertex   1.382640e+01 3.000000e+00 -3.649638e+01
      vertex   1.600000e+01 3.000000e+00 -4.800000e+01
    endloop
  endfacet
  facet normal 1.475475e-15 1.000000e+00 6.880123e-15
    outer loop
      vertex   1.600000e+01 3.000000e+00 -4.800000e+01
      vertex   1.382640e+01 3.000000e+00 -3.649638e+01
      vertex   1.411233e+01 3.000000e+00 -3.604132e+01
    endloop
  endfacet
  facet normal -1.022290e-15 1.000000e+00 6.485852e-15
    outer loop
      vertex   1.600000e+01 3.000000e+00 -4.800000e+01
      vertex   1.411233e+01 3.000000e+00 -3.604132e+01
      vertex   1.428983e+01 3.000000e+00 -3.553405e+01
    endloop
  endfacet
  facet normal 3.433310e-15 1.000000e+00 7.097104e-15
    outer loop
      vertex   1.428983e+01 3.000000e+00 -3.553405e+01
      vertex   1.435000e+01 3.000000e+00 -3.500000e+01
      vertex   1.600000e+01 3.000000e+00 -4.800000e+01
    endloop
  endfacet
  facet normal 9.647055e-17 1.000000e+00 6.891939e-15
    outer loop
      vertex   1.411233e+01 3.000000e+00 -3.395868e+01
      vertex   1.382640e+01 3.000000e+00 -3.350362e+01
      vertex   1.600000e+01 3.000000e+00 -2.200000e+01
    endloop
  endfacet
  facet normal -2.051043e-15 1.000000e+00 7.297711e-15
    outer loop
      vertex   1.600000e+01 3.000000e+00 -2.200000e+01
      vertex   1.382640e+01 3.000000e+00 -3.350362e+01
      vertex   1.344638e+01 3.000000e+00 -3.312360e+01
    endloop
  endfacet
  facet normal -5.155510e-16 1.000000e+00 6.945211e-15
    outer loop
      vertex   1.600000e+01 3.000000e+00 -2.200000e+01
      vertex   1.344638e+01 3.000000e+00 -3.312360e+01
      vertex   1.299132e+01 3.000000e+00 -3.283767e+01
    endloop
  endfacet
  facet normal -1.820265e-15 1.000000e+00 7.307416e-15
    outer loop
      vertex   1.299132e+01 3.000000e+00 -3.283767e+01
      vertex   1.248405e+01 3.000000e+00 -3.266017e+01
      vertex   1.600000e+01 3.000000e+00 -2.200000e+01
    endloop
  endfacet
  facet normal -7.312834e-17 1.000000e+00 6.731174e-15
    outer loop
      vertex   1.600000e+01 3.000000e+00 -2.200000e+01
      vertex   1.248405e+01 3.000000e+00 -3.266017e+01
      vertex   1.195000e+01 3.000000e+00 -3.260000e+01
    endloop
  endfacet
  facet normal 3.935456e-29 1.000000e+00 7.468724e-15
    outer loop
      vertex   1.195000e+01 3.000000e+00 -3.260000e+01
      vertex   9.253058e+00 3.000000e+00 -3.260000e+01
      vertex   7.990269e+00 3.000000e+00 -1.832964e+01
    endloop
  endfacet
  facet normal 1.000000e+00 9.814126e-16 -3.789561e-14
    outer loop
      vertex   -7.000000e+00 1.810000e+01 -1.450000e+01
      vertex   -7.000000e+00 1.810000e+01 -1.000000e+01
      vertex   -7.000000e+00 1.776357e-14 -1.450000e+01
    endloop
  endfacet
  facet normal 1.000000e+00 0.000000e+00 -3.394815e-14
    outer loop
      vertex   -7.000000e+00 1.776357e-14 -1.450000e+01
      vertex   -7.000000e+00 1.810000e+01 -1.000000e+01
      vertex   -7.000000e+00 0.000000e+00 -1.000000e+01
    endloop
  endfacet
  facet normal 1.000000e+00 9.814126e-16 3.394815e-14
    outer loop
      vertex   -7.000000e+00 3.197442e-13 -5.550000e+01
      vertex   -7.000000e+00 0.000000e+00 -6.000000e+01
      vertex   -7.000000e+00 1.810000e+01 -5.550000e+01
    endloop
  endfacet
  facet normal 1.000000e+00 0.000000e+00 3.789561e-14
    outer loop
      vertex   -7.000000e+00 1.810000e+01 -5.550000e+01
      vertex   -7.000000e+00 0.000000e+00 -6.000000e+01
      vertex   -7.000000e+00 1.810000e+01 -6.000000e+01
    endloop
  endfacet
  facet normal -8.564646e-17 1.205367e-01 -9.927089e-01
    outer loop
      vertex   -5.000000e+00 1.005940e+01 -1.800957e+01
      vertex   -1.000000e+01 1.005940e+01 -1.800957e+01
      vertex   -5.000000e+00 1.055000e+01 -1.795000e+01
    endloop
  endfacet
  facet normal 6.625388e-16 1.205367e-01 -9.927089e-01
    outer loop
      vertex   -5.000000e+00 1.055000e+01 -1.795000e+01
      vertex   -1.000000e+01 1.005940e+01 -1.800957e+01
      vertex   -1.000000e+01 1.055000e+01 -1.795000e+01
    endloop
  endfacet
  facet normal 7.481853e-16 -1.205367e-01 -9.927089e-01
    outer loop
      vertex   -5.000000e+00 1.055000e+01 -1.795000e+01
      vertex   -1.000000e+01 1.055000e+01 -1.795000e+01
      vertex   -5.000000e+00 1.104060e+01 -1.800957e+01
    endloop
  endfacet
  facet normal 8.564646e-17 -1.205367e-01 -9.927089e-01
    outer loop
      vertex   -5.000000e+00 1.104060e+01 -1.800957e+01
      vertex   -1.000000e+01 1.055000e+01 -1.795000e+01
      vertex   -1.000000e+01 1.104060e+01 -1.800957e+01
    endloop
  endfacet
  facet normal 2.519619e-16 -3.546049e-01 -9.350162e-01
    outer loop
      vertex   -5.000000e+00 1.104060e+01 -1.800957e+01
      vertex   -1.000000e+01 1.104060e+01 -1.800957e+01
      vertex   -5.000000e+00 1.150268e+01 -1.818482e+01
    endloop
  endfacet
  facet normal 2.519619e-16 -3.546049e-01 -9.350162e-01
    outer loop
      vertex   -5.000000e+00 1.150268e+01 -1.818482e+01
      vertex   -1.000000e+01 1.104060e+01 -1.800957e+01
      vertex   -1.000000e+01 1.150268e+01 -1.818482e+01
    endloop
  endfacet
  facet normal 4.036343e-16 -5.680647e-01 -8.229839e-01
    outer loop
      vertex   -5.000000e+00 1.150268e+01 -1.818482e+01
      vertex   -1.000000e+01 1.150268e+01 -1.818482e+01
      vertex   -5.000000e+00 1.190940e+01 -1.846555e+01
    endloop
  endfacet
  facet normal 6.054514e-16 -5.680647e-01 -8.229839e-01
    outer loop
      vertex   -5.000000e+00 1.190940e+01 -1.846555e+01
      vertex   -1.000000e+01 1.150268e+01 -1.818482e+01
      vertex   -1.000000e+01 1.190940e+01 -1.846555e+01
    endloop
  endfacet
  facet normal 7.977733e-16 -7.485107e-01 -6.631227e-01
    outer loop
      vertex   -5.000000e+00 1.190940e+01 -1.846555e+01
      vertex   -1.000000e+01 1.190940e+01 -1.846555e+01
      vertex   -5.000000e+00 1.223712e+01 -1.883547e+01
    endloop
  endfacet
  facet normal 3.265963e-16 -7.485107e-01 -6.631227e-01
    outer loop
      vertex   -5.000000e+00 1.223712e+01 -1.883547e+01
      vertex   -1.000000e+01 1.190940e+01 -1.846555e+01
      vertex   -1.000000e+01 1.223712e+01 -1.883547e+01
    endloop
  endfacet
  facet normal 6.135258e-16 -8.854560e-01 -4.647232e-01
    outer loop
      vertex   -5.000000e+00 1.223712e+01 -1.883547e+01
      vertex   -1.000000e+01 1.223712e+01 -1.883547e+01
      vertex   -5.000000e+00 1.246678e+01 -1.927306e+01
    endloop
  endfacet
  facet normal 2.989487e-16 -8.854560e-01 -4.647232e-01
    outer loop
      vertex   -5.000000e+00 1.246678e+01 -1.927306e+01
      vertex   -1.000000e+01 1.223712e+01 -1.883547e+01
      vertex   -1.000000e+01 1.246678e+01 -1.927306e+01
    endloop
  endfacet
  facet normal 5.198516e-16 -9.709418e-01 -2.393157e-01
    outer loop
      vertex   -5.000000e+00 1.246678e+01 -1.927306e+01
      vertex   -1.000000e+01 1.246678e+01 -1.927306e+01
      vertex   -5.000000e+00 1.258505e+01 -1.975290e+01
    endloop
  endfacet
  facet normal 6.898957e-16 -9.709418e-01 -2.393157e-01
    outer loop
      vertex   -5.000000e+00 1.258505e+01 -1.975290e+01
      vertex   -1.000000e+01 1.246678e+01 -1.927306e+01
      vertex   -1.000000e+01 1.258505e+01 -1.975290e+01
    endloop
  endfacet
  facet normal 7.105427e-16 -1.000000e+00 -7.188812e-15
    outer loop
      vertex   -5.000000e+00 1.258505e+01 -1.975290e+01
      vertex   -1.000000e+01 1.258505e+01 -1.975290e+01
      vertex   -5.000000e+00 1.258505e+01 -2.024710e+01
    endloop
  endfacet
  facet normal 3.552714e-16 -1.000000e+00 -1.078322e-14
    outer loop
      vertex   -5.000000e+00 1.258505e+01 -2.024710e+01
      vertex   -1.000000e+01 1.258505e+01 -1.975290e+01
      vertex   -1.000000e+01 1.258505e+01 -2.024710e+01
    endloop
  endfacet
  facet normal 3.449478e-16 -9.709418e-01 2.393157e-01
    outer loop
      vertex   -5.000000e+00 1.258505e+01 -2.024710e+01
      vertex   -1.000000e+01 1.258505e+01 -2.024710e+01
      vertex   -5.000000e+00 1.246678e+01 -2.072694e+01
    endloop
  endfacet
  facet normal 5.149918e-16 -9.709418e-01 2.393157e-01
    outer loop
      vertex   -5.000000e+00 1.246678e+01 -2.072694e+01
      vertex   -1.000000e+01 1.258505e+01 -2.024710e+01
      vertex   -1.000000e+01 1.246678e+01 -2.072694e+01
    endloop
  endfacet
  facet normal 6.447828e-16 -8.854560e-01 4.647232e-01
    outer loop
      vertex   -5.000000e+00 1.246678e+01 -2.072694e+01
      vertex   -1.000000e+01 1.246678e+01 -2.072694e+01
      vertex   -5.000000e+00 1.223712e+01 -2.116453e+01
    endloop
  endfacet
  facet normal 6.291543e-16 -8.854560e-01 4.647232e-01
    outer loop
      vertex   -5.000000e+00 1.223712e+01 -2.116453e+01
      vertex   -1.000000e+01 1.246678e+01 -2.072694e+01
      vertex   -1.000000e+01 1.223712e+01 -2.116453e+01
    endloop
  endfacet
  facet normal 5.318489e-16 -7.485107e-01 6.631227e-01
    outer loop
      vertex   -5.000000e+00 1.223712e+01 -2.116453e+01
      vertex   -1.000000e+01 1.223712e+01 -2.116453e+01
      vertex   -5.000000e+00 1.190940e+01 -2.153445e+01
    endloop
  endfacet
  facet normal 2.659244e-16 -7.485107e-01 6.631227e-01
    outer loop
      vertex   -5.000000e+00 1.190940e+01 -2.153445e+01
      vertex   -1.000000e+01 1.223712e+01 -2.116453e+01
      vertex   -1.000000e+01 1.190940e+01 -2.153445e+01
    endloop
  endfacet
  facet normal 2.018171e-16 -5.680647e-01 8.229839e-01
    outer loop
      vertex   -5.000000e+00 1.190940e+01 -2.153445e+01
      vertex   -1.000000e+01 1.190940e+01 -2.153445e+01
      vertex   -5.000000e+00 1.150268e+01 -2.181518e+01
    endloop
  endfacet
  facet normal 2.018171e-16 -5.680647e-01 8.229839e-01
    outer loop
      vertex   -5.000000e+00 1.150268e+01 -2.181518e+01
      vertex   -1.000000e+01 1.190940e+01 -2.153445e+01
      vertex   -1.000000e+01 1.150268e+01 -2.181518e+01
    endloop
  endfacet
  facet normal 1.259810e-16 -3.546049e-01 9.350162e-01
    outer loop
      vertex   -5.000000e+00 1.150268e+01 -2.181518e+01
      vertex   -1.000000e+01 1.150268e+01 -2.181518e+01
      vertex   -5.000000e+00 1.104060e+01 -2.199043e+01
    endloop
  endfacet
  facet normal 1.259810e-16 -3.546049e-01 9.350162e-01
    outer loop
      vertex   -5.000000e+00 1.104060e+01 -2.199043e+01
      vertex   -1.000000e+01 1.150268e+01 -2.181518e+01
      vertex   -1.000000e+01 1.104060e+01 -2.199043e+01
    endloop
  endfacet
  facet normal 4.282323e-17 -1.205367e-01 9.927089e-01
    outer loop
      vertex   -5.000000e+00 1.104060e+01 -2.199043e+01
      vertex   -1.000000e+01 1.104060e+01 -2.199043e+01
      vertex   -5.000000e+00 1.055000e+01 -2.205000e+01
    endloop
  endfacet
  facet normal 0.000000e+00 -1.205367e-01 9.927089e-01
    outer loop
      vertex   -5.000000e+00 1.055000e+01 -2.205000e+01
      vertex   -1.000000e+01 1.104060e+01 -2.199043e+01
      vertex   -1.000000e+01 1.055000e+01 -2.205000e+01
    endloop
  endfacet
  facet normal 0.000000e+00 1.205367e-01 9.927089e-01
    outer loop
      vertex   -5.000000e+00 1.055000e+01 -2.205000e+01
      vertex   -1.000000e+01 1.055000e+01 -2.205000e+01
      vertex   -5.000000e+00 1.005940e+01 -2.199043e+01
    endloop
  endfacet
  facet normal 0.000000e+00 1.205367e-01 9.927089e-01
    outer loop
      vertex   -5.000000e+00 1.005940e+01 -2.199043e+01
      vertex   -1.000000e+01 1.055000e+01 -2.205000e+01
      vertex   -1.000000e+01 1.005940e+01 -2.199043e+01
    endloop
  endfacet
  facet normal 0.000000e+00 3.546049e-01 9.350162e-01
    outer loop
      vertex   -5.000000e+00 1.005940e+01 -2.199043e+01
      vertex   -1.000000e+01 1.005940e+01 -2.199043e+01
      vertex   -5.000000e+00 9.597317e+00 -2.181518e+01
    endloop
  endfacet
  facet normal -6.643690e-16 3.546049e-01 9.350162e-01
    outer loop
      vertex   -5.000000e+00 9.597317e+00 -2.181518e+01
      vertex   -1.000000e+01 1.005940e+01 -2.199043e+01
      vertex   -1.000000e+01 9.597317e+00 -2.181518e+01
    endloop
  endfacet
  facet normal -5.847652e-16 5.680647e-01 8.229839e-01
    outer loop
      vertex   -5.000000e+00 9.597317e+00 -2.181518e+01
      vertex   -1.000000e+01 9.597317e+00 -2.181518e+01
      vertex   -5.000000e+00 9.190599e+00 -2.153445e+01
    endloop
  endfacet
  facet normal -7.865823e-16 5.680647e-01 8.229839e-01
    outer loop
      vertex   -5.000000e+00 9.190599e+00 -2.153445e+01
      vertex   -1.000000e+01 9.597317e+00 -2.181518e+01
      vertex   -1.000000e+01 9.190599e+00 -2.153445e+01
    endloop
  endfacet
  facet normal -7.371014e-16 7.485107e-01 6.631227e-01
    outer loop
      vertex   -5.000000e+00 9.190599e+00 -2.153445e+01
      vertex   -1.000000e+01 9.190599e+00 -2.153445e+01
      vertex   -5.000000e+00 8.862883e+00 -2.116453e+01
    endloop
  endfacet
  facet normal -4.711770e-16 7.485107e-01 6.631227e-01
    outer loop
      vertex   -5.000000e+00 8.862883e+00 -2.116453e+01
      vertex   -1.000000e+01 9.190599e+00 -2.153445e+01
      vertex   -1.000000e+01 8.862883e+00 -2.116453e+01
    endloop
  endfacet
  facet normal -3.302057e-16 8.854560e-01 4.647232e-01
    outer loop
      vertex   -5.000000e+00 8.862883e+00 -2.116453e+01
      vertex   -1.000000e+01 8.862883e+00 -2.116453e+01
      vertex   -5.000000e+00 8.633217e+00 -2.072694e+01
    endloop
  endfacet
  facet normal -3.145772e-16 8.854560e-01 4.647232e-01
    outer loop
      vertex   -5.000000e+00 8.633217e+00 -2.072694e+01
      vertex   -1.000000e+01 8.862883e+00 -2.116453e+01
      vertex   -1.000000e+01 8.633217e+00 -2.072694e+01
    endloop
  endfacet
  facet normal -3.449478e-16 9.709418e-01 2.393157e-01
    outer loop
      vertex   -5.000000e+00 8.633217e+00 -2.072694e+01
      vertex   -1.000000e+01 8.633217e+00 -2.072694e+01
      vertex   -5.000000e+00 8.514947e+00 -2.024710e+01
    endloop
  endfacet
  facet normal -3.449478e-16 9.709418e-01 2.393157e-01
    outer loop
      vertex   -5.000000e+00 8.514947e+00 -2.024710e+01
      vertex   -1.000000e+01 8.633217e+00 -2.072694e+01
      vertex   -1.000000e+01 8.514947e+00 -2.024710e+01
    endloop
  endfacet
  facet normal -3.552714e-16 1.000000e+00 7.188812e-15
    outer loop
      vertex   -5.000000e+00 8.514947e+00 -2.024710e+01
      vertex   -1.000000e+01 8.514947e+00 -2.024710e+01
      vertex   -5.000000e+00 8.514947e+00 -1.975290e+01
    endloop
  endfacet
  facet normal -3.552714e-16 1.000000e+00 7.188812e-15
    outer loop
      vertex   -5.000000e+00 8.514947e+00 -1.975290e+01
      vertex   -1.000000e+01 8.514947e+00 -2.024710e+01
      vertex   -1.000000e+01 8.514947e+00 -1.975290e+01
    endloop
  endfacet
  facet normal -3.449478e-16 9.709418e-01 -2.393157e-01
    outer loop
      vertex   -5.000000e+00 8.514947e+00 -1.975290e+01
      vertex   -1.000000e+01 8.514947e+00 -1.975290e+01
      vertex   -5.000000e+00 8.633217e+00 -1.927306e+01
    endloop
  endfacet
  facet normal -3.449478e-16 9.709418e-01 -2.393157e-01
    outer loop
      vertex   -5.000000e+00 8.633217e+00 -1.927306e+01
      vertex   -1.000000e+01 8.514947e+00 -1.975290e+01
      vertex   -1.000000e+01 8.633217e+00 -1.927306e+01
    endloop
  endfacet
  facet normal -3.145772e-16 8.854560e-01 -4.647232e-01
    outer loop
      vertex   -5.000000e+00 8.633217e+00 -1.927306e+01
      vertex   -1.000000e+01 8.633217e+00 -1.927306e+01
      vertex   -5.000000e+00 8.862883e+00 -1.883547e+01
    endloop
  endfacet
  facet normal -6.291543e-16 8.854560e-01 -4.647232e-01
    outer loop
      vertex   -5.000000e+00 8.862883e+00 -1.883547e+01
      vertex   -1.000000e+01 8.633217e+00 -1.927306e+01
      vertex   -1.000000e+01 8.862883e+00 -1.883547e+01
    endloop
  endfacet
  facet normal -5.318489e-16 7.485107e-01 -6.631227e-01
    outer loop
      vertex   -5.000000e+00 8.862883e+00 -1.883547e+01
      vertex   -1.000000e+01 8.862883e+00 -1.883547e+01
      vertex   -5.000000e+00 9.190599e+00 -1.846555e+01
    endloop
  endfacet
  facet normal -5.318489e-16 7.485107e-01 -6.631227e-01
    outer loop
      vertex   -5.000000e+00 9.190599e+00 -1.846555e+01
      vertex   -1.000000e+01 8.862883e+00 -1.883547e+01
      vertex   -1.000000e+01 9.190599e+00 -1.846555e+01
    endloop
  endfacet
  facet normal -4.036343e-16 5.680647e-01 -8.229839e-01
    outer loop
      vertex   -5.000000e+00 9.190599e+00 -1.846555e+01
      vertex   -1.000000e+01 9.190599e+00 -1.846555e+01
      vertex   -5.000000e+00 9.597317e+00 -1.818482e+01
    endloop
  endfacet
  facet normal -4.036343e-16 5.680647e-01 -8.229839e-01
    outer loop
      vertex   -5.000000e+00 9.597317e+00 -1.818482e+01
      vertex   -1.000000e+01 9.190599e+00 -1.846555e+01
      vertex   -1.000000e+01 9.597317e+00 -1.818482e+01
    endloop
  endfacet
  facet normal -2.519619e-16 3.546049e-01 -9.350162e-01
    outer loop
      vertex   -5.000000e+00 9.597317e+00 -1.818482e+01
      vertex   -1.000000e+01 9.597317e+00 -1.818482e+01
      vertex   -5.000000e+00 1.005940e+01 -1.800957e+01
    endloop
  endfacet
  facet normal -2.519619e-16 3.546049e-01 -9.350162e-01
    outer loop
      vertex   -5.000000e+00 1.005940e+01 -1.800957e+01
      vertex   -1.000000e+01 9.597317e+00 -1.818482e+01
      vertex   -1.000000e+01 1.005940e+01 -1.800957e+01
    endloop
  endfacet
  facet normal -1.068138e-15 1.205367e-01 -9.927089e-01
    outer loop
      vertex   -5.000000e+00 1.005940e+01 -4.800957e+01
      vertex   -1.000000e+01 1.005940e+01 -4.800957e+01
      vertex   -5.000000e+00 1.055000e+01 -4.795000e+01
    endloop
  endfacet
  facet normal -4.282323e-17 1.205367e-01 -9.927089e-01
    outer loop
      vertex   -5.000000e+00 1.055000e+01 -4.795000e+01
      vertex   -1.000000e+01 1.005940e+01 -4.800957e+01
      vertex   -1.000000e+01 1.055000e+01 -4.795000e+01
    endloop
  endfacet
  facet normal 4.282323e-17 -1.205367e-01 -9.927089e-01
    outer loop
      vertex   -5.000000e+00 1.055000e+01 -4.795000e+01
      vertex   -1.000000e+01 1.055000e+01 -4.795000e+01
      vertex   -5.000000e+00 1.104060e+01 -4.800957e+01
    endloop
  endfacet
  facet normal 1.110962e-15 -1.205367e-01 -9.927089e-01
    outer loop
      vertex   -5.000000e+00 1.104060e+01 -4.800957e+01
      vertex   -1.000000e+01 1.055000e+01 -4.795000e+01
      vertex   -1.000000e+01 1.104060e+01 -4.800957e+01
    endloop
  endfacet
  facet normal 4.468713e-16 -3.546049e-01 -9.350162e-01
    outer loop
      vertex   -5.000000e+00 1.104060e+01 -4.800957e+01
      vertex   -1.000000e+01 1.104060e+01 -4.800957e+01
      vertex   -5.000000e+00 1.150268e+01 -4.818482e+01
    endloop
  endfacet
  facet normal 4.468713e-16 -3.546049e-01 -9.350162e-01
    outer loop
      vertex   -5.000000e+00 1.150268e+01 -4.818482e+01
      vertex   -1.000000e+01 1.104060e+01 -4.800957e+01
      vertex   -1.000000e+01 1.150268e+01 -4.818482e+01
    endloop
  endfacet
  facet normal -2.431896e-16 -5.680647e-01 -8.229839e-01
    outer loop
      vertex   -5.000000e+00 1.150268e+01 -4.818482e+01
      vertex   -1.000000e+01 1.150268e+01 -4.818482e+01
      vertex   -5.000000e+00 1.190940e+01 -4.846555e+01
    endloop
  endfacet
  facet normal -4.137242e-17 -5.680647e-01 -8.229839e-01
    outer loop
      vertex   -5.000000e+00 1.190940e+01 -4.846555e+01
      vertex   -1.000000e+01 1.150268e+01 -4.818482e+01
      vertex   -1.000000e+01 1.190940e+01 -4.846555e+01
    endloop
  endfacet
  facet normal -6.531926e-16 -7.485107e-01 -6.631227e-01
    outer loop
      vertex   -5.000000e+00 1.190940e+01 -4.846555e+01
      vertex   -1.000000e+01 1.190940e+01 -4.846555e+01
      vertex   -5.000000e+00 1.223712e+01 -4.883547e+01
    endloop
  endfacet
  facet normal 8.210102e-16 -7.485107e-01 -6.631227e-01
    outer loop
      vertex   -5.000000e+00 1.223712e+01 -4.883547e+01
      vertex   -1.000000e+01 1.190940e+01 -4.846555e+01
      vertex   -1.000000e+01 1.223712e+01 -4.883547e+01
    endloop
  endfacet
  facet normal 6.251400e-17 -8.854560e-01 -4.647232e-01
    outer loop
      vertex   -5.000000e+00 1.223712e+01 -4.883547e+01
      vertex   -1.000000e+01 1.223712e+01 -4.883547e+01
      vertex   -5.000000e+00 1.246678e+01 -4.927306e+01
    endloop
  endfacet
  facet normal 6.916683e-16 -8.854560e-01 -4.647232e-01
    outer loop
      vertex   -5.000000e+00 1.246678e+01 -4.927306e+01
      vertex   -1.000000e+01 1.223712e+01 -4.883547e+01
      vertex   -1.000000e+01 1.246678e+01 -4.927306e+01
    endloop
  endfacet
  facet normal -9.719628e-18 -9.709418e-01 -2.393157e-01
    outer loop
      vertex   -5.000000e+00 1.246678e+01 -4.927306e+01
      vertex   -1.000000e+01 1.246678e+01 -4.927306e+01
      vertex   -5.000000e+00 1.258505e+01 -4.975290e+01
    endloop
  endfacet
  facet normal 3.400880e-16 -9.709418e-01 -2.393157e-01
    outer loop
      vertex   -5.000000e+00 1.258505e+01 -4.975290e+01
      vertex   -1.000000e+01 1.246678e+01 -4.927306e+01
      vertex   -1.000000e+01 1.258505e+01 -4.975290e+01
    endloop
  endfacet
  facet normal 1.021592e-29 -1.000000e+00 -7.188812e-15
    outer loop
      vertex   -5.000000e+00 1.258505e+01 -4.975290e+01
      vertex   -1.000000e+01 1.258505e+01 -4.975290e+01
      vertex   -5.000000e+00 1.258505e+01 -5.024710e+01
    endloop
  endfacet
  facet normal 7.105427e-16 -1.000000e+00 0.000000e+00
    outer loop
      vertex   -5.000000e+00 1.258505e+01 -5.024710e+01
      vertex   -1.000000e+01 1.258505e+01 -4.975290e+01
      vertex   -1.000000e+01 1.258505e+01 -5.024710e+01
    endloop
  endfacet
  facet normal -3.303684e-16 -9.709418e-01 2.393157e-01
    outer loop
      vertex   -5.000000e+00 1.258505e+01 -5.024710e+01
      vertex   -1.000000e+01 1.258505e+01 -5.024710e+01
      vertex   -5.000000e+00 1.246678e+01 -5.072694e+01
    endloop
  endfacet
  facet normal 1.457944e-17 -9.709418e-01 2.393157e-01
    outer loop
      vertex   -5.000000e+00 1.246678e+01 -5.072694e+01
      vertex   -1.000000e+01 1.258505e+01 -5.024710e+01
      vertex   -1.000000e+01 1.246678e+01 -5.072694e+01
    endloop
  endfacet
  facet normal -1.037503e-15 -8.854560e-01 4.647232e-01
    outer loop
      vertex   -5.000000e+00 1.246678e+01 -5.072694e+01
      vertex   -1.000000e+01 1.246678e+01 -5.072694e+01
      vertex   -5.000000e+00 1.223712e+01 -5.116453e+01
    endloop
  endfacet
  facet normal 1.227052e-15 -8.854560e-01 4.647232e-01
    outer loop
      vertex   -5.000000e+00 1.223712e+01 -5.116453e+01
      vertex   -1.000000e+01 1.246678e+01 -5.072694e+01
      vertex   -1.000000e+01 1.223712e+01 -5.116453e+01
    endloop
  endfacet
  facet normal 6.531926e-16 -7.485107e-01 6.631227e-01
    outer loop
      vertex   -5.000000e+00 1.223712e+01 -5.116453e+01
      vertex   -1.000000e+01 1.223712e+01 -5.116453e+01
      vertex   -5.000000e+00 1.190940e+01 -5.153445e+01
    endloop
  endfacet
  facet normal 9.191171e-16 -7.485107e-01 6.631227e-01
    outer loop
      vertex   -5.000000e+00 1.190940e+01 -5.153445e+01
      vertex   -1.000000e+01 1.223712e+01 -5.116453e+01
      vertex   -1.000000e+01 1.190940e+01 -5.153445e+01
    endloop
  endfacet
  facet normal 2.431896e-16 -5.680647e-01 8.229839e-01
    outer loop
      vertex   -5.000000e+00 1.190940e+01 -5.153445e+01
      vertex   -1.000000e+01 1.190940e+01 -5.153445e+01
      vertex   -5.000000e+00 1.150268e+01 -5.181518e+01
    endloop
  endfacet
  facet normal -5.227066e-16 -5.680647e-01 8.229839e-01
    outer loop
      vertex   -5.000000e+00 1.150268e+01 -5.181518e+01
      vertex   -1.000000e+01 1.190940e+01 -5.153445e+01
      vertex   -1.000000e+01 1.150268e+01 -5.181518e+01
    endloop
  endfacet
  facet normal -1.523647e-15 -3.546049e-01 9.350162e-01
    outer loop
      vertex   -5.000000e+00 1.150268e+01 -5.181518e+01
      vertex   -1.000000e+01 1.150268e+01 -5.181518e+01
      vertex   -5.000000e+00 1.104060e+01 -5.199043e+01
    endloop
  endfacet
  facet normal 1.259810e-15 -3.546049e-01 9.350162e-01
    outer loop
      vertex   -5.000000e+00 1.104060e+01 -5.199043e+01
      vertex   -1.000000e+01 1.150268e+01 -5.181518e+01
      vertex   -1.000000e+01 1.104060e+01 -5.199043e+01
    endloop
  endfacet
  facet normal 4.282323e-16 -1.205367e-01 9.927089e-01
    outer loop
      vertex   -5.000000e+00 1.104060e+01 -5.199043e+01
      vertex   -1.000000e+01 1.104060e+01 -5.199043e+01
      vertex   -5.000000e+00 1.055000e+01 -5.205000e+01
    endloop
  endfacet
  facet normal 4.282323e-16 -1.205367e-01 9.927089e-01
    outer loop
      vertex   -5.000000e+00 1.055000e+01 -5.205000e+01
      vertex   -1.000000e+01 1.104060e+01 -5.199043e+01
      vertex   -1.000000e+01 1.055000e+01 -5.205000e+01
    endloop
  endfacet
  facet normal -4.282323e-16 1.205367e-01 9.927089e-01
    outer loop
      vertex   -5.000000e+00 1.055000e+01 -5.205000e+01
      vertex   -1.000000e+01 1.055000e+01 -5.205000e+01
      vertex   -5.000000e+00 1.005940e+01 -5.199043e+01
    endloop
  endfacet
  facet normal 9.824918e-16 1.205367e-01 9.927089e-01
    outer loop
      vertex   -5.000000e+00 1.005940e+01 -5.199043e+01
      vertex   -1.000000e+01 1.055000e+01 -5.205000e+01
      vertex   -1.000000e+01 1.005940e+01 -5.199043e+01
    endloop
  endfacet
  facet normal 6.892837e-17 3.546049e-01 9.350162e-01
    outer loop
      vertex   -5.000000e+00 1.005940e+01 -5.199043e+01
      vertex   -1.000000e+01 1.005940e+01 -5.199043e+01
      vertex   -5.000000e+00 9.597317e+00 -5.181518e+01
    endloop
  endfacet
  facet normal 3.208903e-16 3.546049e-01 9.350162e-01
    outer loop
      vertex   -5.000000e+00 9.597317e+00 -5.181518e+01
      vertex   -1.000000e+01 1.005940e+01 -5.199043e+01
      vertex   -1.000000e+01 9.597317e+00 -5.181518e+01
    endloop
  endfacet
  facet normal -4.450067e-16 5.680647e-01 8.229839e-01
    outer loop
      vertex   -5.000000e+00 9.597317e+00 -5.181518e+01
      vertex   -1.000000e+01 9.597317e+00 -5.181518e+01
      vertex   -5.000000e+00 9.190599e+00 -5.153445e+01
    endloop
  endfacet
  facet normal -4.450067e-16 5.680647e-01 8.229839e-01
    outer loop
      vertex   -5.000000e+00 9.190599e+00 -5.153445e+01
      vertex   -1.000000e+01 9.597317e+00 -5.181518e+01
      vertex   -1.000000e+01 9.190599e+00 -5.153445e+01
    endloop
  endfacet
  facet normal -1.185042e-15 7.485107e-01 6.631227e-01
    outer loop
      vertex   -5.000000e+00 9.190599e+00 -5.153445e+01
      vertex   -1.000000e+01 9.190599e+00 -5.153445e+01
      vertex   -5.000000e+00 8.862883e+00 -5.116453e+01
    endloop
  endfacet
  facet normal 2.891613e-16 7.485107e-01 6.631227e-01
    outer loop
      vertex   -5.000000e+00 8.862883e+00 -5.116453e+01
      vertex   -1.000000e+01 9.190599e+00 -5.153445e+01
      vertex   -1.000000e+01 8.862883e+00 -5.116453e+01
    endloop
  endfacet
  facet normal -5.666403e-16 8.854560e-01 4.647232e-01
    outer loop
      vertex   -5.000000e+00 8.862883e+00 -5.116453e+01
      vertex   -1.000000e+01 8.862883e+00 -5.116453e+01
      vertex   -5.000000e+00 8.633217e+00 -5.072694e+01
    endloop
  endfacet
  facet normal -2.520632e-16 8.854560e-01 4.647232e-01
    outer loop
      vertex   -5.000000e+00 8.633217e+00 -5.072694e+01
      vertex   -1.000000e+01 8.862883e+00 -5.116453e+01
      vertex   -1.000000e+01 8.633217e+00 -5.072694e+01
    endloop
  endfacet
  facet normal -1.044563e-15 9.709418e-01 2.393157e-01
    outer loop
      vertex   -5.000000e+00 8.633217e+00 -5.072694e+01
      vertex   -1.000000e+01 8.633217e+00 -5.072694e+01
      vertex   -5.000000e+00 8.514947e+00 -5.024710e+01
    endloop
  endfacet
  facet normal -9.719628e-18 9.709418e-01 2.393157e-01
    outer loop
      vertex   -5.000000e+00 8.514947e+00 -5.024710e+01
      vertex   -1.000000e+01 8.633217e+00 -5.072694e+01
      vertex   -1.000000e+01 8.514947e+00 -5.024710e+01
    endloop
  endfacet
  facet normal -7.105427e-16 1.000000e+00 1.078322e-14
    outer loop
      vertex   -5.000000e+00 8.514947e+00 -5.024710e+01
      vertex   -1.000000e+01 8.514947e+00 -5.024710e+01
      vertex   -5.000000e+00 8.514947e+00 -4.975290e+01
    endloop
  endfacet
  facet normal 1.532387e-29 1.000000e+00 3.594406e-15
    outer loop
      vertex   -5.000000e+00 8.514947e+00 -4.975290e+01
      vertex   -1.000000e+01 8.514947e+00 -5.024710e+01
      vertex   -1.000000e+01 8.514947e+00 -4.975290e+01
    endloop
  endfacet
  facet normal -1.020264e-15 9.709418e-01 -2.393157e-01
    outer loop
      vertex   -5.000000e+00 8.514947e+00 -4.975290e+01
      vertex   -1.000000e+01 8.514947e+00 -4.975290e+01
      vertex   -5.000000e+00 8.633217e+00 -4.927306e+01
    endloop
  endfacet
  facet normal -6.753162e-16 9.709418e-01 -2.393157e-01
    outer loop
      vertex   -5.000000e+00 8.633217e+00 -4.927306e+01
      vertex   -1.000000e+01 8.514947e+00 -4.975290e+01
      vertex   -1.000000e+01 8.633217e+00 -4.927306e+01
    endloop
  endfacet
  facet normal -1.666657e-15 8.854560e-01 -4.647232e-01
    outer loop
      vertex   -5.000000e+00 8.633217e+00 -4.927306e+01
      vertex   -1.000000e+01 8.633217e+00 -4.927306e+01
      vertex   -5.000000e+00 8.862883e+00 -4.883547e+01
    endloop
  endfacet
  facet normal 2.833202e-16 8.854560e-01 -4.647232e-01
    outer loop
      vertex   -5.000000e+00 8.862883e+00 -4.883547e+01
      vertex   -1.000000e+01 8.633217e+00 -4.927306e+01
      vertex   -1.000000e+01 8.862883e+00 -4.883547e+01
    endloop
  endfacet
  facet normal -1.445807e-16 7.485107e-01 -6.631227e-01
    outer loop
      vertex   -5.000000e+00 8.862883e+00 -4.883547e+01
      vertex   -1.000000e+01 8.862883e+00 -4.883547e+01
      vertex   -5.000000e+00 9.190599e+00 -4.846555e+01
    endloop
  endfacet
  facet normal 6.531926e-16 7.485107e-01 -6.631227e-01
    outer loop
      vertex   -5.000000e+00 9.190599e+00 -4.846555e+01
      vertex   -1.000000e+01 8.862883e+00 -4.883547e+01
      vertex   -1.000000e+01 9.190599e+00 -4.846555e+01
    endloop
  endfacet
  facet normal 4.137242e-17 5.680647e-01 -8.229839e-01
    outer loop
      vertex   -5.000000e+00 9.190599e+00 -4.846555e+01
      vertex   -1.000000e+01 9.190599e+00 -4.846555e+01
      vertex   -5.000000e+00 9.597317e+00 -4.818482e+01
    endloop
  endfacet
  facet normal -9.263409e-16 5.680647e-01 -8.229839e-01
    outer loop
      vertex   -5.000000e+00 9.597317e+00 -4.818482e+01
      vertex   -1.000000e+01 9.190599e+00 -4.846555e+01
      vertex   -1.000000e+01 9.597317e+00 -4.818482e+01
    endloop
  endfacet
  facet normal -1.775609e-15 3.546049e-01 -9.350162e-01
    outer loop
      vertex   -5.000000e+00 9.597317e+00 -4.818482e+01
      vertex   -1.000000e+01 9.597317e+00 -4.818482e+01
      vertex   -5.000000e+00 1.005940e+01 -4.800957e+01
    endloop
  endfacet
  facet normal -3.208903e-16 3.546049e-01 -9.350162e-01
    outer loop
      vertex   -5.000000e+00 1.005940e+01 -4.800957e+01
      vertex   -1.000000e+01 9.597317e+00 -4.818482e+01
      vertex   -1.000000e+01 1.005940e+01 -4.800957e+01
    endloop
  endfacet
  facet normal -8.564646e-17 1.205367e-01 -9.927089e-01
    outer loop
      vertex   -5.000000e+00 1.005940e+01 -3.300957e+01
      vertex   -1.000000e+01 1.005940e+01 -3.300957e+01
      vertex   -5.000000e+00 1.055000e+01 -3.295000e+01
    endloop
  endfacet
  facet normal -4.282323e-17 1.205367e-01 -9.927089e-01
    outer loop
      vertex   -5.000000e+00 1.055000e+01 -3.295000e+01
      vertex   -1.000000e+01 1.005940e+01 -3.300957e+01
      vertex   -1.000000e+01 1.055000e+01 -3.295000e+01
    endloop
  endfacet
  facet normal 4.282323e-17 -1.205367e-01 -9.927089e-01
    outer loop
      vertex   -5.000000e+00 1.055000e+01 -3.295000e+01
      vertex   -1.000000e+01 1.055000e+01 -3.295000e+01
      vertex   -5.000000e+00 1.104060e+01 -3.300957e+01
    endloop
  endfacet
  facet normal 8.564646e-17 -1.205367e-01 -9.927089e-01
    outer loop
      vertex   -5.000000e+00 1.104060e+01 -3.300957e+01
      vertex   -1.000000e+01 1.055000e+01 -3.295000e+01
      vertex   -1.000000e+01 1.104060e+01 -3.300957e+01
    endloop
  endfacet
  facet normal 2.519619e-16 -3.546049e-01 -9.350162e-01
    outer loop
      vertex   -5.000000e+00 1.104060e+01 -3.300957e+01
      vertex   -1.000000e+01 1.104060e+01 -3.300957e+01
      vertex   -5.000000e+00 1.150268e+01 -3.318482e+01
    endloop
  endfacet
  facet normal -1.076776e-15 -3.546049e-01 -9.350162e-01
    outer loop
      vertex   -5.000000e+00 1.150268e+01 -3.318482e+01
      vertex   -1.000000e+01 1.104060e+01 -3.300957e+01
      vertex   -1.000000e+01 1.150268e+01 -3.318482e+01
    endloop
  endfacet
  facet normal -7.658961e-16 -5.680647e-01 -8.229839e-01
    outer loop
      vertex   -5.000000e+00 1.150268e+01 -3.318482e+01
      vertex   -1.000000e+01 1.150268e+01 -3.318482e+01
      vertex   -5.000000e+00 1.190940e+01 -3.346555e+01
    endloop
  endfacet
  facet normal 4.036343e-16 -5.680647e-01 -8.229839e-01
    outer loop
      vertex   -5.000000e+00 1.190940e+01 -3.346555e+01
      vertex   -1.000000e+01 1.150268e+01 -3.318482e+01
      vertex   -1.000000e+01 1.190940e+01 -3.346555e+01
    endloop
  endfacet
  facet normal 5.318489e-16 -7.485107e-01 -6.631227e-01
    outer loop
      vertex   -5.000000e+00 1.190940e+01 -3.346555e+01
      vertex   -1.000000e+01 1.190940e+01 -3.346555e+01
      vertex   -5.000000e+00 1.223712e+01 -3.383547e+01
    endloop
  endfacet
  facet normal -4.105051e-16 -7.485107e-01 -6.631227e-01
    outer loop
      vertex   -5.000000e+00 1.223712e+01 -3.383547e+01
      vertex   -1.000000e+01 1.190940e+01 -3.346555e+01
      vertex   -1.000000e+01 1.223712e+01 -3.383547e+01
    endloop
  endfacet
  facet normal -3.125700e-17 -8.854560e-01 -4.647232e-01
    outer loop
      vertex   -5.000000e+00 1.223712e+01 -3.383547e+01
      vertex   -1.000000e+01 1.223712e+01 -3.383547e+01
      vertex   -5.000000e+00 1.246678e+01 -3.427306e+01
    endloop
  endfacet
  facet normal 6.291543e-16 -8.854560e-01 -4.647232e-01
    outer loop
      vertex   -5.000000e+00 1.246678e+01 -3.427306e+01
      vertex   -1.000000e+01 1.223712e+01 -3.383547e+01
      vertex   -1.000000e+01 1.246678e+01 -3.427306e+01
    endloop
  endfacet
  facet normal 6.898957e-16 -9.709418e-01 -2.393157e-01
    outer loop
      vertex   -5.000000e+00 1.246678e+01 -3.427306e+01
      vertex   -1.000000e+01 1.246678e+01 -3.427306e+01
      vertex   -5.000000e+00 1.258505e+01 -3.475290e+01
    endloop
  endfacet
  facet normal 6.898957e-16 -9.709418e-01 -2.393157e-01
    outer loop
      vertex   -5.000000e+00 1.258505e+01 -3.475290e+01
      vertex   -1.000000e+01 1.246678e+01 -3.427306e+01
      vertex   -1.000000e+01 1.258505e+01 -3.475290e+01
    endloop
  endfacet
  facet normal 7.105427e-16 -1.000000e+00 -7.188812e-15
    outer loop
      vertex   -5.000000e+00 1.258505e+01 -3.475290e+01
      vertex   -1.000000e+01 1.258505e+01 -3.475290e+01
      vertex   -5.000000e+00 1.258505e+01 -3.524710e+01
    endloop
  endfacet
  facet normal 3.552714e-16 -1.000000e+00 -1.078322e-14
    outer loop
      vertex   -5.000000e+00 1.258505e+01 -3.524710e+01
      vertex   -1.000000e+01 1.258505e+01 -3.475290e+01
      vertex   -1.000000e+01 1.258505e+01 -3.524710e+01
    endloop
  endfacet
  facet normal 3.449478e-16 -9.709418e-01 2.393157e-01
    outer loop
      vertex   -5.000000e+00 1.258505e+01 -3.524710e+01
      vertex   -1.000000e+01 1.258505e+01 -3.524710e+01
      vertex   -5.000000e+00 1.246678e+01 -3.572694e+01
    endloop
  endfacet
  facet normal 6.850358e-16 -9.709418e-01 2.393157e-01
    outer loop
      vertex   -5.000000e+00 1.246678e+01 -3.572694e+01
      vertex   -1.000000e+01 1.258505e+01 -3.524710e+01
      vertex   -1.000000e+01 1.246678e+01 -3.572694e+01
    endloop
  endfacet
  facet normal 9.749885e-16 -8.854560e-01 4.647232e-01
    outer loop
      vertex   -5.000000e+00 1.246678e+01 -3.572694e+01
      vertex   -1.000000e+01 1.246678e+01 -3.572694e+01
      vertex   -5.000000e+00 1.223712e+01 -3.616453e+01
    endloop
  endfacet
  facet normal 0.000000e+00 -8.854560e-01 4.647232e-01
    outer loop
      vertex   -5.000000e+00 1.223712e+01 -3.616453e+01
      vertex   -1.000000e+01 1.246678e+01 -3.572694e+01
      vertex   -1.000000e+01 1.223712e+01 -3.616453e+01
    endloop
  endfacet
  facet normal 0.000000e+00 -7.485107e-01 6.631227e-01
    outer loop
      vertex   -5.000000e+00 1.223712e+01 -3.616453e+01
      vertex   -1.000000e+01 1.223712e+01 -3.616453e+01
      vertex   -5.000000e+00 1.190940e+01 -3.653445e+01
    endloop
  endfacet
  facet normal 2.659244e-16 -7.485107e-01 6.631227e-01
    outer loop
      vertex   -5.000000e+00 1.190940e+01 -3.653445e+01
      vertex   -1.000000e+01 1.223712e+01 -3.616453e+01
      vertex   -1.000000e+01 1.190940e+01 -3.653445e+01
    endloop
  endfacet
  facet normal 2.018171e-16 -5.680647e-01 8.229839e-01
    outer loop
      vertex   -5.000000e+00 1.190940e+01 -3.653445e+01
      vertex   -1.000000e+01 1.190940e+01 -3.653445e+01
      vertex   -5.000000e+00 1.150268e+01 -3.681518e+01
    endloop
  endfacet
  facet normal 1.169530e-15 -5.680647e-01 8.229839e-01
    outer loop
      vertex   -5.000000e+00 1.150268e+01 -3.681518e+01
      vertex   -1.000000e+01 1.190940e+01 -3.653445e+01
      vertex   -1.000000e+01 1.150268e+01 -3.681518e+01
    endloop
  endfacet
  facet normal 1.328738e-15 -3.546049e-01 9.350162e-01
    outer loop
      vertex   -5.000000e+00 1.150268e+01 -3.681518e+01
      vertex   -1.000000e+01 1.150268e+01 -3.681518e+01
      vertex   -5.000000e+00 1.104060e+01 -3.699043e+01
    endloop
  endfacet
  facet normal 0.000000e+00 -3.546049e-01 9.350162e-01
    outer loop
      vertex   -5.000000e+00 1.104060e+01 -3.699043e+01
      vertex   -1.000000e+01 1.150268e+01 -3.681518e+01
      vertex   -1.000000e+01 1.104060e+01 -3.699043e+01
    endloop
  endfacet
  facet normal 0.000000e+00 -1.205367e-01 9.927089e-01
    outer loop
      vertex   -5.000000e+00 1.104060e+01 -3.699043e+01
      vertex   -1.000000e+01 1.104060e+01 -3.699043e+01
      vertex   -5.000000e+00 1.055000e+01 -3.705000e+01
    endloop
  endfacet
  facet normal 0.000000e+00 -1.205367e-01 9.927089e-01
    outer loop
      vertex   -5.000000e+00 1.055000e+01 -3.705000e+01
      vertex   -1.000000e+01 1.104060e+01 -3.699043e+01
      vertex   -1.000000e+01 1.055000e+01 -3.705000e+01
    endloop
  endfacet
  facet normal 0.000000e+00 1.205367e-01 9.927089e-01
    outer loop
      vertex   -5.000000e+00 1.055000e+01 -3.705000e+01
      vertex   -1.000000e+01 1.055000e+01 -3.705000e+01
      vertex   -5.000000e+00 1.005940e+01 -3.699043e+01
    endloop
  endfacet
  facet normal 0.000000e+00 1.205367e-01 9.927089e-01
    outer loop
      vertex   -5.000000e+00 1.005940e+01 -3.699043e+01
      vertex   -1.000000e+01 1.055000e+01 -3.705000e+01
      vertex   -1.000000e+01 1.005940e+01 -3.699043e+01
    endloop
  endfacet
  facet normal 0.000000e+00 3.546049e-01 9.350162e-01
    outer loop
      vertex   -5.000000e+00 1.005940e+01 -3.699043e+01
      vertex   -1.000000e+01 1.005940e+01 -3.699043e+01
      vertex   -5.000000e+00 9.597317e+00 -3.681518e+01
    endloop
  endfacet
  facet normal 0.000000e+00 3.546049e-01 9.350162e-01
    outer loop
      vertex   -5.000000e+00 9.597317e+00 -3.681518e+01
      vertex   -1.000000e+01 1.005940e+01 -3.699043e+01
      vertex   -1.000000e+01 9.597317e+00 -3.681518e+01
    endloop
  endfacet
  facet normal 0.000000e+00 5.680647e-01 8.229839e-01
    outer loop
      vertex   -5.000000e+00 9.597317e+00 -3.681518e+01
      vertex   -1.000000e+01 9.597317e+00 -3.681518e+01
      vertex   -5.000000e+00 9.190599e+00 -3.653445e+01
    endloop
  endfacet
  facet normal 0.000000e+00 5.680647e-01 8.229839e-01
    outer loop
      vertex   -5.000000e+00 9.190599e+00 -3.653445e+01
      vertex   -1.000000e+01 9.597317e+00 -3.681518e+01
      vertex   -1.000000e+01 9.190599e+00 -3.653445e+01
    endloop
  endfacet
  facet normal 0.000000e+00 7.485107e-01 6.631227e-01
    outer loop
      vertex   -5.000000e+00 9.190599e+00 -3.653445e+01
      vertex   -1.000000e+01 9.190599e+00 -3.653445e+01
      vertex   -5.000000e+00 8.862883e+00 -3.616453e+01
    endloop
  endfacet
  facet normal -1.208278e-15 7.485107e-01 6.631227e-01
    outer loop
      vertex   -5.000000e+00 8.862883e+00 -3.616453e+01
      vertex   -1.000000e+01 9.190599e+00 -3.653445e+01
      vertex   -1.000000e+01 8.862883e+00 -3.616453e+01
    endloop
  endfacet
  facet normal -9.749885e-16 8.854560e-01 4.647232e-01
    outer loop
      vertex   -5.000000e+00 8.862883e+00 -3.616453e+01
      vertex   -1.000000e+01 8.862883e+00 -3.616453e+01
      vertex   -5.000000e+00 8.633217e+00 -3.572694e+01
    endloop
  endfacet
  facet normal -3.145772e-16 8.854560e-01 4.647232e-01
    outer loop
      vertex   -5.000000e+00 8.633217e+00 -3.572694e+01
      vertex   -1.000000e+01 8.862883e+00 -3.616453e+01
      vertex   -1.000000e+01 8.633217e+00 -3.572694e+01
    endloop
  endfacet
  facet normal -3.449478e-16 9.709418e-01 2.393157e-01
    outer loop
      vertex   -5.000000e+00 8.633217e+00 -3.572694e+01
      vertex   -1.000000e+01 8.633217e+00 -3.572694e+01
      vertex   -5.000000e+00 8.514947e+00 -3.524710e+01
    endloop
  endfacet
  facet normal -3.449478e-16 9.709418e-01 2.393157e-01
    outer loop
      vertex   -5.000000e+00 8.514947e+00 -3.524710e+01
      vertex   -1.000000e+01 8.633217e+00 -3.572694e+01
      vertex   -1.000000e+01 8.514947e+00 -3.524710e+01
    endloop
  endfacet
  facet normal -3.552714e-16 1.000000e+00 1.078322e-14
    outer loop
      vertex   -5.000000e+00 8.514947e+00 -3.524710e+01
      vertex   -1.000000e+01 8.514947e+00 -3.524710e+01
      vertex   -5.000000e+00 8.514947e+00 -3.475290e+01
    endloop
  endfacet
  facet normal -3.552714e-16 1.000000e+00 1.078322e-14
    outer loop
      vertex   -5.000000e+00 8.514947e+00 -3.475290e+01
      vertex   -1.000000e+01 8.514947e+00 -3.524710e+01
      vertex   -1.000000e+01 8.514947e+00 -3.475290e+01
    endloop
  endfacet
  facet normal -3.449478e-16 9.709418e-01 -2.393157e-01
    outer loop
      vertex   -5.000000e+00 8.514947e+00 -3.475290e+01
      vertex   -1.000000e+01 8.514947e+00 -3.475290e+01
      vertex   -5.000000e+00 8.633217e+00 -3.427306e+01
    endloop
  endfacet
  facet normal -3.498076e-16 9.709418e-01 -2.393157e-01
    outer loop
      vertex   -5.000000e+00 8.633217e+00 -3.427306e+01
      vertex   -1.000000e+01 8.514947e+00 -3.475290e+01
      vertex   -1.000000e+01 8.633217e+00 -3.427306e+01
    endloop
  endfacet
  facet normal 3.125700e-17 8.854560e-01 -4.647232e-01
    outer loop
      vertex   -5.000000e+00 8.633217e+00 -3.427306e+01
      vertex   -1.000000e+01 8.633217e+00 -3.427306e+01
      vertex   -5.000000e+00 8.862883e+00 -3.383547e+01
    endloop
  endfacet
  facet normal -6.291543e-16 8.854560e-01 -4.647232e-01
    outer loop
      vertex   -5.000000e+00 8.862883e+00 -3.383547e+01
      vertex   -1.000000e+01 8.633217e+00 -3.427306e+01
      vertex   -1.000000e+01 8.862883e+00 -3.383547e+01
    endloop
  endfacet
  facet normal -5.318489e-16 7.485107e-01 -6.631227e-01
    outer loop
      vertex   -5.000000e+00 8.862883e+00 -3.383547e+01
      vertex   -1.000000e+01 8.862883e+00 -3.383547e+01
      vertex   -5.000000e+00 9.190599e+00 -3.346555e+01
    endloop
  endfacet
  facet normal -2.659244e-16 7.485107e-01 -6.631227e-01
    outer loop
      vertex   -5.000000e+00 9.190599e+00 -3.346555e+01
      vertex   -1.000000e+01 8.862883e+00 -3.383547e+01
      vertex   -1.000000e+01 9.190599e+00 -3.346555e+01
    endloop
  endfacet
  facet normal -2.018171e-16 5.680647e-01 -8.229839e-01
    outer loop
      vertex   -5.000000e+00 9.190599e+00 -3.346555e+01
      vertex   -1.000000e+01 9.190599e+00 -3.346555e+01
      vertex   -5.000000e+00 9.597317e+00 -3.318482e+01
    endloop
  endfacet
  facet normal -4.036343e-16 5.680647e-01 -8.229839e-01
    outer loop
      vertex   -5.000000e+00 9.597317e+00 -3.318482e+01
      vertex   -1.000000e+01 9.190599e+00 -3.346555e+01
      vertex   -1.000000e+01 9.597317e+00 -3.318482e+01
    endloop
  endfacet
  facet normal -2.519619e-16 3.546049e-01 -9.350162e-01
    outer loop
      vertex   -5.000000e+00 9.597317e+00 -3.318482e+01
      vertex   -1.000000e+01 9.597317e+00 -3.318482e+01
      vertex   -5.000000e+00 1.005940e+01 -3.300957e+01
    endloop
  endfacet
  facet normal -2.519619e-16 3.546049e-01 -9.350162e-01
    outer loop
      vertex   -5.000000e+00 1.005940e+01 -3.300957e+01
      vertex   -1.000000e+01 9.597317e+00 -3.318482e+01
      vertex   -1.000000e+01 1.005940e+01 -3.300957e+01
    endloop
  endfacet
  facet normal 9.951847e-01 0.000000e+00 -9.801714e-02
    outer loop
      vertex   -2.405764e+01 3.000000e+00 -5.058527e+01
      vertex   -2.405764e+01 6.200000e+00 -5.058527e+01
      vertex   -2.400000e+01 3.000000e+00 -5.000000e+01
    endloop
  endfacet
  facet normal 9.951847e-01 0.000000e+00 -9.801714e-02
    outer loop
      vertex   -2.400000e+01 3.000000e+00 -5.000000e+01
      vertex   -2.405764e+01 6.200000e+00 -5.058527e+01
      vertex   -2.400000e+01 6.200000e+00 -5.000000e+01
    endloop
  endfacet
  facet normal 9.951847e-01 -0.000000e+00 9.801714e-02
    outer loop
      vertex   -2.400000e+01 3.000000e+00 -5.000000e+01
      vertex   -2.400000e+01 6.200000e+00 -5.000000e+01
      vertex   -2.405764e+01 3.000000e+00 -4.941473e+01
    endloop
  endfacet
  facet normal 9.951847e-01 -0.000000e+00 9.801714e-02
    outer loop
      vertex   -2.405764e+01 3.000000e+00 -4.941473e+01
      vertex   -2.400000e+01 6.200000e+00 -5.000000e+01
      vertex   -2.405764e+01 6.200000e+00 -4.941473e+01
    endloop
  endfacet
  facet normal 9.569403e-01 -0.000000e+00 2.902847e-01
    outer loop
      vertex   -2.405764e+01 3.000000e+00 -4.941473e+01
      vertex   -2.405764e+01 6.200000e+00 -4.941473e+01
      vertex   -2.422836e+01 3.000000e+00 -4.885195e+01
    endloop
  endfacet
  facet normal 9.569403e-01 -0.000000e+00 2.902847e-01
    outer loop
      vertex   -2.422836e+01 3.000000e+00 -4.885195e+01
      vertex   -2.405764e+01 6.200000e+00 -4.941473e+01
      vertex   -2.422836e+01 6.200000e+00 -4.885195e+01
    endloop
  endfacet
  facet normal 8.819213e-01 -0.000000e+00 4.713967e-01
    outer loop
      vertex   -2.422836e+01 3.000000e+00 -4.885195e+01
      vertex   -2.422836e+01 6.200000e+00 -4.885195e+01
      vertex   -2.450559e+01 3.000000e+00 -4.833329e+01
    endloop
  endfacet
  facet normal 8.819213e-01 -0.000000e+00 4.713967e-01
    outer loop
      vertex   -2.450559e+01 3.000000e+00 -4.833329e+01
      vertex   -2.422836e+01 6.200000e+00 -4.885195e+01
      vertex   -2.450559e+01 6.200000e+00 -4.833329e+01
    endloop
  endfacet
  facet normal 7.730105e-01 -0.000000e+00 6.343933e-01
    outer loop
      vertex   -2.450559e+01 3.000000e+00 -4.833329e+01
      vertex   -2.450559e+01 6.200000e+00 -4.833329e+01
      vertex   -2.487868e+01 3.000000e+00 -4.787868e+01
    endloop
  endfacet
  facet normal 7.730105e-01 -0.000000e+00 6.343933e-01
    outer loop
      vertex   -2.487868e+01 3.000000e+00 -4.787868e+01
      vertex   -2.450559e+01 6.200000e+00 -4.833329e+01
      vertex   -2.487868e+01 6.200000e+00 -4.787868e+01
    endloop
  endfacet
  facet normal 6.343933e-01 -0.000000e+00 7.730105e-01
    outer loop
      vertex   -2.487868e+01 3.000000e+00 -4.787868e+01
      vertex   -2.487868e+01 6.200000e+00 -4.787868e+01
      vertex   -2.533329e+01 3.000000e+00 -4.750559e+01
    endloop
  endfacet
  facet normal 6.343933e-01 -0.000000e+00 7.730105e-01
    outer loop
      vertex   -2.533329e+01 3.000000e+00 -4.750559e+01
      vertex   -2.487868e+01 6.200000e+00 -4.787868e+01
      vertex   -2.533329e+01 6.200000e+00 -4.750559e+01
    endloop
  endfacet
  facet normal 4.713967e-01 -0.000000e+00 8.819213e-01
    outer loop
      vertex   -2.533329e+01 3.000000e+00 -4.750559e+01
      vertex   -2.533329e+01 6.200000e+00 -4.750559e+01
      vertex   -2.585195e+01 3.000000e+00 -4.722836e+01
    endloop
  endfacet
  facet normal 4.713967e-01 1.958259e-15 8.819213e-01
    outer loop
      vertex   -2.585195e+01 3.000000e+00 -4.722836e+01
      vertex   -2.533329e+01 6.200000e+00 -4.750559e+01
      vertex   -2.585195e+01 6.200000e+00 -4.722836e+01
    endloop
  endfacet
  facet normal 2.902847e-01 2.124834e-15 9.569403e-01
    outer loop
      vertex   -2.585195e+01 3.000000e+00 -4.722836e+01
      vertex   -2.585195e+01 6.200000e+00 -4.722836e+01
      vertex   -2.641473e+01 3.000000e+00 -4.705764e+01
    endloop
  endfacet
  facet normal 2.902847e-01 -0.000000e+00 9.569403e-01
    outer loop
      vertex   -2.641473e+01 3.000000e+00 -4.705764e+01
      vertex   -2.585195e+01 6.200000e+00 -4.722836e+01
      vertex   -2.641473e+01 6.200000e+00 -4.705764e+01
    endloop
  endfacet
  facet normal 9.801714e-02 -0.000000e+00 9.951847e-01
    outer loop
      vertex   -2.641473e+01 3.000000e+00 -4.705764e+01
      vertex   -2.641473e+01 6.200000e+00 -4.705764e+01
      vertex   -2.700000e+01 3.000000e+00 -4.700000e+01
    endloop
  endfacet
  facet normal 9.801714e-02 -0.000000e+00 9.951847e-01
    outer loop
      vertex   -2.700000e+01 3.000000e+00 -4.700000e+01
      vertex   -2.641473e+01 6.200000e+00 -4.705764e+01
      vertex   -2.700000e+01 6.200000e+00 -4.700000e+01
    endloop
  endfacet
  facet normal -9.801714e-02 0.000000e+00 9.951847e-01
    outer loop
      vertex   -2.700000e+01 3.000000e+00 -4.700000e+01
      vertex   -2.700000e+01 6.200000e+00 -4.700000e+01
      vertex   -2.758527e+01 3.000000e+00 -4.705764e+01
    endloop
  endfacet
  facet normal -9.801714e-02 0.000000e+00 9.951847e-01
    outer loop
      vertex   -2.758527e+01 3.000000e+00 -4.705764e+01
      vertex   -2.700000e+01 6.200000e+00 -4.700000e+01
      vertex   -2.758527e+01 6.200000e+00 -4.705764e+01
    endloop
  endfacet
  facet normal -2.902847e-01 0.000000e+00 9.569403e-01
    outer loop
      vertex   -2.758527e+01 3.000000e+00 -4.705764e+01
      vertex   -2.758527e+01 6.200000e+00 -4.705764e+01
      vertex   -2.814805e+01 3.000000e+00 -4.722836e+01
    endloop
  endfacet
  facet normal -2.902847e-01 1.802554e-15 9.569403e-01
    outer loop
      vertex   -2.814805e+01 3.000000e+00 -4.722836e+01
      vertex   -2.758527e+01 6.200000e+00 -4.705764e+01
      vertex   -2.814805e+01 6.200000e+00 -4.722836e+01
    endloop
  endfacet
  facet normal -4.713967e-01 1.434903e-15 8.819213e-01
    outer loop
      vertex   -2.814805e+01 3.000000e+00 -4.722836e+01
      vertex   -2.814805e+01 6.200000e+00 -4.722836e+01
      vertex   -2.866671e+01 3.000000e+00 -4.750559e+01
    endloop
  endfacet
  facet normal -4.713967e-01 0.000000e+00 8.819213e-01
    outer loop
      vertex   -2.866671e+01 3.000000e+00 -4.750559e+01
      vertex   -2.814805e+01 6.200000e+00 -4.722836e+01
      vertex   -2.866671e+01 6.200000e+00 -4.750559e+01
    endloop
  endfacet
  facet normal -6.343933e-01 0.000000e+00 7.730105e-01
    outer loop
      vertex   -2.866671e+01 3.000000e+00 -4.750559e+01
      vertex   -2.866671e+01 6.200000e+00 -4.750559e+01
      vertex   -2.912132e+01 3.000000e+00 -4.787868e+01
    endloop
  endfacet
  facet normal -6.343933e-01 1.716428e-15 7.730105e-01
    outer loop
      vertex   -2.912132e+01 3.000000e+00 -4.787868e+01
      vertex   -2.866671e+01 6.200000e+00 -4.750559e+01
      vertex   -2.912132e+01 6.200000e+00 -4.787868e+01
    endloop
  endfacet
  facet normal -7.730105e-01 1.408636e-15 6.343933e-01
    outer loop
      vertex   -2.912132e+01 3.000000e+00 -4.787868e+01
      vertex   -2.912132e+01 6.200000e+00 -4.787868e+01
      vertex   -2.949441e+01 3.000000e+00 -4.833329e+01
    endloop
  endfacet
  facet normal -7.730105e-01 1.408636e-15 6.343933e-01
    outer loop
      vertex   -2.949441e+01 3.000000e+00 -4.833329e+01
      vertex   -2.912132e+01 6.200000e+00 -4.787868e+01
      vertex   -2.949441e+01 6.200000e+00 -4.833329e+01
    endloop
  endfacet
  facet normal -8.819213e-01 1.046711e-15 4.713967e-01
    outer loop
      vertex   -2.949441e+01 3.000000e+00 -4.833329e+01
      vertex   -2.949441e+01 6.200000e+00 -4.833329e+01
      vertex   -2.977164e+01 3.000000e+00 -4.885195e+01
    endloop
  endfacet
  facet normal -8.819213e-01 0.000000e+00 4.713967e-01
    outer loop
      vertex   -2.977164e+01 3.000000e+00 -4.885195e+01
      vertex   -2.949441e+01 6.200000e+00 -4.833329e+01
      vertex   -2.977164e+01 6.200000e+00 -4.885195e+01
    endloop
  endfacet
  facet normal -9.569403e-01 0.000000e+00 2.902847e-01
    outer loop
      vertex   -2.977164e+01 3.000000e+00 -4.885195e+01
      vertex   -2.977164e+01 6.200000e+00 -4.885195e+01
      vertex   -2.994236e+01 3.000000e+00 -4.941473e+01
    endloop
  endfacet
  facet normal -9.569403e-01 0.000000e+00 2.902847e-01
    outer loop
      vertex   -2.994236e+01 3.000000e+00 -4.941473e+01
      vertex   -2.977164e+01 6.200000e+00 -4.885195e+01
      vertex   -2.994236e+01 6.200000e+00 -4.941473e+01
    endloop
  endfacet
  facet normal -9.951847e-01 0.000000e+00 9.801714e-02
    outer loop
      vertex   -2.994236e+01 3.000000e+00 -4.941473e+01
      vertex   -2.994236e+01 6.200000e+00 -4.941473e+01
      vertex   -3.000000e+01 3.000000e+00 -5.000000e+01
    endloop
  endfacet
  facet normal -9.951847e-01 0.000000e+00 9.801714e-02
    outer loop
      vertex   -3.000000e+01 3.000000e+00 -5.000000e+01
      vertex   -2.994236e+01 6.200000e+00 -4.941473e+01
      vertex   -3.000000e+01 6.200000e+00 -5.000000e+01
    endloop
  endfacet
  facet normal -9.951847e-01 0.000000e+00 -9.801714e-02
    outer loop
      vertex   -3.000000e+01 3.000000e+00 -5.000000e+01
      vertex   -3.000000e+01 6.200000e+00 -5.000000e+01
      vertex   -2.994236e+01 3.000000e+00 -5.058527e+01
    endloop
  endfacet
  facet normal -9.951847e-01 0.000000e+00 -9.801714e-02
    outer loop
      vertex   -2.994236e+01 3.000000e+00 -5.058527e+01
      vertex   -3.000000e+01 6.200000e+00 -5.000000e+01
      vertex   -2.994236e+01 6.200000e+00 -5.058527e+01
    endloop
  endfacet
  facet normal -9.569403e-01 0.000000e+00 -2.902847e-01
    outer loop
      vertex   -2.994236e+01 3.000000e+00 -5.058527e+01
      vertex   -2.994236e+01 6.200000e+00 -5.058527e+01
      vertex   -2.977164e+01 3.000000e+00 -5.114805e+01
    endloop
  endfacet
  facet normal -9.569403e-01 0.000000e+00 -2.902847e-01
    outer loop
      vertex   -2.977164e+01 3.000000e+00 -5.114805e+01
      vertex   -2.994236e+01 6.200000e+00 -5.058527e+01
      vertex   -2.977164e+01 6.200000e+00 -5.114805e+01
    endloop
  endfacet
  facet normal -8.819213e-01 0.000000e+00 -4.713967e-01
    outer loop
      vertex   -2.977164e+01 3.000000e+00 -5.114805e+01
      vertex   -2.977164e+01 6.200000e+00 -5.114805e+01
      vertex   -2.949441e+01 3.000000e+00 -5.166671e+01
    endloop
  endfacet
  facet normal -8.819213e-01 -1.046711e-15 -4.713967e-01
    outer loop
      vertex   -2.949441e+01 3.000000e+00 -5.166671e+01
      vertex   -2.977164e+01 6.200000e+00 -5.114805e+01
      vertex   -2.949441e+01 6.200000e+00 -5.166671e+01
    endloop
  endfacet
  facet normal -7.730105e-01 -1.408636e-15 -6.343933e-01
    outer loop
      vertex   -2.949441e+01 3.000000e+00 -5.166671e+01
      vertex   -2.949441e+01 6.200000e+00 -5.166671e+01
      vertex   -2.912132e+01 3.000000e+00 -5.212132e+01
    endloop
  endfacet
  facet normal -7.730105e-01 -1.408636e-15 -6.343933e-01
    outer loop
      vertex   -2.912132e+01 3.000000e+00 -5.212132e+01
      vertex   -2.949441e+01 6.200000e+00 -5.166671e+01
      vertex   -2.912132e+01 6.200000e+00 -5.212132e+01
    endloop
  endfacet
  facet normal -6.343933e-01 -1.716428e-15 -7.730105e-01
    outer loop
      vertex   -2.912132e+01 3.000000e+00 -5.212132e+01
      vertex   -2.912132e+01 6.200000e+00 -5.212132e+01
      vertex   -2.866671e+01 3.000000e+00 -5.249441e+01
    endloop
  endfacet
  facet normal -6.343933e-01 0.000000e+00 -7.730105e-01
    outer loop
      vertex   -2.866671e+01 3.000000e+00 -5.249441e+01
      vertex   -2.912132e+01 6.200000e+00 -5.212132e+01
      vertex   -2.866671e+01 6.200000e+00 -5.249441e+01
    endloop
  endfacet
  facet normal -4.713967e-01 0.000000e+00 -8.819213e-01
    outer loop
      vertex   -2.866671e+01 3.000000e+00 -5.249441e+01
      vertex   -2.866671e+01 6.200000e+00 -5.249441e+01
      vertex   -2.814805e+01 3.000000e+00 -5.277164e+01
    endloop
  endfacet
  facet normal -4.713967e-01 -1.434903e-15 -8.819213e-01
    outer loop
      vertex   -2.814805e+01 3.000000e+00 -5.277164e+01
      vertex   -2.866671e+01 6.200000e+00 -5.249441e+01
      vertex   -2.814805e+01 6.200000e+00 -5.277164e+01
    endloop
  endfacet
  facet normal -2.902847e-01 -1.802554e-15 -9.569403e-01
    outer loop
      vertex   -2.814805e+01 3.000000e+00 -5.277164e+01
      vertex   -2.814805e+01 6.200000e+00 -5.277164e+01
      vertex   -2.758527e+01 3.000000e+00 -5.294236e+01
    endloop
  endfacet
  facet normal -2.902847e-01 0.000000e+00 -9.569403e-01
    outer loop
      vertex   -2.758527e+01 3.000000e+00 -5.294236e+01
      vertex   -2.814805e+01 6.200000e+00 -5.277164e+01
      vertex   -2.758527e+01 6.200000e+00 -5.294236e+01
    endloop
  endfacet
  facet normal -9.801714e-02 0.000000e+00 -9.951847e-01
    outer loop
      vertex   -2.758527e+01 3.000000e+00 -5.294236e+01
      vertex   -2.758527e+01 6.200000e+00 -5.294236e+01
      vertex   -2.700000e+01 3.000000e+00 -5.300000e+01
    endloop
  endfacet
  facet normal -9.801714e-02 0.000000e+00 -9.951847e-01
    outer loop
      vertex   -2.700000e+01 3.000000e+00 -5.300000e+01
      vertex   -2.758527e+01 6.200000e+00 -5.294236e+01
      vertex   -2.700000e+01 6.200000e+00 -5.300000e+01
    endloop
  endfacet
  facet normal 9.801714e-02 0.000000e+00 -9.951847e-01
    outer loop
      vertex   -2.700000e+01 3.000000e+00 -5.300000e+01
      vertex   -2.700000e+01 6.200000e+00 -5.300000e+01
      vertex   -2.641473e+01 3.000000e+00 -5.294236e+01
    endloop
  endfacet
  facet normal 9.801714e-02 0.000000e+00 -9.951847e-01
    outer loop
      vertex   -2.641473e+01 3.000000e+00 -5.294236e+01
      vertex   -2.700000e+01 6.200000e+00 -5.300000e+01
      vertex   -2.641473e+01 6.200000e+00 -5.294236e+01
    endloop
  endfacet
  facet normal 2.902847e-01 0.000000e+00 -9.569403e-01
    outer loop
      vertex   -2.641473e+01 3.000000e+00 -5.294236e+01
      vertex   -2.641473e+01 6.200000e+00 -5.294236e+01
      vertex   -2.585195e+01 3.000000e+00 -5.277164e+01
    endloop
  endfacet
  facet normal 2.902847e-01 -2.124834e-15 -9.569403e-01
    outer loop
      vertex   -2.585195e+01 3.000000e+00 -5.277164e+01
      vertex   -2.641473e+01 6.200000e+00 -5.294236e+01
      vertex   -2.585195e+01 6.200000e+00 -5.277164e+01
    endloop
  endfacet
  facet normal 4.713967e-01 -1.958259e-15 -8.819213e-01
    outer loop
      vertex   -2.585195e+01 3.000000e+00 -5.277164e+01
      vertex   -2.585195e+01 6.200000e+00 -5.277164e+01
      vertex   -2.533329e+01 3.000000e+00 -5.249441e+01
    endloop
  endfacet
  facet normal 4.713967e-01 0.000000e+00 -8.819213e-01
    outer loop
      vertex   -2.533329e+01 3.000000e+00 -5.249441e+01
      vertex   -2.585195e+01 6.200000e+00 -5.277164e+01
      vertex   -2.533329e+01 6.200000e+00 -5.249441e+01
    endloop
  endfacet
  facet normal 6.343933e-01 0.000000e+00 -7.730105e-01
    outer loop
      vertex   -2.533329e+01 3.000000e+00 -5.249441e+01
      vertex   -2.533329e+01 6.200000e+00 -5.249441e+01
      vertex   -2.487868e+01 3.000000e+00 -5.212132e+01
    endloop
  endfacet
  facet normal 6.343933e-01 0.000000e+00 -7.730105e-01
    outer loop
      vertex   -2.487868e+01 3.000000e+00 -5.212132e+01
      vertex   -2.533329e+01 6.200000e+00 -5.249441e+01
      vertex   -2.487868e+01 6.200000e+00 -5.212132e+01
    endloop
  endfacet
  facet normal 7.730105e-01 0.000000e+00 -6.343933e-01
    outer loop
      vertex   -2.487868e+01 3.000000e+00 -5.212132e+01
      vertex   -2.487868e+01 6.200000e+00 -5.212132e+01
      vertex   -2.450559e+01 3.000000e+00 -5.166671e+01
    endloop
  endfacet
  facet normal 7.730105e-01 0.000000e+00 -6.343933e-01
    outer loop
      vertex   -2.450559e+01 3.000000e+00 -5.166671e+01
      vertex   -2.487868e+01 6.200000e+00 -5.212132e+01
      vertex   -2.450559e+01 6.200000e+00 -5.166671e+01
    endloop
  endfacet
  facet normal 8.819213e-01 0.000000e+00 -4.713967e-01
    outer loop
      vertex   -2.450559e+01 3.000000e+00 -5.166671e+01
      vertex   -2.450559e+01 6.200000e+00 -5.166671e+01
      vertex   -2.422836e+01 3.000000e+00 -5.114805e+01
    endloop
  endfacet
  facet normal 8.819213e-01 0.000000e+00 -4.713967e-01
    outer loop
      vertex   -2.422836e+01 3.000000e+00 -5.114805e+01
      vertex   -2.450559e+01 6.200000e+00 -5.166671e+01
      vertex   -2.422836e+01 6.200000e+00 -5.114805e+01
    endloop
  endfacet
  facet normal 9.569403e-01 0.000000e+00 -2.902847e-01
    outer loop
      vertex   -2.422836e+01 3.000000e+00 -5.114805e+01
      vertex   -2.422836e+01 6.200000e+00 -5.114805e+01
      vertex   -2.405764e+01 3.000000e+00 -5.058527e+01
    endloop
  endfacet
  facet normal 9.569403e-01 0.000000e+00 -2.902847e-01
    outer loop
      vertex   -2.405764e+01 3.000000e+00 -5.058527e+01
      vertex   -2.422836e+01 6.200000e+00 -5.114805e+01
      vertex   -2.405764e+01 6.200000e+00 -5.058527e+01
    endloop
  endfacet
  facet normal 0.000000e+00 1.000000e+00 0.000000e+00
    outer loop
      vertex   -2.405764e+01 6.200000e+00 -4.941473e+01
      vertex   -2.400000e+01 6.200000e+00 -5.000000e+01
      vertex   -2.500000e+01 6.200000e+00 -5.000000e+01
    endloop
  endfacet
  facet normal -0.000000e+00 1.000000e+00 0.000000e+00
    outer loop
      vertex   -2.500000e+01 6.200000e+00 -5.000000e+01
      vertex   -2.400000e+01 6.200000e+00 -5.000000e+01
      vertex   -2.405764e+01 6.200000e+00 -5.058527e+01
    endloop
  endfacet
  facet normal 0.000000e+00 1.000000e+00 0.000000e+00
    outer loop
      vertex   -2.500000e+01 6.200000e+00 -5.000000e+01
      vertex   -2.405764e+01 6.200000e+00 -5.058527e+01
      vertex   -2.505812e+01 6.200000e+00 -5.047863e+01
    endloop
  endfacet
  facet normal 0.000000e+00 1.000000e+00 0.000000e+00
    outer loop
      vertex   -2.505812e+01 6.200000e+00 -5.047863e+01
      vertex   -2.405764e+01 6.200000e+00 -5.058527e+01
      vertex   -2.422836e+01 6.200000e+00 -5.114805e+01
    endloop
  endfacet
  facet normal 0.000000e+00 1.000000e+00 0.000000e+00
    outer loop
      vertex   -2.505812e+01 6.200000e+00 -5.047863e+01
      vertex   -2.422836e+01 6.200000e+00 -5.114805e+01
      vertex   -2.522909e+01 6.200000e+00 -5.092945e+01
    endloop
  endfacet
  facet normal 0.000000e+00 1.000000e+00 0.000000e+00
    outer loop
      vertex   -2.522909e+01 6.200000e+00 -5.092945e+01
      vertex   -2.422836e+01 6.200000e+00 -5.114805e+01
      vertex   -2.450559e+01 6.200000e+00 -5.166671e+01
    endloop
  endfacet
  facet normal 0.000000e+00 1.000000e+00 0.000000e+00
    outer loop
      vertex   -2.522909e+01 6.200000e+00 -5.092945e+01
      vertex   -2.450559e+01 6.200000e+00 -5.166671e+01
      vertex   -2.550298e+01 6.200000e+00 -5.132625e+01
    endloop
  endfacet
  facet normal 0.000000e+00 1.000000e+00 0.000000e+00
    outer loop
      vertex   -2.550298e+01 6.200000e+00 -5.132625e+01
      vertex   -2.450559e+01 6.200000e+00 -5.166671e+01
      vertex   -2.487868e+01 6.200000e+00 -5.212132e+01
    endloop
  endfacet
  facet normal 0.000000e+00 1.000000e+00 0.000000e+00
    outer loop
      vertex   -2.550298e+01 6.200000e+00 -5.132625e+01
      vertex   -2.487868e+01 6.200000e+00 -5.212132e+01
      vertex   -2.586387e+01 6.200000e+00 -5.164597e+01
    endloop
  endfacet
  facet normal 0.000000e+00 1.000000e+00 0.000000e+00
    outer loop
      vertex   -2.586387e+01 6.200000e+00 -5.164597e+01
      vertex   -2.487868e+01 6.200000e+00 -5.212132e+01
      vertex   -2.533329e+01 6.200000e+00 -5.249441e+01
    endloop
  endfacet
  facet normal 0.000000e+00 1.000000e+00 0.000000e+00
    outer loop
      vertex   -2.586387e+01 6.200000e+00 -5.164597e+01
      vertex   -2.533329e+01 6.200000e+00 -5.249441e+01
      vertex   -2.585195e+01 6.200000e+00 -5.277164e+01
    endloop
  endfacet
  facet normal 0.000000e+00 1.000000e+00 0.000000e+00
    outer loop
      vertex   -2.586387e+01 6.200000e+00 -5.164597e+01
      vertex   -2.585195e+01 6.200000e+00 -5.277164e+01
      vertex   -2.629079e+01 6.200000e+00 -5.187003e+01
    endloop
  endfacet
  facet normal 0.000000e+00 1.000000e+00 0.000000e+00
    outer loop
      vertex   -2.629079e+01 6.200000e+00 -5.187003e+01
      vertex   -2.585195e+01 6.200000e+00 -5.277164e+01
      vertex   -2.641473e+01 6.200000e+00 -5.294236e+01
    endloop
  endfacet
  facet normal 0.000000e+00 1.000000e+00 0.000000e+00
    outer loop
      vertex   -2.629079e+01 6.200000e+00 -5.187003e+01
      vertex   -2.641473e+01 6.200000e+00 -5.294236e+01
      vertex   -2.675893e+01 6.200000e+00 -5.198542e+01
    endloop
  endfacet
  facet normal 0.000000e+00 1.000000e+00 0.000000e+00
    outer loop
      vertex   -2.675893e+01 6.200000e+00 -5.198542e+01
      vertex   -2.641473e+01 6.200000e+00 -5.294236e+01
      vertex   -2.700000e+01 6.200000e+00 -5.300000e+01
    endloop
  endfacet
  facet normal 0.000000e+00 1.000000e+00 0.000000e+00
    outer loop
      vertex   -2.675893e+01 6.200000e+00 -5.198542e+01
      vertex   -2.700000e+01 6.200000e+00 -5.300000e+01
      vertex   -2.724107e+01 6.200000e+00 -5.198542e+01
    endloop
  endfacet
  facet normal 0.000000e+00 1.000000e+00 0.000000e+00
    outer loop
      vertex   -2.724107e+01 6.200000e+00 -5.198542e+01
      vertex   -2.700000e+01 6.200000e+00 -5.300000e+01
      vertex   -2.758527e+01 6.200000e+00 -5.294236e+01
    endloop
  endfacet
  facet normal 0.000000e+00 1.000000e+00 0.000000e+00
    outer loop
      vertex   -2.724107e+01 6.200000e+00 -5.198542e+01
      vertex   -2.758527e+01 6.200000e+00 -5.294236e+01
      vertex   -2.770921e+01 6.200000e+00 -5.187003e+01
    endloop
  endfacet
  facet normal 0.000000e+00 1.000000e+00 0.000000e+00
    outer loop
      vertex   -2.770921e+01 6.200000e+00 -5.187003e+01
      vertex   -2.758527e+01 6.200000e+00 -5.294236e+01
      vertex   -2.814805e+01 6.200000e+00 -5.277164e+01
    endloop
  endfacet
  facet normal 0.000000e+00 1.000000e+00 0.000000e+00
    outer loop
      vertex   -2.770921e+01 6.200000e+00 -5.187003e+01
      vertex   -2.814805e+01 6.200000e+00 -5.277164e+01
      vertex   -2.813613e+01 6.200000e+00 -5.164597e+01
    endloop
  endfacet
  facet normal 0.000000e+00 1.000000e+00 0.000000e+00
    outer loop
      vertex   -2.813613e+01 6.200000e+00 -5.164597e+01
      vertex   -2.814805e+01 6.200000e+00 -5.277164e+01
      vertex   -2.866671e+01 6.200000e+00 -5.249441e+01
    endloop
  endfacet
  facet normal 0.000000e+00 1.000000e+00 0.000000e+00
    outer loop
      vertex   -2.813613e+01 6.200000e+00 -5.164597e+01
      vertex   -2.866671e+01 6.200000e+00 -5.249441e+01
      vertex   -2.912132e+01 6.200000e+00 -5.212132e+01
    endloop
  endfacet
  facet normal 0.000000e+00 1.000000e+00 0.000000e+00
    outer loop
      vertex   -2.813613e+01 6.200000e+00 -5.164597e+01
      vertex   -2.912132e+01 6.200000e+00 -5.212132e+01
      vertex   -2.849702e+01 6.200000e+00 -5.132625e+01
    endloop
  endfacet
  facet normal 0.000000e+00 1.000000e+00 0.000000e+00
    outer loop
      vertex   -2.849702e+01 6.200000e+00 -5.132625e+01
      vertex   -2.912132e+01 6.200000e+00 -5.212132e+01
      vertex   -2.949441e+01 6.200000e+00 -5.166671e+01
    endloop
  endfacet
  facet normal 0.000000e+00 1.000000e+00 0.000000e+00
    outer loop
      vertex   -2.849702e+01 6.200000e+00 -5.132625e+01
      vertex   -2.949441e+01 6.200000e+00 -5.166671e+01
      vertex   -2.877091e+01 6.200000e+00 -5.092945e+01
    endloop
  endfacet
  facet normal 0.000000e+00 1.000000e+00 0.000000e+00
    outer loop
      vertex   -2.877091e+01 6.200000e+00 -5.092945e+01
      vertex   -2.949441e+01 6.200000e+00 -5.166671e+01
      vertex   -2.977164e+01 6.200000e+00 -5.114805e+01
    endloop
  endfacet
  facet normal 0.000000e+00 1.000000e+00 0.000000e+00
    outer loop
      vertex   -2.877091e+01 6.200000e+00 -5.092945e+01
      vertex   -2.977164e+01 6.200000e+00 -5.114805e+01
      vertex   -2.894188e+01 6.200000e+00 -5.047863e+01
    endloop
  endfacet
  facet normal 0.000000e+00 1.000000e+00 0.000000e+00
    outer loop
      vertex   -2.894188e+01 6.200000e+00 -5.047863e+01
      vertex   -2.977164e+01 6.200000e+00 -5.114805e+01
      vertex   -2.994236e+01 6.200000e+00 -5.058527e+01
    endloop
  endfacet
  facet normal 0.000000e+00 1.000000e+00 0.000000e+00
    outer loop
      vertex   -2.894188e+01 6.200000e+00 -5.047863e+01
      vertex   -2.994236e+01 6.200000e+00 -5.058527e+01
      vertex   -2.900000e+01 6.200000e+00 -5.000000e+01
    endloop
  endfacet
  facet normal 0.000000e+00 1.000000e+00 0.000000e+00
    outer loop
      vertex   -2.900000e+01 6.200000e+00 -5.000000e+01
      vertex   -2.994236e+01 6.200000e+00 -5.058527e+01
      vertex   -3.000000e+01 6.200000e+00 -5.000000e+01
    endloop
  endfacet
  facet normal 0.000000e+00 1.000000e+00 0.000000e+00
    outer loop
      vertex   -2.900000e+01 6.200000e+00 -5.000000e+01
      vertex   -3.000000e+01 6.200000e+00 -5.000000e+01
      vertex   -2.994236e+01 6.200000e+00 -4.941473e+01
    endloop
  endfacet
  facet normal 0.000000e+00 1.000000e+00 -0.000000e+00
    outer loop
      vertex   -2.900000e+01 6.200000e+00 -5.000000e+01
      vertex   -2.994236e+01 6.200000e+00 -4.941473e+01
      vertex   -2.894188e+01 6.200000e+00 -4.952137e+01
    endloop
  endfacet
  facet normal 0.000000e+00 1.000000e+00 0.000000e+00
    outer loop
      vertex   -2.894188e+01 6.200000e+00 -4.952137e+01
      vertex   -2.994236e+01 6.200000e+00 -4.941473e+01
      vertex   -2.977164e+01 6.200000e+00 -4.885195e+01
    endloop
  endfacet
  facet normal 0.000000e+00 1.000000e+00 -0.000000e+00
    outer loop
      vertex   -2.894188e+01 6.200000e+00 -4.952137e+01
      vertex   -2.977164e+01 6.200000e+00 -4.885195e+01
      vertex   -2.877091e+01 6.200000e+00 -4.907055e+01
    endloop
  endfacet
  facet normal 0.000000e+00 1.000000e+00 0.000000e+00
    outer loop
      vertex   -2.877091e+01 6.200000e+00 -4.907055e+01
      vertex   -2.977164e+01 6.200000e+00 -4.885195e+01
      vertex   -2.949441e+01 6.200000e+00 -4.833329e+01
    endloop
  endfacet
  facet normal 0.000000e+00 1.000000e+00 -0.000000e+00
    outer loop
      vertex   -2.877091e+01 6.200000e+00 -4.907055e+01
      vertex   -2.949441e+01 6.200000e+00 -4.833329e+01
      vertex   -2.849702e+01 6.200000e+00 -4.867375e+01
    endloop
  endfacet
  facet normal 0.000000e+00 1.000000e+00 0.000000e+00
    outer loop
      vertex   -2.849702e+01 6.200000e+00 -4.867375e+01
      vertex   -2.949441e+01 6.200000e+00 -4.833329e+01
      vertex   -2.912132e+01 6.200000e+00 -4.787868e+01
    endloop
  endfacet
  facet normal 0.000000e+00 1.000000e+00 -0.000000e+00
    outer loop
      vertex   -2.849702e+01 6.200000e+00 -4.867375e+01
      vertex   -2.912132e+01 6.200000e+00 -4.787868e+01
      vertex   -2.813613e+01 6.200000e+00 -4.835403e+01
    endloop
  endfacet
  facet normal 0.000000e+00 1.000000e+00 0.000000e+00
    outer loop
      vertex   -2.813613e+01 6.200000e+00 -4.835403e+01
      vertex   -2.912132e+01 6.200000e+00 -4.787868e+01
      vertex   -2.866671e+01 6.200000e+00 -4.750559e+01
    endloop
  endfacet
  facet normal 0.000000e+00 1.000000e+00 0.000000e+00
    outer loop
      vertex   -2.813613e+01 6.200000e+00 -4.835403e+01
      vertex   -2.866671e+01 6.200000e+00 -4.750559e+01
      vertex   -2.814805e+01 6.200000e+00 -4.722836e+01
    endloop
  endfacet
  facet normal 0.000000e+00 1.000000e+00 -0.000000e+00
    outer loop
      vertex   -2.813613e+01 6.200000e+00 -4.835403e+01
      vertex   -2.814805e+01 6.200000e+00 -4.722836e+01
      vertex   -2.770921e+01 6.200000e+00 -4.812997e+01
    endloop
  endfacet
  facet normal 0.000000e+00 1.000000e+00 -0.000000e+00
    outer loop
      vertex   -2.770921e+01 6.200000e+00 -4.812997e+01
      vertex   -2.814805e+01 6.200000e+00 -4.722836e+01
      vertex   -2.758527e+01 6.200000e+00 -4.705764e+01
    endloop
  endfacet
  facet normal 0.000000e+00 1.000000e+00 0.000000e+00
    outer loop
      vertex   -2.770921e+01 6.200000e+00 -4.812997e+01
      vertex   -2.758527e+01 6.200000e+00 -4.705764e+01
      vertex   -2.724107e+01 6.200000e+00 -4.801458e+01
    endloop
  endfacet
  facet normal 0.000000e+00 1.000000e+00 -0.000000e+00
    outer loop
      vertex   -2.724107e+01 6.200000e+00 -4.801458e+01
      vertex   -2.758527e+01 6.200000e+00 -4.705764e+01
      vertex   -2.700000e+01 6.200000e+00 -4.700000e+01
    endloop
  endfacet
  facet normal 0.000000e+00 1.000000e+00 0.000000e+00
    outer loop
      vertex   -2.724107e+01 6.200000e+00 -4.801458e+01
      vertex   -2.700000e+01 6.200000e+00 -4.700000e+01
      vertex   -2.675893e+01 6.200000e+00 -4.801458e+01
    endloop
  endfacet
  facet normal 0.000000e+00 1.000000e+00 -0.000000e+00
    outer loop
      vertex   -2.675893e+01 6.200000e+00 -4.801458e+01
      vertex   -2.700000e+01 6.200000e+00 -4.700000e+01
      vertex   -2.641473e+01 6.200000e+00 -4.705764e+01
    endloop
  endfacet
  facet normal -0.000000e+00 1.000000e+00 0.000000e+00
    outer loop
      vertex   -2.675893e+01 6.200000e+00 -4.801458e+01
      vertex   -2.641473e+01 6.200000e+00 -4.705764e+01
      vertex   -2.629079e+01 6.200000e+00 -4.812997e+01
    endloop
  endfacet
  facet normal 0.000000e+00 1.000000e+00 -0.000000e+00
    outer loop
      vertex   -2.629079e+01 6.200000e+00 -4.812997e+01
      vertex   -2.641473e+01 6.200000e+00 -4.705764e+01
      vertex   -2.585195e+01 6.200000e+00 -4.722836e+01
    endloop
  endfacet
  facet normal -0.000000e+00 1.000000e+00 0.000000e+00
    outer loop
      vertex   -2.629079e+01 6.200000e+00 -4.812997e+01
      vertex   -2.585195e+01 6.200000e+00 -4.722836e+01
      vertex   -2.586387e+01 6.200000e+00 -4.835403e+01
    endloop
  endfacet
  facet normal 0.000000e+00 1.000000e+00 0.000000e+00
    outer loop
      vertex   -2.586387e+01 6.200000e+00 -4.835403e+01
      vertex   -2.585195e+01 6.200000e+00 -4.722836e+01
      vertex   -2.533329e+01 6.200000e+00 -4.750559e+01
    endloop
  endfacet
  facet normal 0.000000e+00 1.000000e+00 0.000000e+00
    outer loop
      vertex   -2.586387e+01 6.200000e+00 -4.835403e+01
      vertex   -2.533329e+01 6.200000e+00 -4.750559e+01
      vertex   -2.487868e+01 6.200000e+00 -4.787868e+01
    endloop
  endfacet
  facet normal -0.000000e+00 1.000000e+00 0.000000e+00
    outer loop
      vertex   -2.586387e+01 6.200000e+00 -4.835403e+01
      vertex   -2.487868e+01 6.200000e+00 -4.787868e+01
      vertex   -2.550298e+01 6.200000e+00 -4.867375e+01
    endloop
  endfacet
  facet normal 0.000000e+00 1.000000e+00 0.000000e+00
    outer loop
      vertex   -2.550298e+01 6.200000e+00 -4.867375e+01
      vertex   -2.487868e+01 6.200000e+00 -4.787868e+01
      vertex   -2.450559e+01 6.200000e+00 -4.833329e+01
    endloop
  endfacet
  facet normal -0.000000e+00 1.000000e+00 0.000000e+00
    outer loop
      vertex   -2.550298e+01 6.200000e+00 -4.867375e+01
      vertex   -2.450559e+01 6.200000e+00 -4.833329e+01
      vertex   -2.522909e+01 6.200000e+00 -4.907055e+01
    endloop
  endfacet
  facet normal 0.000000e+00 1.000000e+00 0.000000e+00
    outer loop
      vertex   -2.522909e+01 6.200000e+00 -4.907055e+01
      vertex   -2.450559e+01 6.200000e+00 -4.833329e+01
      vertex   -2.422836e+01 6.200000e+00 -4.885195e+01
    endloop
  endfacet
  facet normal -0.000000e+00 1.000000e+00 0.000000e+00
    outer loop
      vertex   -2.522909e+01 6.200000e+00 -4.907055e+01
      vertex   -2.422836e+01 6.200000e+00 -4.885195e+01
      vertex   -2.505812e+01 6.200000e+00 -4.952137e+01
    endloop
  endfacet
  facet normal 0.000000e+00 1.000000e+00 0.000000e+00
    outer loop
      vertex   -2.505812e+01 6.200000e+00 -4.952137e+01
      vertex   -2.422836e+01 6.200000e+00 -4.885195e+01
      vertex   -2.405764e+01 6.200000e+00 -4.941473e+01
    endloop
  endfacet
  facet normal -0.000000e+00 1.000000e+00 0.000000e+00
    outer loop
      vertex   -2.505812e+01 6.200000e+00 -4.952137e+01
      vertex   -2.405764e+01 6.200000e+00 -4.941473e+01
      vertex   -2.500000e+01 6.200000e+00 -5.000000e+01
    endloop
  endfacet
  facet normal 1.000000e+00 -0.000000e+00 0.000000e+00
    outer loop
      vertex   -1.000000e+01 1.510000e+01 -6.300000e+01
      vertex   -1.000000e+01 1.510000e+01 -6.307746e+01
      vertex   -1.000000e+01 1.810000e+01 -6.300000e+01
    endloop
  endfacet
  facet normal 1.000000e+00 0.000000e+00 0.000000e+00
    outer loop
      vertex   -1.000000e+01 1.810000e+01 -6.300000e+01
      vertex   -1.000000e+01 1.510000e+01 -6.307746e+01
      vertex   -1.000000e+01 1.810000e+01 -6.307746e+01
    endloop
  endfacet
  facet normal 0.000000e+00 0.000000e+00 1.000000e+00
    outer loop
      vertex   -2.080000e+01 1.810000e+01 -3.685000e+01
      vertex   -3.320000e+01 1.810000e+01 -3.685000e+01
      vertex   -2.080000e+01 1.510000e+01 -3.685000e+01
    endloop
  endfacet
  facet normal 0.000000e+00 0.000000e+00 1.000000e+00
    outer loop
      vertex   -2.080000e+01 1.510000e+01 -3.685000e+01
      vertex   -3.320000e+01 1.810000e+01 -3.685000e+01
      vertex   -3.320000e+01 1.510000e+01 -3.685000e+01
    endloop
  endfacet
  facet normal -1.000000e+00 -0.000000e+00 -0.000000e+00
    outer loop
      vertex   -2.080000e+01 1.810000e+01 -1.335000e+01
      vertex   -2.080000e+01 1.810000e+01 -3.685000e+01
      vertex   -2.080000e+01 1.510000e+01 -1.335000e+01
    endloop
  endfacet
  facet normal -1.000000e+00 0.000000e+00 0.000000e+00
    outer loop
      vertex   -2.080000e+01 1.510000e+01 -1.335000e+01
      vertex   -2.080000e+01 1.810000e+01 -3.685000e+01
      vertex   -2.080000e+01 1.510000e+01 -3.685000e+01
    endloop
  endfacet
  facet normal 0.000000e+00 0.000000e+00 -1.000000e+00
    outer loop
      vertex   -3.320000e+01 1.810000e+01 -1.335000e+01
      vertex   -2.080000e+01 1.810000e+01 -1.335000e+01
      vertex   -3.320000e+01 1.510000e+01 -1.335000e+01
    endloop
  endfacet
  facet normal 0.000000e+00 0.000000e+00 -1.000000e+00
    outer loop
      vertex   -3.320000e+01 1.510000e+01 -1.335000e+01
      vertex   -2.080000e+01 1.810000e+01 -1.335000e+01
      vertex   -2.080000e+01 1.510000e+01 -1.335000e+01
    endloop
  endfacet
  facet normal 1.000000e+00 0.000000e+00 -0.000000e+00
    outer loop
      vertex   -3.320000e+01 1.810000e+01 -3.685000e+01
      vertex   -3.320000e+01 1.810000e+01 -1.335000e+01
      vertex   -3.320000e+01 1.510000e+01 -3.685000e+01
    endloop
  endfacet
  facet normal 1.000000e+00 0.000000e+00 0.000000e+00
    outer loop
      vertex   -3.320000e+01 1.510000e+01 -3.685000e+01
      vertex   -3.320000e+01 1.810000e+01 -1.335000e+01
      vertex   -3.320000e+01 1.510000e+01 -1.335000e+01
    endloop
  endfacet
  facet normal -9.961947e-01 0.000000e+00 8.715574e-02
    outer loop
      vertex   -2.306077e+01 1.810000e+01 -5.069459e+01
      vertex   -2.306077e+01 1.510000e+01 -5.069459e+01
      vertex   -2.300000e+01 1.810000e+01 -5.000000e+01
    endloop
  endfacet
  facet normal -9.961947e-01 0.000000e+00 8.715574e-02
    outer loop
      vertex   -2.300000e+01 1.810000e+01 -5.000000e+01
      vertex   -2.306077e+01 1.510000e+01 -5.069459e+01
      vertex   -2.300000e+01 1.510000e+01 -5.000000e+01
    endloop
  endfacet
  facet normal -9.961947e-01 -0.000000e+00 -8.715574e-02
    outer loop
      vertex   -2.300000e+01 1.810000e+01 -5.000000e+01
      vertex   -2.300000e+01 1.510000e+01 -5.000000e+01
      vertex   -2.306077e+01 1.810000e+01 -4.930541e+01
    endloop
  endfacet
  facet normal -9.961947e-01 -0.000000e+00 -8.715574e-02
    outer loop
      vertex   -2.306077e+01 1.810000e+01 -4.930541e+01
      vertex   -2.300000e+01 1.510000e+01 -5.000000e+01
      vertex   -2.306077e+01 1.510000e+01 -4.930541e+01
    endloop
  endfacet
  facet normal -9.659258e-01 -0.000000e+00 -2.588190e-01
    outer loop
      vertex   -2.306077e+01 1.810000e+01 -4.930541e+01
      vertex   -2.306077e+01 1.510000e+01 -4.930541e+01
      vertex   -2.324123e+01 1.810000e+01 -4.863192e+01
    endloop
  endfacet
  facet normal -9.659258e-01 -0.000000e+00 -2.588190e-01
    outer loop
      vertex   -2.324123e+01 1.810000e+01 -4.863192e+01
      vertex   -2.306077e+01 1.510000e+01 -4.930541e+01
      vertex   -2.324123e+01 1.510000e+01 -4.863192e+01
    endloop
  endfacet
  facet normal -9.063078e-01 -0.000000e+00 -4.226183e-01
    outer loop
      vertex   -2.324123e+01 1.810000e+01 -4.863192e+01
      vertex   -2.324123e+01 1.510000e+01 -4.863192e+01
      vertex   -2.353590e+01 1.810000e+01 -4.800000e+01
    endloop
  endfacet
  facet normal -9.063078e-01 -0.000000e+00 -4.226183e-01
    outer loop
      vertex   -2.353590e+01 1.810000e+01 -4.800000e+01
      vertex   -2.324123e+01 1.510000e+01 -4.863192e+01
      vertex   -2.353590e+01 1.510000e+01 -4.800000e+01
    endloop
  endfacet
  facet normal -8.191520e-01 -0.000000e+00 -5.735764e-01
    outer loop
      vertex   -2.353590e+01 1.810000e+01 -4.800000e+01
      vertex   -2.353590e+01 1.510000e+01 -4.800000e+01
      vertex   -2.393582e+01 1.810000e+01 -4.742885e+01
    endloop
  endfacet
  facet normal -8.191520e-01 -0.000000e+00 -5.735764e-01
    outer loop
      vertex   -2.393582e+01 1.810000e+01 -4.742885e+01
      vertex   -2.353590e+01 1.510000e+01 -4.800000e+01
      vertex   -2.393582e+01 1.510000e+01 -4.742885e+01
    endloop
  endfacet
  facet normal -7.071068e-01 -0.000000e+00 -7.071068e-01
    outer loop
      vertex   -2.393582e+01 1.810000e+01 -4.742885e+01
      vertex   -2.393582e+01 1.510000e+01 -4.742885e+01
      vertex   -2.442885e+01 1.810000e+01 -4.693582e+01
    endloop
  endfacet
  facet normal -7.071068e-01 -0.000000e+00 -7.071068e-01
    outer loop
      vertex   -2.442885e+01 1.810000e+01 -4.693582e+01
      vertex   -2.393582e+01 1.510000e+01 -4.742885e+01
      vertex   -2.442885e+01 1.510000e+01 -4.693582e+01
    endloop
  endfacet
  facet normal -5.735764e-01 -0.000000e+00 -8.191520e-01
    outer loop
      vertex   -2.442885e+01 1.810000e+01 -4.693582e+01
      vertex   -2.442885e+01 1.510000e+01 -4.693582e+01
      vertex   -2.500000e+01 1.810000e+01 -4.653590e+01
    endloop
  endfacet
  facet normal -5.735764e-01 -0.000000e+00 -8.191520e-01
    outer loop
      vertex   -2.500000e+01 1.810000e+01 -4.653590e+01
      vertex   -2.442885e+01 1.510000e+01 -4.693582e+01
      vertex   -2.500000e+01 1.510000e+01 -4.653590e+01
    endloop
  endfacet
  facet normal -4.226183e-01 -0.000000e+00 -9.063078e-01
    outer loop
      vertex   -2.500000e+01 1.810000e+01 -4.653590e+01
      vertex   -2.500000e+01 1.510000e+01 -4.653590e+01
      vertex   -2.563192e+01 1.810000e+01 -4.624123e+01
    endloop
  endfacet
  facet normal -4.226183e-01 -0.000000e+00 -9.063078e-01
    outer loop
      vertex   -2.563192e+01 1.810000e+01 -4.624123e+01
      vertex   -2.500000e+01 1.510000e+01 -4.653590e+01
      vertex   -2.563192e+01 1.510000e+01 -4.624123e+01
    endloop
  endfacet
  facet normal -2.588190e-01 -0.000000e+00 -9.659258e-01
    outer loop
      vertex   -2.563192e+01 1.810000e+01 -4.624123e+01
      vertex   -2.563192e+01 1.510000e+01 -4.624123e+01
      vertex   -2.630541e+01 1.810000e+01 -4.606077e+01
    endloop
  endfacet
  facet normal -2.588190e-01 3.065033e-16 -9.659258e-01
    outer loop
      vertex   -2.630541e+01 1.810000e+01 -4.606077e+01
      vertex   -2.563192e+01 1.510000e+01 -4.624123e+01
      vertex   -2.630541e+01 1.510000e+01 -4.606077e+01
    endloop
  endfacet
  facet normal -8.715574e-02 1.032131e-16 -9.961947e-01
    outer loop
      vertex   -2.630541e+01 1.810000e+01 -4.606077e+01
      vertex   -2.630541e+01 1.510000e+01 -4.606077e+01
      vertex   -2.700000e+01 1.810000e+01 -4.600000e+01
    endloop
  endfacet
  facet normal -8.715574e-02 -0.000000e+00 -9.961947e-01
    outer loop
      vertex   -2.700000e+01 1.810000e+01 -4.600000e+01
      vertex   -2.630541e+01 1.510000e+01 -4.606077e+01
      vertex   -2.700000e+01 1.510000e+01 -4.600000e+01
    endloop
  endfacet
  facet normal 8.715574e-02 0.000000e+00 -9.961947e-01
    outer loop
      vertex   -2.700000e+01 1.810000e+01 -4.600000e+01
      vertex   -2.700000e+01 1.510000e+01 -4.600000e+01
      vertex   -2.769459e+01 1.810000e+01 -4.606077e+01
    endloop
  endfacet
  facet normal 8.715574e-02 0.000000e+00 -9.961947e-01
    outer loop
      vertex   -2.769459e+01 1.810000e+01 -4.606077e+01
      vertex   -2.700000e+01 1.510000e+01 -4.600000e+01
      vertex   -2.769459e+01 1.510000e+01 -4.606077e+01
    endloop
  endfacet
  facet normal 2.588190e-01 0.000000e+00 -9.659258e-01
    outer loop
      vertex   -2.769459e+01 1.810000e+01 -4.606077e+01
      vertex   -2.769459e+01 1.510000e+01 -4.606077e+01
      vertex   -2.836808e+01 1.810000e+01 -4.624123e+01
    endloop
  endfacet
  facet normal 2.588190e-01 -3.065033e-16 -9.659258e-01
    outer loop
      vertex   -2.836808e+01 1.810000e+01 -4.624123e+01
      vertex   -2.769459e+01 1.510000e+01 -4.606077e+01
      vertex   -2.836808e+01 1.510000e+01 -4.624123e+01
    endloop
  endfacet
  facet normal 4.226183e-01 -5.004806e-16 -9.063078e-01
    outer loop
      vertex   -2.836808e+01 1.810000e+01 -4.624123e+01
      vertex   -2.836808e+01 1.510000e+01 -4.624123e+01
      vertex   -2.900000e+01 1.810000e+01 -4.653590e+01
    endloop
  endfacet
  facet normal 4.226183e-01 0.000000e+00 -9.063078e-01
    outer loop
      vertex   -2.900000e+01 1.810000e+01 -4.653590e+01
      vertex   -2.836808e+01 1.510000e+01 -4.624123e+01
      vertex   -2.900000e+01 1.510000e+01 -4.653590e+01
    endloop
  endfacet
  facet normal 5.735764e-01 0.000000e+00 -8.191520e-01
    outer loop
      vertex   -2.900000e+01 1.810000e+01 -4.653590e+01
      vertex   -2.900000e+01 1.510000e+01 -4.653590e+01
      vertex   -2.957115e+01 1.810000e+01 -4.693582e+01
    endloop
  endfacet
  facet normal 5.735764e-01 0.000000e+00 -8.191520e-01
    outer loop
      vertex   -2.957115e+01 1.810000e+01 -4.693582e+01
      vertex   -2.900000e+01 1.510000e+01 -4.653590e+01
      vertex   -2.957115e+01 1.510000e+01 -4.693582e+01
    endloop
  endfacet
  facet normal 7.071068e-01 0.000000e+00 -7.071068e-01
    outer loop
      vertex   -2.957115e+01 1.810000e+01 -4.693582e+01
      vertex   -2.957115e+01 1.510000e+01 -4.693582e+01
      vertex   -3.006418e+01 1.810000e+01 -4.742885e+01
    endloop
  endfacet
  facet normal 7.071068e-01 0.000000e+00 -7.071068e-01
    outer loop
      vertex   -3.006418e+01 1.810000e+01 -4.742885e+01
      vertex   -2.957115e+01 1.510000e+01 -4.693582e+01
      vertex   -3.006418e+01 1.510000e+01 -4.742885e+01
    endloop
  endfacet
  facet normal 8.191520e-01 0.000000e+00 -5.735764e-01
    outer loop
      vertex   -3.006418e+01 1.810000e+01 -4.742885e+01
      vertex   -3.006418e+01 1.510000e+01 -4.742885e+01
      vertex   -3.046410e+01 1.810000e+01 -4.800000e+01
    endloop
  endfacet
  facet normal 8.191520e-01 0.000000e+00 -5.735764e-01
    outer loop
      vertex   -3.046410e+01 1.810000e+01 -4.800000e+01
      vertex   -3.006418e+01 1.510000e+01 -4.742885e+01
      vertex   -3.046410e+01 1.510000e+01 -4.800000e+01
    endloop
  endfacet
  facet normal 9.063078e-01 0.000000e+00 -4.226183e-01
    outer loop
      vertex   -3.046410e+01 1.810000e+01 -4.800000e+01
      vertex   -3.046410e+01 1.510000e+01 -4.800000e+01
      vertex   -3.075877e+01 1.810000e+01 -4.863192e+01
    endloop
  endfacet
  facet normal 9.063078e-01 0.000000e+00 -4.226183e-01
    outer loop
      vertex   -3.075877e+01 1.810000e+01 -4.863192e+01
      vertex   -3.046410e+01 1.510000e+01 -4.800000e+01
      vertex   -3.075877e+01 1.510000e+01 -4.863192e+01
    endloop
  endfacet
  facet normal 9.659258e-01 0.000000e+00 -2.588190e-01
    outer loop
      vertex   -3.075877e+01 1.810000e+01 -4.863192e+01
      vertex   -3.075877e+01 1.510000e+01 -4.863192e+01
      vertex   -3.093923e+01 1.810000e+01 -4.930541e+01
    endloop
  endfacet
  facet normal 9.659258e-01 0.000000e+00 -2.588190e-01
    outer loop
      vertex   -3.093923e+01 1.810000e+01 -4.930541e+01
      vertex   -3.075877e+01 1.510000e+01 -4.863192e+01
      vertex   -3.093923e+01 1.510000e+01 -4.930541e+01
    endloop
  endfacet
  facet normal 9.961947e-01 0.000000e+00 -8.715574e-02
    outer loop
      vertex   -3.093923e+01 1.810000e+01 -4.930541e+01
      vertex   -3.093923e+01 1.510000e+01 -4.930541e+01
      vertex   -3.100000e+01 1.810000e+01 -5.000000e+01
    endloop
  endfacet
  facet normal 9.961947e-01 0.000000e+00 -8.715574e-02
    outer loop
      vertex   -3.100000e+01 1.810000e+01 -5.000000e+01
      vertex   -3.093923e+01 1.510000e+01 -4.930541e+01
      vertex   -3.100000e+01 1.510000e+01 -5.000000e+01
    endloop
  endfacet
  facet normal 9.961947e-01 0.000000e+00 8.715574e-02
    outer loop
      vertex   -3.100000e+01 1.810000e+01 -5.000000e+01
      vertex   -3.100000e+01 1.510000e+01 -5.000000e+01
      vertex   -3.093923e+01 1.810000e+01 -5.069459e+01
    endloop
  endfacet
  facet normal 9.961947e-01 0.000000e+00 8.715574e-02
    outer loop
      vertex   -3.093923e+01 1.810000e+01 -5.069459e+01
      vertex   -3.100000e+01 1.510000e+01 -5.000000e+01
      vertex   -3.093923e+01 1.510000e+01 -5.069459e+01
    endloop
  endfacet
  facet normal 9.659258e-01 0.000000e+00 2.588190e-01
    outer loop
      vertex   -3.093923e+01 1.810000e+01 -5.069459e+01
      vertex   -3.093923e+01 1.510000e+01 -5.069459e+01
      vertex   -3.075877e+01 1.810000e+01 -5.136808e+01
    endloop
  endfacet
  facet normal 9.659258e-01 0.000000e+00 2.588190e-01
    outer loop
      vertex   -3.075877e+01 1.810000e+01 -5.136808e+01
      vertex   -3.093923e+01 1.510000e+01 -5.069459e+01
      vertex   -3.075877e+01 1.510000e+01 -5.136808e+01
    endloop
  endfacet
  facet normal 9.063078e-01 0.000000e+00 4.226183e-01
    outer loop
      vertex   -3.075877e+01 1.810000e+01 -5.136808e+01
      vertex   -3.075877e+01 1.510000e+01 -5.136808e+01
      vertex   -3.046410e+01 1.810000e+01 -5.200000e+01
    endloop
  endfacet
  facet normal 9.063078e-01 0.000000e+00 4.226183e-01
    outer loop
      vertex   -3.046410e+01 1.810000e+01 -5.200000e+01
      vertex   -3.075877e+01 1.510000e+01 -5.136808e+01
      vertex   -3.046410e+01 1.510000e+01 -5.200000e+01
    endloop
  endfacet
  facet normal 8.191520e-01 0.000000e+00 5.735764e-01
    outer loop
      vertex   -3.046410e+01 1.810000e+01 -5.200000e+01
      vertex   -3.046410e+01 1.510000e+01 -5.200000e+01
      vertex   -3.006418e+01 1.810000e+01 -5.257115e+01
    endloop
  endfacet
  facet normal 8.191520e-01 0.000000e+00 5.735764e-01
    outer loop
      vertex   -3.006418e+01 1.810000e+01 -5.257115e+01
      vertex   -3.046410e+01 1.510000e+01 -5.200000e+01
      vertex   -3.006418e+01 1.510000e+01 -5.257115e+01
    endloop
  endfacet
  facet normal 7.071068e-01 0.000000e+00 7.071068e-01
    outer loop
      vertex   -3.006418e+01 1.810000e+01 -5.257115e+01
      vertex   -3.006418e+01 1.510000e+01 -5.257115e+01
      vertex   -2.957115e+01 1.810000e+01 -5.306418e+01
    endloop
  endfacet
  facet normal 7.071068e-01 0.000000e+00 7.071068e-01
    outer loop
      vertex   -2.957115e+01 1.810000e+01 -5.306418e+01
      vertex   -3.006418e+01 1.510000e+01 -5.257115e+01
      vertex   -2.957115e+01 1.510000e+01 -5.306418e+01
    endloop
  endfacet
  facet normal 5.735764e-01 0.000000e+00 8.191520e-01
    outer loop
      vertex   -2.957115e+01 1.810000e+01 -5.306418e+01
      vertex   -2.957115e+01 1.510000e+01 -5.306418e+01
      vertex   -2.900000e+01 1.810000e+01 -5.346410e+01
    endloop
  endfacet
  facet normal 5.735764e-01 0.000000e+00 8.191520e-01
    outer loop
      vertex   -2.900000e+01 1.810000e+01 -5.346410e+01
      vertex   -2.957115e+01 1.510000e+01 -5.306418e+01
      vertex   -2.900000e+01 1.510000e+01 -5.346410e+01
    endloop
  endfacet
  facet normal 4.226183e-01 0.000000e+00 9.063078e-01
    outer loop
      vertex   -2.900000e+01 1.810000e+01 -5.346410e+01
      vertex   -2.900000e+01 1.510000e+01 -5.346410e+01
      vertex   -2.836808e+01 1.810000e+01 -5.375877e+01
    endloop
  endfacet
  facet normal 4.226183e-01 5.004806e-16 9.063078e-01
    outer loop
      vertex   -2.836808e+01 1.810000e+01 -5.375877e+01
      vertex   -2.900000e+01 1.510000e+01 -5.346410e+01
      vertex   -2.836808e+01 1.510000e+01 -5.375877e+01
    endloop
  endfacet
  facet normal 2.588190e-01 3.065033e-16 9.659258e-01
    outer loop
      vertex   -2.836808e+01 1.810000e+01 -5.375877e+01
      vertex   -2.836808e+01 1.510000e+01 -5.375877e+01
      vertex   -2.769459e+01 1.810000e+01 -5.393923e+01
    endloop
  endfacet
  facet normal 2.588190e-01 0.000000e+00 9.659258e-01
    outer loop
      vertex   -2.769459e+01 1.810000e+01 -5.393923e+01
      vertex   -2.836808e+01 1.510000e+01 -5.375877e+01
      vertex   -2.769459e+01 1.510000e+01 -5.393923e+01
    endloop
  endfacet
  facet normal 8.715574e-02 0.000000e+00 9.961947e-01
    outer loop
      vertex   -2.769459e+01 1.810000e+01 -5.393923e+01
      vertex   -2.769459e+01 1.510000e+01 -5.393923e+01
      vertex   -2.700000e+01 1.810000e+01 -5.400000e+01
    endloop
  endfacet
  facet normal 8.715574e-02 0.000000e+00 9.961947e-01
    outer loop
      vertex   -2.700000e+01 1.810000e+01 -5.400000e+01
      vertex   -2.769459e+01 1.510000e+01 -5.393923e+01
      vertex   -2.700000e+01 1.510000e+01 -5.400000e+01
    endloop
  endfacet
  facet normal -8.715574e-02 0.000000e+00 9.961947e-01
    outer loop
      vertex   -2.700000e+01 1.810000e+01 -5.400000e+01
      vertex   -2.700000e+01 1.510000e+01 -5.400000e+01
      vertex   -2.630541e+01 1.810000e+01 -5.393923e+01
    endloop
  endfacet
  facet normal -8.715574e-02 -1.032131e-16 9.961947e-01
    outer loop
      vertex   -2.630541e+01 1.810000e+01 -5.393923e+01
      vertex   -2.700000e+01 1.510000e+01 -5.400000e+01
      vertex   -2.630541e+01 1.510000e+01 -5.393923e+01
    endloop
  endfacet
  facet normal -2.588190e-01 -3.065033e-16 9.659258e-01
    outer loop
      vertex   -2.630541e+01 1.810000e+01 -5.393923e+01
      vertex   -2.630541e+01 1.510000e+01 -5.393923e+01
      vertex   -2.563192e+01 1.810000e+01 -5.375877e+01
    endloop
  endfacet
  facet normal -2.588190e-01 0.000000e+00 9.659258e-01
    outer loop
      vertex   -2.563192e+01 1.810000e+01 -5.375877e+01
      vertex   -2.630541e+01 1.510000e+01 -5.393923e+01
      vertex   -2.563192e+01 1.510000e+01 -5.375877e+01
    endloop
  endfacet
  facet normal -4.226183e-01 0.000000e+00 9.063078e-01
    outer loop
      vertex   -2.563192e+01 1.810000e+01 -5.375877e+01
      vertex   -2.563192e+01 1.510000e+01 -5.375877e+01
      vertex   -2.500000e+01 1.810000e+01 -5.346410e+01
    endloop
  endfacet
  facet normal -4.226183e-01 0.000000e+00 9.063078e-01
    outer loop
      vertex   -2.500000e+01 1.810000e+01 -5.346410e+01
      vertex   -2.563192e+01 1.510000e+01 -5.375877e+01
      vertex   -2.500000e+01 1.510000e+01 -5.346410e+01
    endloop
  endfacet
  facet normal -5.735764e-01 0.000000e+00 8.191520e-01
    outer loop
      vertex   -2.500000e+01 1.810000e+01 -5.346410e+01
      vertex   -2.500000e+01 1.510000e+01 -5.346410e+01
      vertex   -2.442885e+01 1.810000e+01 -5.306418e+01
    endloop
  endfacet
  facet normal -5.735764e-01 0.000000e+00 8.191520e-01
    outer loop
      vertex   -2.442885e+01 1.810000e+01 -5.306418e+01
      vertex   -2.500000e+01 1.510000e+01 -5.346410e+01
      vertex   -2.442885e+01 1.510000e+01 -5.306418e+01
    endloop
  endfacet
  facet normal -7.071068e-01 0.000000e+00 7.071068e-01
    outer loop
      vertex   -2.442885e+01 1.810000e+01 -5.306418e+01
      vertex   -2.442885e+01 1.510000e+01 -5.306418e+01
      vertex   -2.393582e+01 1.810000e+01 -5.257115e+01
    endloop
  endfacet
  facet normal -7.071068e-01 0.000000e+00 7.071068e-01
    outer loop
      vertex   -2.393582e+01 1.810000e+01 -5.257115e+01
      vertex   -2.442885e+01 1.510000e+01 -5.306418e+01
      vertex   -2.393582e+01 1.510000e+01 -5.257115e+01
    endloop
  endfacet
  facet normal -8.191520e-01 0.000000e+00 5.735764e-01
    outer loop
      vertex   -2.393582e+01 1.810000e+01 -5.257115e+01
      vertex   -2.393582e+01 1.510000e+01 -5.257115e+01
      vertex   -2.353590e+01 1.810000e+01 -5.200000e+01
    endloop
  endfacet
  facet normal -8.191520e-01 0.000000e+00 5.735764e-01
    outer loop
      vertex   -2.353590e+01 1.810000e+01 -5.200000e+01
      vertex   -2.393582e+01 1.510000e+01 -5.257115e+01
      vertex   -2.353590e+01 1.510000e+01 -5.200000e+01
    endloop
  endfacet
  facet normal -9.063078e-01 0.000000e+00 4.226183e-01
    outer loop
      vertex   -2.353590e+01 1.810000e+01 -5.200000e+01
      vertex   -2.353590e+01 1.510000e+01 -5.200000e+01
      vertex   -2.324123e+01 1.810000e+01 -5.136808e+01
    endloop
  endfacet
  facet normal -9.063078e-01 0.000000e+00 4.226183e-01
    outer loop
      vertex   -2.324123e+01 1.810000e+01 -5.136808e+01
      vertex   -2.353590e+01 1.510000e+01 -5.200000e+01
      vertex   -2.324123e+01 1.510000e+01 -5.136808e+01
    endloop
  endfacet
  facet normal -9.659258e-01 0.000000e+00 2.588190e-01
    outer loop
      vertex   -2.324123e+01 1.810000e+01 -5.136808e+01
      vertex   -2.324123e+01 1.510000e+01 -5.136808e+01
      vertex   -2.306077e+01 1.810000e+01 -5.069459e+01
    endloop
  endfacet
  facet normal -9.659258e-01 0.000000e+00 2.588190e-01
    outer loop
      vertex   -2.306077e+01 1.810000e+01 -5.069459e+01
      vertex   -2.324123e+01 1.510000e+01 -5.136808e+01
      vertex   -2.306077e+01 1.510000e+01 -5.069459e+01
    endloop
  endfacet
  facet normal -9.914449e-01 0.000000e+00 1.305262e-01
    outer loop
      vertex   -2.603407e+01 1.810000e+01 -1.110882e+01
      vertex   -2.603407e+01 1.510000e+01 -1.110882e+01
      vertex   -2.600000e+01 1.810000e+01 -1.085000e+01
    endloop
  endfacet
  facet normal -9.914449e-01 0.000000e+00 1.305262e-01
    outer loop
      vertex   -2.600000e+01 1.810000e+01 -1.085000e+01
      vertex   -2.603407e+01 1.510000e+01 -1.110882e+01
      vertex   -2.600000e+01 1.510000e+01 -1.085000e+01
    endloop
  endfacet
  facet normal -9.914449e-01 -0.000000e+00 -1.305262e-01
    outer loop
      vertex   -2.600000e+01 1.810000e+01 -1.085000e+01
      vertex   -2.600000e+01 1.510000e+01 -1.085000e+01
      vertex   -2.603407e+01 1.810000e+01 -1.059118e+01
    endloop
  endfacet
  facet normal -9.914449e-01 -0.000000e+00 -1.305262e-01
    outer loop
      vertex   -2.603407e+01 1.810000e+01 -1.059118e+01
      vertex   -2.600000e+01 1.510000e+01 -1.085000e+01
      vertex   -2.603407e+01 1.510000e+01 -1.059118e+01
    endloop
  endfacet
  facet normal -9.238795e-01 -0.000000e+00 -3.826834e-01
    outer loop
      vertex   -2.603407e+01 1.810000e+01 -1.059118e+01
      vertex   -2.603407e+01 1.510000e+01 -1.059118e+01
      vertex   -2.613397e+01 1.810000e+01 -1.035000e+01
    endloop
  endfacet
  facet normal -9.238795e-01 -0.000000e+00 -3.826834e-01
    outer loop
      vertex   -2.613397e+01 1.810000e+01 -1.035000e+01
      vertex   -2.603407e+01 1.510000e+01 -1.059118e+01
      vertex   -2.613397e+01 1.510000e+01 -1.035000e+01
    endloop
  endfacet
  facet normal -7.933533e-01 -0.000000e+00 -6.087614e-01
    outer loop
      vertex   -2.613397e+01 1.810000e+01 -1.035000e+01
      vertex   -2.613397e+01 1.510000e+01 -1.035000e+01
      vertex   -2.629289e+01 1.810000e+01 -1.014289e+01
    endloop
  endfacet
  facet normal -7.933533e-01 -0.000000e+00 -6.087614e-01
    outer loop
      vertex   -2.629289e+01 1.810000e+01 -1.014289e+01
      vertex   -2.613397e+01 1.510000e+01 -1.035000e+01
      vertex   -2.629289e+01 1.510000e+01 -1.014289e+01
    endloop
  endfacet
  facet normal -6.087614e-01 -0.000000e+00 -7.933533e-01
    outer loop
      vertex   -2.629289e+01 1.810000e+01 -1.014289e+01
      vertex   -2.629289e+01 1.510000e+01 -1.014289e+01
      vertex   -2.650000e+01 1.810000e+01 -9.983975e+00
    endloop
  endfacet
  facet normal -6.087614e-01 -0.000000e+00 -7.933533e-01
    outer loop
      vertex   -2.650000e+01 1.810000e+01 -9.983975e+00
      vertex   -2.629289e+01 1.510000e+01 -1.014289e+01
      vertex   -2.650000e+01 1.510000e+01 -9.983975e+00
    endloop
  endfacet
  facet normal -3.826834e-01 -0.000000e+00 -9.238795e-01
    outer loop
      vertex   -2.650000e+01 1.810000e+01 -9.983975e+00
      vertex   -2.650000e+01 1.510000e+01 -9.983975e+00
      vertex   -2.674118e+01 1.810000e+01 -9.884074e+00
    endloop
  endfacet
  facet normal -3.826834e-01 -5.470466e-16 -9.238795e-01
    outer loop
      vertex   -2.674118e+01 1.810000e+01 -9.884074e+00
      vertex   -2.650000e+01 1.510000e+01 -9.983975e+00
      vertex   -2.674118e+01 1.510000e+01 -9.884074e+00
    endloop
  endfacet
  facet normal -1.305262e-01 -5.870533e-16 -9.914449e-01
    outer loop
      vertex   -2.674118e+01 1.810000e+01 -9.884074e+00
      vertex   -2.674118e+01 1.510000e+01 -9.884074e+00
      vertex   -2.700000e+01 1.810000e+01 -9.850000e+00
    endloop
  endfacet
  facet normal -1.305262e-01 -0.000000e+00 -9.914449e-01
    outer loop
      vertex   -2.700000e+01 1.810000e+01 -9.850000e+00
      vertex   -2.674118e+01 1.510000e+01 -9.884074e+00
      vertex   -2.700000e+01 1.510000e+01 -9.850000e+00
    endloop
  endfacet
  facet normal 1.305262e-01 0.000000e+00 -9.914449e-01
    outer loop
      vertex   -2.700000e+01 1.810000e+01 -9.850000e+00
      vertex   -2.700000e+01 1.510000e+01 -9.850000e+00
      vertex   -2.725882e+01 1.810000e+01 -9.884074e+00
    endloop
  endfacet
  facet normal 1.305262e-01 0.000000e+00 -9.914449e-01
    outer loop
      vertex   -2.725882e+01 1.810000e+01 -9.884074e+00
      vertex   -2.700000e+01 1.510000e+01 -9.850000e+00
      vertex   -2.725882e+01 1.510000e+01 -9.884074e+00
    endloop
  endfacet
  facet normal 3.826834e-01 0.000000e+00 -9.238795e-01
    outer loop
      vertex   -2.725882e+01 1.810000e+01 -9.884074e+00
      vertex   -2.725882e+01 1.510000e+01 -9.884074e+00
      vertex   -2.750000e+01 1.810000e+01 -9.983975e+00
    endloop
  endfacet
  facet normal 3.826834e-01 0.000000e+00 -9.238795e-01
    outer loop
      vertex   -2.750000e+01 1.810000e+01 -9.983975e+00
      vertex   -2.725882e+01 1.510000e+01 -9.884074e+00
      vertex   -2.750000e+01 1.510000e+01 -9.983975e+00
    endloop
  endfacet
  facet normal 6.087614e-01 0.000000e+00 -7.933533e-01
    outer loop
      vertex   -2.750000e+01 1.810000e+01 -9.983975e+00
      vertex   -2.750000e+01 1.510000e+01 -9.983975e+00
      vertex   -2.770711e+01 1.810000e+01 -1.014289e+01
    endloop
  endfacet
  facet normal 6.087614e-01 4.697595e-16 -7.933533e-01
    outer loop
      vertex   -2.770711e+01 1.810000e+01 -1.014289e+01
      vertex   -2.750000e+01 1.510000e+01 -9.983975e+00
      vertex   -2.770711e+01 1.510000e+01 -1.014289e+01
    endloop
  endfacet
  facet normal 7.933533e-01 3.604592e-16 -6.087614e-01
    outer loop
      vertex   -2.770711e+01 1.810000e+01 -1.014289e+01
      vertex   -2.770711e+01 1.510000e+01 -1.014289e+01
      vertex   -2.786603e+01 1.810000e+01 -1.035000e+01
    endloop
  endfacet
  facet normal 7.933533e-01 0.000000e+00 -6.087614e-01
    outer loop
      vertex   -2.786603e+01 1.810000e+01 -1.035000e+01
      vertex   -2.770711e+01 1.510000e+01 -1.014289e+01
      vertex   -2.786603e+01 1.510000e+01 -1.035000e+01
    endloop
  endfacet
  facet normal 9.238795e-01 0.000000e+00 -3.826834e-01
    outer loop
      vertex   -2.786603e+01 1.810000e+01 -1.035000e+01
      vertex   -2.786603e+01 1.510000e+01 -1.035000e+01
      vertex   -2.796593e+01 1.810000e+01 -1.059118e+01
    endloop
  endfacet
  facet normal 9.238795e-01 0.000000e+00 -3.826834e-01
    outer loop
      vertex   -2.796593e+01 1.810000e+01 -1.059118e+01
      vertex   -2.786603e+01 1.510000e+01 -1.035000e+01
      vertex   -2.796593e+01 1.510000e+01 -1.059118e+01
    endloop
  endfacet
  facet normal 9.914449e-01 0.000000e+00 -1.305262e-01
    outer loop
      vertex   -2.796593e+01 1.810000e+01 -1.059118e+01
      vertex   -2.796593e+01 1.510000e+01 -1.059118e+01
      vertex   -2.800000e+01 1.810000e+01 -1.085000e+01
    endloop
  endfacet
  facet normal 9.914449e-01 0.000000e+00 -1.305262e-01
    outer loop
      vertex   -2.800000e+01 1.810000e+01 -1.085000e+01
      vertex   -2.796593e+01 1.510000e+01 -1.059118e+01
      vertex   -2.800000e+01 1.510000e+01 -1.085000e+01
    endloop
  endfacet
  facet normal 9.914449e-01 0.000000e+00 1.305262e-01
    outer loop
      vertex   -2.800000e+01 1.810000e+01 -1.085000e+01
      vertex   -2.800000e+01 1.510000e+01 -1.085000e+01
      vertex   -2.796593e+01 1.810000e+01 -1.110882e+01
    endloop
  endfacet
  facet normal 9.914449e-01 0.000000e+00 1.305262e-01
    outer loop
      vertex   -2.796593e+01 1.810000e+01 -1.110882e+01
      vertex   -2.800000e+01 1.510000e+01 -1.085000e+01
      vertex   -2.796593e+01 1.510000e+01 -1.110882e+01
    endloop
  endfacet
  facet normal 9.238795e-01 0.000000e+00 3.826834e-01
    outer loop
      vertex   -2.796593e+01 1.810000e+01 -1.110882e+01
      vertex   -2.796593e+01 1.510000e+01 -1.110882e+01
      vertex   -2.786603e+01 1.810000e+01 -1.135000e+01
    endloop
  endfacet
  facet normal 9.238795e-01 0.000000e+00 3.826834e-01
    outer loop
      vertex   -2.786603e+01 1.810000e+01 -1.135000e+01
      vertex   -2.796593e+01 1.510000e+01 -1.110882e+01
      vertex   -2.786603e+01 1.510000e+01 -1.135000e+01
    endloop
  endfacet
  facet normal 7.933533e-01 0.000000e+00 6.087614e-01
    outer loop
      vertex   -2.786603e+01 1.810000e+01 -1.135000e+01
      vertex   -2.786603e+01 1.510000e+01 -1.135000e+01
      vertex   -2.770711e+01 1.810000e+01 -1.155711e+01
    endloop
  endfacet
  facet normal 7.933533e-01 -3.604592e-16 6.087614e-01
    outer loop
      vertex   -2.770711e+01 1.810000e+01 -1.155711e+01
      vertex   -2.786603e+01 1.510000e+01 -1.135000e+01
      vertex   -2.770711e+01 1.510000e+01 -1.155711e+01
    endloop
  endfacet
  facet normal 6.087614e-01 -4.697595e-16 7.933533e-01
    outer loop
      vertex   -2.770711e+01 1.810000e+01 -1.155711e+01
      vertex   -2.770711e+01 1.510000e+01 -1.155711e+01
      vertex   -2.750000e+01 1.810000e+01 -1.171603e+01
    endloop
  endfacet
  facet normal 6.087614e-01 0.000000e+00 7.933533e-01
    outer loop
      vertex   -2.750000e+01 1.810000e+01 -1.171603e+01
      vertex   -2.770711e+01 1.510000e+01 -1.155711e+01
      vertex   -2.750000e+01 1.510000e+01 -1.171603e+01
    endloop
  endfacet
  facet normal 3.826834e-01 0.000000e+00 9.238795e-01
    outer loop
      vertex   -2.750000e+01 1.810000e+01 -1.171603e+01
      vertex   -2.750000e+01 1.510000e+01 -1.171603e+01
      vertex   -2.725882e+01 1.810000e+01 -1.181593e+01
    endloop
  endfacet
  facet normal 3.826834e-01 0.000000e+00 9.238795e-01
    outer loop
      vertex   -2.725882e+01 1.810000e+01 -1.181593e+01
      vertex   -2.750000e+01 1.510000e+01 -1.171603e+01
      vertex   -2.725882e+01 1.510000e+01 -1.181593e+01
    endloop
  endfacet
  facet normal 1.305262e-01 0.000000e+00 9.914449e-01
    outer loop
      vertex   -2.725882e+01 1.810000e+01 -1.181593e+01
      vertex   -2.725882e+01 1.510000e+01 -1.181593e+01
      vertex   -2.700000e+01 1.810000e+01 -1.185000e+01
    endloop
  endfacet
  facet normal 1.305262e-01 0.000000e+00 9.914449e-01
    outer loop
      vertex   -2.700000e+01 1.810000e+01 -1.185000e+01
      vertex   -2.725882e+01 1.510000e+01 -1.181593e+01
      vertex   -2.700000e+01 1.510000e+01 -1.185000e+01
    endloop
  endfacet
  facet normal -1.305262e-01 0.000000e+00 9.914449e-01
    outer loop
      vertex   -2.700000e+01 1.810000e+01 -1.185000e+01
      vertex   -2.700000e+01 1.510000e+01 -1.185000e+01
      vertex   -2.674118e+01 1.810000e+01 -1.181593e+01
    endloop
  endfacet
  facet normal -1.305262e-01 0.000000e+00 9.914449e-01
    outer loop
      vertex   -2.674118e+01 1.810000e+01 -1.181593e+01
      vertex   -2.700000e+01 1.510000e+01 -1.185000e+01
      vertex   -2.674118e+01 1.510000e+01 -1.181593e+01
    endloop
  endfacet
  facet normal -3.826834e-01 0.000000e+00 9.238795e-01
    outer loop
      vertex   -2.674118e+01 1.810000e+01 -1.181593e+01
      vertex   -2.674118e+01 1.510000e+01 -1.181593e+01
      vertex   -2.650000e+01 1.810000e+01 -1.171603e+01
    endloop
  endfacet
  facet normal -3.826834e-01 0.000000e+00 9.238795e-01
    outer loop
      vertex   -2.650000e+01 1.810000e+01 -1.171603e+01
      vertex   -2.674118e+01 1.510000e+01 -1.181593e+01
      vertex   -2.650000e+01 1.510000e+01 -1.171603e+01
    endloop
  endfacet
  facet normal -6.087614e-01 0.000000e+00 7.933533e-01
    outer loop
      vertex   -2.650000e+01 1.810000e+01 -1.171603e+01
      vertex   -2.650000e+01 1.510000e+01 -1.171603e+01
      vertex   -2.629289e+01 1.810000e+01 -1.155711e+01
    endloop
  endfacet
  facet normal -6.087614e-01 0.000000e+00 7.933533e-01
    outer loop
      vertex   -2.629289e+01 1.810000e+01 -1.155711e+01
      vertex   -2.650000e+01 1.510000e+01 -1.171603e+01
      vertex   -2.629289e+01 1.510000e+01 -1.155711e+01
    endloop
  endfacet
  facet normal -7.933533e-01 0.000000e+00 6.087614e-01
    outer loop
      vertex   -2.629289e+01 1.810000e+01 -1.155711e+01
      vertex   -2.629289e+01 1.510000e+01 -1.155711e+01
      vertex   -2.613397e+01 1.810000e+01 -1.135000e+01
    endloop
  endfacet
  facet normal -7.933533e-01 0.000000e+00 6.087614e-01
    outer loop
      vertex   -2.613397e+01 1.810000e+01 -1.135000e+01
      vertex   -2.629289e+01 1.510000e+01 -1.155711e+01
      vertex   -2.613397e+01 1.510000e+01 -1.135000e+01
    endloop
  endfacet
  facet normal -9.238795e-01 0.000000e+00 3.826834e-01
    outer loop
      vertex   -2.613397e+01 1.810000e+01 -1.135000e+01
      vertex   -2.613397e+01 1.510000e+01 -1.135000e+01
      vertex   -2.603407e+01 1.810000e+01 -1.110882e+01
    endloop
  endfacet
  facet normal -9.238795e-01 0.000000e+00 3.826834e-01
    outer loop
      vertex   -2.603407e+01 1.810000e+01 -1.110882e+01
      vertex   -2.613397e+01 1.510000e+01 -1.135000e+01
      vertex   -2.603407e+01 1.510000e+01 -1.110882e+01
    endloop
  endfacet
  facet normal -9.914449e-01 0.000000e+00 1.305262e-01
    outer loop
      vertex   -2.603407e+01 1.810000e+01 -3.960882e+01
      vertex   -2.603407e+01 1.510000e+01 -3.960882e+01
      vertex   -2.600000e+01 1.810000e+01 -3.935000e+01
    endloop
  endfacet
  facet normal -9.914449e-01 0.000000e+00 1.305262e-01
    outer loop
      vertex   -2.600000e+01 1.810000e+01 -3.935000e+01
      vertex   -2.603407e+01 1.510000e+01 -3.960882e+01
      vertex   -2.600000e+01 1.510000e+01 -3.935000e+01
    endloop
  endfacet
  facet normal -9.914449e-01 -0.000000e+00 -1.305262e-01
    outer loop
      vertex   -2.600000e+01 1.810000e+01 -3.935000e+01
      vertex   -2.600000e+01 1.510000e+01 -3.935000e+01
      vertex   -2.603407e+01 1.810000e+01 -3.909118e+01
    endloop
  endfacet
  facet normal -9.914449e-01 -0.000000e+00 -1.305262e-01
    outer loop
      vertex   -2.603407e+01 1.810000e+01 -3.909118e+01
      vertex   -2.600000e+01 1.510000e+01 -3.935000e+01
      vertex   -2.603407e+01 1.510000e+01 -3.909118e+01
    endloop
  endfacet
  facet normal -9.238795e-01 -0.000000e+00 -3.826834e-01
    outer loop
      vertex   -2.603407e+01 1.810000e+01 -3.909118e+01
      vertex   -2.603407e+01 1.510000e+01 -3.909118e+01
      vertex   -2.613397e+01 1.810000e+01 -3.885000e+01
    endloop
  endfacet
  facet normal -9.238795e-01 -0.000000e+00 -3.826834e-01
    outer loop
      vertex   -2.613397e+01 1.810000e+01 -3.885000e+01
      vertex   -2.603407e+01 1.510000e+01 -3.909118e+01
      vertex   -2.613397e+01 1.510000e+01 -3.885000e+01
    endloop
  endfacet
  facet normal -7.933533e-01 -0.000000e+00 -6.087614e-01
    outer loop
      vertex   -2.613397e+01 1.810000e+01 -3.885000e+01
      vertex   -2.613397e+01 1.510000e+01 -3.885000e+01
      vertex   -2.629289e+01 1.810000e+01 -3.864289e+01
    endloop
  endfacet
  facet normal -7.933533e-01 -0.000000e+00 -6.087614e-01
    outer loop
      vertex   -2.629289e+01 1.810000e+01 -3.864289e+01
      vertex   -2.613397e+01 1.510000e+01 -3.885000e+01
      vertex   -2.629289e+01 1.510000e+01 -3.864289e+01
    endloop
  endfacet
  facet normal -6.087614e-01 -0.000000e+00 -7.933533e-01
    outer loop
      vertex   -2.629289e+01 1.810000e+01 -3.864289e+01
      vertex   -2.629289e+01 1.510000e+01 -3.864289e+01
      vertex   -2.650000e+01 1.810000e+01 -3.848397e+01
    endloop
  endfacet
  facet normal -6.087614e-01 -0.000000e+00 -7.933533e-01
    outer loop
      vertex   -2.650000e+01 1.810000e+01 -3.848397e+01
      vertex   -2.629289e+01 1.510000e+01 -3.864289e+01
      vertex   -2.650000e+01 1.510000e+01 -3.848397e+01
    endloop
  endfacet
  facet normal -3.826834e-01 -0.000000e+00 -9.238795e-01
    outer loop
      vertex   -2.650000e+01 1.810000e+01 -3.848397e+01
      vertex   -2.650000e+01 1.510000e+01 -3.848397e+01
      vertex   -2.674118e+01 1.810000e+01 -3.838407e+01
    endloop
  endfacet
  facet normal -3.826834e-01 -0.000000e+00 -9.238795e-01
    outer loop
      vertex   -2.674118e+01 1.810000e+01 -3.838407e+01
      vertex   -2.650000e+01 1.510000e+01 -3.848397e+01
      vertex   -2.674118e+01 1.510000e+01 -3.838407e+01
    endloop
  endfacet
  facet normal -1.305262e-01 -0.000000e+00 -9.914449e-01
    outer loop
      vertex   -2.674118e+01 1.810000e+01 -3.838407e+01
      vertex   -2.674118e+01 1.510000e+01 -3.838407e+01
      vertex   -2.700000e+01 1.810000e+01 -3.835000e+01
    endloop
  endfacet
  facet normal -1.305262e-01 -0.000000e+00 -9.914449e-01
    outer loop
      vertex   -2.700000e+01 1.810000e+01 -3.835000e+01
      vertex   -2.674118e+01 1.510000e+01 -3.838407e+01
      vertex   -2.700000e+01 1.510000e+01 -3.835000e+01
    endloop
  endfacet
  facet normal 1.305262e-01 0.000000e+00 -9.914449e-01
    outer loop
      vertex   -2.700000e+01 1.810000e+01 -3.835000e+01
      vertex   -2.700000e+01 1.510000e+01 -3.835000e+01
      vertex   -2.725882e+01 1.810000e+01 -3.838407e+01
    endloop
  endfacet
  facet normal 1.305262e-01 0.000000e+00 -9.914449e-01
    outer loop
      vertex   -2.725882e+01 1.810000e+01 -3.838407e+01
      vertex   -2.700000e+01 1.510000e+01 -3.835000e+01
      vertex   -2.725882e+01 1.510000e+01 -3.838407e+01
    endloop
  endfacet
  facet normal 3.826834e-01 0.000000e+00 -9.238795e-01
    outer loop
      vertex   -2.725882e+01 1.810000e+01 -3.838407e+01
      vertex   -2.725882e+01 1.510000e+01 -3.838407e+01
      vertex   -2.750000e+01 1.810000e+01 -3.848397e+01
    endloop
  endfacet
  facet normal 3.826834e-01 0.000000e+00 -9.238795e-01
    outer loop
      vertex   -2.750000e+01 1.810000e+01 -3.848397e+01
      vertex   -2.725882e+01 1.510000e+01 -3.838407e+01
      vertex   -2.750000e+01 1.510000e+01 -3.848397e+01
    endloop
  endfacet
  facet normal 6.087614e-01 0.000000e+00 -7.933533e-01
    outer loop
      vertex   -2.750000e+01 1.810000e+01 -3.848397e+01
      vertex   -2.750000e+01 1.510000e+01 -3.848397e+01
      vertex   -2.770711e+01 1.810000e+01 -3.864289e+01
    endloop
  endfacet
  facet normal 6.087614e-01 0.000000e+00 -7.933533e-01
    outer loop
      vertex   -2.770711e+01 1.810000e+01 -3.864289e+01
      vertex   -2.750000e+01 1.510000e+01 -3.848397e+01
      vertex   -2.770711e+01 1.510000e+01 -3.864289e+01
    endloop
  endfacet
  facet normal 7.933533e-01 0.000000e+00 -6.087614e-01
    outer loop
      vertex   -2.770711e+01 1.810000e+01 -3.864289e+01
      vertex   -2.770711e+01 1.510000e+01 -3.864289e+01
      vertex   -2.786603e+01 1.810000e+01 -3.885000e+01
    endloop
  endfacet
  facet normal 7.933533e-01 0.000000e+00 -6.087614e-01
    outer loop
      vertex   -2.786603e+01 1.810000e+01 -3.885000e+01
      vertex   -2.770711e+01 1.510000e+01 -3.864289e+01
      vertex   -2.786603e+01 1.510000e+01 -3.885000e+01
    endloop
  endfacet
  facet normal 9.238795e-01 0.000000e+00 -3.826834e-01
    outer loop
      vertex   -2.786603e+01 1.810000e+01 -3.885000e+01
      vertex   -2.786603e+01 1.510000e+01 -3.885000e+01
      vertex   -2.796593e+01 1.810000e+01 -3.909118e+01
    endloop
  endfacet
  facet normal 9.238795e-01 0.000000e+00 -3.826834e-01
    outer loop
      vertex   -2.796593e+01 1.810000e+01 -3.909118e+01
      vertex   -2.786603e+01 1.510000e+01 -3.885000e+01
      vertex   -2.796593e+01 1.510000e+01 -3.909118e+01
    endloop
  endfacet
  facet normal 9.914449e-01 0.000000e+00 -1.305262e-01
    outer loop
      vertex   -2.796593e+01 1.810000e+01 -3.909118e+01
      vertex   -2.796593e+01 1.510000e+01 -3.909118e+01
      vertex   -2.800000e+01 1.810000e+01 -3.935000e+01
    endloop
  endfacet
  facet normal 9.914449e-01 0.000000e+00 -1.305262e-01
    outer loop
      vertex   -2.800000e+01 1.810000e+01 -3.935000e+01
      vertex   -2.796593e+01 1.510000e+01 -3.909118e+01
      vertex   -2.800000e+01 1.510000e+01 -3.935000e+01
    endloop
  endfacet
  facet normal 9.914449e-01 0.000000e+00 1.305262e-01
    outer loop
      vertex   -2.800000e+01 1.810000e+01 -3.935000e+01
      vertex   -2.800000e+01 1.510000e+01 -3.935000e+01
      vertex   -2.796593e+01 1.810000e+01 -3.960882e+01
    endloop
  endfacet
  facet normal 9.914449e-01 0.000000e+00 1.305262e-01
    outer loop
      vertex   -2.796593e+01 1.810000e+01 -3.960882e+01
      vertex   -2.800000e+01 1.510000e+01 -3.935000e+01
      vertex   -2.796593e+01 1.510000e+01 -3.960882e+01
    endloop
  endfacet
  facet normal 9.238795e-01 0.000000e+00 3.826834e-01
    outer loop
      vertex   -2.796593e+01 1.810000e+01 -3.960882e+01
      vertex   -2.796593e+01 1.510000e+01 -3.960882e+01
      vertex   -2.786603e+01 1.810000e+01 -3.985000e+01
    endloop
  endfacet
  facet normal 9.238795e-01 0.000000e+00 3.826834e-01
    outer loop
      vertex   -2.786603e+01 1.810000e+01 -3.985000e+01
      vertex   -2.796593e+01 1.510000e+01 -3.960882e+01
      vertex   -2.786603e+01 1.510000e+01 -3.985000e+01
    endloop
  endfacet
  facet normal 7.933533e-01 0.000000e+00 6.087614e-01
    outer loop
      vertex   -2.786603e+01 1.810000e+01 -3.985000e+01
      vertex   -2.786603e+01 1.510000e+01 -3.985000e+01
      vertex   -2.770711e+01 1.810000e+01 -4.005711e+01
    endloop
  endfacet
  facet normal 7.933533e-01 0.000000e+00 6.087614e-01
    outer loop
      vertex   -2.770711e+01 1.810000e+01 -4.005711e+01
      vertex   -2.786603e+01 1.510000e+01 -3.985000e+01
      vertex   -2.770711e+01 1.510000e+01 -4.005711e+01
    endloop
  endfacet
  facet normal 6.087614e-01 0.000000e+00 7.933533e-01
    outer loop
      vertex   -2.770711e+01 1.810000e+01 -4.005711e+01
      vertex   -2.770711e+01 1.510000e+01 -4.005711e+01
      vertex   -2.750000e+01 1.810000e+01 -4.021603e+01
    endloop
  endfacet
  facet normal 6.087614e-01 0.000000e+00 7.933533e-01
    outer loop
      vertex   -2.750000e+01 1.810000e+01 -4.021603e+01
      vertex   -2.770711e+01 1.510000e+01 -4.005711e+01
      vertex   -2.750000e+01 1.510000e+01 -4.021603e+01
    endloop
  endfacet
  facet normal 3.826834e-01 0.000000e+00 9.238795e-01
    outer loop
      vertex   -2.750000e+01 1.810000e+01 -4.021603e+01
      vertex   -2.750000e+01 1.510000e+01 -4.021603e+01
      vertex   -2.725882e+01 1.810000e+01 -4.031593e+01
    endloop
  endfacet
  facet normal 3.826834e-01 0.000000e+00 9.238795e-01
    outer loop
      vertex   -2.725882e+01 1.810000e+01 -4.031593e+01
      vertex   -2.750000e+01 1.510000e+01 -4.021603e+01
      vertex   -2.725882e+01 1.510000e+01 -4.031593e+01
    endloop
  endfacet
  facet normal 1.305262e-01 0.000000e+00 9.914449e-01
    outer loop
      vertex   -2.725882e+01 1.810000e+01 -4.031593e+01
      vertex   -2.725882e+01 1.510000e+01 -4.031593e+01
      vertex   -2.700000e+01 1.810000e+01 -4.035000e+01
    endloop
  endfacet
  facet normal 1.305262e-01 0.000000e+00 9.914449e-01
    outer loop
      vertex   -2.700000e+01 1.810000e+01 -4.035000e+01
      vertex   -2.725882e+01 1.510000e+01 -4.031593e+01
      vertex   -2.700000e+01 1.510000e+01 -4.035000e+01
    endloop
  endfacet
  facet normal -1.305262e-01 0.000000e+00 9.914449e-01
    outer loop
      vertex   -2.700000e+01 1.810000e+01 -4.035000e+01
      vertex   -2.700000e+01 1.510000e+01 -4.035000e+01
      vertex   -2.674118e+01 1.810000e+01 -4.031593e+01
    endloop
  endfacet
  facet normal -1.305262e-01 0.000000e+00 9.914449e-01
    outer loop
      vertex   -2.674118e+01 1.810000e+01 -4.031593e+01
      vertex   -2.700000e+01 1.510000e+01 -4.035000e+01
      vertex   -2.674118e+01 1.510000e+01 -4.031593e+01
    endloop
  endfacet
  facet normal -3.826834e-01 0.000000e+00 9.238795e-01
    outer loop
      vertex   -2.674118e+01 1.810000e+01 -4.031593e+01
      vertex   -2.674118e+01 1.510000e+01 -4.031593e+01
      vertex   -2.650000e+01 1.810000e+01 -4.021603e+01
    endloop
  endfacet
  facet normal -3.826834e-01 0.000000e+00 9.238795e-01
    outer loop
      vertex   -2.650000e+01 1.810000e+01 -4.021603e+01
      vertex   -2.674118e+01 1.510000e+01 -4.031593e+01
      vertex   -2.650000e+01 1.510000e+01 -4.021603e+01
    endloop
  endfacet
  facet normal -6.087614e-01 0.000000e+00 7.933533e-01
    outer loop
      vertex   -2.650000e+01 1.810000e+01 -4.021603e+01
      vertex   -2.650000e+01 1.510000e+01 -4.021603e+01
      vertex   -2.629289e+01 1.810000e+01 -4.005711e+01
    endloop
  endfacet
  facet normal -6.087614e-01 0.000000e+00 7.933533e-01
    outer loop
      vertex   -2.629289e+01 1.810000e+01 -4.005711e+01
      vertex   -2.650000e+01 1.510000e+01 -4.021603e+01
      vertex   -2.629289e+01 1.510000e+01 -4.005711e+01
    endloop
  endfacet
  facet normal -7.933533e-01 0.000000e+00 6.087614e-01
    outer loop
      vertex   -2.629289e+01 1.810000e+01 -4.005711e+01
      vertex   -2.629289e+01 1.510000e+01 -4.005711e+01
      vertex   -2.613397e+01 1.810000e+01 -3.985000e+01
    endloop
  endfacet
  facet normal -7.933533e-01 0.000000e+00 6.087614e-01
    outer loop
      vertex   -2.613397e+01 1.810000e+01 -3.985000e+01
      vertex   -2.629289e+01 1.510000e+01 -4.005711e+01
      vertex   -2.613397e+01 1.510000e+01 -3.985000e+01
    endloop
  endfacet
  facet normal -9.238795e-01 0.000000e+00 3.826834e-01
    outer loop
      vertex   -2.613397e+01 1.810000e+01 -3.985000e+01
      vertex   -2.613397e+01 1.510000e+01 -3.985000e+01
      vertex   -2.603407e+01 1.810000e+01 -3.960882e+01
    endloop
  endfacet
  facet normal -9.238795e-01 0.000000e+00 3.826834e-01
    outer loop
      vertex   -2.603407e+01 1.810000e+01 -3.960882e+01
      vertex   -2.613397e+01 1.510000e+01 -3.985000e+01
      vertex   -2.603407e+01 1.510000e+01 -3.960882e+01
    endloop
  endfacet
  facet normal 0.000000e+00 0.000000e+00 -1.000000e+00
    outer loop
      vertex   -3.000000e+01 1.810000e+01 -6.307746e+01
      vertex   -1.000000e+01 1.810000e+01 -6.307746e+01
      vertex   -3.000000e+01 1.510000e+01 -6.307746e+01
    endloop
  endfacet
  facet normal 0.000000e+00 0.000000e+00 -1.000000e+00
    outer loop
      vertex   -3.000000e+01 1.510000e+01 -6.307746e+01
      vertex   -1.000000e+01 1.810000e+01 -6.307746e+01
      vertex   -1.000000e+01 1.510000e+01 -6.307746e+01
    endloop
  endfacet
  facet normal -7.071068e-01 -0.000000e+00 -7.071068e-01
    outer loop
      vertex   -3.500000e+01 1.810000e+01 -5.807746e+01
      vertex   -3.000000e+01 1.810000e+01 -6.307746e+01
      vertex   -3.500000e+01 1.510000e+01 -5.807746e+01
    endloop
  endfacet
  facet normal -7.071068e-01 0.000000e+00 -7.071068e-01
    outer loop
      vertex   -3.500000e+01 1.510000e+01 -5.807746e+01
      vertex   -3.000000e+01 1.810000e+01 -6.307746e+01
      vertex   -3.000000e+01 1.510000e+01 -6.307746e+01
    endloop
  endfacet
  facet normal -1.000000e+00 -0.000000e+00 -0.000000e+00
    outer loop
      vertex   -3.500000e+01 1.810000e+01 -1.200000e+01
      vertex   -3.500000e+01 1.810000e+01 -5.807746e+01
      vertex   -3.500000e+01 1.510000e+01 -1.200000e+01
    endloop
  endfacet
  facet normal -1.000000e+00 0.000000e+00 0.000000e+00
    outer loop
      vertex   -3.500000e+01 1.510000e+01 -1.200000e+01
      vertex   -3.500000e+01 1.810000e+01 -5.807746e+01
      vertex   -3.500000e+01 1.510000e+01 -5.807746e+01
    endloop
  endfacet
  facet normal -7.071068e-01 0.000000e+00 7.071068e-01
    outer loop
      vertex   -3.000000e+01 1.810000e+01 -7.000000e+00
      vertex   -3.500000e+01 1.810000e+01 -1.200000e+01
      vertex   -3.000000e+01 1.510000e+01 -7.000000e+00
    endloop
  endfacet
  facet normal -7.071068e-01 0.000000e+00 7.071068e-01
    outer loop
      vertex   -3.000000e+01 1.510000e+01 -7.000000e+00
      vertex   -3.500000e+01 1.810000e+01 -1.200000e+01
      vertex   -3.500000e+01 1.510000e+01 -1.200000e+01
    endloop
  endfacet
  facet normal 0.000000e+00 0.000000e+00 1.000000e+00
    outer loop
      vertex   -1.000000e+01 1.810000e+01 -7.000000e+00
      vertex   -3.000000e+01 1.810000e+01 -7.000000e+00
      vertex   -1.000000e+01 1.510000e+01 -7.000000e+00
    endloop
  endfacet
  facet normal 0.000000e+00 0.000000e+00 1.000000e+00
    outer loop
      vertex   -1.000000e+01 1.510000e+01 -7.000000e+00
      vertex   -3.000000e+01 1.810000e+01 -7.000000e+00
      vertex   -3.000000e+01 1.510000e+01 -7.000000e+00
    endloop
  endfacet
  facet normal -0.000000e+00 -1.000000e+00 -0.000000e+00
    outer loop
      vertex   -1.000000e+01 1.510000e+01 -6.300000e+01
      vertex   -2.324123e+01 1.510000e+01 -5.136808e+01
      vertex   -1.000000e+01 1.510000e+01 -6.307746e+01
    endloop
  endfacet
  facet normal 0.000000e+00 -1.000000e+00 0.000000e+00
    outer loop
      vertex   -1.000000e+01 1.510000e+01 -6.307746e+01
      vertex   -2.324123e+01 1.510000e+01 -5.136808e+01
      vertex   -2.353590e+01 1.510000e+01 -5.200000e+01
    endloop
  endfacet
  facet normal 0.000000e+00 -1.000000e+00 0.000000e+00
    outer loop
      vertex   -1.000000e+01 1.510000e+01 -6.307746e+01
      vertex   -2.353590e+01 1.510000e+01 -5.200000e+01
      vertex   -2.393582e+01 1.510000e+01 -5.257115e+01
    endloop
  endfacet
  facet normal 0.000000e+00 -1.000000e+00 -0.000000e+00
    outer loop
      vertex   -1.000000e+01 1.510000e+01 -7.000000e+00
      vertex   -2.080000e+01 1.510000e+01 -3.685000e+01
      vertex   -1.000000e+01 1.510000e+01 -6.300000e+01
    endloop
  endfacet
  facet normal 0.000000e+00 -1.000000e+00 0.000000e+00
    outer loop
      vertex   -1.000000e+01 1.510000e+01 -6.300000e+01
      vertex   -2.080000e+01 1.510000e+01 -3.685000e+01
      vertex   -2.300000e+01 1.510000e+01 -5.000000e+01
    endloop
  endfacet
  facet normal 0.000000e+00 -1.000000e+00 0.000000e+00
    outer loop
      vertex   -1.000000e+01 1.510000e+01 -6.300000e+01
      vertex   -2.300000e+01 1.510000e+01 -5.000000e+01
      vertex   -2.306077e+01 1.510000e+01 -5.069459e+01
    endloop
  endfacet
  facet normal 0.000000e+00 -1.000000e+00 0.000000e+00
    outer loop
      vertex   -3.000000e+01 1.510000e+01 -7.000000e+00
      vertex   -2.650000e+01 1.510000e+01 -9.983975e+00
      vertex   -1.000000e+01 1.510000e+01 -7.000000e+00
    endloop
  endfacet
  facet normal 0.000000e+00 -1.000000e+00 0.000000e+00
    outer loop
      vertex   -1.000000e+01 1.510000e+01 -7.000000e+00
      vertex   -2.650000e+01 1.510000e+01 -9.983975e+00
      vertex   -2.629289e+01 1.510000e+01 -1.014289e+01
    endloop
  endfacet
  facet normal 0.000000e+00 -1.000000e+00 0.000000e+00
    outer loop
      vertex   -1.000000e+01 1.510000e+01 -7.000000e+00
      vertex   -2.629289e+01 1.510000e+01 -1.014289e+01
      vertex   -2.080000e+01 1.510000e+01 -1.335000e+01
    endloop
  endfacet
  facet normal 0.000000e+00 -1.000000e+00 0.000000e+00
    outer loop
      vertex   -2.080000e+01 1.510000e+01 -1.335000e+01
      vertex   -2.629289e+01 1.510000e+01 -1.014289e+01
      vertex   -2.613397e+01 1.510000e+01 -1.035000e+01
    endloop
  endfacet
  facet normal 0.000000e+00 -1.000000e+00 0.000000e+00
    outer loop
      vertex   -2.080000e+01 1.510000e+01 -1.335000e+01
      vertex   -2.613397e+01 1.510000e+01 -1.035000e+01
      vertex   -2.603407e+01 1.510000e+01 -1.059118e+01
    endloop
  endfacet
  facet normal 0.000000e+00 -1.000000e+00 0.000000e+00
    outer loop
      vertex   -3.500000e+01 1.510000e+01 -1.200000e+01
      vertex   -3.320000e+01 1.510000e+01 -1.335000e+01
      vertex   -3.000000e+01 1.510000e+01 -7.000000e+00
    endloop
  endfacet
  facet normal 0.000000e+00 -1.000000e+00 -0.000000e+00
    outer loop
      vertex   -3.000000e+01 1.510000e+01 -7.000000e+00
      vertex   -3.320000e+01 1.510000e+01 -1.335000e+01
      vertex   -2.796593e+01 1.510000e+01 -1.110882e+01
    endloop
  endfacet
  facet normal 0.000000e+00 -1.000000e+00 0.000000e+00
    outer loop
      vertex   -3.000000e+01 1.510000e+01 -7.000000e+00
      vertex   -2.796593e+01 1.510000e+01 -1.110882e+01
      vertex   -2.800000e+01 1.510000e+01 -1.085000e+01
    endloop
  endfacet
  facet normal -0.000000e+00 -1.000000e+00 -0.000000e+00
    outer loop
      vertex   -3.320000e+01 1.510000e+01 -1.335000e+01
      vertex   -3.500000e+01 1.510000e+01 -1.200000e+01
      vertex   -3.320000e+01 1.510000e+01 -3.685000e+01
    endloop
  endfacet
  facet normal -0.000000e+00 -1.000000e+00 0.000000e+00
    outer loop
      vertex   -3.320000e+01 1.510000e+01 -3.685000e+01
      vertex   -3.500000e+01 1.510000e+01 -1.200000e+01
      vertex   -3.500000e+01 1.510000e+01 -5.807746e+01
    endloop
  endfacet
  facet normal 0.000000e+00 -1.000000e+00 -0.000000e+00
    outer loop
      vertex   -3.320000e+01 1.510000e+01 -3.685000e+01
      vertex   -3.500000e+01 1.510000e+01 -5.807746e+01
      vertex   -3.093923e+01 1.510000e+01 -4.930541e+01
    endloop
  endfacet
  facet normal 0.000000e+00 -1.000000e+00 0.000000e+00
    outer loop
      vertex   -3.093923e+01 1.510000e+01 -4.930541e+01
      vertex   -3.500000e+01 1.510000e+01 -5.807746e+01
      vertex   -3.100000e+01 1.510000e+01 -5.000000e+01
    endloop
  endfacet
  facet normal 0.000000e+00 -1.000000e+00 -0.000000e+00
    outer loop
      vertex   -3.100000e+01 1.510000e+01 -5.000000e+01
      vertex   -3.500000e+01 1.510000e+01 -5.807746e+01
      vertex   -3.093923e+01 1.510000e+01 -5.069459e+01
    endloop
  endfacet
  facet normal 0.000000e+00 -1.000000e+00 -0.000000e+00
    outer loop
      vertex   -3.093923e+01 1.510000e+01 -5.069459e+01
      vertex   -3.500000e+01 1.510000e+01 -5.807746e+01
      vertex   -3.075877e+01 1.510000e+01 -5.136808e+01
    endloop
  endfacet
  facet normal 0.000000e+00 -1.000000e+00 -0.000000e+00
    outer loop
      vertex   -3.075877e+01 1.510000e+01 -5.136808e+01
      vertex   -3.500000e+01 1.510000e+01 -5.807746e+01
      vertex   -3.046410e+01 1.510000e+01 -5.200000e+01
    endloop
  endfacet
  facet normal 0.000000e+00 -1.000000e+00 -0.000000e+00
    outer loop
      vertex   -3.046410e+01 1.510000e+01 -5.200000e+01
      vertex   -3.500000e+01 1.510000e+01 -5.807746e+01
      vertex   -3.000000e+01 1.510000e+01 -6.307746e+01
    endloop
  endfacet
  facet normal 0.000000e+00 -1.000000e+00 0.000000e+00
    outer loop
      vertex   -3.046410e+01 1.510000e+01 -5.200000e+01
      vertex   -3.000000e+01 1.510000e+01 -6.307746e+01
      vertex   -3.006418e+01 1.510000e+01 -5.257115e+01
    endloop
  endfacet
  facet normal 0.000000e+00 -1.000000e+00 0.000000e+00
    outer loop
      vertex   -3.006418e+01 1.510000e+01 -5.257115e+01
      vertex   -3.000000e+01 1.510000e+01 -6.307746e+01
      vertex   -2.957115e+01 1.510000e+01 -5.306418e+01
    endloop
  endfacet
  facet normal 0.000000e+00 -1.000000e+00 -0.000000e+00
    outer loop
      vertex   -2.957115e+01 1.510000e+01 -5.306418e+01
      vertex   -3.000000e+01 1.510000e+01 -6.307746e+01
      vertex   -2.900000e+01 1.510000e+01 -5.346410e+01
    endloop
  endfacet
  facet normal 0.000000e+00 -1.000000e+00 -0.000000e+00
    outer loop
      vertex   -2.900000e+01 1.510000e+01 -5.346410e+01
      vertex   -3.000000e+01 1.510000e+01 -6.307746e+01
      vertex   -2.836808e+01 1.510000e+01 -5.375877e+01
    endloop
  endfacet
  facet normal 0.000000e+00 -1.000000e+00 -0.000000e+00
    outer loop
      vertex   -2.836808e+01 1.510000e+01 -5.375877e+01
      vertex   -3.000000e+01 1.510000e+01 -6.307746e+01
      vertex   -2.769459e+01 1.510000e+01 -5.393923e+01
    endloop
  endfacet
  facet normal 0.000000e+00 -1.000000e+00 -0.000000e+00
    outer loop
      vertex   -2.769459e+01 1.510000e+01 -5.393923e+01
      vertex   -3.000000e+01 1.510000e+01 -6.307746e+01
      vertex   -2.700000e+01 1.510000e+01 -5.400000e+01
    endloop
  endfacet
  facet normal 0.000000e+00 -1.000000e+00 -0.000000e+00
    outer loop
      vertex   -2.700000e+01 1.510000e+01 -5.400000e+01
      vertex   -3.000000e+01 1.510000e+01 -6.307746e+01
      vertex   -2.630541e+01 1.510000e+01 -5.393923e+01
    endloop
  endfacet
  facet normal 0.000000e+00 -1.000000e+00 -0.000000e+00
    outer loop
      vertex   -2.630541e+01 1.510000e+01 -5.393923e+01
      vertex   -3.000000e+01 1.510000e+01 -6.307746e+01
      vertex   -2.563192e+01 1.510000e+01 -5.375877e+01
    endloop
  endfacet
  facet normal 0.000000e+00 -1.000000e+00 -0.000000e+00
    outer loop
      vertex   -2.563192e+01 1.510000e+01 -5.375877e+01
      vertex   -3.000000e+01 1.510000e+01 -6.307746e+01
      vertex   -2.500000e+01 1.510000e+01 -5.346410e+01
    endloop
  endfacet
  facet normal 0.000000e+00 -1.000000e+00 -0.000000e+00
    outer loop
      vertex   -2.500000e+01 1.510000e+01 -5.346410e+01
      vertex   -3.000000e+01 1.510000e+01 -6.307746e+01
      vertex   -2.442885e+01 1.510000e+01 -5.306418e+01
    endloop
  endfacet
  facet normal 0.000000e+00 -1.000000e+00 -0.000000e+00
    outer loop
      vertex   -2.442885e+01 1.510000e+01 -5.306418e+01
      vertex   -3.000000e+01 1.510000e+01 -6.307746e+01
      vertex   -1.000000e+01 1.510000e+01 -6.307746e+01
    endloop
  endfacet
  facet normal 0.000000e+00 -1.000000e+00 0.000000e+00
    outer loop
      vertex   -2.442885e+01 1.510000e+01 -5.306418e+01
      vertex   -1.000000e+01 1.510000e+01 -6.307746e+01
      vertex   -2.393582e+01 1.510000e+01 -5.257115e+01
    endloop
  endfacet
  facet normal 0.000000e+00 -1.000000e+00 0.000000e+00
    outer loop
      vertex   -2.603407e+01 1.510000e+01 -3.960882e+01
      vertex   -2.442885e+01 1.510000e+01 -4.693582e+01
      vertex   -2.600000e+01 1.510000e+01 -3.935000e+01
    endloop
  endfacet
  facet normal 0.000000e+00 -1.000000e+00 0.000000e+00
    outer loop
      vertex   -2.600000e+01 1.510000e+01 -3.935000e+01
      vertex   -2.442885e+01 1.510000e+01 -4.693582e+01
      vertex   -2.080000e+01 1.510000e+01 -3.685000e+01
    endloop
  endfacet
  facet normal 0.000000e+00 -1.000000e+00 0.000000e+00
    outer loop
      vertex   -2.600000e+01 1.510000e+01 -3.935000e+01
      vertex   -2.080000e+01 1.510000e+01 -3.685000e+01
      vertex   -2.603407e+01 1.510000e+01 -3.909118e+01
    endloop
  endfacet
  facet normal 0.000000e+00 -1.000000e+00 0.000000e+00
    outer loop
      vertex   -2.603407e+01 1.510000e+01 -3.909118e+01
      vertex   -2.080000e+01 1.510000e+01 -3.685000e+01
      vertex   -2.613397e+01 1.510000e+01 -3.885000e+01
    endloop
  endfacet
  facet normal 0.000000e+00 -1.000000e+00 0.000000e+00
    outer loop
      vertex   -2.613397e+01 1.510000e+01 -3.885000e+01
      vertex   -2.080000e+01 1.510000e+01 -3.685000e+01
      vertex   -2.629289e+01 1.510000e+01 -3.864289e+01
    endloop
  endfacet
  facet normal 0.000000e+00 -1.000000e+00 0.000000e+00
    outer loop
      vertex   -2.629289e+01 1.510000e+01 -3.864289e+01
      vertex   -2.080000e+01 1.510000e+01 -3.685000e+01
      vertex   -2.650000e+01 1.510000e+01 -3.848397e+01
    endloop
  endfacet
  facet normal 0.000000e+00 -1.000000e+00 0.000000e+00
    outer loop
      vertex   -2.650000e+01 1.510000e+01 -3.848397e+01
      vertex   -2.080000e+01 1.510000e+01 -3.685000e+01
      vertex   -2.674118e+01 1.510000e+01 -3.838407e+01
    endloop
  endfacet
  facet normal 0.000000e+00 -1.000000e+00 0.000000e+00
    outer loop
      vertex   -2.674118e+01 1.510000e+01 -3.838407e+01
      vertex   -2.080000e+01 1.510000e+01 -3.685000e+01
      vertex   -2.700000e+01 1.510000e+01 -3.835000e+01
    endloop
  endfacet
  facet normal 0.000000e+00 -1.000000e+00 0.000000e+00
    outer loop
      vertex   -2.700000e+01 1.510000e+01 -3.835000e+01
      vertex   -2.080000e+01 1.510000e+01 -3.685000e+01
      vertex   -3.320000e+01 1.510000e+01 -3.685000e+01
    endloop
  endfacet
  facet normal -0.000000e+00 -1.000000e+00 0.000000e+00
    outer loop
      vertex   -2.700000e+01 1.510000e+01 -3.835000e+01
      vertex   -3.320000e+01 1.510000e+01 -3.685000e+01
      vertex   -2.725882e+01 1.510000e+01 -3.838407e+01
    endloop
  endfacet
  facet normal -0.000000e+00 -1.000000e+00 0.000000e+00
    outer loop
      vertex   -2.725882e+01 1.510000e+01 -3.838407e+01
      vertex   -3.320000e+01 1.510000e+01 -3.685000e+01
      vertex   -2.750000e+01 1.510000e+01 -3.848397e+01
    endloop
  endfacet
  facet normal -0.000000e+00 -1.000000e+00 0.000000e+00
    outer loop
      vertex   -2.750000e+01 1.510000e+01 -3.848397e+01
      vertex   -3.320000e+01 1.510000e+01 -3.685000e+01
      vertex   -2.770711e+01 1.510000e+01 -3.864289e+01
    endloop
  endfacet
  facet normal -0.000000e+00 -1.000000e+00 0.000000e+00
    outer loop
      vertex   -2.770711e+01 1.510000e+01 -3.864289e+01
      vertex   -3.320000e+01 1.510000e+01 -3.685000e+01
      vertex   -2.786603e+01 1.510000e+01 -3.885000e+01
    endloop
  endfacet
  facet normal -0.000000e+00 -1.000000e+00 0.000000e+00
    outer loop
      vertex   -2.786603e+01 1.510000e+01 -3.885000e+01
      vertex   -3.320000e+01 1.510000e+01 -3.685000e+01
      vertex   -2.796593e+01 1.510000e+01 -3.909118e+01
    endloop
  endfacet
  facet normal -0.000000e+00 -1.000000e+00 0.000000e+00
    outer loop
      vertex   -2.796593e+01 1.510000e+01 -3.909118e+01
      vertex   -3.320000e+01 1.510000e+01 -3.685000e+01
      vertex   -2.800000e+01 1.510000e+01 -3.935000e+01
    endloop
  endfacet
  facet normal -0.000000e+00 -1.000000e+00 0.000000e+00
    outer loop
      vertex   -2.800000e+01 1.510000e+01 -3.935000e+01
      vertex   -3.320000e+01 1.510000e+01 -3.685000e+01
      vertex   -2.957115e+01 1.510000e+01 -4.693582e+01
    endloop
  endfacet
  facet normal 0.000000e+00 -1.000000e+00 -0.000000e+00
    outer loop
      vertex   -2.800000e+01 1.510000e+01 -3.935000e+01
      vertex   -2.957115e+01 1.510000e+01 -4.693582e+01
      vertex   -2.796593e+01 1.510000e+01 -3.960882e+01
    endloop
  endfacet
  facet normal 0.000000e+00 -1.000000e+00 0.000000e+00
    outer loop
      vertex   -2.796593e+01 1.510000e+01 -3.960882e+01
      vertex   -2.957115e+01 1.510000e+01 -4.693582e+01
      vertex   -2.900000e+01 1.510000e+01 -4.653590e+01
    endloop
  endfacet
  facet normal 0.000000e+00 -1.000000e+00 -0.000000e+00
    outer loop
      vertex   -2.796593e+01 1.510000e+01 -3.960882e+01
      vertex   -2.900000e+01 1.510000e+01 -4.653590e+01
      vertex   -2.786603e+01 1.510000e+01 -3.985000e+01
    endloop
  endfacet
  facet normal 0.000000e+00 -1.000000e+00 0.000000e+00
    outer loop
      vertex   -2.786603e+01 1.510000e+01 -3.985000e+01
      vertex   -2.900000e+01 1.510000e+01 -4.653590e+01
      vertex   -2.836808e+01 1.510000e+01 -4.624123e+01
    endloop
  endfacet
  facet normal 0.000000e+00 -1.000000e+00 -0.000000e+00
    outer loop
      vertex   -2.786603e+01 1.510000e+01 -3.985000e+01
      vertex   -2.836808e+01 1.510000e+01 -4.624123e+01
      vertex   -2.770711e+01 1.510000e+01 -4.005711e+01
    endloop
  endfacet
  facet normal 0.000000e+00 -1.000000e+00 -0.000000e+00
    outer loop
      vertex   -2.770711e+01 1.510000e+01 -4.005711e+01
      vertex   -2.836808e+01 1.510000e+01 -4.624123e+01
      vertex   -2.769459e+01 1.510000e+01 -4.606077e+01
    endloop
  endfacet
  facet normal 0.000000e+00 -1.000000e+00 0.000000e+00
    outer loop
      vertex   -2.770711e+01 1.510000e+01 -4.005711e+01
      vertex   -2.769459e+01 1.510000e+01 -4.606077e+01
      vertex   -2.750000e+01 1.510000e+01 -4.021603e+01
    endloop
  endfacet
  facet normal 0.000000e+00 -1.000000e+00 -0.000000e+00
    outer loop
      vertex   -2.750000e+01 1.510000e+01 -4.021603e+01
      vertex   -2.769459e+01 1.510000e+01 -4.606077e+01
      vertex   -2.725882e+01 1.510000e+01 -4.031593e+01
    endloop
  endfacet
  facet normal 0.000000e+00 -1.000000e+00 -0.000000e+00
    outer loop
      vertex   -2.725882e+01 1.510000e+01 -4.031593e+01
      vertex   -2.769459e+01 1.510000e+01 -4.606077e+01
      vertex   -2.700000e+01 1.510000e+01 -4.600000e+01
    endloop
  endfacet
  facet normal 0.000000e+00 -1.000000e+00 0.000000e+00
    outer loop
      vertex   -2.725882e+01 1.510000e+01 -4.031593e+01
      vertex   -2.700000e+01 1.510000e+01 -4.600000e+01
      vertex   -2.700000e+01 1.510000e+01 -4.035000e+01
    endloop
  endfacet
  facet normal 0.000000e+00 -1.000000e+00 0.000000e+00
    outer loop
      vertex   -2.700000e+01 1.510000e+01 -4.035000e+01
      vertex   -2.700000e+01 1.510000e+01 -4.600000e+01
      vertex   -2.674118e+01 1.510000e+01 -4.031593e+01
    endloop
  endfacet
  facet normal 0.000000e+00 -1.000000e+00 -0.000000e+00
    outer loop
      vertex   -2.674118e+01 1.510000e+01 -4.031593e+01
      vertex   -2.700000e+01 1.510000e+01 -4.600000e+01
      vertex   -2.630541e+01 1.510000e+01 -4.606077e+01
    endloop
  endfacet
  facet normal 0.000000e+00 -1.000000e+00 0.000000e+00
    outer loop
      vertex   -2.674118e+01 1.510000e+01 -4.031593e+01
      vertex   -2.630541e+01 1.510000e+01 -4.606077e+01
      vertex   -2.650000e+01 1.510000e+01 -4.021603e+01
    endloop
  endfacet
  facet normal 0.000000e+00 -1.000000e+00 0.000000e+00
    outer loop
      vertex   -2.650000e+01 1.510000e+01 -4.021603e+01
      vertex   -2.630541e+01 1.510000e+01 -4.606077e+01
      vertex   -2.629289e+01 1.510000e+01 -4.005711e+01
    endloop
  endfacet
  facet normal 0.000000e+00 -1.000000e+00 -0.000000e+00
    outer loop
      vertex   -2.629289e+01 1.510000e+01 -4.005711e+01
      vertex   -2.630541e+01 1.510000e+01 -4.606077e+01
      vertex   -2.563192e+01 1.510000e+01 -4.624123e+01
    endloop
  endfacet
  facet normal 0.000000e+00 -1.000000e+00 0.000000e+00
    outer loop
      vertex   -2.629289e+01 1.510000e+01 -4.005711e+01
      vertex   -2.563192e+01 1.510000e+01 -4.624123e+01
      vertex   -2.613397e+01 1.510000e+01 -3.985000e+01
    endloop
  endfacet
  facet normal 0.000000e+00 -1.000000e+00 0.000000e+00
    outer loop
      vertex   -2.613397e+01 1.510000e+01 -3.985000e+01
      vertex   -2.563192e+01 1.510000e+01 -4.624123e+01
      vertex   -2.500000e+01 1.510000e+01 -4.653590e+01
    endloop
  endfacet
  facet normal 0.000000e+00 -1.000000e+00 0.000000e+00
    outer loop
      vertex   -2.613397e+01 1.510000e+01 -3.985000e+01
      vertex   -2.500000e+01 1.510000e+01 -4.653590e+01
      vertex   -2.603407e+01 1.510000e+01 -3.960882e+01
    endloop
  endfacet
  facet normal 0.000000e+00 -1.000000e+00 0.000000e+00
    outer loop
      vertex   -2.603407e+01 1.510000e+01 -3.960882e+01
      vertex   -2.500000e+01 1.510000e+01 -4.653590e+01
      vertex   -2.442885e+01 1.510000e+01 -4.693582e+01
    endloop
  endfacet
  facet normal 0.000000e+00 -1.000000e+00 0.000000e+00
    outer loop
      vertex   -2.603407e+01 1.510000e+01 -1.059118e+01
      vertex   -2.600000e+01 1.510000e+01 -1.085000e+01
      vertex   -2.080000e+01 1.510000e+01 -1.335000e+01
    endloop
  endfacet
  facet normal 0.000000e+00 -1.000000e+00 0.000000e+00
    outer loop
      vertex   -2.080000e+01 1.510000e+01 -1.335000e+01
      vertex   -2.600000e+01 1.510000e+01 -1.085000e+01
      vertex   -2.603407e+01 1.510000e+01 -1.110882e+01
    endloop
  endfacet
  facet normal 0.000000e+00 -1.000000e+00 0.000000e+00
    outer loop
      vertex   -2.080000e+01 1.510000e+01 -1.335000e+01
      vertex   -2.603407e+01 1.510000e+01 -1.110882e+01
      vertex   -2.613397e+01 1.510000e+01 -1.135000e+01
    endloop
  endfacet
  facet normal 0.000000e+00 -1.000000e+00 -0.000000e+00
    outer loop
      vertex   -2.613397e+01 1.510000e+01 -1.135000e+01
      vertex   -2.629289e+01 1.510000e+01 -1.155711e+01
      vertex   -2.080000e+01 1.510000e+01 -1.335000e+01
    endloop
  endfacet
  facet normal 0.000000e+00 -1.000000e+00 0.000000e+00
    outer loop
      vertex   -2.080000e+01 1.510000e+01 -1.335000e+01
      vertex   -2.629289e+01 1.510000e+01 -1.155711e+01
      vertex   -2.650000e+01 1.510000e+01 -1.171603e+01
    endloop
  endfacet
  facet normal 0.000000e+00 -1.000000e+00 0.000000e+00
    outer loop
      vertex   -2.080000e+01 1.510000e+01 -1.335000e+01
      vertex   -2.650000e+01 1.510000e+01 -1.171603e+01
      vertex   -2.674118e+01 1.510000e+01 -1.181593e+01
    endloop
  endfacet
  facet normal 0.000000e+00 -1.000000e+00 -0.000000e+00
    outer loop
      vertex   -2.674118e+01 1.510000e+01 -1.181593e+01
      vertex   -2.700000e+01 1.510000e+01 -1.185000e+01
      vertex   -2.080000e+01 1.510000e+01 -1.335000e+01
    endloop
  endfacet
  facet normal 0.000000e+00 -1.000000e+00 0.000000e+00
    outer loop
      vertex   -2.080000e+01 1.510000e+01 -1.335000e+01
      vertex   -2.700000e+01 1.510000e+01 -1.185000e+01
      vertex   -3.320000e+01 1.510000e+01 -1.335000e+01
    endloop
  endfacet
  facet normal 0.000000e+00 -1.000000e+00 0.000000e+00
    outer loop
      vertex   -3.320000e+01 1.510000e+01 -1.335000e+01
      vertex   -2.700000e+01 1.510000e+01 -1.185000e+01
      vertex   -2.725882e+01 1.510000e+01 -1.181593e+01
    endloop
  endfacet
  facet normal 0.000000e+00 -1.000000e+00 0.000000e+00
    outer loop
      vertex   -3.320000e+01 1.510000e+01 -1.335000e+01
      vertex   -2.725882e+01 1.510000e+01 -1.181593e+01
      vertex   -2.750000e+01 1.510000e+01 -1.171603e+01
    endloop
  endfacet
  facet normal -0.000000e+00 -1.000000e+00 0.000000e+00
    outer loop
      vertex   -2.750000e+01 1.510000e+01 -1.171603e+01
      vertex   -2.770711e+01 1.510000e+01 -1.155711e+01
      vertex   -3.320000e+01 1.510000e+01 -1.335000e+01
    endloop
  endfacet
  facet normal 0.000000e+00 -1.000000e+00 0.000000e+00
    outer loop
      vertex   -3.320000e+01 1.510000e+01 -1.335000e+01
      vertex   -2.770711e+01 1.510000e+01 -1.155711e+01
      vertex   -2.786603e+01 1.510000e+01 -1.135000e+01
    endloop
  endfacet
  facet normal 0.000000e+00 -1.000000e+00 0.000000e+00
    outer loop
      vertex   -3.320000e+01 1.510000e+01 -1.335000e+01
      vertex   -2.786603e+01 1.510000e+01 -1.135000e+01
      vertex   -2.796593e+01 1.510000e+01 -1.110882e+01
    endloop
  endfacet
  facet normal 0.000000e+00 -1.000000e+00 0.000000e+00
    outer loop
      vertex   -2.800000e+01 1.510000e+01 -1.085000e+01
      vertex   -2.796593e+01 1.510000e+01 -1.059118e+01
      vertex   -3.000000e+01 1.510000e+01 -7.000000e+00
    endloop
  endfacet
  facet normal 0.000000e+00 -1.000000e+00 0.000000e+00
    outer loop
      vertex   -3.000000e+01 1.510000e+01 -7.000000e+00
      vertex   -2.796593e+01 1.510000e+01 -1.059118e+01
      vertex   -2.786603e+01 1.510000e+01 -1.035000e+01
    endloop
  endfacet
  facet normal 0.000000e+00 -1.000000e+00 0.000000e+00
    outer loop
      vertex   -3.000000e+01 1.510000e+01 -7.000000e+00
      vertex   -2.786603e+01 1.510000e+01 -1.035000e+01
      vertex   -2.770711e+01 1.510000e+01 -1.014289e+01
    endloop
  endfacet
  facet normal 0.000000e+00 -1.000000e+00 0.000000e+00
    outer loop
      vertex   -2.770711e+01 1.510000e+01 -1.014289e+01
      vertex   -2.750000e+01 1.510000e+01 -9.983975e+00
      vertex   -3.000000e+01 1.510000e+01 -7.000000e+00
    endloop
  endfacet
  facet normal 0.000000e+00 -1.000000e+00 0.000000e+00
    outer loop
      vertex   -3.000000e+01 1.510000e+01 -7.000000e+00
      vertex   -2.750000e+01 1.510000e+01 -9.983975e+00
      vertex   -2.725882e+01 1.510000e+01 -9.884074e+00
    endloop
  endfacet
  facet normal 0.000000e+00 -1.000000e+00 0.000000e+00
    outer loop
      vertex   -3.000000e+01 1.510000e+01 -7.000000e+00
      vertex   -2.725882e+01 1.510000e+01 -9.884074e+00
      vertex   -2.700000e+01 1.510000e+01 -9.850000e+00
    endloop
  endfacet
  facet normal 0.000000e+00 -1.000000e+00 0.000000e+00
    outer loop
      vertex   -2.700000e+01 1.510000e+01 -9.850000e+00
      vertex   -2.674118e+01 1.510000e+01 -9.884074e+00
      vertex   -3.000000e+01 1.510000e+01 -7.000000e+00
    endloop
  endfacet
  facet normal 0.000000e+00 -1.000000e+00 0.000000e+00
    outer loop
      vertex   -3.000000e+01 1.510000e+01 -7.000000e+00
      vertex   -2.674118e+01 1.510000e+01 -9.884074e+00
      vertex   -2.650000e+01 1.510000e+01 -9.983975e+00
    endloop
  endfacet
  facet normal 0.000000e+00 -1.000000e+00 -0.000000e+00
    outer loop
      vertex   -2.306077e+01 1.510000e+01 -5.069459e+01
      vertex   -2.324123e+01 1.510000e+01 -5.136808e+01
      vertex   -1.000000e+01 1.510000e+01 -6.300000e+01
    endloop
  endfacet
  facet normal 0.000000e+00 -1.000000e+00 0.000000e+00
    outer loop
      vertex   -3.093923e+01 1.510000e+01 -4.930541e+01
      vertex   -3.075877e+01 1.510000e+01 -4.863192e+01
      vertex   -3.320000e+01 1.510000e+01 -3.685000e+01
    endloop
  endfacet
  facet normal 0.000000e+00 -1.000000e+00 0.000000e+00
    outer loop
      vertex   -3.320000e+01 1.510000e+01 -3.685000e+01
      vertex   -3.075877e+01 1.510000e+01 -4.863192e+01
      vertex   -3.046410e+01 1.510000e+01 -4.800000e+01
    endloop
  endfacet
  facet normal 0.000000e+00 -1.000000e+00 0.000000e+00
    outer loop
      vertex   -3.320000e+01 1.510000e+01 -3.685000e+01
      vertex   -3.046410e+01 1.510000e+01 -4.800000e+01
      vertex   -3.006418e+01 1.510000e+01 -4.742885e+01
    endloop
  endfacet
  facet normal 0.000000e+00 -1.000000e+00 0.000000e+00
    outer loop
      vertex   -3.006418e+01 1.510000e+01 -4.742885e+01
      vertex   -2.957115e+01 1.510000e+01 -4.693582e+01
      vertex   -3.320000e+01 1.510000e+01 -3.685000e+01
    endloop
  endfacet
  facet normal 0.000000e+00 -1.000000e+00 0.000000e+00
    outer loop
      vertex   -2.442885e+01 1.510000e+01 -4.693582e+01
      vertex   -2.393582e+01 1.510000e+01 -4.742885e+01
      vertex   -2.080000e+01 1.510000e+01 -3.685000e+01
    endloop
  endfacet
  facet normal 0.000000e+00 -1.000000e+00 0.000000e+00
    outer loop
      vertex   -2.080000e+01 1.510000e+01 -3.685000e+01
      vertex   -2.393582e+01 1.510000e+01 -4.742885e+01
      vertex   -2.353590e+01 1.510000e+01 -4.800000e+01
    endloop
  endfacet
  facet normal 0.000000e+00 -1.000000e+00 0.000000e+00
    outer loop
      vertex   -2.080000e+01 1.510000e+01 -3.685000e+01
      vertex   -2.353590e+01 1.510000e+01 -4.800000e+01
      vertex   -2.324123e+01 1.510000e+01 -4.863192e+01
    endloop
  endfacet
  facet normal 0.000000e+00 -1.000000e+00 0.000000e+00
    outer loop
      vertex   -2.324123e+01 1.510000e+01 -4.863192e+01
      vertex   -2.306077e+01 1.510000e+01 -4.930541e+01
      vertex   -2.080000e+01 1.510000e+01 -3.685000e+01
    endloop
  endfacet
  facet normal 0.000000e+00 -1.000000e+00 0.000000e+00
    outer loop
      vertex   -2.080000e+01 1.510000e+01 -3.685000e+01
      vertex   -2.306077e+01 1.510000e+01 -4.930541e+01
      vertex   -2.300000e+01 1.510000e+01 -5.000000e+01
    endloop
  endfacet
  facet normal 0.000000e+00 -1.000000e+00 0.000000e+00
    outer loop
      vertex   -2.080000e+01 1.510000e+01 -1.335000e+01
      vertex   -2.080000e+01 1.510000e+01 -3.685000e+01
      vertex   -1.000000e+01 1.510000e+01 -7.000000e+00
    endloop
  endfacet
  facet normal -1.000000e+00 3.364304e-13 -1.217884e-13
    outer loop
      vertex   -1.000000e+01 1.104060e+01 -1.800957e+01
      vertex   -1.000000e+01 1.055000e+01 -1.795000e+01
      vertex   -1.000000e+01 1.510000e+01 -7.000000e+00
    endloop
  endfacet
  facet normal -1.000000e+00 -3.721827e-13 1.726581e-13
    outer loop
      vertex   -1.000000e+01 1.510000e+01 -7.000000e+00
      vertex   -1.000000e+01 1.055000e+01 -1.795000e+01
      vertex   -1.000000e+01 1.005940e+01 -1.800957e+01
    endloop
  endfacet
  facet normal -1.000000e+00 -1.036672e-15 2.733481e-15
    outer loop
      vertex   -1.000000e+01 1.510000e+01 -7.000000e+00
      vertex   -1.000000e+01 1.005940e+01 -1.800957e+01
      vertex   -1.000000e+01 9.597317e+00 -1.818482e+01
    endloop
  endfacet
  facet normal -1.000000e+00 0.000000e+00 2.223461e-15
    outer loop
      vertex   -1.000000e+01 1.510000e+01 -7.000000e+00
      vertex   -1.000000e+01 9.597317e+00 -1.818482e+01
      vertex   -1.000000e+01 3.000000e+00 -7.000000e+00
    endloop
  endfacet
  facet normal -1.000000e+00 -1.090682e-15 1.580126e-15
    outer loop
      vertex   -1.000000e+01 3.000000e+00 -7.000000e+00
      vertex   -1.000000e+01 9.597317e+00 -1.818482e+01
      vertex   -1.000000e+01 9.190599e+00 -1.846555e+01
    endloop
  endfacet
  facet normal -1.000000e+00 -1.521208e-15 1.347672e-15
    outer loop
      vertex   -1.000000e+01 3.000000e+00 -7.000000e+00
      vertex   -1.000000e+01 9.190599e+00 -1.846555e+01
      vertex   -1.000000e+01 8.862883e+00 -1.883547e+01
    endloop
  endfacet
  facet normal -1.000000e+00 -2.059610e-15 1.080967e-15
    outer loop
      vertex   -1.000000e+01 8.862883e+00 -1.883547e+01
      vertex   -1.000000e+01 8.633217e+00 -1.927306e+01
      vertex   -1.000000e+01 3.000000e+00 -7.000000e+00
    endloop
  endfacet
  facet normal -1.000000e+00 -2.872288e-15 7.079553e-16
    outer loop
      vertex   -1.000000e+01 3.000000e+00 -7.000000e+00
      vertex   -1.000000e+01 8.633217e+00 -1.927306e+01
      vertex   -1.000000e+01 8.514947e+00 -1.975290e+01
    endloop
  endfacet
  facet normal -1.000000e+00 -4.509381e-15 -3.704810e-29
    outer loop
      vertex   -1.000000e+01 3.000000e+00 -7.000000e+00
      vertex   -1.000000e+01 8.514947e+00 -1.975290e+01
      vertex   -1.000000e+01 8.514947e+00 -2.024710e+01
    endloop
  endfacet
  facet normal -1.000000e+00 -6.384378e-15 -1.573608e-15
    outer loop
      vertex   -1.000000e+01 8.633217e+00 -2.072694e+01
      vertex   -1.000000e+01 8.633217e+00 -3.427306e+01
      vertex   -1.000000e+01 8.514947e+00 -2.024710e+01
    endloop
  endfacet
  facet normal -1.000000e+00 5.961999e-15 -1.469501e-15
    outer loop
      vertex   -1.000000e+01 8.514947e+00 -2.024710e+01
      vertex   -1.000000e+01 8.633217e+00 -3.427306e+01
      vertex   -1.000000e+01 8.514947e+00 -3.475290e+01
    endloop
  endfacet
  facet normal -1.000000e+00 -8.039174e-15 -1.469501e-15
    outer loop
      vertex   -1.000000e+01 8.514947e+00 -2.024710e+01
      vertex   -1.000000e+01 8.514947e+00 -3.475290e+01
      vertex   -1.000000e+01 3.000000e+00 -7.000000e+00
    endloop
  endfacet
  facet normal -1.000000e+00 -6.441973e-16 -6.946520e-30
    outer loop
      vertex   -1.000000e+01 3.000000e+00 -7.000000e+00
      vertex   -1.000000e+01 8.514947e+00 -3.475290e+01
      vertex   -1.000000e+01 8.514947e+00 -3.524710e+01
    endloop
  endfacet
  facet normal -1.000000e+00 -6.441973e-16 -0.000000e+00
    outer loop
      vertex   -1.000000e+01 3.000000e+00 -7.000000e+00
      vertex   -1.000000e+01 8.514947e+00 -3.524710e+01
      vertex   -1.000000e+01 3.000000e+00 -6.300000e+01
    endloop
  endfacet
  facet normal -1.000000e+00 -6.441973e-16 -6.153214e-30
    outer loop
      vertex   -1.000000e+01 3.000000e+00 -6.300000e+01
      vertex   -1.000000e+01 8.514947e+00 -3.524710e+01
      vertex   -1.000000e+01 8.514947e+00 -4.975290e+01
    endloop
  endfacet
  facet normal -1.000000e+00 -6.441973e-16 -2.315507e-30
    outer loop
      vertex   -1.000000e+01 3.000000e+00 -6.300000e+01
      vertex   -1.000000e+01 8.514947e+00 -4.975290e+01
      vertex   -1.000000e+01 8.514947e+00 -5.024710e+01
    endloop
  endfacet
  facet normal -1.000000e+00 2.998259e-15 -1.573608e-15
    outer loop
      vertex   -1.000000e+01 8.633217e+00 -3.427306e+01
      vertex   -1.000000e+01 8.633217e+00 -2.072694e+01
      vertex   -1.000000e+01 8.862883e+00 -3.383547e+01
    endloop
  endfacet
  facet normal -1.000000e+00 -3.205350e-15 -1.682298e-15
    outer loop
      vertex   -1.000000e+01 8.862883e+00 -3.383547e+01
      vertex   -1.000000e+01 8.633217e+00 -2.072694e+01
      vertex   -1.000000e+01 8.862883e+00 -2.116453e+01
    endloop
  endfacet
  facet normal -1.000000e+00 1.898921e-15 -1.682298e-15
    outer loop
      vertex   -1.000000e+01 8.862883e+00 -3.383547e+01
      vertex   -1.000000e+01 8.862883e+00 -2.116453e+01
      vertex   -1.000000e+01 9.190599e+00 -3.346555e+01
    endloop
  endfacet
  facet normal -1.000000e+00 -2.016670e-15 -1.786614e-15
    outer loop
      vertex   -1.000000e+01 9.190599e+00 -3.346555e+01
      vertex   -1.000000e+01 8.862883e+00 -2.116453e+01
      vertex   -1.000000e+01 9.190599e+00 -2.153445e+01
    endloop
  endfacet
  facet normal -1.000000e+00 1.233211e-15 -1.786614e-15
    outer loop
      vertex   -1.000000e+01 9.190599e+00 -3.346555e+01
      vertex   -1.000000e+01 9.190599e+00 -2.153445e+01
      vertex   -1.000000e+01 9.597317e+00 -3.318482e+01
    endloop
  endfacet
  facet normal -1.000000e+00 -1.294111e-15 -1.874844e-15
    outer loop
      vertex   -1.000000e+01 9.597317e+00 -3.318482e+01
      vertex   -1.000000e+01 9.190599e+00 -2.153445e+01
      vertex   -1.000000e+01 9.597317e+00 -2.181518e+01
    endloop
  endfacet
  facet normal -1.000000e+00 7.110345e-16 -1.874844e-15
    outer loop
      vertex   -1.000000e+01 9.597317e+00 -3.318482e+01
      vertex   -1.000000e+01 9.597317e+00 -2.181518e+01
      vertex   -1.000000e+01 1.005940e+01 -3.300957e+01
    endloop
  endfacet
  facet normal -1.000000e+00 -7.336508e-16 -1.934478e-15
    outer loop
      vertex   -1.000000e+01 1.005940e+01 -3.300957e+01
      vertex   -1.000000e+01 9.597317e+00 -2.181518e+01
      vertex   -1.000000e+01 1.005940e+01 -2.199043e+01
    endloop
  endfacet
  facet normal -1.000000e+00 -3.944329e-13 -1.934478e-15
    outer loop
      vertex   -1.000000e+01 1.005940e+01 -3.300957e+01
      vertex   -1.000000e+01 1.005940e+01 -2.199043e+01
      vertex   -1.000000e+01 1.055000e+01 -3.295000e+01
    endloop
  endfacet
  facet normal -1.000000e+00 1.919432e-15 1.580795e-14
    outer loop
      vertex   -1.000000e+01 1.055000e+01 -3.295000e+01
      vertex   -1.000000e+01 1.005940e+01 -2.199043e+01
      vertex   -1.000000e+01 1.055000e+01 -2.205000e+01
    endloop
  endfacet
  facet normal -1.000000e+00 3.965873e-13 1.580795e-14
    outer loop
      vertex   -1.000000e+01 1.055000e+01 -3.295000e+01
      vertex   -1.000000e+01 1.055000e+01 -2.205000e+01
      vertex   -1.000000e+01 1.104060e+01 -3.300957e+01
    endloop
  endfacet
  facet normal -1.000000e+00 2.348882e-16 -1.934478e-15
    outer loop
      vertex   -1.000000e+01 1.104060e+01 -3.300957e+01
      vertex   -1.000000e+01 1.055000e+01 -2.205000e+01
      vertex   -1.000000e+01 1.104060e+01 -2.199043e+01
    endloop
  endfacet
  facet normal -1.000000e+00 -7.336508e-16 -1.934478e-15
    outer loop
      vertex   -1.000000e+01 1.104060e+01 -3.300957e+01
      vertex   -1.000000e+01 1.104060e+01 -2.199043e+01
      vertex   -1.000000e+01 1.150268e+01 -3.318482e+01
    endloop
  endfacet
  facet normal -1.000000e+00 7.110345e-16 -1.874844e-15
    outer loop
      vertex   -1.000000e+01 1.150268e+01 -3.318482e+01
      vertex   -1.000000e+01 1.104060e+01 -2.199043e+01
      vertex   -1.000000e+01 1.150268e+01 -2.181518e+01
    endloop
  endfacet
  facet normal -1.000000e+00 -1.294111e-15 -1.874844e-15
    outer loop
      vertex   -1.000000e+01 1.150268e+01 -3.318482e+01
      vertex   -1.000000e+01 1.150268e+01 -2.181518e+01
      vertex   -1.000000e+01 1.190940e+01 -3.346555e+01
    endloop
  endfacet
  facet normal -1.000000e+00 1.233211e-15 -1.786614e-15
    outer loop
      vertex   -1.000000e+01 1.190940e+01 -3.346555e+01
      vertex   -1.000000e+01 1.150268e+01 -2.181518e+01
      vertex   -1.000000e+01 1.190940e+01 -2.153445e+01
    endloop
  endfacet
  facet normal -1.000000e+00 -2.016670e-15 -1.786614e-15
    outer loop
      vertex   -1.000000e+01 1.190940e+01 -3.346555e+01
      vertex   -1.000000e+01 1.190940e+01 -2.153445e+01
      vertex   -1.000000e+01 1.223712e+01 -3.383547e+01
    endloop
  endfacet
  facet normal -1.000000e+00 1.898921e-15 -1.682298e-15
    outer loop
      vertex   -1.000000e+01 1.223712e+01 -3.383547e+01
      vertex   -1.000000e+01 1.190940e+01 -2.153445e+01
      vertex   -1.000000e+01 1.223712e+01 -2.116453e+01
    endloop
  endfacet
  facet normal -1.000000e+00 -3.205350e-15 -1.682298e-15
    outer loop
      vertex   -1.000000e+01 1.223712e+01 -3.383547e+01
      vertex   -1.000000e+01 1.223712e+01 -2.116453e+01
      vertex   -1.000000e+01 1.246678e+01 -3.427306e+01
    endloop
  endfacet
  facet normal -1.000000e+00 2.998259e-15 -1.573608e-15
    outer loop
      vertex   -1.000000e+01 1.246678e+01 -3.427306e+01
      vertex   -1.000000e+01 1.223712e+01 -2.116453e+01
      vertex   -1.000000e+01 1.246678e+01 -2.072694e+01
    endloop
  endfacet
  facet normal -1.000000e+00 -6.384378e-15 -1.573608e-15
    outer loop
      vertex   -1.000000e+01 1.246678e+01 -3.427306e+01
      vertex   -1.000000e+01 1.246678e+01 -2.072694e+01
      vertex   -1.000000e+01 1.258505e+01 -3.475290e+01
    endloop
  endfacet
  facet normal -1.000000e+00 5.961999e-15 -1.469501e-15
    outer loop
      vertex   -1.000000e+01 1.258505e+01 -3.475290e+01
      vertex   -1.000000e+01 1.246678e+01 -2.072694e+01
      vertex   -1.000000e+01 1.258505e+01 -2.024710e+01
    endloop
  endfacet
  facet normal -1.000000e+00 1.762885e-14 -1.469501e-15
    outer loop
      vertex   -1.000000e+01 1.258505e+01 -3.475290e+01
      vertex   -1.000000e+01 1.258505e+01 -2.024710e+01
      vertex   -1.000000e+01 1.510000e+01 -7.000000e+00
    endloop
  endfacet
  facet normal -1.000000e+00 9.888478e-15 1.015520e-28
    outer loop
      vertex   -1.000000e+01 1.510000e+01 -7.000000e+00
      vertex   -1.000000e+01 1.258505e+01 -2.024710e+01
      vertex   -1.000000e+01 1.258505e+01 -1.975290e+01
    endloop
  endfacet
  facet normal -1.000000e+00 4.395171e-15 1.083312e-15
    outer loop
      vertex   -1.000000e+01 1.510000e+01 -7.000000e+00
      vertex   -1.000000e+01 1.258505e+01 -1.975290e+01
      vertex   -1.000000e+01 1.246678e+01 -1.927306e+01
    endloop
  endfacet
  facet normal -1.000000e+00 2.740501e-15 1.438326e-15
    outer loop
      vertex   -1.000000e+01 1.246678e+01 -1.927306e+01
      vertex   -1.000000e+01 1.223712e+01 -1.883547e+01
      vertex   -1.000000e+01 1.510000e+01 -7.000000e+00
    endloop
  endfacet
  facet normal -1.000000e+00 1.863098e-15 1.650561e-15
    outer loop
      vertex   -1.000000e+01 1.510000e+01 -7.000000e+00
      vertex   -1.000000e+01 1.223712e+01 -1.883547e+01
      vertex   -1.000000e+01 1.190940e+01 -1.846555e+01
    endloop
  endfacet
  facet normal -1.000000e+00 1.255926e-15 1.819523e-15
    outer loop
      vertex   -1.000000e+01 1.510000e+01 -7.000000e+00
      vertex   -1.000000e+01 1.190940e+01 -1.846555e+01
      vertex   -1.000000e+01 1.150268e+01 -1.818482e+01
    endloop
  endfacet
  facet normal -1.000000e+00 7.515732e-16 1.981736e-15
    outer loop
      vertex   -1.000000e+01 1.150268e+01 -1.818482e+01
      vertex   -1.000000e+01 1.104060e+01 -1.800957e+01
      vertex   -1.000000e+01 1.510000e+01 -7.000000e+00
    endloop
  endfacet
  facet normal -1.000000e+00 -3.946678e-13 -4.453612e-27
    outer loop
      vertex   -1.000000e+01 1.005940e+01 -4.800957e+01
      vertex   -1.000000e+01 1.005940e+01 -3.699043e+01
      vertex   -1.000000e+01 1.055000e+01 -4.795000e+01
    endloop
  endfacet
  facet normal -1.000000e+00 2.156888e-15 1.776357e-14
    outer loop
      vertex   -1.000000e+01 1.055000e+01 -4.795000e+01
      vertex   -1.000000e+01 1.005940e+01 -3.699043e+01
      vertex   -1.000000e+01 1.055000e+01 -3.705000e+01
    endloop
  endfacet
  facet normal -1.000000e+00 3.968247e-13 1.776357e-14
    outer loop
      vertex   -1.000000e+01 1.055000e+01 -4.795000e+01
      vertex   -1.000000e+01 1.055000e+01 -3.705000e+01
      vertex   -1.000000e+01 1.104060e+01 -4.800957e+01
    endloop
  endfacet
  facet normal -1.000000e+00 0.000000e+00 0.000000e+00
    outer loop
      vertex   -1.000000e+01 1.104060e+01 -4.800957e+01
      vertex   -1.000000e+01 1.055000e+01 -3.705000e+01
      vertex   -1.000000e+01 1.104060e+01 -3.699043e+01
    endloop
  endfacet
  facet normal -1.000000e+00 0.000000e+00 0.000000e+00
    outer loop
      vertex   -1.000000e+01 1.104060e+01 -4.800957e+01
      vertex   -1.000000e+01 1.104060e+01 -3.699043e+01
      vertex   -1.000000e+01 1.150268e+01 -4.818482e+01
    endloop
  endfacet
  facet normal -1.000000e+00 0.000000e+00 0.000000e+00
    outer loop
      vertex   -1.000000e+01 1.150268e+01 -4.818482e+01
      vertex   -1.000000e+01 1.104060e+01 -3.699043e+01
      vertex   -1.000000e+01 1.150268e+01 -3.681518e+01
    endloop
  endfacet
  facet normal -1.000000e+00 0.000000e+00 0.000000e+00
    outer loop
      vertex   -1.000000e+01 1.150268e+01 -4.818482e+01
      vertex   -1.000000e+01 1.150268e+01 -3.681518e+01
      vertex   -1.000000e+01 1.190940e+01 -4.846555e+01
    endloop
  endfacet
  facet normal -1.000000e+00 0.000000e+00 0.000000e+00
    outer loop
      vertex   -1.000000e+01 1.190940e+01 -4.846555e+01
      vertex   -1.000000e+01 1.150268e+01 -3.681518e+01
      vertex   -1.000000e+01 1.190940e+01 -3.653445e+01
    endloop
  endfacet
  facet normal -1.000000e+00 0.000000e+00 0.000000e+00
    outer loop
      vertex   -1.000000e+01 1.190940e+01 -4.846555e+01
      vertex   -1.000000e+01 1.190940e+01 -3.653445e+01
      vertex   -1.000000e+01 1.223712e+01 -4.883547e+01
    endloop
  endfacet
  facet normal -1.000000e+00 0.000000e+00 0.000000e+00
    outer loop
      vertex   -1.000000e+01 1.223712e+01 -4.883547e+01
      vertex   -1.000000e+01 1.190940e+01 -3.653445e+01
      vertex   -1.000000e+01 1.223712e+01 -3.616453e+01
    endloop
  endfacet
  facet normal -1.000000e+00 0.000000e+00 0.000000e+00
    outer loop
      vertex   -1.000000e+01 1.223712e+01 -4.883547e+01
      vertex   -1.000000e+01 1.223712e+01 -3.616453e+01
      vertex   -1.000000e+01 1.246678e+01 -4.927306e+01
    endloop
  endfacet
  facet normal -1.000000e+00 0.000000e+00 0.000000e+00
    outer loop
      vertex   -1.000000e+01 1.246678e+01 -4.927306e+01
      vertex   -1.000000e+01 1.223712e+01 -3.616453e+01
      vertex   -1.000000e+01 1.246678e+01 -3.572694e+01
    endloop
  endfacet
  facet normal -1.000000e+00 0.000000e+00 0.000000e+00
    outer loop
      vertex   -1.000000e+01 1.246678e+01 -4.927306e+01
      vertex   -1.000000e+01 1.246678e+01 -3.572694e+01
      vertex   -1.000000e+01 1.258505e+01 -4.975290e+01
    endloop
  endfacet
  facet normal -1.000000e+00 0.000000e+00 0.000000e+00
    outer loop
      vertex   -1.000000e+01 1.258505e+01 -4.975290e+01
      vertex   -1.000000e+01 1.246678e+01 -3.572694e+01
      vertex   -1.000000e+01 1.258505e+01 -3.524710e+01
    endloop
  endfacet
  facet normal -1.000000e+00 1.412640e-15 1.366618e-29
    outer loop
      vertex   -1.000000e+01 1.258505e+01 -4.975290e+01
      vertex   -1.000000e+01 1.258505e+01 -3.524710e+01
      vertex   -1.000000e+01 1.510000e+01 -6.300000e+01
    endloop
  endfacet
  facet normal -1.000000e+00 1.412640e-15 1.523280e-29
    outer loop
      vertex   -1.000000e+01 1.510000e+01 -6.300000e+01
      vertex   -1.000000e+01 1.258505e+01 -3.524710e+01
      vertex   -1.000000e+01 1.258505e+01 -3.475290e+01
    endloop
  endfacet
  facet normal -1.000000e+00 1.412640e-15 0.000000e+00
    outer loop
      vertex   -1.000000e+01 1.510000e+01 -6.300000e+01
      vertex   -1.000000e+01 1.258505e+01 -3.475290e+01
      vertex   -1.000000e+01 1.510000e+01 -7.000000e+00
    endloop
  endfacet
  facet normal -1.000000e+00 -0.000000e+00 -0.000000e+00
    outer loop
      vertex   -1.000000e+01 1.005940e+01 -3.699043e+01
      vertex   -1.000000e+01 1.005940e+01 -4.800957e+01
      vertex   -1.000000e+01 9.597317e+00 -3.681518e+01
    endloop
  endfacet
  facet normal -1.000000e+00 0.000000e+00 0.000000e+00
    outer loop
      vertex   -1.000000e+01 9.597317e+00 -3.681518e+01
      vertex   -1.000000e+01 1.005940e+01 -4.800957e+01
      vertex   -1.000000e+01 9.597317e+00 -4.818482e+01
    endloop
  endfacet
  facet normal -1.000000e+00 -0.000000e+00 -0.000000e+00
    outer loop
      vertex   -1.000000e+01 9.597317e+00 -3.681518e+01
      vertex   -1.000000e+01 9.597317e+00 -4.818482e+01
      vertex   -1.000000e+01 9.190599e+00 -3.653445e+01
    endloop
  endfacet
  facet normal -1.000000e+00 0.000000e+00 0.000000e+00
    outer loop
      vertex   -1.000000e+01 9.190599e+00 -3.653445e+01
      vertex   -1.000000e+01 9.597317e+00 -4.818482e+01
      vertex   -1.000000e+01 9.190599e+00 -4.846555e+01
    endloop
  endfacet
  facet normal -1.000000e+00 -0.000000e+00 -0.000000e+00
    outer loop
      vertex   -1.000000e+01 9.190599e+00 -3.653445e+01
      vertex   -1.000000e+01 9.190599e+00 -4.846555e+01
      vertex   -1.000000e+01 8.862883e+00 -3.616453e+01
    endloop
  endfacet
  facet normal -1.000000e+00 0.000000e+00 0.000000e+00
    outer loop
      vertex   -1.000000e+01 8.862883e+00 -3.616453e+01
      vertex   -1.000000e+01 9.190599e+00 -4.846555e+01
      vertex   -1.000000e+01 8.862883e+00 -4.883547e+01
    endloop
  endfacet
  facet normal -1.000000e+00 -0.000000e+00 -0.000000e+00
    outer loop
      vertex   -1.000000e+01 8.862883e+00 -3.616453e+01
      vertex   -1.000000e+01 8.862883e+00 -4.883547e+01
      vertex   -1.000000e+01 8.633217e+00 -3.572694e+01
    endloop
  endfacet
  facet normal -1.000000e+00 0.000000e+00 0.000000e+00
    outer loop
      vertex   -1.000000e+01 8.633217e+00 -3.572694e+01
      vertex   -1.000000e+01 8.862883e+00 -4.883547e+01
      vertex   -1.000000e+01 8.633217e+00 -4.927306e+01
    endloop
  endfacet
  facet normal -1.000000e+00 -0.000000e+00 -0.000000e+00
    outer loop
      vertex   -1.000000e+01 8.633217e+00 -3.572694e+01
      vertex   -1.000000e+01 8.633217e+00 -4.927306e+01
      vertex   -1.000000e+01 8.514947e+00 -3.524710e+01
    endloop
  endfacet
  facet normal -1.000000e+00 0.000000e+00 0.000000e+00
    outer loop
      vertex   -1.000000e+01 8.514947e+00 -3.524710e+01
      vertex   -1.000000e+01 8.633217e+00 -4.927306e+01
      vertex   -1.000000e+01 8.514947e+00 -4.975290e+01
    endloop
  endfacet
  facet normal -1.000000e+00 -4.103268e-16 -1.011365e-16
    outer loop
      vertex   -1.000000e+01 8.514947e+00 -5.024710e+01
      vertex   -1.000000e+01 8.633217e+00 -5.072694e+01
      vertex   -1.000000e+01 3.000000e+00 -6.300000e+01
    endloop
  endfacet
  facet normal -1.000000e+00 -2.942300e-16 -1.544238e-16
    outer loop
      vertex   -1.000000e+01 3.000000e+00 -6.300000e+01
      vertex   -1.000000e+01 8.633217e+00 -5.072694e+01
      vertex   -1.000000e+01 8.862883e+00 -5.116453e+01
    endloop
  endfacet
  facet normal -1.000000e+00 -2.173154e-16 -1.925246e-16
    outer loop
      vertex   -1.000000e+01 3.000000e+00 -6.300000e+01
      vertex   -1.000000e+01 8.862883e+00 -5.116453e+01
      vertex   -1.000000e+01 9.190599e+00 -5.153445e+01
    endloop
  endfacet
  facet normal -1.000000e+00 -1.558118e-16 -2.257323e-16
    outer loop
      vertex   -1.000000e+01 9.190599e+00 -5.153445e+01
      vertex   -1.000000e+01 9.597317e+00 -5.181518e+01
      vertex   -1.000000e+01 3.000000e+00 -6.300000e+01
    endloop
  endfacet
  facet normal -1.000000e+00 0.000000e+00 -3.176372e-16
    outer loop
      vertex   -1.000000e+01 3.000000e+00 -6.300000e+01
      vertex   -1.000000e+01 9.597317e+00 -5.181518e+01
      vertex   -1.000000e+01 1.510000e+01 -6.300000e+01
    endloop
  endfacet
  facet normal -1.000000e+00 -1.480961e-16 -3.904972e-16
    outer loop
      vertex   -1.000000e+01 1.510000e+01 -6.300000e+01
      vertex   -1.000000e+01 9.597317e+00 -5.181518e+01
      vertex   -1.000000e+01 1.005940e+01 -5.199043e+01
    endloop
  endfacet
  facet normal -1.000000e+00 -4.148846e-17 -3.416882e-16
    outer loop
      vertex   -1.000000e+01 1.510000e+01 -6.300000e+01
      vertex   -1.000000e+01 1.005940e+01 -5.199043e+01
      vertex   -1.000000e+01 1.055000e+01 -5.205000e+01
    endloop
  endfacet
  facet normal -1.000000e+00 3.750304e-17 -3.088653e-16
    outer loop
      vertex   -1.000000e+01 1.055000e+01 -5.205000e+01
      vertex   -1.000000e+01 1.104060e+01 -5.199043e+01
      vertex   -1.000000e+01 1.510000e+01 -6.300000e+01
    endloop
  endfacet
  facet normal -1.000000e+00 1.073676e-16 -2.831051e-16
    outer loop
      vertex   -1.000000e+01 1.510000e+01 -6.300000e+01
      vertex   -1.000000e+01 1.104060e+01 -5.199043e+01
      vertex   -1.000000e+01 1.150268e+01 -5.181518e+01
    endloop
  endfacet
  facet normal -1.000000e+00 1.794180e-16 -2.599319e-16
    outer loop
      vertex   -1.000000e+01 1.510000e+01 -6.300000e+01
      vertex   -1.000000e+01 1.150268e+01 -5.181518e+01
      vertex   -1.000000e+01 1.190940e+01 -5.153445e+01
    endloop
  endfacet
  facet normal -1.000000e+00 2.661569e-16 -2.357945e-16
    outer loop
      vertex   -1.000000e+01 1.190940e+01 -5.153445e+01
      vertex   -1.000000e+01 1.223712e+01 -5.116453e+01
      vertex   -1.000000e+01 1.510000e+01 -6.300000e+01
    endloop
  endfacet
  facet normal -1.000000e+00 3.915002e-16 -2.054752e-16
    outer loop
      vertex   -1.000000e+01 1.510000e+01 -6.300000e+01
      vertex   -1.000000e+01 1.223712e+01 -5.116453e+01
      vertex   -1.000000e+01 1.246678e+01 -5.072694e+01
    endloop
  endfacet
  facet normal -1.000000e+00 6.278816e-16 -1.547589e-16
    outer loop
      vertex   -1.000000e+01 1.510000e+01 -6.300000e+01
      vertex   -1.000000e+01 1.246678e+01 -5.072694e+01
      vertex   -1.000000e+01 1.258505e+01 -5.024710e+01
    endloop
  endfacet
  facet normal -1.000000e+00 1.412640e-15 0.000000e+00
    outer loop
      vertex   -1.000000e+01 1.258505e+01 -5.024710e+01
      vertex   -1.000000e+01 1.258505e+01 -4.975290e+01
      vertex   -1.000000e+01 1.510000e+01 -6.300000e+01
    endloop
  endfacet
  facet normal 7.184377e-14 1.000000e+00 -7.184377e-14
    outer loop
      vertex   -7.000000e+00 1.810000e+01 -6.000000e+01
      vertex   -1.000000e+01 1.810000e+01 -6.300000e+01
      vertex   -7.000000e+00 1.810000e+01 -5.550000e+01
    endloop
  endfacet
  facet normal -3.079019e-14 1.000000e+00 -3.079019e-14
    outer loop
      vertex   -7.000000e+00 1.810000e+01 -5.550000e+01
      vertex   -1.000000e+01 1.810000e+01 -6.300000e+01
      vertex   -2.300000e+01 1.810000e+01 -5.000000e+01
    endloop
  endfacet
  facet normal -1.910721e-14 1.000000e+00 3.196644e-15
    outer loop
      vertex   -7.000000e+00 1.810000e+01 -5.550000e+01
      vertex   -2.300000e+01 1.810000e+01 -5.000000e+01
      vertex   -2.080000e+01 1.810000e+01 -3.685000e+01
    endloop
  endfacet
  facet normal 0.000000e+00 1.000000e+00 0.000000e+00
    outer loop
      vertex   -2.080000e+01 1.810000e+01 -3.685000e+01
      vertex   -2.300000e+01 1.810000e+01 -5.000000e+01
      vertex   -2.306077e+01 1.810000e+01 -4.930541e+01
    endloop
  endfacet
  facet normal 0.000000e+00 1.000000e+00 0.000000e+00
    outer loop
      vertex   -2.080000e+01 1.810000e+01 -3.685000e+01
      vertex   -2.306077e+01 1.810000e+01 -4.930541e+01
      vertex   -2.324123e+01 1.810000e+01 -4.863192e+01
    endloop
  endfacet
  facet normal 0.000000e+00 1.000000e+00 -0.000000e+00
    outer loop
      vertex   -1.000000e+01 1.810000e+01 -6.307746e+01
      vertex   -2.353590e+01 1.810000e+01 -5.200000e+01
      vertex   -1.000000e+01 1.810000e+01 -6.300000e+01
    endloop
  endfacet
  facet normal 0.000000e+00 1.000000e+00 0.000000e+00
    outer loop
      vertex   -1.000000e+01 1.810000e+01 -6.300000e+01
      vertex   -2.353590e+01 1.810000e+01 -5.200000e+01
      vertex   -2.324123e+01 1.810000e+01 -5.136808e+01
    endloop
  endfacet
  facet normal 0.000000e+00 1.000000e+00 0.000000e+00
    outer loop
      vertex   -1.000000e+01 1.810000e+01 -6.300000e+01
      vertex   -2.324123e+01 1.810000e+01 -5.136808e+01
      vertex   -2.306077e+01 1.810000e+01 -5.069459e+01
    endloop
  endfacet
  facet normal 0.000000e+00 1.000000e+00 0.000000e+00
    outer loop
      vertex   -3.000000e+01 1.810000e+01 -6.307746e+01
      vertex   -2.442885e+01 1.810000e+01 -5.306418e+01
      vertex   -1.000000e+01 1.810000e+01 -6.307746e+01
    endloop
  endfacet
  facet normal 0.000000e+00 1.000000e+00 0.000000e+00
    outer loop
      vertex   -1.000000e+01 1.810000e+01 -6.307746e+01
      vertex   -2.442885e+01 1.810000e+01 -5.306418e+01
      vertex   -2.393582e+01 1.810000e+01 -5.257115e+01
    endloop
  endfacet
  facet normal 0.000000e+00 1.000000e+00 0.000000e+00
    outer loop
      vertex   -1.000000e+01 1.810000e+01 -6.307746e+01
      vertex   -2.393582e+01 1.810000e+01 -5.257115e+01
      vertex   -2.353590e+01 1.810000e+01 -5.200000e+01
    endloop
  endfacet
  facet normal -0.000000e+00 1.000000e+00 0.000000e+00
    outer loop
      vertex   -3.500000e+01 1.810000e+01 -5.807746e+01
      vertex   -3.006418e+01 1.810000e+01 -5.257115e+01
      vertex   -3.000000e+01 1.810000e+01 -6.307746e+01
    endloop
  endfacet
  facet normal 0.000000e+00 1.000000e+00 -0.000000e+00
    outer loop
      vertex   -3.000000e+01 1.810000e+01 -6.307746e+01
      vertex   -3.006418e+01 1.810000e+01 -5.257115e+01
      vertex   -2.957115e+01 1.810000e+01 -5.306418e+01
    endloop
  endfacet
  facet normal 0.000000e+00 1.000000e+00 0.000000e+00
    outer loop
      vertex   -3.000000e+01 1.810000e+01 -6.307746e+01
      vertex   -2.957115e+01 1.810000e+01 -5.306418e+01
      vertex   -2.900000e+01 1.810000e+01 -5.346410e+01
    endloop
  endfacet
  facet normal 0.000000e+00 1.000000e+00 0.000000e+00
    outer loop
      vertex   -3.500000e+01 1.810000e+01 -1.200000e+01
      vertex   -3.320000e+01 1.810000e+01 -3.685000e+01
      vertex   -3.500000e+01 1.810000e+01 -5.807746e+01
    endloop
  endfacet
  facet normal 0.000000e+00 1.000000e+00 0.000000e+00
    outer loop
      vertex   -3.500000e+01 1.810000e+01 -5.807746e+01
      vertex   -3.320000e+01 1.810000e+01 -3.685000e+01
      vertex   -3.093923e+01 1.810000e+01 -4.930541e+01
    endloop
  endfacet
  facet normal 0.000000e+00 1.000000e+00 0.000000e+00
    outer loop
      vertex   -3.500000e+01 1.810000e+01 -5.807746e+01
      vertex   -3.093923e+01 1.810000e+01 -4.930541e+01
      vertex   -3.100000e+01 1.810000e+01 -5.000000e+01
    endloop
  endfacet
  facet normal 0.000000e+00 1.000000e+00 -0.000000e+00
    outer loop
      vertex   -3.320000e+01 1.810000e+01 -3.685000e+01
      vertex   -3.500000e+01 1.810000e+01 -1.200000e+01
      vertex   -3.320000e+01 1.810000e+01 -1.335000e+01
    endloop
  endfacet
  facet normal 0.000000e+00 1.000000e+00 -0.000000e+00
    outer loop
      vertex   -3.320000e+01 1.810000e+01 -1.335000e+01
      vertex   -3.500000e+01 1.810000e+01 -1.200000e+01
      vertex   -3.000000e+01 1.810000e+01 -7.000000e+00
    endloop
  endfacet
  facet normal 0.000000e+00 1.000000e+00 0.000000e+00
    outer loop
      vertex   -3.320000e+01 1.810000e+01 -1.335000e+01
      vertex   -3.000000e+01 1.810000e+01 -7.000000e+00
      vertex   -2.800000e+01 1.810000e+01 -1.085000e+01
    endloop
  endfacet
  facet normal 0.000000e+00 1.000000e+00 -0.000000e+00
    outer loop
      vertex   -2.800000e+01 1.810000e+01 -1.085000e+01
      vertex   -3.000000e+01 1.810000e+01 -7.000000e+00
      vertex   -2.796593e+01 1.810000e+01 -1.059118e+01
    endloop
  endfacet
  facet normal 0.000000e+00 1.000000e+00 -0.000000e+00
    outer loop
      vertex   -2.796593e+01 1.810000e+01 -1.059118e+01
      vertex   -3.000000e+01 1.810000e+01 -7.000000e+00
      vertex   -2.786603e+01 1.810000e+01 -1.035000e+01
    endloop
  endfacet
  facet normal 0.000000e+00 1.000000e+00 -0.000000e+00
    outer loop
      vertex   -2.786603e+01 1.810000e+01 -1.035000e+01
      vertex   -3.000000e+01 1.810000e+01 -7.000000e+00
      vertex   -2.770711e+01 1.810000e+01 -1.014289e+01
    endloop
  endfacet
  facet normal 0.000000e+00 1.000000e+00 -0.000000e+00
    outer loop
      vertex   -2.770711e+01 1.810000e+01 -1.014289e+01
      vertex   -3.000000e+01 1.810000e+01 -7.000000e+00
      vertex   -2.750000e+01 1.810000e+01 -9.983975e+00
    endloop
  endfacet
  facet normal 0.000000e+00 1.000000e+00 -0.000000e+00
    outer loop
      vertex   -2.750000e+01 1.810000e+01 -9.983975e+00
      vertex   -3.000000e+01 1.810000e+01 -7.000000e+00
      vertex   -2.725882e+01 1.810000e+01 -9.884074e+00
    endloop
  endfacet
  facet normal 0.000000e+00 1.000000e+00 -0.000000e+00
    outer loop
      vertex   -2.725882e+01 1.810000e+01 -9.884074e+00
      vertex   -3.000000e+01 1.810000e+01 -7.000000e+00
      vertex   -2.700000e+01 1.810000e+01 -9.850000e+00
    endloop
  endfacet
  facet normal -0.000000e+00 1.000000e+00 -0.000000e+00
    outer loop
      vertex   -2.700000e+01 1.810000e+01 -9.850000e+00
      vertex   -3.000000e+01 1.810000e+01 -7.000000e+00
      vertex   -2.674118e+01 1.810000e+01 -9.884074e+00
    endloop
  endfacet
  facet normal -0.000000e+00 1.000000e+00 -0.000000e+00
    outer loop
      vertex   -2.674118e+01 1.810000e+01 -9.884074e+00
      vertex   -3.000000e+01 1.810000e+01 -7.000000e+00
      vertex   -2.650000e+01 1.810000e+01 -9.983975e+00
    endloop
  endfacet
  facet normal 0.000000e+00 1.000000e+00 -0.000000e+00
    outer loop
      vertex   -2.650000e+01 1.810000e+01 -9.983975e+00
      vertex   -3.000000e+01 1.810000e+01 -7.000000e+00
      vertex   -1.000000e+01 1.810000e+01 -7.000000e+00
    endloop
  endfacet
  facet normal -0.000000e+00 1.000000e+00 0.000000e+00
    outer loop
      vertex   -2.650000e+01 1.810000e+01 -9.983975e+00
      vertex   -1.000000e+01 1.810000e+01 -7.000000e+00
      vertex   -2.629289e+01 1.810000e+01 -1.014289e+01
    endloop
  endfacet
  facet normal -0.000000e+00 1.000000e+00 0.000000e+00
    outer loop
      vertex   -2.629289e+01 1.810000e+01 -1.014289e+01
      vertex   -1.000000e+01 1.810000e+01 -7.000000e+00
      vertex   -2.080000e+01 1.810000e+01 -1.335000e+01
    endloop
  endfacet
  facet normal 0.000000e+00 1.000000e+00 0.000000e+00
    outer loop
      vertex   -2.629289e+01 1.810000e+01 -1.014289e+01
      vertex   -2.080000e+01 1.810000e+01 -1.335000e+01
      vertex   -2.613397e+01 1.810000e+01 -1.035000e+01
    endloop
  endfacet
  facet normal 0.000000e+00 1.000000e+00 0.000000e+00
    outer loop
      vertex   -2.613397e+01 1.810000e+01 -1.035000e+01
      vertex   -2.080000e+01 1.810000e+01 -1.335000e+01
      vertex   -2.603407e+01 1.810000e+01 -1.059118e+01
    endloop
  endfacet
  facet normal 0.000000e+00 1.000000e+00 0.000000e+00
    outer loop
      vertex   -2.603407e+01 1.810000e+01 -1.059118e+01
      vertex   -2.080000e+01 1.810000e+01 -1.335000e+01
      vertex   -2.600000e+01 1.810000e+01 -1.085000e+01
    endloop
  endfacet
  facet normal 0.000000e+00 1.000000e+00 0.000000e+00
    outer loop
      vertex   -2.600000e+01 1.810000e+01 -1.085000e+01
      vertex   -2.080000e+01 1.810000e+01 -1.335000e+01
      vertex   -2.603407e+01 1.810000e+01 -1.110882e+01
    endloop
  endfacet
  facet normal 0.000000e+00 1.000000e+00 0.000000e+00
    outer loop
      vertex   -2.603407e+01 1.810000e+01 -1.110882e+01
      vertex   -2.080000e+01 1.810000e+01 -1.335000e+01
      vertex   -2.613397e+01 1.810000e+01 -1.135000e+01
    endloop
  endfacet
  facet normal 0.000000e+00 1.000000e+00 0.000000e+00
    outer loop
      vertex   -2.613397e+01 1.810000e+01 -1.135000e+01
      vertex   -2.080000e+01 1.810000e+01 -1.335000e+01
      vertex   -2.629289e+01 1.810000e+01 -1.155711e+01
    endloop
  endfacet
  facet normal 0.000000e+00 1.000000e+00 0.000000e+00
    outer loop
      vertex   -2.629289e+01 1.810000e+01 -1.155711e+01
      vertex   -2.080000e+01 1.810000e+01 -1.335000e+01
      vertex   -2.650000e+01 1.810000e+01 -1.171603e+01
    endloop
  endfacet
  facet normal 0.000000e+00 1.000000e+00 0.000000e+00
    outer loop
      vertex   -2.650000e+01 1.810000e+01 -1.171603e+01
      vertex   -2.080000e+01 1.810000e+01 -1.335000e+01
      vertex   -2.674118e+01 1.810000e+01 -1.181593e+01
    endloop
  endfacet
  facet normal 0.000000e+00 1.000000e+00 0.000000e+00
    outer loop
      vertex   -2.674118e+01 1.810000e+01 -1.181593e+01
      vertex   -2.080000e+01 1.810000e+01 -1.335000e+01
      vertex   -2.700000e+01 1.810000e+01 -1.185000e+01
    endloop
  endfacet
  facet normal 0.000000e+00 1.000000e+00 0.000000e+00
    outer loop
      vertex   -2.700000e+01 1.810000e+01 -1.185000e+01
      vertex   -2.080000e+01 1.810000e+01 -1.335000e+01
      vertex   -3.320000e+01 1.810000e+01 -1.335000e+01
    endloop
  endfacet
  facet normal 0.000000e+00 1.000000e+00 0.000000e+00
    outer loop
      vertex   -2.700000e+01 1.810000e+01 -1.185000e+01
      vertex   -3.320000e+01 1.810000e+01 -1.335000e+01
      vertex   -2.725882e+01 1.810000e+01 -1.181593e+01
    endloop
  endfacet
  facet normal 0.000000e+00 1.000000e+00 0.000000e+00
    outer loop
      vertex   -2.725882e+01 1.810000e+01 -1.181593e+01
      vertex   -3.320000e+01 1.810000e+01 -1.335000e+01
      vertex   -2.750000e+01 1.810000e+01 -1.171603e+01
    endloop
  endfacet
  facet normal 0.000000e+00 1.000000e+00 0.000000e+00
    outer loop
      vertex   -2.750000e+01 1.810000e+01 -1.171603e+01
      vertex   -3.320000e+01 1.810000e+01 -1.335000e+01
      vertex   -2.770711e+01 1.810000e+01 -1.155711e+01
    endloop
  endfacet
  facet normal 0.000000e+00 1.000000e+00 0.000000e+00
    outer loop
      vertex   -2.770711e+01 1.810000e+01 -1.155711e+01
      vertex   -3.320000e+01 1.810000e+01 -1.335000e+01
      vertex   -2.786603e+01 1.810000e+01 -1.135000e+01
    endloop
  endfacet
  facet normal 0.000000e+00 1.000000e+00 0.000000e+00
    outer loop
      vertex   -2.786603e+01 1.810000e+01 -1.135000e+01
      vertex   -3.320000e+01 1.810000e+01 -1.335000e+01
      vertex   -2.796593e+01 1.810000e+01 -1.110882e+01
    endloop
  endfacet
  facet normal 0.000000e+00 1.000000e+00 0.000000e+00
    outer loop
      vertex   -2.796593e+01 1.810000e+01 -1.110882e+01
      vertex   -3.320000e+01 1.810000e+01 -1.335000e+01
      vertex   -2.800000e+01 1.810000e+01 -1.085000e+01
    endloop
  endfacet
  facet normal 7.894919e-16 1.000000e+00 7.894919e-16
    outer loop
      vertex   -7.000000e+00 1.810000e+01 -1.000000e+01
      vertex   -7.000000e+00 1.810000e+01 -1.450000e+01
      vertex   -1.000000e+01 1.810000e+01 -7.000000e+00
    endloop
  endfacet
  facet normal -2.254846e-16 1.000000e+00 3.835013e-16
    outer loop
      vertex   -1.000000e+01 1.810000e+01 -7.000000e+00
      vertex   -7.000000e+00 1.810000e+01 -1.450000e+01
      vertex   -2.080000e+01 1.810000e+01 -1.335000e+01
    endloop
  endfacet
  facet normal 0.000000e+00 1.000000e+00 7.798640e-15
    outer loop
      vertex   -5.000000e+00 1.810000e+01 -1.450000e+01
      vertex   -5.000000e+00 1.810000e+01 -5.550000e+01
      vertex   -7.000000e+00 1.810000e+01 -1.450000e+01
    endloop
  endfacet
  facet normal 0.000000e+00 1.000000e+00 7.798640e-15
    outer loop
      vertex   -7.000000e+00 1.810000e+01 -1.450000e+01
      vertex   -5.000000e+00 1.810000e+01 -5.550000e+01
      vertex   -7.000000e+00 1.810000e+01 -5.550000e+01
    endloop
  endfacet
  facet normal -1.288785e-14 1.000000e+00 7.798640e-15
    outer loop
      vertex   -7.000000e+00 1.810000e+01 -1.450000e+01
      vertex   -7.000000e+00 1.810000e+01 -5.550000e+01
      vertex   -2.080000e+01 1.810000e+01 -3.685000e+01
    endloop
  endfacet
  facet normal 0.000000e+00 1.000000e+00 0.000000e+00
    outer loop
      vertex   -2.080000e+01 1.810000e+01 -3.685000e+01
      vertex   -2.700000e+01 1.810000e+01 -3.835000e+01
      vertex   -3.320000e+01 1.810000e+01 -3.685000e+01
    endloop
  endfacet
  facet normal 0.000000e+00 1.000000e+00 0.000000e+00
    outer loop
      vertex   -3.320000e+01 1.810000e+01 -3.685000e+01
      vertex   -2.700000e+01 1.810000e+01 -3.835000e+01
      vertex   -2.725882e+01 1.810000e+01 -3.838407e+01
    endloop
  endfacet
  facet normal 0.000000e+00 1.000000e+00 0.000000e+00
    outer loop
      vertex   -3.320000e+01 1.810000e+01 -3.685000e+01
      vertex   -2.725882e+01 1.810000e+01 -3.838407e+01
      vertex   -2.750000e+01 1.810000e+01 -3.848397e+01
    endloop
  endfacet
  facet normal -2.574430e-16 1.000000e+00 0.000000e+00
    outer loop
      vertex   -2.080000e+01 1.810000e+01 -3.685000e+01
      vertex   -2.080000e+01 1.810000e+01 -1.335000e+01
      vertex   -7.000000e+00 1.810000e+01 -1.450000e+01
    endloop
  endfacet
  facet normal 0.000000e+00 1.000000e+00 -0.000000e+00
    outer loop
      vertex   -2.324123e+01 1.810000e+01 -4.863192e+01
      vertex   -2.353590e+01 1.810000e+01 -4.800000e+01
      vertex   -2.080000e+01 1.810000e+01 -3.685000e+01
    endloop
  endfacet
  facet normal 0.000000e+00 1.000000e+00 0.000000e+00
    outer loop
      vertex   -2.080000e+01 1.810000e+01 -3.685000e+01
      vertex   -2.353590e+01 1.810000e+01 -4.800000e+01
      vertex   -2.393582e+01 1.810000e+01 -4.742885e+01
    endloop
  endfacet
  facet normal 0.000000e+00 1.000000e+00 0.000000e+00
    outer loop
      vertex   -2.080000e+01 1.810000e+01 -3.685000e+01
      vertex   -2.393582e+01 1.810000e+01 -4.742885e+01
      vertex   -2.442885e+01 1.810000e+01 -4.693582e+01
    endloop
  endfacet
  facet normal 0.000000e+00 1.000000e+00 0.000000e+00
    outer loop
      vertex   -2.080000e+01 1.810000e+01 -3.685000e+01
      vertex   -2.442885e+01 1.810000e+01 -4.693582e+01
      vertex   -2.603407e+01 1.810000e+01 -3.960882e+01
    endloop
  endfacet
  facet normal 0.000000e+00 1.000000e+00 0.000000e+00
    outer loop
      vertex   -2.603407e+01 1.810000e+01 -3.960882e+01
      vertex   -2.442885e+01 1.810000e+01 -4.693582e+01
      vertex   -2.500000e+01 1.810000e+01 -4.653590e+01
    endloop
  endfacet
  facet normal 0.000000e+00 1.000000e+00 0.000000e+00
    outer loop
      vertex   -2.603407e+01 1.810000e+01 -3.960882e+01
      vertex   -2.500000e+01 1.810000e+01 -4.653590e+01
      vertex   -2.613397e+01 1.810000e+01 -3.985000e+01
    endloop
  endfacet
  facet normal 0.000000e+00 1.000000e+00 0.000000e+00
    outer loop
      vertex   -2.613397e+01 1.810000e+01 -3.985000e+01
      vertex   -2.500000e+01 1.810000e+01 -4.653590e+01
      vertex   -2.563192e+01 1.810000e+01 -4.624123e+01
    endloop
  endfacet
  facet normal 0.000000e+00 1.000000e+00 0.000000e+00
    outer loop
      vertex   -2.613397e+01 1.810000e+01 -3.985000e+01
      vertex   -2.563192e+01 1.810000e+01 -4.624123e+01
      vertex   -2.629289e+01 1.810000e+01 -4.005711e+01
    endloop
  endfacet
  facet normal 0.000000e+00 1.000000e+00 0.000000e+00
    outer loop
      vertex   -2.629289e+01 1.810000e+01 -4.005711e+01
      vertex   -2.563192e+01 1.810000e+01 -4.624123e+01
      vertex   -2.630541e+01 1.810000e+01 -4.606077e+01
    endloop
  endfacet
  facet normal 0.000000e+00 1.000000e+00 0.000000e+00
    outer loop
      vertex   -2.629289e+01 1.810000e+01 -4.005711e+01
      vertex   -2.630541e+01 1.810000e+01 -4.606077e+01
      vertex   -2.650000e+01 1.810000e+01 -4.021603e+01
    endloop
  endfacet
  facet normal 0.000000e+00 1.000000e+00 0.000000e+00
    outer loop
      vertex   -2.650000e+01 1.810000e+01 -4.021603e+01
      vertex   -2.630541e+01 1.810000e+01 -4.606077e+01
      vertex   -2.674118e+01 1.810000e+01 -4.031593e+01
    endloop
  endfacet
  facet normal 0.000000e+00 1.000000e+00 0.000000e+00
    outer loop
      vertex   -2.674118e+01 1.810000e+01 -4.031593e+01
      vertex   -2.630541e+01 1.810000e+01 -4.606077e+01
      vertex   -2.700000e+01 1.810000e+01 -4.600000e+01
    endloop
  endfacet
  facet normal 0.000000e+00 1.000000e+00 0.000000e+00
    outer loop
      vertex   -2.674118e+01 1.810000e+01 -4.031593e+01
      vertex   -2.700000e+01 1.810000e+01 -4.600000e+01
      vertex   -2.700000e+01 1.810000e+01 -4.035000e+01
    endloop
  endfacet
  facet normal 0.000000e+00 1.000000e+00 0.000000e+00
    outer loop
      vertex   -2.700000e+01 1.810000e+01 -4.035000e+01
      vertex   -2.700000e+01 1.810000e+01 -4.600000e+01
      vertex   -2.725882e+01 1.810000e+01 -4.031593e+01
    endloop
  endfacet
  facet normal 0.000000e+00 1.000000e+00 0.000000e+00
    outer loop
      vertex   -2.725882e+01 1.810000e+01 -4.031593e+01
      vertex   -2.700000e+01 1.810000e+01 -4.600000e+01
      vertex   -2.769459e+01 1.810000e+01 -4.606077e+01
    endloop
  endfacet
  facet normal 0.000000e+00 1.000000e+00 0.000000e+00
    outer loop
      vertex   -2.725882e+01 1.810000e+01 -4.031593e+01
      vertex   -2.769459e+01 1.810000e+01 -4.606077e+01
      vertex   -2.750000e+01 1.810000e+01 -4.021603e+01
    endloop
  endfacet
  facet normal 0.000000e+00 1.000000e+00 0.000000e+00
    outer loop
      vertex   -2.750000e+01 1.810000e+01 -4.021603e+01
      vertex   -2.769459e+01 1.810000e+01 -4.606077e+01
      vertex   -2.770711e+01 1.810000e+01 -4.005711e+01
    endloop
  endfacet
  facet normal 0.000000e+00 1.000000e+00 0.000000e+00
    outer loop
      vertex   -2.770711e+01 1.810000e+01 -4.005711e+01
      vertex   -2.769459e+01 1.810000e+01 -4.606077e+01
      vertex   -2.836808e+01 1.810000e+01 -4.624123e+01
    endloop
  endfacet
  facet normal 0.000000e+00 1.000000e+00 0.000000e+00
    outer loop
      vertex   -2.770711e+01 1.810000e+01 -4.005711e+01
      vertex   -2.836808e+01 1.810000e+01 -4.624123e+01
      vertex   -2.786603e+01 1.810000e+01 -3.985000e+01
    endloop
  endfacet
  facet normal 0.000000e+00 1.000000e+00 0.000000e+00
    outer loop
      vertex   -2.786603e+01 1.810000e+01 -3.985000e+01
      vertex   -2.836808e+01 1.810000e+01 -4.624123e+01
      vertex   -2.900000e+01 1.810000e+01 -4.653590e+01
    endloop
  endfacet
  facet normal 0.000000e+00 1.000000e+00 0.000000e+00
    outer loop
      vertex   -2.786603e+01 1.810000e+01 -3.985000e+01
      vertex   -2.900000e+01 1.810000e+01 -4.653590e+01
      vertex   -2.796593e+01 1.810000e+01 -3.960882e+01
    endloop
  endfacet
  facet normal 0.000000e+00 1.000000e+00 0.000000e+00
    outer loop
      vertex   -2.796593e+01 1.810000e+01 -3.960882e+01
      vertex   -2.900000e+01 1.810000e+01 -4.653590e+01
      vertex   -2.957115e+01 1.810000e+01 -4.693582e+01
    endloop
  endfacet
  facet normal 0.000000e+00 1.000000e+00 0.000000e+00
    outer loop
      vertex   -2.796593e+01 1.810000e+01 -3.960882e+01
      vertex   -2.957115e+01 1.810000e+01 -4.693582e+01
      vertex   -3.320000e+01 1.810000e+01 -3.685000e+01
    endloop
  endfacet
  facet normal 0.000000e+00 1.000000e+00 0.000000e+00
    outer loop
      vertex   -3.320000e+01 1.810000e+01 -3.685000e+01
      vertex   -2.957115e+01 1.810000e+01 -4.693582e+01
      vertex   -3.006418e+01 1.810000e+01 -4.742885e+01
    endloop
  endfacet
  facet normal 0.000000e+00 1.000000e+00 0.000000e+00
    outer loop
      vertex   -3.320000e+01 1.810000e+01 -3.685000e+01
      vertex   -3.006418e+01 1.810000e+01 -4.742885e+01
      vertex   -3.046410e+01 1.810000e+01 -4.800000e+01
    endloop
  endfacet
  facet normal 0.000000e+00 1.000000e+00 0.000000e+00
    outer loop
      vertex   -3.046410e+01 1.810000e+01 -4.800000e+01
      vertex   -3.075877e+01 1.810000e+01 -4.863192e+01
      vertex   -3.320000e+01 1.810000e+01 -3.685000e+01
    endloop
  endfacet
  facet normal 0.000000e+00 1.000000e+00 0.000000e+00
    outer loop
      vertex   -3.320000e+01 1.810000e+01 -3.685000e+01
      vertex   -3.075877e+01 1.810000e+01 -4.863192e+01
      vertex   -3.093923e+01 1.810000e+01 -4.930541e+01
    endloop
  endfacet
  facet normal 0.000000e+00 1.000000e+00 0.000000e+00
    outer loop
      vertex   -3.100000e+01 1.810000e+01 -5.000000e+01
      vertex   -3.093923e+01 1.810000e+01 -5.069459e+01
      vertex   -3.500000e+01 1.810000e+01 -5.807746e+01
    endloop
  endfacet
  facet normal 0.000000e+00 1.000000e+00 0.000000e+00
    outer loop
      vertex   -3.500000e+01 1.810000e+01 -5.807746e+01
      vertex   -3.093923e+01 1.810000e+01 -5.069459e+01
      vertex   -3.075877e+01 1.810000e+01 -5.136808e+01
    endloop
  endfacet
  facet normal 0.000000e+00 1.000000e+00 0.000000e+00
    outer loop
      vertex   -3.500000e+01 1.810000e+01 -5.807746e+01
      vertex   -3.075877e+01 1.810000e+01 -5.136808e+01
      vertex   -3.046410e+01 1.810000e+01 -5.200000e+01
    endloop
  endfacet
  facet normal 0.000000e+00 1.000000e+00 0.000000e+00
    outer loop
      vertex   -3.046410e+01 1.810000e+01 -5.200000e+01
      vertex   -3.006418e+01 1.810000e+01 -5.257115e+01
      vertex   -3.500000e+01 1.810000e+01 -5.807746e+01
    endloop
  endfacet
  facet normal 0.000000e+00 1.000000e+00 0.000000e+00
    outer loop
      vertex   -2.900000e+01 1.810000e+01 -5.346410e+01
      vertex   -2.836808e+01 1.810000e+01 -5.375877e+01
      vertex   -3.000000e+01 1.810000e+01 -6.307746e+01
    endloop
  endfacet
  facet normal 0.000000e+00 1.000000e+00 0.000000e+00
    outer loop
      vertex   -3.000000e+01 1.810000e+01 -6.307746e+01
      vertex   -2.836808e+01 1.810000e+01 -5.375877e+01
      vertex   -2.769459e+01 1.810000e+01 -5.393923e+01
    endloop
  endfacet
  facet normal 0.000000e+00 1.000000e+00 0.000000e+00
    outer loop
      vertex   -3.000000e+01 1.810000e+01 -6.307746e+01
      vertex   -2.769459e+01 1.810000e+01 -5.393923e+01
      vertex   -2.700000e+01 1.810000e+01 -5.400000e+01
    endloop
  endfacet
  facet normal -0.000000e+00 1.000000e+00 0.000000e+00
    outer loop
      vertex   -2.700000e+01 1.810000e+01 -5.400000e+01
      vertex   -2.630541e+01 1.810000e+01 -5.393923e+01
      vertex   -3.000000e+01 1.810000e+01 -6.307746e+01
    endloop
  endfacet
  facet normal 0.000000e+00 1.000000e+00 0.000000e+00
    outer loop
      vertex   -3.000000e+01 1.810000e+01 -6.307746e+01
      vertex   -2.630541e+01 1.810000e+01 -5.393923e+01
      vertex   -2.563192e+01 1.810000e+01 -5.375877e+01
    endloop
  endfacet
  facet normal 0.000000e+00 1.000000e+00 0.000000e+00
    outer loop
      vertex   -3.000000e+01 1.810000e+01 -6.307746e+01
      vertex   -2.563192e+01 1.810000e+01 -5.375877e+01
      vertex   -2.500000e+01 1.810000e+01 -5.346410e+01
    endloop
  endfacet
  facet normal -0.000000e+00 1.000000e+00 0.000000e+00
    outer loop
      vertex   -2.500000e+01 1.810000e+01 -5.346410e+01
      vertex   -2.442885e+01 1.810000e+01 -5.306418e+01
      vertex   -3.000000e+01 1.810000e+01 -6.307746e+01
    endloop
  endfacet
  facet normal -0.000000e+00 1.000000e+00 0.000000e+00
    outer loop
      vertex   -2.306077e+01 1.810000e+01 -5.069459e+01
      vertex   -2.300000e+01 1.810000e+01 -5.000000e+01
      vertex   -1.000000e+01 1.810000e+01 -6.300000e+01
    endloop
  endfacet
  facet normal 0.000000e+00 1.000000e+00 0.000000e+00
    outer loop
      vertex   -2.603407e+01 1.810000e+01 -3.960882e+01
      vertex   -2.600000e+01 1.810000e+01 -3.935000e+01
      vertex   -2.080000e+01 1.810000e+01 -3.685000e+01
    endloop
  endfacet
  facet normal 0.000000e+00 1.000000e+00 0.000000e+00
    outer loop
      vertex   -2.080000e+01 1.810000e+01 -3.685000e+01
      vertex   -2.600000e+01 1.810000e+01 -3.935000e+01
      vertex   -2.603407e+01 1.810000e+01 -3.909118e+01
    endloop
  endfacet
  facet normal 0.000000e+00 1.000000e+00 0.000000e+00
    outer loop
      vertex   -2.080000e+01 1.810000e+01 -3.685000e+01
      vertex   -2.603407e+01 1.810000e+01 -3.909118e+01
      vertex   -2.613397e+01 1.810000e+01 -3.885000e+01
    endloop
  endfacet
  facet normal 0.000000e+00 1.000000e+00 -0.000000e+00
    outer loop
      vertex   -2.613397e+01 1.810000e+01 -3.885000e+01
      vertex   -2.629289e+01 1.810000e+01 -3.864289e+01
      vertex   -2.080000e+01 1.810000e+01 -3.685000e+01
    endloop
  endfacet
  facet normal 0.000000e+00 1.000000e+00 0.000000e+00
    outer loop
      vertex   -2.080000e+01 1.810000e+01 -3.685000e+01
      vertex   -2.629289e+01 1.810000e+01 -3.864289e+01
      vertex   -2.650000e+01 1.810000e+01 -3.848397e+01
    endloop
  endfacet
  facet normal 0.000000e+00 1.000000e+00 0.000000e+00
    outer loop
      vertex   -2.080000e+01 1.810000e+01 -3.685000e+01
      vertex   -2.650000e+01 1.810000e+01 -3.848397e+01
      vertex   -2.674118e+01 1.810000e+01 -3.838407e+01
    endloop
  endfacet
  facet normal 0.000000e+00 1.000000e+00 -0.000000e+00
    outer loop
      vertex   -2.674118e+01 1.810000e+01 -3.838407e+01
      vertex   -2.700000e+01 1.810000e+01 -3.835000e+01
      vertex   -2.080000e+01 1.810000e+01 -3.685000e+01
    endloop
  endfacet
  facet normal 0.000000e+00 1.000000e+00 0.000000e+00
    outer loop
      vertex   -2.750000e+01 1.810000e+01 -3.848397e+01
      vertex   -2.770711e+01 1.810000e+01 -3.864289e+01
      vertex   -3.320000e+01 1.810000e+01 -3.685000e+01
    endloop
  endfacet
  facet normal 0.000000e+00 1.000000e+00 0.000000e+00
    outer loop
      vertex   -3.320000e+01 1.810000e+01 -3.685000e+01
      vertex   -2.770711e+01 1.810000e+01 -3.864289e+01
      vertex   -2.786603e+01 1.810000e+01 -3.885000e+01
    endloop
  endfacet
  facet normal 0.000000e+00 1.000000e+00 0.000000e+00
    outer loop
      vertex   -3.320000e+01 1.810000e+01 -3.685000e+01
      vertex   -2.786603e+01 1.810000e+01 -3.885000e+01
      vertex   -2.796593e+01 1.810000e+01 -3.909118e+01
    endloop
  endfacet
  facet normal 0.000000e+00 1.000000e+00 0.000000e+00
    outer loop
      vertex   -2.796593e+01 1.810000e+01 -3.909118e+01
      vertex   -2.800000e+01 1.810000e+01 -3.935000e+01
      vertex   -3.320000e+01 1.810000e+01 -3.685000e+01
    endloop
  endfacet
  facet normal 0.000000e+00 1.000000e+00 0.000000e+00
    outer loop
      vertex   -3.320000e+01 1.810000e+01 -3.685000e+01
      vertex   -2.800000e+01 1.810000e+01 -3.935000e+01
      vertex   -2.796593e+01 1.810000e+01 -3.960882e+01
    endloop
  endfacet
  facet normal 0.000000e+00 1.000000e+00 -0.000000e+00
    outer loop
      vertex   -1.000000e+01 3.000000e+00 -6.300000e+01
      vertex   -2.422836e+01 3.000000e+00 -4.885195e+01
      vertex   -1.000000e+01 3.000000e+00 -7.000000e+00
    endloop
  endfacet
  facet normal 0.000000e+00 1.000000e+00 0.000000e+00
    outer loop
      vertex   -1.000000e+01 3.000000e+00 -7.000000e+00
      vertex   -2.422836e+01 3.000000e+00 -4.885195e+01
      vertex   -2.522909e+01 3.000000e+00 -2.092945e+01
    endloop
  endfacet
  facet normal 0.000000e+00 1.000000e+00 0.000000e+00
    outer loop
      vertex   -1.000000e+01 3.000000e+00 -7.000000e+00
      vertex   -2.522909e+01 3.000000e+00 -2.092945e+01
      vertex   -2.505812e+01 3.000000e+00 -2.047863e+01
    endloop
  endfacet
  facet normal 0.000000e+00 1.000000e+00 -0.000000e+00
    outer loop
      vertex   -1.200000e+01 3.000000e+00 -6.500000e+01
      vertex   -2.422836e+01 3.000000e+00 -5.114805e+01
      vertex   -1.000000e+01 3.000000e+00 -6.300000e+01
    endloop
  endfacet
  facet normal 0.000000e+00 1.000000e+00 0.000000e+00
    outer loop
      vertex   -1.000000e+01 3.000000e+00 -6.300000e+01
      vertex   -2.422836e+01 3.000000e+00 -5.114805e+01
      vertex   -2.405764e+01 3.000000e+00 -5.058527e+01
    endloop
  endfacet
  facet normal 0.000000e+00 1.000000e+00 0.000000e+00
    outer loop
      vertex   -1.000000e+01 3.000000e+00 -6.300000e+01
      vertex   -2.405764e+01 3.000000e+00 -5.058527e+01
      vertex   -2.400000e+01 3.000000e+00 -5.000000e+01
    endloop
  endfacet
  facet normal 0.000000e+00 1.000000e+00 0.000000e+00
    outer loop
      vertex   -3.200000e+01 3.000000e+00 -6.500000e+01
      vertex   -2.585195e+01 3.000000e+00 -5.277164e+01
      vertex   -1.200000e+01 3.000000e+00 -6.500000e+01
    endloop
  endfacet
  facet normal 0.000000e+00 1.000000e+00 0.000000e+00
    outer loop
      vertex   -1.200000e+01 3.000000e+00 -6.500000e+01
      vertex   -2.585195e+01 3.000000e+00 -5.277164e+01
      vertex   -2.533329e+01 3.000000e+00 -5.249441e+01
    endloop
  endfacet
  facet normal 0.000000e+00 1.000000e+00 0.000000e+00
    outer loop
      vertex   -1.200000e+01 3.000000e+00 -6.500000e+01
      vertex   -2.533329e+01 3.000000e+00 -5.249441e+01
      vertex   -2.487868e+01 3.000000e+00 -5.212132e+01
    endloop
  endfacet
  facet normal 0.000000e+00 1.000000e+00 0.000000e+00
    outer loop
      vertex   -4.750000e+01 3.000000e+00 -4.950000e+01
      vertex   -2.977164e+01 3.000000e+00 -5.114805e+01
      vertex   -3.200000e+01 3.000000e+00 -6.500000e+01
    endloop
  endfacet
  facet normal 0.000000e+00 1.000000e+00 0.000000e+00
    outer loop
      vertex   -3.200000e+01 3.000000e+00 -6.500000e+01
      vertex   -2.977164e+01 3.000000e+00 -5.114805e+01
      vertex   -2.949441e+01 3.000000e+00 -5.166671e+01
    endloop
  endfacet
  facet normal 0.000000e+00 1.000000e+00 0.000000e+00
    outer loop
      vertex   -3.200000e+01 3.000000e+00 -6.500000e+01
      vertex   -2.949441e+01 3.000000e+00 -5.166671e+01
      vertex   -2.912132e+01 3.000000e+00 -5.212132e+01
    endloop
  endfacet
  facet normal 0.000000e+00 1.000000e+00 0.000000e+00
    outer loop
      vertex   -5.200000e+01 3.000000e+00 -4.950000e+01
      vertex   -4.975893e+01 3.000000e+00 -4.448542e+01
      vertex   -4.750000e+01 3.000000e+00 -4.950000e+01
    endloop
  endfacet
  facet normal 0.000000e+00 1.000000e+00 0.000000e+00
    outer loop
      vertex   -4.750000e+01 3.000000e+00 -4.950000e+01
      vertex   -4.975893e+01 3.000000e+00 -4.448542e+01
      vertex   -4.929079e+01 3.000000e+00 -4.437003e+01
    endloop
  endfacet
  facet normal 0.000000e+00 1.000000e+00 0.000000e+00
    outer loop
      vertex   -4.750000e+01 3.000000e+00 -4.950000e+01
      vertex   -4.929079e+01 3.000000e+00 -4.437003e+01
      vertex   -4.886387e+01 3.000000e+00 -4.414597e+01
    endloop
  endfacet
  facet normal -0.000000e+00 1.000000e+00 0.000000e+00
    outer loop
      vertex   -5.700000e+01 3.000000e+00 -4.450000e+01
      vertex   -5.177091e+01 3.000000e+00 -4.342945e+01
      vertex   -5.200000e+01 3.000000e+00 -4.950000e+01
    endloop
  endfacet
  facet normal 0.000000e+00 1.000000e+00 0.000000e+00
    outer loop
      vertex   -5.200000e+01 3.000000e+00 -4.950000e+01
      vertex   -5.177091e+01 3.000000e+00 -4.342945e+01
      vertex   -5.149702e+01 3.000000e+00 -4.382625e+01
    endloop
  endfacet
  facet normal 0.000000e+00 1.000000e+00 0.000000e+00
    outer loop
      vertex   -5.200000e+01 3.000000e+00 -4.950000e+01
      vertex   -5.149702e+01 3.000000e+00 -4.382625e+01
      vertex   -5.113613e+01 3.000000e+00 -4.414597e+01
    endloop
  endfacet
  facet normal 0.000000e+00 1.000000e+00 0.000000e+00
    outer loop
      vertex   -5.700000e+01 3.000000e+00 -2.550000e+01
      vertex   -5.149702e+01 3.000000e+00 -4.117375e+01
      vertex   -5.700000e+01 3.000000e+00 -4.450000e+01
    endloop
  endfacet
  facet normal 0.000000e+00 1.000000e+00 0.000000e+00
    outer loop
      vertex   -5.700000e+01 3.000000e+00 -4.450000e+01
      vertex   -5.149702e+01 3.000000e+00 -4.117375e+01
      vertex   -5.177091e+01 3.000000e+00 -4.157055e+01
    endloop
  endfacet
  facet normal 0.000000e+00 1.000000e+00 0.000000e+00
    outer loop
      vertex   -5.700000e+01 3.000000e+00 -4.450000e+01
      vertex   -5.177091e+01 3.000000e+00 -4.157055e+01
      vertex   -5.194188e+01 3.000000e+00 -4.202137e+01
    endloop
  endfacet
  facet normal 0.000000e+00 1.000000e+00 0.000000e+00
    outer loop
      vertex   -5.200000e+01 3.000000e+00 -2.050000e+01
      vertex   -5.177091e+01 3.000000e+00 -2.657055e+01
      vertex   -5.700000e+01 3.000000e+00 -2.550000e+01
    endloop
  endfacet
  facet normal 0.000000e+00 1.000000e+00 0.000000e+00
    outer loop
      vertex   -5.700000e+01 3.000000e+00 -2.550000e+01
      vertex   -5.177091e+01 3.000000e+00 -2.657055e+01
      vertex   -5.194188e+01 3.000000e+00 -2.702137e+01
    endloop
  endfacet
  facet normal 0.000000e+00 1.000000e+00 0.000000e+00
    outer loop
      vertex   -5.700000e+01 3.000000e+00 -2.550000e+01
      vertex   -5.194188e+01 3.000000e+00 -2.702137e+01
      vertex   -5.200000e+01 3.000000e+00 -2.750000e+01
    endloop
  endfacet
  facet normal 0.000000e+00 1.000000e+00 0.000000e+00
    outer loop
      vertex   -4.750000e+01 3.000000e+00 -2.050000e+01
      vertex   -4.975893e+01 3.000000e+00 -2.551458e+01
      vertex   -5.200000e+01 3.000000e+00 -2.050000e+01
    endloop
  endfacet
  facet normal 0.000000e+00 1.000000e+00 0.000000e+00
    outer loop
      vertex   -5.200000e+01 3.000000e+00 -2.050000e+01
      vertex   -4.975893e+01 3.000000e+00 -2.551458e+01
      vertex   -5.024107e+01 3.000000e+00 -2.551458e+01
    endloop
  endfacet
  facet normal 0.000000e+00 1.000000e+00 0.000000e+00
    outer loop
      vertex   -5.200000e+01 3.000000e+00 -2.050000e+01
      vertex   -5.024107e+01 3.000000e+00 -2.551458e+01
      vertex   -5.070921e+01 3.000000e+00 -2.562997e+01
    endloop
  endfacet
  facet normal 0.000000e+00 1.000000e+00 0.000000e+00
    outer loop
      vertex   -3.200000e+01 3.000000e+00 -5.000000e+00
      vertex   -2.894188e+01 3.000000e+00 -1.952137e+01
      vertex   -4.750000e+01 3.000000e+00 -2.050000e+01
    endloop
  endfacet
  facet normal 0.000000e+00 1.000000e+00 0.000000e+00
    outer loop
      vertex   -4.750000e+01 3.000000e+00 -2.050000e+01
      vertex   -2.894188e+01 3.000000e+00 -1.952137e+01
      vertex   -2.900000e+01 3.000000e+00 -2.000000e+01
    endloop
  endfacet
  facet normal 0.000000e+00 1.000000e+00 0.000000e+00
    outer loop
      vertex   -4.750000e+01 3.000000e+00 -2.050000e+01
      vertex   -2.900000e+01 3.000000e+00 -2.000000e+01
      vertex   -2.894188e+01 3.000000e+00 -2.047863e+01
    endloop
  endfacet
  facet normal 0.000000e+00 1.000000e+00 0.000000e+00
    outer loop
      vertex   -1.200000e+01 3.000000e+00 -5.000000e+00
      vertex   -2.586387e+01 3.000000e+00 -1.835403e+01
      vertex   -3.200000e+01 3.000000e+00 -5.000000e+00
    endloop
  endfacet
  facet normal 0.000000e+00 1.000000e+00 0.000000e+00
    outer loop
      vertex   -3.200000e+01 3.000000e+00 -5.000000e+00
      vertex   -2.586387e+01 3.000000e+00 -1.835403e+01
      vertex   -2.629079e+01 3.000000e+00 -1.812997e+01
    endloop
  endfacet
  facet normal 0.000000e+00 1.000000e+00 0.000000e+00
    outer loop
      vertex   -3.200000e+01 3.000000e+00 -5.000000e+00
      vertex   -2.629079e+01 3.000000e+00 -1.812997e+01
      vertex   -2.675893e+01 3.000000e+00 -1.801458e+01
    endloop
  endfacet
  facet normal 0.000000e+00 1.000000e+00 0.000000e+00
    outer loop
      vertex   -1.000000e+01 3.000000e+00 -7.000000e+00
      vertex   -2.505812e+01 3.000000e+00 -1.952137e+01
      vertex   -1.200000e+01 3.000000e+00 -5.000000e+00
    endloop
  endfacet
  facet normal 0.000000e+00 1.000000e+00 0.000000e+00
    outer loop
      vertex   -1.200000e+01 3.000000e+00 -5.000000e+00
      vertex   -2.505812e+01 3.000000e+00 -1.952137e+01
      vertex   -2.522909e+01 3.000000e+00 -1.907055e+01
    endloop
  endfacet
  facet normal 0.000000e+00 1.000000e+00 0.000000e+00
    outer loop
      vertex   -1.200000e+01 3.000000e+00 -5.000000e+00
      vertex   -2.522909e+01 3.000000e+00 -1.907055e+01
      vertex   -2.550298e+01 3.000000e+00 -1.867375e+01
    endloop
  endfacet
  facet normal -0.000000e+00 1.000000e+00 -0.000000e+00
    outer loop
      vertex   -2.400000e+01 3.000000e+00 -5.000000e+01
      vertex   -2.405764e+01 3.000000e+00 -4.941473e+01
      vertex   -1.000000e+01 3.000000e+00 -6.300000e+01
    endloop
  endfacet
  facet normal 0.000000e+00 1.000000e+00 0.000000e+00
    outer loop
      vertex   -1.000000e+01 3.000000e+00 -6.300000e+01
      vertex   -2.405764e+01 3.000000e+00 -4.941473e+01
      vertex   -2.422836e+01 3.000000e+00 -4.885195e+01
    endloop
  endfacet
  facet normal 0.000000e+00 1.000000e+00 0.000000e+00
    outer loop
      vertex   -2.422836e+01 3.000000e+00 -4.885195e+01
      vertex   -2.450559e+01 3.000000e+00 -4.833329e+01
      vertex   -2.522909e+01 3.000000e+00 -2.092945e+01
    endloop
  endfacet
  facet normal 0.000000e+00 1.000000e+00 0.000000e+00
    outer loop
      vertex   -2.522909e+01 3.000000e+00 -2.092945e+01
      vertex   -2.450559e+01 3.000000e+00 -4.833329e+01
      vertex   -2.550298e+01 3.000000e+00 -2.132625e+01
    endloop
  endfacet
  facet normal 0.000000e+00 1.000000e+00 0.000000e+00
    outer loop
      vertex   -2.550298e+01 3.000000e+00 -2.132625e+01
      vertex   -2.450559e+01 3.000000e+00 -4.833329e+01
      vertex   -2.487868e+01 3.000000e+00 -4.787868e+01
    endloop
  endfacet
  facet normal 0.000000e+00 1.000000e+00 0.000000e+00
    outer loop
      vertex   -2.550298e+01 3.000000e+00 -2.132625e+01
      vertex   -2.487868e+01 3.000000e+00 -4.787868e+01
      vertex   -2.533329e+01 3.000000e+00 -4.750559e+01
    endloop
  endfacet
  facet normal 0.000000e+00 1.000000e+00 0.000000e+00
    outer loop
      vertex   -2.550298e+01 3.000000e+00 -2.132625e+01
      vertex   -2.533329e+01 3.000000e+00 -4.750559e+01
      vertex   -2.586387e+01 3.000000e+00 -2.164597e+01
    endloop
  endfacet
  facet normal 0.000000e+00 1.000000e+00 0.000000e+00
    outer loop
      vertex   -2.586387e+01 3.000000e+00 -2.164597e+01
      vertex   -2.533329e+01 3.000000e+00 -4.750559e+01
      vertex   -2.585195e+01 3.000000e+00 -4.722836e+01
    endloop
  endfacet
  facet normal 0.000000e+00 1.000000e+00 0.000000e+00
    outer loop
      vertex   -2.586387e+01 3.000000e+00 -2.164597e+01
      vertex   -2.585195e+01 3.000000e+00 -4.722836e+01
      vertex   -2.629079e+01 3.000000e+00 -2.187003e+01
    endloop
  endfacet
  facet normal 0.000000e+00 1.000000e+00 0.000000e+00
    outer loop
      vertex   -2.629079e+01 3.000000e+00 -2.187003e+01
      vertex   -2.585195e+01 3.000000e+00 -4.722836e+01
      vertex   -2.641473e+01 3.000000e+00 -4.705764e+01
    endloop
  endfacet
  facet normal 0.000000e+00 1.000000e+00 0.000000e+00
    outer loop
      vertex   -2.629079e+01 3.000000e+00 -2.187003e+01
      vertex   -2.641473e+01 3.000000e+00 -4.705764e+01
      vertex   -2.675893e+01 3.000000e+00 -2.198542e+01
    endloop
  endfacet
  facet normal 0.000000e+00 1.000000e+00 0.000000e+00
    outer loop
      vertex   -2.675893e+01 3.000000e+00 -2.198542e+01
      vertex   -2.641473e+01 3.000000e+00 -4.705764e+01
      vertex   -2.700000e+01 3.000000e+00 -4.700000e+01
    endloop
  endfacet
  facet normal 0.000000e+00 1.000000e+00 0.000000e+00
    outer loop
      vertex   -2.675893e+01 3.000000e+00 -2.198542e+01
      vertex   -2.700000e+01 3.000000e+00 -4.700000e+01
      vertex   -2.724107e+01 3.000000e+00 -2.198542e+01
    endloop
  endfacet
  facet normal 0.000000e+00 1.000000e+00 0.000000e+00
    outer loop
      vertex   -2.724107e+01 3.000000e+00 -2.198542e+01
      vertex   -2.700000e+01 3.000000e+00 -4.700000e+01
      vertex   -2.758527e+01 3.000000e+00 -4.705764e+01
    endloop
  endfacet
  facet normal 0.000000e+00 1.000000e+00 0.000000e+00
    outer loop
      vertex   -2.724107e+01 3.000000e+00 -2.198542e+01
      vertex   -2.758527e+01 3.000000e+00 -4.705764e+01
      vertex   -2.770921e+01 3.000000e+00 -2.187003e+01
    endloop
  endfacet
  facet normal 0.000000e+00 1.000000e+00 0.000000e+00
    outer loop
      vertex   -2.770921e+01 3.000000e+00 -2.187003e+01
      vertex   -2.758527e+01 3.000000e+00 -4.705764e+01
      vertex   -2.814805e+01 3.000000e+00 -4.722836e+01
    endloop
  endfacet
  facet normal 0.000000e+00 1.000000e+00 0.000000e+00
    outer loop
      vertex   -2.770921e+01 3.000000e+00 -2.187003e+01
      vertex   -2.814805e+01 3.000000e+00 -4.722836e+01
      vertex   -2.813613e+01 3.000000e+00 -2.164597e+01
    endloop
  endfacet
  facet normal 0.000000e+00 1.000000e+00 0.000000e+00
    outer loop
      vertex   -2.813613e+01 3.000000e+00 -2.164597e+01
      vertex   -2.814805e+01 3.000000e+00 -4.722836e+01
      vertex   -2.866671e+01 3.000000e+00 -4.750559e+01
    endloop
  endfacet
  facet normal 0.000000e+00 1.000000e+00 0.000000e+00
    outer loop
      vertex   -2.813613e+01 3.000000e+00 -2.164597e+01
      vertex   -2.866671e+01 3.000000e+00 -4.750559e+01
      vertex   -2.849702e+01 3.000000e+00 -2.132625e+01
    endloop
  endfacet
  facet normal 0.000000e+00 1.000000e+00 0.000000e+00
    outer loop
      vertex   -2.849702e+01 3.000000e+00 -2.132625e+01
      vertex   -2.866671e+01 3.000000e+00 -4.750559e+01
      vertex   -2.912132e+01 3.000000e+00 -4.787868e+01
    endloop
  endfacet
  facet normal 0.000000e+00 1.000000e+00 0.000000e+00
    outer loop
      vertex   -2.849702e+01 3.000000e+00 -2.132625e+01
      vertex   -2.912132e+01 3.000000e+00 -4.787868e+01
      vertex   -4.805812e+01 3.000000e+00 -2.797863e+01
    endloop
  endfacet
  facet normal 0.000000e+00 1.000000e+00 0.000000e+00
    outer loop
      vertex   -4.805812e+01 3.000000e+00 -2.797863e+01
      vertex   -2.912132e+01 3.000000e+00 -4.787868e+01
      vertex   -4.805812e+01 3.000000e+00 -4.202137e+01
    endloop
  endfacet
  facet normal 0.000000e+00 1.000000e+00 0.000000e+00
    outer loop
      vertex   -4.805812e+01 3.000000e+00 -2.797863e+01
      vertex   -4.805812e+01 3.000000e+00 -4.202137e+01
      vertex   -4.822909e+01 3.000000e+00 -2.842945e+01
    endloop
  endfacet
  facet normal 0.000000e+00 1.000000e+00 0.000000e+00
    outer loop
      vertex   -4.822909e+01 3.000000e+00 -2.842945e+01
      vertex   -4.805812e+01 3.000000e+00 -4.202137e+01
      vertex   -4.822909e+01 3.000000e+00 -4.157055e+01
    endloop
  endfacet
  facet normal 0.000000e+00 1.000000e+00 0.000000e+00
    outer loop
      vertex   -4.822909e+01 3.000000e+00 -2.842945e+01
      vertex   -4.822909e+01 3.000000e+00 -4.157055e+01
      vertex   -4.850298e+01 3.000000e+00 -2.882625e+01
    endloop
  endfacet
  facet normal 0.000000e+00 1.000000e+00 0.000000e+00
    outer loop
      vertex   -4.850298e+01 3.000000e+00 -2.882625e+01
      vertex   -4.822909e+01 3.000000e+00 -4.157055e+01
      vertex   -4.850298e+01 3.000000e+00 -4.117375e+01
    endloop
  endfacet
  facet normal 0.000000e+00 1.000000e+00 0.000000e+00
    outer loop
      vertex   -4.850298e+01 3.000000e+00 -2.882625e+01
      vertex   -4.850298e+01 3.000000e+00 -4.117375e+01
      vertex   -4.886387e+01 3.000000e+00 -2.914597e+01
    endloop
  endfacet
  facet normal 0.000000e+00 1.000000e+00 0.000000e+00
    outer loop
      vertex   -4.886387e+01 3.000000e+00 -2.914597e+01
      vertex   -4.850298e+01 3.000000e+00 -4.117375e+01
      vertex   -4.886387e+01 3.000000e+00 -4.085403e+01
    endloop
  endfacet
  facet normal 0.000000e+00 1.000000e+00 0.000000e+00
    outer loop
      vertex   -4.886387e+01 3.000000e+00 -2.914597e+01
      vertex   -4.886387e+01 3.000000e+00 -4.085403e+01
      vertex   -4.929079e+01 3.000000e+00 -2.937003e+01
    endloop
  endfacet
  facet normal 0.000000e+00 1.000000e+00 0.000000e+00
    outer loop
      vertex   -4.929079e+01 3.000000e+00 -2.937003e+01
      vertex   -4.886387e+01 3.000000e+00 -4.085403e+01
      vertex   -4.929079e+01 3.000000e+00 -4.062997e+01
    endloop
  endfacet
  facet normal 0.000000e+00 1.000000e+00 0.000000e+00
    outer loop
      vertex   -4.929079e+01 3.000000e+00 -2.937003e+01
      vertex   -4.929079e+01 3.000000e+00 -4.062997e+01
      vertex   -4.975893e+01 3.000000e+00 -2.948542e+01
    endloop
  endfacet
  facet normal 0.000000e+00 1.000000e+00 0.000000e+00
    outer loop
      vertex   -4.975893e+01 3.000000e+00 -2.948542e+01
      vertex   -4.929079e+01 3.000000e+00 -4.062997e+01
      vertex   -4.975893e+01 3.000000e+00 -4.051458e+01
    endloop
  endfacet
  facet normal 0.000000e+00 1.000000e+00 0.000000e+00
    outer loop
      vertex   -4.975893e+01 3.000000e+00 -2.948542e+01
      vertex   -4.975893e+01 3.000000e+00 -4.051458e+01
      vertex   -5.024107e+01 3.000000e+00 -2.948542e+01
    endloop
  endfacet
  facet normal 0.000000e+00 1.000000e+00 0.000000e+00
    outer loop
      vertex   -5.024107e+01 3.000000e+00 -2.948542e+01
      vertex   -4.975893e+01 3.000000e+00 -4.051458e+01
      vertex   -5.024107e+01 3.000000e+00 -4.051458e+01
    endloop
  endfacet
  facet normal 0.000000e+00 1.000000e+00 0.000000e+00
    outer loop
      vertex   -5.024107e+01 3.000000e+00 -2.948542e+01
      vertex   -5.024107e+01 3.000000e+00 -4.051458e+01
      vertex   -5.070921e+01 3.000000e+00 -2.937003e+01
    endloop
  endfacet
  facet normal 0.000000e+00 1.000000e+00 0.000000e+00
    outer loop
      vertex   -5.070921e+01 3.000000e+00 -2.937003e+01
      vertex   -5.024107e+01 3.000000e+00 -4.051458e+01
      vertex   -5.070921e+01 3.000000e+00 -4.062997e+01
    endloop
  endfacet
  facet normal 0.000000e+00 1.000000e+00 0.000000e+00
    outer loop
      vertex   -5.070921e+01 3.000000e+00 -2.937003e+01
      vertex   -5.070921e+01 3.000000e+00 -4.062997e+01
      vertex   -5.113613e+01 3.000000e+00 -2.914597e+01
    endloop
  endfacet
  facet normal 0.000000e+00 1.000000e+00 0.000000e+00
    outer loop
      vertex   -5.113613e+01 3.000000e+00 -2.914597e+01
      vertex   -5.070921e+01 3.000000e+00 -4.062997e+01
      vertex   -5.113613e+01 3.000000e+00 -4.085403e+01
    endloop
  endfacet
  facet normal 0.000000e+00 1.000000e+00 0.000000e+00
    outer loop
      vertex   -5.113613e+01 3.000000e+00 -2.914597e+01
      vertex   -5.113613e+01 3.000000e+00 -4.085403e+01
      vertex   -5.149702e+01 3.000000e+00 -2.882625e+01
    endloop
  endfacet
  facet normal 0.000000e+00 1.000000e+00 0.000000e+00
    outer loop
      vertex   -5.149702e+01 3.000000e+00 -2.882625e+01
      vertex   -5.113613e+01 3.000000e+00 -4.085403e+01
      vertex   -5.149702e+01 3.000000e+00 -4.117375e+01
    endloop
  endfacet
  facet normal 0.000000e+00 1.000000e+00 0.000000e+00
    outer loop
      vertex   -5.149702e+01 3.000000e+00 -2.882625e+01
      vertex   -5.149702e+01 3.000000e+00 -4.117375e+01
      vertex   -5.700000e+01 3.000000e+00 -2.550000e+01
    endloop
  endfacet
  facet normal 0.000000e+00 1.000000e+00 0.000000e+00
    outer loop
      vertex   -2.912132e+01 3.000000e+00 -4.787868e+01
      vertex   -2.949441e+01 3.000000e+00 -4.833329e+01
      vertex   -4.805812e+01 3.000000e+00 -4.202137e+01
    endloop
  endfacet
  facet normal 0.000000e+00 1.000000e+00 0.000000e+00
    outer loop
      vertex   -4.805812e+01 3.000000e+00 -4.202137e+01
      vertex   -2.949441e+01 3.000000e+00 -4.833329e+01
      vertex   -4.800000e+01 3.000000e+00 -4.250000e+01
    endloop
  endfacet
  facet normal 0.000000e+00 1.000000e+00 0.000000e+00
    outer loop
      vertex   -4.800000e+01 3.000000e+00 -4.250000e+01
      vertex   -2.949441e+01 3.000000e+00 -4.833329e+01
      vertex   -2.977164e+01 3.000000e+00 -4.885195e+01
    endloop
  endfacet
  facet normal 0.000000e+00 1.000000e+00 0.000000e+00
    outer loop
      vertex   -4.800000e+01 3.000000e+00 -4.250000e+01
      vertex   -2.977164e+01 3.000000e+00 -4.885195e+01
      vertex   -4.805812e+01 3.000000e+00 -4.297863e+01
    endloop
  endfacet
  facet normal 0.000000e+00 1.000000e+00 0.000000e+00
    outer loop
      vertex   -4.805812e+01 3.000000e+00 -4.297863e+01
      vertex   -2.977164e+01 3.000000e+00 -4.885195e+01
      vertex   -2.994236e+01 3.000000e+00 -4.941473e+01
    endloop
  endfacet
  facet normal 0.000000e+00 1.000000e+00 0.000000e+00
    outer loop
      vertex   -4.805812e+01 3.000000e+00 -4.297863e+01
      vertex   -2.994236e+01 3.000000e+00 -4.941473e+01
      vertex   -4.750000e+01 3.000000e+00 -4.950000e+01
    endloop
  endfacet
  facet normal -0.000000e+00 1.000000e+00 0.000000e+00
    outer loop
      vertex   -4.750000e+01 3.000000e+00 -4.950000e+01
      vertex   -2.994236e+01 3.000000e+00 -4.941473e+01
      vertex   -3.000000e+01 3.000000e+00 -5.000000e+01
    endloop
  endfacet
  facet normal 0.000000e+00 1.000000e+00 0.000000e+00
    outer loop
      vertex   -4.750000e+01 3.000000e+00 -4.950000e+01
      vertex   -3.000000e+01 3.000000e+00 -5.000000e+01
      vertex   -2.994236e+01 3.000000e+00 -5.058527e+01
    endloop
  endfacet
  facet normal 0.000000e+00 1.000000e+00 0.000000e+00
    outer loop
      vertex   -2.994236e+01 3.000000e+00 -5.058527e+01
      vertex   -2.977164e+01 3.000000e+00 -5.114805e+01
      vertex   -4.750000e+01 3.000000e+00 -4.950000e+01
    endloop
  endfacet
  facet normal 0.000000e+00 1.000000e+00 0.000000e+00
    outer loop
      vertex   -2.912132e+01 3.000000e+00 -5.212132e+01
      vertex   -2.866671e+01 3.000000e+00 -5.249441e+01
      vertex   -3.200000e+01 3.000000e+00 -6.500000e+01
    endloop
  endfacet
  facet normal 0.000000e+00 1.000000e+00 0.000000e+00
    outer loop
      vertex   -3.200000e+01 3.000000e+00 -6.500000e+01
      vertex   -2.866671e+01 3.000000e+00 -5.249441e+01
      vertex   -2.814805e+01 3.000000e+00 -5.277164e+01
    endloop
  endfacet
  facet normal 0.000000e+00 1.000000e+00 0.000000e+00
    outer loop
      vertex   -3.200000e+01 3.000000e+00 -6.500000e+01
      vertex   -2.814805e+01 3.000000e+00 -5.277164e+01
      vertex   -2.758527e+01 3.000000e+00 -5.294236e+01
    endloop
  endfacet
  facet normal 0.000000e+00 1.000000e+00 0.000000e+00
    outer loop
      vertex   -2.758527e+01 3.000000e+00 -5.294236e+01
      vertex   -2.700000e+01 3.000000e+00 -5.300000e+01
      vertex   -3.200000e+01 3.000000e+00 -6.500000e+01
    endloop
  endfacet
  facet normal 0.000000e+00 1.000000e+00 0.000000e+00
    outer loop
      vertex   -3.200000e+01 3.000000e+00 -6.500000e+01
      vertex   -2.700000e+01 3.000000e+00 -5.300000e+01
      vertex   -2.641473e+01 3.000000e+00 -5.294236e+01
    endloop
  endfacet
  facet normal 0.000000e+00 1.000000e+00 0.000000e+00
    outer loop
      vertex   -3.200000e+01 3.000000e+00 -6.500000e+01
      vertex   -2.641473e+01 3.000000e+00 -5.294236e+01
      vertex   -2.585195e+01 3.000000e+00 -5.277164e+01
    endloop
  endfacet
  facet normal -0.000000e+00 1.000000e+00 0.000000e+00
    outer loop
      vertex   -2.487868e+01 3.000000e+00 -5.212132e+01
      vertex   -2.450559e+01 3.000000e+00 -5.166671e+01
      vertex   -1.200000e+01 3.000000e+00 -6.500000e+01
    endloop
  endfacet
  facet normal 0.000000e+00 1.000000e+00 0.000000e+00
    outer loop
      vertex   -1.200000e+01 3.000000e+00 -6.500000e+01
      vertex   -2.450559e+01 3.000000e+00 -5.166671e+01
      vertex   -2.422836e+01 3.000000e+00 -5.114805e+01
    endloop
  endfacet
  facet normal 0.000000e+00 1.000000e+00 0.000000e+00
    outer loop
      vertex   -5.194188e+01 3.000000e+00 -4.202137e+01
      vertex   -5.200000e+01 3.000000e+00 -4.250000e+01
      vertex   -5.700000e+01 3.000000e+00 -4.450000e+01
    endloop
  endfacet
  facet normal 0.000000e+00 1.000000e+00 0.000000e+00
    outer loop
      vertex   -5.700000e+01 3.000000e+00 -4.450000e+01
      vertex   -5.200000e+01 3.000000e+00 -4.250000e+01
      vertex   -5.194188e+01 3.000000e+00 -4.297863e+01
    endloop
  endfacet
  facet normal 0.000000e+00 1.000000e+00 0.000000e+00
    outer loop
      vertex   -5.700000e+01 3.000000e+00 -4.450000e+01
      vertex   -5.194188e+01 3.000000e+00 -4.297863e+01
      vertex   -5.177091e+01 3.000000e+00 -4.342945e+01
    endloop
  endfacet
  facet normal 0.000000e+00 1.000000e+00 0.000000e+00
    outer loop
      vertex   -5.113613e+01 3.000000e+00 -4.414597e+01
      vertex   -5.070921e+01 3.000000e+00 -4.437003e+01
      vertex   -5.200000e+01 3.000000e+00 -4.950000e+01
    endloop
  endfacet
  facet normal 0.000000e+00 1.000000e+00 0.000000e+00
    outer loop
      vertex   -5.200000e+01 3.000000e+00 -4.950000e+01
      vertex   -5.070921e+01 3.000000e+00 -4.437003e+01
      vertex   -5.024107e+01 3.000000e+00 -4.448542e+01
    endloop
  endfacet
  facet normal 0.000000e+00 1.000000e+00 0.000000e+00
    outer loop
      vertex   -5.200000e+01 3.000000e+00 -4.950000e+01
      vertex   -5.024107e+01 3.000000e+00 -4.448542e+01
      vertex   -4.975893e+01 3.000000e+00 -4.448542e+01
    endloop
  endfacet
  facet normal -0.000000e+00 1.000000e+00 0.000000e+00
    outer loop
      vertex   -4.886387e+01 3.000000e+00 -4.414597e+01
      vertex   -4.850298e+01 3.000000e+00 -4.382625e+01
      vertex   -4.750000e+01 3.000000e+00 -4.950000e+01
    endloop
  endfacet
  facet normal 0.000000e+00 1.000000e+00 0.000000e+00
    outer loop
      vertex   -4.750000e+01 3.000000e+00 -4.950000e+01
      vertex   -4.850298e+01 3.000000e+00 -4.382625e+01
      vertex   -4.822909e+01 3.000000e+00 -4.342945e+01
    endloop
  endfacet
  facet normal 0.000000e+00 1.000000e+00 0.000000e+00
    outer loop
      vertex   -4.750000e+01 3.000000e+00 -4.950000e+01
      vertex   -4.822909e+01 3.000000e+00 -4.342945e+01
      vertex   -4.805812e+01 3.000000e+00 -4.297863e+01
    endloop
  endfacet
  facet normal 0.000000e+00 1.000000e+00 0.000000e+00
    outer loop
      vertex   -5.200000e+01 3.000000e+00 -2.750000e+01
      vertex   -5.194188e+01 3.000000e+00 -2.797863e+01
      vertex   -5.700000e+01 3.000000e+00 -2.550000e+01
    endloop
  endfacet
  facet normal 0.000000e+00 1.000000e+00 0.000000e+00
    outer loop
      vertex   -5.700000e+01 3.000000e+00 -2.550000e+01
      vertex   -5.194188e+01 3.000000e+00 -2.797863e+01
      vertex   -5.177091e+01 3.000000e+00 -2.842945e+01
    endloop
  endfacet
  facet normal 0.000000e+00 1.000000e+00 0.000000e+00
    outer loop
      vertex   -5.700000e+01 3.000000e+00 -2.550000e+01
      vertex   -5.177091e+01 3.000000e+00 -2.842945e+01
      vertex   -5.149702e+01 3.000000e+00 -2.882625e+01
    endloop
  endfacet
  facet normal 0.000000e+00 1.000000e+00 0.000000e+00
    outer loop
      vertex   -2.849702e+01 3.000000e+00 -2.132625e+01
      vertex   -4.805812e+01 3.000000e+00 -2.797863e+01
      vertex   -2.877091e+01 3.000000e+00 -2.092945e+01
    endloop
  endfacet
  facet normal 0.000000e+00 1.000000e+00 0.000000e+00
    outer loop
      vertex   -2.877091e+01 3.000000e+00 -2.092945e+01
      vertex   -4.805812e+01 3.000000e+00 -2.797863e+01
      vertex   -4.800000e+01 3.000000e+00 -2.750000e+01
    endloop
  endfacet
  facet normal 0.000000e+00 1.000000e+00 0.000000e+00
    outer loop
      vertex   -2.877091e+01 3.000000e+00 -2.092945e+01
      vertex   -4.800000e+01 3.000000e+00 -2.750000e+01
      vertex   -2.894188e+01 3.000000e+00 -2.047863e+01
    endloop
  endfacet
  facet normal 0.000000e+00 1.000000e+00 0.000000e+00
    outer loop
      vertex   -2.894188e+01 3.000000e+00 -2.047863e+01
      vertex   -4.800000e+01 3.000000e+00 -2.750000e+01
      vertex   -4.805812e+01 3.000000e+00 -2.702137e+01
    endloop
  endfacet
  facet normal 0.000000e+00 1.000000e+00 0.000000e+00
    outer loop
      vertex   -2.894188e+01 3.000000e+00 -2.047863e+01
      vertex   -4.805812e+01 3.000000e+00 -2.702137e+01
      vertex   -4.750000e+01 3.000000e+00 -2.050000e+01
    endloop
  endfacet
  facet normal 0.000000e+00 1.000000e+00 0.000000e+00
    outer loop
      vertex   -4.750000e+01 3.000000e+00 -2.050000e+01
      vertex   -4.805812e+01 3.000000e+00 -2.702137e+01
      vertex   -4.822909e+01 3.000000e+00 -2.657055e+01
    endloop
  endfacet
  facet normal 0.000000e+00 1.000000e+00 0.000000e+00
    outer loop
      vertex   -4.750000e+01 3.000000e+00 -2.050000e+01
      vertex   -4.822909e+01 3.000000e+00 -2.657055e+01
      vertex   -4.850298e+01 3.000000e+00 -2.617375e+01
    endloop
  endfacet
  facet normal 0.000000e+00 1.000000e+00 -0.000000e+00
    outer loop
      vertex   -4.850298e+01 3.000000e+00 -2.617375e+01
      vertex   -4.886387e+01 3.000000e+00 -2.585403e+01
      vertex   -4.750000e+01 3.000000e+00 -2.050000e+01
    endloop
  endfacet
  facet normal 0.000000e+00 1.000000e+00 0.000000e+00
    outer loop
      vertex   -4.750000e+01 3.000000e+00 -2.050000e+01
      vertex   -4.886387e+01 3.000000e+00 -2.585403e+01
      vertex   -4.929079e+01 3.000000e+00 -2.562997e+01
    endloop
  endfacet
  facet normal 0.000000e+00 1.000000e+00 0.000000e+00
    outer loop
      vertex   -4.750000e+01 3.000000e+00 -2.050000e+01
      vertex   -4.929079e+01 3.000000e+00 -2.562997e+01
      vertex   -4.975893e+01 3.000000e+00 -2.551458e+01
    endloop
  endfacet
  facet normal 0.000000e+00 1.000000e+00 0.000000e+00
    outer loop
      vertex   -5.070921e+01 3.000000e+00 -2.562997e+01
      vertex   -5.113613e+01 3.000000e+00 -2.585403e+01
      vertex   -5.200000e+01 3.000000e+00 -2.050000e+01
    endloop
  endfacet
  facet normal 0.000000e+00 1.000000e+00 0.000000e+00
    outer loop
      vertex   -5.200000e+01 3.000000e+00 -2.050000e+01
      vertex   -5.113613e+01 3.000000e+00 -2.585403e+01
      vertex   -5.149702e+01 3.000000e+00 -2.617375e+01
    endloop
  endfacet
  facet normal 0.000000e+00 1.000000e+00 0.000000e+00
    outer loop
      vertex   -5.200000e+01 3.000000e+00 -2.050000e+01
      vertex   -5.149702e+01 3.000000e+00 -2.617375e+01
      vertex   -5.177091e+01 3.000000e+00 -2.657055e+01
    endloop
  endfacet
  facet normal 0.000000e+00 1.000000e+00 0.000000e+00
    outer loop
      vertex   -2.505812e+01 3.000000e+00 -2.047863e+01
      vertex   -2.500000e+01 3.000000e+00 -2.000000e+01
      vertex   -1.000000e+01 3.000000e+00 -7.000000e+00
    endloop
  endfacet
  facet normal 0.000000e+00 1.000000e+00 0.000000e+00
    outer loop
      vertex   -1.000000e+01 3.000000e+00 -7.000000e+00
      vertex   -2.500000e+01 3.000000e+00 -2.000000e+01
      vertex   -2.505812e+01 3.000000e+00 -1.952137e+01
    endloop
  endfacet
  facet normal 0.000000e+00 1.000000e+00 -0.000000e+00
    outer loop
      vertex   -2.550298e+01 3.000000e+00 -1.867375e+01
      vertex   -2.586387e+01 3.000000e+00 -1.835403e+01
      vertex   -1.200000e+01 3.000000e+00 -5.000000e+00
    endloop
  endfacet
  facet normal 0.000000e+00 1.000000e+00 0.000000e+00
    outer loop
      vertex   -2.675893e+01 3.000000e+00 -1.801458e+01
      vertex   -2.724107e+01 3.000000e+00 -1.801458e+01
      vertex   -3.200000e+01 3.000000e+00 -5.000000e+00
    endloop
  endfacet
  facet normal 0.000000e+00 1.000000e+00 0.000000e+00
    outer loop
      vertex   -3.200000e+01 3.000000e+00 -5.000000e+00
      vertex   -2.724107e+01 3.000000e+00 -1.801458e+01
      vertex   -2.770921e+01 3.000000e+00 -1.812997e+01
    endloop
  endfacet
  facet normal 0.000000e+00 1.000000e+00 0.000000e+00
    outer loop
      vertex   -3.200000e+01 3.000000e+00 -5.000000e+00
      vertex   -2.770921e+01 3.000000e+00 -1.812997e+01
      vertex   -2.813613e+01 3.000000e+00 -1.835403e+01
    endloop
  endfacet
  facet normal 0.000000e+00 1.000000e+00 0.000000e+00
    outer loop
      vertex   -2.813613e+01 3.000000e+00 -1.835403e+01
      vertex   -2.849702e+01 3.000000e+00 -1.867375e+01
      vertex   -3.200000e+01 3.000000e+00 -5.000000e+00
    endloop
  endfacet
  facet normal 0.000000e+00 1.000000e+00 0.000000e+00
    outer loop
      vertex   -3.200000e+01 3.000000e+00 -5.000000e+00
      vertex   -2.849702e+01 3.000000e+00 -1.867375e+01
      vertex   -2.877091e+01 3.000000e+00 -1.907055e+01
    endloop
  endfacet
  facet normal 0.000000e+00 1.000000e+00 0.000000e+00
    outer loop
      vertex   -3.200000e+01 3.000000e+00 -5.000000e+00
      vertex   -2.877091e+01 3.000000e+00 -1.907055e+01
      vertex   -2.894188e+01 3.000000e+00 -1.952137e+01
    endloop
  endfacet
  facet normal 9.927089e-01 -0.000000e+00 1.205367e-01
    outer loop
      vertex   -5.194188e+01 0.000000e+00 -4.297863e+01
      vertex   -5.194188e+01 3.000000e+00 -4.297863e+01
      vertex   -5.200000e+01 0.000000e+00 -4.250000e+01
    endloop
  endfacet
  facet normal 9.927089e-01 -0.000000e+00 1.205367e-01
    outer loop
      vertex   -5.200000e+01 0.000000e+00 -4.250000e+01
      vertex   -5.194188e+01 3.000000e+00 -4.297863e+01
      vertex   -5.200000e+01 3.000000e+00 -4.250000e+01
    endloop
  endfacet
  facet normal 9.927089e-01 0.000000e+00 -1.205367e-01
    outer loop
      vertex   -5.200000e+01 0.000000e+00 -4.250000e+01
      vertex   -5.200000e+01 3.000000e+00 -4.250000e+01
      vertex   -5.194188e+01 0.000000e+00 -4.202137e+01
    endloop
  endfacet
  facet normal 9.927089e-01 0.000000e+00 -1.205367e-01
    outer loop
      vertex   -5.194188e+01 0.000000e+00 -4.202137e+01
      vertex   -5.200000e+01 3.000000e+00 -4.250000e+01
      vertex   -5.194188e+01 3.000000e+00 -4.202137e+01
    endloop
  endfacet
  facet normal 9.350162e-01 0.000000e+00 -3.546049e-01
    outer loop
      vertex   -5.194188e+01 0.000000e+00 -4.202137e+01
      vertex   -5.194188e+01 3.000000e+00 -4.202137e+01
      vertex   -5.177091e+01 0.000000e+00 -4.157055e+01
    endloop
  endfacet
  facet normal 9.350162e-01 0.000000e+00 -3.546049e-01
    outer loop
      vertex   -5.177091e+01 0.000000e+00 -4.157055e+01
      vertex   -5.194188e+01 3.000000e+00 -4.202137e+01
      vertex   -5.177091e+01 3.000000e+00 -4.157055e+01
    endloop
  endfacet
  facet normal 8.229839e-01 0.000000e+00 -5.680647e-01
    outer loop
      vertex   -5.177091e+01 0.000000e+00 -4.157055e+01
      vertex   -5.177091e+01 3.000000e+00 -4.157055e+01
      vertex   -5.149702e+01 0.000000e+00 -4.117375e+01
    endloop
  endfacet
  facet normal 8.229839e-01 0.000000e+00 -5.680647e-01
    outer loop
      vertex   -5.149702e+01 0.000000e+00 -4.117375e+01
      vertex   -5.177091e+01 3.000000e+00 -4.157055e+01
      vertex   -5.149702e+01 3.000000e+00 -4.117375e+01
    endloop
  endfacet
  facet normal 6.631227e-01 0.000000e+00 -7.485107e-01
    outer loop
      vertex   -5.149702e+01 0.000000e+00 -4.117375e+01
      vertex   -5.149702e+01 3.000000e+00 -4.117375e+01
      vertex   -5.113613e+01 0.000000e+00 -4.085403e+01
    endloop
  endfacet
  facet normal 6.631227e-01 0.000000e+00 -7.485107e-01
    outer loop
      vertex   -5.113613e+01 0.000000e+00 -4.085403e+01
      vertex   -5.149702e+01 3.000000e+00 -4.117375e+01
      vertex   -5.113613e+01 3.000000e+00 -4.085403e+01
    endloop
  endfacet
  facet normal 4.647232e-01 0.000000e+00 -8.854560e-01
    outer loop
      vertex   -5.113613e+01 0.000000e+00 -4.085403e+01
      vertex   -5.113613e+01 3.000000e+00 -4.085403e+01
      vertex   -5.070921e+01 0.000000e+00 -4.062997e+01
    endloop
  endfacet
  facet normal 4.647232e-01 0.000000e+00 -8.854560e-01
    outer loop
      vertex   -5.070921e+01 0.000000e+00 -4.062997e+01
      vertex   -5.113613e+01 3.000000e+00 -4.085403e+01
      vertex   -5.070921e+01 3.000000e+00 -4.062997e+01
    endloop
  endfacet
  facet normal 2.393157e-01 0.000000e+00 -9.709418e-01
    outer loop
      vertex   -5.070921e+01 0.000000e+00 -4.062997e+01
      vertex   -5.070921e+01 3.000000e+00 -4.062997e+01
      vertex   -5.024107e+01 0.000000e+00 -4.051458e+01
    endloop
  endfacet
  facet normal 2.393157e-01 0.000000e+00 -9.709418e-01
    outer loop
      vertex   -5.024107e+01 0.000000e+00 -4.051458e+01
      vertex   -5.070921e+01 3.000000e+00 -4.062997e+01
      vertex   -5.024107e+01 3.000000e+00 -4.051458e+01
    endloop
  endfacet
  facet normal 0.000000e+00 0.000000e+00 -1.000000e+00
    outer loop
      vertex   -5.024107e+01 0.000000e+00 -4.051458e+01
      vertex   -5.024107e+01 3.000000e+00 -4.051458e+01
      vertex   -4.975893e+01 0.000000e+00 -4.051458e+01
    endloop
  endfacet
  facet normal 0.000000e+00 0.000000e+00 -1.000000e+00
    outer loop
      vertex   -4.975893e+01 0.000000e+00 -4.051458e+01
      vertex   -5.024107e+01 3.000000e+00 -4.051458e+01
      vertex   -4.975893e+01 3.000000e+00 -4.051458e+01
    endloop
  endfacet
  facet normal -2.393157e-01 0.000000e+00 -9.709418e-01
    outer loop
      vertex   -4.975893e+01 0.000000e+00 -4.051458e+01
      vertex   -4.975893e+01 3.000000e+00 -4.051458e+01
      vertex   -4.929079e+01 0.000000e+00 -4.062997e+01
    endloop
  endfacet
  facet normal -2.393157e-01 0.000000e+00 -9.709418e-01
    outer loop
      vertex   -4.929079e+01 0.000000e+00 -4.062997e+01
      vertex   -4.975893e+01 3.000000e+00 -4.051458e+01
      vertex   -4.929079e+01 3.000000e+00 -4.062997e+01
    endloop
  endfacet
  facet normal -4.647232e-01 0.000000e+00 -8.854560e-01
    outer loop
      vertex   -4.929079e+01 0.000000e+00 -4.062997e+01
      vertex   -4.929079e+01 3.000000e+00 -4.062997e+01
      vertex   -4.886387e+01 0.000000e+00 -4.085403e+01
    endloop
  endfacet
  facet normal -4.647232e-01 0.000000e+00 -8.854560e-01
    outer loop
      vertex   -4.886387e+01 0.000000e+00 -4.085403e+01
      vertex   -4.929079e+01 3.000000e+00 -4.062997e+01
      vertex   -4.886387e+01 3.000000e+00 -4.085403e+01
    endloop
  endfacet
  facet normal -6.631227e-01 0.000000e+00 -7.485107e-01
    outer loop
      vertex   -4.886387e+01 0.000000e+00 -4.085403e+01
      vertex   -4.886387e+01 3.000000e+00 -4.085403e+01
      vertex   -4.850298e+01 0.000000e+00 -4.117375e+01
    endloop
  endfacet
  facet normal -6.631227e-01 0.000000e+00 -7.485107e-01
    outer loop
      vertex   -4.850298e+01 0.000000e+00 -4.117375e+01
      vertex   -4.886387e+01 3.000000e+00 -4.085403e+01
      vertex   -4.850298e+01 3.000000e+00 -4.117375e+01
    endloop
  endfacet
  facet normal -8.229839e-01 0.000000e+00 -5.680647e-01
    outer loop
      vertex   -4.850298e+01 0.000000e+00 -4.117375e+01
      vertex   -4.850298e+01 3.000000e+00 -4.117375e+01
      vertex   -4.822909e+01 0.000000e+00 -4.157055e+01
    endloop
  endfacet
  facet normal -8.229839e-01 0.000000e+00 -5.680647e-01
    outer loop
      vertex   -4.822909e+01 0.000000e+00 -4.157055e+01
      vertex   -4.850298e+01 3.000000e+00 -4.117375e+01
      vertex   -4.822909e+01 3.000000e+00 -4.157055e+01
    endloop
  endfacet
  facet normal -9.350162e-01 0.000000e+00 -3.546049e-01
    outer loop
      vertex   -4.822909e+01 0.000000e+00 -4.157055e+01
      vertex   -4.822909e+01 3.000000e+00 -4.157055e+01
      vertex   -4.805812e+01 0.000000e+00 -4.202137e+01
    endloop
  endfacet
  facet normal -9.350162e-01 0.000000e+00 -3.546049e-01
    outer loop
      vertex   -4.805812e+01 0.000000e+00 -4.202137e+01
      vertex   -4.822909e+01 3.000000e+00 -4.157055e+01
      vertex   -4.805812e+01 3.000000e+00 -4.202137e+01
    endloop
  endfacet
  facet normal -9.927089e-01 0.000000e+00 -1.205367e-01
    outer loop
      vertex   -4.805812e+01 0.000000e+00 -4.202137e+01
      vertex   -4.805812e+01 3.000000e+00 -4.202137e+01
      vertex   -4.800000e+01 0.000000e+00 -4.250000e+01
    endloop
  endfacet
  facet normal -9.927089e-01 0.000000e+00 -1.205367e-01
    outer loop
      vertex   -4.800000e+01 0.000000e+00 -4.250000e+01
      vertex   -4.805812e+01 3.000000e+00 -4.202137e+01
      vertex   -4.800000e+01 3.000000e+00 -4.250000e+01
    endloop
  endfacet
  facet normal -9.927089e-01 0.000000e+00 1.205367e-01
    outer loop
      vertex   -4.800000e+01 0.000000e+00 -4.250000e+01
      vertex   -4.800000e+01 3.000000e+00 -4.250000e+01
      vertex   -4.805812e+01 0.000000e+00 -4.297863e+01
    endloop
  endfacet
  facet normal -9.927089e-01 0.000000e+00 1.205367e-01
    outer loop
      vertex   -4.805812e+01 0.000000e+00 -4.297863e+01
      vertex   -4.800000e+01 3.000000e+00 -4.250000e+01
      vertex   -4.805812e+01 3.000000e+00 -4.297863e+01
    endloop
  endfacet
  facet normal -9.350162e-01 0.000000e+00 3.546049e-01
    outer loop
      vertex   -4.805812e+01 0.000000e+00 -4.297863e+01
      vertex   -4.805812e+01 3.000000e+00 -4.297863e+01
      vertex   -4.822909e+01 0.000000e+00 -4.342945e+01
    endloop
  endfacet
  facet normal -9.350162e-01 0.000000e+00 3.546049e-01
    outer loop
      vertex   -4.822909e+01 0.000000e+00 -4.342945e+01
      vertex   -4.805812e+01 3.000000e+00 -4.297863e+01
      vertex   -4.822909e+01 3.000000e+00 -4.342945e+01
    endloop
  endfacet
  facet normal -8.229839e-01 0.000000e+00 5.680647e-01
    outer loop
      vertex   -4.822909e+01 0.000000e+00 -4.342945e+01
      vertex   -4.822909e+01 3.000000e+00 -4.342945e+01
      vertex   -4.850298e+01 0.000000e+00 -4.382625e+01
    endloop
  endfacet
  facet normal -8.229839e-01 0.000000e+00 5.680647e-01
    outer loop
      vertex   -4.850298e+01 0.000000e+00 -4.382625e+01
      vertex   -4.822909e+01 3.000000e+00 -4.342945e+01
      vertex   -4.850298e+01 3.000000e+00 -4.382625e+01
    endloop
  endfacet
  facet normal -6.631227e-01 0.000000e+00 7.485107e-01
    outer loop
      vertex   -4.850298e+01 0.000000e+00 -4.382625e+01
      vertex   -4.850298e+01 3.000000e+00 -4.382625e+01
      vertex   -4.886387e+01 0.000000e+00 -4.414597e+01
    endloop
  endfacet
  facet normal -6.631227e-01 0.000000e+00 7.485107e-01
    outer loop
      vertex   -4.886387e+01 0.000000e+00 -4.414597e+01
      vertex   -4.850298e+01 3.000000e+00 -4.382625e+01
      vertex   -4.886387e+01 3.000000e+00 -4.414597e+01
    endloop
  endfacet
  facet normal -4.647232e-01 0.000000e+00 8.854560e-01
    outer loop
      vertex   -4.886387e+01 0.000000e+00 -4.414597e+01
      vertex   -4.886387e+01 3.000000e+00 -4.414597e+01
      vertex   -4.929079e+01 0.000000e+00 -4.437003e+01
    endloop
  endfacet
  facet normal -4.647232e-01 0.000000e+00 8.854560e-01
    outer loop
      vertex   -4.929079e+01 0.000000e+00 -4.437003e+01
      vertex   -4.886387e+01 3.000000e+00 -4.414597e+01
      vertex   -4.929079e+01 3.000000e+00 -4.437003e+01
    endloop
  endfacet
  facet normal -2.393157e-01 0.000000e+00 9.709418e-01
    outer loop
      vertex   -4.929079e+01 0.000000e+00 -4.437003e+01
      vertex   -4.929079e+01 3.000000e+00 -4.437003e+01
      vertex   -4.975893e+01 0.000000e+00 -4.448542e+01
    endloop
  endfacet
  facet normal -2.393157e-01 0.000000e+00 9.709418e-01
    outer loop
      vertex   -4.975893e+01 0.000000e+00 -4.448542e+01
      vertex   -4.929079e+01 3.000000e+00 -4.437003e+01
      vertex   -4.975893e+01 3.000000e+00 -4.448542e+01
    endloop
  endfacet
  facet normal 0.000000e+00 -0.000000e+00 1.000000e+00
    outer loop
      vertex   -4.975893e+01 0.000000e+00 -4.448542e+01
      vertex   -4.975893e+01 3.000000e+00 -4.448542e+01
      vertex   -5.024107e+01 0.000000e+00 -4.448542e+01
    endloop
  endfacet
  facet normal 0.000000e+00 0.000000e+00 1.000000e+00
    outer loop
      vertex   -5.024107e+01 0.000000e+00 -4.448542e+01
      vertex   -4.975893e+01 3.000000e+00 -4.448542e+01
      vertex   -5.024107e+01 3.000000e+00 -4.448542e+01
    endloop
  endfacet
  facet normal 2.393157e-01 -0.000000e+00 9.709418e-01
    outer loop
      vertex   -5.024107e+01 0.000000e+00 -4.448542e+01
      vertex   -5.024107e+01 3.000000e+00 -4.448542e+01
      vertex   -5.070921e+01 0.000000e+00 -4.437003e+01
    endloop
  endfacet
  facet normal 2.393157e-01 -0.000000e+00 9.709418e-01
    outer loop
      vertex   -5.070921e+01 0.000000e+00 -4.437003e+01
      vertex   -5.024107e+01 3.000000e+00 -4.448542e+01
      vertex   -5.070921e+01 3.000000e+00 -4.437003e+01
    endloop
  endfacet
  facet normal 4.647232e-01 -0.000000e+00 8.854560e-01
    outer loop
      vertex   -5.070921e+01 0.000000e+00 -4.437003e+01
      vertex   -5.070921e+01 3.000000e+00 -4.437003e+01
      vertex   -5.113613e+01 0.000000e+00 -4.414597e+01
    endloop
  endfacet
  facet normal 4.647232e-01 -0.000000e+00 8.854560e-01
    outer loop
      vertex   -5.113613e+01 0.000000e+00 -4.414597e+01
      vertex   -5.070921e+01 3.000000e+00 -4.437003e+01
      vertex   -5.113613e+01 3.000000e+00 -4.414597e+01
    endloop
  endfacet
  facet normal 6.631227e-01 -0.000000e+00 7.485107e-01
    outer loop
      vertex   -5.113613e+01 0.000000e+00 -4.414597e+01
      vertex   -5.113613e+01 3.000000e+00 -4.414597e+01
      vertex   -5.149702e+01 0.000000e+00 -4.382625e+01
    endloop
  endfacet
  facet normal 6.631227e-01 -0.000000e+00 7.485107e-01
    outer loop
      vertex   -5.149702e+01 0.000000e+00 -4.382625e+01
      vertex   -5.113613e+01 3.000000e+00 -4.414597e+01
      vertex   -5.149702e+01 3.000000e+00 -4.382625e+01
    endloop
  endfacet
  facet normal 8.229839e-01 -0.000000e+00 5.680647e-01
    outer loop
      vertex   -5.149702e+01 0.000000e+00 -4.382625e+01
      vertex   -5.149702e+01 3.000000e+00 -4.382625e+01
      vertex   -5.177091e+01 0.000000e+00 -4.342945e+01
    endloop
  endfacet
  facet normal 8.229839e-01 -0.000000e+00 5.680647e-01
    outer loop
      vertex   -5.177091e+01 0.000000e+00 -4.342945e+01
      vertex   -5.149702e+01 3.000000e+00 -4.382625e+01
      vertex   -5.177091e+01 3.000000e+00 -4.342945e+01
    endloop
  endfacet
  facet normal 9.350162e-01 -0.000000e+00 3.546049e-01
    outer loop
      vertex   -5.177091e+01 0.000000e+00 -4.342945e+01
      vertex   -5.177091e+01 3.000000e+00 -4.342945e+01
      vertex   -5.194188e+01 0.000000e+00 -4.297863e+01
    endloop
  endfacet
  facet normal 9.350162e-01 -0.000000e+00 3.546049e-01
    outer loop
      vertex   -5.194188e+01 0.000000e+00 -4.297863e+01
      vertex   -5.177091e+01 3.000000e+00 -4.342945e+01
      vertex   -5.194188e+01 3.000000e+00 -4.297863e+01
    endloop
  endfacet
  facet normal 9.927089e-01 -0.000000e+00 1.205367e-01
    outer loop
      vertex   -5.194188e+01 0.000000e+00 -2.797863e+01
      vertex   -5.194188e+01 3.000000e+00 -2.797863e+01
      vertex   -5.200000e+01 0.000000e+00 -2.750000e+01
    endloop
  endfacet
  facet normal 9.927089e-01 -0.000000e+00 1.205367e-01
    outer loop
      vertex   -5.200000e+01 0.000000e+00 -2.750000e+01
      vertex   -5.194188e+01 3.000000e+00 -2.797863e+01
      vertex   -5.200000e+01 3.000000e+00 -2.750000e+01
    endloop
  endfacet
  facet normal 9.927089e-01 0.000000e+00 -1.205367e-01
    outer loop
      vertex   -5.200000e+01 0.000000e+00 -2.750000e+01
      vertex   -5.200000e+01 3.000000e+00 -2.750000e+01
      vertex   -5.194188e+01 0.000000e+00 -2.702137e+01
    endloop
  endfacet
  facet normal 9.927089e-01 0.000000e+00 -1.205367e-01
    outer loop
      vertex   -5.194188e+01 0.000000e+00 -2.702137e+01
      vertex   -5.200000e+01 3.000000e+00 -2.750000e+01
      vertex   -5.194188e+01 3.000000e+00 -2.702137e+01
    endloop
  endfacet
  facet normal 9.350162e-01 0.000000e+00 -3.546049e-01
    outer loop
      vertex   -5.194188e+01 0.000000e+00 -2.702137e+01
      vertex   -5.194188e+01 3.000000e+00 -2.702137e+01
      vertex   -5.177091e+01 0.000000e+00 -2.657055e+01
    endloop
  endfacet
  facet normal 9.350162e-01 0.000000e+00 -3.546049e-01
    outer loop
      vertex   -5.177091e+01 0.000000e+00 -2.657055e+01
      vertex   -5.194188e+01 3.000000e+00 -2.702137e+01
      vertex   -5.177091e+01 3.000000e+00 -2.657055e+01
    endloop
  endfacet
  facet normal 8.229839e-01 0.000000e+00 -5.680647e-01
    outer loop
      vertex   -5.177091e+01 0.000000e+00 -2.657055e+01
      vertex   -5.177091e+01 3.000000e+00 -2.657055e+01
      vertex   -5.149702e+01 0.000000e+00 -2.617375e+01
    endloop
  endfacet
  facet normal 8.229839e-01 0.000000e+00 -5.680647e-01
    outer loop
      vertex   -5.149702e+01 0.000000e+00 -2.617375e+01
      vertex   -5.177091e+01 3.000000e+00 -2.657055e+01
      vertex   -5.149702e+01 3.000000e+00 -2.617375e+01
    endloop
  endfacet
  facet normal 6.631227e-01 0.000000e+00 -7.485107e-01
    outer loop
      vertex   -5.149702e+01 0.000000e+00 -2.617375e+01
      vertex   -5.149702e+01 3.000000e+00 -2.617375e+01
      vertex   -5.113613e+01 0.000000e+00 -2.585403e+01
    endloop
  endfacet
  facet normal 6.631227e-01 0.000000e+00 -7.485107e-01
    outer loop
      vertex   -5.113613e+01 0.000000e+00 -2.585403e+01
      vertex   -5.149702e+01 3.000000e+00 -2.617375e+01
      vertex   -5.113613e+01 3.000000e+00 -2.585403e+01
    endloop
  endfacet
  facet normal 4.647232e-01 0.000000e+00 -8.854560e-01
    outer loop
      vertex   -5.113613e+01 0.000000e+00 -2.585403e+01
      vertex   -5.113613e+01 3.000000e+00 -2.585403e+01
      vertex   -5.070921e+01 0.000000e+00 -2.562997e+01
    endloop
  endfacet
  facet normal 4.647232e-01 0.000000e+00 -8.854560e-01
    outer loop
      vertex   -5.070921e+01 0.000000e+00 -2.562997e+01
      vertex   -5.113613e+01 3.000000e+00 -2.585403e+01
      vertex   -5.070921e+01 3.000000e+00 -2.562997e+01
    endloop
  endfacet
  facet normal 2.393157e-01 0.000000e+00 -9.709418e-01
    outer loop
      vertex   -5.070921e+01 0.000000e+00 -2.562997e+01
      vertex   -5.070921e+01 3.000000e+00 -2.562997e+01
      vertex   -5.024107e+01 0.000000e+00 -2.551458e+01
    endloop
  endfacet
  facet normal 2.393157e-01 0.000000e+00 -9.709418e-01
    outer loop
      vertex   -5.024107e+01 0.000000e+00 -2.551458e+01
      vertex   -5.070921e+01 3.000000e+00 -2.562997e+01
      vertex   -5.024107e+01 3.000000e+00 -2.551458e+01
    endloop
  endfacet
  facet normal 0.000000e+00 0.000000e+00 -1.000000e+00
    outer loop
      vertex   -5.024107e+01 0.000000e+00 -2.551458e+01
      vertex   -5.024107e+01 3.000000e+00 -2.551458e+01
      vertex   -4.975893e+01 0.000000e+00 -2.551458e+01
    endloop
  endfacet
  facet normal 0.000000e+00 0.000000e+00 -1.000000e+00
    outer loop
      vertex   -4.975893e+01 0.000000e+00 -2.551458e+01
      vertex   -5.024107e+01 3.000000e+00 -2.551458e+01
      vertex   -4.975893e+01 3.000000e+00 -2.551458e+01
    endloop
  endfacet
  facet normal -2.393157e-01 0.000000e+00 -9.709418e-01
    outer loop
      vertex   -4.975893e+01 0.000000e+00 -2.551458e+01
      vertex   -4.975893e+01 3.000000e+00 -2.551458e+01
      vertex   -4.929079e+01 0.000000e+00 -2.562997e+01
    endloop
  endfacet
  facet normal -2.393157e-01 0.000000e+00 -9.709418e-01
    outer loop
      vertex   -4.929079e+01 0.000000e+00 -2.562997e+01
      vertex   -4.975893e+01 3.000000e+00 -2.551458e+01
      vertex   -4.929079e+01 3.000000e+00 -2.562997e+01
    endloop
  endfacet
  facet normal -4.647232e-01 0.000000e+00 -8.854560e-01
    outer loop
      vertex   -4.929079e+01 0.000000e+00 -2.562997e+01
      vertex   -4.929079e+01 3.000000e+00 -2.562997e+01
      vertex   -4.886387e+01 0.000000e+00 -2.585403e+01
    endloop
  endfacet
  facet normal -4.647232e-01 0.000000e+00 -8.854560e-01
    outer loop
      vertex   -4.886387e+01 0.000000e+00 -2.585403e+01
      vertex   -4.929079e+01 3.000000e+00 -2.562997e+01
      vertex   -4.886387e+01 3.000000e+00 -2.585403e+01
    endloop
  endfacet
  facet normal -6.631227e-01 0.000000e+00 -7.485107e-01
    outer loop
      vertex   -4.886387e+01 0.000000e+00 -2.585403e+01
      vertex   -4.886387e+01 3.000000e+00 -2.585403e+01
      vertex   -4.850298e+01 0.000000e+00 -2.617375e+01
    endloop
  endfacet
  facet normal -6.631227e-01 0.000000e+00 -7.485107e-01
    outer loop
      vertex   -4.850298e+01 0.000000e+00 -2.617375e+01
      vertex   -4.886387e+01 3.000000e+00 -2.585403e+01
      vertex   -4.850298e+01 3.000000e+00 -2.617375e+01
    endloop
  endfacet
  facet normal -8.229839e-01 0.000000e+00 -5.680647e-01
    outer loop
      vertex   -4.850298e+01 0.000000e+00 -2.617375e+01
      vertex   -4.850298e+01 3.000000e+00 -2.617375e+01
      vertex   -4.822909e+01 0.000000e+00 -2.657055e+01
    endloop
  endfacet
  facet normal -8.229839e-01 0.000000e+00 -5.680647e-01
    outer loop
      vertex   -4.822909e+01 0.000000e+00 -2.657055e+01
      vertex   -4.850298e+01 3.000000e+00 -2.617375e+01
      vertex   -4.822909e+01 3.000000e+00 -2.657055e+01
    endloop
  endfacet
  facet normal -9.350162e-01 0.000000e+00 -3.546049e-01
    outer loop
      vertex   -4.822909e+01 0.000000e+00 -2.657055e+01
      vertex   -4.822909e+01 3.000000e+00 -2.657055e+01
      vertex   -4.805812e+01 0.000000e+00 -2.702137e+01
    endloop
  endfacet
  facet normal -9.350162e-01 0.000000e+00 -3.546049e-01
    outer loop
      vertex   -4.805812e+01 0.000000e+00 -2.702137e+01
      vertex   -4.822909e+01 3.000000e+00 -2.657055e+01
      vertex   -4.805812e+01 3.000000e+00 -2.702137e+01
    endloop
  endfacet
  facet normal -9.927089e-01 0.000000e+00 -1.205367e-01
    outer loop
      vertex   -4.805812e+01 0.000000e+00 -2.702137e+01
      vertex   -4.805812e+01 3.000000e+00 -2.702137e+01
      vertex   -4.800000e+01 0.000000e+00 -2.750000e+01
    endloop
  endfacet
  facet normal -9.927089e-01 0.000000e+00 -1.205367e-01
    outer loop
      vertex   -4.800000e+01 0.000000e+00 -2.750000e+01
      vertex   -4.805812e+01 3.000000e+00 -2.702137e+01
      vertex   -4.800000e+01 3.000000e+00 -2.750000e+01
    endloop
  endfacet
  facet normal -9.927089e-01 0.000000e+00 1.205367e-01
    outer loop
      vertex   -4.800000e+01 0.000000e+00 -2.750000e+01
      vertex   -4.800000e+01 3.000000e+00 -2.750000e+01
      vertex   -4.805812e+01 0.000000e+00 -2.797863e+01
    endloop
  endfacet
  facet normal -9.927089e-01 0.000000e+00 1.205367e-01
    outer loop
      vertex   -4.805812e+01 0.000000e+00 -2.797863e+01
      vertex   -4.800000e+01 3.000000e+00 -2.750000e+01
      vertex   -4.805812e+01 3.000000e+00 -2.797863e+01
    endloop
  endfacet
  facet normal -9.350162e-01 0.000000e+00 3.546049e-01
    outer loop
      vertex   -4.805812e+01 0.000000e+00 -2.797863e+01
      vertex   -4.805812e+01 3.000000e+00 -2.797863e+01
      vertex   -4.822909e+01 0.000000e+00 -2.842945e+01
    endloop
  endfacet
  facet normal -9.350162e-01 0.000000e+00 3.546049e-01
    outer loop
      vertex   -4.822909e+01 0.000000e+00 -2.842945e+01
      vertex   -4.805812e+01 3.000000e+00 -2.797863e+01
      vertex   -4.822909e+01 3.000000e+00 -2.842945e+01
    endloop
  endfacet
  facet normal -8.229839e-01 0.000000e+00 5.680647e-01
    outer loop
      vertex   -4.822909e+01 0.000000e+00 -2.842945e+01
      vertex   -4.822909e+01 3.000000e+00 -2.842945e+01
      vertex   -4.850298e+01 0.000000e+00 -2.882625e+01
    endloop
  endfacet
  facet normal -8.229839e-01 0.000000e+00 5.680647e-01
    outer loop
      vertex   -4.850298e+01 0.000000e+00 -2.882625e+01
      vertex   -4.822909e+01 3.000000e+00 -2.842945e+01
      vertex   -4.850298e+01 3.000000e+00 -2.882625e+01
    endloop
  endfacet
  facet normal -6.631227e-01 0.000000e+00 7.485107e-01
    outer loop
      vertex   -4.850298e+01 0.000000e+00 -2.882625e+01
      vertex   -4.850298e+01 3.000000e+00 -2.882625e+01
      vertex   -4.886387e+01 0.000000e+00 -2.914597e+01
    endloop
  endfacet
  facet normal -6.631227e-01 0.000000e+00 7.485107e-01
    outer loop
      vertex   -4.886387e+01 0.000000e+00 -2.914597e+01
      vertex   -4.850298e+01 3.000000e+00 -2.882625e+01
      vertex   -4.886387e+01 3.000000e+00 -2.914597e+01
    endloop
  endfacet
  facet normal -4.647232e-01 0.000000e+00 8.854560e-01
    outer loop
      vertex   -4.886387e+01 0.000000e+00 -2.914597e+01
      vertex   -4.886387e+01 3.000000e+00 -2.914597e+01
      vertex   -4.929079e+01 0.000000e+00 -2.937003e+01
    endloop
  endfacet
  facet normal -4.647232e-01 0.000000e+00 8.854560e-01
    outer loop
      vertex   -4.929079e+01 0.000000e+00 -2.937003e+01
      vertex   -4.886387e+01 3.000000e+00 -2.914597e+01
      vertex   -4.929079e+01 3.000000e+00 -2.937003e+01
    endloop
  endfacet
  facet normal -2.393157e-01 0.000000e+00 9.709418e-01
    outer loop
      vertex   -4.929079e+01 0.000000e+00 -2.937003e+01
      vertex   -4.929079e+01 3.000000e+00 -2.937003e+01
      vertex   -4.975893e+01 0.000000e+00 -2.948542e+01
    endloop
  endfacet
  facet normal -2.393157e-01 0.000000e+00 9.709418e-01
    outer loop
      vertex   -4.975893e+01 0.000000e+00 -2.948542e+01
      vertex   -4.929079e+01 3.000000e+00 -2.937003e+01
      vertex   -4.975893e+01 3.000000e+00 -2.948542e+01
    endloop
  endfacet
  facet normal 0.000000e+00 -0.000000e+00 1.000000e+00
    outer loop
      vertex   -4.975893e+01 0.000000e+00 -2.948542e+01
      vertex   -4.975893e+01 3.000000e+00 -2.948542e+01
      vertex   -5.024107e+01 0.000000e+00 -2.948542e+01
    endloop
  endfacet
  facet normal 0.000000e+00 0.000000e+00 1.000000e+00
    outer loop
      vertex   -5.024107e+01 0.000000e+00 -2.948542e+01
      vertex   -4.975893e+01 3.000000e+00 -2.948542e+01
      vertex   -5.024107e+01 3.000000e+00 -2.948542e+01
    endloop
  endfacet
  facet normal 2.393157e-01 -0.000000e+00 9.709418e-01
    outer loop
      vertex   -5.024107e+01 0.000000e+00 -2.948542e+01
      vertex   -5.024107e+01 3.000000e+00 -2.948542e+01
      vertex   -5.070921e+01 0.000000e+00 -2.937003e+01
    endloop
  endfacet
  facet normal 2.393157e-01 -0.000000e+00 9.709418e-01
    outer loop
      vertex   -5.070921e+01 0.000000e+00 -2.937003e+01
      vertex   -5.024107e+01 3.000000e+00 -2.948542e+01
      vertex   -5.070921e+01 3.000000e+00 -2.937003e+01
    endloop
  endfacet
  facet normal 4.647232e-01 -0.000000e+00 8.854560e-01
    outer loop
      vertex   -5.070921e+01 0.000000e+00 -2.937003e+01
      vertex   -5.070921e+01 3.000000e+00 -2.937003e+01
      vertex   -5.113613e+01 0.000000e+00 -2.914597e+01
    endloop
  endfacet
  facet normal 4.647232e-01 -0.000000e+00 8.854560e-01
    outer loop
      vertex   -5.113613e+01 0.000000e+00 -2.914597e+01
      vertex   -5.070921e+01 3.000000e+00 -2.937003e+01
      vertex   -5.113613e+01 3.000000e+00 -2.914597e+01
    endloop
  endfacet
  facet normal 6.631227e-01 -0.000000e+00 7.485107e-01
    outer loop
      vertex   -5.113613e+01 0.000000e+00 -2.914597e+01
      vertex   -5.113613e+01 3.000000e+00 -2.914597e+01
      vertex   -5.149702e+01 0.000000e+00 -2.882625e+01
    endloop
  endfacet
  facet normal 6.631227e-01 -0.000000e+00 7.485107e-01
    outer loop
      vertex   -5.149702e+01 0.000000e+00 -2.882625e+01
      vertex   -5.113613e+01 3.000000e+00 -2.914597e+01
      vertex   -5.149702e+01 3.000000e+00 -2.882625e+01
    endloop
  endfacet
  facet normal 8.229839e-01 -0.000000e+00 5.680647e-01
    outer loop
      vertex   -5.149702e+01 0.000000e+00 -2.882625e+01
      vertex   -5.149702e+01 3.000000e+00 -2.882625e+01
      vertex   -5.177091e+01 0.000000e+00 -2.842945e+01
    endloop
  endfacet
  facet normal 8.229839e-01 -0.000000e+00 5.680647e-01
    outer loop
      vertex   -5.177091e+01 0.000000e+00 -2.842945e+01
      vertex   -5.149702e+01 3.000000e+00 -2.882625e+01
      vertex   -5.177091e+01 3.000000e+00 -2.842945e+01
    endloop
  endfacet
  facet normal 9.350162e-01 -0.000000e+00 3.546049e-01
    outer loop
      vertex   -5.177091e+01 0.000000e+00 -2.842945e+01
      vertex   -5.177091e+01 3.000000e+00 -2.842945e+01
      vertex   -5.194188e+01 0.000000e+00 -2.797863e+01
    endloop
  endfacet
  facet normal 9.350162e-01 -0.000000e+00 3.546049e-01
    outer loop
      vertex   -5.194188e+01 0.000000e+00 -2.797863e+01
      vertex   -5.177091e+01 3.000000e+00 -2.842945e+01
      vertex   -5.194188e+01 3.000000e+00 -2.797863e+01
    endloop
  endfacet
  facet normal 9.927089e-01 -0.000000e+00 1.205367e-01
    outer loop
      vertex   -2.894188e+01 0.000000e+00 -5.047863e+01
      vertex   -2.894188e+01 6.200000e+00 -5.047863e+01
      vertex   -2.900000e+01 0.000000e+00 -5.000000e+01
    endloop
  endfacet
  facet normal 9.927089e-01 -0.000000e+00 1.205367e-01
    outer loop
      vertex   -2.900000e+01 0.000000e+00 -5.000000e+01
      vertex   -2.894188e+01 6.200000e+00 -5.047863e+01
      vertex   -2.900000e+01 6.200000e+00 -5.000000e+01
    endloop
  endfacet
  facet normal 9.927089e-01 0.000000e+00 -1.205367e-01
    outer loop
      vertex   -2.900000e+01 0.000000e+00 -5.000000e+01
      vertex   -2.900000e+01 6.200000e+00 -5.000000e+01
      vertex   -2.894188e+01 0.000000e+00 -4.952137e+01
    endloop
  endfacet
  facet normal 9.927089e-01 -1.381395e-16 -1.205367e-01
    outer loop
      vertex   -2.894188e+01 0.000000e+00 -4.952137e+01
      vertex   -2.900000e+01 6.200000e+00 -5.000000e+01
      vertex   -2.894188e+01 6.200000e+00 -4.952137e+01
    endloop
  endfacet
  facet normal 9.350162e-01 -4.063902e-16 -3.546049e-01
    outer loop
      vertex   -2.894188e+01 0.000000e+00 -4.952137e+01
      vertex   -2.894188e+01 6.200000e+00 -4.952137e+01
      vertex   -2.877091e+01 0.000000e+00 -4.907055e+01
    endloop
  endfacet
  facet normal 9.350162e-01 0.000000e+00 -3.546049e-01
    outer loop
      vertex   -2.877091e+01 0.000000e+00 -4.907055e+01
      vertex   -2.894188e+01 6.200000e+00 -4.952137e+01
      vertex   -2.877091e+01 6.200000e+00 -4.907055e+01
    endloop
  endfacet
  facet normal 8.229839e-01 0.000000e+00 -5.680647e-01
    outer loop
      vertex   -2.877091e+01 0.000000e+00 -4.907055e+01
      vertex   -2.877091e+01 6.200000e+00 -4.907055e+01
      vertex   -2.849702e+01 0.000000e+00 -4.867375e+01
    endloop
  endfacet
  facet normal 8.229839e-01 0.000000e+00 -5.680647e-01
    outer loop
      vertex   -2.849702e+01 0.000000e+00 -4.867375e+01
      vertex   -2.877091e+01 6.200000e+00 -4.907055e+01
      vertex   -2.849702e+01 6.200000e+00 -4.867375e+01
    endloop
  endfacet
  facet normal 6.631227e-01 0.000000e+00 -7.485107e-01
    outer loop
      vertex   -2.849702e+01 0.000000e+00 -4.867375e+01
      vertex   -2.849702e+01 6.200000e+00 -4.867375e+01
      vertex   -2.813613e+01 0.000000e+00 -4.835403e+01
    endloop
  endfacet
  facet normal 6.631227e-01 0.000000e+00 -7.485107e-01
    outer loop
      vertex   -2.813613e+01 0.000000e+00 -4.835403e+01
      vertex   -2.849702e+01 6.200000e+00 -4.867375e+01
      vertex   -2.813613e+01 6.200000e+00 -4.835403e+01
    endloop
  endfacet
  facet normal 4.647232e-01 0.000000e+00 -8.854560e-01
    outer loop
      vertex   -2.813613e+01 0.000000e+00 -4.835403e+01
      vertex   -2.813613e+01 6.200000e+00 -4.835403e+01
      vertex   -2.770921e+01 0.000000e+00 -4.812997e+01
    endloop
  endfacet
  facet normal 4.647232e-01 0.000000e+00 -8.854560e-01
    outer loop
      vertex   -2.770921e+01 0.000000e+00 -4.812997e+01
      vertex   -2.813613e+01 6.200000e+00 -4.835403e+01
      vertex   -2.770921e+01 6.200000e+00 -4.812997e+01
    endloop
  endfacet
  facet normal 2.393157e-01 0.000000e+00 -9.709418e-01
    outer loop
      vertex   -2.770921e+01 0.000000e+00 -4.812997e+01
      vertex   -2.770921e+01 6.200000e+00 -4.812997e+01
      vertex   -2.724107e+01 0.000000e+00 -4.801458e+01
    endloop
  endfacet
  facet normal 2.393157e-01 0.000000e+00 -9.709418e-01
    outer loop
      vertex   -2.724107e+01 0.000000e+00 -4.801458e+01
      vertex   -2.770921e+01 6.200000e+00 -4.812997e+01
      vertex   -2.724107e+01 6.200000e+00 -4.801458e+01
    endloop
  endfacet
  facet normal 0.000000e+00 0.000000e+00 -1.000000e+00
    outer loop
      vertex   -2.724107e+01 0.000000e+00 -4.801458e+01
      vertex   -2.724107e+01 6.200000e+00 -4.801458e+01
      vertex   -2.675893e+01 0.000000e+00 -4.801458e+01
    endloop
  endfacet
  facet normal 0.000000e+00 0.000000e+00 -1.000000e+00
    outer loop
      vertex   -2.675893e+01 0.000000e+00 -4.801458e+01
      vertex   -2.724107e+01 6.200000e+00 -4.801458e+01
      vertex   -2.675893e+01 6.200000e+00 -4.801458e+01
    endloop
  endfacet
  facet normal -2.393157e-01 0.000000e+00 -9.709418e-01
    outer loop
      vertex   -2.675893e+01 0.000000e+00 -4.801458e+01
      vertex   -2.675893e+01 6.200000e+00 -4.801458e+01
      vertex   -2.629079e+01 0.000000e+00 -4.812997e+01
    endloop
  endfacet
  facet normal -2.393157e-01 0.000000e+00 -9.709418e-01
    outer loop
      vertex   -2.629079e+01 0.000000e+00 -4.812997e+01
      vertex   -2.675893e+01 6.200000e+00 -4.801458e+01
      vertex   -2.629079e+01 6.200000e+00 -4.812997e+01
    endloop
  endfacet
  facet normal -4.647232e-01 0.000000e+00 -8.854560e-01
    outer loop
      vertex   -2.629079e+01 0.000000e+00 -4.812997e+01
      vertex   -2.629079e+01 6.200000e+00 -4.812997e+01
      vertex   -2.586387e+01 0.000000e+00 -4.835403e+01
    endloop
  endfacet
  facet normal -4.647232e-01 0.000000e+00 -8.854560e-01
    outer loop
      vertex   -2.586387e+01 0.000000e+00 -4.835403e+01
      vertex   -2.629079e+01 6.200000e+00 -4.812997e+01
      vertex   -2.586387e+01 6.200000e+00 -4.835403e+01
    endloop
  endfacet
  facet normal -6.631227e-01 0.000000e+00 -7.485107e-01
    outer loop
      vertex   -2.586387e+01 0.000000e+00 -4.835403e+01
      vertex   -2.586387e+01 6.200000e+00 -4.835403e+01
      vertex   -2.550298e+01 0.000000e+00 -4.867375e+01
    endloop
  endfacet
  facet normal -6.631227e-01 0.000000e+00 -7.485107e-01
    outer loop
      vertex   -2.550298e+01 0.000000e+00 -4.867375e+01
      vertex   -2.586387e+01 6.200000e+00 -4.835403e+01
      vertex   -2.550298e+01 6.200000e+00 -4.867375e+01
    endloop
  endfacet
  facet normal -8.229839e-01 0.000000e+00 -5.680647e-01
    outer loop
      vertex   -2.550298e+01 0.000000e+00 -4.867375e+01
      vertex   -2.550298e+01 6.200000e+00 -4.867375e+01
      vertex   -2.522909e+01 0.000000e+00 -4.907055e+01
    endloop
  endfacet
  facet normal -8.229839e-01 0.000000e+00 -5.680647e-01
    outer loop
      vertex   -2.522909e+01 0.000000e+00 -4.907055e+01
      vertex   -2.550298e+01 6.200000e+00 -4.867375e+01
      vertex   -2.522909e+01 6.200000e+00 -4.907055e+01
    endloop
  endfacet
  facet normal -9.350162e-01 0.000000e+00 -3.546049e-01
    outer loop
      vertex   -2.522909e+01 0.000000e+00 -4.907055e+01
      vertex   -2.522909e+01 6.200000e+00 -4.907055e+01
      vertex   -2.505812e+01 0.000000e+00 -4.952137e+01
    endloop
  endfacet
  facet normal -9.350162e-01 0.000000e+00 -3.546049e-01
    outer loop
      vertex   -2.505812e+01 0.000000e+00 -4.952137e+01
      vertex   -2.522909e+01 6.200000e+00 -4.907055e+01
      vertex   -2.505812e+01 6.200000e+00 -4.952137e+01
    endloop
  endfacet
  facet normal -9.927089e-01 0.000000e+00 -1.205367e-01
    outer loop
      vertex   -2.505812e+01 0.000000e+00 -4.952137e+01
      vertex   -2.505812e+01 6.200000e+00 -4.952137e+01
      vertex   -2.500000e+01 0.000000e+00 -5.000000e+01
    endloop
  endfacet
  facet normal -9.927089e-01 0.000000e+00 -1.205367e-01
    outer loop
      vertex   -2.500000e+01 0.000000e+00 -5.000000e+01
      vertex   -2.505812e+01 6.200000e+00 -4.952137e+01
      vertex   -2.500000e+01 6.200000e+00 -5.000000e+01
    endloop
  endfacet
  facet normal -9.927089e-01 0.000000e+00 1.205367e-01
    outer loop
      vertex   -2.500000e+01 0.000000e+00 -5.000000e+01
      vertex   -2.500000e+01 6.200000e+00 -5.000000e+01
      vertex   -2.505812e+01 0.000000e+00 -5.047863e+01
    endloop
  endfacet
  facet normal -9.927089e-01 1.381395e-16 1.205367e-01
    outer loop
      vertex   -2.505812e+01 0.000000e+00 -5.047863e+01
      vertex   -2.500000e+01 6.200000e+00 -5.000000e+01
      vertex   -2.505812e+01 6.200000e+00 -5.047863e+01
    endloop
  endfacet
  facet normal -9.350162e-01 4.063902e-16 3.546049e-01
    outer loop
      vertex   -2.505812e+01 0.000000e+00 -5.047863e+01
      vertex   -2.505812e+01 6.200000e+00 -5.047863e+01
      vertex   -2.522909e+01 0.000000e+00 -5.092945e+01
    endloop
  endfacet
  facet normal -9.350162e-01 0.000000e+00 3.546049e-01
    outer loop
      vertex   -2.522909e+01 0.000000e+00 -5.092945e+01
      vertex   -2.505812e+01 6.200000e+00 -5.047863e+01
      vertex   -2.522909e+01 6.200000e+00 -5.092945e+01
    endloop
  endfacet
  facet normal -8.229839e-01 0.000000e+00 5.680647e-01
    outer loop
      vertex   -2.522909e+01 0.000000e+00 -5.092945e+01
      vertex   -2.522909e+01 6.200000e+00 -5.092945e+01
      vertex   -2.550298e+01 0.000000e+00 -5.132625e+01
    endloop
  endfacet
  facet normal -8.229839e-01 0.000000e+00 5.680647e-01
    outer loop
      vertex   -2.550298e+01 0.000000e+00 -5.132625e+01
      vertex   -2.522909e+01 6.200000e+00 -5.092945e+01
      vertex   -2.550298e+01 6.200000e+00 -5.132625e+01
    endloop
  endfacet
  facet normal -6.631227e-01 0.000000e+00 7.485107e-01
    outer loop
      vertex   -2.550298e+01 0.000000e+00 -5.132625e+01
      vertex   -2.550298e+01 6.200000e+00 -5.132625e+01
      vertex   -2.586387e+01 0.000000e+00 -5.164597e+01
    endloop
  endfacet
  facet normal -6.631227e-01 0.000000e+00 7.485107e-01
    outer loop
      vertex   -2.586387e+01 0.000000e+00 -5.164597e+01
      vertex   -2.550298e+01 6.200000e+00 -5.132625e+01
      vertex   -2.586387e+01 6.200000e+00 -5.164597e+01
    endloop
  endfacet
  facet normal -4.647232e-01 0.000000e+00 8.854560e-01
    outer loop
      vertex   -2.586387e+01 0.000000e+00 -5.164597e+01
      vertex   -2.586387e+01 6.200000e+00 -5.164597e+01
      vertex   -2.629079e+01 0.000000e+00 -5.187003e+01
    endloop
  endfacet
  facet normal -4.647232e-01 0.000000e+00 8.854560e-01
    outer loop
      vertex   -2.629079e+01 0.000000e+00 -5.187003e+01
      vertex   -2.586387e+01 6.200000e+00 -5.164597e+01
      vertex   -2.629079e+01 6.200000e+00 -5.187003e+01
    endloop
  endfacet
  facet normal -2.393157e-01 0.000000e+00 9.709418e-01
    outer loop
      vertex   -2.629079e+01 0.000000e+00 -5.187003e+01
      vertex   -2.629079e+01 6.200000e+00 -5.187003e+01
      vertex   -2.675893e+01 0.000000e+00 -5.198542e+01
    endloop
  endfacet
  facet normal -2.393157e-01 0.000000e+00 9.709418e-01
    outer loop
      vertex   -2.675893e+01 0.000000e+00 -5.198542e+01
      vertex   -2.629079e+01 6.200000e+00 -5.187003e+01
      vertex   -2.675893e+01 6.200000e+00 -5.198542e+01
    endloop
  endfacet
  facet normal 0.000000e+00 -0.000000e+00 1.000000e+00
    outer loop
      vertex   -2.675893e+01 0.000000e+00 -5.198542e+01
      vertex   -2.675893e+01 6.200000e+00 -5.198542e+01
      vertex   -2.724107e+01 0.000000e+00 -5.198542e+01
    endloop
  endfacet
  facet normal 0.000000e+00 0.000000e+00 1.000000e+00
    outer loop
      vertex   -2.724107e+01 0.000000e+00 -5.198542e+01
      vertex   -2.675893e+01 6.200000e+00 -5.198542e+01
      vertex   -2.724107e+01 6.200000e+00 -5.198542e+01
    endloop
  endfacet
  facet normal 2.393157e-01 -0.000000e+00 9.709418e-01
    outer loop
      vertex   -2.724107e+01 0.000000e+00 -5.198542e+01
      vertex   -2.724107e+01 6.200000e+00 -5.198542e+01
      vertex   -2.770921e+01 0.000000e+00 -5.187003e+01
    endloop
  endfacet
  facet normal 2.393157e-01 -0.000000e+00 9.709418e-01
    outer loop
      vertex   -2.770921e+01 0.000000e+00 -5.187003e+01
      vertex   -2.724107e+01 6.200000e+00 -5.198542e+01
      vertex   -2.770921e+01 6.200000e+00 -5.187003e+01
    endloop
  endfacet
  facet normal 4.647232e-01 -0.000000e+00 8.854560e-01
    outer loop
      vertex   -2.770921e+01 0.000000e+00 -5.187003e+01
      vertex   -2.770921e+01 6.200000e+00 -5.187003e+01
      vertex   -2.813613e+01 0.000000e+00 -5.164597e+01
    endloop
  endfacet
  facet normal 4.647232e-01 -0.000000e+00 8.854560e-01
    outer loop
      vertex   -2.813613e+01 0.000000e+00 -5.164597e+01
      vertex   -2.770921e+01 6.200000e+00 -5.187003e+01
      vertex   -2.813613e+01 6.200000e+00 -5.164597e+01
    endloop
  endfacet
  facet normal 6.631227e-01 -0.000000e+00 7.485107e-01
    outer loop
      vertex   -2.813613e+01 0.000000e+00 -5.164597e+01
      vertex   -2.813613e+01 6.200000e+00 -5.164597e+01
      vertex   -2.849702e+01 0.000000e+00 -5.132625e+01
    endloop
  endfacet
  facet normal 6.631227e-01 -0.000000e+00 7.485107e-01
    outer loop
      vertex   -2.849702e+01 0.000000e+00 -5.132625e+01
      vertex   -2.813613e+01 6.200000e+00 -5.164597e+01
      vertex   -2.849702e+01 6.200000e+00 -5.132625e+01
    endloop
  endfacet
  facet normal 8.229839e-01 -0.000000e+00 5.680647e-01
    outer loop
      vertex   -2.849702e+01 0.000000e+00 -5.132625e+01
      vertex   -2.849702e+01 6.200000e+00 -5.132625e+01
      vertex   -2.877091e+01 0.000000e+00 -5.092945e+01
    endloop
  endfacet
  facet normal 8.229839e-01 -0.000000e+00 5.680647e-01
    outer loop
      vertex   -2.877091e+01 0.000000e+00 -5.092945e+01
      vertex   -2.849702e+01 6.200000e+00 -5.132625e+01
      vertex   -2.877091e+01 6.200000e+00 -5.092945e+01
    endloop
  endfacet
  facet normal 9.350162e-01 -0.000000e+00 3.546049e-01
    outer loop
      vertex   -2.877091e+01 0.000000e+00 -5.092945e+01
      vertex   -2.877091e+01 6.200000e+00 -5.092945e+01
      vertex   -2.894188e+01 0.000000e+00 -5.047863e+01
    endloop
  endfacet
  facet normal 9.350162e-01 -0.000000e+00 3.546049e-01
    outer loop
      vertex   -2.894188e+01 0.000000e+00 -5.047863e+01
      vertex   -2.877091e+01 6.200000e+00 -5.092945e+01
      vertex   -2.894188e+01 6.200000e+00 -5.047863e+01
    endloop
  endfacet
  facet normal 9.927089e-01 -0.000000e+00 1.205367e-01
    outer loop
      vertex   -2.894188e+01 0.000000e+00 -2.047863e+01
      vertex   -2.894188e+01 3.000000e+00 -2.047863e+01
      vertex   -2.900000e+01 0.000000e+00 -2.000000e+01
    endloop
  endfacet
  facet normal 9.927089e-01 -0.000000e+00 1.205367e-01
    outer loop
      vertex   -2.900000e+01 0.000000e+00 -2.000000e+01
      vertex   -2.894188e+01 3.000000e+00 -2.047863e+01
      vertex   -2.900000e+01 3.000000e+00 -2.000000e+01
    endloop
  endfacet
  facet normal 9.927089e-01 0.000000e+00 -1.205367e-01
    outer loop
      vertex   -2.900000e+01 0.000000e+00 -2.000000e+01
      vertex   -2.900000e+01 3.000000e+00 -2.000000e+01
      vertex   -2.894188e+01 0.000000e+00 -1.952137e+01
    endloop
  endfacet
  facet normal 9.927089e-01 0.000000e+00 -1.205367e-01
    outer loop
      vertex   -2.894188e+01 0.000000e+00 -1.952137e+01
      vertex   -2.900000e+01 3.000000e+00 -2.000000e+01
      vertex   -2.894188e+01 3.000000e+00 -1.952137e+01
    endloop
  endfacet
  facet normal 9.350162e-01 0.000000e+00 -3.546049e-01
    outer loop
      vertex   -2.894188e+01 0.000000e+00 -1.952137e+01
      vertex   -2.894188e+01 3.000000e+00 -1.952137e+01
      vertex   -2.877091e+01 0.000000e+00 -1.907055e+01
    endloop
  endfacet
  facet normal 9.350162e-01 0.000000e+00 -3.546049e-01
    outer loop
      vertex   -2.877091e+01 0.000000e+00 -1.907055e+01
      vertex   -2.894188e+01 3.000000e+00 -1.952137e+01
      vertex   -2.877091e+01 3.000000e+00 -1.907055e+01
    endloop
  endfacet
  facet normal 8.229839e-01 0.000000e+00 -5.680647e-01
    outer loop
      vertex   -2.877091e+01 0.000000e+00 -1.907055e+01
      vertex   -2.877091e+01 3.000000e+00 -1.907055e+01
      vertex   -2.849702e+01 0.000000e+00 -1.867375e+01
    endloop
  endfacet
  facet normal 8.229839e-01 0.000000e+00 -5.680647e-01
    outer loop
      vertex   -2.849702e+01 0.000000e+00 -1.867375e+01
      vertex   -2.877091e+01 3.000000e+00 -1.907055e+01
      vertex   -2.849702e+01 3.000000e+00 -1.867375e+01
    endloop
  endfacet
  facet normal 6.631227e-01 0.000000e+00 -7.485107e-01
    outer loop
      vertex   -2.849702e+01 0.000000e+00 -1.867375e+01
      vertex   -2.849702e+01 3.000000e+00 -1.867375e+01
      vertex   -2.813613e+01 0.000000e+00 -1.835403e+01
    endloop
  endfacet
  facet normal 6.631227e-01 0.000000e+00 -7.485107e-01
    outer loop
      vertex   -2.813613e+01 0.000000e+00 -1.835403e+01
      vertex   -2.849702e+01 3.000000e+00 -1.867375e+01
      vertex   -2.813613e+01 3.000000e+00 -1.835403e+01
    endloop
  endfacet
  facet normal 4.647232e-01 0.000000e+00 -8.854560e-01
    outer loop
      vertex   -2.813613e+01 0.000000e+00 -1.835403e+01
      vertex   -2.813613e+01 3.000000e+00 -1.835403e+01
      vertex   -2.770921e+01 0.000000e+00 -1.812997e+01
    endloop
  endfacet
  facet normal 4.647232e-01 0.000000e+00 -8.854560e-01
    outer loop
      vertex   -2.770921e+01 0.000000e+00 -1.812997e+01
      vertex   -2.813613e+01 3.000000e+00 -1.835403e+01
      vertex   -2.770921e+01 3.000000e+00 -1.812997e+01
    endloop
  endfacet
  facet normal 2.393157e-01 0.000000e+00 -9.709418e-01
    outer loop
      vertex   -2.770921e+01 0.000000e+00 -1.812997e+01
      vertex   -2.770921e+01 3.000000e+00 -1.812997e+01
      vertex   -2.724107e+01 0.000000e+00 -1.801458e+01
    endloop
  endfacet
  facet normal 2.393157e-01 0.000000e+00 -9.709418e-01
    outer loop
      vertex   -2.724107e+01 0.000000e+00 -1.801458e+01
      vertex   -2.770921e+01 3.000000e+00 -1.812997e+01
      vertex   -2.724107e+01 3.000000e+00 -1.801458e+01
    endloop
  endfacet
  facet normal 0.000000e+00 0.000000e+00 -1.000000e+00
    outer loop
      vertex   -2.724107e+01 0.000000e+00 -1.801458e+01
      vertex   -2.724107e+01 3.000000e+00 -1.801458e+01
      vertex   -2.675893e+01 0.000000e+00 -1.801458e+01
    endloop
  endfacet
  facet normal 0.000000e+00 0.000000e+00 -1.000000e+00
    outer loop
      vertex   -2.675893e+01 0.000000e+00 -1.801458e+01
      vertex   -2.724107e+01 3.000000e+00 -1.801458e+01
      vertex   -2.675893e+01 3.000000e+00 -1.801458e+01
    endloop
  endfacet
  facet normal -2.393157e-01 0.000000e+00 -9.709418e-01
    outer loop
      vertex   -2.675893e+01 0.000000e+00 -1.801458e+01
      vertex   -2.675893e+01 3.000000e+00 -1.801458e+01
      vertex   -2.629079e+01 0.000000e+00 -1.812997e+01
    endloop
  endfacet
  facet normal -2.393157e-01 0.000000e+00 -9.709418e-01
    outer loop
      vertex   -2.629079e+01 0.000000e+00 -1.812997e+01
      vertex   -2.675893e+01 3.000000e+00 -1.801458e+01
      vertex   -2.629079e+01 3.000000e+00 -1.812997e+01
    endloop
  endfacet
  facet normal -4.647232e-01 0.000000e+00 -8.854560e-01
    outer loop
      vertex   -2.629079e+01 0.000000e+00 -1.812997e+01
      vertex   -2.629079e+01 3.000000e+00 -1.812997e+01
      vertex   -2.586387e+01 0.000000e+00 -1.835403e+01
    endloop
  endfacet
  facet normal -4.647232e-01 0.000000e+00 -8.854560e-01
    outer loop
      vertex   -2.586387e+01 0.000000e+00 -1.835403e+01
      vertex   -2.629079e+01 3.000000e+00 -1.812997e+01
      vertex   -2.586387e+01 3.000000e+00 -1.835403e+01
    endloop
  endfacet
  facet normal -6.631227e-01 0.000000e+00 -7.485107e-01
    outer loop
      vertex   -2.586387e+01 0.000000e+00 -1.835403e+01
      vertex   -2.586387e+01 3.000000e+00 -1.835403e+01
      vertex   -2.550298e+01 0.000000e+00 -1.867375e+01
    endloop
  endfacet
  facet normal -6.631227e-01 0.000000e+00 -7.485107e-01
    outer loop
      vertex   -2.550298e+01 0.000000e+00 -1.867375e+01
      vertex   -2.586387e+01 3.000000e+00 -1.835403e+01
      vertex   -2.550298e+01 3.000000e+00 -1.867375e+01
    endloop
  endfacet
  facet normal -8.229839e-01 0.000000e+00 -5.680647e-01
    outer loop
      vertex   -2.550298e+01 0.000000e+00 -1.867375e+01
      vertex   -2.550298e+01 3.000000e+00 -1.867375e+01
      vertex   -2.522909e+01 0.000000e+00 -1.907055e+01
    endloop
  endfacet
  facet normal -8.229839e-01 0.000000e+00 -5.680647e-01
    outer loop
      vertex   -2.522909e+01 0.000000e+00 -1.907055e+01
      vertex   -2.550298e+01 3.000000e+00 -1.867375e+01
      vertex   -2.522909e+01 3.000000e+00 -1.907055e+01
    endloop
  endfacet
  facet normal -9.350162e-01 0.000000e+00 -3.546049e-01
    outer loop
      vertex   -2.522909e+01 0.000000e+00 -1.907055e+01
      vertex   -2.522909e+01 3.000000e+00 -1.907055e+01
      vertex   -2.505812e+01 0.000000e+00 -1.952137e+01
    endloop
  endfacet
  facet normal -9.350162e-01 0.000000e+00 -3.546049e-01
    outer loop
      vertex   -2.505812e+01 0.000000e+00 -1.952137e+01
      vertex   -2.522909e+01 3.000000e+00 -1.907055e+01
      vertex   -2.505812e+01 3.000000e+00 -1.952137e+01
    endloop
  endfacet
  facet normal -9.927089e-01 0.000000e+00 -1.205367e-01
    outer loop
      vertex   -2.505812e+01 0.000000e+00 -1.952137e+01
      vertex   -2.505812e+01 3.000000e+00 -1.952137e+01
      vertex   -2.500000e+01 0.000000e+00 -2.000000e+01
    endloop
  endfacet
  facet normal -9.927089e-01 0.000000e+00 -1.205367e-01
    outer loop
      vertex   -2.500000e+01 0.000000e+00 -2.000000e+01
      vertex   -2.505812e+01 3.000000e+00 -1.952137e+01
      vertex   -2.500000e+01 3.000000e+00 -2.000000e+01
    endloop
  endfacet
  facet normal -9.927089e-01 0.000000e+00 1.205367e-01
    outer loop
      vertex   -2.500000e+01 0.000000e+00 -2.000000e+01
      vertex   -2.500000e+01 3.000000e+00 -2.000000e+01
      vertex   -2.505812e+01 0.000000e+00 -2.047863e+01
    endloop
  endfacet
  facet normal -9.927089e-01 0.000000e+00 1.205367e-01
    outer loop
      vertex   -2.505812e+01 0.000000e+00 -2.047863e+01
      vertex   -2.500000e+01 3.000000e+00 -2.000000e+01
      vertex   -2.505812e+01 3.000000e+00 -2.047863e+01
    endloop
  endfacet
  facet normal -9.350162e-01 0.000000e+00 3.546049e-01
    outer loop
      vertex   -2.505812e+01 0.000000e+00 -2.047863e+01
      vertex   -2.505812e+01 3.000000e+00 -2.047863e+01
      vertex   -2.522909e+01 0.000000e+00 -2.092945e+01
    endloop
  endfacet
  facet normal -9.350162e-01 0.000000e+00 3.546049e-01
    outer loop
      vertex   -2.522909e+01 0.000000e+00 -2.092945e+01
      vertex   -2.505812e+01 3.000000e+00 -2.047863e+01
      vertex   -2.522909e+01 3.000000e+00 -2.092945e+01
    endloop
  endfacet
  facet normal -8.229839e-01 0.000000e+00 5.680647e-01
    outer loop
      vertex   -2.522909e+01 0.000000e+00 -2.092945e+01
      vertex   -2.522909e+01 3.000000e+00 -2.092945e+01
      vertex   -2.550298e+01 0.000000e+00 -2.132625e+01
    endloop
  endfacet
  facet normal -8.229839e-01 0.000000e+00 5.680647e-01
    outer loop
      vertex   -2.550298e+01 0.000000e+00 -2.132625e+01
      vertex   -2.522909e+01 3.000000e+00 -2.092945e+01
      vertex   -2.550298e+01 3.000000e+00 -2.132625e+01
    endloop
  endfacet
  facet normal -6.631227e-01 0.000000e+00 7.485107e-01
    outer loop
      vertex   -2.550298e+01 0.000000e+00 -2.132625e+01
      vertex   -2.550298e+01 3.000000e+00 -2.132625e+01
      vertex   -2.586387e+01 0.000000e+00 -2.164597e+01
    endloop
  endfacet
  facet normal -6.631227e-01 0.000000e+00 7.485107e-01
    outer loop
      vertex   -2.586387e+01 0.000000e+00 -2.164597e+01
      vertex   -2.550298e+01 3.000000e+00 -2.132625e+01
      vertex   -2.586387e+01 3.000000e+00 -2.164597e+01
    endloop
  endfacet
  facet normal -4.647232e-01 0.000000e+00 8.854560e-01
    outer loop
      vertex   -2.586387e+01 0.000000e+00 -2.164597e+01
      vertex   -2.586387e+01 3.000000e+00 -2.164597e+01
      vertex   -2.629079e+01 0.000000e+00 -2.187003e+01
    endloop
  endfacet
  facet normal -4.647232e-01 0.000000e+00 8.854560e-01
    outer loop
      vertex   -2.629079e+01 0.000000e+00 -2.187003e+01
      vertex   -2.586387e+01 3.000000e+00 -2.164597e+01
      vertex   -2.629079e+01 3.000000e+00 -2.187003e+01
    endloop
  endfacet
  facet normal -2.393157e-01 0.000000e+00 9.709418e-01
    outer loop
      vertex   -2.629079e+01 0.000000e+00 -2.187003e+01
      vertex   -2.629079e+01 3.000000e+00 -2.187003e+01
      vertex   -2.675893e+01 0.000000e+00 -2.198542e+01
    endloop
  endfacet
  facet normal -2.393157e-01 0.000000e+00 9.709418e-01
    outer loop
      vertex   -2.675893e+01 0.000000e+00 -2.198542e+01
      vertex   -2.629079e+01 3.000000e+00 -2.187003e+01
      vertex   -2.675893e+01 3.000000e+00 -2.198542e+01
    endloop
  endfacet
  facet normal 0.000000e+00 -0.000000e+00 1.000000e+00
    outer loop
      vertex   -2.675893e+01 0.000000e+00 -2.198542e+01
      vertex   -2.675893e+01 3.000000e+00 -2.198542e+01
      vertex   -2.724107e+01 0.000000e+00 -2.198542e+01
    endloop
  endfacet
  facet normal 0.000000e+00 0.000000e+00 1.000000e+00
    outer loop
      vertex   -2.724107e+01 0.000000e+00 -2.198542e+01
      vertex   -2.675893e+01 3.000000e+00 -2.198542e+01
      vertex   -2.724107e+01 3.000000e+00 -2.198542e+01
    endloop
  endfacet
  facet normal 2.393157e-01 -0.000000e+00 9.709418e-01
    outer loop
      vertex   -2.724107e+01 0.000000e+00 -2.198542e+01
      vertex   -2.724107e+01 3.000000e+00 -2.198542e+01
      vertex   -2.770921e+01 0.000000e+00 -2.187003e+01
    endloop
  endfacet
  facet normal 2.393157e-01 -0.000000e+00 9.709418e-01
    outer loop
      vertex   -2.770921e+01 0.000000e+00 -2.187003e+01
      vertex   -2.724107e+01 3.000000e+00 -2.198542e+01
      vertex   -2.770921e+01 3.000000e+00 -2.187003e+01
    endloop
  endfacet
  facet normal 4.647232e-01 -0.000000e+00 8.854560e-01
    outer loop
      vertex   -2.770921e+01 0.000000e+00 -2.187003e+01
      vertex   -2.770921e+01 3.000000e+00 -2.187003e+01
      vertex   -2.813613e+01 0.000000e+00 -2.164597e+01
    endloop
  endfacet
  facet normal 4.647232e-01 -0.000000e+00 8.854560e-01
    outer loop
      vertex   -2.813613e+01 0.000000e+00 -2.164597e+01
      vertex   -2.770921e+01 3.000000e+00 -2.187003e+01
      vertex   -2.813613e+01 3.000000e+00 -2.164597e+01
    endloop
  endfacet
  facet normal 6.631227e-01 -0.000000e+00 7.485107e-01
    outer loop
      vertex   -2.813613e+01 0.000000e+00 -2.164597e+01
      vertex   -2.813613e+01 3.000000e+00 -2.164597e+01
      vertex   -2.849702e+01 0.000000e+00 -2.132625e+01
    endloop
  endfacet
  facet normal 6.631227e-01 -0.000000e+00 7.485107e-01
    outer loop
      vertex   -2.849702e+01 0.000000e+00 -2.132625e+01
      vertex   -2.813613e+01 3.000000e+00 -2.164597e+01
      vertex   -2.849702e+01 3.000000e+00 -2.132625e+01
    endloop
  endfacet
  facet normal 8.229839e-01 -0.000000e+00 5.680647e-01
    outer loop
      vertex   -2.849702e+01 0.000000e+00 -2.132625e+01
      vertex   -2.849702e+01 3.000000e+00 -2.132625e+01
      vertex   -2.877091e+01 0.000000e+00 -2.092945e+01
    endloop
  endfacet
  facet normal 8.229839e-01 -0.000000e+00 5.680647e-01
    outer loop
      vertex   -2.877091e+01 0.000000e+00 -2.092945e+01
      vertex   -2.849702e+01 3.000000e+00 -2.132625e+01
      vertex   -2.877091e+01 3.000000e+00 -2.092945e+01
    endloop
  endfacet
  facet normal 9.350162e-01 -0.000000e+00 3.546049e-01
    outer loop
      vertex   -2.877091e+01 0.000000e+00 -2.092945e+01
      vertex   -2.877091e+01 3.000000e+00 -2.092945e+01
      vertex   -2.894188e+01 0.000000e+00 -2.047863e+01
    endloop
  endfacet
  facet normal 9.350162e-01 -0.000000e+00 3.546049e-01
    outer loop
      vertex   -2.894188e+01 0.000000e+00 -2.047863e+01
      vertex   -2.877091e+01 3.000000e+00 -2.092945e+01
      vertex   -2.894188e+01 3.000000e+00 -2.047863e+01
    endloop
  endfacet
  facet normal 0.000000e+00 0.000000e+00 1.000000e+00
    outer loop
      vertex   -3.200000e+01 0.000000e+00 -5.000000e+00
      vertex   -1.200000e+01 0.000000e+00 -5.000000e+00
      vertex   -3.200000e+01 3.000000e+00 -5.000000e+00
    endloop
  endfacet
  facet normal -0.000000e+00 0.000000e+00 1.000000e+00
    outer loop
      vertex   -3.200000e+01 3.000000e+00 -5.000000e+00
      vertex   -1.200000e+01 0.000000e+00 -5.000000e+00
      vertex   -1.200000e+01 3.000000e+00 -5.000000e+00
    endloop
  endfacet
  facet normal -7.071068e-01 0.000000e+00 7.071068e-01
    outer loop
      vertex   -4.750000e+01 0.000000e+00 -2.050000e+01
      vertex   -3.200000e+01 0.000000e+00 -5.000000e+00
      vertex   -4.750000e+01 3.000000e+00 -2.050000e+01
    endloop
  endfacet
  facet normal -7.071068e-01 0.000000e+00 7.071068e-01
    outer loop
      vertex   -4.750000e+01 3.000000e+00 -2.050000e+01
      vertex   -3.200000e+01 0.000000e+00 -5.000000e+00
      vertex   -3.200000e+01 3.000000e+00 -5.000000e+00
    endloop
  endfacet
  facet normal 0.000000e+00 0.000000e+00 1.000000e+00
    outer loop
      vertex   -5.200000e+01 0.000000e+00 -2.050000e+01
      vertex   -4.750000e+01 0.000000e+00 -2.050000e+01
      vertex   -5.200000e+01 3.000000e+00 -2.050000e+01
    endloop
  endfacet
  facet normal -0.000000e+00 0.000000e+00 1.000000e+00
    outer loop
      vertex   -5.200000e+01 3.000000e+00 -2.050000e+01
      vertex   -4.750000e+01 0.000000e+00 -2.050000e+01
      vertex   -4.750000e+01 3.000000e+00 -2.050000e+01
    endloop
  endfacet
  facet normal -7.071068e-01 0.000000e+00 7.071068e-01
    outer loop
      vertex   -5.700000e+01 0.000000e+00 -2.550000e+01
      vertex   -5.200000e+01 0.000000e+00 -2.050000e+01
      vertex   -5.700000e+01 3.000000e+00 -2.550000e+01
    endloop
  endfacet
  facet normal -7.071068e-01 0.000000e+00 7.071068e-01
    outer loop
      vertex   -5.700000e+01 3.000000e+00 -2.550000e+01
      vertex   -5.200000e+01 0.000000e+00 -2.050000e+01
      vertex   -5.200000e+01 3.000000e+00 -2.050000e+01
    endloop
  endfacet
  facet normal -1.000000e+00 0.000000e+00 0.000000e+00
    outer loop
      vertex   -5.700000e+01 0.000000e+00 -4.450000e+01
      vertex   -5.700000e+01 0.000000e+00 -2.550000e+01
      vertex   -5.700000e+01 3.000000e+00 -4.450000e+01
    endloop
  endfacet
  facet normal -1.000000e+00 0.000000e+00 0.000000e+00
    outer loop
      vertex   -5.700000e+01 3.000000e+00 -4.450000e+01
      vertex   -5.700000e+01 0.000000e+00 -2.550000e+01
      vertex   -5.700000e+01 3.000000e+00 -2.550000e+01
    endloop
  endfacet
  facet normal -7.071068e-01 0.000000e+00 -7.071068e-01
    outer loop
      vertex   -5.200000e+01 0.000000e+00 -4.950000e+01
      vertex   -5.700000e+01 0.000000e+00 -4.450000e+01
      vertex   -5.200000e+01 3.000000e+00 -4.950000e+01
    endloop
  endfacet
  facet normal -7.071068e-01 0.000000e+00 -7.071068e-01
    outer loop
      vertex   -5.200000e+01 3.000000e+00 -4.950000e+01
      vertex   -5.700000e+01 0.000000e+00 -4.450000e+01
      vertex   -5.700000e+01 3.000000e+00 -4.450000e+01
    endloop
  endfacet
  facet normal 0.000000e+00 0.000000e+00 -1.000000e+00
    outer loop
      vertex   -4.750000e+01 0.000000e+00 -4.950000e+01
      vertex   -5.200000e+01 0.000000e+00 -4.950000e+01
      vertex   -4.750000e+01 3.000000e+00 -4.950000e+01
    endloop
  endfacet
  facet normal -0.000000e+00 0.000000e+00 -1.000000e+00
    outer loop
      vertex   -4.750000e+01 3.000000e+00 -4.950000e+01
      vertex   -5.200000e+01 0.000000e+00 -4.950000e+01
      vertex   -5.200000e+01 3.000000e+00 -4.950000e+01
    endloop
  endfacet
  facet normal -7.071068e-01 0.000000e+00 -7.071068e-01
    outer loop
      vertex   -3.200000e+01 0.000000e+00 -6.500000e+01
      vertex   -4.750000e+01 0.000000e+00 -4.950000e+01
      vertex   -3.200000e+01 3.000000e+00 -6.500000e+01
    endloop
  endfacet
  facet normal -7.071068e-01 0.000000e+00 -7.071068e-01
    outer loop
      vertex   -3.200000e+01 3.000000e+00 -6.500000e+01
      vertex   -4.750000e+01 0.000000e+00 -4.950000e+01
      vertex   -4.750000e+01 3.000000e+00 -4.950000e+01
    endloop
  endfacet
  facet normal 0.000000e+00 0.000000e+00 -1.000000e+00
    outer loop
      vertex   -1.200000e+01 0.000000e+00 -6.500000e+01
      vertex   -3.200000e+01 0.000000e+00 -6.500000e+01
      vertex   -1.200000e+01 3.000000e+00 -6.500000e+01
    endloop
  endfacet
  facet normal -0.000000e+00 0.000000e+00 -1.000000e+00
    outer loop
      vertex   -1.200000e+01 3.000000e+00 -6.500000e+01
      vertex   -3.200000e+01 0.000000e+00 -6.500000e+01
      vertex   -3.200000e+01 3.000000e+00 -6.500000e+01
    endloop
  endfacet
  facet normal 7.071068e-01 -3.600745e-15 -7.071068e-01
    outer loop
      vertex   -1.200000e+01 0.000000e+00 -6.500000e+01
      vertex   -1.000000e+01 3.000000e+00 -6.300000e+01
      vertex   -7.000000e+00 0.000000e+00 -6.000000e+01
    endloop
  endfacet
  facet normal 7.071068e-01 0.000000e+00 -7.071068e-01
    outer loop
      vertex   -7.000000e+00 0.000000e+00 -6.000000e+01
      vertex   -1.000000e+01 3.000000e+00 -6.300000e+01
      vertex   -1.000000e+01 1.510000e+01 -6.300000e+01
    endloop
  endfacet
  facet normal 7.071068e-01 0.000000e+00 -7.071068e-01
    outer loop
      vertex   -7.000000e+00 0.000000e+00 -6.000000e+01
      vertex   -1.000000e+01 1.510000e+01 -6.300000e+01
      vertex   -7.000000e+00 1.810000e+01 -6.000000e+01
    endloop
  endfacet
  facet normal 7.071068e-01 0.000000e+00 -7.071068e-01
    outer loop
      vertex   -7.000000e+00 1.810000e+01 -6.000000e+01
      vertex   -1.000000e+01 1.510000e+01 -6.300000e+01
      vertex   -1.000000e+01 1.810000e+01 -6.300000e+01
    endloop
  endfacet
  facet normal 7.071068e-01 0.000000e+00 -7.071068e-01
    outer loop
      vertex   -1.200000e+01 0.000000e+00 -6.500000e+01
      vertex   -1.200000e+01 3.000000e+00 -6.500000e+01
      vertex   -1.000000e+01 3.000000e+00 -6.300000e+01
    endloop
  endfacet
  facet normal 7.071068e-01 0.000000e+00 7.071068e-01
    outer loop
      vertex   -1.200000e+01 3.000000e+00 -5.000000e+00
      vertex   -1.200000e+01 0.000000e+00 -5.000000e+00
      vertex   -1.000000e+01 3.000000e+00 -7.000000e+00
    endloop
  endfacet
  facet normal 7.071068e-01 -1.716634e-15 7.071068e-01
    outer loop
      vertex   -1.000000e+01 3.000000e+00 -7.000000e+00
      vertex   -1.200000e+01 0.000000e+00 -5.000000e+00
      vertex   -7.000000e+00 0.000000e+00 -1.000000e+01
    endloop
  endfacet
  facet normal 7.071068e-01 -0.000000e+00 7.071068e-01
    outer loop
      vertex   -1.000000e+01 3.000000e+00 -7.000000e+00
      vertex   -7.000000e+00 0.000000e+00 -1.000000e+01
      vertex   -1.000000e+01 1.510000e+01 -7.000000e+00
    endloop
  endfacet
  facet normal 7.071068e-01 0.000000e+00 7.071068e-01
    outer loop
      vertex   -1.000000e+01 1.510000e+01 -7.000000e+00
      vertex   -7.000000e+00 0.000000e+00 -1.000000e+01
      vertex   -7.000000e+00 1.810000e+01 -1.000000e+01
    endloop
  endfacet
  facet normal 7.071068e-01 -0.000000e+00 7.071068e-01
    outer loop
      vertex   -1.000000e+01 1.510000e+01 -7.000000e+00
      vertex   -7.000000e+00 1.810000e+01 -1.000000e+01
      vertex   -1.000000e+01 1.810000e+01 -7.000000e+00
    endloop
  endfacet
  facet normal 3.435043e-15 -1.000000e+00 -4.034545e-15
    outer loop
      vertex   4.727259e+00 8.974685e-14 -2.235706e+01
      vertex   4.700000e+00 8.881784e-14 -2.215000e+01
      vertex   -7.000000e+00 1.776357e-14 -1.450000e+01
    endloop
  endfacet
  facet normal -5.954387e-16 -1.000000e+00 -1.019881e-14
    outer loop
      vertex   -7.000000e+00 1.776357e-14 -1.450000e+01
      vertex   4.700000e+00 8.881784e-14 -2.215000e+01
      vertex   4.727259e+00 8.668989e-14 -2.194294e+01
    endloop
  endfacet
  facet normal 1.105605e-15 -1.000000e+00 -7.518612e-15
    outer loop
      vertex   -7.000000e+00 1.776357e-14 -1.450000e+01
      vertex   4.727259e+00 8.668989e-14 -2.194294e+01
      vertex   4.807180e+00 8.532758e-14 -2.175000e+01
    endloop
  endfacet
  facet normal 1.056993e-15 -1.000000e+00 -7.597780e-15
    outer loop
      vertex   4.807180e+00 8.532758e-14 -2.175000e+01
      vertex   4.934315e+00 8.420312e-14 -2.158431e+01
      vertex   -7.000000e+00 1.776357e-14 -1.450000e+01
    endloop
  endfacet
  facet normal 1.006553e-15 -1.000000e+00 -7.682752e-15
    outer loop
      vertex   -7.000000e+00 1.776357e-14 -1.450000e+01
      vertex   4.934315e+00 8.420312e-14 -2.158431e+01
      vertex   5.100000e+00 8.339314e-14 -2.145718e+01
    endloop
  endfacet
  facet normal 1.081098e-30 -1.000000e+00 -9.433359e-15
    outer loop
      vertex   -7.000000e+00 1.776357e-14 -1.450000e+01
      vertex   5.100000e+00 8.339314e-14 -2.145718e+01
      vertex   8.500000e+00 1.776357e-14 -1.450000e+01
    endloop
  endfacet
  facet normal 2.038028e-15 -1.000000e+00 -1.042935e-14
    outer loop
      vertex   8.500000e+00 1.776357e-14 -1.450000e+01
      vertex   5.100000e+00 8.339314e-14 -2.145718e+01
      vertex   5.292945e+00 8.295285e-14 -2.137726e+01
    endloop
  endfacet
  facet normal 1.120641e-15 -1.000000e+00 -1.000155e-14
    outer loop
      vertex   8.500000e+00 1.776357e-14 -1.450000e+01
      vertex   5.292945e+00 8.295285e-14 -2.137726e+01
      vertex   5.500000e+00 8.291225e-14 -2.135000e+01
    endloop
  endfacet
  facet normal 4.684997e-16 -1.000000e+00 -9.715939e-15
    outer loop
      vertex   5.500000e+00 8.291225e-14 -2.135000e+01
      vertex   5.707055e+00 8.327411e-14 -2.137726e+01
      vertex   8.500000e+00 1.776357e-14 -1.450000e+01
    endloop
  endfacet
  facet normal -9.602124e-17 -1.000000e+00 -9.486680e-15
    outer loop
      vertex   8.500000e+00 1.776357e-14 -1.450000e+01
      vertex   5.707055e+00 8.327411e-14 -2.137726e+01
      vertex   5.900000e+00 8.401376e-14 -2.145718e+01
    endloop
  endfacet
  facet normal 1.465506e-14 -1.000000e+00 -1.499938e-14
    outer loop
      vertex   8.500000e+00 1.776357e-14 -1.450000e+01
      vertex   5.900000e+00 8.401376e-14 -2.145718e+01
      vertex   9.404025e+00 3.183233e-14 -1.455468e+01
    endloop
  endfacet
  facet normal 4.992753e-16 -1.000000e+00 -7.813246e-15
    outer loop
      vertex   9.404025e+00 3.183233e-14 -1.455468e+01
      vertex   5.900000e+00 8.401376e-14 -2.145718e+01
      vertex   1.029487e+01 3.355264e-14 -1.471794e+01
    endloop
  endfacet
  facet normal 4.889703e-16 -1.000000e+00 -7.806526e-15
    outer loop
      vertex   1.029487e+01 3.355264e-14 -1.471794e+01
      vertex   5.900000e+00 8.401376e-14 -2.145718e+01
      vertex   1.115954e+01 3.607884e-14 -1.498738e+01
    endloop
  endfacet
  facet normal 4.649779e-16 -1.000000e+00 -7.787021e-15
    outer loop
      vertex   1.115954e+01 3.607884e-14 -1.498738e+01
      vertex   5.900000e+00 8.401376e-14 -2.145718e+01
      vertex   6.065685e+00 8.508080e-14 -2.158431e+01
    endloop
  endfacet
  facet normal 4.800624e-16 -1.000000e+00 -7.798669e-15
    outer loop
      vertex   1.115954e+01 3.607884e-14 -1.498738e+01
      vertex   6.065685e+00 8.508080e-14 -2.158431e+01
      vertex   1.198542e+01 3.937410e-14 -1.535908e+01
    endloop
  endfacet
  facet normal 4.720178e-16 -1.000000e+00 -7.791019e-15
    outer loop
      vertex   1.198542e+01 3.937410e-14 -1.535908e+01
      vertex   6.065685e+00 8.508080e-14 -2.158431e+01
      vertex   1.276049e+01 4.339035e-14 -1.582762e+01
    endloop
  endfacet
  facet normal 4.650546e-16 -1.000000e+00 -7.782921e-15
    outer loop
      vertex   1.276049e+01 4.339035e-14 -1.582762e+01
      vertex   6.065685e+00 8.508080e-14 -2.158431e+01
      vertex   1.347342e+01 4.806905e-14 -1.638617e+01
    endloop
  endfacet
  facet normal 4.591365e-16 -1.000000e+00 -7.774488e-15
    outer loop
      vertex   1.347342e+01 4.806905e-14 -1.638617e+01
      vertex   6.065685e+00 8.508080e-14 -2.158431e+01
      vertex   1.411383e+01 5.334195e-14 -1.702658e+01
    endloop
  endfacet
  facet normal 4.001045e-16 -1.000000e+00 -7.670248e-15
    outer loop
      vertex   1.411383e+01 5.334195e-14 -1.702658e+01
      vertex   6.065685e+00 8.508080e-14 -2.158431e+01
      vertex   6.192820e+00 8.640252e-14 -2.175000e+01
    endloop
  endfacet
  facet normal 4.561775e-16 -1.000000e+00 -7.764280e-15
    outer loop
      vertex   1.411383e+01 5.334195e-14 -1.702658e+01
      vertex   6.192820e+00 8.640252e-14 -2.175000e+01
      vertex   1.467238e+01 5.913217e-14 -1.773951e+01
    endloop
  endfacet
  facet normal 4.521763e-16 -1.000000e+00 -7.755820e-15
    outer loop
      vertex   1.467238e+01 5.913217e-14 -1.773951e+01
      vertex   6.192820e+00 8.640252e-14 -2.175000e+01
      vertex   1.514092e+01 6.535527e-14 -1.851458e+01
    endloop
  endfacet
  facet normal 4.490637e-16 -1.000000e+00 -7.747212e-15
    outer loop
      vertex   1.514092e+01 6.535527e-14 -1.851458e+01
      vertex   6.192820e+00 8.640252e-14 -2.175000e+01
      vertex   1.551262e+01 7.192051e-14 -1.934046e+01
    endloop
  endfacet
  facet normal 3.953759e-16 -1.000000e+00 -7.539554e-15
    outer loop
      vertex   1.551262e+01 7.192051e-14 -1.934046e+01
      vertex   6.192820e+00 8.640252e-14 -2.175000e+01
      vertex   6.272741e+00 8.788883e-14 -2.194294e+01
    endloop
  endfacet
  facet normal 4.510423e-16 -1.000000e+00 -7.737192e-15
    outer loop
      vertex   1.551262e+01 7.192051e-14 -1.934046e+01
      vertex   6.272741e+00 8.788883e-14 -2.194294e+01
      vertex   1.578206e+01 7.873215e-14 -2.020513e+01
    endloop
  endfacet
  facet normal 4.495458e-16 -1.000000e+00 -7.729003e-15
    outer loop
      vertex   1.578206e+01 7.873215e-14 -2.020513e+01
      vertex   6.272741e+00 8.788883e-14 -2.194294e+01
      vertex   1.594532e+01 8.569086e-14 -2.109597e+01
    endloop
  endfacet
  facet normal 4.232240e-16 -1.000000e+00 -7.428403e-15
    outer loop
      vertex   1.594532e+01 8.569086e-14 -2.109597e+01
      vertex   6.272741e+00 8.788883e-14 -2.194294e+01
      vertex   6.300000e+00 8.943846e-14 -2.215000e+01
    endloop
  endfacet
  facet normal -1.048230e-17 -1.000000e+00 -3.459584e-15
    outer loop
      vertex   1.594532e+01 8.569086e-14 -2.109597e+01
      vertex   6.300000e+00 8.943846e-14 -2.215000e+01
      vertex   1.600000e+01 8.881784e-14 -2.200000e+01
    endloop
  endfacet
  facet normal 4.869322e-17 -1.000000e+00 -7.286268e-15
    outer loop
      vertex   1.600000e+01 8.881784e-14 -2.200000e+01
      vertex   6.300000e+00 8.943846e-14 -2.215000e+01
      vertex   6.272741e+00 9.094579e-14 -2.235706e+01
    endloop
  endfacet
  facet normal 4.103565e-17 -1.000000e+00 -7.077653e-15
    outer loop
      vertex   1.600000e+01 8.881784e-14 -2.200000e+01
      vertex   6.272741e+00 9.094579e-14 -2.235706e+01
      vertex   6.192820e+00 9.230811e-14 -2.255000e+01
    endloop
  endfacet
  facet normal 2.583136e-17 -1.000000e+00 -6.806541e-15
    outer loop
      vertex   6.192820e+00 9.230811e-14 -2.255000e+01
      vertex   6.065685e+00 9.343257e-14 -2.271569e+01
      vertex   1.600000e+01 8.881784e-14 -2.200000e+01
    endloop
  endfacet
  facet normal 2.685853e-17 -1.000000e+00 -6.820799e-15
    outer loop
      vertex   1.600000e+01 8.881784e-14 -2.200000e+01
      vertex   6.065685e+00 9.343257e-14 -2.271569e+01
      vertex   7.425000e+00 1.545160e-13 -3.166580e+01
    endloop
  endfacet
  facet normal 7.311945e-16 -1.000000e+00 -7.445650e-15
    outer loop
      vertex   1.600000e+01 8.881784e-14 -2.200000e+01
      vertex   7.425000e+00 1.545160e-13 -3.166580e+01
      vertex   7.974732e+00 1.577840e-13 -3.205073e+01
    endloop
  endfacet
  facet normal 3.119315e-16 -1.000000e+00 -6.777503e-15
    outer loop
      vertex   6.065685e+00 9.343257e-14 -2.271569e+01
      vertex   5.900000e+00 9.424254e-14 -2.284282e+01
      vertex   7.425000e+00 1.545160e-13 -3.166580e+01
    endloop
  endfacet
  facet normal 1.123019e-15 -1.000000e+00 -6.637312e-15
    outer loop
      vertex   7.425000e+00 1.545160e-13 -3.166580e+01
      vertex   5.900000e+00 9.424254e-14 -2.284282e+01
      vertex   6.816778e+00 1.519505e-13 -3.138218e+01
    endloop
  endfacet
  facet normal 4.952317e-16 -1.000000e+00 -6.704710e-15
    outer loop
      vertex   6.816778e+00 1.519505e-13 -3.138218e+01
      vertex   5.900000e+00 9.424254e-14 -2.284282e+01
      vertex   5.707055e+00 9.468283e-14 -2.292274e+01
    endloop
  endfacet
  facet normal 9.740777e-16 -1.000000e+00 -6.641895e-15
    outer loop
      vertex   6.816778e+00 1.519505e-13 -3.138218e+01
      vertex   5.707055e+00 9.468283e-14 -2.292274e+01
      vertex   6.168545e+00 1.501654e-13 -3.120849e+01
    endloop
  endfacet
  facet normal 6.804874e-16 -1.000000e+00 -6.658247e-15
    outer loop
      vertex   6.168545e+00 1.501654e-13 -3.120849e+01
      vertex   5.707055e+00 9.468283e-14 -2.292274e+01
      vertex   5.500000e+00 9.472343e-14 -2.295000e+01
    endloop
  endfacet
  facet normal 8.402205e-16 -1.000000e+00 -6.645316e-15
    outer loop
      vertex   6.168545e+00 1.501654e-13 -3.120849e+01
      vertex   5.500000e+00 9.472343e-14 -2.295000e+01
      vertex   5.500000e+00 1.492150e-13 -3.115000e+01
    endloop
  endfacet
  facet normal 7.113193e-16 -1.000000e+00 -6.645316e-15
    outer loop
      vertex   5.500000e+00 1.492150e-13 -3.115000e+01
      vertex   5.500000e+00 9.472343e-14 -2.295000e+01
      vertex   4.831455e+00 1.491282e-13 -3.120849e+01
    endloop
  endfacet
  facet normal 8.710525e-16 -1.000000e+00 -6.658247e-15
    outer loop
      vertex   4.831455e+00 1.491282e-13 -3.120849e+01
      vertex   5.500000e+00 9.472343e-14 -2.295000e+01
      vertex   5.292945e+00 9.436158e-14 -2.292274e+01
    endloop
  endfacet
  facet normal 5.774621e-16 -1.000000e+00 -6.641895e-15
    outer loop
      vertex   4.831455e+00 1.491282e-13 -3.120849e+01
      vertex   5.292945e+00 9.436158e-14 -2.292274e+01
      vertex   4.183222e+00 1.499075e-13 -3.138218e+01
    endloop
  endfacet
  facet normal 1.056308e-15 -1.000000e+00 -6.704710e-15
    outer loop
      vertex   4.183222e+00 1.499075e-13 -3.138218e+01
      vertex   5.292945e+00 9.436158e-14 -2.292274e+01
      vertex   5.100000e+00 9.362193e-14 -2.284282e+01
    endloop
  endfacet
  facet normal 4.285210e-16 -1.000000e+00 -6.637312e-15
    outer loop
      vertex   4.183222e+00 1.499075e-13 -3.138218e+01
      vertex   5.100000e+00 9.362193e-14 -2.284282e+01
      vertex   3.575000e+00 1.515293e-13 -3.166580e+01
    endloop
  endfacet
  facet normal 1.239608e-15 -1.000000e+00 -6.777503e-15
    outer loop
      vertex   3.575000e+00 1.515293e-13 -3.166580e+01
      vertex   5.100000e+00 9.362193e-14 -2.284282e+01
      vertex   4.934315e+00 9.255488e-14 -2.271569e+01
    endloop
  endfacet
  facet normal 2.469385e-16 -1.000000e+00 -6.626740e-15
    outer loop
      vertex   3.575000e+00 1.515293e-13 -3.166580e+01
      vertex   4.934315e+00 9.255488e-14 -2.271569e+01
      vertex   3.025268e+00 1.539444e-13 -3.205073e+01
    endloop
  endfacet
  facet normal 1.441629e-15 -1.000000e+00 -6.871058e-15
    outer loop
      vertex   3.025268e+00 1.539444e-13 -3.205073e+01
      vertex   4.934315e+00 9.255488e-14 -2.271569e+01
      vertex   4.807180e+00 9.123317e-14 -2.255000e+01
    endloop
  endfacet
  facet normal -9.167092e-16 -1.000000e+00 -6.428739e-15
    outer loop
      vertex   3.025268e+00 1.539444e-13 -3.205073e+01
      vertex   4.807180e+00 9.123317e-14 -2.255000e+01
      vertex   -1.157055e+00 1.717707e-13 -3.422726e+01
    endloop
  endfacet
  facet normal 8.717792e-16 -1.000000e+00 -7.342221e-15
    outer loop
      vertex   -1.157055e+00 1.717707e-13 -3.422726e+01
      vertex   4.807180e+00 9.123317e-14 -2.255000e+01
      vertex   4.727259e+00 8.974685e-14 -2.235706e+01
    endloop
  endfacet
  facet normal 7.302330e-16 -1.000000e+00 -7.272054e-15
    outer loop
      vertex   -1.157055e+00 1.717707e-13 -3.422726e+01
      vertex   4.727259e+00 8.974685e-14 -2.235706e+01
      vertex   -1.350000e+00 1.722110e-13 -3.430718e+01
    endloop
  endfacet
  facet normal 1.129822e-15 -1.000000e+00 -7.475265e-15
    outer loop
      vertex   -1.350000e+00 1.722110e-13 -3.430718e+01
      vertex   4.727259e+00 8.974685e-14 -2.235706e+01
      vertex   -7.000000e+00 1.776357e-14 -1.450000e+01
    endloop
  endfacet
  facet normal 8.980690e-16 -1.000000e+00 -7.541373e-15
    outer loop
      vertex   -1.350000e+00 1.722110e-13 -3.430718e+01
      vertex   -7.000000e+00 1.776357e-14 -1.450000e+01
      vertex   -1.515685e+00 1.730210e-13 -3.443431e+01
    endloop
  endfacet
  facet normal 3.392296e-15 -1.000000e+00 -6.855163e-15
    outer loop
      vertex   -1.515685e+00 1.730210e-13 -3.443431e+01
      vertex   -7.000000e+00 1.776357e-14 -1.450000e+01
      vertex   -2.522909e+01 0.000000e+00 -2.092945e+01
    endloop
  endfacet
  facet normal 5.237482e-15 -1.000000e+00 -3.615173e-15
    outer loop
      vertex   -1.515685e+00 1.730210e-13 -3.443431e+01
      vertex   -2.522909e+01 0.000000e+00 -2.092945e+01
      vertex   -2.550298e+01 0.000000e+00 -2.132625e+01
    endloop
  endfacet
  facet normal 1.625328e-15 -1.000000e+00 -1.049118e-14
    outer loop
      vertex   -1.722741e+00 1.755077e-13 -3.479294e+01
      vertex   -2.629079e+01 0.000000e+00 -2.187003e+01
      vertex   -1.750000e+00 1.776357e-13 -3.500000e+01
    endloop
  endfacet
  facet normal 7.238385e-15 -1.000000e+00 0.000000e+00
    outer loop
      vertex   -1.750000e+00 1.776357e-13 -3.500000e+01
      vertex   -2.629079e+01 0.000000e+00 -2.187003e+01
      vertex   -2.629079e+01 0.000000e+00 -4.812997e+01
    endloop
  endfacet
  facet normal 9.004662e-15 -1.000000e+00 -3.301291e-15
    outer loop
      vertex   -1.750000e+00 1.776357e-13 -3.500000e+01
      vertex   -2.629079e+01 0.000000e+00 -4.812997e+01
      vertex   -1.722741e+00 1.785647e-13 -3.520706e+01
    endloop
  endfacet
  facet normal 3.630057e-15 -1.000000e+00 6.916496e-15
    outer loop
      vertex   -1.722741e+00 1.785647e-13 -3.520706e+01
      vertex   -2.629079e+01 0.000000e+00 -4.812997e+01
      vertex   -2.586387e+01 0.000000e+00 -4.835403e+01
    endloop
  endfacet
  facet normal 9.458280e-15 -1.000000e+00 -3.785576e-15
    outer loop
      vertex   -1.722741e+00 1.785647e-13 -3.520706e+01
      vertex   -2.586387e+01 0.000000e+00 -4.835403e+01
      vertex   -1.642820e+00 1.800510e-13 -3.540000e+01
    endloop
  endfacet
  facet normal 4.635337e-15 -1.000000e+00 5.232214e-15
    outer loop
      vertex   -1.642820e+00 1.800510e-13 -3.540000e+01
      vertex   -2.586387e+01 0.000000e+00 -4.835403e+01
      vertex   -2.550298e+01 0.000000e+00 -4.867375e+01
    endloop
  endfacet
  facet normal 8.398744e-15 -1.000000e+00 -1.532675e-15
    outer loop
      vertex   -1.642820e+00 1.800510e-13 -3.540000e+01
      vertex   -2.550298e+01 0.000000e+00 -4.867375e+01
      vertex   -1.515685e+00 1.813727e-13 -3.556569e+01
    endloop
  endfacet
  facet normal 5.490297e-15 -1.000000e+00 3.789678e-15
    outer loop
      vertex   -1.515685e+00 1.813727e-13 -3.556569e+01
      vertex   -2.550298e+01 0.000000e+00 -4.867375e+01
      vertex   -2.522909e+01 0.000000e+00 -4.907055e+01
    endloop
  endfacet
  facet normal 1.375716e-14 -1.000000e+00 -1.072623e-14
    outer loop
      vertex   -1.515685e+00 1.813727e-13 -3.556569e+01
      vertex   -2.522909e+01 0.000000e+00 -4.907055e+01
      vertex   -7.000000e+00 3.197442e-13 -5.550000e+01
    endloop
  endfacet
  facet normal 2.024887e-14 -1.000000e+00 7.679383e-15
    outer loop
      vertex   -7.000000e+00 3.197442e-13 -5.550000e+01
      vertex   -2.522909e+01 0.000000e+00 -4.907055e+01
      vertex   -2.505812e+01 0.000000e+00 -4.952137e+01
    endloop
  endfacet
  facet normal 1.844801e-14 -1.000000e+00 2.239994e-15
    outer loop
      vertex   -7.000000e+00 3.197442e-13 -5.550000e+01
      vertex   -2.505812e+01 0.000000e+00 -4.952137e+01
      vertex   -2.500000e+01 0.000000e+00 -5.000000e+01
    endloop
  endfacet
  facet normal 3.567912e-15 -1.000000e+00 -6.798088e-15
    outer loop
      vertex   -2.629079e+01 0.000000e+00 -2.187003e+01
      vertex   -1.722741e+00 1.755077e-13 -3.479294e+01
      vertex   -2.586387e+01 0.000000e+00 -2.164597e+01
    endloop
  endfacet
  facet normal 2.794540e-15 -1.000000e+00 -8.218192e-15
    outer loop
      vertex   -2.586387e+01 0.000000e+00 -2.164597e+01
      vertex   -1.722741e+00 1.755077e-13 -3.479294e+01
      vertex   -1.642820e+00 1.741454e-13 -3.460000e+01
    endloop
  endfacet
  facet normal 4.483300e-15 -1.000000e+00 -5.060600e-15
    outer loop
      vertex   -2.586387e+01 0.000000e+00 -2.164597e+01
      vertex   -1.642820e+00 1.741454e-13 -3.460000e+01
      vertex   -2.550298e+01 0.000000e+00 -2.132625e+01
    endloop
  endfacet
  facet normal 2.469056e-15 -1.000000e+00 -8.681293e-15
    outer loop
      vertex   -2.550298e+01 0.000000e+00 -2.132625e+01
      vertex   -1.642820e+00 1.741454e-13 -3.460000e+01
      vertex   -1.515685e+00 1.730210e-13 -3.443431e+01
    endloop
  endfacet
  facet normal -1.718863e-15 -1.000000e+00 -4.887357e-15
    outer loop
      vertex   3.025268e+00 1.539444e-13 -3.205073e+01
      vertex   -1.157055e+00 1.717707e-13 -3.422726e+01
      vertex   2.550729e+00 1.570793e-13 -3.252527e+01
    endloop
  endfacet
  facet normal 1.318465e-15 -1.000000e+00 -1.150417e-14
    outer loop
      vertex   2.550729e+00 1.570793e-13 -3.252527e+01
      vertex   -1.157055e+00 1.717707e-13 -3.422726e+01
      vertex   -9.500000e-01 1.717301e-13 -3.420000e+01
    endloop
  endfacet
  facet normal -1.373529e-15 -1.000000e+00 -5.877034e-15
    outer loop
      vertex   2.550729e+00 1.570793e-13 -3.252527e+01
      vertex   -9.500000e-01 1.717301e-13 -3.420000e+01
      vertex   2.165802e+00 1.608388e-13 -3.307500e+01
    endloop
  endfacet
  facet normal 3.466725e-16 -1.000000e+00 -1.064131e-14
    outer loop
      vertex   2.165802e+00 1.608388e-13 -3.307500e+01
      vertex   -9.500000e-01 1.717301e-13 -3.420000e+01
      vertex   -7.429448e-01 1.720919e-13 -3.422726e+01
    endloop
  endfacet
  facet normal -1.334221e-15 -1.000000e+00 -6.398085e-15
    outer loop
      vertex   2.165802e+00 1.608388e-13 -3.307500e+01
      vertex   -7.429448e-01 1.720919e-13 -3.422726e+01
      vertex   1.882183e+00 1.651087e-13 -3.368322e+01
    endloop
  endfacet
  facet normal -4.946765e-16 -1.000000e+00 -1.044912e-14
    outer loop
      vertex   1.882183e+00 1.651087e-13 -3.368322e+01
      vertex   -7.429448e-01 1.720919e-13 -3.422726e+01
      vertex   -5.500000e-01 1.728316e-13 -3.430718e+01
    endloop
  endfacet
  facet normal -7.660456e-16 -1.000000e+00 -9.391323e-15
    outer loop
      vertex   1.882183e+00 1.651087e-13 -3.368322e+01
      vertex   -5.500000e-01 1.728316e-13 -3.430718e+01
      vertex   -3.843146e-01 1.738986e-13 -3.443431e+01
    endloop
  endfacet
  facet normal -1.647051e-15 -1.000000e+00 -6.732796e-15
    outer loop
      vertex   1.882183e+00 1.651087e-13 -3.368322e+01
      vertex   -3.843146e-01 1.738986e-13 -3.443431e+01
      vertex   1.708490e+00 1.697591e-13 -3.433145e+01
    endloop
  endfacet
  facet normal -1.528251e-15 -1.000000e+00 -9.149927e-15
    outer loop
      vertex   1.708490e+00 1.697591e-13 -3.433145e+01
      vertex   -3.843146e-01 1.738986e-13 -3.443431e+01
      vertex   -2.571797e-01 1.752204e-13 -3.460000e+01
    endloop
  endfacet
  facet normal -1.633448e-15 -1.000000e+00 -8.379920e-15
    outer loop
      vertex   1.708490e+00 1.697591e-13 -3.433145e+01
      vertex   -2.571797e-01 1.752204e-13 -3.460000e+01
      vertex   -1.772593e-01 1.767067e-13 -3.479294e+01
    endloop
  endfacet
  facet normal -7.463225e-15 -1.000000e+00 1.544182e-14
    outer loop
      vertex   1.708490e+00 1.697591e-13 -3.433145e+01
      vertex   -1.772593e-01 1.767067e-13 -3.479294e+01
      vertex   1.650000e+00 1.598721e-13 -3.500000e+01
    endloop
  endfacet
  facet normal -1.021344e-14 -1.000000e+00 -8.828746e-15
    outer loop
      vertex   1.650000e+00 1.598721e-13 -3.500000e+01
      vertex   -1.772593e-01 1.767067e-13 -3.479294e+01
      vertex   -1.500000e-01 1.782563e-13 -3.500000e+01
    endloop
  endfacet
  facet normal -1.021344e-14 -1.000000e+00 -5.935233e-15
    outer loop
      vertex   1.650000e+00 1.598721e-13 -3.500000e+01
      vertex   -1.500000e-01 1.782563e-13 -3.500000e+01
      vertex   -1.772593e-01 1.797636e-13 -3.520706e+01
    endloop
  endfacet
  facet normal -7.463225e-15 -1.000000e+00 -3.020580e-14
    outer loop
      vertex   1.650000e+00 1.598721e-13 -3.500000e+01
      vertex   -1.772593e-01 1.797636e-13 -3.520706e+01
      vertex   1.708490e+00 1.796295e-13 -3.566855e+01
    endloop
  endfacet
  facet normal -1.633448e-15 -1.000000e+00 -6.384059e-15
    outer loop
      vertex   1.708490e+00 1.796295e-13 -3.566855e+01
      vertex   -1.772593e-01 1.797636e-13 -3.520706e+01
      vertex   -2.571797e-01 1.811259e-13 -3.540000e+01
    endloop
  endfacet
  facet normal -1.528251e-15 -1.000000e+00 -5.614052e-15
    outer loop
      vertex   1.708490e+00 1.796295e-13 -3.566855e+01
      vertex   -2.571797e-01 1.811259e-13 -3.540000e+01
      vertex   -3.843146e-01 1.822504e-13 -3.556569e+01
    endloop
  endfacet
  facet normal -1.647051e-15 -1.000000e+00 -8.031183e-15
    outer loop
      vertex   1.708490e+00 1.796295e-13 -3.566855e+01
      vertex   -3.843146e-01 1.822504e-13 -3.556569e+01
      vertex   1.882183e+00 1.845495e-13 -3.631678e+01
    endloop
  endfacet
  facet normal -7.660456e-16 -1.000000e+00 -5.372656e-15
    outer loop
      vertex   1.882183e+00 1.845495e-13 -3.631678e+01
      vertex   -3.843146e-01 1.822504e-13 -3.556569e+01
      vertex   -5.500000e-01 1.830604e-13 -3.569282e+01
    endloop
  endfacet
  facet normal -4.946765e-16 -1.000000e+00 -4.314861e-15
    outer loop
      vertex   1.882183e+00 1.845495e-13 -3.631678e+01
      vertex   -5.500000e-01 1.830604e-13 -3.569282e+01
      vertex   -7.429448e-01 1.835007e-13 -3.577274e+01
    endloop
  endfacet
  facet normal -1.334221e-15 -1.000000e+00 -8.365894e-15
    outer loop
      vertex   1.882183e+00 1.845495e-13 -3.631678e+01
      vertex   -7.429448e-01 1.835007e-13 -3.577274e+01
      vertex   2.165802e+00 1.892594e-13 -3.692500e+01
    endloop
  endfacet
  facet normal 3.466725e-16 -1.000000e+00 -4.122671e-15
    outer loop
      vertex   2.165802e+00 1.892594e-13 -3.692500e+01
      vertex   -7.429448e-01 1.835007e-13 -3.577274e+01
      vertex   -9.500000e-01 1.835413e-13 -3.580000e+01
    endloop
  endfacet
  facet normal -1.373529e-15 -1.000000e+00 -8.886945e-15
    outer loop
      vertex   2.165802e+00 1.892594e-13 -3.692500e+01
      vertex   -9.500000e-01 1.835413e-13 -3.580000e+01
      vertex   2.550729e+00 1.936162e-13 -3.747473e+01
    endloop
  endfacet
  facet normal 1.318465e-15 -1.000000e+00 -3.259812e-15
    outer loop
      vertex   2.550729e+00 1.936162e-13 -3.747473e+01
      vertex   -9.500000e-01 1.835413e-13 -3.580000e+01
      vertex   -1.157055e+00 1.831794e-13 -3.577274e+01
    endloop
  endfacet
  facet normal -1.718863e-15 -1.000000e+00 -9.876622e-15
    outer loop
      vertex   2.550729e+00 1.936162e-13 -3.747473e+01
      vertex   -1.157055e+00 1.831794e-13 -3.577274e+01
      vertex   3.025268e+00 1.974873e-13 -3.794927e+01
    endloop
  endfacet
  facet normal -1.584621e-15 -1.000000e+00 -9.618670e-15
    outer loop
      vertex   3.025268e+00 1.974873e-13 -3.794927e+01
      vertex   -1.157055e+00 1.831794e-13 -3.577274e+01
      vertex   4.807180e+00 2.629633e-13 -4.505000e+01
    endloop
  endfacet
  facet normal -6.210574e-16 -1.000000e+00 -9.376866e-15
    outer loop
      vertex   3.025268e+00 1.974873e-13 -3.794927e+01
      vertex   4.807180e+00 2.629633e-13 -4.505000e+01
      vertex   3.575000e+00 2.007553e-13 -3.833420e+01
    endloop
  endfacet
  facet normal 2.604326e-15 -1.000000e+00 -8.785090e-15
    outer loop
      vertex   3.575000e+00 2.007553e-13 -3.833420e+01
      vertex   4.807180e+00 2.629633e-13 -4.505000e+01
      vertex   4.934315e+00 2.618388e-13 -4.488431e+01
    endloop
  endfacet
  facet normal -1.445132e-16 -1.000000e+00 -9.355543e-15
    outer loop
      vertex   3.575000e+00 2.007553e-13 -3.833420e+01
      vertex   4.934315e+00 2.618388e-13 -4.488431e+01
      vertex   4.183222e+00 2.033209e-13 -3.861782e+01
    endloop
  endfacet
  facet normal 2.085074e-15 -1.000000e+00 -9.088308e-15
    outer loop
      vertex   4.183222e+00 2.033209e-13 -3.861782e+01
      vertex   4.934315e+00 2.618388e-13 -4.488431e+01
      vertex   5.100000e+00 2.610288e-13 -4.475718e+01
    endloop
  endfacet
  facet normal 2.449350e-16 -1.000000e+00 -9.363092e-15
    outer loop
      vertex   4.183222e+00 2.033209e-13 -3.861782e+01
      vertex   5.100000e+00 2.610288e-13 -4.475718e+01
      vertex   4.831455e+00 2.051059e-13 -3.879151e+01
    endloop
  endfacet
  facet normal 1.571632e-15 -1.000000e+00 -9.303371e-15
    outer loop
      vertex   4.831455e+00 2.051059e-13 -3.879151e+01
      vertex   5.100000e+00 2.610288e-13 -4.475718e+01
      vertex   5.292945e+00 2.605885e-13 -4.467726e+01
    endloop
  endfacet
  facet normal 6.010126e-16 -1.000000e+00 -9.379475e-15
    outer loop
      vertex   4.831455e+00 2.051059e-13 -3.879151e+01
      vertex   5.292945e+00 2.605885e-13 -4.467726e+01
      vertex   5.500000e+00 2.060563e-13 -3.885000e+01
    endloop
  endfacet
  facet normal 1.040801e-15 -1.000000e+00 -9.395102e-15
    outer loop
      vertex   5.500000e+00 2.060563e-13 -3.885000e+01
      vertex   5.292945e+00 2.605885e-13 -4.467726e+01
      vertex   5.500000e+00 2.605479e-13 -4.465000e+01
    endloop
  endfacet
  facet normal 5.107386e-16 -1.000000e+00 -9.395102e-15
    outer loop
      vertex   5.500000e+00 2.060563e-13 -3.885000e+01
      vertex   5.500000e+00 2.605479e-13 -4.465000e+01
      vertex   5.707055e+00 2.609098e-13 -4.467726e+01
    endloop
  endfacet
  facet normal 1.456134e-15 -1.000000e+00 -7.663806e-15
    outer loop
      vertex   4.807180e+00 2.629633e-13 -4.505000e+01
      vertex   -1.157055e+00 1.831794e-13 -3.577274e+01
      vertex   4.727259e+00 2.643256e-13 -4.524294e+01
    endloop
  endfacet
  facet normal 3.827891e-16 -1.000000e+00 -8.330729e-15
    outer loop
      vertex   4.727259e+00 2.643256e-13 -4.524294e+01
      vertex   -1.157055e+00 1.831794e-13 -3.577274e+01
      vertex   -1.350000e+00 1.824398e-13 -3.569282e+01
    endloop
  endfacet
  facet normal -2.217278e-15 -1.000000e+00 -9.985292e-15
    outer loop
      vertex   4.727259e+00 2.643256e-13 -4.524294e+01
      vertex   -1.350000e+00 1.824398e-13 -3.569282e+01
      vertex   4.700000e+00 2.664535e-13 -4.545000e+01
    endloop
  endfacet
  facet normal 1.853958e-15 -1.000000e+00 -7.460897e-15
    outer loop
      vertex   4.700000e+00 2.664535e-13 -4.545000e+01
      vertex   -1.350000e+00 1.824398e-13 -3.569282e+01
      vertex   -7.000000e+00 3.197442e-13 -5.550000e+01
    endloop
  endfacet
  facet normal -6.295424e-16 -1.000000e+00 -4.569658e-15
    outer loop
      vertex   4.700000e+00 2.664535e-13 -4.545000e+01
      vertex   -7.000000e+00 3.197442e-13 -5.550000e+01
      vertex   4.727259e+00 2.673825e-13 -4.565706e+01
    endloop
  endfacet
  facet normal 1.484510e-15 -1.000000e+00 -7.088420e-15
    outer loop
      vertex   4.727259e+00 2.673825e-13 -4.565706e+01
      vertex   -7.000000e+00 3.197442e-13 -5.550000e+01
      vertex   4.807180e+00 2.688689e-13 -4.585000e+01
    endloop
  endfacet
  facet normal 1.358803e-15 -1.000000e+00 -6.934612e-15
    outer loop
      vertex   4.807180e+00 2.688689e-13 -4.585000e+01
      vertex   -7.000000e+00 3.197442e-13 -5.550000e+01
      vertex   4.934315e+00 2.701906e-13 -4.601569e+01
    endloop
  endfacet
  facet normal 1.236827e-15 -1.000000e+00 -6.781128e-15
    outer loop
      vertex   4.934315e+00 2.701906e-13 -4.601569e+01
      vertex   -7.000000e+00 3.197442e-13 -5.550000e+01
      vertex   5.100000e+00 2.712576e-13 -4.614282e+01
    endloop
  endfacet
  facet normal 2.436698e-30 -1.000000e+00 -5.181756e-15
    outer loop
      vertex   5.100000e+00 2.712576e-13 -4.614282e+01
      vertex   -7.000000e+00 3.197442e-13 -5.550000e+01
      vertex   8.500000e+00 3.197442e-13 -5.550000e+01
    endloop
  endfacet
  facet normal 1.986052e-15 -1.000000e+00 -4.460109e-15
    outer loop
      vertex   5.100000e+00 2.712576e-13 -4.614282e+01
      vertex   8.500000e+00 3.197442e-13 -5.550000e+01
      vertex   5.292945e+00 2.719973e-13 -4.622274e+01
    endloop
  endfacet
  facet normal 1.121077e-15 -1.000000e+00 -4.759122e-15
    outer loop
      vertex   5.292945e+00 2.719973e-13 -4.622274e+01
      vertex   8.500000e+00 3.197442e-13 -5.550000e+01
      vertex   5.500000e+00 2.723591e-13 -4.625000e+01
    endloop
  endfacet
  facet normal 4.587433e-16 -1.000000e+00 -4.973933e-15
    outer loop
      vertex   5.500000e+00 2.723591e-13 -4.625000e+01
      vertex   8.500000e+00 3.197442e-13 -5.550000e+01
      vertex   5.707055e+00 2.723185e-13 -4.622274e+01
    endloop
  endfacet
  facet normal -1.462383e-16 -1.000000e+00 -5.156065e-15
    outer loop
      vertex   5.707055e+00 2.723185e-13 -4.622274e+01
      vertex   8.500000e+00 3.197442e-13 -5.550000e+01
      vertex   5.900000e+00 2.718782e-13 -4.614282e+01
    endloop
  endfacet
  facet normal 2.241524e-14 -1.000000e+00 1.112901e-15
    outer loop
      vertex   5.900000e+00 2.718782e-13 -4.614282e+01
      vertex   8.500000e+00 3.197442e-13 -5.550000e+01
      vertex   9.404025e+00 3.400690e-13 -5.544532e+01
    endloop
  endfacet
  facet normal 7.798826e-16 -1.000000e+00 -7.036613e-15
    outer loop
      vertex   5.900000e+00 2.718782e-13 -4.614282e+01
      vertex   9.404025e+00 3.400690e-13 -5.544532e+01
      vertex   1.029487e+01 3.396150e-13 -5.528206e+01
    endloop
  endfacet
  facet normal 9.197104e-16 -1.000000e+00 -7.194403e-15
    outer loop
      vertex   -1.350000e+00 1.824398e-13 -3.569282e+01
      vertex   -1.515685e+00 1.813727e-13 -3.556569e+01
      vertex   -7.000000e+00 3.197442e-13 -5.550000e+01
    endloop
  endfacet
  facet normal -1.059090e-16 -1.000000e+00 -6.777243e-15
    outer loop
      vertex   1.600000e+01 8.881784e-14 -2.200000e+01
      vertex   7.974732e+00 1.577840e-13 -3.205073e+01
      vertex   1.215706e+01 1.720919e-13 -3.422726e+01
    endloop
  endfacet
  facet normal -1.718863e-15 -1.000000e+00 -9.876622e-15
    outer loop
      vertex   1.215706e+01 1.720919e-13 -3.422726e+01
      vertex   7.974732e+00 1.577840e-13 -3.205073e+01
      vertex   8.449271e+00 1.616552e-13 -3.252527e+01
    endloop
  endfacet
  facet normal 1.318465e-15 -1.000000e+00 -3.259812e-15
    outer loop
      vertex   1.215706e+01 1.720919e-13 -3.422726e+01
      vertex   8.449271e+00 1.616552e-13 -3.252527e+01
      vertex   1.195000e+01 1.717301e-13 -3.420000e+01
    endloop
  endfacet
  facet normal -1.373529e-15 -1.000000e+00 -8.886945e-15
    outer loop
      vertex   1.195000e+01 1.717301e-13 -3.420000e+01
      vertex   8.449271e+00 1.616552e-13 -3.252527e+01
      vertex   8.834198e+00 1.660119e-13 -3.307500e+01
    endloop
  endfacet
  facet normal 3.466725e-16 -1.000000e+00 -4.122671e-15
    outer loop
      vertex   1.195000e+01 1.717301e-13 -3.420000e+01
      vertex   8.834198e+00 1.660119e-13 -3.307500e+01
      vertex   1.174294e+01 1.717707e-13 -3.422726e+01
    endloop
  endfacet
  facet normal -1.334221e-15 -1.000000e+00 -8.365894e-15
    outer loop
      vertex   1.174294e+01 1.717707e-13 -3.422726e+01
      vertex   8.834198e+00 1.660119e-13 -3.307500e+01
      vertex   9.117817e+00 1.707218e-13 -3.368322e+01
    endloop
  endfacet
  facet normal -4.946765e-16 -1.000000e+00 -4.314861e-15
    outer loop
      vertex   1.174294e+01 1.717707e-13 -3.422726e+01
      vertex   9.117817e+00 1.707218e-13 -3.368322e+01
      vertex   1.155000e+01 1.722110e-13 -3.430718e+01
    endloop
  endfacet
  facet normal -7.660456e-16 -1.000000e+00 -5.372656e-15
    outer loop
      vertex   1.155000e+01 1.722110e-13 -3.430718e+01
      vertex   9.117817e+00 1.707218e-13 -3.368322e+01
      vertex   1.138431e+01 1.730210e-13 -3.443431e+01
    endloop
  endfacet
  facet normal -1.647051e-15 -1.000000e+00 -8.031183e-15
    outer loop
      vertex   1.138431e+01 1.730210e-13 -3.443431e+01
      vertex   9.117817e+00 1.707218e-13 -3.368322e+01
      vertex   9.291510e+00 1.756418e-13 -3.433145e+01
    endloop
  endfacet
  facet normal -1.528251e-15 -1.000000e+00 -5.614052e-15
    outer loop
      vertex   1.138431e+01 1.730210e-13 -3.443431e+01
      vertex   9.291510e+00 1.756418e-13 -3.433145e+01
      vertex   1.125718e+01 1.741454e-13 -3.460000e+01
    endloop
  endfacet
  facet normal -1.633448e-15 -1.000000e+00 -6.384059e-15
    outer loop
      vertex   1.125718e+01 1.741454e-13 -3.460000e+01
      vertex   9.291510e+00 1.756418e-13 -3.433145e+01
      vertex   1.117726e+01 1.755077e-13 -3.479294e+01
    endloop
  endfacet
  facet normal -1.935721e-15 -1.000000e+00 -7.619214e-15
    outer loop
      vertex   1.117726e+01 1.755077e-13 -3.479294e+01
      vertex   9.291510e+00 1.756418e-13 -3.433145e+01
      vertex   9.350000e+00 1.806224e-13 -3.500000e+01
    endloop
  endfacet
  facet normal -1.659286e-15 -1.000000e+00 -1.005875e-14
    outer loop
      vertex   1.117726e+01 1.755077e-13 -3.479294e+01
      vertex   9.350000e+00 1.806224e-13 -3.500000e+01
      vertex   1.115000e+01 1.776357e-13 -3.500000e+01
    endloop
  endfacet
  facet normal -1.659286e-15 -1.000000e+00 -4.705226e-15
    outer loop
      vertex   1.115000e+01 1.776357e-13 -3.500000e+01
      vertex   9.350000e+00 1.806224e-13 -3.500000e+01
      vertex   1.117726e+01 1.785647e-13 -3.520706e+01
    endloop
  endfacet
  facet normal -1.935721e-15 -1.000000e+00 -7.144765e-15
    outer loop
      vertex   1.117726e+01 1.785647e-13 -3.520706e+01
      vertex   9.350000e+00 1.806224e-13 -3.500000e+01
      vertex   9.291510e+00 1.855122e-13 -3.566855e+01
    endloop
  endfacet
  facet normal -1.633448e-15 -1.000000e+00 -8.379920e-15
    outer loop
      vertex   1.117726e+01 1.785647e-13 -3.520706e+01
      vertex   9.291510e+00 1.855122e-13 -3.566855e+01
      vertex   1.125718e+01 1.800510e-13 -3.540000e+01
    endloop
  endfacet
  facet normal -1.528251e-15 -1.000000e+00 -9.149927e-15
    outer loop
      vertex   1.125718e+01 1.800510e-13 -3.540000e+01
      vertex   9.291510e+00 1.855122e-13 -3.566855e+01
      vertex   1.138431e+01 1.813727e-13 -3.556569e+01
    endloop
  endfacet
  facet normal -1.647051e-15 -1.000000e+00 -6.732796e-15
    outer loop
      vertex   1.138431e+01 1.813727e-13 -3.556569e+01
      vertex   9.291510e+00 1.855122e-13 -3.566855e+01
      vertex   9.117817e+00 1.901627e-13 -3.631678e+01
    endloop
  endfacet
  facet normal -7.660456e-16 -1.000000e+00 -9.391323e-15
    outer loop
      vertex   1.138431e+01 1.813727e-13 -3.556569e+01
      vertex   9.117817e+00 1.901627e-13 -3.631678e+01
      vertex   1.155000e+01 1.824398e-13 -3.569282e+01
    endloop
  endfacet
  facet normal -4.946765e-16 -1.000000e+00 -1.044912e-14
    outer loop
      vertex   1.155000e+01 1.824398e-13 -3.569282e+01
      vertex   9.117817e+00 1.901627e-13 -3.631678e+01
      vertex   1.174294e+01 1.831794e-13 -3.577274e+01
    endloop
  endfacet
  facet normal -1.334221e-15 -1.000000e+00 -6.398085e-15
    outer loop
      vertex   1.174294e+01 1.831794e-13 -3.577274e+01
      vertex   9.117817e+00 1.901627e-13 -3.631678e+01
      vertex   8.834198e+00 1.944326e-13 -3.692500e+01
    endloop
  endfacet
  facet normal 3.466725e-16 -1.000000e+00 -1.064131e-14
    outer loop
      vertex   1.174294e+01 1.831794e-13 -3.577274e+01
      vertex   8.834198e+00 1.944326e-13 -3.692500e+01
      vertex   1.195000e+01 1.835413e-13 -3.580000e+01
    endloop
  endfacet
  facet normal -1.373529e-15 -1.000000e+00 -5.877034e-15
    outer loop
      vertex   1.195000e+01 1.835413e-13 -3.580000e+01
      vertex   8.834198e+00 1.944326e-13 -3.692500e+01
      vertex   8.449271e+00 1.981921e-13 -3.747473e+01
    endloop
  endfacet
  facet normal 1.318465e-15 -1.000000e+00 -1.150417e-14
    outer loop
      vertex   1.195000e+01 1.835413e-13 -3.580000e+01
      vertex   8.449271e+00 1.981921e-13 -3.747473e+01
      vertex   1.215706e+01 1.835007e-13 -3.577274e+01
    endloop
  endfacet
  facet normal -1.718863e-15 -1.000000e+00 -4.887357e-15
    outer loop
      vertex   1.215706e+01 1.835007e-13 -3.577274e+01
      vertex   8.449271e+00 1.981921e-13 -3.747473e+01
      vertex   7.974732e+00 2.013270e-13 -3.794927e+01
    endloop
  endfacet
  facet normal -6.288400e-16 -1.000000e+00 -6.981896e-15
    outer loop
      vertex   1.215706e+01 1.835007e-13 -3.577274e+01
      vertex   7.974732e+00 2.013270e-13 -3.794927e+01
      vertex   1.600000e+01 2.664535e-13 -4.800000e+01
    endloop
  endfacet
  facet normal -2.241111e-15 -1.000000e+00 -8.269256e-15
    outer loop
      vertex   1.600000e+01 2.664535e-13 -4.800000e+01
      vertex   7.974732e+00 2.013270e-13 -3.794927e+01
      vertex   6.192820e+00 2.640382e-13 -4.505000e+01
    endloop
  endfacet
  facet normal -2.365625e-15 -1.000000e+00 -8.683198e-15
    outer loop
      vertex   1.600000e+01 2.664535e-13 -4.800000e+01
      vertex   6.192820e+00 2.640382e-13 -4.505000e+01
      vertex   6.272741e+00 2.655245e-13 -4.524294e+01
    endloop
  endfacet
  facet normal 2.172597e-15 -1.000000e+00 -9.376866e-15
    outer loop
      vertex   7.974732e+00 2.013270e-13 -3.794927e+01
      vertex   7.425000e+00 2.037421e-13 -3.833420e+01
      vertex   6.192820e+00 2.640382e-13 -4.505000e+01
    endloop
  endfacet
  facet normal -1.052786e-15 -1.000000e+00 -8.785090e-15
    outer loop
      vertex   6.192820e+00 2.640382e-13 -4.505000e+01
      vertex   7.425000e+00 2.037421e-13 -3.833420e+01
      vertex   6.065685e+00 2.627165e-13 -4.488431e+01
    endloop
  endfacet
  facet normal 1.696053e-15 -1.000000e+00 -9.355543e-15
    outer loop
      vertex   6.065685e+00 2.627165e-13 -4.488431e+01
      vertex   7.425000e+00 2.037421e-13 -3.833420e+01
      vertex   6.816778e+00 2.053639e-13 -3.861782e+01
    endloop
  endfacet
  facet normal -5.335346e-16 -1.000000e+00 -9.088308e-15
    outer loop
      vertex   6.065685e+00 2.627165e-13 -4.488431e+01
      vertex   6.816778e+00 2.053639e-13 -3.861782e+01
      vertex   5.900000e+00 2.616494e-13 -4.475718e+01
    endloop
  endfacet
  facet normal 1.306605e-15 -1.000000e+00 -9.363092e-15
    outer loop
      vertex   5.900000e+00 2.616494e-13 -4.475718e+01
      vertex   6.816778e+00 2.053639e-13 -3.861782e+01
      vertex   6.168545e+00 2.061432e-13 -3.879151e+01
    endloop
  endfacet
  facet normal -2.009229e-17 -1.000000e+00 -9.303371e-15
    outer loop
      vertex   5.900000e+00 2.616494e-13 -4.475718e+01
      vertex   6.168545e+00 2.061432e-13 -3.879151e+01
      vertex   5.707055e+00 2.609098e-13 -4.467726e+01
    endloop
  endfacet
  facet normal 9.505273e-16 -1.000000e+00 -9.379475e-15
    outer loop
      vertex   5.707055e+00 2.609098e-13 -4.467726e+01
      vertex   6.168545e+00 2.061432e-13 -3.879151e+01
      vertex   5.500000e+00 2.060563e-13 -3.885000e+01
    endloop
  endfacet
  facet normal -2.104285e-15 -1.000000e+00 -7.761156e-15
    outer loop
      vertex   6.272741e+00 2.655245e-13 -4.524294e+01
      vertex   6.300000e+00 2.670741e-13 -4.545000e+01
      vertex   1.600000e+01 2.664535e-13 -4.800000e+01
    endloop
  endfacet
  facet normal -1.911598e-15 -1.000000e+00 -7.028191e-15
    outer loop
      vertex   1.600000e+01 2.664535e-13 -4.800000e+01
      vertex   6.300000e+00 2.670741e-13 -4.545000e+01
      vertex   6.272741e+00 2.685815e-13 -4.565706e+01
    endloop
  endfacet
  facet normal -1.745292e-15 -1.000000e+00 -6.337732e-15
    outer loop
      vertex   1.600000e+01 2.664535e-13 -4.800000e+01
      vertex   6.272741e+00 2.685815e-13 -4.565706e+01
      vertex   6.192820e+00 2.699438e-13 -4.585000e+01
    endloop
  endfacet
  facet normal -7.711283e-15 -1.000000e+00 -3.355148e-14
    outer loop
      vertex   1.600000e+01 2.664535e-13 -4.800000e+01
      vertex   6.192820e+00 2.699438e-13 -4.585000e+01
      vertex   1.594532e+01 2.972066e-13 -4.890403e+01
    endloop
  endfacet
  facet normal 5.403451e-16 -1.000000e+00 -7.201342e-15
    outer loop
      vertex   1.594532e+01 2.972066e-13 -4.890403e+01
      vertex   6.192820e+00 2.699438e-13 -4.585000e+01
      vertex   6.065685e+00 2.710683e-13 -4.601569e+01
    endloop
  endfacet
  facet normal 5.010919e-16 -1.000000e+00 -7.335608e-15
    outer loop
      vertex   1.594532e+01 2.972066e-13 -4.890403e+01
      vertex   6.065685e+00 2.710683e-13 -4.601569e+01
      vertex   1.578206e+01 3.036596e-13 -4.979487e+01
    endloop
  endfacet
  facet normal 5.164616e-16 -1.000000e+00 -7.296092e-15
    outer loop
      vertex   1.578206e+01 3.036596e-13 -4.979487e+01
      vertex   6.065685e+00 2.710683e-13 -4.601569e+01
      vertex   1.551262e+01 3.098292e-13 -5.065954e+01
    endloop
  endfacet
  facet normal 5.348414e-16 -1.000000e+00 -7.258702e-15
    outer loop
      vertex   1.551262e+01 3.098292e-13 -5.065954e+01
      vertex   6.065685e+00 2.710683e-13 -4.601569e+01
      vertex   1.514092e+01 3.156253e-13 -5.148542e+01
    endloop
  endfacet
  facet normal 5.992139e-16 -1.000000e+00 -7.151897e-15
    outer loop
      vertex   1.514092e+01 3.156253e-13 -5.148542e+01
      vertex   6.065685e+00 2.710683e-13 -4.601569e+01
      vertex   5.900000e+00 2.718782e-13 -4.614282e+01
    endloop
  endfacet
  facet normal 5.573931e-16 -1.000000e+00 -7.224233e-15
    outer loop
      vertex   1.514092e+01 3.156253e-13 -5.148542e+01
      vertex   5.900000e+00 2.718782e-13 -4.614282e+01
      vertex   1.467238e+01 3.209633e-13 -5.226049e+01
    endloop
  endfacet
  facet normal 5.807034e-16 -1.000000e+00 -7.190808e-15
    outer loop
      vertex   1.467238e+01 3.209633e-13 -5.226049e+01
      vertex   5.900000e+00 2.718782e-13 -4.614282e+01
      vertex   1.411383e+01 3.257656e-13 -5.297342e+01
    endloop
  endfacet
  facet normal 6.068136e-16 -1.000000e+00 -7.159410e-15
    outer loop
      vertex   1.411383e+01 3.257656e-13 -5.297342e+01
      vertex   5.900000e+00 2.718782e-13 -4.614282e+01
      vertex   1.347342e+01 3.299619e-13 -5.361383e+01
    endloop
  endfacet
  facet normal 6.357145e-16 -1.000000e+00 -7.130113e-15
    outer loop
      vertex   1.347342e+01 3.299619e-13 -5.361383e+01
      vertex   5.900000e+00 2.718782e-13 -4.614282e+01
      vertex   1.276049e+01 3.334912e-13 -5.417238e+01
    endloop
  endfacet
  facet normal 6.674238e-16 -1.000000e+00 -7.103020e-15
    outer loop
      vertex   1.276049e+01 3.334912e-13 -5.417238e+01
      vertex   5.900000e+00 2.718782e-13 -4.614282e+01
      vertex   1.198542e+01 3.363020e-13 -5.464092e+01
    endloop
  endfacet
  facet normal 7.019816e-16 -1.000000e+00 -7.078274e-15
    outer loop
      vertex   1.198542e+01 3.363020e-13 -5.464092e+01
      vertex   5.900000e+00 2.718782e-13 -4.614282e+01
      vertex   1.115954e+01 3.383532e-13 -5.501262e+01
    endloop
  endfacet
  facet normal 7.394451e-16 -1.000000e+00 -7.056059e-15
    outer loop
      vertex   1.115954e+01 3.383532e-13 -5.501262e+01
      vertex   5.900000e+00 2.718782e-13 -4.614282e+01
      vertex   1.029487e+01 3.396150e-13 -5.528206e+01
    endloop
  endfacet
  facet normal 8.958507e-16 -1.000000e+00 -7.092089e-15
    outer loop
      vertex   1.215706e+01 1.720919e-13 -3.422726e+01
      vertex   1.235000e+01 1.728316e-13 -3.430718e+01
      vertex   1.600000e+01 8.881784e-14 -2.200000e+01
    endloop
  endfacet
  facet normal 9.792413e-16 -1.000000e+00 -7.116820e-15
    outer loop
      vertex   1.600000e+01 8.881784e-14 -2.200000e+01
      vertex   1.235000e+01 1.728316e-13 -3.430718e+01
      vertex   1.251569e+01 1.738986e-13 -3.443431e+01
    endloop
  endfacet
  facet normal 1.083332e-15 -1.000000e+00 -7.145989e-15
    outer loop
      vertex   1.600000e+01 8.881784e-14 -2.200000e+01
      vertex   1.251569e+01 1.738986e-13 -3.443431e+01
      vertex   1.264282e+01 1.752204e-13 -3.460000e+01
    endloop
  endfacet
  facet normal 1.242891e-15 -1.000000e+00 -7.188502e-15
    outer loop
      vertex   1.264282e+01 1.752204e-13 -3.460000e+01
      vertex   1.272274e+01 1.767067e-13 -3.479294e+01
      vertex   1.600000e+01 8.881784e-14 -2.200000e+01
    endloop
  endfacet
  facet normal 1.583221e-15 -1.000000e+00 -7.275687e-15
    outer loop
      vertex   1.600000e+01 8.881784e-14 -2.200000e+01
      vertex   1.272274e+01 1.767067e-13 -3.479294e+01
      vertex   1.275000e+01 1.782563e-13 -3.500000e+01
    endloop
  endfacet
  facet normal -1.909587e-16 -1.000000e+00 -6.832142e-15
    outer loop
      vertex   1.600000e+01 8.881784e-14 -2.200000e+01
      vertex   1.275000e+01 1.782563e-13 -3.500000e+01
      vertex   1.600000e+01 2.664535e-13 -4.800000e+01
    endloop
  endfacet
  facet normal -1.298185e-15 -1.000000e+00 -7.108948e-15
    outer loop
      vertex   1.600000e+01 2.664535e-13 -4.800000e+01
      vertex   1.275000e+01 1.782563e-13 -3.500000e+01
      vertex   1.272274e+01 1.797636e-13 -3.520706e+01
    endloop
  endfacet
  facet normal -4.240394e-16 -1.000000e+00 -6.885012e-15
    outer loop
      vertex   1.600000e+01 2.664535e-13 -4.800000e+01
      vertex   1.272274e+01 1.797636e-13 -3.520706e+01
      vertex   1.264282e+01 1.811259e-13 -3.540000e+01
    endloop
  endfacet
  facet normal -1.421049e-17 -1.000000e+00 -6.775816e-15
    outer loop
      vertex   1.264282e+01 1.811259e-13 -3.540000e+01
      vertex   1.251569e+01 1.822504e-13 -3.556569e+01
      vertex   1.600000e+01 2.664535e-13 -4.800000e+01
    endloop
  endfacet
  facet normal 2.531494e-16 -1.000000e+00 -6.700897e-15
    outer loop
      vertex   1.600000e+01 2.664535e-13 -4.800000e+01
      vertex   1.251569e+01 1.822504e-13 -3.556569e+01
      vertex   1.235000e+01 1.830604e-13 -3.569282e+01
    endloop
  endfacet
  facet normal 4.673400e-16 -1.000000e+00 -6.637374e-15
    outer loop
      vertex   1.600000e+01 2.664535e-13 -4.800000e+01
      vertex   1.235000e+01 1.830604e-13 -3.569282e+01
      vertex   1.215706e+01 1.835007e-13 -3.577274e+01
    endloop
  endfacet
  facet normal 1.850475e-15 -1.000000e+00 -3.947460e-15
    outer loop
      vertex   -7.000000e+00 1.776357e-14 -1.450000e+01
      vertex   -7.000000e+00 0.000000e+00 -1.000000e+01
      vertex   -2.550298e+01 0.000000e+00 -1.867375e+01
    endloop
  endfacet
  facet normal 0.000000e+00 -1.000000e+00 0.000000e+00
    outer loop
      vertex   -2.550298e+01 0.000000e+00 -1.867375e+01
      vertex   -7.000000e+00 0.000000e+00 -1.000000e+01
      vertex   -1.200000e+01 0.000000e+00 -5.000000e+00
    endloop
  endfacet
  facet normal 0.000000e+00 -1.000000e+00 0.000000e+00
    outer loop
      vertex   -2.550298e+01 0.000000e+00 -1.867375e+01
      vertex   -1.200000e+01 0.000000e+00 -5.000000e+00
      vertex   -2.586387e+01 0.000000e+00 -1.835403e+01
    endloop
  endfacet
  facet normal 0.000000e+00 -1.000000e+00 0.000000e+00
    outer loop
      vertex   -2.586387e+01 0.000000e+00 -1.835403e+01
      vertex   -1.200000e+01 0.000000e+00 -5.000000e+00
      vertex   -2.629079e+01 0.000000e+00 -1.812997e+01
    endloop
  endfacet
  facet normal 0.000000e+00 -1.000000e+00 0.000000e+00
    outer loop
      vertex   -2.629079e+01 0.000000e+00 -1.812997e+01
      vertex   -1.200000e+01 0.000000e+00 -5.000000e+00
      vertex   -3.200000e+01 0.000000e+00 -5.000000e+00
    endloop
  endfacet
  facet normal 0.000000e+00 -1.000000e+00 0.000000e+00
    outer loop
      vertex   -2.629079e+01 0.000000e+00 -1.812997e+01
      vertex   -3.200000e+01 0.000000e+00 -5.000000e+00
      vertex   -2.675893e+01 0.000000e+00 -1.801458e+01
    endloop
  endfacet
  facet normal 0.000000e+00 -1.000000e+00 0.000000e+00
    outer loop
      vertex   -2.675893e+01 0.000000e+00 -1.801458e+01
      vertex   -3.200000e+01 0.000000e+00 -5.000000e+00
      vertex   -2.724107e+01 0.000000e+00 -1.801458e+01
    endloop
  endfacet
  facet normal -0.000000e+00 -1.000000e+00 0.000000e+00
    outer loop
      vertex   -2.724107e+01 0.000000e+00 -1.801458e+01
      vertex   -3.200000e+01 0.000000e+00 -5.000000e+00
      vertex   -2.770921e+01 0.000000e+00 -1.812997e+01
    endloop
  endfacet
  facet normal -0.000000e+00 -1.000000e+00 0.000000e+00
    outer loop
      vertex   -2.770921e+01 0.000000e+00 -1.812997e+01
      vertex   -3.200000e+01 0.000000e+00 -5.000000e+00
      vertex   -2.813613e+01 0.000000e+00 -1.835403e+01
    endloop
  endfacet
  facet normal -0.000000e+00 -1.000000e+00 0.000000e+00
    outer loop
      vertex   -2.813613e+01 0.000000e+00 -1.835403e+01
      vertex   -3.200000e+01 0.000000e+00 -5.000000e+00
      vertex   -2.849702e+01 0.000000e+00 -1.867375e+01
    endloop
  endfacet
  facet normal -0.000000e+00 -1.000000e+00 0.000000e+00
    outer loop
      vertex   -2.849702e+01 0.000000e+00 -1.867375e+01
      vertex   -3.200000e+01 0.000000e+00 -5.000000e+00
      vertex   -4.750000e+01 0.000000e+00 -2.050000e+01
    endloop
  endfacet
  facet normal 0.000000e+00 -1.000000e+00 0.000000e+00
    outer loop
      vertex   -2.849702e+01 0.000000e+00 -1.867375e+01
      vertex   -4.750000e+01 0.000000e+00 -2.050000e+01
      vertex   -2.877091e+01 0.000000e+00 -1.907055e+01
    endloop
  endfacet
  facet normal 0.000000e+00 -1.000000e+00 0.000000e+00
    outer loop
      vertex   -2.877091e+01 0.000000e+00 -1.907055e+01
      vertex   -4.750000e+01 0.000000e+00 -2.050000e+01
      vertex   -2.894188e+01 0.000000e+00 -1.952137e+01
    endloop
  endfacet
  facet normal 0.000000e+00 -1.000000e+00 0.000000e+00
    outer loop
      vertex   -2.894188e+01 0.000000e+00 -1.952137e+01
      vertex   -4.750000e+01 0.000000e+00 -2.050000e+01
      vertex   -2.900000e+01 0.000000e+00 -2.000000e+01
    endloop
  endfacet
  facet normal 0.000000e+00 -1.000000e+00 -0.000000e+00
    outer loop
      vertex   -2.900000e+01 0.000000e+00 -2.000000e+01
      vertex   -4.750000e+01 0.000000e+00 -2.050000e+01
      vertex   -2.894188e+01 0.000000e+00 -2.047863e+01
    endloop
  endfacet
  facet normal 0.000000e+00 -1.000000e+00 -0.000000e+00
    outer loop
      vertex   -2.894188e+01 0.000000e+00 -2.047863e+01
      vertex   -4.750000e+01 0.000000e+00 -2.050000e+01
      vertex   -2.877091e+01 0.000000e+00 -2.092945e+01
    endloop
  endfacet
  facet normal -0.000000e+00 -1.000000e+00 0.000000e+00
    outer loop
      vertex   -2.877091e+01 0.000000e+00 -2.092945e+01
      vertex   -4.750000e+01 0.000000e+00 -2.050000e+01
      vertex   -4.805812e+01 0.000000e+00 -2.702137e+01
    endloop
  endfacet
  facet normal 0.000000e+00 -1.000000e+00 -0.000000e+00
    outer loop
      vertex   -2.877091e+01 0.000000e+00 -2.092945e+01
      vertex   -4.805812e+01 0.000000e+00 -2.702137e+01
      vertex   -2.849702e+01 0.000000e+00 -2.132625e+01
    endloop
  endfacet
  facet normal 0.000000e+00 -1.000000e+00 0.000000e+00
    outer loop
      vertex   -2.849702e+01 0.000000e+00 -2.132625e+01
      vertex   -4.805812e+01 0.000000e+00 -2.702137e+01
      vertex   -4.800000e+01 0.000000e+00 -2.750000e+01
    endloop
  endfacet
  facet normal 0.000000e+00 -1.000000e+00 -0.000000e+00
    outer loop
      vertex   -2.849702e+01 0.000000e+00 -2.132625e+01
      vertex   -4.800000e+01 0.000000e+00 -2.750000e+01
      vertex   -2.813613e+01 0.000000e+00 -2.164597e+01
    endloop
  endfacet
  facet normal 0.000000e+00 -1.000000e+00 0.000000e+00
    outer loop
      vertex   -2.813613e+01 0.000000e+00 -2.164597e+01
      vertex   -4.800000e+01 0.000000e+00 -2.750000e+01
      vertex   -4.805812e+01 0.000000e+00 -2.797863e+01
    endloop
  endfacet
  facet normal 0.000000e+00 -1.000000e+00 -0.000000e+00
    outer loop
      vertex   -2.813613e+01 0.000000e+00 -2.164597e+01
      vertex   -4.805812e+01 0.000000e+00 -2.797863e+01
      vertex   -2.770921e+01 0.000000e+00 -2.187003e+01
    endloop
  endfacet
  facet normal 0.000000e+00 -1.000000e+00 0.000000e+00
    outer loop
      vertex   -2.770921e+01 0.000000e+00 -2.187003e+01
      vertex   -4.805812e+01 0.000000e+00 -2.797863e+01
      vertex   -4.822909e+01 0.000000e+00 -2.842945e+01
    endloop
  endfacet
  facet normal 0.000000e+00 -1.000000e+00 0.000000e+00
    outer loop
      vertex   -2.770921e+01 0.000000e+00 -2.187003e+01
      vertex   -4.822909e+01 0.000000e+00 -2.842945e+01
      vertex   -4.822909e+01 0.000000e+00 -4.157055e+01
    endloop
  endfacet
  facet normal 0.000000e+00 -1.000000e+00 0.000000e+00
    outer loop
      vertex   -4.822909e+01 0.000000e+00 -4.157055e+01
      vertex   -4.822909e+01 0.000000e+00 -2.842945e+01
      vertex   -4.850298e+01 0.000000e+00 -4.117375e+01
    endloop
  endfacet
  facet normal 0.000000e+00 -1.000000e+00 0.000000e+00
    outer loop
      vertex   -4.850298e+01 0.000000e+00 -4.117375e+01
      vertex   -4.822909e+01 0.000000e+00 -2.842945e+01
      vertex   -4.850298e+01 0.000000e+00 -2.882625e+01
    endloop
  endfacet
  facet normal 0.000000e+00 -1.000000e+00 0.000000e+00
    outer loop
      vertex   -4.850298e+01 0.000000e+00 -4.117375e+01
      vertex   -4.850298e+01 0.000000e+00 -2.882625e+01
      vertex   -4.886387e+01 0.000000e+00 -4.085403e+01
    endloop
  endfacet
  facet normal 0.000000e+00 -1.000000e+00 0.000000e+00
    outer loop
      vertex   -4.886387e+01 0.000000e+00 -4.085403e+01
      vertex   -4.850298e+01 0.000000e+00 -2.882625e+01
      vertex   -4.886387e+01 0.000000e+00 -2.914597e+01
    endloop
  endfacet
  facet normal 0.000000e+00 -1.000000e+00 0.000000e+00
    outer loop
      vertex   -4.886387e+01 0.000000e+00 -4.085403e+01
      vertex   -4.886387e+01 0.000000e+00 -2.914597e+01
      vertex   -4.929079e+01 0.000000e+00 -4.062997e+01
    endloop
  endfacet
  facet normal 0.000000e+00 -1.000000e+00 0.000000e+00
    outer loop
      vertex   -4.929079e+01 0.000000e+00 -4.062997e+01
      vertex   -4.886387e+01 0.000000e+00 -2.914597e+01
      vertex   -4.929079e+01 0.000000e+00 -2.937003e+01
    endloop
  endfacet
  facet normal 0.000000e+00 -1.000000e+00 0.000000e+00
    outer loop
      vertex   -4.929079e+01 0.000000e+00 -4.062997e+01
      vertex   -4.929079e+01 0.000000e+00 -2.937003e+01
      vertex   -4.975893e+01 0.000000e+00 -4.051458e+01
    endloop
  endfacet
  facet normal 0.000000e+00 -1.000000e+00 0.000000e+00
    outer loop
      vertex   -4.975893e+01 0.000000e+00 -4.051458e+01
      vertex   -4.929079e+01 0.000000e+00 -2.937003e+01
      vertex   -4.975893e+01 0.000000e+00 -2.948542e+01
    endloop
  endfacet
  facet normal 0.000000e+00 -1.000000e+00 0.000000e+00
    outer loop
      vertex   -4.975893e+01 0.000000e+00 -4.051458e+01
      vertex   -4.975893e+01 0.000000e+00 -2.948542e+01
      vertex   -5.024107e+01 0.000000e+00 -4.051458e+01
    endloop
  endfacet
  facet normal 0.000000e+00 -1.000000e+00 0.000000e+00
    outer loop
      vertex   -5.024107e+01 0.000000e+00 -4.051458e+01
      vertex   -4.975893e+01 0.000000e+00 -2.948542e+01
      vertex   -5.024107e+01 0.000000e+00 -2.948542e+01
    endloop
  endfacet
  facet normal -0.000000e+00 -1.000000e+00 0.000000e+00
    outer loop
      vertex   -5.024107e+01 0.000000e+00 -4.051458e+01
      vertex   -5.024107e+01 0.000000e+00 -2.948542e+01
      vertex   -5.070921e+01 0.000000e+00 -4.062997e+01
    endloop
  endfacet
  facet normal 0.000000e+00 -1.000000e+00 0.000000e+00
    outer loop
      vertex   -5.070921e+01 0.000000e+00 -4.062997e+01
      vertex   -5.024107e+01 0.000000e+00 -2.948542e+01
      vertex   -5.070921e+01 0.000000e+00 -2.937003e+01
    endloop
  endfacet
  facet normal -0.000000e+00 -1.000000e+00 0.000000e+00
    outer loop
      vertex   -5.070921e+01 0.000000e+00 -4.062997e+01
      vertex   -5.070921e+01 0.000000e+00 -2.937003e+01
      vertex   -5.113613e+01 0.000000e+00 -4.085403e+01
    endloop
  endfacet
  facet normal 0.000000e+00 -1.000000e+00 0.000000e+00
    outer loop
      vertex   -5.113613e+01 0.000000e+00 -4.085403e+01
      vertex   -5.070921e+01 0.000000e+00 -2.937003e+01
      vertex   -5.113613e+01 0.000000e+00 -2.914597e+01
    endloop
  endfacet
  facet normal -0.000000e+00 -1.000000e+00 0.000000e+00
    outer loop
      vertex   -5.113613e+01 0.000000e+00 -4.085403e+01
      vertex   -5.113613e+01 0.000000e+00 -2.914597e+01
      vertex   -5.149702e+01 0.000000e+00 -4.117375e+01
    endloop
  endfacet
  facet normal 0.000000e+00 -1.000000e+00 0.000000e+00
    outer loop
      vertex   -5.149702e+01 0.000000e+00 -4.117375e+01
      vertex   -5.113613e+01 0.000000e+00 -2.914597e+01
      vertex   -5.149702e+01 0.000000e+00 -2.882625e+01
    endloop
  endfacet
  facet normal -0.000000e+00 -1.000000e+00 0.000000e+00
    outer loop
      vertex   -5.149702e+01 0.000000e+00 -4.117375e+01
      vertex   -5.149702e+01 0.000000e+00 -2.882625e+01
      vertex   -5.700000e+01 0.000000e+00 -4.450000e+01
    endloop
  endfacet
  facet normal 0.000000e+00 -1.000000e+00 0.000000e+00
    outer loop
      vertex   -5.700000e+01 0.000000e+00 -4.450000e+01
      vertex   -5.149702e+01 0.000000e+00 -2.882625e+01
      vertex   -5.700000e+01 0.000000e+00 -2.550000e+01
    endloop
  endfacet
  facet normal 0.000000e+00 -1.000000e+00 0.000000e+00
    outer loop
      vertex   -5.700000e+01 0.000000e+00 -2.550000e+01
      vertex   -5.149702e+01 0.000000e+00 -2.882625e+01
      vertex   -5.177091e+01 0.000000e+00 -2.842945e+01
    endloop
  endfacet
  facet normal 0.000000e+00 -1.000000e+00 0.000000e+00
    outer loop
      vertex   -5.700000e+01 0.000000e+00 -2.550000e+01
      vertex   -5.177091e+01 0.000000e+00 -2.842945e+01
      vertex   -5.194188e+01 0.000000e+00 -2.797863e+01
    endloop
  endfacet
  facet normal 0.000000e+00 -1.000000e+00 0.000000e+00
    outer loop
      vertex   -5.200000e+01 0.000000e+00 -2.050000e+01
      vertex   -4.975893e+01 0.000000e+00 -2.551458e+01
      vertex   -4.750000e+01 0.000000e+00 -2.050000e+01
    endloop
  endfacet
  facet normal 0.000000e+00 -1.000000e+00 0.000000e+00
    outer loop
      vertex   -4.750000e+01 0.000000e+00 -2.050000e+01
      vertex   -4.975893e+01 0.000000e+00 -2.551458e+01
      vertex   -4.929079e+01 0.000000e+00 -2.562997e+01
    endloop
  endfacet
  facet normal 0.000000e+00 -1.000000e+00 0.000000e+00
    outer loop
      vertex   -4.750000e+01 0.000000e+00 -2.050000e+01
      vertex   -4.929079e+01 0.000000e+00 -2.562997e+01
      vertex   -4.886387e+01 0.000000e+00 -2.585403e+01
    endloop
  endfacet
  facet normal 0.000000e+00 -1.000000e+00 0.000000e+00
    outer loop
      vertex   -5.700000e+01 0.000000e+00 -2.550000e+01
      vertex   -5.113613e+01 0.000000e+00 -2.585403e+01
      vertex   -5.200000e+01 0.000000e+00 -2.050000e+01
    endloop
  endfacet
  facet normal 0.000000e+00 -1.000000e+00 0.000000e+00
    outer loop
      vertex   -5.200000e+01 0.000000e+00 -2.050000e+01
      vertex   -5.113613e+01 0.000000e+00 -2.585403e+01
      vertex   -5.070921e+01 0.000000e+00 -2.562997e+01
    endloop
  endfacet
  facet normal 0.000000e+00 -1.000000e+00 0.000000e+00
    outer loop
      vertex   -5.200000e+01 0.000000e+00 -2.050000e+01
      vertex   -5.070921e+01 0.000000e+00 -2.562997e+01
      vertex   -5.024107e+01 0.000000e+00 -2.551458e+01
    endloop
  endfacet
  facet normal 0.000000e+00 -1.000000e+00 0.000000e+00
    outer loop
      vertex   -5.200000e+01 0.000000e+00 -4.950000e+01
      vertex   -5.113613e+01 0.000000e+00 -4.414597e+01
      vertex   -5.700000e+01 0.000000e+00 -4.450000e+01
    endloop
  endfacet
  facet normal 0.000000e+00 -1.000000e+00 0.000000e+00
    outer loop
      vertex   -5.700000e+01 0.000000e+00 -4.450000e+01
      vertex   -5.113613e+01 0.000000e+00 -4.414597e+01
      vertex   -5.149702e+01 0.000000e+00 -4.382625e+01
    endloop
  endfacet
  facet normal 0.000000e+00 -1.000000e+00 0.000000e+00
    outer loop
      vertex   -5.700000e+01 0.000000e+00 -4.450000e+01
      vertex   -5.149702e+01 0.000000e+00 -4.382625e+01
      vertex   -5.177091e+01 0.000000e+00 -4.342945e+01
    endloop
  endfacet
  facet normal 0.000000e+00 -1.000000e+00 0.000000e+00
    outer loop
      vertex   -4.750000e+01 0.000000e+00 -4.950000e+01
      vertex   -4.975893e+01 0.000000e+00 -4.448542e+01
      vertex   -5.200000e+01 0.000000e+00 -4.950000e+01
    endloop
  endfacet
  facet normal 0.000000e+00 -1.000000e+00 0.000000e+00
    outer loop
      vertex   -5.200000e+01 0.000000e+00 -4.950000e+01
      vertex   -4.975893e+01 0.000000e+00 -4.448542e+01
      vertex   -5.024107e+01 0.000000e+00 -4.448542e+01
    endloop
  endfacet
  facet normal 0.000000e+00 -1.000000e+00 0.000000e+00
    outer loop
      vertex   -5.200000e+01 0.000000e+00 -4.950000e+01
      vertex   -5.024107e+01 0.000000e+00 -4.448542e+01
      vertex   -5.070921e+01 0.000000e+00 -4.437003e+01
    endloop
  endfacet
  facet normal 0.000000e+00 -1.000000e+00 0.000000e+00
    outer loop
      vertex   -3.200000e+01 0.000000e+00 -6.500000e+01
      vertex   -2.849702e+01 0.000000e+00 -5.132625e+01
      vertex   -4.750000e+01 0.000000e+00 -4.950000e+01
    endloop
  endfacet
  facet normal 0.000000e+00 -1.000000e+00 0.000000e+00
    outer loop
      vertex   -4.750000e+01 0.000000e+00 -4.950000e+01
      vertex   -2.849702e+01 0.000000e+00 -5.132625e+01
      vertex   -2.877091e+01 0.000000e+00 -5.092945e+01
    endloop
  endfacet
  facet normal 0.000000e+00 -1.000000e+00 0.000000e+00
    outer loop
      vertex   -4.750000e+01 0.000000e+00 -4.950000e+01
      vertex   -2.877091e+01 0.000000e+00 -5.092945e+01
      vertex   -2.894188e+01 0.000000e+00 -5.047863e+01
    endloop
  endfacet
  facet normal 0.000000e+00 -1.000000e+00 0.000000e+00
    outer loop
      vertex   -1.200000e+01 0.000000e+00 -6.500000e+01
      vertex   -2.629079e+01 0.000000e+00 -5.187003e+01
      vertex   -3.200000e+01 0.000000e+00 -6.500000e+01
    endloop
  endfacet
  facet normal 0.000000e+00 -1.000000e+00 0.000000e+00
    outer loop
      vertex   -3.200000e+01 0.000000e+00 -6.500000e+01
      vertex   -2.629079e+01 0.000000e+00 -5.187003e+01
      vertex   -2.675893e+01 0.000000e+00 -5.198542e+01
    endloop
  endfacet
  facet normal 0.000000e+00 -1.000000e+00 0.000000e+00
    outer loop
      vertex   -3.200000e+01 0.000000e+00 -6.500000e+01
      vertex   -2.675893e+01 0.000000e+00 -5.198542e+01
      vertex   -2.724107e+01 0.000000e+00 -5.198542e+01
    endloop
  endfacet
  facet normal -0.000000e+00 -1.000000e+00 0.000000e+00
    outer loop
      vertex   -7.000000e+00 0.000000e+00 -6.000000e+01
      vertex   -2.550298e+01 0.000000e+00 -5.132625e+01
      vertex   -1.200000e+01 0.000000e+00 -6.500000e+01
    endloop
  endfacet
  facet normal 0.000000e+00 -1.000000e+00 0.000000e+00
    outer loop
      vertex   -1.200000e+01 0.000000e+00 -6.500000e+01
      vertex   -2.550298e+01 0.000000e+00 -5.132625e+01
      vertex   -2.586387e+01 0.000000e+00 -5.164597e+01
    endloop
  endfacet
  facet normal 0.000000e+00 -1.000000e+00 0.000000e+00
    outer loop
      vertex   -1.200000e+01 0.000000e+00 -6.500000e+01
      vertex   -2.586387e+01 0.000000e+00 -5.164597e+01
      vertex   -2.629079e+01 0.000000e+00 -5.187003e+01
    endloop
  endfacet
  facet normal 3.330855e-14 -1.000000e+00 7.105427e-14
    outer loop
      vertex   -7.000000e+00 0.000000e+00 -6.000000e+01
      vertex   -7.000000e+00 3.197442e-13 -5.550000e+01
      vertex   -2.550298e+01 0.000000e+00 -5.132625e+01
    endloop
  endfacet
  facet normal 1.495256e-14 -1.000000e+00 -1.032101e-14
    outer loop
      vertex   -2.550298e+01 0.000000e+00 -5.132625e+01
      vertex   -7.000000e+00 3.197442e-13 -5.550000e+01
      vertex   -2.522909e+01 0.000000e+00 -5.092945e+01
    endloop
  endfacet
  facet normal 1.601727e-14 -1.000000e+00 -6.074548e-15
    outer loop
      vertex   -2.522909e+01 0.000000e+00 -5.092945e+01
      vertex   -7.000000e+00 3.197442e-13 -5.550000e+01
      vertex   -2.505812e+01 0.000000e+00 -5.047863e+01
    endloop
  endfacet
  facet normal 1.712810e-14 -1.000000e+00 -2.079727e-15
    outer loop
      vertex   -2.505812e+01 0.000000e+00 -5.047863e+01
      vertex   -7.000000e+00 3.197442e-13 -5.550000e+01
      vertex   -2.500000e+01 0.000000e+00 -5.000000e+01
    endloop
  endfacet
  facet normal 8.306977e-16 -1.000000e+00 5.733892e-16
    outer loop
      vertex   -2.550298e+01 0.000000e+00 -1.867375e+01
      vertex   -2.522909e+01 0.000000e+00 -1.907055e+01
      vertex   -7.000000e+00 1.776357e-14 -1.450000e+01
    endloop
  endfacet
  facet normal 8.898482e-16 -1.000000e+00 3.374749e-16
    outer loop
      vertex   -7.000000e+00 1.776357e-14 -1.450000e+01
      vertex   -2.522909e+01 0.000000e+00 -1.907055e+01
      vertex   -2.505812e+01 0.000000e+00 -1.952137e+01
    endloop
  endfacet
  facet normal 9.515609e-16 -1.000000e+00 1.155404e-16
    outer loop
      vertex   -7.000000e+00 1.776357e-14 -1.450000e+01
      vertex   -2.505812e+01 0.000000e+00 -1.952137e+01
      vertex   -2.500000e+01 0.000000e+00 -2.000000e+01
    endloop
  endfacet
  facet normal 1.024890e-15 -1.000000e+00 -1.244441e-16
    outer loop
      vertex   -2.500000e+01 0.000000e+00 -2.000000e+01
      vertex   -2.505812e+01 0.000000e+00 -2.047863e+01
      vertex   -7.000000e+00 1.776357e-14 -1.450000e+01
    endloop
  endfacet
  facet normal 1.124937e-15 -1.000000e+00 -4.266324e-16
    outer loop
      vertex   -7.000000e+00 1.776357e-14 -1.450000e+01
      vertex   -2.505812e+01 0.000000e+00 -2.047863e+01
      vertex   -2.522909e+01 0.000000e+00 -2.092945e+01
    endloop
  endfacet
  facet normal 0.000000e+00 -1.000000e+00 0.000000e+00
    outer loop
      vertex   -2.629079e+01 0.000000e+00 -4.812997e+01
      vertex   -2.629079e+01 0.000000e+00 -2.187003e+01
      vertex   -2.675893e+01 0.000000e+00 -4.801458e+01
    endloop
  endfacet
  facet normal 0.000000e+00 -1.000000e+00 0.000000e+00
    outer loop
      vertex   -2.675893e+01 0.000000e+00 -4.801458e+01
      vertex   -2.629079e+01 0.000000e+00 -2.187003e+01
      vertex   -2.675893e+01 0.000000e+00 -2.198542e+01
    endloop
  endfacet
  facet normal 0.000000e+00 -1.000000e+00 0.000000e+00
    outer loop
      vertex   -2.675893e+01 0.000000e+00 -4.801458e+01
      vertex   -2.675893e+01 0.000000e+00 -2.198542e+01
      vertex   -2.724107e+01 0.000000e+00 -4.801458e+01
    endloop
  endfacet
  facet normal 0.000000e+00 -1.000000e+00 0.000000e+00
    outer loop
      vertex   -2.724107e+01 0.000000e+00 -4.801458e+01
      vertex   -2.675893e+01 0.000000e+00 -2.198542e+01
      vertex   -2.724107e+01 0.000000e+00 -2.198542e+01
    endloop
  endfacet
  facet normal -0.000000e+00 -1.000000e+00 0.000000e+00
    outer loop
      vertex   -2.724107e+01 0.000000e+00 -4.801458e+01
      vertex   -2.724107e+01 0.000000e+00 -2.198542e+01
      vertex   -2.770921e+01 0.000000e+00 -4.812997e+01
    endloop
  endfacet
  facet normal 0.000000e+00 -1.000000e+00 0.000000e+00
    outer loop
      vertex   -2.770921e+01 0.000000e+00 -4.812997e+01
      vertex   -2.724107e+01 0.000000e+00 -2.198542e+01
      vertex   -2.770921e+01 0.000000e+00 -2.187003e+01
    endloop
  endfacet
  facet normal 0.000000e+00 -1.000000e+00 0.000000e+00
    outer loop
      vertex   -2.770921e+01 0.000000e+00 -4.812997e+01
      vertex   -2.770921e+01 0.000000e+00 -2.187003e+01
      vertex   -4.822909e+01 0.000000e+00 -4.157055e+01
    endloop
  endfacet
  facet normal 0.000000e+00 -1.000000e+00 0.000000e+00
    outer loop
      vertex   -2.894188e+01 0.000000e+00 -5.047863e+01
      vertex   -2.900000e+01 0.000000e+00 -5.000000e+01
      vertex   -4.750000e+01 0.000000e+00 -4.950000e+01
    endloop
  endfacet
  facet normal 0.000000e+00 -1.000000e+00 0.000000e+00
    outer loop
      vertex   -4.750000e+01 0.000000e+00 -4.950000e+01
      vertex   -2.900000e+01 0.000000e+00 -5.000000e+01
      vertex   -2.894188e+01 0.000000e+00 -4.952137e+01
    endloop
  endfacet
  facet normal 0.000000e+00 -1.000000e+00 0.000000e+00
    outer loop
      vertex   -4.750000e+01 0.000000e+00 -4.950000e+01
      vertex   -2.894188e+01 0.000000e+00 -4.952137e+01
      vertex   -2.877091e+01 0.000000e+00 -4.907055e+01
    endloop
  endfacet
  facet normal 0.000000e+00 -1.000000e+00 0.000000e+00
    outer loop
      vertex   -4.750000e+01 0.000000e+00 -4.950000e+01
      vertex   -2.877091e+01 0.000000e+00 -4.907055e+01
      vertex   -4.805812e+01 0.000000e+00 -4.297863e+01
    endloop
  endfacet
  facet normal 0.000000e+00 -1.000000e+00 0.000000e+00
    outer loop
      vertex   -4.805812e+01 0.000000e+00 -4.297863e+01
      vertex   -2.877091e+01 0.000000e+00 -4.907055e+01
      vertex   -2.849702e+01 0.000000e+00 -4.867375e+01
    endloop
  endfacet
  facet normal 0.000000e+00 -1.000000e+00 0.000000e+00
    outer loop
      vertex   -4.805812e+01 0.000000e+00 -4.297863e+01
      vertex   -2.849702e+01 0.000000e+00 -4.867375e+01
      vertex   -4.800000e+01 0.000000e+00 -4.250000e+01
    endloop
  endfacet
  facet normal 0.000000e+00 -1.000000e+00 0.000000e+00
    outer loop
      vertex   -4.800000e+01 0.000000e+00 -4.250000e+01
      vertex   -2.849702e+01 0.000000e+00 -4.867375e+01
      vertex   -2.813613e+01 0.000000e+00 -4.835403e+01
    endloop
  endfacet
  facet normal 0.000000e+00 -1.000000e+00 0.000000e+00
    outer loop
      vertex   -4.800000e+01 0.000000e+00 -4.250000e+01
      vertex   -2.813613e+01 0.000000e+00 -4.835403e+01
      vertex   -4.805812e+01 0.000000e+00 -4.202137e+01
    endloop
  endfacet
  facet normal 0.000000e+00 -1.000000e+00 0.000000e+00
    outer loop
      vertex   -4.805812e+01 0.000000e+00 -4.202137e+01
      vertex   -2.813613e+01 0.000000e+00 -4.835403e+01
      vertex   -2.770921e+01 0.000000e+00 -4.812997e+01
    endloop
  endfacet
  facet normal 0.000000e+00 -1.000000e+00 0.000000e+00
    outer loop
      vertex   -4.805812e+01 0.000000e+00 -4.202137e+01
      vertex   -2.770921e+01 0.000000e+00 -4.812997e+01
      vertex   -4.822909e+01 0.000000e+00 -4.157055e+01
    endloop
  endfacet
  facet normal -0.000000e+00 -1.000000e+00 0.000000e+00
    outer loop
      vertex   -2.724107e+01 0.000000e+00 -5.198542e+01
      vertex   -2.770921e+01 0.000000e+00 -5.187003e+01
      vertex   -3.200000e+01 0.000000e+00 -6.500000e+01
    endloop
  endfacet
  facet normal 0.000000e+00 -1.000000e+00 0.000000e+00
    outer loop
      vertex   -3.200000e+01 0.000000e+00 -6.500000e+01
      vertex   -2.770921e+01 0.000000e+00 -5.187003e+01
      vertex   -2.813613e+01 0.000000e+00 -5.164597e+01
    endloop
  endfacet
  facet normal 0.000000e+00 -1.000000e+00 0.000000e+00
    outer loop
      vertex   -3.200000e+01 0.000000e+00 -6.500000e+01
      vertex   -2.813613e+01 0.000000e+00 -5.164597e+01
      vertex   -2.849702e+01 0.000000e+00 -5.132625e+01
    endloop
  endfacet
  facet normal 0.000000e+00 -1.000000e+00 0.000000e+00
    outer loop
      vertex   -5.194188e+01 0.000000e+00 -2.797863e+01
      vertex   -5.200000e+01 0.000000e+00 -2.750000e+01
      vertex   -5.700000e+01 0.000000e+00 -2.550000e+01
    endloop
  endfacet
  facet normal 0.000000e+00 -1.000000e+00 0.000000e+00
    outer loop
      vertex   -5.700000e+01 0.000000e+00 -2.550000e+01
      vertex   -5.200000e+01 0.000000e+00 -2.750000e+01
      vertex   -5.194188e+01 0.000000e+00 -2.702137e+01
    endloop
  endfacet
  facet normal 0.000000e+00 -1.000000e+00 0.000000e+00
    outer loop
      vertex   -5.700000e+01 0.000000e+00 -2.550000e+01
      vertex   -5.194188e+01 0.000000e+00 -2.702137e+01
      vertex   -5.177091e+01 0.000000e+00 -2.657055e+01
    endloop
  endfacet
  facet normal 0.000000e+00 -1.000000e+00 0.000000e+00
    outer loop
      vertex   -5.177091e+01 0.000000e+00 -2.657055e+01
      vertex   -5.149702e+01 0.000000e+00 -2.617375e+01
      vertex   -5.700000e+01 0.000000e+00 -2.550000e+01
    endloop
  endfacet
  facet normal 0.000000e+00 -1.000000e+00 0.000000e+00
    outer loop
      vertex   -5.700000e+01 0.000000e+00 -2.550000e+01
      vertex   -5.149702e+01 0.000000e+00 -2.617375e+01
      vertex   -5.113613e+01 0.000000e+00 -2.585403e+01
    endloop
  endfacet
  facet normal 0.000000e+00 -1.000000e+00 0.000000e+00
    outer loop
      vertex   -5.024107e+01 0.000000e+00 -2.551458e+01
      vertex   -4.975893e+01 0.000000e+00 -2.551458e+01
      vertex   -5.200000e+01 0.000000e+00 -2.050000e+01
    endloop
  endfacet
  facet normal 0.000000e+00 -1.000000e+00 0.000000e+00
    outer loop
      vertex   -4.886387e+01 0.000000e+00 -2.585403e+01
      vertex   -4.850298e+01 0.000000e+00 -2.617375e+01
      vertex   -4.750000e+01 0.000000e+00 -2.050000e+01
    endloop
  endfacet
  facet normal 0.000000e+00 -1.000000e+00 0.000000e+00
    outer loop
      vertex   -4.750000e+01 0.000000e+00 -2.050000e+01
      vertex   -4.850298e+01 0.000000e+00 -2.617375e+01
      vertex   -4.822909e+01 0.000000e+00 -2.657055e+01
    endloop
  endfacet
  facet normal 0.000000e+00 -1.000000e+00 0.000000e+00
    outer loop
      vertex   -4.750000e+01 0.000000e+00 -2.050000e+01
      vertex   -4.822909e+01 0.000000e+00 -2.657055e+01
      vertex   -4.805812e+01 0.000000e+00 -2.702137e+01
    endloop
  endfacet
  facet normal -0.000000e+00 -1.000000e+00 0.000000e+00
    outer loop
      vertex   -5.194188e+01 0.000000e+00 -4.297863e+01
      vertex   -5.200000e+01 0.000000e+00 -4.250000e+01
      vertex   -5.700000e+01 0.000000e+00 -4.450000e+01
    endloop
  endfacet
  facet normal 0.000000e+00 -1.000000e+00 0.000000e+00
    outer loop
      vertex   -5.700000e+01 0.000000e+00 -4.450000e+01
      vertex   -5.200000e+01 0.000000e+00 -4.250000e+01
      vertex   -5.194188e+01 0.000000e+00 -4.202137e+01
    endloop
  endfacet
  facet normal 0.000000e+00 -1.000000e+00 0.000000e+00
    outer loop
      vertex   -5.700000e+01 0.000000e+00 -4.450000e+01
      vertex   -5.194188e+01 0.000000e+00 -4.202137e+01
      vertex   -5.177091e+01 0.000000e+00 -4.157055e+01
    endloop
  endfacet
  facet normal -0.000000e+00 -1.000000e+00 0.000000e+00
    outer loop
      vertex   -5.177091e+01 0.000000e+00 -4.157055e+01
      vertex   -5.149702e+01 0.000000e+00 -4.117375e+01
      vertex   -5.700000e+01 0.000000e+00 -4.450000e+01
    endloop
  endfacet
  facet normal 0.000000e+00 -1.000000e+00 -0.000000e+00
    outer loop
      vertex   -4.805812e+01 0.000000e+00 -4.297863e+01
      vertex   -4.822909e+01 0.000000e+00 -4.342945e+01
      vertex   -4.750000e+01 0.000000e+00 -4.950000e+01
    endloop
  endfacet
  facet normal 0.000000e+00 -1.000000e+00 0.000000e+00
    outer loop
      vertex   -4.750000e+01 0.000000e+00 -4.950000e+01
      vertex   -4.822909e+01 0.000000e+00 -4.342945e+01
      vertex   -4.850298e+01 0.000000e+00 -4.382625e+01
    endloop
  endfacet
  facet normal 0.000000e+00 -1.000000e+00 0.000000e+00
    outer loop
      vertex   -4.750000e+01 0.000000e+00 -4.950000e+01
      vertex   -4.850298e+01 0.000000e+00 -4.382625e+01
      vertex   -4.886387e+01 0.000000e+00 -4.414597e+01
    endloop
  endfacet
  facet normal 0.000000e+00 -1.000000e+00 -0.000000e+00
    outer loop
      vertex   -4.886387e+01 0.000000e+00 -4.414597e+01
      vertex   -4.929079e+01 0.000000e+00 -4.437003e+01
      vertex   -4.750000e+01 0.000000e+00 -4.950000e+01
    endloop
  endfacet
  facet normal 0.000000e+00 -1.000000e+00 0.000000e+00
    outer loop
      vertex   -4.750000e+01 0.000000e+00 -4.950000e+01
      vertex   -4.929079e+01 0.000000e+00 -4.437003e+01
      vertex   -4.975893e+01 0.000000e+00 -4.448542e+01
    endloop
  endfacet
  facet normal -0.000000e+00 -1.000000e+00 0.000000e+00
    outer loop
      vertex   -5.070921e+01 0.000000e+00 -4.437003e+01
      vertex   -5.113613e+01 0.000000e+00 -4.414597e+01
      vertex   -5.200000e+01 0.000000e+00 -4.950000e+01
    endloop
  endfacet
  facet normal -0.000000e+00 -1.000000e+00 0.000000e+00
    outer loop
      vertex   -5.177091e+01 0.000000e+00 -4.342945e+01
      vertex   -5.194188e+01 0.000000e+00 -4.297863e+01
      vertex   -5.700000e+01 0.000000e+00 -4.450000e+01
    endloop
  endfacet
endsolid
