solid ASCII
  facet normal 4.163054e-02 0.000000e+00 -9.991331e-01
    outer loop
      vertex   -3.610412e+00 0.000000e+00 3.000000e+00
      vertex   -1.561099e+01 0.000000e+00 2.499976e+00
      vertex   -3.610412e+00 1.500000e+00 3.000000e+00
    endloop
  endfacet
  facet normal 4.163054e-02 0.000000e+00 -9.991331e-01
    outer loop
      vertex   -3.610412e+00 1.500000e+00 3.000000e+00
      vertex   -1.561099e+01 0.000000e+00 2.499976e+00
      vertex   -1.561099e+01 1.500000e+00 2.499976e+00
    endloop
  endfacet
  facet normal 9.129177e-02 0.000000e+00 -9.958242e-01
    outer loop
      vertex   -1.561099e+01 1.500000e+00 2.499976e+00
      vertex   -1.561099e+01 0.000000e+00 2.499976e+00
      vertex   -1.604374e+01 1.500000e+00 2.460304e+00
    endloop
  endfacet
  facet normal 9.129177e-02 0.000000e+00 -9.958242e-01
    outer loop
      vertex   -1.604374e+01 1.500000e+00 2.460304e+00
      vertex   -1.561099e+01 0.000000e+00 2.499976e+00
      vertex   -1.604374e+01 0.000000e+00 2.460304e+00
    endloop
  endfacet
  facet normal 2.623565e-01 0.000000e+00 -9.649710e-01
    outer loop
      vertex   -1.604374e+01 1.500000e+00 2.460304e+00
      vertex   -1.604374e+01 0.000000e+00 2.460304e+00
      vertex   -1.646308e+01 1.500000e+00 2.346294e+00
    endloop
  endfacet
  facet normal 2.623565e-01 0.000000e+00 -9.649710e-01
    outer loop
      vertex   -1.646308e+01 1.500000e+00 2.346294e+00
      vertex   -1.604374e+01 0.000000e+00 2.460304e+00
      vertex   -1.646308e+01 0.000000e+00 2.346294e+00
    endloop
  endfacet
  facet normal 4.254941e-01 0.000000e+00 -9.049612e-01
    outer loop
      vertex   -1.646308e+01 1.500000e+00 2.346294e+00
      vertex   -1.646308e+01 0.000000e+00 2.346294e+00
      vertex   -1.685634e+01 1.500000e+00 2.161390e+00
    endloop
  endfacet
  facet normal 4.254941e-01 0.000000e+00 -9.049612e-01
    outer loop
      vertex   -1.685634e+01 1.500000e+00 2.161390e+00
      vertex   -1.646308e+01 0.000000e+00 2.346294e+00
      vertex   -1.685634e+01 0.000000e+00 2.161390e+00
    endloop
  endfacet
  facet normal 5.757754e-01 0.000000e+00 -8.176079e-01
    outer loop
      vertex   -1.685634e+01 1.500000e+00 2.161390e+00
      vertex   -1.685634e+01 0.000000e+00 2.161390e+00
      vertex   -1.721164e+01 1.500000e+00 1.911180e+00
    endloop
  endfacet
  facet normal 5.757754e-01 0.000000e+00 -8.176079e-01
    outer loop
      vertex   -1.721164e+01 1.500000e+00 1.911180e+00
      vertex   -1.685634e+01 0.000000e+00 2.161390e+00
      vertex   -1.721164e+01 0.000000e+00 1.911180e+00
    endloop
  endfacet
  facet normal 7.086596e-01 0.000000e+00 -7.055505e-01
    outer loop
      vertex   -1.721164e+01 1.500000e+00 1.911180e+00
      vertex   -1.721164e+01 0.000000e+00 1.911180e+00
      vertex   -1.751825e+01 1.500000e+00 1.603224e+00
    endloop
  endfacet
  facet normal 7.086596e-01 0.000000e+00 -7.055505e-01
    outer loop
      vertex   -1.751825e+01 1.500000e+00 1.603224e+00
      vertex   -1.721164e+01 0.000000e+00 1.911180e+00
      vertex   -1.751825e+01 0.000000e+00 1.603224e+00
    endloop
  endfacet
  facet normal 8.201316e-01 0.000000e+00 -5.721749e-01
    outer loop
      vertex   -1.751825e+01 1.500000e+00 1.603224e+00
      vertex   -1.751825e+01 0.000000e+00 1.603224e+00
      vertex   -1.776689e+01 1.500000e+00 1.246825e+00
    endloop
  endfacet
  facet normal 8.201316e-01 0.000000e+00 -5.721749e-01
    outer loop
      vertex   -1.776689e+01 1.500000e+00 1.246825e+00
      vertex   -1.751825e+01 0.000000e+00 1.603224e+00
      vertex   -1.776689e+01 0.000000e+00 1.246825e+00
    endloop
  endfacet
  facet normal 9.068233e-01 0.000000e+00 -4.215110e-01
    outer loop
      vertex   -1.776689e+01 1.500000e+00 1.246825e+00
      vertex   -1.776689e+01 0.000000e+00 1.246825e+00
      vertex   -1.795007e+01 1.500000e+00 8.527546e-01
    endloop
  endfacet
  facet normal 9.068233e-01 0.000000e+00 -4.215110e-01
    outer loop
      vertex   -1.795007e+01 1.500000e+00 8.527546e-01
      vertex   -1.776689e+01 0.000000e+00 1.246825e+00
      vertex   -1.795007e+01 0.000000e+00 8.527546e-01
    endloop
  endfacet
  facet normal 9.661152e-01 0.000000e+00 -2.581111e-01
    outer loop
      vertex   -1.795007e+01 1.500000e+00 8.527546e-01
      vertex   -1.795007e+01 0.000000e+00 8.527546e-01
      vertex   -1.806223e+01 1.500000e+00 4.329176e-01
    endloop
  endfacet
  facet normal 9.661152e-01 0.000000e+00 -2.581111e-01
    outer loop
      vertex   -1.806223e+01 1.500000e+00 4.329176e-01
      vertex   -1.795007e+01 0.000000e+00 8.527546e-01
      vertex   -1.806223e+01 0.000000e+00 4.329176e-01
    endloop
  endfacet
  facet normal 9.962160e-01 0.000000e+00 -8.691240e-02
    outer loop
      vertex   -1.806223e+01 1.500000e+00 4.329176e-01
      vertex   -1.806223e+01 0.000000e+00 4.329176e-01
      vertex   -1.810000e+01 1.500000e+00 1.455221e-10
    endloop
  endfacet
  facet normal 9.962160e-01 0.000000e+00 -8.691240e-02
    outer loop
      vertex   -1.810000e+01 1.500000e+00 1.455221e-10
      vertex   -1.806223e+01 0.000000e+00 4.329176e-01
      vertex   -1.810000e+01 0.000000e+00 1.455221e-10
    endloop
  endfacet
  facet normal 9.962160e-01 0.000000e+00 8.691240e-02
    outer loop
      vertex   -1.810000e+01 1.500000e+00 1.455221e-10
      vertex   -1.810000e+01 0.000000e+00 1.455221e-10
      vertex   -1.806223e+01 1.500000e+00 -4.329176e-01
    endloop
  endfacet
  facet normal 9.962160e-01 0.000000e+00 8.691240e-02
    outer loop
      vertex   -1.806223e+01 1.500000e+00 -4.329176e-01
      vertex   -1.810000e+01 0.000000e+00 1.455221e-10
      vertex   -1.806223e+01 0.000000e+00 -4.329176e-01
    endloop
  endfacet
  facet normal 9.661152e-01 0.000000e+00 2.581111e-01
    outer loop
      vertex   -1.806223e+01 1.500000e+00 -4.329176e-01
      vertex   -1.806223e+01 0.000000e+00 -4.329176e-01
      vertex   -1.795007e+01 1.500000e+00 -8.527546e-01
    endloop
  endfacet
  facet normal 9.661152e-01 0.000000e+00 2.581111e-01
    outer loop
      vertex   -1.795007e+01 1.500000e+00 -8.527546e-01
      vertex   -1.806223e+01 0.000000e+00 -4.329176e-01
      vertex   -1.795007e+01 0.000000e+00 -8.527546e-01
    endloop
  endfacet
  facet normal 9.068233e-01 0.000000e+00 4.215110e-01
    outer loop
      vertex   -1.795007e+01 1.500000e+00 -8.527546e-01
      vertex   -1.795007e+01 0.000000e+00 -8.527546e-01
      vertex   -1.776689e+01 1.500000e+00 -1.246825e+00
    endloop
  endfacet
  facet normal 9.068233e-01 0.000000e+00 4.215110e-01
    outer loop
      vertex   -1.776689e+01 1.500000e+00 -1.246825e+00
      vertex   -1.795007e+01 0.000000e+00 -8.527546e-01
      vertex   -1.776689e+01 0.000000e+00 -1.246825e+00
    endloop
  endfacet
  facet normal 8.201316e-01 0.000000e+00 5.721749e-01
    outer loop
      vertex   -1.776689e+01 1.500000e+00 -1.246825e+00
      vertex   -1.776689e+01 0.000000e+00 -1.246825e+00
      vertex   -1.751825e+01 1.500000e+00 -1.603224e+00
    endloop
  endfacet
  facet normal 8.201316e-01 0.000000e+00 5.721749e-01
    outer loop
      vertex   -1.751825e+01 1.500000e+00 -1.603224e+00
      vertex   -1.776689e+01 0.000000e+00 -1.246825e+00
      vertex   -1.751825e+01 0.000000e+00 -1.603224e+00
    endloop
  endfacet
  facet normal 7.086596e-01 0.000000e+00 7.055505e-01
    outer loop
      vertex   -1.751825e+01 1.500000e+00 -1.603224e+00
      vertex   -1.751825e+01 0.000000e+00 -1.603224e+00
      vertex   -1.721164e+01 1.500000e+00 -1.911180e+00
    endloop
  endfacet
  facet normal 7.086596e-01 0.000000e+00 7.055505e-01
    outer loop
      vertex   -1.721164e+01 1.500000e+00 -1.911180e+00
      vertex   -1.751825e+01 0.000000e+00 -1.603224e+00
      vertex   -1.721164e+01 0.000000e+00 -1.911180e+00
    endloop
  endfacet
  facet normal 5.757754e-01 0.000000e+00 8.176079e-01
    outer loop
      vertex   -1.721164e+01 1.500000e+00 -1.911180e+00
      vertex   -1.721164e+01 0.000000e+00 -1.911180e+00
      vertex   -1.685634e+01 1.500000e+00 -2.161390e+00
    endloop
  endfacet
  facet normal 5.757754e-01 0.000000e+00 8.176079e-01
    outer loop
      vertex   -1.685634e+01 1.500000e+00 -2.161390e+00
      vertex   -1.721164e+01 0.000000e+00 -1.911180e+00
      vertex   -1.685634e+01 0.000000e+00 -2.161390e+00
    endloop
  endfacet
  facet normal 4.254941e-01 0.000000e+00 9.049612e-01
    outer loop
      vertex   -1.685634e+01 1.500000e+00 -2.161390e+00
      vertex   -1.685634e+01 0.000000e+00 -2.161390e+00
      vertex   -1.646308e+01 1.500000e+00 -2.346294e+00
    endloop
  endfacet
  facet normal 4.254941e-01 0.000000e+00 9.049612e-01
    outer loop
      vertex   -1.646308e+01 1.500000e+00 -2.346294e+00
      vertex   -1.685634e+01 0.000000e+00 -2.161390e+00
      vertex   -1.646308e+01 0.000000e+00 -2.346294e+00
    endloop
  endfacet
  facet normal 2.623565e-01 0.000000e+00 9.649710e-01
    outer loop
      vertex   -1.646308e+01 1.500000e+00 -2.346294e+00
      vertex   -1.646308e+01 0.000000e+00 -2.346294e+00
      vertex   -1.604374e+01 1.500000e+00 -2.460304e+00
    endloop
  endfacet
  facet normal 2.623565e-01 0.000000e+00 9.649710e-01
    outer loop
      vertex   -1.604374e+01 1.500000e+00 -2.460304e+00
      vertex   -1.646308e+01 0.000000e+00 -2.346294e+00
      vertex   -1.604374e+01 0.000000e+00 -2.460304e+00
    endloop
  endfacet
  facet normal 9.129177e-02 0.000000e+00 9.958242e-01
    outer loop
      vertex   -1.604374e+01 1.500000e+00 -2.460304e+00
      vertex   -1.604374e+01 0.000000e+00 -2.460304e+00
      vertex   -1.561099e+01 1.500000e+00 -2.499976e+00
    endloop
  endfacet
  facet normal 9.129177e-02 0.000000e+00 9.958242e-01
    outer loop
      vertex   -1.561099e+01 1.500000e+00 -2.499976e+00
      vertex   -1.604374e+01 0.000000e+00 -2.460304e+00
      vertex   -1.561099e+01 0.000000e+00 -2.499976e+00
    endloop
  endfacet
  facet normal 4.163054e-02 -0.000000e+00 9.991331e-01
    outer loop
      vertex   -1.561099e+01 0.000000e+00 -2.499976e+00
      vertex   -3.610412e+00 0.000000e+00 -3.000000e+00
      vertex   -1.561099e+01 1.500000e+00 -2.499976e+00
    endloop
  endfacet
  facet normal 4.163054e-02 0.000000e+00 9.991331e-01
    outer loop
      vertex   -1.561099e+01 1.500000e+00 -2.499976e+00
      vertex   -3.610412e+00 0.000000e+00 -3.000000e+00
      vertex   -3.610412e+00 1.500000e+00 -3.000000e+00
    endloop
  endfacet
  facet normal 0.000000e+00 0.000000e+00 1.000000e+00
    outer loop
      vertex   -3.610412e+00 0.000000e+00 -3.000000e+00
      vertex   -2.794638e+00 0.000000e+00 -3.000000e+00
      vertex   -3.610412e+00 1.500000e+00 -3.000000e+00
    endloop
  endfacet
  facet normal -0.000000e+00 0.000000e+00 1.000000e+00
    outer loop
      vertex   -3.610412e+00 1.500000e+00 -3.000000e+00
      vertex   -2.794638e+00 0.000000e+00 -3.000000e+00
      vertex   -2.794638e+00 1.500000e+00 -3.000000e+00
    endloop
  endfacet
  facet normal 6.301256e-01 0.000000e+00 7.764932e-01
    outer loop
      vertex   -2.794638e+00 1.500000e+00 -3.000000e+00
      vertex   -2.794638e+00 0.000000e+00 -3.000000e+00
      vertex   -2.360360e+00 1.500000e+00 -3.352417e+00
    endloop
  endfacet
  facet normal 6.301256e-01 0.000000e+00 7.764932e-01
    outer loop
      vertex   -2.360360e+00 1.500000e+00 -3.352417e+00
      vertex   -2.794638e+00 0.000000e+00 -3.000000e+00
      vertex   -2.360360e+00 0.000000e+00 -3.352417e+00
    endloop
  endfacet
  facet normal 5.185884e-01 0.000000e+00 8.550240e-01
    outer loop
      vertex   -2.360360e+00 1.500000e+00 -3.352417e+00
      vertex   -2.360360e+00 0.000000e+00 -3.352417e+00
      vertex   -1.882162e+00 1.500000e+00 -3.642453e+00
    endloop
  endfacet
  facet normal 5.185884e-01 0.000000e+00 8.550240e-01
    outer loop
      vertex   -1.882162e+00 1.500000e+00 -3.642453e+00
      vertex   -2.360360e+00 0.000000e+00 -3.352417e+00
      vertex   -1.882162e+00 0.000000e+00 -3.642453e+00
    endloop
  endfacet
  facet normal 3.974014e-01 0.000000e+00 9.176449e-01
    outer loop
      vertex   -1.882162e+00 1.500000e+00 -3.642453e+00
      vertex   -1.882162e+00 0.000000e+00 -3.642453e+00
      vertex   -1.368941e+00 1.500000e+00 -3.864712e+00
    endloop
  endfacet
  facet normal 3.974014e-01 0.000000e+00 9.176449e-01
    outer loop
      vertex   -1.368941e+00 1.500000e+00 -3.864712e+00
      vertex   -1.882162e+00 0.000000e+00 -3.642453e+00
      vertex   -1.368941e+00 0.000000e+00 -3.864712e+00
    endloop
  endfacet
  facet normal 2.688198e-01 0.000000e+00 9.631905e-01
    outer loop
      vertex   -1.368941e+00 1.500000e+00 -3.864712e+00
      vertex   -1.368941e+00 0.000000e+00 -3.864712e+00
      vertex   -8.302477e-01 1.500000e+00 -4.015058e+00
    endloop
  endfacet
  facet normal 2.688198e-01 0.000000e+00 9.631905e-01
    outer loop
      vertex   -8.302477e-01 1.500000e+00 -4.015058e+00
      vertex   -1.368941e+00 0.000000e+00 -3.864712e+00
      vertex   -8.302477e-01 0.000000e+00 -4.015058e+00
    endloop
  endfacet
  facet normal 1.352360e-01 0.000000e+00 9.908134e-01
    outer loop
      vertex   -8.302477e-01 1.500000e+00 -4.015058e+00
      vertex   -8.302477e-01 0.000000e+00 -4.015058e+00
      vertex   -2.761052e-01 1.500000e+00 -4.090693e+00
    endloop
  endfacet
  facet normal 1.352360e-01 0.000000e+00 9.908134e-01
    outer loop
      vertex   -2.761052e-01 1.500000e+00 -4.090693e+00
      vertex   -8.302477e-01 0.000000e+00 -4.015058e+00
      vertex   -2.761052e-01 0.000000e+00 -4.090693e+00
    endloop
  endfacet
  facet normal -8.641787e-04 0.000000e+00 9.999996e-01
    outer loop
      vertex   -2.761052e-01 1.500000e+00 -4.090693e+00
      vertex   -2.761052e-01 0.000000e+00 -4.090693e+00
      vertex   2.831750e-01 1.500000e+00 -4.090209e+00
    endloop
  endfacet
  facet normal -8.641787e-04 0.000000e+00 9.999996e-01
    outer loop
      vertex   2.831750e-01 1.500000e+00 -4.090209e+00
      vertex   -2.761052e-01 0.000000e+00 -4.090693e+00
      vertex   2.831750e-01 0.000000e+00 -4.090209e+00
    endloop
  endfacet
  facet normal -1.369483e-01 0.000000e+00 9.905782e-01
    outer loop
      vertex   2.831750e-01 1.500000e+00 -4.090209e+00
      vertex   2.831750e-01 0.000000e+00 -4.090209e+00
      vertex   8.371860e-01 1.500000e+00 -4.013617e+00
    endloop
  endfacet
  facet normal -1.369483e-01 0.000000e+00 9.905782e-01
    outer loop
      vertex   8.371860e-01 1.500000e+00 -4.013617e+00
      vertex   2.831750e-01 0.000000e+00 -4.090209e+00
      vertex   8.371860e-01 0.000000e+00 -4.013617e+00
    endloop
  endfacet
  facet normal -2.704841e-01 0.000000e+00 9.627244e-01
    outer loop
      vertex   8.371860e-01 1.500000e+00 -4.013617e+00
      vertex   8.371860e-01 0.000000e+00 -4.013617e+00
      vertex   1.375619e+00 1.500000e+00 -3.862340e+00
    endloop
  endfacet
  facet normal -2.704841e-01 0.000000e+00 9.627244e-01
    outer loop
      vertex   1.375619e+00 1.500000e+00 -3.862340e+00
      vertex   8.371860e-01 0.000000e+00 -4.013617e+00
      vertex   1.375619e+00 0.000000e+00 -3.862340e+00
    endloop
  endfacet
  facet normal -3.989869e-01 0.000000e+00 9.169566e-01
    outer loop
      vertex   1.375619e+00 1.500000e+00 -3.862340e+00
      vertex   1.375619e+00 0.000000e+00 -3.862340e+00
      vertex   1.888455e+00 1.500000e+00 -3.639195e+00
    endloop
  endfacet
  facet normal -3.989869e-01 0.000000e+00 9.169566e-01
    outer loop
      vertex   1.888455e+00 1.500000e+00 -3.639195e+00
      vertex   1.375619e+00 0.000000e+00 -3.862340e+00
      vertex   1.888455e+00 0.000000e+00 -3.639195e+00
    endloop
  endfacet
  facet normal -5.200654e-01 0.000000e+00 8.541264e-01
    outer loop
      vertex   1.888455e+00 1.500000e+00 -3.639195e+00
      vertex   1.888455e+00 0.000000e+00 -3.639195e+00
      vertex   2.366151e+00 1.500000e+00 -3.348332e+00
    endloop
  endfacet
  facet normal -5.200654e-01 0.000000e+00 8.541264e-01
    outer loop
      vertex   2.366151e+00 1.500000e+00 -3.348332e+00
      vertex   1.888455e+00 0.000000e+00 -3.639195e+00
      vertex   2.366151e+00 0.000000e+00 -3.348332e+00
    endloop
  endfacet
  facet normal -6.314668e-01 0.000000e+00 7.754029e-01
    outer loop
      vertex   2.366151e+00 1.500000e+00 -3.348332e+00
      vertex   2.366151e+00 0.000000e+00 -3.348332e+00
      vertex   2.799819e+00 1.500000e+00 -2.995165e+00
    endloop
  endfacet
  facet normal -6.314668e-01 0.000000e+00 7.754029e-01
    outer loop
      vertex   2.799819e+00 1.500000e+00 -2.995165e+00
      vertex   2.366151e+00 0.000000e+00 -3.348332e+00
      vertex   2.799819e+00 0.000000e+00 -2.995165e+00
    endloop
  endfacet
  facet normal -7.311180e-01 0.000000e+00 6.822510e-01
    outer loop
      vertex   2.799819e+00 1.500000e+00 -2.995165e+00
      vertex   2.799819e+00 0.000000e+00 -2.995165e+00
      vertex   3.181388e+00 1.500000e+00 -2.586265e+00
    endloop
  endfacet
  facet normal -7.311180e-01 0.000000e+00 6.822510e-01
    outer loop
      vertex   3.181388e+00 1.500000e+00 -2.586265e+00
      vertex   2.799819e+00 0.000000e+00 -2.995165e+00
      vertex   3.181388e+00 0.000000e+00 -2.586265e+00
    endloop
  endfacet
  facet normal -8.171649e-01 0.000000e+00 5.764040e-01
    outer loop
      vertex   3.181388e+00 1.500000e+00 -2.586265e+00
      vertex   3.181388e+00 0.000000e+00 -2.586265e+00
      vertex   3.503760e+00 1.500000e+00 -2.129241e+00
    endloop
  endfacet
  facet normal -8.171649e-01 0.000000e+00 5.764040e-01
    outer loop
      vertex   3.503760e+00 1.500000e+00 -2.129241e+00
      vertex   3.181388e+00 0.000000e+00 -2.586265e+00
      vertex   3.503760e+00 0.000000e+00 -2.129241e+00
    endloop
  endfacet
  facet normal -8.880062e-01 0.000000e+00 4.598315e-01
    outer loop
      vertex   3.503760e+00 1.500000e+00 -2.129241e+00
      vertex   3.503760e+00 0.000000e+00 -2.129241e+00
      vertex   3.760934e+00 1.500000e+00 -1.632597e+00
    endloop
  endfacet
  facet normal -8.880062e-01 0.000000e+00 4.598315e-01
    outer loop
      vertex   3.760934e+00 1.500000e+00 -1.632597e+00
      vertex   3.503760e+00 0.000000e+00 -2.129241e+00
      vertex   3.760934e+00 0.000000e+00 -1.632597e+00
    endloop
  endfacet
  facet normal -9.423238e-01 0.000000e+00 3.347026e-01
    outer loop
      vertex   3.760934e+00 1.500000e+00 -1.632597e+00
      vertex   3.760934e+00 0.000000e+00 -1.632597e+00
      vertex   3.948127e+00 1.500000e+00 -1.105573e+00
    endloop
  endfacet
  facet normal -9.423238e-01 0.000000e+00 3.347026e-01
    outer loop
      vertex   3.948127e+00 1.500000e+00 -1.105573e+00
      vertex   3.760934e+00 0.000000e+00 -1.632597e+00
      vertex   3.948127e+00 0.000000e+00 -1.105573e+00
    endloop
  endfacet
  facet normal -9.791070e-01 0.000000e+00 2.033457e-01
    outer loop
      vertex   3.948127e+00 1.500000e+00 -1.105573e+00
      vertex   3.948127e+00 0.000000e+00 -1.105573e+00
      vertex   4.061854e+00 1.500000e+00 -5.579780e-01
    endloop
  endfacet
  facet normal -9.791070e-01 0.000000e+00 2.033457e-01
    outer loop
      vertex   4.061854e+00 1.500000e+00 -5.579780e-01
      vertex   3.948127e+00 0.000000e+00 -1.105573e+00
      vertex   4.061854e+00 0.000000e+00 -5.579780e-01
    endloop
  endfacet
  facet normal -9.976713e-01 0.000000e+00 6.820493e-02
    outer loop
      vertex   4.061854e+00 1.500000e+00 -5.579780e-01
      vertex   4.061854e+00 0.000000e+00 -5.579780e-01
      vertex   4.100000e+00 1.500000e+00 1.596481e-09
    endloop
  endfacet
  facet normal -9.976713e-01 0.000000e+00 6.820493e-02
    outer loop
      vertex   4.100000e+00 1.500000e+00 1.596481e-09
      vertex   4.061854e+00 0.000000e+00 -5.579780e-01
      vertex   4.100000e+00 0.000000e+00 1.596481e-09
    endloop
  endfacet
  facet normal -9.976713e-01 -0.000000e+00 -6.820493e-02
    outer loop
      vertex   4.100000e+00 1.500000e+00 1.596481e-09
      vertex   4.100000e+00 0.000000e+00 1.596481e-09
      vertex   4.061854e+00 1.500000e+00 5.579780e-01
    endloop
  endfacet
  facet normal -9.976713e-01 -0.000000e+00 -6.820493e-02
    outer loop
      vertex   4.061854e+00 1.500000e+00 5.579780e-01
      vertex   4.100000e+00 0.000000e+00 1.596481e-09
      vertex   4.061854e+00 0.000000e+00 5.579780e-01
    endloop
  endfacet
  facet normal -9.791070e-01 -0.000000e+00 -2.033457e-01
    outer loop
      vertex   4.061854e+00 1.500000e+00 5.579780e-01
      vertex   4.061854e+00 0.000000e+00 5.579780e-01
      vertex   3.948127e+00 1.500000e+00 1.105573e+00
    endloop
  endfacet
  facet normal -9.791070e-01 -0.000000e+00 -2.033457e-01
    outer loop
      vertex   3.948127e+00 1.500000e+00 1.105573e+00
      vertex   4.061854e+00 0.000000e+00 5.579780e-01
      vertex   3.948127e+00 0.000000e+00 1.105573e+00
    endloop
  endfacet
  facet normal -9.423238e-01 -0.000000e+00 -3.347026e-01
    outer loop
      vertex   3.948127e+00 1.500000e+00 1.105573e+00
      vertex   3.948127e+00 0.000000e+00 1.105573e+00
      vertex   3.760934e+00 1.500000e+00 1.632597e+00
    endloop
  endfacet
  facet normal -9.423238e-01 -0.000000e+00 -3.347026e-01
    outer loop
      vertex   3.760934e+00 1.500000e+00 1.632597e+00
      vertex   3.948127e+00 0.000000e+00 1.105573e+00
      vertex   3.760934e+00 0.000000e+00 1.632597e+00
    endloop
  endfacet
  facet normal -8.880062e-01 -0.000000e+00 -4.598315e-01
    outer loop
      vertex   3.760934e+00 1.500000e+00 1.632597e+00
      vertex   3.760934e+00 0.000000e+00 1.632597e+00
      vertex   3.503760e+00 1.500000e+00 2.129241e+00
    endloop
  endfacet
  facet normal -8.880062e-01 -0.000000e+00 -4.598315e-01
    outer loop
      vertex   3.503760e+00 1.500000e+00 2.129241e+00
      vertex   3.760934e+00 0.000000e+00 1.632597e+00
      vertex   3.503760e+00 0.000000e+00 2.129241e+00
    endloop
  endfacet
  facet normal -8.171649e-01 -0.000000e+00 -5.764040e-01
    outer loop
      vertex   3.503760e+00 1.500000e+00 2.129241e+00
      vertex   3.503760e+00 0.000000e+00 2.129241e+00
      vertex   3.181388e+00 1.500000e+00 2.586265e+00
    endloop
  endfacet
  facet normal -8.171649e-01 -0.000000e+00 -5.764040e-01
    outer loop
      vertex   3.181388e+00 1.500000e+00 2.586265e+00
      vertex   3.503760e+00 0.000000e+00 2.129241e+00
      vertex   3.181388e+00 0.000000e+00 2.586265e+00
    endloop
  endfacet
  facet normal -7.311180e-01 -0.000000e+00 -6.822510e-01
    outer loop
      vertex   3.181388e+00 1.500000e+00 2.586265e+00
      vertex   3.181388e+00 0.000000e+00 2.586265e+00
      vertex   2.799819e+00 1.500000e+00 2.995165e+00
    endloop
  endfacet
  facet normal -7.311180e-01 -0.000000e+00 -6.822510e-01
    outer loop
      vertex   2.799819e+00 1.500000e+00 2.995165e+00
      vertex   3.181388e+00 0.000000e+00 2.586265e+00
      vertex   2.799819e+00 0.000000e+00 2.995165e+00
    endloop
  endfacet
  facet normal -6.314668e-01 -0.000000e+00 -7.754029e-01
    outer loop
      vertex   2.799819e+00 1.500000e+00 2.995165e+00
      vertex   2.799819e+00 0.000000e+00 2.995165e+00
      vertex   2.366151e+00 1.500000e+00 3.348332e+00
    endloop
  endfacet
  facet normal -6.314668e-01 -0.000000e+00 -7.754029e-01
    outer loop
      vertex   2.366151e+00 1.500000e+00 3.348332e+00
      vertex   2.799819e+00 0.000000e+00 2.995165e+00
      vertex   2.366151e+00 0.000000e+00 3.348332e+00
    endloop
  endfacet
  facet normal -5.200654e-01 -0.000000e+00 -8.541264e-01
    outer loop
      vertex   2.366151e+00 1.500000e+00 3.348332e+00
      vertex   2.366151e+00 0.000000e+00 3.348332e+00
      vertex   1.888455e+00 1.500000e+00 3.639195e+00
    endloop
  endfacet
  facet normal -5.200654e-01 -0.000000e+00 -8.541264e-01
    outer loop
      vertex   1.888455e+00 1.500000e+00 3.639195e+00
      vertex   2.366151e+00 0.000000e+00 3.348332e+00
      vertex   1.888455e+00 0.000000e+00 3.639195e+00
    endloop
  endfacet
  facet normal -3.989869e-01 -0.000000e+00 -9.169566e-01
    outer loop
      vertex   1.888455e+00 1.500000e+00 3.639195e+00
      vertex   1.888455e+00 0.000000e+00 3.639195e+00
      vertex   1.375619e+00 1.500000e+00 3.862340e+00
    endloop
  endfacet
  facet normal -3.989869e-01 -0.000000e+00 -9.169566e-01
    outer loop
      vertex   1.375619e+00 1.500000e+00 3.862340e+00
      vertex   1.888455e+00 0.000000e+00 3.639195e+00
      vertex   1.375619e+00 0.000000e+00 3.862340e+00
    endloop
  endfacet
  facet normal -2.704841e-01 -0.000000e+00 -9.627244e-01
    outer loop
      vertex   1.375619e+00 1.500000e+00 3.862340e+00
      vertex   1.375619e+00 0.000000e+00 3.862340e+00
      vertex   8.371860e-01 1.500000e+00 4.013617e+00
    endloop
  endfacet
  facet normal -2.704841e-01 -0.000000e+00 -9.627244e-01
    outer loop
      vertex   8.371860e-01 1.500000e+00 4.013617e+00
      vertex   1.375619e+00 0.000000e+00 3.862340e+00
      vertex   8.371860e-01 0.000000e+00 4.013617e+00
    endloop
  endfacet
  facet normal -1.369483e-01 -0.000000e+00 -9.905782e-01
    outer loop
      vertex   8.371860e-01 1.500000e+00 4.013617e+00
      vertex   8.371860e-01 0.000000e+00 4.013617e+00
      vertex   2.831750e-01 1.500000e+00 4.090209e+00
    endloop
  endfacet
  facet normal -1.369483e-01 -0.000000e+00 -9.905782e-01
    outer loop
      vertex   2.831750e-01 1.500000e+00 4.090209e+00
      vertex   8.371860e-01 0.000000e+00 4.013617e+00
      vertex   2.831750e-01 0.000000e+00 4.090209e+00
    endloop
  endfacet
  facet normal -8.641786e-04 -0.000000e+00 -9.999996e-01
    outer loop
      vertex   2.831750e-01 1.500000e+00 4.090209e+00
      vertex   2.831750e-01 0.000000e+00 4.090209e+00
      vertex   -2.761052e-01 1.500000e+00 4.090693e+00
    endloop
  endfacet
  facet normal -8.641786e-04 -0.000000e+00 -9.999996e-01
    outer loop
      vertex   -2.761052e-01 1.500000e+00 4.090693e+00
      vertex   2.831750e-01 0.000000e+00 4.090209e+00
      vertex   -2.761052e-01 0.000000e+00 4.090693e+00
    endloop
  endfacet
  facet normal 1.352360e-01 0.000000e+00 -9.908134e-01
    outer loop
      vertex   -2.761052e-01 1.500000e+00 4.090693e+00
      vertex   -2.761052e-01 0.000000e+00 4.090693e+00
      vertex   -8.302477e-01 1.500000e+00 4.015058e+00
    endloop
  endfacet
  facet normal 1.352360e-01 0.000000e+00 -9.908134e-01
    outer loop
      vertex   -8.302477e-01 1.500000e+00 4.015058e+00
      vertex   -2.761052e-01 0.000000e+00 4.090693e+00
      vertex   -8.302477e-01 0.000000e+00 4.015058e+00
    endloop
  endfacet
  facet normal 2.688198e-01 0.000000e+00 -9.631905e-01
    outer loop
      vertex   -8.302477e-01 1.500000e+00 4.015058e+00
      vertex   -8.302477e-01 0.000000e+00 4.015058e+00
      vertex   -1.368941e+00 1.500000e+00 3.864712e+00
    endloop
  endfacet
  facet normal 2.688198e-01 0.000000e+00 -9.631905e-01
    outer loop
      vertex   -1.368941e+00 1.500000e+00 3.864712e+00
      vertex   -8.302477e-01 0.000000e+00 4.015058e+00
      vertex   -1.368941e+00 0.000000e+00 3.864712e+00
    endloop
  endfacet
  facet normal 3.974014e-01 0.000000e+00 -9.176449e-01
    outer loop
      vertex   -1.368941e+00 1.500000e+00 3.864712e+00
      vertex   -1.368941e+00 0.000000e+00 3.864712e+00
      vertex   -1.882162e+00 1.500000e+00 3.642453e+00
    endloop
  endfacet
  facet normal 3.974014e-01 0.000000e+00 -9.176449e-01
    outer loop
      vertex   -1.882162e+00 1.500000e+00 3.642453e+00
      vertex   -1.368941e+00 0.000000e+00 3.864712e+00
      vertex   -1.882162e+00 0.000000e+00 3.642453e+00
    endloop
  endfacet
  facet normal 5.185884e-01 0.000000e+00 -8.550240e-01
    outer loop
      vertex   -1.882162e+00 1.500000e+00 3.642453e+00
      vertex   -1.882162e+00 0.000000e+00 3.642453e+00
      vertex   -2.360360e+00 1.500000e+00 3.352417e+00
    endloop
  endfacet
  facet normal 5.185884e-01 0.000000e+00 -8.550240e-01
    outer loop
      vertex   -2.360360e+00 1.500000e+00 3.352417e+00
      vertex   -1.882162e+00 0.000000e+00 3.642453e+00
      vertex   -2.360360e+00 0.000000e+00 3.352417e+00
    endloop
  endfacet
  facet normal 6.301256e-01 0.000000e+00 -7.764932e-01
    outer loop
      vertex   -2.360360e+00 1.500000e+00 3.352417e+00
      vertex   -2.360360e+00 0.000000e+00 3.352417e+00
      vertex   -2.794638e+00 1.500000e+00 3.000000e+00
    endloop
  endfacet
  facet normal 6.301256e-01 0.000000e+00 -7.764932e-01
    outer loop
      vertex   -2.794638e+00 1.500000e+00 3.000000e+00
      vertex   -2.360360e+00 0.000000e+00 3.352417e+00
      vertex   -2.794638e+00 0.000000e+00 3.000000e+00
    endloop
  endfacet
  facet normal -1.683433e-10 0.000000e+00 -1.000000e+00
    outer loop
      vertex   -2.794638e+00 0.000000e+00 3.000000e+00
      vertex   -3.610412e+00 0.000000e+00 3.000000e+00
      vertex   -2.794638e+00 1.500000e+00 3.000000e+00
    endloop
  endfacet
  facet normal -1.683433e-10 0.000000e+00 -1.000000e+00
    outer loop
      vertex   -2.794638e+00 1.500000e+00 3.000000e+00
      vertex   -3.610412e+00 0.000000e+00 3.000000e+00
      vertex   -3.610412e+00 1.500000e+00 3.000000e+00
    endloop
  endfacet
  facet normal 0.000000e+00 -1.000000e+00 0.000000e+00
    outer loop
      vertex   -3.610412e+00 1.500000e+00 3.000000e+00
      vertex   -4.432561e-01 1.500000e+00 1.168770e+00
      vertex   -2.794638e+00 1.500000e+00 3.000000e+00
    endloop
  endfacet
  facet normal 0.000000e+00 -1.000000e+00 0.000000e+00
    outer loop
      vertex   -2.794638e+00 1.500000e+00 3.000000e+00
      vertex   -4.432561e-01 1.500000e+00 1.168770e+00
      vertex   -1.506709e-01 1.500000e+00 1.240886e+00
    endloop
  endfacet
  facet normal 0.000000e+00 -1.000000e+00 0.000000e+00
    outer loop
      vertex   -2.794638e+00 1.500000e+00 3.000000e+00
      vertex   -1.506709e-01 1.500000e+00 1.240886e+00
      vertex   2.799819e+00 1.500000e+00 2.995165e+00
    endloop
  endfacet
  facet normal 0.000000e+00 -1.000000e+00 0.000000e+00
    outer loop
      vertex   2.799819e+00 1.500000e+00 2.995165e+00
      vertex   -1.506709e-01 1.500000e+00 1.240886e+00
      vertex   1.506709e-01 1.500000e+00 1.240886e+00
    endloop
  endfacet
  facet normal 0.000000e+00 -1.000000e+00 -0.000000e+00
    outer loop
      vertex   2.799819e+00 1.500000e+00 2.995165e+00
      vertex   1.506709e-01 1.500000e+00 1.240886e+00
      vertex   3.181388e+00 1.500000e+00 2.586265e+00
    endloop
  endfacet
  facet normal 0.000000e+00 -1.000000e+00 -0.000000e+00
    outer loop
      vertex   3.181388e+00 1.500000e+00 2.586265e+00
      vertex   1.506709e-01 1.500000e+00 1.240886e+00
      vertex   3.503760e+00 1.500000e+00 2.129241e+00
    endloop
  endfacet
  facet normal 0.000000e+00 -1.000000e+00 0.000000e+00
    outer loop
      vertex   3.503760e+00 1.500000e+00 2.129241e+00
      vertex   1.506709e-01 1.500000e+00 1.240886e+00
      vertex   4.432561e-01 1.500000e+00 1.168770e+00
    endloop
  endfacet
  facet normal 0.000000e+00 -1.000000e+00 -0.000000e+00
    outer loop
      vertex   3.503760e+00 1.500000e+00 2.129241e+00
      vertex   4.432561e-01 1.500000e+00 1.168770e+00
      vertex   3.760934e+00 1.500000e+00 1.632597e+00
    endloop
  endfacet
  facet normal 0.000000e+00 -1.000000e+00 0.000000e+00
    outer loop
      vertex   3.760934e+00 1.500000e+00 1.632597e+00
      vertex   4.432561e-01 1.500000e+00 1.168770e+00
      vertex   7.100809e-01 1.500000e+00 1.028730e+00
    endloop
  endfacet
  facet normal 0.000000e+00 -1.000000e+00 -0.000000e+00
    outer loop
      vertex   3.760934e+00 1.500000e+00 1.632597e+00
      vertex   7.100809e-01 1.500000e+00 1.028730e+00
      vertex   3.948127e+00 1.500000e+00 1.105573e+00
    endloop
  endfacet
  facet normal 0.000000e+00 -1.000000e+00 0.000000e+00
    outer loop
      vertex   3.948127e+00 1.500000e+00 1.105573e+00
      vertex   7.100809e-01 1.500000e+00 1.028730e+00
      vertex   9.356384e-01 1.500000e+00 8.289033e-01
    endloop
  endfacet
  facet normal 0.000000e+00 -1.000000e+00 0.000000e+00
    outer loop
      vertex   3.948127e+00 1.500000e+00 1.105573e+00
      vertex   9.356384e-01 1.500000e+00 8.289033e-01
      vertex   1.106820e+00 1.500000e+00 5.809040e-01
    endloop
  endfacet
  facet normal 0.000000e+00 -1.000000e+00 0.000000e+00
    outer loop
      vertex   -1.561099e+01 1.500000e+00 2.499976e+00
      vertex   -1.106820e+00 1.500000e+00 5.809040e-01
      vertex   -3.610412e+00 1.500000e+00 3.000000e+00
    endloop
  endfacet
  facet normal 0.000000e+00 -1.000000e+00 0.000000e+00
    outer loop
      vertex   -3.610412e+00 1.500000e+00 3.000000e+00
      vertex   -1.106820e+00 1.500000e+00 5.809040e-01
      vertex   -9.356384e-01 1.500000e+00 8.289033e-01
    endloop
  endfacet
  facet normal 0.000000e+00 -1.000000e+00 0.000000e+00
    outer loop
      vertex   -3.610412e+00 1.500000e+00 3.000000e+00
      vertex   -9.356384e-01 1.500000e+00 8.289033e-01
      vertex   -7.100809e-01 1.500000e+00 1.028730e+00
    endloop
  endfacet
  facet normal 0.000000e+00 -1.000000e+00 -0.000000e+00
    outer loop
      vertex   -1.604374e+01 1.500000e+00 2.460304e+00
      vertex   -1.646308e+01 1.500000e+00 2.346294e+00
      vertex   -1.561099e+01 1.500000e+00 2.499976e+00
    endloop
  endfacet
  facet normal 0.000000e+00 -1.000000e+00 0.000000e+00
    outer loop
      vertex   -1.561099e+01 1.500000e+00 2.499976e+00
      vertex   -1.646308e+01 1.500000e+00 2.346294e+00
      vertex   -1.685634e+01 1.500000e+00 2.161390e+00
    endloop
  endfacet
  facet normal 0.000000e+00 -1.000000e+00 0.000000e+00
    outer loop
      vertex   -1.561099e+01 1.500000e+00 2.499976e+00
      vertex   -1.685634e+01 1.500000e+00 2.161390e+00
      vertex   -1.721164e+01 1.500000e+00 1.911180e+00
    endloop
  endfacet
  facet normal 0.000000e+00 -1.000000e+00 -0.000000e+00
    outer loop
      vertex   -1.721164e+01 1.500000e+00 1.911180e+00
      vertex   -1.751825e+01 1.500000e+00 1.603224e+00
      vertex   -1.561099e+01 1.500000e+00 2.499976e+00
    endloop
  endfacet
  facet normal 0.000000e+00 -1.000000e+00 0.000000e+00
    outer loop
      vertex   -1.561099e+01 1.500000e+00 2.499976e+00
      vertex   -1.751825e+01 1.500000e+00 1.603224e+00
      vertex   -1.776689e+01 1.500000e+00 1.246825e+00
    endloop
  endfacet
  facet normal 0.000000e+00 -1.000000e+00 0.000000e+00
    outer loop
      vertex   -1.561099e+01 1.500000e+00 2.499976e+00
      vertex   -1.776689e+01 1.500000e+00 1.246825e+00
      vertex   -1.795007e+01 1.500000e+00 8.527546e-01
    endloop
  endfacet
  facet normal 0.000000e+00 -1.000000e+00 -0.000000e+00
    outer loop
      vertex   -1.561099e+01 1.500000e+00 2.499976e+00
      vertex   -1.795007e+01 1.500000e+00 8.527546e-01
      vertex   -1.213677e+00 1.500000e+00 2.991446e-01
    endloop
  endfacet
  facet normal 0.000000e+00 -1.000000e+00 0.000000e+00
    outer loop
      vertex   -1.213677e+00 1.500000e+00 2.991446e-01
      vertex   -1.795007e+01 1.500000e+00 8.527546e-01
      vertex   -1.806223e+01 1.500000e+00 4.329176e-01
    endloop
  endfacet
  facet normal -0.000000e+00 -1.000000e+00 0.000000e+00
    outer loop
      vertex   -1.213677e+00 1.500000e+00 2.991446e-01
      vertex   -1.806223e+01 1.500000e+00 4.329176e-01
      vertex   -1.250000e+00 1.500000e+00 -1.530808e-16
    endloop
  endfacet
  facet normal 0.000000e+00 -1.000000e+00 0.000000e+00
    outer loop
      vertex   -1.250000e+00 1.500000e+00 -1.530808e-16
      vertex   -1.806223e+01 1.500000e+00 4.329176e-01
      vertex   -1.810000e+01 1.500000e+00 1.455221e-10
    endloop
  endfacet
  facet normal -0.000000e+00 -1.000000e+00 0.000000e+00
    outer loop
      vertex   -1.250000e+00 1.500000e+00 -1.530808e-16
      vertex   -1.810000e+01 1.500000e+00 1.455221e-10
      vertex   -1.806223e+01 1.500000e+00 -4.329176e-01
    endloop
  endfacet
  facet normal 0.000000e+00 -1.000000e+00 0.000000e+00
    outer loop
      vertex   -1.806223e+01 1.500000e+00 -4.329176e-01
      vertex   -1.795007e+01 1.500000e+00 -8.527546e-01
      vertex   -1.250000e+00 1.500000e+00 -1.530808e-16
    endloop
  endfacet
  facet normal 0.000000e+00 -1.000000e+00 0.000000e+00
    outer loop
      vertex   -1.250000e+00 1.500000e+00 -1.530808e-16
      vertex   -1.795007e+01 1.500000e+00 -8.527546e-01
      vertex   -1.561099e+01 1.500000e+00 -2.499976e+00
    endloop
  endfacet
  facet normal 0.000000e+00 -1.000000e+00 0.000000e+00
    outer loop
      vertex   -1.250000e+00 1.500000e+00 -1.530808e-16
      vertex   -1.561099e+01 1.500000e+00 -2.499976e+00
      vertex   -3.610412e+00 1.500000e+00 -3.000000e+00
    endloop
  endfacet
  facet normal 0.000000e+00 -1.000000e+00 0.000000e+00
    outer loop
      vertex   -1.795007e+01 1.500000e+00 -8.527546e-01
      vertex   -1.776689e+01 1.500000e+00 -1.246825e+00
      vertex   -1.561099e+01 1.500000e+00 -2.499976e+00
    endloop
  endfacet
  facet normal 0.000000e+00 -1.000000e+00 0.000000e+00
    outer loop
      vertex   -1.561099e+01 1.500000e+00 -2.499976e+00
      vertex   -1.776689e+01 1.500000e+00 -1.246825e+00
      vertex   -1.751825e+01 1.500000e+00 -1.603224e+00
    endloop
  endfacet
  facet normal 0.000000e+00 -1.000000e+00 0.000000e+00
    outer loop
      vertex   -1.561099e+01 1.500000e+00 -2.499976e+00
      vertex   -1.751825e+01 1.500000e+00 -1.603224e+00
      vertex   -1.721164e+01 1.500000e+00 -1.911180e+00
    endloop
  endfacet
  facet normal 0.000000e+00 -1.000000e+00 0.000000e+00
    outer loop
      vertex   -1.721164e+01 1.500000e+00 -1.911180e+00
      vertex   -1.685634e+01 1.500000e+00 -2.161390e+00
      vertex   -1.561099e+01 1.500000e+00 -2.499976e+00
    endloop
  endfacet
  facet normal 0.000000e+00 -1.000000e+00 0.000000e+00
    outer loop
      vertex   -1.561099e+01 1.500000e+00 -2.499976e+00
      vertex   -1.685634e+01 1.500000e+00 -2.161390e+00
      vertex   -1.646308e+01 1.500000e+00 -2.346294e+00
    endloop
  endfacet
  facet normal 0.000000e+00 -1.000000e+00 0.000000e+00
    outer loop
      vertex   -1.561099e+01 1.500000e+00 -2.499976e+00
      vertex   -1.646308e+01 1.500000e+00 -2.346294e+00
      vertex   -1.604374e+01 1.500000e+00 -2.460304e+00
    endloop
  endfacet
  facet normal 0.000000e+00 -1.000000e+00 0.000000e+00
    outer loop
      vertex   -3.610412e+00 1.500000e+00 -3.000000e+00
      vertex   -2.794638e+00 1.500000e+00 -3.000000e+00
      vertex   -1.250000e+00 1.500000e+00 -1.530808e-16
    endloop
  endfacet
  facet normal 0.000000e+00 -1.000000e+00 0.000000e+00
    outer loop
      vertex   -1.250000e+00 1.500000e+00 -1.530808e-16
      vertex   -2.794638e+00 1.500000e+00 -3.000000e+00
      vertex   -2.360360e+00 1.500000e+00 -3.352417e+00
    endloop
  endfacet
  facet normal 0.000000e+00 -1.000000e+00 0.000000e+00
    outer loop
      vertex   -1.250000e+00 1.500000e+00 -1.530808e-16
      vertex   -2.360360e+00 1.500000e+00 -3.352417e+00
      vertex   -1.368941e+00 1.500000e+00 -3.864712e+00
    endloop
  endfacet
  facet normal 0.000000e+00 -1.000000e+00 0.000000e+00
    outer loop
      vertex   -1.368941e+00 1.500000e+00 -3.864712e+00
      vertex   -2.360360e+00 1.500000e+00 -3.352417e+00
      vertex   -1.882162e+00 1.500000e+00 -3.642453e+00
    endloop
  endfacet
  facet normal 0.000000e+00 -1.000000e+00 0.000000e+00
    outer loop
      vertex   -8.302477e-01 1.500000e+00 -4.015058e+00
      vertex   8.371860e-01 1.500000e+00 -4.013617e+00
      vertex   -1.368941e+00 1.500000e+00 -3.864712e+00
    endloop
  endfacet
  facet normal 0.000000e+00 -1.000000e+00 0.000000e+00
    outer loop
      vertex   -1.368941e+00 1.500000e+00 -3.864712e+00
      vertex   8.371860e-01 1.500000e+00 -4.013617e+00
      vertex   1.375619e+00 1.500000e+00 -3.862340e+00
    endloop
  endfacet
  facet normal 0.000000e+00 -1.000000e+00 0.000000e+00
    outer loop
      vertex   -1.368941e+00 1.500000e+00 -3.864712e+00
      vertex   1.375619e+00 1.500000e+00 -3.862340e+00
      vertex   2.366151e+00 1.500000e+00 -3.348332e+00
    endloop
  endfacet
  facet normal 0.000000e+00 -1.000000e+00 0.000000e+00
    outer loop
      vertex   2.366151e+00 1.500000e+00 -3.348332e+00
      vertex   1.375619e+00 1.500000e+00 -3.862340e+00
      vertex   1.888455e+00 1.500000e+00 -3.639195e+00
    endloop
  endfacet
  facet normal 0.000000e+00 -1.000000e+00 0.000000e+00
    outer loop
      vertex   -2.761052e-01 1.500000e+00 -4.090693e+00
      vertex   2.831750e-01 1.500000e+00 -4.090209e+00
      vertex   -8.302477e-01 1.500000e+00 -4.015058e+00
    endloop
  endfacet
  facet normal 0.000000e+00 -1.000000e+00 0.000000e+00
    outer loop
      vertex   -8.302477e-01 1.500000e+00 -4.015058e+00
      vertex   2.831750e-01 1.500000e+00 -4.090209e+00
      vertex   8.371860e-01 1.500000e+00 -4.013617e+00
    endloop
  endfacet
  facet normal -0.000000e+00 -1.000000e+00 0.000000e+00
    outer loop
      vertex   2.366151e+00 1.500000e+00 -3.348332e+00
      vertex   2.799819e+00 1.500000e+00 -2.995165e+00
      vertex   -1.368941e+00 1.500000e+00 -3.864712e+00
    endloop
  endfacet
  facet normal 0.000000e+00 -1.000000e+00 0.000000e+00
    outer loop
      vertex   -1.368941e+00 1.500000e+00 -3.864712e+00
      vertex   2.799819e+00 1.500000e+00 -2.995165e+00
      vertex   -1.506709e-01 1.500000e+00 -1.240886e+00
    endloop
  endfacet
  facet normal 0.000000e+00 -1.000000e+00 0.000000e+00
    outer loop
      vertex   -1.368941e+00 1.500000e+00 -3.864712e+00
      vertex   -1.506709e-01 1.500000e+00 -1.240886e+00
      vertex   -4.432561e-01 1.500000e+00 -1.168770e+00
    endloop
  endfacet
  facet normal 0.000000e+00 -1.000000e+00 0.000000e+00
    outer loop
      vertex   -1.506709e-01 1.500000e+00 -1.240886e+00
      vertex   2.799819e+00 1.500000e+00 -2.995165e+00
      vertex   1.506709e-01 1.500000e+00 -1.240886e+00
    endloop
  endfacet
  facet normal 0.000000e+00 -1.000000e+00 0.000000e+00
    outer loop
      vertex   1.506709e-01 1.500000e+00 -1.240886e+00
      vertex   2.799819e+00 1.500000e+00 -2.995165e+00
      vertex   3.181388e+00 1.500000e+00 -2.586265e+00
    endloop
  endfacet
  facet normal 0.000000e+00 -1.000000e+00 0.000000e+00
    outer loop
      vertex   1.506709e-01 1.500000e+00 -1.240886e+00
      vertex   3.181388e+00 1.500000e+00 -2.586265e+00
      vertex   4.432561e-01 1.500000e+00 -1.168770e+00
    endloop
  endfacet
  facet normal 0.000000e+00 -1.000000e+00 0.000000e+00
    outer loop
      vertex   4.432561e-01 1.500000e+00 -1.168770e+00
      vertex   3.181388e+00 1.500000e+00 -2.586265e+00
      vertex   7.100809e-01 1.500000e+00 -1.028730e+00
    endloop
  endfacet
  facet normal 0.000000e+00 -1.000000e+00 0.000000e+00
    outer loop
      vertex   7.100809e-01 1.500000e+00 -1.028730e+00
      vertex   3.181388e+00 1.500000e+00 -2.586265e+00
      vertex   9.356384e-01 1.500000e+00 -8.289033e-01
    endloop
  endfacet
  facet normal 0.000000e+00 -1.000000e+00 0.000000e+00
    outer loop
      vertex   9.356384e-01 1.500000e+00 -8.289033e-01
      vertex   3.181388e+00 1.500000e+00 -2.586265e+00
      vertex   1.106820e+00 1.500000e+00 -5.809040e-01
    endloop
  endfacet
  facet normal 0.000000e+00 -1.000000e+00 0.000000e+00
    outer loop
      vertex   1.106820e+00 1.500000e+00 -5.809040e-01
      vertex   3.181388e+00 1.500000e+00 -2.586265e+00
      vertex   3.503760e+00 1.500000e+00 -2.129241e+00
    endloop
  endfacet
  facet normal 0.000000e+00 -1.000000e+00 0.000000e+00
    outer loop
      vertex   1.106820e+00 1.500000e+00 -5.809040e-01
      vertex   3.503760e+00 1.500000e+00 -2.129241e+00
      vertex   3.760934e+00 1.500000e+00 -1.632597e+00
    endloop
  endfacet
  facet normal 0.000000e+00 -1.000000e+00 0.000000e+00
    outer loop
      vertex   3.760934e+00 1.500000e+00 -1.632597e+00
      vertex   3.948127e+00 1.500000e+00 -1.105573e+00
      vertex   1.106820e+00 1.500000e+00 -5.809040e-01
    endloop
  endfacet
  facet normal 0.000000e+00 -1.000000e+00 0.000000e+00
    outer loop
      vertex   1.106820e+00 1.500000e+00 -5.809040e-01
      vertex   3.948127e+00 1.500000e+00 -1.105573e+00
      vertex   4.061854e+00 1.500000e+00 -5.579780e-01
    endloop
  endfacet
  facet normal 0.000000e+00 -1.000000e+00 0.000000e+00
    outer loop
      vertex   1.106820e+00 1.500000e+00 -5.809040e-01
      vertex   4.061854e+00 1.500000e+00 -5.579780e-01
      vertex   1.213677e+00 1.500000e+00 -2.991446e-01
    endloop
  endfacet
  facet normal 0.000000e+00 -1.000000e+00 0.000000e+00
    outer loop
      vertex   1.213677e+00 1.500000e+00 -2.991446e-01
      vertex   4.061854e+00 1.500000e+00 -5.579780e-01
      vertex   4.100000e+00 1.500000e+00 1.596481e-09
    endloop
  endfacet
  facet normal 0.000000e+00 -1.000000e+00 0.000000e+00
    outer loop
      vertex   1.213677e+00 1.500000e+00 -2.991446e-01
      vertex   4.100000e+00 1.500000e+00 1.596481e-09
      vertex   1.250000e+00 1.500000e+00 0.000000e+00
    endloop
  endfacet
  facet normal 0.000000e+00 -1.000000e+00 0.000000e+00
    outer loop
      vertex   1.250000e+00 1.500000e+00 0.000000e+00
      vertex   4.100000e+00 1.500000e+00 1.596481e-09
      vertex   1.213677e+00 1.500000e+00 2.991446e-01
    endloop
  endfacet
  facet normal 0.000000e+00 -1.000000e+00 0.000000e+00
    outer loop
      vertex   1.213677e+00 1.500000e+00 2.991446e-01
      vertex   4.100000e+00 1.500000e+00 1.596481e-09
      vertex   4.061854e+00 1.500000e+00 5.579780e-01
    endloop
  endfacet
  facet normal 0.000000e+00 -1.000000e+00 0.000000e+00
    outer loop
      vertex   1.213677e+00 1.500000e+00 2.991446e-01
      vertex   4.061854e+00 1.500000e+00 5.579780e-01
      vertex   1.106820e+00 1.500000e+00 5.809040e-01
    endloop
  endfacet
  facet normal 0.000000e+00 -1.000000e+00 0.000000e+00
    outer loop
      vertex   1.106820e+00 1.500000e+00 5.809040e-01
      vertex   4.061854e+00 1.500000e+00 5.579780e-01
      vertex   3.948127e+00 1.500000e+00 1.105573e+00
    endloop
  endfacet
  facet normal 0.000000e+00 -1.000000e+00 0.000000e+00
    outer loop
      vertex   2.799819e+00 1.500000e+00 2.995165e+00
      vertex   2.366151e+00 1.500000e+00 3.348332e+00
      vertex   -2.794638e+00 1.500000e+00 3.000000e+00
    endloop
  endfacet
  facet normal 0.000000e+00 -1.000000e+00 0.000000e+00
    outer loop
      vertex   -2.794638e+00 1.500000e+00 3.000000e+00
      vertex   2.366151e+00 1.500000e+00 3.348332e+00
      vertex   -2.360360e+00 1.500000e+00 3.352417e+00
    endloop
  endfacet
  facet normal 0.000000e+00 -1.000000e+00 0.000000e+00
    outer loop
      vertex   -2.360360e+00 1.500000e+00 3.352417e+00
      vertex   2.366151e+00 1.500000e+00 3.348332e+00
      vertex   1.888455e+00 1.500000e+00 3.639195e+00
    endloop
  endfacet
  facet normal 0.000000e+00 -1.000000e+00 0.000000e+00
    outer loop
      vertex   -2.360360e+00 1.500000e+00 3.352417e+00
      vertex   1.888455e+00 1.500000e+00 3.639195e+00
      vertex   -1.882162e+00 1.500000e+00 3.642453e+00
    endloop
  endfacet
  facet normal 0.000000e+00 -1.000000e+00 0.000000e+00
    outer loop
      vertex   -1.882162e+00 1.500000e+00 3.642453e+00
      vertex   1.888455e+00 1.500000e+00 3.639195e+00
      vertex   1.375619e+00 1.500000e+00 3.862340e+00
    endloop
  endfacet
  facet normal 0.000000e+00 -1.000000e+00 0.000000e+00
    outer loop
      vertex   -1.882162e+00 1.500000e+00 3.642453e+00
      vertex   1.375619e+00 1.500000e+00 3.862340e+00
      vertex   -1.368941e+00 1.500000e+00 3.864712e+00
    endloop
  endfacet
  facet normal 0.000000e+00 -1.000000e+00 0.000000e+00
    outer loop
      vertex   -1.368941e+00 1.500000e+00 3.864712e+00
      vertex   1.375619e+00 1.500000e+00 3.862340e+00
      vertex   8.371860e-01 1.500000e+00 4.013617e+00
    endloop
  endfacet
  facet normal 0.000000e+00 -1.000000e+00 0.000000e+00
    outer loop
      vertex   -1.368941e+00 1.500000e+00 3.864712e+00
      vertex   8.371860e-01 1.500000e+00 4.013617e+00
      vertex   -8.302477e-01 1.500000e+00 4.015058e+00
    endloop
  endfacet
  facet normal 0.000000e+00 -1.000000e+00 0.000000e+00
    outer loop
      vertex   -8.302477e-01 1.500000e+00 4.015058e+00
      vertex   8.371860e-01 1.500000e+00 4.013617e+00
      vertex   2.831750e-01 1.500000e+00 4.090209e+00
    endloop
  endfacet
  facet normal 0.000000e+00 -1.000000e+00 0.000000e+00
    outer loop
      vertex   -8.302477e-01 1.500000e+00 4.015058e+00
      vertex   2.831750e-01 1.500000e+00 4.090209e+00
      vertex   -2.761052e-01 1.500000e+00 4.090693e+00
    endloop
  endfacet
  facet normal 0.000000e+00 -1.000000e+00 0.000000e+00
    outer loop
      vertex   -1.213677e+00 1.500000e+00 2.991446e-01
      vertex   -1.106820e+00 1.500000e+00 5.809040e-01
      vertex   -1.561099e+01 1.500000e+00 2.499976e+00
    endloop
  endfacet
  facet normal 0.000000e+00 -1.000000e+00 0.000000e+00
    outer loop
      vertex   -7.100809e-01 1.500000e+00 1.028730e+00
      vertex   -4.432561e-01 1.500000e+00 1.168770e+00
      vertex   -3.610412e+00 1.500000e+00 3.000000e+00
    endloop
  endfacet
  facet normal -0.000000e+00 -1.000000e+00 0.000000e+00
    outer loop
      vertex   -4.432561e-01 1.500000e+00 -1.168770e+00
      vertex   -7.100809e-01 1.500000e+00 -1.028730e+00
      vertex   -1.368941e+00 1.500000e+00 -3.864712e+00
    endloop
  endfacet
  facet normal 0.000000e+00 -1.000000e+00 0.000000e+00
    outer loop
      vertex   -1.368941e+00 1.500000e+00 -3.864712e+00
      vertex   -7.100809e-01 1.500000e+00 -1.028730e+00
      vertex   -9.356384e-01 1.500000e+00 -8.289033e-01
    endloop
  endfacet
  facet normal 0.000000e+00 -1.000000e+00 0.000000e+00
    outer loop
      vertex   -1.368941e+00 1.500000e+00 -3.864712e+00
      vertex   -9.356384e-01 1.500000e+00 -8.289033e-01
      vertex   -1.106820e+00 1.500000e+00 -5.809040e-01
    endloop
  endfacet
  facet normal -0.000000e+00 -1.000000e+00 0.000000e+00
    outer loop
      vertex   -1.106820e+00 1.500000e+00 -5.809040e-01
      vertex   -1.213677e+00 1.500000e+00 -2.991446e-01
      vertex   -1.368941e+00 1.500000e+00 -3.864712e+00
    endloop
  endfacet
  facet normal 0.000000e+00 -1.000000e+00 0.000000e+00
    outer loop
      vertex   -1.368941e+00 1.500000e+00 -3.864712e+00
      vertex   -1.213677e+00 1.500000e+00 -2.991446e-01
      vertex   -1.250000e+00 1.500000e+00 -1.530808e-16
    endloop
  endfacet
  facet normal -8.966924e-01 0.000000e+00 4.426541e-01
    outer loop
      vertex   -1.293471e+01 0.000000e+00 4.664320e+00
      vertex   -1.293471e+01 3.000000e+00 4.664320e+00
      vertex   -1.303406e+01 0.000000e+00 4.463051e+00
    endloop
  endfacet
  facet normal -8.966924e-01 0.000000e+00 4.426541e-01
    outer loop
      vertex   -1.303406e+01 0.000000e+00 4.463051e+00
      vertex   -1.293471e+01 3.000000e+00 4.664320e+00
      vertex   -1.303406e+01 3.000000e+00 4.463051e+00
    endloop
  endfacet
  facet normal -7.753754e-01 0.000000e+00 6.315006e-01
    outer loop
      vertex   -1.303406e+01 0.000000e+00 4.463051e+00
      vertex   -1.303406e+01 3.000000e+00 4.463051e+00
      vertex   -1.317581e+01 0.000000e+00 4.289013e+00
    endloop
  endfacet
  facet normal -7.753754e-01 0.000000e+00 6.315006e-01
    outer loop
      vertex   -1.317581e+01 0.000000e+00 4.289013e+00
      vertex   -1.303406e+01 3.000000e+00 4.463051e+00
      vertex   -1.317581e+01 3.000000e+00 4.289013e+00
    endloop
  endfacet
  facet normal -6.149942e-01 0.000000e+00 7.885316e-01
    outer loop
      vertex   -1.317581e+01 0.000000e+00 4.289013e+00
      vertex   -1.317581e+01 3.000000e+00 4.289013e+00
      vertex   -1.335280e+01 0.000000e+00 4.150973e+00
    endloop
  endfacet
  facet normal -6.149942e-01 0.000000e+00 7.885316e-01
    outer loop
      vertex   -1.335280e+01 0.000000e+00 4.150973e+00
      vertex   -1.317581e+01 3.000000e+00 4.289013e+00
      vertex   -1.335280e+01 3.000000e+00 4.150973e+00
    endloop
  endfacet
  facet normal -4.236291e-01 0.000000e+00 9.058357e-01
    outer loop
      vertex   -1.335280e+01 0.000000e+00 4.150973e+00
      vertex   -1.335280e+01 3.000000e+00 4.150973e+00
      vertex   -1.355612e+01 0.000000e+00 4.055887e+00
    endloop
  endfacet
  facet normal -4.236291e-01 0.000000e+00 9.058357e-01
    outer loop
      vertex   -1.355612e+01 0.000000e+00 4.055887e+00
      vertex   -1.335280e+01 3.000000e+00 4.150973e+00
      vertex   -1.355612e+01 3.000000e+00 4.055887e+00
    endloop
  endfacet
  facet normal -2.109213e-01 0.000000e+00 9.775031e-01
    outer loop
      vertex   -1.355612e+01 0.000000e+00 4.055887e+00
      vertex   -1.355612e+01 3.000000e+00 4.055887e+00
      vertex   -1.377553e+01 0.000000e+00 4.008544e+00
    endloop
  endfacet
  facet normal -2.109213e-01 0.000000e+00 9.775031e-01
    outer loop
      vertex   -1.377553e+01 0.000000e+00 4.008544e+00
      vertex   -1.355612e+01 3.000000e+00 4.055887e+00
      vertex   -1.377553e+01 3.000000e+00 4.008544e+00
    endloop
  endfacet
  facet normal -9.988515e-02 0.000000e+00 9.949990e-01
    outer loop
      vertex   -1.377553e+01 3.000000e+00 4.008544e+00
      vertex   -1.482807e+01 3.000000e+00 3.902882e+00
      vertex   -1.377553e+01 0.000000e+00 4.008544e+00
    endloop
  endfacet
  facet normal -9.988515e-02 0.000000e+00 9.949990e-01
    outer loop
      vertex   -1.377553e+01 0.000000e+00 4.008544e+00
      vertex   -1.482807e+01 3.000000e+00 3.902882e+00
      vertex   -1.482807e+01 0.000000e+00 3.902882e+00
    endloop
  endfacet
  facet normal -8.954630e-01 0.000000e+00 4.451359e-01
    outer loop
      vertex   -1.566784e+01 3.000000e+00 3.250000e+00
      vertex   -1.566784e+01 0.000000e+00 3.250000e+00
      vertex   -1.556820e+01 3.000000e+00 3.450445e+00
    endloop
  endfacet
  facet normal -8.954630e-01 0.000000e+00 4.451359e-01
    outer loop
      vertex   -1.556820e+01 3.000000e+00 3.450445e+00
      vertex   -1.566784e+01 0.000000e+00 3.250000e+00
      vertex   -1.556820e+01 0.000000e+00 3.450445e+00
    endloop
  endfacet
  facet normal -7.740132e-01 0.000000e+00 6.331695e-01
    outer loop
      vertex   -1.556820e+01 3.000000e+00 3.450445e+00
      vertex   -1.556820e+01 0.000000e+00 3.450445e+00
      vertex   -1.542647e+01 3.000000e+00 3.623704e+00
    endloop
  endfacet
  facet normal -7.740132e-01 4.583079e-16 6.331695e-01
    outer loop
      vertex   -1.542647e+01 3.000000e+00 3.623704e+00
      vertex   -1.556820e+01 0.000000e+00 3.450445e+00
      vertex   -1.542647e+01 0.000000e+00 3.623704e+00
    endloop
  endfacet
  facet normal -6.137802e-01 3.634309e-16 7.894770e-01
    outer loop
      vertex   -1.542647e+01 3.000000e+00 3.623704e+00
      vertex   -1.542647e+01 0.000000e+00 3.623704e+00
      vertex   -1.524975e+01 3.000000e+00 3.761096e+00
    endloop
  endfacet
  facet normal -6.137802e-01 0.000000e+00 7.894770e-01
    outer loop
      vertex   -1.524975e+01 3.000000e+00 3.761096e+00
      vertex   -1.542647e+01 0.000000e+00 3.623704e+00
      vertex   -1.524975e+01 0.000000e+00 3.761096e+00
    endloop
  endfacet
  facet normal -4.227927e-01 0.000000e+00 9.062264e-01
    outer loop
      vertex   -1.524975e+01 3.000000e+00 3.761096e+00
      vertex   -1.524975e+01 0.000000e+00 3.761096e+00
      vertex   -1.504689e+01 3.000000e+00 3.855736e+00
    endloop
  endfacet
  facet normal -4.227927e-01 0.000000e+00 9.062264e-01
    outer loop
      vertex   -1.504689e+01 3.000000e+00 3.855736e+00
      vertex   -1.524975e+01 0.000000e+00 3.761096e+00
      vertex   -1.504689e+01 0.000000e+00 3.855736e+00
    endloop
  endfacet
  facet normal -2.106204e-01 0.000000e+00 9.775679e-01
    outer loop
      vertex   -1.504689e+01 3.000000e+00 3.855736e+00
      vertex   -1.504689e+01 0.000000e+00 3.855736e+00
      vertex   -1.482807e+01 3.000000e+00 3.902882e+00
    endloop
  endfacet
  facet normal -2.106204e-01 0.000000e+00 9.775679e-01
    outer loop
      vertex   -1.482807e+01 3.000000e+00 3.902882e+00
      vertex   -1.504689e+01 0.000000e+00 3.855736e+00
      vertex   -1.482807e+01 0.000000e+00 3.902882e+00
    endloop
  endfacet
  facet normal -0.000000e+00 1.000000e+00 0.000000e+00
    outer loop
      vertex   -1.556820e+01 3.000000e+00 3.450445e+00
      vertex   -1.482807e+01 3.000000e+00 3.902882e+00
      vertex   -1.566784e+01 3.000000e+00 3.250000e+00
    endloop
  endfacet
  facet normal 0.000000e+00 1.000000e+00 0.000000e+00
    outer loop
      vertex   -1.566784e+01 3.000000e+00 3.250000e+00
      vertex   -1.482807e+01 3.000000e+00 3.902882e+00
      vertex   -1.377553e+01 3.000000e+00 4.008544e+00
    endloop
  endfacet
  facet normal 0.000000e+00 1.000000e+00 0.000000e+00
    outer loop
      vertex   -1.566784e+01 3.000000e+00 3.250000e+00
      vertex   -1.377553e+01 3.000000e+00 4.008544e+00
      vertex   -1.355612e+01 3.000000e+00 4.055887e+00
    endloop
  endfacet
  facet normal 0.000000e+00 1.000000e+00 0.000000e+00
    outer loop
      vertex   -1.556820e+01 3.000000e+00 3.450445e+00
      vertex   -1.542647e+01 3.000000e+00 3.623704e+00
      vertex   -1.482807e+01 3.000000e+00 3.902882e+00
    endloop
  endfacet
  facet normal 0.000000e+00 1.000000e+00 0.000000e+00
    outer loop
      vertex   -1.482807e+01 3.000000e+00 3.902882e+00
      vertex   -1.542647e+01 3.000000e+00 3.623704e+00
      vertex   -1.524975e+01 3.000000e+00 3.761096e+00
    endloop
  endfacet
  facet normal 0.000000e+00 1.000000e+00 0.000000e+00
    outer loop
      vertex   -1.482807e+01 3.000000e+00 3.902882e+00
      vertex   -1.524975e+01 3.000000e+00 3.761096e+00
      vertex   -1.504689e+01 3.000000e+00 3.855736e+00
    endloop
  endfacet
  facet normal 0.000000e+00 1.000000e+00 0.000000e+00
    outer loop
      vertex   -1.335280e+01 3.000000e+00 4.150973e+00
      vertex   -1.250000e+00 3.000000e+00 0.000000e+00
      vertex   -1.355612e+01 3.000000e+00 4.055887e+00
    endloop
  endfacet
  facet normal 0.000000e+00 1.000000e+00 0.000000e+00
    outer loop
      vertex   -1.355612e+01 3.000000e+00 4.055887e+00
      vertex   -1.250000e+00 3.000000e+00 0.000000e+00
      vertex   -1.336591e+01 3.000000e+00 -3.227224e+00
    endloop
  endfacet
  facet normal 0.000000e+00 1.000000e+00 0.000000e+00
    outer loop
      vertex   -1.355612e+01 3.000000e+00 4.055887e+00
      vertex   -1.336591e+01 3.000000e+00 -3.227224e+00
      vertex   -1.566784e+01 3.000000e+00 3.250000e+00
    endloop
  endfacet
  facet normal 0.000000e+00 1.000000e+00 0.000000e+00
    outer loop
      vertex   -1.566784e+01 3.000000e+00 3.250000e+00
      vertex   -1.336591e+01 3.000000e+00 -3.227224e+00
      vertex   -1.375000e+01 3.000000e+00 -3.250000e+00
    endloop
  endfacet
  facet normal 0.000000e+00 1.000000e+00 0.000000e+00
    outer loop
      vertex   -1.566784e+01 3.000000e+00 3.250000e+00
      vertex   -1.375000e+01 3.000000e+00 -3.250000e+00
      vertex   -3.178843e+01 3.000000e+00 -3.901806e-01
    endloop
  endfacet
  facet normal 0.000000e+00 1.000000e+00 0.000000e+00
    outer loop
      vertex   -3.178843e+01 3.000000e+00 -3.901806e-01
      vertex   -1.375000e+01 3.000000e+00 -3.250000e+00
      vertex   -3.190224e+01 3.000000e+00 -7.653669e-01
    endloop
  endfacet
  facet normal 0.000000e+00 1.000000e+00 0.000000e+00
    outer loop
      vertex   -3.190224e+01 3.000000e+00 -7.653669e-01
      vertex   -1.375000e+01 3.000000e+00 -3.250000e+00
      vertex   -3.208706e+01 3.000000e+00 -1.111140e+00
    endloop
  endfacet
  facet normal 0.000000e+00 1.000000e+00 0.000000e+00
    outer loop
      vertex   -3.208706e+01 3.000000e+00 -1.111140e+00
      vertex   -1.375000e+01 3.000000e+00 -3.250000e+00
      vertex   -3.233579e+01 3.000000e+00 -1.414214e+00
    endloop
  endfacet
  facet normal 0.000000e+00 1.000000e+00 0.000000e+00
    outer loop
      vertex   -3.233579e+01 3.000000e+00 -1.414214e+00
      vertex   -1.375000e+01 3.000000e+00 -3.250000e+00
      vertex   -3.375000e+01 3.000000e+00 -3.250000e+00
    endloop
  endfacet
  facet normal 0.000000e+00 1.000000e+00 0.000000e+00
    outer loop
      vertex   -3.233579e+01 3.000000e+00 -1.414214e+00
      vertex   -3.375000e+01 3.000000e+00 -3.250000e+00
      vertex   -3.263886e+01 3.000000e+00 -1.662939e+00
    endloop
  endfacet
  facet normal 0.000000e+00 1.000000e+00 0.000000e+00
    outer loop
      vertex   -3.263886e+01 3.000000e+00 -1.662939e+00
      vertex   -3.375000e+01 3.000000e+00 -3.250000e+00
      vertex   -3.298463e+01 3.000000e+00 -1.847759e+00
    endloop
  endfacet
  facet normal 0.000000e+00 1.000000e+00 0.000000e+00
    outer loop
      vertex   -3.298463e+01 3.000000e+00 -1.847759e+00
      vertex   -3.375000e+01 3.000000e+00 -3.250000e+00
      vertex   -3.335982e+01 3.000000e+00 -1.961571e+00
    endloop
  endfacet
  facet normal 0.000000e+00 1.000000e+00 0.000000e+00
    outer loop
      vertex   -3.335982e+01 3.000000e+00 -1.961571e+00
      vertex   -3.375000e+01 3.000000e+00 -3.250000e+00
      vertex   -3.375000e+01 3.000000e+00 -2.000000e+00
    endloop
  endfacet
  facet normal 0.000000e+00 1.000000e+00 0.000000e+00
    outer loop
      vertex   -3.375000e+01 3.000000e+00 -2.000000e+00
      vertex   -3.375000e+01 3.000000e+00 -3.250000e+00
      vertex   -3.423439e+01 3.000000e+00 -3.213700e+00
    endloop
  endfacet
  facet normal 0.000000e+00 1.000000e+00 0.000000e+00
    outer loop
      vertex   -3.375000e+01 3.000000e+00 -2.000000e+00
      vertex   -3.423439e+01 3.000000e+00 -3.213700e+00
      vertex   -3.414018e+01 3.000000e+00 -1.961571e+00
    endloop
  endfacet
  facet normal 0.000000e+00 1.000000e+00 0.000000e+00
    outer loop
      vertex   -3.414018e+01 3.000000e+00 -1.961571e+00
      vertex   -3.423439e+01 3.000000e+00 -3.213700e+00
      vertex   -3.470795e+01 3.000000e+00 -3.105612e+00
    endloop
  endfacet
  facet normal 0.000000e+00 1.000000e+00 0.000000e+00
    outer loop
      vertex   -3.414018e+01 3.000000e+00 -1.961571e+00
      vertex   -3.470795e+01 3.000000e+00 -3.105612e+00
      vertex   -3.516012e+01 3.000000e+00 -2.928149e+00
    endloop
  endfacet
  facet normal -0.000000e+00 1.000000e+00 0.000000e+00
    outer loop
      vertex   -1.335280e+01 3.000000e+00 4.150973e+00
      vertex   -1.317581e+01 3.000000e+00 4.289013e+00
      vertex   -1.250000e+00 3.000000e+00 0.000000e+00
    endloop
  endfacet
  facet normal 0.000000e+00 1.000000e+00 0.000000e+00
    outer loop
      vertex   -1.250000e+00 3.000000e+00 0.000000e+00
      vertex   -1.317581e+01 3.000000e+00 4.289013e+00
      vertex   -1.303406e+01 3.000000e+00 4.463051e+00
    endloop
  endfacet
  facet normal 0.000000e+00 1.000000e+00 0.000000e+00
    outer loop
      vertex   -1.250000e+00 3.000000e+00 0.000000e+00
      vertex   -1.303406e+01 3.000000e+00 4.463051e+00
      vertex   -1.293471e+01 3.000000e+00 4.664320e+00
    endloop
  endfacet
  facet normal -0.000000e+00 1.000000e+00 0.000000e+00
    outer loop
      vertex   -1.293471e+01 3.000000e+00 4.664320e+00
      vertex   -1.293100e+01 3.000000e+00 4.674574e+00
      vertex   -1.250000e+00 3.000000e+00 0.000000e+00
    endloop
  endfacet
  facet normal 0.000000e+00 1.000000e+00 0.000000e+00
    outer loop
      vertex   -1.250000e+00 3.000000e+00 0.000000e+00
      vertex   -1.293100e+01 3.000000e+00 4.674574e+00
      vertex   -1.292729e+01 3.000000e+00 4.684825e+00
    endloop
  endfacet
  facet normal 0.000000e+00 1.000000e+00 0.000000e+00
    outer loop
      vertex   -1.250000e+00 3.000000e+00 0.000000e+00
      vertex   -1.292729e+01 3.000000e+00 4.684825e+00
      vertex   -1.292357e+01 3.000000e+00 4.695073e+00
    endloop
  endfacet
  facet normal -0.000000e+00 1.000000e+00 0.000000e+00
    outer loop
      vertex   -1.292357e+01 3.000000e+00 4.695073e+00
      vertex   -1.287109e+01 3.000000e+00 4.913308e+00
      vertex   -1.250000e+00 3.000000e+00 0.000000e+00
    endloop
  endfacet
  facet normal 0.000000e+00 1.000000e+00 0.000000e+00
    outer loop
      vertex   -1.250000e+00 3.000000e+00 0.000000e+00
      vertex   -1.287109e+01 3.000000e+00 4.913308e+00
      vertex   -1.286861e+01 3.000000e+00 5.137752e+00
    endloop
  endfacet
  facet normal 0.000000e+00 1.000000e+00 0.000000e+00
    outer loop
      vertex   -1.250000e+00 3.000000e+00 0.000000e+00
      vertex   -1.286861e+01 3.000000e+00 5.137752e+00
      vertex   -1.103756e+01 3.000000e+00 8.244866e+00
    endloop
  endfacet
  facet normal 0.000000e+00 1.000000e+00 0.000000e+00
    outer loop
      vertex   -1.103756e+01 3.000000e+00 8.244866e+00
      vertex   -1.286861e+01 3.000000e+00 5.137752e+00
      vertex   -1.122585e+01 3.000000e+00 8.122678e+00
    endloop
  endfacet
  facet normal 0.000000e+00 1.000000e+00 0.000000e+00
    outer loop
      vertex   -1.122585e+01 3.000000e+00 8.122678e+00
      vertex   -1.286861e+01 3.000000e+00 5.137752e+00
      vertex   -1.291624e+01 3.000000e+00 5.357096e+00
    endloop
  endfacet
  facet normal 0.000000e+00 1.000000e+00 0.000000e+00
    outer loop
      vertex   -1.122585e+01 3.000000e+00 8.122678e+00
      vertex   -1.291624e+01 3.000000e+00 5.357096e+00
      vertex   -1.301160e+01 3.000000e+00 5.560290e+00
    endloop
  endfacet
  facet normal 0.000000e+00 1.000000e+00 0.000000e+00
    outer loop
      vertex   -1.122585e+01 3.000000e+00 8.122678e+00
      vertex   -1.301160e+01 3.000000e+00 5.560290e+00
      vertex   -1.143664e+01 3.000000e+00 8.045562e+00
    endloop
  endfacet
  facet normal 0.000000e+00 1.000000e+00 0.000000e+00
    outer loop
      vertex   -1.143664e+01 3.000000e+00 8.045562e+00
      vertex   -1.301160e+01 3.000000e+00 5.560290e+00
      vertex   -1.314988e+01 3.000000e+00 5.737096e+00
    endloop
  endfacet
  facet normal 0.000000e+00 1.000000e+00 0.000000e+00
    outer loop
      vertex   -1.143664e+01 3.000000e+00 8.045562e+00
      vertex   -1.314988e+01 3.000000e+00 5.737096e+00
      vertex   -1.165932e+01 3.000000e+00 8.017403e+00
    endloop
  endfacet
  facet normal 0.000000e+00 1.000000e+00 0.000000e+00
    outer loop
      vertex   -1.165932e+01 3.000000e+00 8.017403e+00
      vertex   -1.314988e+01 3.000000e+00 5.737096e+00
      vertex   -1.388188e+01 3.000000e+00 6.482706e+00
    endloop
  endfacet
  facet normal 0.000000e+00 1.000000e+00 0.000000e+00
    outer loop
      vertex   -1.165932e+01 3.000000e+00 8.017403e+00
      vertex   -1.388188e+01 3.000000e+00 6.482706e+00
      vertex   -1.188268e+01 3.000000e+00 8.039621e+00
    endloop
  endfacet
  facet normal 0.000000e+00 1.000000e+00 0.000000e+00
    outer loop
      vertex   -1.188268e+01 3.000000e+00 8.039621e+00
      vertex   -1.388188e+01 3.000000e+00 6.482706e+00
      vertex   -1.403595e+01 3.000000e+00 6.686108e+00
    endloop
  endfacet
  facet normal 0.000000e+00 1.000000e+00 0.000000e+00
    outer loop
      vertex   -1.188268e+01 3.000000e+00 8.039621e+00
      vertex   -1.403595e+01 3.000000e+00 6.686108e+00
      vertex   -1.413352e+01 3.000000e+00 6.921880e+00
    endloop
  endfacet
  facet normal 0.000000e+00 1.000000e+00 -0.000000e+00
    outer loop
      vertex   -1.413352e+01 3.000000e+00 6.921880e+00
      vertex   -1.416825e+01 3.000000e+00 7.174671e+00
      vertex   -1.188268e+01 3.000000e+00 8.039621e+00
    endloop
  endfacet
  facet normal 0.000000e+00 1.000000e+00 0.000000e+00
    outer loop
      vertex   -1.188268e+01 3.000000e+00 8.039621e+00
      vertex   -1.416825e+01 3.000000e+00 7.174671e+00
      vertex   -1.413787e+01 3.000000e+00 7.428022e+00
    endloop
  endfacet
  facet normal 0.000000e+00 1.000000e+00 0.000000e+00
    outer loop
      vertex   -1.188268e+01 3.000000e+00 8.039621e+00
      vertex   -1.413787e+01 3.000000e+00 7.428022e+00
      vertex   -1.404437e+01 3.000000e+00 7.665437e+00
    endloop
  endfacet
  facet normal 0.000000e+00 1.000000e+00 0.000000e+00
    outer loop
      vertex   -1.404437e+01 3.000000e+00 7.665437e+00
      vertex   -1.399036e+01 3.000000e+00 7.763561e+00
      vertex   -1.188268e+01 3.000000e+00 8.039621e+00
    endloop
  endfacet
  facet normal 0.000000e+00 1.000000e+00 0.000000e+00
    outer loop
      vertex   -1.188268e+01 3.000000e+00 8.039621e+00
      vertex   -1.399036e+01 3.000000e+00 7.763561e+00
      vertex   -1.290425e+01 3.000000e+00 8.259085e+00
    endloop
  endfacet
  facet normal 0.000000e+00 1.000000e+00 0.000000e+00
    outer loop
      vertex   -1.290425e+01 3.000000e+00 8.259085e+00
      vertex   -1.399036e+01 3.000000e+00 7.763561e+00
      vertex   -1.383982e+01 3.000000e+00 7.969577e+00
    endloop
  endfacet
  facet normal 0.000000e+00 1.000000e+00 0.000000e+00
    outer loop
      vertex   -1.290425e+01 3.000000e+00 8.259085e+00
      vertex   -1.383982e+01 3.000000e+00 7.969577e+00
      vertex   -1.364204e+01 3.000000e+00 8.130789e+00
    endloop
  endfacet
  facet normal 0.000000e+00 1.000000e+00 0.000000e+00
    outer loop
      vertex   -1.364204e+01 3.000000e+00 8.130789e+00
      vertex   -1.340990e+01 3.000000e+00 8.236699e+00
      vertex   -1.290425e+01 3.000000e+00 8.259085e+00
    endloop
  endfacet
  facet normal 0.000000e+00 1.000000e+00 0.000000e+00
    outer loop
      vertex   -1.290425e+01 3.000000e+00 8.259085e+00
      vertex   -1.340990e+01 3.000000e+00 8.236699e+00
      vertex   -1.315851e+01 3.000000e+00 8.280413e+00
    endloop
  endfacet
  facet normal -0.000000e+00 1.000000e+00 0.000000e+00
    outer loop
      vertex   -1.103756e+01 3.000000e+00 8.244866e+00
      vertex   -1.088128e+01 3.000000e+00 8.405971e+00
      vertex   -1.250000e+00 3.000000e+00 0.000000e+00
    endloop
  endfacet
  facet normal 0.000000e+00 1.000000e+00 0.000000e+00
    outer loop
      vertex   -1.250000e+00 3.000000e+00 0.000000e+00
      vertex   -1.088128e+01 3.000000e+00 8.405971e+00
      vertex   -1.087461e+01 3.000000e+00 8.414596e+00
    endloop
  endfacet
  facet normal 0.000000e+00 1.000000e+00 0.000000e+00
    outer loop
      vertex   -1.250000e+00 3.000000e+00 0.000000e+00
      vertex   -1.087461e+01 3.000000e+00 8.414596e+00
      vertex   -1.086793e+01 3.000000e+00 8.423215e+00
    endloop
  endfacet
  facet normal -0.000000e+00 1.000000e+00 0.000000e+00
    outer loop
      vertex   -1.086793e+01 3.000000e+00 8.423215e+00
      vertex   -1.086125e+01 3.000000e+00 8.431830e+00
      vertex   -1.250000e+00 3.000000e+00 0.000000e+00
    endloop
  endfacet
  facet normal 0.000000e+00 1.000000e+00 0.000000e+00
    outer loop
      vertex   -1.250000e+00 3.000000e+00 0.000000e+00
      vertex   -1.086125e+01 3.000000e+00 8.431830e+00
      vertex   -1.074438e+01 3.000000e+00 8.623458e+00
    endloop
  endfacet
  facet normal 0.000000e+00 1.000000e+00 0.000000e+00
    outer loop
      vertex   -1.250000e+00 3.000000e+00 0.000000e+00
      vertex   -1.074438e+01 3.000000e+00 8.623458e+00
      vertex   -7.779412e+00 3.000000e+00 1.133769e+01
    endloop
  endfacet
  facet normal 0.000000e+00 1.000000e+00 0.000000e+00
    outer loop
      vertex   -7.779412e+00 3.000000e+00 1.133769e+01
      vertex   -1.074438e+01 3.000000e+00 8.623458e+00
      vertex   -7.977573e+00 3.000000e+00 1.123227e+01
    endloop
  endfacet
  facet normal 0.000000e+00 1.000000e+00 0.000000e+00
    outer loop
      vertex   -7.977573e+00 3.000000e+00 1.123227e+01
      vertex   -1.074438e+01 3.000000e+00 8.623458e+00
      vertex   -1.067319e+01 3.000000e+00 8.836326e+00
    endloop
  endfacet
  facet normal 0.000000e+00 1.000000e+00 0.000000e+00
    outer loop
      vertex   -7.977573e+00 3.000000e+00 1.123227e+01
      vertex   -1.067319e+01 3.000000e+00 8.836326e+00
      vertex   -1.065127e+01 3.000000e+00 9.059711e+00
    endloop
  endfacet
  facet normal 0.000000e+00 1.000000e+00 0.000000e+00
    outer loop
      vertex   -7.977573e+00 3.000000e+00 1.123227e+01
      vertex   -1.065127e+01 3.000000e+00 9.059711e+00
      vertex   -8.194255e+00 3.000000e+00 1.117371e+01
    endloop
  endfacet
  facet normal 0.000000e+00 1.000000e+00 0.000000e+00
    outer loop
      vertex   -8.194255e+00 3.000000e+00 1.117371e+01
      vertex   -1.065127e+01 3.000000e+00 9.059711e+00
      vertex   -1.067972e+01 3.000000e+00 9.282357e+00
    endloop
  endfacet
  facet normal 0.000000e+00 1.000000e+00 0.000000e+00
    outer loop
      vertex   -8.194255e+00 3.000000e+00 1.117371e+01
      vertex   -1.067972e+01 3.000000e+00 9.282357e+00
      vertex   -8.418540e+00 3.000000e+00 1.116494e+01
    endloop
  endfacet
  facet normal 0.000000e+00 1.000000e+00 0.000000e+00
    outer loop
      vertex   -8.418540e+00 3.000000e+00 1.116494e+01
      vertex   -1.067972e+01 3.000000e+00 9.282357e+00
      vertex   -1.075712e+01 3.000000e+00 9.493048e+00
    endloop
  endfacet
  facet normal 0.000000e+00 1.000000e+00 0.000000e+00
    outer loop
      vertex   -8.418540e+00 3.000000e+00 1.116494e+01
      vertex   -1.075712e+01 3.000000e+00 9.493048e+00
      vertex   -8.639130e+00 3.000000e+00 1.120643e+01
    endloop
  endfacet
  facet normal 0.000000e+00 1.000000e+00 0.000000e+00
    outer loop
      vertex   -8.639130e+00 3.000000e+00 1.120643e+01
      vertex   -1.075712e+01 3.000000e+00 9.493048e+00
      vertex   -1.122522e+01 3.000000e+00 1.042720e+01
    endloop
  endfacet
  facet normal 0.000000e+00 1.000000e+00 0.000000e+00
    outer loop
      vertex   -8.639130e+00 3.000000e+00 1.120643e+01
      vertex   -1.122522e+01 3.000000e+00 1.042720e+01
      vertex   -8.844912e+00 3.000000e+00 1.129607e+01
    endloop
  endfacet
  facet normal 0.000000e+00 1.000000e+00 0.000000e+00
    outer loop
      vertex   -8.844912e+00 3.000000e+00 1.129607e+01
      vertex   -1.122522e+01 3.000000e+00 1.042720e+01
      vertex   -1.130949e+01 3.000000e+00 1.066805e+01
    endloop
  endfacet
  facet normal 0.000000e+00 1.000000e+00 0.000000e+00
    outer loop
      vertex   -8.844912e+00 3.000000e+00 1.129607e+01
      vertex   -1.130949e+01 3.000000e+00 1.066805e+01
      vertex   -1.133007e+01 3.000000e+00 1.092238e+01
    endloop
  endfacet
  facet normal 0.000000e+00 1.000000e+00 0.000000e+00
    outer loop
      vertex   -1.133007e+01 3.000000e+00 1.092238e+01
      vertex   -1.128561e+01 3.000000e+00 1.117364e+01
      vertex   -8.844912e+00 3.000000e+00 1.129607e+01
    endloop
  endfacet
  facet normal 0.000000e+00 1.000000e+00 0.000000e+00
    outer loop
      vertex   -8.844912e+00 3.000000e+00 1.129607e+01
      vertex   -1.128561e+01 3.000000e+00 1.117364e+01
      vertex   -1.117900e+01 3.000000e+00 1.140547e+01
    endloop
  endfacet
  facet normal 0.000000e+00 1.000000e+00 0.000000e+00
    outer loop
      vertex   -8.844912e+00 3.000000e+00 1.129607e+01
      vertex   -1.117900e+01 3.000000e+00 1.140547e+01
      vertex   -9.749966e+00 3.000000e+00 1.181821e+01
    endloop
  endfacet
  facet normal 0.000000e+00 1.000000e+00 0.000000e+00
    outer loop
      vertex   -9.749966e+00 3.000000e+00 1.181821e+01
      vertex   -1.117900e+01 3.000000e+00 1.140547e+01
      vertex   -1.101720e+01 3.000000e+00 1.160278e+01
    endloop
  endfacet
  facet normal 0.000000e+00 1.000000e+00 0.000000e+00
    outer loop
      vertex   -9.749966e+00 3.000000e+00 1.181821e+01
      vertex   -1.101720e+01 3.000000e+00 1.160278e+01
      vertex   -1.093571e+01 3.000000e+00 1.167961e+01
    endloop
  endfacet
  facet normal 0.000000e+00 1.000000e+00 0.000000e+00
    outer loop
      vertex   -1.093571e+01 3.000000e+00 1.167961e+01
      vertex   -1.072924e+01 3.000000e+00 1.182954e+01
      vertex   -9.749966e+00 3.000000e+00 1.181821e+01
    endloop
  endfacet
  facet normal 0.000000e+00 1.000000e+00 0.000000e+00
    outer loop
      vertex   -9.749966e+00 3.000000e+00 1.181821e+01
      vertex   -1.072924e+01 3.000000e+00 1.182954e+01
      vertex   -9.985443e+00 3.000000e+00 1.191648e+01
    endloop
  endfacet
  facet normal 0.000000e+00 1.000000e+00 0.000000e+00
    outer loop
      vertex   -9.985443e+00 3.000000e+00 1.191648e+01
      vertex   -1.072924e+01 3.000000e+00 1.182954e+01
      vertex   -1.049156e+01 3.000000e+00 1.192234e+01
    endloop
  endfacet
  facet normal 0.000000e+00 1.000000e+00 0.000000e+00
    outer loop
      vertex   -9.985443e+00 3.000000e+00 1.191648e+01
      vertex   -1.049156e+01 3.000000e+00 1.192234e+01
      vertex   -1.023812e+01 3.000000e+00 1.195196e+01
    endloop
  endfacet
  facet normal -0.000000e+00 1.000000e+00 0.000000e+00
    outer loop
      vertex   -7.779412e+00 3.000000e+00 1.133769e+01
      vertex   -7.770421e+00 3.000000e+00 1.134386e+01
      vertex   -1.250000e+00 3.000000e+00 0.000000e+00
    endloop
  endfacet
  facet normal 0.000000e+00 1.000000e+00 0.000000e+00
    outer loop
      vertex   -1.250000e+00 3.000000e+00 0.000000e+00
      vertex   -7.770421e+00 3.000000e+00 1.134386e+01
      vertex   -7.761424e+00 3.000000e+00 1.135001e+01
    endloop
  endfacet
  facet normal 0.000000e+00 1.000000e+00 0.000000e+00
    outer loop
      vertex   -1.250000e+00 3.000000e+00 0.000000e+00
      vertex   -7.761424e+00 3.000000e+00 1.135001e+01
      vertex   -7.752423e+00 3.000000e+00 1.135616e+01
    endloop
  endfacet
  facet normal -0.000000e+00 1.000000e+00 0.000000e+00
    outer loop
      vertex   -7.582417e+00 3.000000e+00 1.150272e+01
      vertex   -3.927988e+00 3.000000e+00 1.317700e+01
      vertex   -7.752423e+00 3.000000e+00 1.135616e+01
    endloop
  endfacet
  facet normal 0.000000e+00 1.000000e+00 0.000000e+00
    outer loop
      vertex   -7.752423e+00 3.000000e+00 1.135616e+01
      vertex   -3.927988e+00 3.000000e+00 1.317700e+01
      vertex   -3.917539e+00 3.000000e+00 1.318011e+01
    endloop
  endfacet
  facet normal 0.000000e+00 1.000000e+00 0.000000e+00
    outer loop
      vertex   -7.752423e+00 3.000000e+00 1.135616e+01
      vertex   -3.917539e+00 3.000000e+00 1.318011e+01
      vertex   -3.907088e+00 3.000000e+00 1.318322e+01
    endloop
  endfacet
  facet normal 0.000000e+00 1.000000e+00 0.000000e+00
    outer loop
      vertex   -3.927988e+00 3.000000e+00 1.317700e+01
      vertex   -7.582417e+00 3.000000e+00 1.150272e+01
      vertex   -4.148929e+00 3.000000e+00 1.313743e+01
    endloop
  endfacet
  facet normal 0.000000e+00 1.000000e+00 0.000000e+00
    outer loop
      vertex   -4.148929e+00 3.000000e+00 1.313743e+01
      vertex   -7.582417e+00 3.000000e+00 1.150272e+01
      vertex   -7.449381e+00 3.000000e+00 1.168350e+01
    endloop
  endfacet
  facet normal 0.000000e+00 1.000000e+00 0.000000e+00
    outer loop
      vertex   -4.148929e+00 3.000000e+00 1.313743e+01
      vertex   -7.449381e+00 3.000000e+00 1.168350e+01
      vertex   -7.360019e+00 3.000000e+00 1.188941e+01
    endloop
  endfacet
  facet normal 0.000000e+00 1.000000e+00 0.000000e+00
    outer loop
      vertex   -4.148929e+00 3.000000e+00 1.313743e+01
      vertex   -7.360019e+00 3.000000e+00 1.188941e+01
      vertex   -4.373130e+00 3.000000e+00 1.314813e+01
    endloop
  endfacet
  facet normal 0.000000e+00 1.000000e+00 0.000000e+00
    outer loop
      vertex   -4.373130e+00 3.000000e+00 1.314813e+01
      vertex   -7.360019e+00 3.000000e+00 1.188941e+01
      vertex   -7.318832e+00 3.000000e+00 1.211005e+01
    endloop
  endfacet
  facet normal 0.000000e+00 1.000000e+00 0.000000e+00
    outer loop
      vertex   -4.373130e+00 3.000000e+00 1.314813e+01
      vertex   -7.318832e+00 3.000000e+00 1.211005e+01
      vertex   -4.589298e+00 3.000000e+00 1.320856e+01
    endloop
  endfacet
  facet normal 0.000000e+00 1.000000e+00 0.000000e+00
    outer loop
      vertex   -4.589298e+00 3.000000e+00 1.320856e+01
      vertex   -7.318832e+00 3.000000e+00 1.211005e+01
      vertex   -7.327895e+00 3.000000e+00 1.233433e+01
    endloop
  endfacet
  facet normal 0.000000e+00 1.000000e+00 0.000000e+00
    outer loop
      vertex   -4.589298e+00 3.000000e+00 1.320856e+01
      vertex   -7.327895e+00 3.000000e+00 1.233433e+01
      vertex   -4.786540e+00 3.000000e+00 1.331569e+01
    endloop
  endfacet
  facet normal 0.000000e+00 1.000000e+00 0.000000e+00
    outer loop
      vertex   -4.786540e+00 3.000000e+00 1.331569e+01
      vertex   -7.327895e+00 3.000000e+00 1.233433e+01
      vertex   -4.954920e+00 3.000000e+00 1.346411e+01
    endloop
  endfacet
  facet normal 0.000000e+00 1.000000e+00 0.000000e+00
    outer loop
      vertex   -4.954920e+00 3.000000e+00 1.346411e+01
      vertex   -7.327895e+00 3.000000e+00 1.233433e+01
      vertex   -7.486987e+00 3.000000e+00 1.336701e+01
    endloop
  endfacet
  facet normal 0.000000e+00 1.000000e+00 0.000000e+00
    outer loop
      vertex   -4.954920e+00 3.000000e+00 1.346411e+01
      vertex   -7.486987e+00 3.000000e+00 1.336701e+01
      vertex   -7.493345e+00 3.000000e+00 1.362210e+01
    endloop
  endfacet
  facet normal 0.000000e+00 1.000000e+00 0.000000e+00
    outer loop
      vertex   -4.954920e+00 3.000000e+00 1.346411e+01
      vertex   -7.493345e+00 3.000000e+00 1.362210e+01
      vertex   -5.656259e+00 3.000000e+00 1.423864e+01
    endloop
  endfacet
  facet normal 0.000000e+00 1.000000e+00 0.000000e+00
    outer loop
      vertex   -5.656259e+00 3.000000e+00 1.423864e+01
      vertex   -7.493345e+00 3.000000e+00 1.362210e+01
      vertex   -7.434940e+00 3.000000e+00 1.387049e+01
    endloop
  endfacet
  facet normal 0.000000e+00 1.000000e+00 0.000000e+00
    outer loop
      vertex   -5.656259e+00 3.000000e+00 1.423864e+01
      vertex   -7.434940e+00 3.000000e+00 1.387049e+01
      vertex   -7.315573e+00 3.000000e+00 1.409602e+01
    endloop
  endfacet
  facet normal 0.000000e+00 1.000000e+00 0.000000e+00
    outer loop
      vertex   -7.315573e+00 3.000000e+00 1.409602e+01
      vertex   -7.143016e+00 3.000000e+00 1.428399e+01
      vertex   -5.656259e+00 3.000000e+00 1.423864e+01
    endloop
  endfacet
  facet normal 0.000000e+00 1.000000e+00 0.000000e+00
    outer loop
      vertex   -5.656259e+00 3.000000e+00 1.423864e+01
      vertex   -7.143016e+00 3.000000e+00 1.428399e+01
      vertex   -6.928504e+00 3.000000e+00 1.442217e+01
    endloop
  endfacet
  facet normal 0.000000e+00 1.000000e+00 0.000000e+00
    outer loop
      vertex   -5.656259e+00 3.000000e+00 1.423864e+01
      vertex   -6.928504e+00 3.000000e+00 1.442217e+01
      vertex   -5.850257e+00 3.000000e+00 1.440438e+01
    endloop
  endfacet
  facet normal 0.000000e+00 1.000000e+00 0.000000e+00
    outer loop
      vertex   -5.850257e+00 3.000000e+00 1.440438e+01
      vertex   -6.928504e+00 3.000000e+00 1.442217e+01
      vertex   -6.827378e+00 3.000000e+00 1.447032e+01
    endloop
  endfacet
  facet normal 0.000000e+00 1.000000e+00 0.000000e+00
    outer loop
      vertex   -5.850257e+00 3.000000e+00 1.440438e+01
      vertex   -6.827378e+00 3.000000e+00 1.447032e+01
      vertex   -6.079885e+00 3.000000e+00 1.451563e+01
    endloop
  endfacet
  facet normal 0.000000e+00 1.000000e+00 0.000000e+00
    outer loop
      vertex   -6.079885e+00 3.000000e+00 1.451563e+01
      vertex   -6.827378e+00 3.000000e+00 1.447032e+01
      vertex   -6.584885e+00 3.000000e+00 1.454971e+01
    endloop
  endfacet
  facet normal 0.000000e+00 1.000000e+00 0.000000e+00
    outer loop
      vertex   -6.079885e+00 3.000000e+00 1.451563e+01
      vertex   -6.584885e+00 3.000000e+00 1.454971e+01
      vertex   -6.330193e+00 3.000000e+00 1.456515e+01
    endloop
  endfacet
  facet normal -0.000000e+00 1.000000e+00 0.000000e+00
    outer loop
      vertex   -3.907088e+00 3.000000e+00 1.318322e+01
      vertex   -3.896634e+00 3.000000e+00 1.318631e+01
      vertex   -7.752423e+00 3.000000e+00 1.135616e+01
    endloop
  endfacet
  facet normal -0.000000e+00 1.000000e+00 0.000000e+00
    outer loop
      vertex   -7.752423e+00 3.000000e+00 1.135616e+01
      vertex   -3.896634e+00 3.000000e+00 1.318631e+01
      vertex   -1.250000e+00 3.000000e+00 0.000000e+00
    endloop
  endfacet
  facet normal -0.000000e+00 1.000000e+00 0.000000e+00
    outer loop
      vertex   -3.896634e+00 3.000000e+00 1.318631e+01
      vertex   -3.689878e+00 3.000000e+00 1.327367e+01
      vertex   -1.250000e+00 3.000000e+00 0.000000e+00
    endloop
  endfacet
  facet normal 0.000000e+00 1.000000e+00 0.000000e+00
    outer loop
      vertex   -1.250000e+00 3.000000e+00 0.000000e+00
      vertex   -3.689878e+00 3.000000e+00 1.327367e+01
      vertex   -3.507815e+00 3.000000e+00 1.340495e+01
    endloop
  endfacet
  facet normal 0.000000e+00 1.000000e+00 0.000000e+00
    outer loop
      vertex   -1.250000e+00 3.000000e+00 0.000000e+00
      vertex   -3.507815e+00 3.000000e+00 1.340495e+01
      vertex   -3.359619e+00 3.000000e+00 1.357353e+01
    endloop
  endfacet
  facet normal 0.000000e+00 1.000000e+00 0.000000e+00
    outer loop
      vertex   -1.250000e+00 3.000000e+00 0.000000e+00
      vertex   -3.359619e+00 3.000000e+00 1.357353e+01
      vertex   -1.335839e+00 3.000000e+00 1.568069e+01
    endloop
  endfacet
  facet normal 0.000000e+00 1.000000e+00 0.000000e+00
    outer loop
      vertex   -1.335839e+00 3.000000e+00 1.568069e+01
      vertex   -3.359619e+00 3.000000e+00 1.357353e+01
      vertex   -3.252756e+00 3.000000e+00 1.377092e+01
    endloop
  endfacet
  facet normal 0.000000e+00 1.000000e+00 0.000000e+00
    outer loop
      vertex   -1.335839e+00 3.000000e+00 1.568069e+01
      vertex   -3.252756e+00 3.000000e+00 1.377092e+01
      vertex   -3.192610e+00 3.000000e+00 1.398717e+01
    endloop
  endfacet
  facet normal 0.000000e+00 1.000000e+00 0.000000e+00
    outer loop
      vertex   -3.192610e+00 3.000000e+00 1.398717e+01
      vertex   -3.027369e+00 3.000000e+00 1.501889e+01
      vertex   -1.335839e+00 3.000000e+00 1.568069e+01
    endloop
  endfacet
  facet normal 0.000000e+00 1.000000e+00 0.000000e+00
    outer loop
      vertex   -1.335839e+00 3.000000e+00 1.568069e+01
      vertex   -3.027369e+00 3.000000e+00 1.501889e+01
      vertex   -2.955201e+00 3.000000e+00 1.526364e+01
    endloop
  endfacet
  facet normal 0.000000e+00 1.000000e+00 0.000000e+00
    outer loop
      vertex   -1.335839e+00 3.000000e+00 1.568069e+01
      vertex   -2.955201e+00 3.000000e+00 1.526364e+01
      vertex   -2.823441e+00 3.000000e+00 1.548215e+01
    endloop
  endfacet
  facet normal 0.000000e+00 1.000000e+00 0.000000e+00
    outer loop
      vertex   -2.823441e+00 3.000000e+00 1.548215e+01
      vertex   -2.640669e+00 3.000000e+00 1.566021e+01
      vertex   -1.335839e+00 3.000000e+00 1.568069e+01
    endloop
  endfacet
  facet normal 0.000000e+00 1.000000e+00 0.000000e+00
    outer loop
      vertex   -1.335839e+00 3.000000e+00 1.568069e+01
      vertex   -2.640669e+00 3.000000e+00 1.566021e+01
      vertex   -2.418784e+00 3.000000e+00 1.578621e+01
    endloop
  endfacet
  facet normal 0.000000e+00 1.000000e+00 0.000000e+00
    outer loop
      vertex   -1.335839e+00 3.000000e+00 1.568069e+01
      vertex   -2.418784e+00 3.000000e+00 1.578621e+01
      vertex   -2.172234e+00 3.000000e+00 1.585196e+01
    endloop
  endfacet
  facet normal -0.000000e+00 1.000000e+00 0.000000e+00
    outer loop
      vertex   -2.172234e+00 3.000000e+00 1.585196e+01
      vertex   -2.061216e+00 3.000000e+00 1.586677e+01
      vertex   -1.335839e+00 3.000000e+00 1.568069e+01
    endloop
  endfacet
  facet normal 0.000000e+00 1.000000e+00 0.000000e+00
    outer loop
      vertex   -1.335839e+00 3.000000e+00 1.568069e+01
      vertex   -2.061216e+00 3.000000e+00 1.586677e+01
      vertex   -1.558904e+00 3.000000e+00 1.580458e+01
    endloop
  endfacet
  facet normal 0.000000e+00 1.000000e+00 0.000000e+00
    outer loop
      vertex   -1.558904e+00 3.000000e+00 1.580458e+01
      vertex   -2.061216e+00 3.000000e+00 1.586677e+01
      vertex   -1.806060e+00 3.000000e+00 1.586798e+01
    endloop
  endfacet
  facet normal 0.000000e+00 1.000000e+00 0.000000e+00
    outer loop
      vertex   -1.151388e+00 3.000000e+00 1.550439e+01
      vertex   -1.017560e+00 3.000000e+00 1.528714e+01
      vertex   -1.335839e+00 3.000000e+00 1.568069e+01
    endloop
  endfacet
  facet normal 0.000000e+00 1.000000e+00 0.000000e+00
    outer loop
      vertex   -1.335839e+00 3.000000e+00 1.568069e+01
      vertex   -1.017560e+00 3.000000e+00 1.528714e+01
      vertex   -5.875129e-01 3.000000e+00 1.433487e+01
    endloop
  endfacet
  facet normal 0.000000e+00 1.000000e+00 0.000000e+00
    outer loop
      vertex   -1.335839e+00 3.000000e+00 1.568069e+01
      vertex   -5.875129e-01 3.000000e+00 1.433487e+01
      vertex   -1.106820e+00 3.000000e+00 5.809040e-01
    endloop
  endfacet
  facet normal 0.000000e+00 1.000000e+00 0.000000e+00
    outer loop
      vertex   -1.106820e+00 3.000000e+00 5.809040e-01
      vertex   -5.875129e-01 3.000000e+00 1.433487e+01
      vertex   -4.727572e-01 3.000000e+00 1.414196e+01
    endloop
  endfacet
  facet normal 0.000000e+00 1.000000e+00 0.000000e+00
    outer loop
      vertex   -1.106820e+00 3.000000e+00 5.809040e-01
      vertex   -4.727572e-01 3.000000e+00 1.414196e+01
      vertex   -9.356384e-01 3.000000e+00 8.289033e-01
    endloop
  endfacet
  facet normal 0.000000e+00 1.000000e+00 0.000000e+00
    outer loop
      vertex   -9.356384e-01 3.000000e+00 8.289033e-01
      vertex   -4.727572e-01 3.000000e+00 1.414196e+01
      vertex   -3.178671e-01 3.000000e+00 1.397951e+01
    endloop
  endfacet
  facet normal 0.000000e+00 1.000000e+00 0.000000e+00
    outer loop
      vertex   -9.356384e-01 3.000000e+00 8.289033e-01
      vertex   -3.178671e-01 3.000000e+00 1.397951e+01
      vertex   -7.100809e-01 3.000000e+00 1.028730e+00
    endloop
  endfacet
  facet normal 0.000000e+00 1.000000e+00 0.000000e+00
    outer loop
      vertex   -7.100809e-01 3.000000e+00 1.028730e+00
      vertex   -3.178671e-01 3.000000e+00 1.397951e+01
      vertex   -1.306462e-01 3.000000e+00 1.385570e+01
    endloop
  endfacet
  facet normal 0.000000e+00 1.000000e+00 0.000000e+00
    outer loop
      vertex   -7.100809e-01 3.000000e+00 1.028730e+00
      vertex   -1.306462e-01 3.000000e+00 1.385570e+01
      vertex   -4.432561e-01 3.000000e+00 1.168770e+00
    endloop
  endfacet
  facet normal 0.000000e+00 1.000000e+00 0.000000e+00
    outer loop
      vertex   -4.432561e-01 3.000000e+00 1.168770e+00
      vertex   -1.306462e-01 3.000000e+00 1.385570e+01
      vertex   7.947316e-02 3.000000e+00 1.377677e+01
    endloop
  endfacet
  facet normal 0.000000e+00 1.000000e+00 0.000000e+00
    outer loop
      vertex   -4.432561e-01 3.000000e+00 1.168770e+00
      vertex   7.947316e-02 3.000000e+00 1.377677e+01
      vertex   -1.506709e-01 3.000000e+00 1.240886e+00
    endloop
  endfacet
  facet normal 0.000000e+00 1.000000e+00 0.000000e+00
    outer loop
      vertex   -1.506709e-01 3.000000e+00 1.240886e+00
      vertex   7.947316e-02 3.000000e+00 1.377677e+01
      vertex   3.019051e-01 3.000000e+00 1.374669e+01
    endloop
  endfacet
  facet normal 0.000000e+00 1.000000e+00 0.000000e+00
    outer loop
      vertex   -1.506709e-01 3.000000e+00 1.240886e+00
      vertex   3.019051e-01 3.000000e+00 1.374669e+01
      vertex   4.533599e+00 3.000000e+00 1.298110e+01
    endloop
  endfacet
  facet normal 0.000000e+00 1.000000e+00 0.000000e+00
    outer loop
      vertex   4.533599e+00 3.000000e+00 1.298110e+01
      vertex   3.019051e-01 3.000000e+00 1.374669e+01
      vertex   4.523305e+00 3.000000e+00 1.298469e+01
    endloop
  endfacet
  facet normal 0.000000e+00 1.000000e+00 0.000000e+00
    outer loop
      vertex   4.523305e+00 3.000000e+00 1.298469e+01
      vertex   3.019051e-01 3.000000e+00 1.374669e+01
      vertex   4.513009e+00 3.000000e+00 1.298827e+01
    endloop
  endfacet
  facet normal 0.000000e+00 1.000000e+00 0.000000e+00
    outer loop
      vertex   4.513009e+00 3.000000e+00 1.298827e+01
      vertex   3.019051e-01 3.000000e+00 1.374669e+01
      vertex   4.502709e+00 3.000000e+00 1.299185e+01
    endloop
  endfacet
  facet normal 0.000000e+00 1.000000e+00 0.000000e+00
    outer loop
      vertex   4.502709e+00 3.000000e+00 1.299185e+01
      vertex   3.019051e-01 3.000000e+00 1.374669e+01
      vertex   3.128042e-01 3.000000e+00 1.374644e+01
    endloop
  endfacet
  facet normal 0.000000e+00 1.000000e+00 0.000000e+00
    outer loop
      vertex   4.502709e+00 3.000000e+00 1.299185e+01
      vertex   3.128042e-01 3.000000e+00 1.374644e+01
      vertex   3.237032e-01 3.000000e+00 1.374619e+01
    endloop
  endfacet
  facet normal 0.000000e+00 1.000000e+00 0.000000e+00
    outer loop
      vertex   3.237032e-01 3.000000e+00 1.374619e+01
      vertex   3.346019e-01 3.000000e+00 1.374593e+01
      vertex   4.502709e+00 3.000000e+00 1.299185e+01
    endloop
  endfacet
  facet normal 0.000000e+00 1.000000e+00 0.000000e+00
    outer loop
      vertex   4.502709e+00 3.000000e+00 1.299185e+01
      vertex   3.346019e-01 3.000000e+00 1.374593e+01
      vertex   4.300218e+00 3.000000e+00 1.308869e+01
    endloop
  endfacet
  facet normal 0.000000e+00 1.000000e+00 0.000000e+00
    outer loop
      vertex   4.300218e+00 3.000000e+00 1.308869e+01
      vertex   3.346019e-01 3.000000e+00 1.374593e+01
      vertex   5.581882e-01 3.000000e+00 1.376568e+01
    endloop
  endfacet
  facet normal 0.000000e+00 1.000000e+00 0.000000e+00
    outer loop
      vertex   4.300218e+00 3.000000e+00 1.308869e+01
      vertex   5.581882e-01 3.000000e+00 1.376568e+01
      vertex   4.124426e+00 3.000000e+00 1.322825e+01
    endloop
  endfacet
  facet normal 0.000000e+00 1.000000e+00 0.000000e+00
    outer loop
      vertex   4.124426e+00 3.000000e+00 1.322825e+01
      vertex   5.581882e-01 3.000000e+00 1.376568e+01
      vertex   7.717359e-01 3.000000e+00 1.383481e+01
    endloop
  endfacet
  facet normal 0.000000e+00 1.000000e+00 0.000000e+00
    outer loop
      vertex   4.124426e+00 3.000000e+00 1.322825e+01
      vertex   7.717359e-01 3.000000e+00 1.383481e+01
      vertex   3.984190e+00 3.000000e+00 1.340351e+01
    endloop
  endfacet
  facet normal 0.000000e+00 1.000000e+00 0.000000e+00
    outer loop
      vertex   3.984190e+00 3.000000e+00 1.340351e+01
      vertex   7.717359e-01 3.000000e+00 1.383481e+01
      vertex   9.644864e-01 3.000000e+00 1.394982e+01
    endloop
  endfacet
  facet normal 0.000000e+00 1.000000e+00 0.000000e+00
    outer loop
      vertex   3.984190e+00 3.000000e+00 1.340351e+01
      vertex   9.644864e-01 3.000000e+00 1.394982e+01
      vertex   3.886577e+00 3.000000e+00 1.360563e+01
    endloop
  endfacet
  facet normal 0.000000e+00 1.000000e+00 0.000000e+00
    outer loop
      vertex   3.886577e+00 3.000000e+00 1.360563e+01
      vertex   9.644864e-01 3.000000e+00 1.394982e+01
      vertex   1.126729e+00 3.000000e+00 1.410493e+01
    endloop
  endfacet
  facet normal 0.000000e+00 1.000000e+00 0.000000e+00
    outer loop
      vertex   3.886577e+00 3.000000e+00 1.360563e+01
      vertex   1.126729e+00 3.000000e+00 1.410493e+01
      vertex   3.836503e+00 3.000000e+00 1.382443e+01
    endloop
  endfacet
  facet normal 0.000000e+00 1.000000e+00 0.000000e+00
    outer loop
      vertex   3.836503e+00 3.000000e+00 1.382443e+01
      vertex   1.126729e+00 3.000000e+00 1.410493e+01
      vertex   1.250289e+00 3.000000e+00 1.429232e+01
    endloop
  endfacet
  facet normal 0.000000e+00 1.000000e+00 0.000000e+00
    outer loop
      vertex   3.836503e+00 3.000000e+00 1.382443e+01
      vertex   1.250289e+00 3.000000e+00 1.429232e+01
      vertex   3.719183e+00 3.000000e+00 1.486270e+01
    endloop
  endfacet
  facet normal 0.000000e+00 1.000000e+00 0.000000e+00
    outer loop
      vertex   3.719183e+00 3.000000e+00 1.486270e+01
      vertex   1.250289e+00 3.000000e+00 1.429232e+01
      vertex   1.723941e+00 3.000000e+00 1.522367e+01
    endloop
  endfacet
  facet normal 0.000000e+00 1.000000e+00 0.000000e+00
    outer loop
      vertex   3.719183e+00 3.000000e+00 1.486270e+01
      vertex   1.723941e+00 3.000000e+00 1.522367e+01
      vertex   3.658420e+00 3.000000e+00 1.511051e+01
    endloop
  endfacet
  facet normal 0.000000e+00 1.000000e+00 0.000000e+00
    outer loop
      vertex   3.658420e+00 3.000000e+00 1.511051e+01
      vertex   1.723941e+00 3.000000e+00 1.522367e+01
      vertex   3.536919e+00 3.000000e+00 1.533489e+01
    endloop
  endfacet
  facet normal 0.000000e+00 1.000000e+00 0.000000e+00
    outer loop
      vertex   3.536919e+00 3.000000e+00 1.533489e+01
      vertex   1.723941e+00 3.000000e+00 1.522367e+01
      vertex   1.867683e+00 3.000000e+00 1.543449e+01
    endloop
  endfacet
  facet normal 0.000000e+00 1.000000e+00 0.000000e+00
    outer loop
      vertex   3.536919e+00 3.000000e+00 1.533489e+01
      vertex   1.867683e+00 3.000000e+00 1.543449e+01
      vertex   3.362590e+00 3.000000e+00 1.552121e+01
    endloop
  endfacet
  facet normal 0.000000e+00 1.000000e+00 0.000000e+00
    outer loop
      vertex   3.362590e+00 3.000000e+00 1.552121e+01
      vertex   1.867683e+00 3.000000e+00 1.543449e+01
      vertex   3.146783e+00 3.000000e+00 1.565735e+01
    endloop
  endfacet
  facet normal 0.000000e+00 1.000000e+00 0.000000e+00
    outer loop
      vertex   3.146783e+00 3.000000e+00 1.565735e+01
      vertex   1.867683e+00 3.000000e+00 1.543449e+01
      vertex   2.903548e+00 3.000000e+00 1.573444e+01
    endloop
  endfacet
  facet normal 0.000000e+00 1.000000e+00 0.000000e+00
    outer loop
      vertex   2.903548e+00 3.000000e+00 1.573444e+01
      vertex   1.867683e+00 3.000000e+00 1.543449e+01
      vertex   2.060101e+00 3.000000e+00 1.560208e+01
    endloop
  endfacet
  facet normal 0.000000e+00 1.000000e+00 0.000000e+00
    outer loop
      vertex   2.903548e+00 3.000000e+00 1.573444e+01
      vertex   2.060101e+00 3.000000e+00 1.560208e+01
      vertex   2.793334e+00 3.000000e+00 1.575438e+01
    endloop
  endfacet
  facet normal 0.000000e+00 1.000000e+00 0.000000e+00
    outer loop
      vertex   2.793334e+00 3.000000e+00 1.575438e+01
      vertex   2.060101e+00 3.000000e+00 1.560208e+01
      vertex   2.288668e+00 3.000000e+00 1.571551e+01
    endloop
  endfacet
  facet normal 0.000000e+00 1.000000e+00 0.000000e+00
    outer loop
      vertex   2.793334e+00 3.000000e+00 1.575438e+01
      vertex   2.288668e+00 3.000000e+00 1.571551e+01
      vertex   2.538501e+00 3.000000e+00 1.576740e+01
    endloop
  endfacet
  facet normal 0.000000e+00 1.000000e+00 0.000000e+00
    outer loop
      vertex   4.752471e+00 3.000000e+00 1.293134e+01
      vertex   7.902364e+00 3.000000e+00 1.153605e+01
      vertex   4.533599e+00 3.000000e+00 1.298110e+01
    endloop
  endfacet
  facet normal 0.000000e+00 1.000000e+00 0.000000e+00
    outer loop
      vertex   4.533599e+00 3.000000e+00 1.298110e+01
      vertex   7.902364e+00 3.000000e+00 1.153605e+01
      vertex   1.506709e-01 3.000000e+00 1.240886e+00
    endloop
  endfacet
  facet normal 0.000000e+00 1.000000e+00 0.000000e+00
    outer loop
      vertex   4.533599e+00 3.000000e+00 1.298110e+01
      vertex   1.506709e-01 3.000000e+00 1.240886e+00
      vertex   -1.506709e-01 3.000000e+00 1.240886e+00
    endloop
  endfacet
  facet normal -0.000000e+00 1.000000e+00 0.000000e+00
    outer loop
      vertex   4.752471e+00 3.000000e+00 1.293134e+01
      vertex   4.976929e+00 3.000000e+00 1.293166e+01
      vertex   7.902364e+00 3.000000e+00 1.153605e+01
    endloop
  endfacet
  facet normal 0.000000e+00 1.000000e+00 0.000000e+00
    outer loop
      vertex   7.902364e+00 3.000000e+00 1.153605e+01
      vertex   4.976929e+00 3.000000e+00 1.293166e+01
      vertex   7.871431e+00 3.000000e+00 1.175837e+01
    endloop
  endfacet
  facet normal 0.000000e+00 1.000000e+00 0.000000e+00
    outer loop
      vertex   7.871431e+00 3.000000e+00 1.175837e+01
      vertex   4.976929e+00 3.000000e+00 1.293166e+01
      vertex   5.195662e+00 3.000000e+00 1.298202e+01
    endloop
  endfacet
  facet normal 0.000000e+00 1.000000e+00 0.000000e+00
    outer loop
      vertex   7.871431e+00 3.000000e+00 1.175837e+01
      vertex   5.195662e+00 3.000000e+00 1.298202e+01
      vertex   5.397651e+00 3.000000e+00 1.307991e+01
    endloop
  endfacet
  facet normal -0.000000e+00 1.000000e+00 0.000000e+00
    outer loop
      vertex   5.397651e+00 3.000000e+00 1.307991e+01
      vertex   5.572720e+00 3.000000e+00 1.322038e+01
      vertex   7.871431e+00 3.000000e+00 1.175837e+01
    endloop
  endfacet
  facet normal 0.000000e+00 1.000000e+00 0.000000e+00
    outer loop
      vertex   7.871431e+00 3.000000e+00 1.175837e+01
      vertex   5.572720e+00 3.000000e+00 1.322038e+01
      vertex   6.309146e+00 3.000000e+00 1.396162e+01
    endloop
  endfacet
  facet normal 0.000000e+00 1.000000e+00 0.000000e+00
    outer loop
      vertex   7.871431e+00 3.000000e+00 1.175837e+01
      vertex   6.309146e+00 3.000000e+00 1.396162e+01
      vertex   7.588549e+00 3.000000e+00 1.408606e+01
    endloop
  endfacet
  facet normal 0.000000e+00 1.000000e+00 0.000000e+00
    outer loop
      vertex   7.588549e+00 3.000000e+00 1.408606e+01
      vertex   6.309146e+00 3.000000e+00 1.396162e+01
      vertex   7.489760e+00 3.000000e+00 1.413883e+01
    endloop
  endfacet
  facet normal 0.000000e+00 1.000000e+00 0.000000e+00
    outer loop
      vertex   7.489760e+00 3.000000e+00 1.413883e+01
      vertex   6.309146e+00 3.000000e+00 1.396162e+01
      vertex   6.510612e+00 3.000000e+00 1.411821e+01
    endloop
  endfacet
  facet normal 0.000000e+00 1.000000e+00 0.000000e+00
    outer loop
      vertex   7.489760e+00 3.000000e+00 1.413883e+01
      vertex   6.510612e+00 3.000000e+00 1.411821e+01
      vertex   6.745149e+00 3.000000e+00 1.421871e+01
    endloop
  endfacet
  facet normal 0.000000e+00 1.000000e+00 0.000000e+00
    outer loop
      vertex   6.997488e+00 3.000000e+00 1.425659e+01
      vertex   7.251198e+00 3.000000e+00 1.422937e+01
      vertex   6.745149e+00 3.000000e+00 1.421871e+01
    endloop
  endfacet
  facet normal -0.000000e+00 1.000000e+00 0.000000e+00
    outer loop
      vertex   6.745149e+00 3.000000e+00 1.421871e+01
      vertex   7.251198e+00 3.000000e+00 1.422937e+01
      vertex   7.489760e+00 3.000000e+00 1.413883e+01
    endloop
  endfacet
  facet normal 0.000000e+00 1.000000e+00 0.000000e+00
    outer loop
      vertex   7.796426e+00 3.000000e+00 1.393809e+01
      vertex   7.960091e+00 3.000000e+00 1.374234e+01
      vertex   7.588549e+00 3.000000e+00 1.408606e+01
    endloop
  endfacet
  facet normal 0.000000e+00 1.000000e+00 0.000000e+00
    outer loop
      vertex   7.588549e+00 3.000000e+00 1.408606e+01
      vertex   7.960091e+00 3.000000e+00 1.374234e+01
      vertex   8.068887e+00 3.000000e+00 1.351154e+01
    endloop
  endfacet
  facet normal 0.000000e+00 1.000000e+00 0.000000e+00
    outer loop
      vertex   7.588549e+00 3.000000e+00 1.408606e+01
      vertex   8.068887e+00 3.000000e+00 1.351154e+01
      vertex   8.115732e+00 3.000000e+00 1.326072e+01
    endloop
  endfacet
  facet normal 0.000000e+00 1.000000e+00 0.000000e+00
    outer loop
      vertex   8.115732e+00 3.000000e+00 1.326072e+01
      vertex   8.097575e+00 3.000000e+00 1.300620e+01
      vertex   7.588549e+00 3.000000e+00 1.408606e+01
    endloop
  endfacet
  facet normal 0.000000e+00 1.000000e+00 0.000000e+00
    outer loop
      vertex   7.588549e+00 3.000000e+00 1.408606e+01
      vertex   8.097575e+00 3.000000e+00 1.300620e+01
      vertex   7.890863e+00 3.000000e+00 1.198198e+01
    endloop
  endfacet
  facet normal 0.000000e+00 1.000000e+00 0.000000e+00
    outer loop
      vertex   7.588549e+00 3.000000e+00 1.408606e+01
      vertex   7.890863e+00 3.000000e+00 1.198198e+01
      vertex   7.871431e+00 3.000000e+00 1.175837e+01
    endloop
  endfacet
  facet normal 0.000000e+00 1.000000e+00 0.000000e+00
    outer loop
      vertex   7.982101e+00 3.000000e+00 1.132623e+01
      vertex   1.106820e+00 3.000000e+00 5.809040e-01
      vertex   7.902364e+00 3.000000e+00 1.153605e+01
    endloop
  endfacet
  facet normal 0.000000e+00 1.000000e+00 0.000000e+00
    outer loop
      vertex   7.902364e+00 3.000000e+00 1.153605e+01
      vertex   1.106820e+00 3.000000e+00 5.809040e-01
      vertex   9.356384e-01 3.000000e+00 8.289033e-01
    endloop
  endfacet
  facet normal 0.000000e+00 1.000000e+00 0.000000e+00
    outer loop
      vertex   7.902364e+00 3.000000e+00 1.153605e+01
      vertex   9.356384e-01 3.000000e+00 8.289033e-01
      vertex   7.100809e-01 3.000000e+00 1.028730e+00
    endloop
  endfacet
  facet normal -0.000000e+00 1.000000e+00 0.000000e+00
    outer loop
      vertex   1.106820e+00 3.000000e+00 5.809040e-01
      vertex   7.982101e+00 3.000000e+00 1.132623e+01
      vertex   1.213677e+00 3.000000e+00 2.991446e-01
    endloop
  endfacet
  facet normal 0.000000e+00 1.000000e+00 0.000000e+00
    outer loop
      vertex   1.213677e+00 3.000000e+00 2.991446e-01
      vertex   7.982101e+00 3.000000e+00 1.132623e+01
      vertex   8.106628e+00 3.000000e+00 1.113949e+01
    endloop
  endfacet
  facet normal 0.000000e+00 1.000000e+00 0.000000e+00
    outer loop
      vertex   1.213677e+00 3.000000e+00 2.991446e-01
      vertex   8.106628e+00 3.000000e+00 1.113949e+01
      vertex   8.269669e+00 3.000000e+00 1.098522e+01
    endloop
  endfacet
  facet normal 0.000000e+00 1.000000e+00 0.000000e+00
    outer loop
      vertex   8.269669e+00 3.000000e+00 1.098522e+01
      vertex   8.278376e+00 3.000000e+00 1.097866e+01
      vertex   1.213677e+00 3.000000e+00 2.991446e-01
    endloop
  endfacet
  facet normal 0.000000e+00 1.000000e+00 0.000000e+00
    outer loop
      vertex   1.213677e+00 3.000000e+00 2.991446e-01
      vertex   8.278376e+00 3.000000e+00 1.097866e+01
      vertex   8.287078e+00 3.000000e+00 1.097209e+01
    endloop
  endfacet
  facet normal 0.000000e+00 1.000000e+00 0.000000e+00
    outer loop
      vertex   1.213677e+00 3.000000e+00 2.991446e-01
      vertex   8.287078e+00 3.000000e+00 1.097209e+01
      vertex   8.295775e+00 3.000000e+00 1.096552e+01
    endloop
  endfacet
  facet normal 0.000000e+00 1.000000e+00 0.000000e+00
    outer loop
      vertex   8.295775e+00 3.000000e+00 1.096552e+01
      vertex   8.488845e+00 3.000000e+00 1.085104e+01
      vertex   1.213677e+00 3.000000e+00 2.991446e-01
    endloop
  endfacet
  facet normal 0.000000e+00 1.000000e+00 0.000000e+00
    outer loop
      vertex   1.213677e+00 3.000000e+00 2.991446e-01
      vertex   8.488845e+00 3.000000e+00 1.085104e+01
      vertex   1.113195e+01 3.000000e+00 8.116978e+00
    endloop
  endfacet
  facet normal 0.000000e+00 1.000000e+00 0.000000e+00
    outer loop
      vertex   1.213677e+00 3.000000e+00 2.991446e-01
      vertex   1.113195e+01 3.000000e+00 8.116978e+00
      vertex   1.123983e+01 3.000000e+00 7.920147e+00
    endloop
  endfacet
  facet normal 0.000000e+00 1.000000e+00 0.000000e+00
    outer loop
      vertex   1.113195e+01 3.000000e+00 8.116978e+00
      vertex   8.488845e+00 3.000000e+00 1.085104e+01
      vertex   1.107069e+01 3.000000e+00 8.332913e+00
    endloop
  endfacet
  facet normal 0.000000e+00 1.000000e+00 0.000000e+00
    outer loop
      vertex   1.107069e+01 3.000000e+00 8.332913e+00
      vertex   8.488845e+00 3.000000e+00 1.085104e+01
      vertex   8.702585e+00 3.000000e+00 1.078251e+01
    endloop
  endfacet
  facet normal 0.000000e+00 1.000000e+00 0.000000e+00
    outer loop
      vertex   1.107069e+01 3.000000e+00 8.332913e+00
      vertex   8.702585e+00 3.000000e+00 1.078251e+01
      vertex   1.105913e+01 3.000000e+00 8.557072e+00
    endloop
  endfacet
  facet normal 0.000000e+00 1.000000e+00 -0.000000e+00
    outer loop
      vertex   1.105913e+01 3.000000e+00 8.557072e+00
      vertex   8.702585e+00 3.000000e+00 1.078251e+01
      vertex   1.109786e+01 3.000000e+00 8.778162e+00
    endloop
  endfacet
  facet normal 0.000000e+00 1.000000e+00 0.000000e+00
    outer loop
      vertex   1.109786e+01 3.000000e+00 8.778162e+00
      vertex   8.702585e+00 3.000000e+00 1.078251e+01
      vertex   8.926225e+00 3.000000e+00 1.076338e+01
    endloop
  endfacet
  facet normal 0.000000e+00 1.000000e+00 -0.000000e+00
    outer loop
      vertex   1.109786e+01 3.000000e+00 8.778162e+00
      vertex   8.926225e+00 3.000000e+00 1.076338e+01
      vertex   1.118492e+01 3.000000e+00 8.985045e+00
    endloop
  endfacet
  facet normal 0.000000e+00 1.000000e+00 0.000000e+00
    outer loop
      vertex   1.118492e+01 3.000000e+00 8.985045e+00
      vertex   8.926225e+00 3.000000e+00 1.076338e+01
      vertex   9.148499e+00 3.000000e+00 1.079461e+01
    endloop
  endfacet
  facet normal 0.000000e+00 1.000000e+00 -0.000000e+00
    outer loop
      vertex   1.118492e+01 3.000000e+00 8.985045e+00
      vertex   9.148499e+00 3.000000e+00 1.079461e+01
      vertex   1.169575e+01 3.000000e+00 9.896538e+00
    endloop
  endfacet
  facet normal 0.000000e+00 1.000000e+00 0.000000e+00
    outer loop
      vertex   1.169575e+01 3.000000e+00 9.896538e+00
      vertex   9.148499e+00 3.000000e+00 1.079461e+01
      vertex   9.358208e+00 3.000000e+00 1.087463e+01
    endloop
  endfacet
  facet normal 0.000000e+00 1.000000e+00 -0.000000e+00
    outer loop
      vertex   1.169575e+01 3.000000e+00 9.896538e+00
      vertex   9.358208e+00 3.000000e+00 1.087463e+01
      vertex   1.179108e+01 3.000000e+00 1.013322e+01
    endloop
  endfacet
  facet normal 0.000000e+00 1.000000e+00 -0.000000e+00
    outer loop
      vertex   1.179108e+01 3.000000e+00 1.013322e+01
      vertex   9.358208e+00 3.000000e+00 1.087463e+01
      vertex   1.182340e+01 3.000000e+00 1.038632e+01
    endloop
  endfacet
  facet normal 0.000000e+00 1.000000e+00 0.000000e+00
    outer loop
      vertex   1.182340e+01 3.000000e+00 1.038632e+01
      vertex   9.358208e+00 3.000000e+00 1.087463e+01
      vertex   1.179062e+01 3.000000e+00 1.063937e+01
    endloop
  endfacet
  facet normal 0.000000e+00 1.000000e+00 0.000000e+00
    outer loop
      vertex   1.179062e+01 3.000000e+00 1.063937e+01
      vertex   9.358208e+00 3.000000e+00 1.087463e+01
      vertex   1.169487e+01 3.000000e+00 1.087588e+01
    endloop
  endfacet
  facet normal 0.000000e+00 1.000000e+00 0.000000e+00
    outer loop
      vertex   1.169487e+01 3.000000e+00 1.087588e+01
      vertex   9.358208e+00 3.000000e+00 1.087463e+01
      vertex   1.028645e+01 3.000000e+00 1.135433e+01
    endloop
  endfacet
  facet normal 0.000000e+00 1.000000e+00 0.000000e+00
    outer loop
      vertex   1.169487e+01 3.000000e+00 1.087588e+01
      vertex   1.028645e+01 3.000000e+00 1.135433e+01
      vertex   1.154238e+01 3.000000e+00 1.108046e+01
    endloop
  endfacet
  facet normal 0.000000e+00 1.000000e+00 0.000000e+00
    outer loop
      vertex   1.154238e+01 3.000000e+00 1.108046e+01
      vertex   1.028645e+01 3.000000e+00 1.135433e+01
      vertex   1.146453e+01 3.000000e+00 1.116099e+01
    endloop
  endfacet
  facet normal 0.000000e+00 1.000000e+00 0.000000e+00
    outer loop
      vertex   1.146453e+01 3.000000e+00 1.116099e+01
      vertex   1.028645e+01 3.000000e+00 1.135433e+01
      vertex   1.126523e+01 3.000000e+00 1.132032e+01
    endloop
  endfacet
  facet normal 0.000000e+00 1.000000e+00 0.000000e+00
    outer loop
      vertex   1.126523e+01 3.000000e+00 1.132032e+01
      vertex   1.028645e+01 3.000000e+00 1.135433e+01
      vertex   1.103209e+01 3.000000e+00 1.142402e+01
    endloop
  endfacet
  facet normal 0.000000e+00 1.000000e+00 0.000000e+00
    outer loop
      vertex   1.103209e+01 3.000000e+00 1.142402e+01
      vertex   1.028645e+01 3.000000e+00 1.135433e+01
      vertex   1.052623e+01 3.000000e+00 1.144160e+01
    endloop
  endfacet
  facet normal 0.000000e+00 1.000000e+00 0.000000e+00
    outer loop
      vertex   1.103209e+01 3.000000e+00 1.142402e+01
      vertex   1.052623e+01 3.000000e+00 1.144160e+01
      vertex   1.078029e+01 3.000000e+00 1.146535e+01
    endloop
  endfacet
  facet normal 0.000000e+00 1.000000e+00 0.000000e+00
    outer loop
      vertex   1.123983e+01 3.000000e+00 7.920147e+00
      vertex   1.124611e+01 3.000000e+00 7.911233e+00
      vertex   1.213677e+00 3.000000e+00 2.991446e-01
    endloop
  endfacet
  facet normal 0.000000e+00 1.000000e+00 0.000000e+00
    outer loop
      vertex   1.213677e+00 3.000000e+00 2.991446e-01
      vertex   1.124611e+01 3.000000e+00 7.911233e+00
      vertex   1.125237e+01 3.000000e+00 7.902314e+00
    endloop
  endfacet
  facet normal 0.000000e+00 1.000000e+00 0.000000e+00
    outer loop
      vertex   1.213677e+00 3.000000e+00 2.991446e-01
      vertex   1.125237e+01 3.000000e+00 7.902314e+00
      vertex   1.125864e+01 3.000000e+00 7.893390e+00
    endloop
  endfacet
  facet normal 0.000000e+00 1.000000e+00 0.000000e+00
    outer loop
      vertex   1.125864e+01 3.000000e+00 7.893390e+00
      vertex   1.140730e+01 3.000000e+00 7.725224e+00
      vertex   1.213677e+00 3.000000e+00 2.991446e-01
    endloop
  endfacet
  facet normal 0.000000e+00 1.000000e+00 0.000000e+00
    outer loop
      vertex   1.213677e+00 3.000000e+00 2.991446e-01
      vertex   1.140730e+01 3.000000e+00 7.725224e+00
      vertex   1.309259e+01 3.000000e+00 4.536699e+00
    endloop
  endfacet
  facet normal 0.000000e+00 1.000000e+00 0.000000e+00
    outer loop
      vertex   1.213677e+00 3.000000e+00 2.991446e-01
      vertex   1.309259e+01 3.000000e+00 4.536699e+00
      vertex   1.308469e+01 3.000000e+00 4.312382e+00
    endloop
  endfacet
  facet normal 0.000000e+00 1.000000e+00 0.000000e+00
    outer loop
      vertex   1.140730e+01 3.000000e+00 7.725224e+00
      vertex   1.158973e+01 3.000000e+00 7.594452e+00
      vertex   1.309259e+01 3.000000e+00 4.536699e+00
    endloop
  endfacet
  facet normal 0.000000e+00 1.000000e+00 -0.000000e+00
    outer loop
      vertex   1.309259e+01 3.000000e+00 4.536699e+00
      vertex   1.158973e+01 3.000000e+00 7.594452e+00
      vertex   1.315033e+01 3.000000e+00 4.753603e+00
    endloop
  endfacet
  facet normal 0.000000e+00 1.000000e+00 -0.000000e+00
    outer loop
      vertex   1.315033e+01 3.000000e+00 4.753603e+00
      vertex   1.158973e+01 3.000000e+00 7.594452e+00
      vertex   1.325499e+01 3.000000e+00 4.952166e+00
    endloop
  endfacet
  facet normal 0.000000e+00 1.000000e+00 0.000000e+00
    outer loop
      vertex   1.325499e+01 3.000000e+00 4.952166e+00
      vertex   1.158973e+01 3.000000e+00 7.594452e+00
      vertex   1.179673e+01 3.000000e+00 7.507664e+00
    endloop
  endfacet
  facet normal 0.000000e+00 1.000000e+00 -0.000000e+00
    outer loop
      vertex   1.325499e+01 3.000000e+00 4.952166e+00
      vertex   1.179673e+01 3.000000e+00 7.507664e+00
      vertex   1.340130e+01 3.000000e+00 5.122383e+00
    endloop
  endfacet
  facet normal 0.000000e+00 1.000000e+00 0.000000e+00
    outer loop
      vertex   1.340130e+01 3.000000e+00 5.122383e+00
      vertex   1.179673e+01 3.000000e+00 7.507664e+00
      vertex   1.201787e+01 3.000000e+00 7.469231e+00
    endloop
  endfacet
  facet normal 0.000000e+00 1.000000e+00 -0.000000e+00
    outer loop
      vertex   1.340130e+01 3.000000e+00 5.122383e+00
      vertex   1.201787e+01 3.000000e+00 7.469231e+00
      vertex   1.416702e+01 3.000000e+00 5.833323e+00
    endloop
  endfacet
  facet normal 0.000000e+00 1.000000e+00 0.000000e+00
    outer loop
      vertex   1.416702e+01 3.000000e+00 5.833323e+00
      vertex   1.201787e+01 3.000000e+00 7.469231e+00
      vertex   1.224202e+01 3.000000e+00 7.481089e+00
    endloop
  endfacet
  facet normal 0.000000e+00 1.000000e+00 -0.000000e+00
    outer loop
      vertex   1.416702e+01 3.000000e+00 5.833323e+00
      vertex   1.224202e+01 3.000000e+00 7.481089e+00
      vertex   1.433033e+01 3.000000e+00 6.029372e+00
    endloop
  endfacet
  facet normal 0.000000e+00 1.000000e+00 -0.000000e+00
    outer loop
      vertex   1.433033e+01 3.000000e+00 6.029372e+00
      vertex   1.224202e+01 3.000000e+00 7.481089e+00
      vertex   1.443871e+01 3.000000e+00 6.260369e+00
    endloop
  endfacet
  facet normal 0.000000e+00 1.000000e+00 -0.000000e+00
    outer loop
      vertex   1.443871e+01 3.000000e+00 6.260369e+00
      vertex   1.224202e+01 3.000000e+00 7.481089e+00
      vertex   1.448510e+01 3.000000e+00 6.511275e+00
    endloop
  endfacet
  facet normal 0.000000e+00 1.000000e+00 0.000000e+00
    outer loop
      vertex   1.448510e+01 3.000000e+00 6.511275e+00
      vertex   1.224202e+01 3.000000e+00 7.481089e+00
      vertex   1.446649e+01 3.000000e+00 6.765754e+00
    endloop
  endfacet
  facet normal 0.000000e+00 1.000000e+00 0.000000e+00
    outer loop
      vertex   1.446649e+01 3.000000e+00 6.765754e+00
      vertex   1.224202e+01 3.000000e+00 7.481089e+00
      vertex   1.438408e+01 3.000000e+00 7.007238e+00
    endloop
  endfacet
  facet normal 0.000000e+00 1.000000e+00 0.000000e+00
    outer loop
      vertex   1.438408e+01 3.000000e+00 7.007238e+00
      vertex   1.224202e+01 3.000000e+00 7.481089e+00
      vertex   1.433468e+01 3.000000e+00 7.107757e+00
    endloop
  endfacet
  facet normal 0.000000e+00 1.000000e+00 0.000000e+00
    outer loop
      vertex   1.433468e+01 3.000000e+00 7.107757e+00
      vertex   1.224202e+01 3.000000e+00 7.481089e+00
      vertex   1.327264e+01 3.000000e+00 7.653042e+00
    endloop
  endfacet
  facet normal 0.000000e+00 1.000000e+00 0.000000e+00
    outer loop
      vertex   1.433468e+01 3.000000e+00 7.107757e+00
      vertex   1.327264e+01 3.000000e+00 7.653042e+00
      vertex   1.419383e+01 3.000000e+00 7.320529e+00
    endloop
  endfacet
  facet normal 0.000000e+00 1.000000e+00 0.000000e+00
    outer loop
      vertex   1.419383e+01 3.000000e+00 7.320529e+00
      vertex   1.327264e+01 3.000000e+00 7.653042e+00
      vertex   1.400372e+01 3.000000e+00 7.490730e+00
    endloop
  endfacet
  facet normal 0.000000e+00 1.000000e+00 0.000000e+00
    outer loop
      vertex   1.400372e+01 3.000000e+00 7.490730e+00
      vertex   1.327264e+01 3.000000e+00 7.653042e+00
      vertex   1.377673e+01 3.000000e+00 7.607276e+00
    endloop
  endfacet
  facet normal 0.000000e+00 1.000000e+00 0.000000e+00
    outer loop
      vertex   1.377673e+01 3.000000e+00 7.607276e+00
      vertex   1.327264e+01 3.000000e+00 7.653042e+00
      vertex   1.352763e+01 3.000000e+00 7.662580e+00
    endloop
  endfacet
  facet normal 0.000000e+00 1.000000e+00 0.000000e+00
    outer loop
      vertex   1.308469e+01 3.000000e+00 4.312382e+00
      vertex   1.312701e+01 3.000000e+00 4.091952e+00
      vertex   1.213677e+00 3.000000e+00 2.991446e-01
    endloop
  endfacet
  facet normal 0.000000e+00 1.000000e+00 0.000000e+00
    outer loop
      vertex   1.213677e+00 3.000000e+00 2.991446e-01
      vertex   1.312701e+01 3.000000e+00 4.091952e+00
      vertex   1.313025e+01 3.000000e+00 4.081542e+00
    endloop
  endfacet
  facet normal 0.000000e+00 1.000000e+00 0.000000e+00
    outer loop
      vertex   1.213677e+00 3.000000e+00 2.991446e-01
      vertex   1.313025e+01 3.000000e+00 4.081542e+00
      vertex   1.313348e+01 3.000000e+00 4.071131e+00
    endloop
  endfacet
  facet normal 0.000000e+00 1.000000e+00 0.000000e+00
    outer loop
      vertex   1.313348e+01 3.000000e+00 4.071131e+00
      vertex   1.313671e+01 3.000000e+00 4.060716e+00
      vertex   1.213677e+00 3.000000e+00 2.991446e-01
    endloop
  endfacet
  facet normal 0.000000e+00 1.000000e+00 0.000000e+00
    outer loop
      vertex   1.213677e+00 3.000000e+00 2.991446e-01
      vertex   1.313671e+01 3.000000e+00 4.060716e+00
      vertex   1.322664e+01 3.000000e+00 3.855065e+00
    endloop
  endfacet
  facet normal 0.000000e+00 1.000000e+00 0.000000e+00
    outer loop
      vertex   1.213677e+00 3.000000e+00 2.991446e-01
      vertex   1.322664e+01 3.000000e+00 3.855065e+00
      vertex   1.336018e+01 3.000000e+00 3.674653e+00
    endloop
  endfacet
  facet normal 0.000000e+00 1.000000e+00 0.000000e+00
    outer loop
      vertex   1.353060e+01 3.000000e+00 3.528570e+00
      vertex   1.397446e+01 3.000000e+00 4.921154e-01
      vertex   1.336018e+01 3.000000e+00 3.674653e+00
    endloop
  endfacet
  facet normal 0.000000e+00 1.000000e+00 0.000000e+00
    outer loop
      vertex   1.336018e+01 3.000000e+00 3.674653e+00
      vertex   1.397446e+01 3.000000e+00 4.921154e-01
      vertex   1.385300e+01 3.000000e+00 3.033656e-01
    endloop
  endfacet
  facet normal 0.000000e+00 1.000000e+00 0.000000e+00
    outer loop
      vertex   1.336018e+01 3.000000e+00 3.674653e+00
      vertex   1.385300e+01 3.000000e+00 3.033656e-01
      vertex   1.213677e+00 3.000000e+00 2.991446e-01
    endloop
  endfacet
  facet normal -0.000000e+00 1.000000e+00 0.000000e+00
    outer loop
      vertex   1.213677e+00 3.000000e+00 2.991446e-01
      vertex   1.385300e+01 3.000000e+00 3.033656e-01
      vertex   1.377669e+01 3.000000e+00 9.227852e-02
    endloop
  endfacet
  facet normal 0.000000e+00 1.000000e+00 0.000000e+00
    outer loop
      vertex   1.213677e+00 3.000000e+00 2.991446e-01
      vertex   1.377669e+01 3.000000e+00 9.227852e-02
      vertex   1.250000e+00 3.000000e+00 0.000000e+00
    endloop
  endfacet
  facet normal -0.000000e+00 1.000000e+00 0.000000e+00
    outer loop
      vertex   1.250000e+00 3.000000e+00 0.000000e+00
      vertex   1.377669e+01 3.000000e+00 9.227852e-02
      vertex   1.374938e+01 3.000000e+00 -1.305111e-01
    endloop
  endfacet
  facet normal 0.000000e+00 1.000000e+00 0.000000e+00
    outer loop
      vertex   1.250000e+00 3.000000e+00 0.000000e+00
      vertex   1.374938e+01 3.000000e+00 -1.305111e-01
      vertex   1.374927e+01 3.000000e+00 -1.414124e-01
    endloop
  endfacet
  facet normal 0.000000e+00 1.000000e+00 -0.000000e+00
    outer loop
      vertex   1.397446e+01 3.000000e+00 4.921154e-01
      vertex   1.353060e+01 3.000000e+00 3.528570e+00
      vertex   1.413497e+01 3.000000e+00 6.490186e-01
    endloop
  endfacet
  facet normal 0.000000e+00 1.000000e+00 0.000000e+00
    outer loop
      vertex   1.413497e+01 3.000000e+00 6.490186e-01
      vertex   1.353060e+01 3.000000e+00 3.528570e+00
      vertex   1.372930e+01 3.000000e+00 3.424176e+00
    endloop
  endfacet
  facet normal 0.000000e+00 1.000000e+00 -0.000000e+00
    outer loop
      vertex   1.413497e+01 3.000000e+00 6.490186e-01
      vertex   1.372930e+01 3.000000e+00 3.424176e+00
      vertex   1.432643e+01 3.000000e+00 7.661702e-01
    endloop
  endfacet
  facet normal 0.000000e+00 1.000000e+00 0.000000e+00
    outer loop
      vertex   1.432643e+01 3.000000e+00 7.661702e-01
      vertex   1.372930e+01 3.000000e+00 3.424176e+00
      vertex   1.394628e+01 3.000000e+00 3.366730e+00
    endloop
  endfacet
  facet normal 0.000000e+00 1.000000e+00 -0.000000e+00
    outer loop
      vertex   1.432643e+01 3.000000e+00 7.661702e-01
      vertex   1.394628e+01 3.000000e+00 3.366730e+00
      vertex   1.527327e+01 3.000000e+00 1.208055e+00
    endloop
  endfacet
  facet normal 0.000000e+00 1.000000e+00 -0.000000e+00
    outer loop
      vertex   1.527327e+01 3.000000e+00 1.208055e+00
      vertex   1.394628e+01 3.000000e+00 3.366730e+00
      vertex   1.578392e+01 3.000000e+00 1.755807e+00
    endloop
  endfacet
  facet normal 0.000000e+00 1.000000e+00 0.000000e+00
    outer loop
      vertex   1.527327e+01 3.000000e+00 1.208055e+00
      vertex   1.578392e+01 3.000000e+00 1.755807e+00
      vertex   1.566282e+01 3.000000e+00 1.531215e+00
    endloop
  endfacet
  facet normal 0.000000e+00 1.000000e+00 0.000000e+00
    outer loop
      vertex   1.497998e+01 3.000000e+00 3.214364e+00
      vertex   1.575483e+01 3.000000e+00 2.615392e+00
      vertex   1.394628e+01 3.000000e+00 3.366730e+00
    endloop
  endfacet
  facet normal 0.000000e+00 1.000000e+00 0.000000e+00
    outer loop
      vertex   1.394628e+01 3.000000e+00 3.366730e+00
      vertex   1.575483e+01 3.000000e+00 2.615392e+00
      vertex   1.582365e+01 3.000000e+00 2.369681e+00
    endloop
  endfacet
  facet normal 0.000000e+00 1.000000e+00 0.000000e+00
    outer loop
      vertex   1.394628e+01 3.000000e+00 3.366730e+00
      vertex   1.582365e+01 3.000000e+00 2.369681e+00
      vertex   1.583984e+01 3.000000e+00 2.258856e+00
    endloop
  endfacet
  facet normal 0.000000e+00 1.000000e+00 0.000000e+00
    outer loop
      vertex   1.522561e+01 3.000000e+00 3.145253e+00
      vertex   1.544575e+01 3.000000e+00 3.016227e+00
      vertex   1.497998e+01 3.000000e+00 3.214364e+00
    endloop
  endfacet
  facet normal 0.000000e+00 1.000000e+00 0.000000e+00
    outer loop
      vertex   1.497998e+01 3.000000e+00 3.214364e+00
      vertex   1.544575e+01 3.000000e+00 3.016227e+00
      vertex   1.562607e+01 3.000000e+00 2.835689e+00
    endloop
  endfacet
  facet normal 0.000000e+00 1.000000e+00 0.000000e+00
    outer loop
      vertex   1.497998e+01 3.000000e+00 3.214364e+00
      vertex   1.562607e+01 3.000000e+00 2.835689e+00
      vertex   1.575483e+01 3.000000e+00 2.615392e+00
    endloop
  endfacet
  facet normal 0.000000e+00 1.000000e+00 0.000000e+00
    outer loop
      vertex   1.583984e+01 3.000000e+00 2.258856e+00
      vertex   1.584424e+01 3.000000e+00 2.003735e+00
      vertex   1.394628e+01 3.000000e+00 3.366730e+00
    endloop
  endfacet
  facet normal 0.000000e+00 1.000000e+00 0.000000e+00
    outer loop
      vertex   1.394628e+01 3.000000e+00 3.366730e+00
      vertex   1.584424e+01 3.000000e+00 2.003735e+00
      vertex   1.578392e+01 3.000000e+00 1.755807e+00
    endloop
  endfacet
  facet normal 0.000000e+00 1.000000e+00 0.000000e+00
    outer loop
      vertex   1.566282e+01 3.000000e+00 1.531215e+00
      vertex   1.548883e+01 3.000000e+00 1.344581e+00
      vertex   1.527327e+01 3.000000e+00 1.208055e+00
    endloop
  endfacet
  facet normal 0.000000e+00 1.000000e+00 0.000000e+00
    outer loop
      vertex   1.374927e+01 3.000000e+00 -1.414124e-01
      vertex   1.374916e+01 3.000000e+00 -1.523137e-01
      vertex   1.250000e+00 3.000000e+00 0.000000e+00
    endloop
  endfacet
  facet normal 0.000000e+00 1.000000e+00 0.000000e+00
    outer loop
      vertex   1.250000e+00 3.000000e+00 0.000000e+00
      vertex   1.374916e+01 3.000000e+00 -1.523137e-01
      vertex   1.374903e+01 3.000000e+00 -1.632149e-01
    endloop
  endfacet
  facet normal 0.000000e+00 1.000000e+00 0.000000e+00
    outer loop
      vertex   1.250000e+00 3.000000e+00 0.000000e+00
      vertex   1.374903e+01 3.000000e+00 -1.632149e-01
      vertex   1.377157e+01 3.000000e+00 -3.865375e-01
    endloop
  endfacet
  facet normal 0.000000e+00 1.000000e+00 0.000000e+00
    outer loop
      vertex   1.377157e+01 3.000000e+00 -3.865375e-01
      vertex   1.384336e+01 3.000000e+00 -5.992068e-01
      vertex   1.250000e+00 3.000000e+00 0.000000e+00
    endloop
  endfacet
  facet normal 0.000000e+00 1.000000e+00 0.000000e+00
    outer loop
      vertex   1.250000e+00 3.000000e+00 0.000000e+00
      vertex   1.384336e+01 3.000000e+00 -5.992068e-01
      vertex   1.327864e+01 3.000000e+00 -3.959198e+00
    endloop
  endfacet
  facet normal 0.000000e+00 1.000000e+00 0.000000e+00
    outer loop
      vertex   1.250000e+00 3.000000e+00 0.000000e+00
      vertex   1.327864e+01 3.000000e+00 -3.959198e+00
      vertex   1.314128e+01 3.000000e+00 -4.136716e+00
    endloop
  endfacet
  facet normal 0.000000e+00 1.000000e+00 0.000000e+00
    outer loop
      vertex   1.384336e+01 3.000000e+00 -5.992068e-01
      vertex   1.396076e+01 3.000000e+00 -7.905085e-01
      vertex   1.327864e+01 3.000000e+00 -3.959198e+00
    endloop
  endfacet
  facet normal 0.000000e+00 1.000000e+00 0.000000e+00
    outer loop
      vertex   1.327864e+01 3.000000e+00 -3.959198e+00
      vertex   1.396076e+01 3.000000e+00 -7.905085e-01
      vertex   1.345213e+01 3.000000e+00 -3.816788e+00
    endloop
  endfacet
  facet normal 0.000000e+00 1.000000e+00 0.000000e+00
    outer loop
      vertex   1.345213e+01 3.000000e+00 -3.816788e+00
      vertex   1.396076e+01 3.000000e+00 -7.905085e-01
      vertex   1.411788e+01 3.000000e+00 -9.508045e-01
    endloop
  endfacet
  facet normal 0.000000e+00 1.000000e+00 0.000000e+00
    outer loop
      vertex   1.345213e+01 3.000000e+00 -3.816788e+00
      vertex   1.411788e+01 3.000000e+00 -9.508045e-01
      vertex   1.365302e+01 3.000000e+00 -3.716663e+00
    endloop
  endfacet
  facet normal 0.000000e+00 1.000000e+00 0.000000e+00
    outer loop
      vertex   1.365302e+01 3.000000e+00 -3.716663e+00
      vertex   1.411788e+01 3.000000e+00 -9.508045e-01
      vertex   1.430680e+01 3.000000e+00 -1.072019e+00
    endloop
  endfacet
  facet normal 0.000000e+00 1.000000e+00 0.000000e+00
    outer loop
      vertex   1.365302e+01 3.000000e+00 -3.716663e+00
      vertex   1.430680e+01 3.000000e+00 -1.072019e+00
      vertex   1.387118e+01 3.000000e+00 -3.663865e+00
    endloop
  endfacet
  facet normal 0.000000e+00 1.000000e+00 0.000000e+00
    outer loop
      vertex   1.387118e+01 3.000000e+00 -3.663865e+00
      vertex   1.430680e+01 3.000000e+00 -1.072019e+00
      vertex   1.524398e+01 3.000000e+00 -1.534024e+00
    endloop
  endfacet
  facet normal 0.000000e+00 1.000000e+00 0.000000e+00
    outer loop
      vertex   1.387118e+01 3.000000e+00 -3.663865e+00
      vertex   1.524398e+01 3.000000e+00 -1.534024e+00
      vertex   1.574282e+01 3.000000e+00 -2.092576e+00
    endloop
  endfacet
  facet normal 0.000000e+00 1.000000e+00 0.000000e+00
    outer loop
      vertex   1.574282e+01 3.000000e+00 -2.092576e+00
      vertex   1.524398e+01 3.000000e+00 -1.534024e+00
      vertex   1.562655e+01 3.000000e+00 -1.865441e+00
    endloop
  endfacet
  facet normal 0.000000e+00 1.000000e+00 0.000000e+00
    outer loop
      vertex   1.562655e+01 3.000000e+00 -1.865441e+00
      vertex   1.524398e+01 3.000000e+00 -1.534024e+00
      vertex   1.545658e+01 3.000000e+00 -1.675127e+00
    endloop
  endfacet
  facet normal 0.000000e+00 1.000000e+00 0.000000e+00
    outer loop
      vertex   1.574282e+01 3.000000e+00 -2.092576e+00
      vertex   1.579782e+01 3.000000e+00 -2.341743e+00
      vertex   1.387118e+01 3.000000e+00 -3.663865e+00
    endloop
  endfacet
  facet normal 0.000000e+00 1.000000e+00 0.000000e+00
    outer loop
      vertex   1.387118e+01 3.000000e+00 -3.663865e+00
      vertex   1.579782e+01 3.000000e+00 -2.341743e+00
      vertex   1.578798e+01 3.000000e+00 -2.596718e+00
    endloop
  endfacet
  facet normal 0.000000e+00 1.000000e+00 0.000000e+00
    outer loop
      vertex   1.387118e+01 3.000000e+00 -3.663865e+00
      vertex   1.578798e+01 3.000000e+00 -2.596718e+00
      vertex   1.576941e+01 3.000000e+00 -2.707172e+00
    endloop
  endfacet
  facet normal 0.000000e+00 1.000000e+00 0.000000e+00
    outer loop
      vertex   1.576941e+01 3.000000e+00 -2.707172e+00
      vertex   1.569536e+01 3.000000e+00 -2.951349e+00
      vertex   1.387118e+01 3.000000e+00 -3.663865e+00
    endloop
  endfacet
  facet normal 0.000000e+00 1.000000e+00 0.000000e+00
    outer loop
      vertex   1.387118e+01 3.000000e+00 -3.663865e+00
      vertex   1.569536e+01 3.000000e+00 -2.951349e+00
      vertex   1.490791e+01 3.000000e+00 -3.533610e+00
    endloop
  endfacet
  facet normal 0.000000e+00 1.000000e+00 0.000000e+00
    outer loop
      vertex   1.490791e+01 3.000000e+00 -3.533610e+00
      vertex   1.569536e+01 3.000000e+00 -2.951349e+00
      vertex   1.556192e+01 3.000000e+00 -3.168836e+00
    endloop
  endfacet
  facet normal 0.000000e+00 1.000000e+00 0.000000e+00
    outer loop
      vertex   1.490791e+01 3.000000e+00 -3.533610e+00
      vertex   1.556192e+01 3.000000e+00 -3.168836e+00
      vertex   1.537779e+01 3.000000e+00 -3.345474e+00
    endloop
  endfacet
  facet normal 0.000000e+00 1.000000e+00 0.000000e+00
    outer loop
      vertex   1.537779e+01 3.000000e+00 -3.345474e+00
      vertex   1.515495e+01 3.000000e+00 -3.469763e+00
      vertex   1.490791e+01 3.000000e+00 -3.533610e+00
    endloop
  endfacet
  facet normal 0.000000e+00 1.000000e+00 0.000000e+00
    outer loop
      vertex   1.314128e+01 3.000000e+00 -4.136716e+00
      vertex   1.304697e+01 3.000000e+00 -4.340399e+00
      vertex   1.250000e+00 3.000000e+00 0.000000e+00
    endloop
  endfacet
  facet normal 0.000000e+00 1.000000e+00 0.000000e+00
    outer loop
      vertex   1.250000e+00 3.000000e+00 0.000000e+00
      vertex   1.304697e+01 3.000000e+00 -4.340399e+00
      vertex   1.304353e+01 3.000000e+00 -4.350742e+00
    endloop
  endfacet
  facet normal 0.000000e+00 1.000000e+00 0.000000e+00
    outer loop
      vertex   1.250000e+00 3.000000e+00 0.000000e+00
      vertex   1.304353e+01 3.000000e+00 -4.350742e+00
      vertex   1.304007e+01 3.000000e+00 -4.361082e+00
    endloop
  endfacet
  facet normal 0.000000e+00 1.000000e+00 0.000000e+00
    outer loop
      vertex   1.304007e+01 3.000000e+00 -4.361082e+00
      vertex   1.303661e+01 3.000000e+00 -4.371420e+00
      vertex   1.250000e+00 3.000000e+00 0.000000e+00
    endloop
  endfacet
  facet normal 0.000000e+00 1.000000e+00 0.000000e+00
    outer loop
      vertex   1.250000e+00 3.000000e+00 0.000000e+00
      vertex   1.303661e+01 3.000000e+00 -4.371420e+00
      vertex   1.298958e+01 3.000000e+00 -4.590896e+00
    endloop
  endfacet
  facet normal 0.000000e+00 1.000000e+00 0.000000e+00
    outer loop
      vertex   1.250000e+00 3.000000e+00 0.000000e+00
      vertex   1.298958e+01 3.000000e+00 -4.590896e+00
      vertex   1.299270e+01 3.000000e+00 -4.815332e+00
    endloop
  endfacet
  facet normal 0.000000e+00 1.000000e+00 0.000000e+00
    outer loop
      vertex   1.304579e+01 3.000000e+00 -5.033420e+00
      vertex   1.142486e+01 3.000000e+00 -7.840285e+00
      vertex   1.299270e+01 3.000000e+00 -4.815332e+00
    endloop
  endfacet
  facet normal 0.000000e+00 1.000000e+00 0.000000e+00
    outer loop
      vertex   1.299270e+01 3.000000e+00 -4.815332e+00
      vertex   1.142486e+01 3.000000e+00 -7.840285e+00
      vertex   1.123968e+01 3.000000e+00 -7.967129e+00
    endloop
  endfacet
  facet normal 0.000000e+00 1.000000e+00 0.000000e+00
    outer loop
      vertex   1.299270e+01 3.000000e+00 -4.815332e+00
      vertex   1.123968e+01 3.000000e+00 -7.967129e+00
      vertex   1.250000e+00 3.000000e+00 0.000000e+00
    endloop
  endfacet
  facet normal 0.000000e+00 1.000000e+00 0.000000e+00
    outer loop
      vertex   1.250000e+00 3.000000e+00 0.000000e+00
      vertex   1.123968e+01 3.000000e+00 -7.967129e+00
      vertex   1.108746e+01 3.000000e+00 -8.132081e+00
    endloop
  endfacet
  facet normal 0.000000e+00 1.000000e+00 0.000000e+00
    outer loop
      vertex   1.250000e+00 3.000000e+00 0.000000e+00
      vertex   1.108746e+01 3.000000e+00 -8.132081e+00
      vertex   1.108101e+01 3.000000e+00 -8.140869e+00
    endloop
  endfacet
  facet normal 0.000000e+00 1.000000e+00 0.000000e+00
    outer loop
      vertex   1.304579e+01 3.000000e+00 -5.033420e+00
      vertex   1.314618e+01 3.000000e+00 -5.234173e+00
      vertex   1.142486e+01 3.000000e+00 -7.840285e+00
    endloop
  endfacet
  facet normal 0.000000e+00 1.000000e+00 0.000000e+00
    outer loop
      vertex   1.142486e+01 3.000000e+00 -7.840285e+00
      vertex   1.314618e+01 3.000000e+00 -5.234173e+00
      vertex   1.163367e+01 3.000000e+00 -7.757937e+00
    endloop
  endfacet
  facet normal 0.000000e+00 1.000000e+00 0.000000e+00
    outer loop
      vertex   1.163367e+01 3.000000e+00 -7.757937e+00
      vertex   1.314618e+01 3.000000e+00 -5.234173e+00
      vertex   1.328882e+01 3.000000e+00 -5.407477e+00
    endloop
  endfacet
  facet normal 0.000000e+00 1.000000e+00 0.000000e+00
    outer loop
      vertex   1.163367e+01 3.000000e+00 -7.757937e+00
      vertex   1.328882e+01 3.000000e+00 -5.407477e+00
      vertex   1.185558e+01 3.000000e+00 -7.724236e+00
    endloop
  endfacet
  facet normal 0.000000e+00 1.000000e+00 0.000000e+00
    outer loop
      vertex   1.185558e+01 3.000000e+00 -7.724236e+00
      vertex   1.328882e+01 3.000000e+00 -5.407477e+00
      vertex   1.403918e+01 3.000000e+00 -6.134606e+00
    endloop
  endfacet
  facet normal -0.000000e+00 1.000000e+00 0.000000e+00
    outer loop
      vertex   1.185558e+01 3.000000e+00 -7.724236e+00
      vertex   1.403918e+01 3.000000e+00 -6.134606e+00
      vertex   1.207942e+01 3.000000e+00 -7.740879e+00
    endloop
  endfacet
  facet normal 0.000000e+00 1.000000e+00 0.000000e+00
    outer loop
      vertex   1.207942e+01 3.000000e+00 -7.740879e+00
      vertex   1.403918e+01 3.000000e+00 -6.134606e+00
      vertex   1.419827e+01 3.000000e+00 -6.334104e+00
    endloop
  endfacet
  facet normal 0.000000e+00 1.000000e+00 0.000000e+00
    outer loop
      vertex   1.207942e+01 3.000000e+00 -7.740879e+00
      vertex   1.419827e+01 3.000000e+00 -6.334104e+00
      vertex   1.430170e+01 3.000000e+00 -6.567370e+00
    endloop
  endfacet
  facet normal 0.000000e+00 1.000000e+00 0.000000e+00
    outer loop
      vertex   1.430170e+01 3.000000e+00 -6.567370e+00
      vertex   1.434272e+01 3.000000e+00 -6.819217e+00
      vertex   1.207942e+01 3.000000e+00 -7.740879e+00
    endloop
  endfacet
  facet normal 0.000000e+00 1.000000e+00 0.000000e+00
    outer loop
      vertex   1.207942e+01 3.000000e+00 -7.740879e+00
      vertex   1.434272e+01 3.000000e+00 -6.819217e+00
      vertex   1.431866e+01 3.000000e+00 -7.073247e+00
    endloop
  endfacet
  facet normal 0.000000e+00 1.000000e+00 0.000000e+00
    outer loop
      vertex   1.207942e+01 3.000000e+00 -7.740879e+00
      vertex   1.431866e+01 3.000000e+00 -7.073247e+00
      vertex   1.423111e+01 3.000000e+00 -7.312919e+00
    endloop
  endfacet
  facet normal 0.000000e+00 1.000000e+00 0.000000e+00
    outer loop
      vertex   1.423111e+01 3.000000e+00 -7.312919e+00
      vertex   1.417956e+01 3.000000e+00 -7.412358e+00
      vertex   1.207942e+01 3.000000e+00 -7.740879e+00
    endloop
  endfacet
  facet normal -0.000000e+00 1.000000e+00 0.000000e+00
    outer loop
      vertex   1.207942e+01 3.000000e+00 -7.740879e+00
      vertex   1.417956e+01 3.000000e+00 -7.412358e+00
      vertex   1.310614e+01 3.000000e+00 -7.934806e+00
    endloop
  endfacet
  facet normal 0.000000e+00 1.000000e+00 0.000000e+00
    outer loop
      vertex   1.310614e+01 3.000000e+00 -7.934806e+00
      vertex   1.417956e+01 3.000000e+00 -7.412358e+00
      vertex   1.403420e+01 3.000000e+00 -7.622064e+00
    endloop
  endfacet
  facet normal 0.000000e+00 1.000000e+00 0.000000e+00
    outer loop
      vertex   1.310614e+01 3.000000e+00 -7.934806e+00
      vertex   1.403420e+01 3.000000e+00 -7.622064e+00
      vertex   1.384050e+01 3.000000e+00 -7.788156e+00
    endloop
  endfacet
  facet normal 0.000000e+00 1.000000e+00 0.000000e+00
    outer loop
      vertex   1.384050e+01 3.000000e+00 -7.788156e+00
      vertex   1.361108e+01 3.000000e+00 -7.899821e+00
      vertex   1.310614e+01 3.000000e+00 -7.934806e+00
    endloop
  endfacet
  facet normal -0.000000e+00 1.000000e+00 0.000000e+00
    outer loop
      vertex   1.310614e+01 3.000000e+00 -7.934806e+00
      vertex   1.361108e+01 3.000000e+00 -7.899821e+00
      vertex   1.336086e+01 3.000000e+00 -7.949789e+00
    endloop
  endfacet
  facet normal 0.000000e+00 1.000000e+00 0.000000e+00
    outer loop
      vertex   1.108101e+01 3.000000e+00 -8.140869e+00
      vertex   1.107455e+01 3.000000e+00 -8.149652e+00
      vertex   1.250000e+00 3.000000e+00 0.000000e+00
    endloop
  endfacet
  facet normal 0.000000e+00 1.000000e+00 0.000000e+00
    outer loop
      vertex   1.250000e+00 3.000000e+00 0.000000e+00
      vertex   1.107455e+01 3.000000e+00 -8.149652e+00
      vertex   1.106809e+01 3.000000e+00 -8.158430e+00
    endloop
  endfacet
  facet normal 0.000000e+00 1.000000e+00 0.000000e+00
    outer loop
      vertex   1.250000e+00 3.000000e+00 0.000000e+00
      vertex   1.106809e+01 3.000000e+00 -8.158430e+00
      vertex   1.095602e+01 3.000000e+00 -8.352913e+00
    endloop
  endfacet
  facet normal 0.000000e+00 1.000000e+00 -0.000000e+00
    outer loop
      vertex   1.089016e+01 3.000000e+00 -8.567490e+00
      vertex   8.255122e+00 3.000000e+00 -1.102989e+01
      vertex   1.095602e+01 3.000000e+00 -8.352913e+00
    endloop
  endfacet
  facet normal 0.000000e+00 1.000000e+00 0.000000e+00
    outer loop
      vertex   1.095602e+01 3.000000e+00 -8.352913e+00
      vertex   8.255122e+00 3.000000e+00 -1.102989e+01
      vertex   8.059651e+00 3.000000e+00 -1.114022e+01
    endloop
  endfacet
  facet normal 0.000000e+00 1.000000e+00 0.000000e+00
    outer loop
      vertex   1.095602e+01 3.000000e+00 -8.352913e+00
      vertex   8.059651e+00 3.000000e+00 -1.114022e+01
      vertex   1.250000e+00 3.000000e+00 0.000000e+00
    endloop
  endfacet
  facet normal 0.000000e+00 1.000000e+00 0.000000e+00
    outer loop
      vertex   1.250000e+00 3.000000e+00 0.000000e+00
      vertex   8.059651e+00 3.000000e+00 -1.114022e+01
      vertex   8.050816e+00 3.000000e+00 -1.114661e+01
    endloop
  endfacet
  facet normal 0.000000e+00 1.000000e+00 0.000000e+00
    outer loop
      vertex   1.250000e+00 3.000000e+00 0.000000e+00
      vertex   8.050816e+00 3.000000e+00 -1.114661e+01
      vertex   8.041975e+00 3.000000e+00 -1.115299e+01
    endloop
  endfacet
  facet normal 0.000000e+00 1.000000e+00 0.000000e+00
    outer loop
      vertex   8.255122e+00 3.000000e+00 -1.102989e+01
      vertex   1.089016e+01 3.000000e+00 -8.567490e+00
      vertex   8.470276e+00 3.000000e+00 -1.096595e+01
    endloop
  endfacet
  facet normal 0.000000e+00 1.000000e+00 0.000000e+00
    outer loop
      vertex   8.470276e+00 3.000000e+00 -1.096595e+01
      vertex   1.089016e+01 3.000000e+00 -8.567490e+00
      vertex   1.087382e+01 3.000000e+00 -8.791352e+00
    endloop
  endfacet
  facet normal 0.000000e+00 1.000000e+00 0.000000e+00
    outer loop
      vertex   8.470276e+00 3.000000e+00 -1.096595e+01
      vertex   1.087382e+01 3.000000e+00 -8.791352e+00
      vertex   1.090782e+01 3.000000e+00 -9.013219e+00
    endloop
  endfacet
  facet normal 0.000000e+00 1.000000e+00 0.000000e+00
    outer loop
      vertex   8.470276e+00 3.000000e+00 -1.096595e+01
      vertex   1.090782e+01 3.000000e+00 -9.013219e+00
      vertex   8.694274e+00 3.000000e+00 -1.095159e+01
    endloop
  endfacet
  facet normal 0.000000e+00 1.000000e+00 0.000000e+00
    outer loop
      vertex   8.694274e+00 3.000000e+00 -1.095159e+01
      vertex   1.090782e+01 3.000000e+00 -9.013219e+00
      vertex   1.099045e+01 3.000000e+00 -9.221914e+00
    endloop
  endfacet
  facet normal -0.000000e+00 1.000000e+00 0.000000e+00
    outer loop
      vertex   8.694274e+00 3.000000e+00 -1.095159e+01
      vertex   1.099045e+01 3.000000e+00 -9.221914e+00
      vertex   8.915829e+00 3.000000e+00 -1.098756e+01
    endloop
  endfacet
  facet normal 0.000000e+00 1.000000e+00 0.000000e+00
    outer loop
      vertex   8.915829e+00 3.000000e+00 -1.098756e+01
      vertex   1.099045e+01 3.000000e+00 -9.221914e+00
      vertex   1.148169e+01 3.000000e+00 -1.014411e+01
    endloop
  endfacet
  facet normal -0.000000e+00 1.000000e+00 0.000000e+00
    outer loop
      vertex   8.915829e+00 3.000000e+00 -1.098756e+01
      vertex   1.148169e+01 3.000000e+00 -1.014411e+01
      vertex   9.123781e+00 3.000000e+00 -1.107205e+01
    endloop
  endfacet
  facet normal 0.000000e+00 1.000000e+00 0.000000e+00
    outer loop
      vertex   9.123781e+00 3.000000e+00 -1.107205e+01
      vertex   1.148169e+01 3.000000e+00 -1.014411e+01
      vertex   1.157194e+01 3.000000e+00 -1.038278e+01
    endloop
  endfacet
  facet normal 0.000000e+00 1.000000e+00 0.000000e+00
    outer loop
      vertex   9.123781e+00 3.000000e+00 -1.107205e+01
      vertex   1.157194e+01 3.000000e+00 -1.038278e+01
      vertex   1.159885e+01 3.000000e+00 -1.063652e+01
    endloop
  endfacet
  facet normal 0.000000e+00 1.000000e+00 0.000000e+00
    outer loop
      vertex   1.159885e+01 3.000000e+00 -1.063652e+01
      vertex   1.156067e+01 3.000000e+00 -1.088881e+01
      vertex   9.123781e+00 3.000000e+00 -1.107205e+01
    endloop
  endfacet
  facet normal -0.000000e+00 1.000000e+00 0.000000e+00
    outer loop
      vertex   9.123781e+00 3.000000e+00 -1.107205e+01
      vertex   1.156067e+01 3.000000e+00 -1.088881e+01
      vertex   1.145988e+01 3.000000e+00 -1.112323e+01
    endloop
  endfacet
  facet normal 0.000000e+00 1.000000e+00 0.000000e+00
    outer loop
      vertex   9.123781e+00 3.000000e+00 -1.107205e+01
      vertex   1.145988e+01 3.000000e+00 -1.112323e+01
      vertex   1.004157e+01 3.000000e+00 -1.157147e+01
    endloop
  endfacet
  facet normal 0.000000e+00 1.000000e+00 0.000000e+00
    outer loop
      vertex   1.004157e+01 3.000000e+00 -1.157147e+01
      vertex   1.145988e+01 3.000000e+00 -1.112323e+01
      vertex   1.130304e+01 3.000000e+00 -1.132451e+01
    endloop
  endfacet
  facet normal 0.000000e+00 1.000000e+00 0.000000e+00
    outer loop
      vertex   1.004157e+01 3.000000e+00 -1.157147e+01
      vertex   1.130304e+01 3.000000e+00 -1.132451e+01
      vertex   1.122349e+01 3.000000e+00 -1.140335e+01
    endloop
  endfacet
  facet normal 0.000000e+00 1.000000e+00 0.000000e+00
    outer loop
      vertex   1.122349e+01 3.000000e+00 -1.140335e+01
      vertex   1.102083e+01 3.000000e+00 -1.155838e+01
      vertex   1.004157e+01 3.000000e+00 -1.157147e+01
    endloop
  endfacet
  facet normal -0.000000e+00 1.000000e+00 0.000000e+00
    outer loop
      vertex   1.004157e+01 3.000000e+00 -1.157147e+01
      vertex   1.102083e+01 3.000000e+00 -1.155838e+01
      vertex   1.078553e+01 3.000000e+00 -1.165707e+01
    endloop
  endfacet
  facet normal 0.000000e+00 1.000000e+00 0.000000e+00
    outer loop
      vertex   1.004157e+01 3.000000e+00 -1.157147e+01
      vertex   1.078553e+01 3.000000e+00 -1.165707e+01
      vertex   1.027943e+01 3.000000e+00 -1.166384e+01
    endloop
  endfacet
  facet normal -0.000000e+00 1.000000e+00 0.000000e+00
    outer loop
      vertex   1.027943e+01 3.000000e+00 -1.166384e+01
      vertex   1.078553e+01 3.000000e+00 -1.165707e+01
      vertex   1.053291e+01 3.000000e+00 -1.169300e+01
    endloop
  endfacet
  facet normal 0.000000e+00 1.000000e+00 0.000000e+00
    outer loop
      vertex   8.041975e+00 3.000000e+00 -1.115299e+01
      vertex   8.033130e+00 3.000000e+00 -1.115936e+01
      vertex   1.250000e+00 3.000000e+00 0.000000e+00
    endloop
  endfacet
  facet normal 0.000000e+00 1.000000e+00 0.000000e+00
    outer loop
      vertex   1.250000e+00 3.000000e+00 0.000000e+00
      vertex   8.033130e+00 3.000000e+00 -1.115936e+01
      vertex   7.866831e+00 3.000000e+00 -1.131011e+01
    endloop
  endfacet
  facet normal 0.000000e+00 1.000000e+00 0.000000e+00
    outer loop
      vertex   1.250000e+00 3.000000e+00 0.000000e+00
      vertex   7.866831e+00 3.000000e+00 -1.131011e+01
      vertex   7.738344e+00 3.000000e+00 -1.149415e+01
    endloop
  endfacet
  facet normal 0.000000e+00 1.000000e+00 0.000000e+00
    outer loop
      vertex   7.738344e+00 3.000000e+00 -1.149415e+01
      vertex   7.654142e+00 3.000000e+00 -1.170222e+01
      vertex   1.250000e+00 3.000000e+00 0.000000e+00
    endloop
  endfacet
  facet normal 0.000000e+00 1.000000e+00 0.000000e+00
    outer loop
      vertex   1.250000e+00 3.000000e+00 0.000000e+00
      vertex   7.654142e+00 3.000000e+00 -1.170222e+01
      vertex   7.618469e+00 3.000000e+00 -1.192382e+01
    endloop
  endfacet
  facet normal 0.000000e+00 1.000000e+00 0.000000e+00
    outer loop
      vertex   1.250000e+00 3.000000e+00 0.000000e+00
      vertex   7.618469e+00 3.000000e+00 -1.192382e+01
      vertex   1.213677e+00 3.000000e+00 -2.991446e-01
    endloop
  endfacet
  facet normal 0.000000e+00 1.000000e+00 0.000000e+00
    outer loop
      vertex   1.213677e+00 3.000000e+00 -2.991446e-01
      vertex   7.618469e+00 3.000000e+00 -1.192382e+01
      vertex   1.106820e+00 3.000000e+00 -5.809040e-01
    endloop
  endfacet
  facet normal 0.000000e+00 1.000000e+00 0.000000e+00
    outer loop
      vertex   1.106820e+00 3.000000e+00 -5.809040e-01
      vertex   7.618469e+00 3.000000e+00 -1.192382e+01
      vertex   9.356384e-01 3.000000e+00 -8.289033e-01
    endloop
  endfacet
  facet normal 0.000000e+00 1.000000e+00 0.000000e+00
    outer loop
      vertex   9.356384e-01 3.000000e+00 -8.289033e-01
      vertex   7.618469e+00 3.000000e+00 -1.192382e+01
      vertex   7.100809e-01 3.000000e+00 -1.028730e+00
    endloop
  endfacet
  facet normal 0.000000e+00 1.000000e+00 0.000000e+00
    outer loop
      vertex   7.100809e-01 3.000000e+00 -1.028730e+00
      vertex   7.618469e+00 3.000000e+00 -1.192382e+01
      vertex   4.432561e-01 3.000000e+00 -1.168770e+00
    endloop
  endfacet
  facet normal 0.000000e+00 1.000000e+00 0.000000e+00
    outer loop
      vertex   4.432561e-01 3.000000e+00 -1.168770e+00
      vertex   7.618469e+00 3.000000e+00 -1.192382e+01
      vertex   1.506709e-01 3.000000e+00 -1.240886e+00
    endloop
  endfacet
  facet normal 0.000000e+00 1.000000e+00 0.000000e+00
    outer loop
      vertex   1.506709e-01 3.000000e+00 -1.240886e+00
      vertex   7.618469e+00 3.000000e+00 -1.192382e+01
      vertex   4.255279e+00 3.000000e+00 -1.307498e+01
    endloop
  endfacet
  facet normal 0.000000e+00 1.000000e+00 0.000000e+00
    outer loop
      vertex   1.506709e-01 3.000000e+00 -1.240886e+00
      vertex   4.255279e+00 3.000000e+00 -1.307498e+01
      vertex   -6.795231e+00 3.000000e+00 -1.195355e+01
    endloop
  endfacet
  facet normal 0.000000e+00 1.000000e+00 0.000000e+00
    outer loop
      vertex   -6.795231e+00 3.000000e+00 -1.195355e+01
      vertex   4.255279e+00 3.000000e+00 -1.307498e+01
      vertex   -5.889529e+00 3.000000e+00 -1.242481e+01
    endloop
  endfacet
  facet normal 0.000000e+00 1.000000e+00 0.000000e+00
    outer loop
      vertex   -5.889529e+00 3.000000e+00 -1.242481e+01
      vertex   4.255279e+00 3.000000e+00 -1.307498e+01
      vertex   -4.951355e+00 3.000000e+00 -1.282757e+01
    endloop
  endfacet
  facet normal 0.000000e+00 1.000000e+00 0.000000e+00
    outer loop
      vertex   -4.951355e+00 3.000000e+00 -1.282757e+01
      vertex   4.255279e+00 3.000000e+00 -1.307498e+01
      vertex   -3.985881e+00 3.000000e+00 -1.315961e+01
    endloop
  endfacet
  facet normal 0.000000e+00 1.000000e+00 0.000000e+00
    outer loop
      vertex   -3.985881e+00 3.000000e+00 -1.315961e+01
      vertex   4.255279e+00 3.000000e+00 -1.307498e+01
      vertex   4.244911e+00 3.000000e+00 -1.307835e+01
    endloop
  endfacet
  facet normal 0.000000e+00 1.000000e+00 0.000000e+00
    outer loop
      vertex   -3.985881e+00 3.000000e+00 -1.315961e+01
      vertex   4.244911e+00 3.000000e+00 -1.307835e+01
      vertex   4.234540e+00 3.000000e+00 -1.308171e+01
    endloop
  endfacet
  facet normal 0.000000e+00 1.000000e+00 0.000000e+00
    outer loop
      vertex   7.633120e+00 3.000000e+00 -1.214780e+01
      vertex   4.917170e+00 3.000000e+00 -1.309004e+01
      vertex   7.618469e+00 3.000000e+00 -1.192382e+01
    endloop
  endfacet
  facet normal 0.000000e+00 1.000000e+00 0.000000e+00
    outer loop
      vertex   7.618469e+00 3.000000e+00 -1.192382e+01
      vertex   4.917170e+00 3.000000e+00 -1.309004e+01
      vertex   4.699563e+00 3.000000e+00 -1.303502e+01
    endloop
  endfacet
  facet normal 0.000000e+00 1.000000e+00 0.000000e+00
    outer loop
      vertex   7.618469e+00 3.000000e+00 -1.192382e+01
      vertex   4.699563e+00 3.000000e+00 -1.303502e+01
      vertex   4.475164e+00 3.000000e+00 -1.302991e+01
    endloop
  endfacet
  facet normal 0.000000e+00 1.000000e+00 0.000000e+00
    outer loop
      vertex   7.817908e+00 3.000000e+00 -1.317620e+01
      vertex   5.289050e+00 3.000000e+00 -1.333640e+01
      vertex   7.633120e+00 3.000000e+00 -1.214780e+01
    endloop
  endfacet
  facet normal 0.000000e+00 1.000000e+00 0.000000e+00
    outer loop
      vertex   7.633120e+00 3.000000e+00 -1.214780e+01
      vertex   5.289050e+00 3.000000e+00 -1.333640e+01
      vertex   5.117022e+00 3.000000e+00 -1.319222e+01
    endloop
  endfacet
  facet normal 0.000000e+00 1.000000e+00 0.000000e+00
    outer loop
      vertex   7.633120e+00 3.000000e+00 -1.214780e+01
      vertex   5.117022e+00 3.000000e+00 -1.319222e+01
      vertex   4.917170e+00 3.000000e+00 -1.309004e+01
    endloop
  endfacet
  facet normal 0.000000e+00 1.000000e+00 0.000000e+00
    outer loop
      vertex   7.817908e+00 3.000000e+00 -1.317620e+01
      vertex   7.830625e+00 3.000000e+00 -1.343105e+01
      vertex   5.289050e+00 3.000000e+00 -1.333640e+01
    endloop
  endfacet
  facet normal 0.000000e+00 1.000000e+00 0.000000e+00
    outer loop
      vertex   5.289050e+00 3.000000e+00 -1.333640e+01
      vertex   7.830625e+00 3.000000e+00 -1.343105e+01
      vertex   6.009480e+00 3.000000e+00 -1.409320e+01
    endloop
  endfacet
  facet normal 0.000000e+00 1.000000e+00 0.000000e+00
    outer loop
      vertex   6.009480e+00 3.000000e+00 -1.409320e+01
      vertex   7.830625e+00 3.000000e+00 -1.343105e+01
      vertex   7.778430e+00 3.000000e+00 -1.368082e+01
    endloop
  endfacet
  facet normal 0.000000e+00 1.000000e+00 0.000000e+00
    outer loop
      vertex   6.009480e+00 3.000000e+00 -1.409320e+01
      vertex   7.778430e+00 3.000000e+00 -1.368082e+01
      vertex   7.664722e+00 3.000000e+00 -1.390925e+01
    endloop
  endfacet
  facet normal 0.000000e+00 1.000000e+00 0.000000e+00
    outer loop
      vertex   7.664722e+00 3.000000e+00 -1.390925e+01
      vertex   7.496905e+00 3.000000e+00 -1.410147e+01
      vertex   6.009480e+00 3.000000e+00 -1.409320e+01
    endloop
  endfacet
  facet normal 0.000000e+00 1.000000e+00 0.000000e+00
    outer loop
      vertex   6.009480e+00 3.000000e+00 -1.409320e+01
      vertex   7.496905e+00 3.000000e+00 -1.410147e+01
      vertex   7.285906e+00 3.000000e+00 -1.424495e+01
    endloop
  endfacet
  facet normal 0.000000e+00 1.000000e+00 0.000000e+00
    outer loop
      vertex   6.009480e+00 3.000000e+00 -1.409320e+01
      vertex   7.285906e+00 3.000000e+00 -1.424495e+01
      vertex   6.207550e+00 3.000000e+00 -1.425405e+01
    endloop
  endfacet
  facet normal -0.000000e+00 1.000000e+00 0.000000e+00
    outer loop
      vertex   6.207550e+00 3.000000e+00 -1.425405e+01
      vertex   7.285906e+00 3.000000e+00 -1.424495e+01
      vertex   7.186010e+00 3.000000e+00 -1.429561e+01
    endloop
  endfacet
  facet normal 0.000000e+00 1.000000e+00 0.000000e+00
    outer loop
      vertex   6.207550e+00 3.000000e+00 -1.425405e+01
      vertex   7.186010e+00 3.000000e+00 -1.429561e+01
      vertex   6.439880e+00 3.000000e+00 -1.435954e+01
    endloop
  endfacet
  facet normal -0.000000e+00 1.000000e+00 0.000000e+00
    outer loop
      vertex   6.439880e+00 3.000000e+00 -1.435954e+01
      vertex   7.186010e+00 3.000000e+00 -1.429561e+01
      vertex   6.945572e+00 3.000000e+00 -1.438102e+01
    endloop
  endfacet
  facet normal 0.000000e+00 1.000000e+00 0.000000e+00
    outer loop
      vertex   6.439880e+00 3.000000e+00 -1.435954e+01
      vertex   6.945572e+00 3.000000e+00 -1.438102e+01
      vertex   6.691345e+00 3.000000e+00 -1.440281e+01
    endloop
  endfacet
  facet normal 0.000000e+00 1.000000e+00 -0.000000e+00
    outer loop
      vertex   4.475164e+00 3.000000e+00 -1.302991e+01
      vertex   4.255279e+00 3.000000e+00 -1.307498e+01
      vertex   7.618469e+00 3.000000e+00 -1.192382e+01
    endloop
  endfacet
  facet normal 0.000000e+00 1.000000e+00 0.000000e+00
    outer loop
      vertex   4.234540e+00 3.000000e+00 -1.308171e+01
      vertex   4.224167e+00 3.000000e+00 -1.308506e+01
      vertex   -3.985881e+00 3.000000e+00 -1.315961e+01
    endloop
  endfacet
  facet normal -0.000000e+00 1.000000e+00 0.000000e+00
    outer loop
      vertex   -3.985881e+00 3.000000e+00 -1.315961e+01
      vertex   4.224167e+00 3.000000e+00 -1.308506e+01
      vertex   -2.998432e+00 3.000000e+00 -1.341909e+01
    endloop
  endfacet
  facet normal -0.000000e+00 1.000000e+00 0.000000e+00
    outer loop
      vertex   -2.998432e+00 3.000000e+00 -1.341909e+01
      vertex   4.224167e+00 3.000000e+00 -1.308506e+01
      vertex   -1.994451e+00 3.000000e+00 -1.360458e+01
    endloop
  endfacet
  facet normal -0.000000e+00 1.000000e+00 0.000000e+00
    outer loop
      vertex   -1.994451e+00 3.000000e+00 -1.360458e+01
      vertex   4.224167e+00 3.000000e+00 -1.308506e+01
      vertex   -9.794743e-01 3.000000e+00 -1.371507e+01
    endloop
  endfacet
  facet normal -0.000000e+00 1.000000e+00 0.000000e+00
    outer loop
      vertex   -9.794743e-01 3.000000e+00 -1.371507e+01
      vertex   4.224167e+00 3.000000e+00 -1.308506e+01
      vertex   4.090315e-02 3.000000e+00 -1.374994e+01
    endloop
  endfacet
  facet normal 0.000000e+00 1.000000e+00 0.000000e+00
    outer loop
      vertex   4.090315e-02 3.000000e+00 -1.374994e+01
      vertex   4.224167e+00 3.000000e+00 -1.308506e+01
      vertex   4.019653e+00 3.000000e+00 -1.317756e+01
    endloop
  endfacet
  facet normal -0.000000e+00 1.000000e+00 0.000000e+00
    outer loop
      vertex   4.090315e-02 3.000000e+00 -1.374994e+01
      vertex   4.019653e+00 3.000000e+00 -1.317756e+01
      vertex   2.640159e-01 3.000000e+00 -1.377447e+01
    endloop
  endfacet
  facet normal 0.000000e+00 1.000000e+00 0.000000e+00
    outer loop
      vertex   2.640159e-01 3.000000e+00 -1.377447e+01
      vertex   4.019653e+00 3.000000e+00 -1.317756e+01
      vertex   3.840919e+00 3.000000e+00 -1.331333e+01
    endloop
  endfacet
  facet normal -0.000000e+00 1.000000e+00 0.000000e+00
    outer loop
      vertex   2.640159e-01 3.000000e+00 -1.377447e+01
      vertex   3.840919e+00 3.000000e+00 -1.331333e+01
      vertex   4.760378e-01 3.000000e+00 -1.384814e+01
    endloop
  endfacet
  facet normal 0.000000e+00 1.000000e+00 0.000000e+00
    outer loop
      vertex   4.760378e-01 3.000000e+00 -1.384814e+01
      vertex   3.840919e+00 3.000000e+00 -1.331333e+01
      vertex   3.696972e+00 3.000000e+00 -1.348556e+01
    endloop
  endfacet
  facet normal -0.000000e+00 1.000000e+00 0.000000e+00
    outer loop
      vertex   4.760378e-01 3.000000e+00 -1.384814e+01
      vertex   3.696972e+00 3.000000e+00 -1.348556e+01
      vertex   6.662872e-01 3.000000e+00 -1.396724e+01
    endloop
  endfacet
  facet normal 0.000000e+00 1.000000e+00 0.000000e+00
    outer loop
      vertex   6.662872e-01 3.000000e+00 -1.396724e+01
      vertex   3.696972e+00 3.000000e+00 -1.348556e+01
      vertex   3.595064e+00 3.000000e+00 -1.368555e+01
    endloop
  endfacet
  facet normal -0.000000e+00 1.000000e+00 0.000000e+00
    outer loop
      vertex   6.662872e-01 3.000000e+00 -1.396724e+01
      vertex   3.595064e+00 3.000000e+00 -1.368555e+01
      vertex   8.251791e-01 3.000000e+00 -1.412578e+01
    endloop
  endfacet
  facet normal 0.000000e+00 1.000000e+00 0.000000e+00
    outer loop
      vertex   8.251791e-01 3.000000e+00 -1.412578e+01
      vertex   3.595064e+00 3.000000e+00 -1.368555e+01
      vertex   3.540328e+00 3.000000e+00 -1.390323e+01
    endloop
  endfacet
  facet normal -0.000000e+00 1.000000e+00 0.000000e+00
    outer loop
      vertex   8.251791e-01 3.000000e+00 -1.412578e+01
      vertex   3.540328e+00 3.000000e+00 -1.390323e+01
      vertex   9.447084e-01 3.000000e+00 -1.431576e+01
    endloop
  endfacet
  facet normal -0.000000e+00 1.000000e+00 0.000000e+00
    outer loop
      vertex   9.447084e-01 3.000000e+00 -1.431576e+01
      vertex   3.540328e+00 3.000000e+00 -1.390323e+01
      vertex   3.400860e+00 3.000000e+00 -1.493875e+01
    endloop
  endfacet
  facet normal 0.000000e+00 1.000000e+00 0.000000e+00
    outer loop
      vertex   9.447084e-01 3.000000e+00 -1.431576e+01
      vertex   3.400860e+00 3.000000e+00 -1.493875e+01
      vertex   1.398363e+00 3.000000e+00 -1.525702e+01
    endloop
  endfacet
  facet normal 0.000000e+00 1.000000e+00 0.000000e+00
    outer loop
      vertex   1.398363e+00 3.000000e+00 -1.525702e+01
      vertex   3.400860e+00 3.000000e+00 -1.493875e+01
      vertex   3.334815e+00 3.000000e+00 -1.518522e+01
    endloop
  endfacet
  facet normal -0.000000e+00 1.000000e+00 0.000000e+00
    outer loop
      vertex   1.398363e+00 3.000000e+00 -1.525702e+01
      vertex   3.334815e+00 3.000000e+00 -1.518522e+01
      vertex   3.208544e+00 3.000000e+00 -1.540695e+01
    endloop
  endfacet
  facet normal 0.000000e+00 1.000000e+00 0.000000e+00
    outer loop
      vertex   1.398363e+00 3.000000e+00 -1.525702e+01
      vertex   3.208544e+00 3.000000e+00 -1.540695e+01
      vertex   1.537565e+00 3.000000e+00 -1.547086e+01
    endloop
  endfacet
  facet normal -0.000000e+00 1.000000e+00 0.000000e+00
    outer loop
      vertex   1.537565e+00 3.000000e+00 -1.547086e+01
      vertex   3.208544e+00 3.000000e+00 -1.540695e+01
      vertex   3.030268e+00 3.000000e+00 -1.558951e+01
    endloop
  endfacet
  facet normal 0.000000e+00 1.000000e+00 0.000000e+00
    outer loop
      vertex   1.537565e+00 3.000000e+00 -1.547086e+01
      vertex   3.030268e+00 3.000000e+00 -1.558951e+01
      vertex   2.811594e+00 3.000000e+00 -1.572100e+01
    endloop
  endfacet
  facet normal 0.000000e+00 1.000000e+00 0.000000e+00
    outer loop
      vertex   1.537565e+00 3.000000e+00 -1.547086e+01
      vertex   2.811594e+00 3.000000e+00 -1.572100e+01
      vertex   1.726354e+00 3.000000e+00 -1.564252e+01
    endloop
  endfacet
  facet normal 0.000000e+00 1.000000e+00 0.000000e+00
    outer loop
      vertex   1.726354e+00 3.000000e+00 -1.564252e+01
      vertex   2.811594e+00 3.000000e+00 -1.572100e+01
      vertex   2.566760e+00 3.000000e+00 -1.579288e+01
    endloop
  endfacet
  facet normal 0.000000e+00 1.000000e+00 0.000000e+00
    outer loop
      vertex   1.726354e+00 3.000000e+00 -1.564252e+01
      vertex   2.566760e+00 3.000000e+00 -1.579288e+01
      vertex   2.456145e+00 3.000000e+00 -1.581045e+01
    endloop
  endfacet
  facet normal 0.000000e+00 1.000000e+00 -0.000000e+00
    outer loop
      vertex   2.201098e+00 3.000000e+00 -1.581802e+01
      vertex   1.952438e+00 3.000000e+00 -1.576080e+01
      vertex   2.456145e+00 3.000000e+00 -1.581045e+01
    endloop
  endfacet
  facet normal 0.000000e+00 1.000000e+00 0.000000e+00
    outer loop
      vertex   2.456145e+00 3.000000e+00 -1.581045e+01
      vertex   1.952438e+00 3.000000e+00 -1.576080e+01
      vertex   1.726354e+00 3.000000e+00 -1.564252e+01
    endloop
  endfacet
  facet normal 0.000000e+00 1.000000e+00 -0.000000e+00
    outer loop
      vertex   -6.795231e+00 3.000000e+00 -1.195355e+01
      vertex   -7.663469e+00 3.000000e+00 -1.141638e+01
      vertex   1.506709e-01 3.000000e+00 -1.240886e+00
    endloop
  endfacet
  facet normal 0.000000e+00 1.000000e+00 0.000000e+00
    outer loop
      vertex   1.506709e-01 3.000000e+00 -1.240886e+00
      vertex   -7.663469e+00 3.000000e+00 -1.141638e+01
      vertex   -1.506709e-01 3.000000e+00 -1.240886e+00
    endloop
  endfacet
  facet normal 0.000000e+00 1.000000e+00 0.000000e+00
    outer loop
      vertex   -1.506709e-01 3.000000e+00 -1.240886e+00
      vertex   -7.663469e+00 3.000000e+00 -1.141638e+01
      vertex   -8.489454e+00 3.000000e+00 -1.081627e+01
    endloop
  endfacet
  facet normal 0.000000e+00 1.000000e+00 0.000000e+00
    outer loop
      vertex   -1.506709e-01 3.000000e+00 -1.240886e+00
      vertex   -8.489454e+00 3.000000e+00 -1.081627e+01
      vertex   -9.268633e+00 3.000000e+00 -1.015652e+01
    endloop
  endfacet
  facet normal 0.000000e+00 1.000000e+00 -0.000000e+00
    outer loop
      vertex   -9.268633e+00 3.000000e+00 -1.015652e+01
      vertex   -9.996710e+00 3.000000e+00 -9.440778e+00
      vertex   -1.506709e-01 3.000000e+00 -1.240886e+00
    endloop
  endfacet
  facet normal 0.000000e+00 1.000000e+00 0.000000e+00
    outer loop
      vertex   -1.506709e-01 3.000000e+00 -1.240886e+00
      vertex   -9.996710e+00 3.000000e+00 -9.440778e+00
      vertex   -1.066967e+01 3.000000e+00 -8.672982e+00
    endloop
  endfacet
  facet normal 0.000000e+00 1.000000e+00 0.000000e+00
    outer loop
      vertex   -1.506709e-01 3.000000e+00 -1.240886e+00
      vertex   -1.066967e+01 3.000000e+00 -8.672982e+00
      vertex   -1.128380e+01 3.000000e+00 -7.857369e+00
    endloop
  endfacet
  facet normal 0.000000e+00 1.000000e+00 0.000000e+00
    outer loop
      vertex   -1.506709e-01 3.000000e+00 -1.240886e+00
      vertex   -1.128380e+01 3.000000e+00 -7.857369e+00
      vertex   -4.432561e-01 3.000000e+00 -1.168770e+00
    endloop
  endfacet
  facet normal 0.000000e+00 1.000000e+00 0.000000e+00
    outer loop
      vertex   -4.432561e-01 3.000000e+00 -1.168770e+00
      vertex   -1.128380e+01 3.000000e+00 -7.857369e+00
      vertex   -1.183573e+01 3.000000e+00 -6.998434e+00
    endloop
  endfacet
  facet normal 0.000000e+00 1.000000e+00 0.000000e+00
    outer loop
      vertex   -4.432561e-01 3.000000e+00 -1.168770e+00
      vertex   -1.183573e+01 3.000000e+00 -6.998434e+00
      vertex   -1.232239e+01 3.000000e+00 -6.100914e+00
    endloop
  endfacet
  facet normal 0.000000e+00 1.000000e+00 -0.000000e+00
    outer loop
      vertex   -1.232239e+01 3.000000e+00 -6.100914e+00
      vertex   -1.274112e+01 3.000000e+00 -5.169757e+00
      vertex   -4.432561e-01 3.000000e+00 -1.168770e+00
    endloop
  endfacet
  facet normal 0.000000e+00 1.000000e+00 0.000000e+00
    outer loop
      vertex   -4.432561e-01 3.000000e+00 -1.168770e+00
      vertex   -1.274112e+01 3.000000e+00 -5.169757e+00
      vertex   -7.100809e-01 3.000000e+00 -1.028730e+00
    endloop
  endfacet
  facet normal 0.000000e+00 1.000000e+00 0.000000e+00
    outer loop
      vertex   -7.100809e-01 3.000000e+00 -1.028730e+00
      vertex   -1.274112e+01 3.000000e+00 -5.169757e+00
      vertex   -1.308960e+01 3.000000e+00 -4.210096e+00
    endloop
  endfacet
  facet normal 0.000000e+00 1.000000e+00 0.000000e+00
    outer loop
      vertex   -7.100809e-01 3.000000e+00 -1.028730e+00
      vertex   -1.308960e+01 3.000000e+00 -4.210096e+00
      vertex   -9.356384e-01 3.000000e+00 -8.289033e-01
    endloop
  endfacet
  facet normal 0.000000e+00 1.000000e+00 0.000000e+00
    outer loop
      vertex   -9.356384e-01 3.000000e+00 -8.289033e-01
      vertex   -1.308960e+01 3.000000e+00 -4.210096e+00
      vertex   -1.336591e+01 3.000000e+00 -3.227224e+00
    endloop
  endfacet
  facet normal 0.000000e+00 1.000000e+00 0.000000e+00
    outer loop
      vertex   -9.356384e-01 3.000000e+00 -8.289033e-01
      vertex   -1.336591e+01 3.000000e+00 -3.227224e+00
      vertex   -1.106820e+00 3.000000e+00 -5.809040e-01
    endloop
  endfacet
  facet normal 0.000000e+00 1.000000e+00 0.000000e+00
    outer loop
      vertex   -1.106820e+00 3.000000e+00 -5.809040e-01
      vertex   -1.336591e+01 3.000000e+00 -3.227224e+00
      vertex   -1.213677e+00 3.000000e+00 -2.991446e-01
    endloop
  endfacet
  facet normal 0.000000e+00 1.000000e+00 0.000000e+00
    outer loop
      vertex   -1.213677e+00 3.000000e+00 -2.991446e-01
      vertex   -1.336591e+01 3.000000e+00 -3.227224e+00
      vertex   -1.250000e+00 3.000000e+00 0.000000e+00
    endloop
  endfacet
  facet normal 0.000000e+00 1.000000e+00 0.000000e+00
    outer loop
      vertex   -1.336591e+01 3.000000e+00 -3.227224e+00
      vertex   -1.349361e+01 3.000000e+00 -3.239871e+00
      vertex   -1.375000e+01 3.000000e+00 -3.250000e+00
    endloop
  endfacet
  facet normal 0.000000e+00 1.000000e+00 0.000000e+00
    outer loop
      vertex   -1.375000e+01 3.000000e+00 -3.250000e+00
      vertex   -1.349361e+01 3.000000e+00 -3.239871e+00
      vertex   -1.362170e+01 3.000000e+00 -3.247467e+00
    endloop
  endfacet
  facet normal 0.000000e+00 1.000000e+00 -0.000000e+00
    outer loop
      vertex   -3.516012e+01 3.000000e+00 -2.928149e+00
      vertex   -3.558079e+01 3.000000e+00 -2.685276e+00
      vertex   -3.414018e+01 3.000000e+00 -1.961571e+00
    endloop
  endfacet
  facet normal 0.000000e+00 1.000000e+00 0.000000e+00
    outer loop
      vertex   -3.414018e+01 3.000000e+00 -1.961571e+00
      vertex   -3.558079e+01 3.000000e+00 -2.685276e+00
      vertex   -3.451537e+01 3.000000e+00 -1.847759e+00
    endloop
  endfacet
  facet normal 0.000000e+00 1.000000e+00 0.000000e+00
    outer loop
      vertex   -3.451537e+01 3.000000e+00 -1.847759e+00
      vertex   -3.558079e+01 3.000000e+00 -2.685276e+00
      vertex   -3.596056e+01 3.000000e+00 -2.382419e+00
    endloop
  endfacet
  facet normal 0.000000e+00 1.000000e+00 0.000000e+00
    outer loop
      vertex   -3.451537e+01 3.000000e+00 -1.847759e+00
      vertex   -3.596056e+01 3.000000e+00 -2.382419e+00
      vertex   -3.486114e+01 3.000000e+00 -1.662939e+00
    endloop
  endfacet
  facet normal 0.000000e+00 1.000000e+00 0.000000e+00
    outer loop
      vertex   -3.486114e+01 3.000000e+00 -1.662939e+00
      vertex   -3.596056e+01 3.000000e+00 -2.382419e+00
      vertex   -3.629095e+01 3.000000e+00 -2.026342e+00
    endloop
  endfacet
  facet normal 0.000000e+00 1.000000e+00 0.000000e+00
    outer loop
      vertex   -3.486114e+01 3.000000e+00 -1.662939e+00
      vertex   -3.629095e+01 3.000000e+00 -2.026342e+00
      vertex   -3.516421e+01 3.000000e+00 -1.414214e+00
    endloop
  endfacet
  facet normal 0.000000e+00 1.000000e+00 0.000000e+00
    outer loop
      vertex   -3.516421e+01 3.000000e+00 -1.414214e+00
      vertex   -3.629095e+01 3.000000e+00 -2.026342e+00
      vertex   -3.656458e+01 3.000000e+00 -1.625000e+00
    endloop
  endfacet
  facet normal 0.000000e+00 1.000000e+00 0.000000e+00
    outer loop
      vertex   -3.516421e+01 3.000000e+00 -1.414214e+00
      vertex   -3.656458e+01 3.000000e+00 -1.625000e+00
      vertex   -3.541294e+01 3.000000e+00 -1.111140e+00
    endloop
  endfacet
  facet normal 0.000000e+00 1.000000e+00 0.000000e+00
    outer loop
      vertex   -3.541294e+01 3.000000e+00 -1.111140e+00
      vertex   -3.656458e+01 3.000000e+00 -1.625000e+00
      vertex   -3.677534e+01 3.000000e+00 -1.187358e+00
    endloop
  endfacet
  facet normal 0.000000e+00 1.000000e+00 0.000000e+00
    outer loop
      vertex   -3.541294e+01 3.000000e+00 -1.111140e+00
      vertex   -3.677534e+01 3.000000e+00 -1.187358e+00
      vertex   -3.559776e+01 3.000000e+00 -7.653669e-01
    endloop
  endfacet
  facet normal 0.000000e+00 1.000000e+00 0.000000e+00
    outer loop
      vertex   -3.559776e+01 3.000000e+00 -7.653669e-01
      vertex   -3.677534e+01 3.000000e+00 -1.187358e+00
      vertex   -3.691852e+01 3.000000e+00 -7.231930e-01
    endloop
  endfacet
  facet normal 0.000000e+00 1.000000e+00 0.000000e+00
    outer loop
      vertex   -3.559776e+01 3.000000e+00 -7.653669e-01
      vertex   -3.691852e+01 3.000000e+00 -7.231930e-01
      vertex   -3.571157e+01 3.000000e+00 -3.901806e-01
    endloop
  endfacet
  facet normal 0.000000e+00 1.000000e+00 0.000000e+00
    outer loop
      vertex   -3.571157e+01 3.000000e+00 -3.901806e-01
      vertex   -3.691852e+01 3.000000e+00 -7.231930e-01
      vertex   -3.699091e+01 3.000000e+00 -2.428728e-01
    endloop
  endfacet
  facet normal 0.000000e+00 1.000000e+00 0.000000e+00
    outer loop
      vertex   -3.571157e+01 3.000000e+00 -3.901806e-01
      vertex   -3.699091e+01 3.000000e+00 -2.428728e-01
      vertex   -3.575000e+01 3.000000e+00 0.000000e+00
    endloop
  endfacet
  facet normal 0.000000e+00 1.000000e+00 0.000000e+00
    outer loop
      vertex   -3.575000e+01 3.000000e+00 0.000000e+00
      vertex   -3.699091e+01 3.000000e+00 -2.428728e-01
      vertex   -3.699091e+01 3.000000e+00 2.428728e-01
    endloop
  endfacet
  facet normal 0.000000e+00 1.000000e+00 0.000000e+00
    outer loop
      vertex   -3.575000e+01 3.000000e+00 0.000000e+00
      vertex   -3.699091e+01 3.000000e+00 2.428728e-01
      vertex   -3.691852e+01 3.000000e+00 7.231930e-01
    endloop
  endfacet
  facet normal -0.000000e+00 1.000000e+00 0.000000e+00
    outer loop
      vertex   -3.691852e+01 3.000000e+00 7.231930e-01
      vertex   -3.677534e+01 3.000000e+00 1.187358e+00
      vertex   -3.575000e+01 3.000000e+00 0.000000e+00
    endloop
  endfacet
  facet normal 0.000000e+00 1.000000e+00 0.000000e+00
    outer loop
      vertex   -3.575000e+01 3.000000e+00 0.000000e+00
      vertex   -3.677534e+01 3.000000e+00 1.187358e+00
      vertex   -3.656458e+01 3.000000e+00 1.625000e+00
    endloop
  endfacet
  facet normal 0.000000e+00 1.000000e+00 0.000000e+00
    outer loop
      vertex   -3.575000e+01 3.000000e+00 0.000000e+00
      vertex   -3.656458e+01 3.000000e+00 1.625000e+00
      vertex   -3.629095e+01 3.000000e+00 2.026342e+00
    endloop
  endfacet
  facet normal -0.000000e+00 1.000000e+00 0.000000e+00
    outer loop
      vertex   -3.629095e+01 3.000000e+00 2.026342e+00
      vertex   -3.596056e+01 3.000000e+00 2.382419e+00
      vertex   -3.575000e+01 3.000000e+00 0.000000e+00
    endloop
  endfacet
  facet normal 0.000000e+00 1.000000e+00 -0.000000e+00
    outer loop
      vertex   -3.575000e+01 3.000000e+00 0.000000e+00
      vertex   -3.596056e+01 3.000000e+00 2.382419e+00
      vertex   -3.571157e+01 3.000000e+00 3.901806e-01
    endloop
  endfacet
  facet normal 0.000000e+00 1.000000e+00 -0.000000e+00
    outer loop
      vertex   -3.571157e+01 3.000000e+00 3.901806e-01
      vertex   -3.596056e+01 3.000000e+00 2.382419e+00
      vertex   -3.559776e+01 3.000000e+00 7.653669e-01
    endloop
  endfacet
  facet normal 0.000000e+00 1.000000e+00 -0.000000e+00
    outer loop
      vertex   -3.559776e+01 3.000000e+00 7.653669e-01
      vertex   -3.596056e+01 3.000000e+00 2.382419e+00
      vertex   -3.541294e+01 3.000000e+00 1.111140e+00
    endloop
  endfacet
  facet normal 0.000000e+00 1.000000e+00 -0.000000e+00
    outer loop
      vertex   -3.541294e+01 3.000000e+00 1.111140e+00
      vertex   -3.596056e+01 3.000000e+00 2.382419e+00
      vertex   -3.516421e+01 3.000000e+00 1.414214e+00
    endloop
  endfacet
  facet normal 0.000000e+00 1.000000e+00 -0.000000e+00
    outer loop
      vertex   -3.516421e+01 3.000000e+00 1.414214e+00
      vertex   -3.596056e+01 3.000000e+00 2.382419e+00
      vertex   -3.486114e+01 3.000000e+00 1.662939e+00
    endloop
  endfacet
  facet normal 0.000000e+00 1.000000e+00 -0.000000e+00
    outer loop
      vertex   -3.486114e+01 3.000000e+00 1.662939e+00
      vertex   -3.596056e+01 3.000000e+00 2.382419e+00
      vertex   -3.451537e+01 3.000000e+00 1.847759e+00
    endloop
  endfacet
  facet normal 0.000000e+00 1.000000e+00 0.000000e+00
    outer loop
      vertex   -3.451537e+01 3.000000e+00 1.847759e+00
      vertex   -3.596056e+01 3.000000e+00 2.382419e+00
      vertex   -3.558079e+01 3.000000e+00 2.685276e+00
    endloop
  endfacet
  facet normal 0.000000e+00 1.000000e+00 -0.000000e+00
    outer loop
      vertex   -3.451537e+01 3.000000e+00 1.847759e+00
      vertex   -3.558079e+01 3.000000e+00 2.685276e+00
      vertex   -3.414018e+01 3.000000e+00 1.961571e+00
    endloop
  endfacet
  facet normal 0.000000e+00 1.000000e+00 0.000000e+00
    outer loop
      vertex   -3.414018e+01 3.000000e+00 1.961571e+00
      vertex   -3.558079e+01 3.000000e+00 2.685276e+00
      vertex   -3.516012e+01 3.000000e+00 2.928149e+00
    endloop
  endfacet
  facet normal 0.000000e+00 1.000000e+00 0.000000e+00
    outer loop
      vertex   -3.414018e+01 3.000000e+00 1.961571e+00
      vertex   -3.516012e+01 3.000000e+00 2.928149e+00
      vertex   -3.470795e+01 3.000000e+00 3.105612e+00
    endloop
  endfacet
  facet normal -0.000000e+00 1.000000e+00 0.000000e+00
    outer loop
      vertex   -3.470795e+01 3.000000e+00 3.105612e+00
      vertex   -3.423439e+01 3.000000e+00 3.213700e+00
      vertex   -3.414018e+01 3.000000e+00 1.961571e+00
    endloop
  endfacet
  facet normal 0.000000e+00 1.000000e+00 -0.000000e+00
    outer loop
      vertex   -3.414018e+01 3.000000e+00 1.961571e+00
      vertex   -3.423439e+01 3.000000e+00 3.213700e+00
      vertex   -3.375000e+01 3.000000e+00 2.000000e+00
    endloop
  endfacet
  facet normal 0.000000e+00 1.000000e+00 -0.000000e+00
    outer loop
      vertex   -3.375000e+01 3.000000e+00 2.000000e+00
      vertex   -3.423439e+01 3.000000e+00 3.213700e+00
      vertex   -3.375000e+01 3.000000e+00 3.250000e+00
    endloop
  endfacet
  facet normal -0.000000e+00 1.000000e+00 0.000000e+00
    outer loop
      vertex   -3.375000e+01 3.000000e+00 2.000000e+00
      vertex   -3.375000e+01 3.000000e+00 3.250000e+00
      vertex   -3.335982e+01 3.000000e+00 1.961571e+00
    endloop
  endfacet
  facet normal -0.000000e+00 1.000000e+00 -0.000000e+00
    outer loop
      vertex   -3.335982e+01 3.000000e+00 1.961571e+00
      vertex   -3.375000e+01 3.000000e+00 3.250000e+00
      vertex   -3.298463e+01 3.000000e+00 1.847759e+00
    endloop
  endfacet
  facet normal -0.000000e+00 1.000000e+00 -0.000000e+00
    outer loop
      vertex   -3.298463e+01 3.000000e+00 1.847759e+00
      vertex   -3.375000e+01 3.000000e+00 3.250000e+00
      vertex   -3.263886e+01 3.000000e+00 1.662939e+00
    endloop
  endfacet
  facet normal -0.000000e+00 1.000000e+00 -0.000000e+00
    outer loop
      vertex   -3.263886e+01 3.000000e+00 1.662939e+00
      vertex   -3.375000e+01 3.000000e+00 3.250000e+00
      vertex   -3.233579e+01 3.000000e+00 1.414214e+00
    endloop
  endfacet
  facet normal 0.000000e+00 1.000000e+00 -0.000000e+00
    outer loop
      vertex   -3.233579e+01 3.000000e+00 1.414214e+00
      vertex   -3.375000e+01 3.000000e+00 3.250000e+00
      vertex   -1.566784e+01 3.000000e+00 3.250000e+00
    endloop
  endfacet
  facet normal -0.000000e+00 1.000000e+00 0.000000e+00
    outer loop
      vertex   -3.233579e+01 3.000000e+00 1.414214e+00
      vertex   -1.566784e+01 3.000000e+00 3.250000e+00
      vertex   -3.208706e+01 3.000000e+00 1.111140e+00
    endloop
  endfacet
  facet normal -0.000000e+00 1.000000e+00 0.000000e+00
    outer loop
      vertex   -3.208706e+01 3.000000e+00 1.111140e+00
      vertex   -1.566784e+01 3.000000e+00 3.250000e+00
      vertex   -3.190224e+01 3.000000e+00 7.653669e-01
    endloop
  endfacet
  facet normal -0.000000e+00 1.000000e+00 0.000000e+00
    outer loop
      vertex   -3.190224e+01 3.000000e+00 7.653669e-01
      vertex   -1.566784e+01 3.000000e+00 3.250000e+00
      vertex   -3.178843e+01 3.000000e+00 3.901806e-01
    endloop
  endfacet
  facet normal -0.000000e+00 1.000000e+00 0.000000e+00
    outer loop
      vertex   -3.178843e+01 3.000000e+00 3.901806e-01
      vertex   -1.566784e+01 3.000000e+00 3.250000e+00
      vertex   -3.175000e+01 3.000000e+00 0.000000e+00
    endloop
  endfacet
  facet normal -0.000000e+00 1.000000e+00 0.000000e+00
    outer loop
      vertex   -3.175000e+01 3.000000e+00 0.000000e+00
      vertex   -1.566784e+01 3.000000e+00 3.250000e+00
      vertex   -3.178843e+01 3.000000e+00 -3.901806e-01
    endloop
  endfacet
  facet normal 0.000000e+00 1.000000e+00 -0.000000e+00
    outer loop
      vertex   7.100809e-01 3.000000e+00 1.028730e+00
      vertex   4.432561e-01 3.000000e+00 1.168770e+00
      vertex   7.902364e+00 3.000000e+00 1.153605e+01
    endloop
  endfacet
  facet normal 0.000000e+00 1.000000e+00 0.000000e+00
    outer loop
      vertex   7.902364e+00 3.000000e+00 1.153605e+01
      vertex   4.432561e-01 3.000000e+00 1.168770e+00
      vertex   1.506709e-01 3.000000e+00 1.240886e+00
    endloop
  endfacet
  facet normal 0.000000e+00 1.000000e+00 0.000000e+00
    outer loop
      vertex   -1.106820e+00 3.000000e+00 5.809040e-01
      vertex   -1.213677e+00 3.000000e+00 2.991446e-01
      vertex   -1.335839e+00 3.000000e+00 1.568069e+01
    endloop
  endfacet
  facet normal 0.000000e+00 1.000000e+00 0.000000e+00
    outer loop
      vertex   -1.335839e+00 3.000000e+00 1.568069e+01
      vertex   -1.213677e+00 3.000000e+00 2.991446e-01
      vertex   -1.250000e+00 3.000000e+00 0.000000e+00
    endloop
  endfacet
  facet normal -9.722801e-01 0.000000e+00 2.338193e-01
    outer loop
      vertex   -1.292357e+01 3.000000e+00 4.695073e+00
      vertex   -1.292357e+01 0.000000e+00 4.695073e+00
      vertex   -1.287109e+01 3.000000e+00 4.913308e+00
    endloop
  endfacet
  facet normal -9.722801e-01 -6.922443e-17 2.338193e-01
    outer loop
      vertex   -1.287109e+01 3.000000e+00 4.913308e+00
      vertex   -1.292357e+01 0.000000e+00 4.695073e+00
      vertex   -1.287109e+01 0.000000e+00 4.913308e+00
    endloop
  endfacet
  facet normal -9.999387e-01 -3.278161e-18 1.107264e-02
    outer loop
      vertex   -1.287109e+01 3.000000e+00 4.913308e+00
      vertex   -1.287109e+01 0.000000e+00 4.913308e+00
      vertex   -1.286861e+01 3.000000e+00 5.137752e+00
    endloop
  endfacet
  facet normal -9.999387e-01 0.000000e+00 1.107264e-02
    outer loop
      vertex   -1.286861e+01 3.000000e+00 5.137752e+00
      vertex   -1.287109e+01 0.000000e+00 4.913308e+00
      vertex   -1.286861e+01 0.000000e+00 5.137752e+00
    endloop
  endfacet
  facet normal -9.772193e-01 -0.000000e+00 -2.122319e-01
    outer loop
      vertex   -1.286861e+01 3.000000e+00 5.137752e+00
      vertex   -1.286861e+01 0.000000e+00 5.137752e+00
      vertex   -1.291624e+01 3.000000e+00 5.357096e+00
    endloop
  endfacet
  facet normal -9.772193e-01 6.283327e-17 -2.122319e-01
    outer loop
      vertex   -1.291624e+01 3.000000e+00 5.357096e+00
      vertex   -1.286861e+01 0.000000e+00 5.137752e+00
      vertex   -1.291624e+01 0.000000e+00 5.357096e+00
    endloop
  endfacet
  facet normal -9.052666e-01 1.257791e-16 -4.248440e-01
    outer loop
      vertex   -1.291624e+01 3.000000e+00 5.357096e+00
      vertex   -1.291624e+01 0.000000e+00 5.357096e+00
      vertex   -1.301160e+01 3.000000e+00 5.560290e+00
    endloop
  endfacet
  facet normal -9.052666e-01 -0.000000e+00 -4.248440e-01
    outer loop
      vertex   -1.301160e+01 3.000000e+00 5.560290e+00
      vertex   -1.291624e+01 0.000000e+00 5.357096e+00
      vertex   -1.301160e+01 0.000000e+00 5.560290e+00
    endloop
  endfacet
  facet normal -7.877055e-01 -0.000000e+00 -6.160519e-01
    outer loop
      vertex   -1.301160e+01 3.000000e+00 5.560290e+00
      vertex   -1.301160e+01 0.000000e+00 5.560290e+00
      vertex   -1.314988e+01 3.000000e+00 5.737096e+00
    endloop
  endfacet
  facet normal -7.877055e-01 -0.000000e+00 -6.160519e-01
    outer loop
      vertex   -1.314988e+01 3.000000e+00 5.737096e+00
      vertex   -1.301160e+01 0.000000e+00 5.560290e+00
      vertex   -1.314988e+01 0.000000e+00 5.737096e+00
    endloop
  endfacet
  facet normal -7.135904e-01 0.000000e+00 -7.005631e-01
    outer loop
      vertex   -1.314988e+01 0.000000e+00 5.737096e+00
      vertex   -1.388188e+01 0.000000e+00 6.482706e+00
      vertex   -1.314988e+01 3.000000e+00 5.737096e+00
    endloop
  endfacet
  facet normal -7.135904e-01 0.000000e+00 -7.005631e-01
    outer loop
      vertex   -1.314988e+01 3.000000e+00 5.737096e+00
      vertex   -1.388188e+01 0.000000e+00 6.482706e+00
      vertex   -1.388188e+01 3.000000e+00 6.482706e+00
    endloop
  endfacet
  facet normal -7.177559e-01 0.000000e+00 6.962948e-01
    outer loop
      vertex   -1.088128e+01 0.000000e+00 8.405971e+00
      vertex   -1.088128e+01 3.000000e+00 8.405971e+00
      vertex   -1.103756e+01 0.000000e+00 8.244866e+00
    endloop
  endfacet
  facet normal -7.177559e-01 0.000000e+00 6.962948e-01
    outer loop
      vertex   -1.103756e+01 0.000000e+00 8.244866e+00
      vertex   -1.088128e+01 3.000000e+00 8.405971e+00
      vertex   -1.103756e+01 3.000000e+00 8.244866e+00
    endloop
  endfacet
  facet normal -5.443746e-01 0.000000e+00 8.388423e-01
    outer loop
      vertex   -1.103756e+01 0.000000e+00 8.244866e+00
      vertex   -1.103756e+01 3.000000e+00 8.244866e+00
      vertex   -1.122585e+01 0.000000e+00 8.122678e+00
    endloop
  endfacet
  facet normal -5.443746e-01 0.000000e+00 8.388423e-01
    outer loop
      vertex   -1.122585e+01 0.000000e+00 8.122678e+00
      vertex   -1.103756e+01 3.000000e+00 8.244866e+00
      vertex   -1.122585e+01 3.000000e+00 8.122678e+00
    endloop
  endfacet
  facet normal -3.435672e-01 0.000000e+00 9.391281e-01
    outer loop
      vertex   -1.122585e+01 0.000000e+00 8.122678e+00
      vertex   -1.122585e+01 3.000000e+00 8.122678e+00
      vertex   -1.143664e+01 0.000000e+00 8.045562e+00
    endloop
  endfacet
  facet normal -3.435672e-01 0.000000e+00 9.391281e-01
    outer loop
      vertex   -1.143664e+01 0.000000e+00 8.045562e+00
      vertex   -1.122585e+01 3.000000e+00 8.122678e+00
      vertex   -1.143664e+01 3.000000e+00 8.045562e+00
    endloop
  endfacet
  facet normal -1.254506e-01 0.000000e+00 9.920999e-01
    outer loop
      vertex   -1.143664e+01 0.000000e+00 8.045562e+00
      vertex   -1.143664e+01 3.000000e+00 8.045562e+00
      vertex   -1.165932e+01 0.000000e+00 8.017403e+00
    endloop
  endfacet
  facet normal -1.254506e-01 0.000000e+00 9.920999e-01
    outer loop
      vertex   -1.165932e+01 0.000000e+00 8.017403e+00
      vertex   -1.143664e+01 3.000000e+00 8.045562e+00
      vertex   -1.165932e+01 3.000000e+00 8.017403e+00
    endloop
  endfacet
  facet normal 9.898625e-02 -0.000000e+00 9.950888e-01
    outer loop
      vertex   -1.165932e+01 0.000000e+00 8.017403e+00
      vertex   -1.165932e+01 3.000000e+00 8.017403e+00
      vertex   -1.188268e+01 0.000000e+00 8.039621e+00
    endloop
  endfacet
  facet normal 9.898625e-02 -0.000000e+00 9.950888e-01
    outer loop
      vertex   -1.188268e+01 0.000000e+00 8.039621e+00
      vertex   -1.165932e+01 3.000000e+00 8.017403e+00
      vertex   -1.188268e+01 3.000000e+00 8.039621e+00
    endloop
  endfacet
  facet normal 2.100381e-01 0.000000e+00 9.776932e-01
    outer loop
      vertex   -1.188268e+01 3.000000e+00 8.039621e+00
      vertex   -1.290425e+01 3.000000e+00 8.259085e+00
      vertex   -1.188268e+01 0.000000e+00 8.039621e+00
    endloop
  endfacet
  facet normal 2.100381e-01 0.000000e+00 9.776932e-01
    outer loop
      vertex   -1.188268e+01 0.000000e+00 8.039621e+00
      vertex   -1.290425e+01 3.000000e+00 8.259085e+00
      vertex   -1.290425e+01 0.000000e+00 8.259085e+00
    endloop
  endfacet
  facet normal -7.971387e-01 -0.000000e+00 -6.037962e-01
    outer loop
      vertex   -1.388188e+01 3.000000e+00 6.482706e+00
      vertex   -1.388188e+01 0.000000e+00 6.482706e+00
      vertex   -1.403595e+01 3.000000e+00 6.686108e+00
    endloop
  endfacet
  facet normal -7.971387e-01 -0.000000e+00 -6.037962e-01
    outer loop
      vertex   -1.403595e+01 3.000000e+00 6.686108e+00
      vertex   -1.388188e+01 0.000000e+00 6.482706e+00
      vertex   -1.403595e+01 0.000000e+00 6.686108e+00
    endloop
  endfacet
  facet normal -9.239971e-01 -0.000000e+00 -3.823996e-01
    outer loop
      vertex   -1.403595e+01 3.000000e+00 6.686108e+00
      vertex   -1.403595e+01 0.000000e+00 6.686108e+00
      vertex   -1.413352e+01 3.000000e+00 6.921880e+00
    endloop
  endfacet
  facet normal -9.239971e-01 -0.000000e+00 -3.823996e-01
    outer loop
      vertex   -1.413352e+01 3.000000e+00 6.921880e+00
      vertex   -1.403595e+01 0.000000e+00 6.686108e+00
      vertex   -1.413352e+01 0.000000e+00 6.921880e+00
    endloop
  endfacet
  facet normal -9.906944e-01 -0.000000e+00 -1.361051e-01
    outer loop
      vertex   -1.413352e+01 3.000000e+00 6.921880e+00
      vertex   -1.413352e+01 0.000000e+00 6.921880e+00
      vertex   -1.416825e+01 3.000000e+00 7.174671e+00
    endloop
  endfacet
  facet normal -9.906944e-01 -0.000000e+00 -1.361051e-01
    outer loop
      vertex   -1.416825e+01 3.000000e+00 7.174671e+00
      vertex   -1.413352e+01 0.000000e+00 6.921880e+00
      vertex   -1.416825e+01 0.000000e+00 7.174671e+00
    endloop
  endfacet
  facet normal -9.928881e-01 0.000000e+00 1.190511e-01
    outer loop
      vertex   -1.416825e+01 3.000000e+00 7.174671e+00
      vertex   -1.416825e+01 0.000000e+00 7.174671e+00
      vertex   -1.413787e+01 3.000000e+00 7.428022e+00
    endloop
  endfacet
  facet normal -9.928881e-01 0.000000e+00 1.190511e-01
    outer loop
      vertex   -1.413787e+01 3.000000e+00 7.428022e+00
      vertex   -1.416825e+01 0.000000e+00 7.174671e+00
      vertex   -1.413787e+01 0.000000e+00 7.428022e+00
    endloop
  endfacet
  facet normal -9.304354e-01 0.000000e+00 3.664559e-01
    outer loop
      vertex   -1.413787e+01 3.000000e+00 7.428022e+00
      vertex   -1.413787e+01 0.000000e+00 7.428022e+00
      vertex   -1.404437e+01 3.000000e+00 7.665437e+00
    endloop
  endfacet
  facet normal -9.304354e-01 0.000000e+00 3.664559e-01
    outer loop
      vertex   -1.404437e+01 3.000000e+00 7.665437e+00
      vertex   -1.413787e+01 0.000000e+00 7.428022e+00
      vertex   -1.404437e+01 0.000000e+00 7.665437e+00
    endloop
  endfacet
  facet normal -8.760784e-01 0.000000e+00 4.821688e-01
    outer loop
      vertex   -1.404437e+01 0.000000e+00 7.665437e+00
      vertex   -1.399036e+01 0.000000e+00 7.763561e+00
      vertex   -1.404437e+01 3.000000e+00 7.665437e+00
    endloop
  endfacet
  facet normal -8.760784e-01 0.000000e+00 4.821688e-01
    outer loop
      vertex   -1.404437e+01 3.000000e+00 7.665437e+00
      vertex   -1.399036e+01 0.000000e+00 7.763561e+00
      vertex   -1.399036e+01 3.000000e+00 7.763561e+00
    endloop
  endfacet
  facet normal -8.074045e-01 0.000000e+00 5.899983e-01
    outer loop
      vertex   -1.399036e+01 3.000000e+00 7.763561e+00
      vertex   -1.399036e+01 0.000000e+00 7.763561e+00
      vertex   -1.383982e+01 3.000000e+00 7.969577e+00
    endloop
  endfacet
  facet normal -8.074045e-01 0.000000e+00 5.899983e-01
    outer loop
      vertex   -1.383982e+01 3.000000e+00 7.969577e+00
      vertex   -1.399036e+01 0.000000e+00 7.763561e+00
      vertex   -1.383982e+01 0.000000e+00 7.969577e+00
    endloop
  endfacet
  facet normal -6.318078e-01 0.000000e+00 7.751251e-01
    outer loop
      vertex   -1.383982e+01 3.000000e+00 7.969577e+00
      vertex   -1.383982e+01 0.000000e+00 7.969577e+00
      vertex   -1.364204e+01 3.000000e+00 8.130789e+00
    endloop
  endfacet
  facet normal -6.318078e-01 0.000000e+00 7.751251e-01
    outer loop
      vertex   -1.364204e+01 3.000000e+00 8.130789e+00
      vertex   -1.383982e+01 0.000000e+00 7.969577e+00
      vertex   -1.364204e+01 0.000000e+00 8.130789e+00
    endloop
  endfacet
  facet normal -4.150765e-01 0.000000e+00 9.097865e-01
    outer loop
      vertex   -1.364204e+01 3.000000e+00 8.130789e+00
      vertex   -1.364204e+01 0.000000e+00 8.130789e+00
      vertex   -1.340990e+01 3.000000e+00 8.236699e+00
    endloop
  endfacet
  facet normal -4.150765e-01 2.457747e-16 9.097865e-01
    outer loop
      vertex   -1.340990e+01 3.000000e+00 8.236699e+00
      vertex   -1.364204e+01 0.000000e+00 8.130789e+00
      vertex   -1.340990e+01 0.000000e+00 8.236699e+00
    endloop
  endfacet
  facet normal -1.713212e-01 1.014425e-16 9.852152e-01
    outer loop
      vertex   -1.340990e+01 3.000000e+00 8.236699e+00
      vertex   -1.340990e+01 0.000000e+00 8.236699e+00
      vertex   -1.315851e+01 3.000000e+00 8.280413e+00
    endloop
  endfacet
  facet normal -1.713212e-01 0.000000e+00 9.852152e-01
    outer loop
      vertex   -1.315851e+01 3.000000e+00 8.280413e+00
      vertex   -1.340990e+01 0.000000e+00 8.236699e+00
      vertex   -1.315851e+01 0.000000e+00 8.280413e+00
    endloop
  endfacet
  facet normal 8.358812e-02 0.000000e+00 9.965004e-01
    outer loop
      vertex   -1.315851e+01 3.000000e+00 8.280413e+00
      vertex   -1.315851e+01 0.000000e+00 8.280413e+00
      vertex   -1.290425e+01 3.000000e+00 8.259085e+00
    endloop
  endfacet
  facet normal 8.358812e-02 0.000000e+00 9.965004e-01
    outer loop
      vertex   -1.290425e+01 3.000000e+00 8.259085e+00
      vertex   -1.315851e+01 0.000000e+00 8.280413e+00
      vertex   -1.290425e+01 0.000000e+00 8.259085e+00
    endloop
  endfacet
  facet normal -8.537401e-01 0.000000e+00 5.206994e-01
    outer loop
      vertex   -1.086125e+01 3.000000e+00 8.431830e+00
      vertex   -1.086125e+01 0.000000e+00 8.431830e+00
      vertex   -1.074438e+01 3.000000e+00 8.623458e+00
    endloop
  endfacet
  facet normal -8.537401e-01 0.000000e+00 5.206994e-01
    outer loop
      vertex   -1.074438e+01 3.000000e+00 8.623458e+00
      vertex   -1.086125e+01 0.000000e+00 8.431830e+00
      vertex   -1.074438e+01 0.000000e+00 8.623458e+00
    endloop
  endfacet
  facet normal -9.483703e-01 0.000000e+00 3.171651e-01
    outer loop
      vertex   -1.074438e+01 3.000000e+00 8.623458e+00
      vertex   -1.074438e+01 0.000000e+00 8.623458e+00
      vertex   -1.067319e+01 3.000000e+00 8.836326e+00
    endloop
  endfacet
  facet normal -9.483703e-01 0.000000e+00 3.171651e-01
    outer loop
      vertex   -1.067319e+01 3.000000e+00 8.836326e+00
      vertex   -1.074438e+01 0.000000e+00 8.623458e+00
      vertex   -1.067319e+01 0.000000e+00 8.836326e+00
    endloop
  endfacet
  facet normal -9.952206e-01 0.000000e+00 9.765174e-02
    outer loop
      vertex   -1.067319e+01 3.000000e+00 8.836326e+00
      vertex   -1.067319e+01 0.000000e+00 8.836326e+00
      vertex   -1.065127e+01 3.000000e+00 9.059711e+00
    endloop
  endfacet
  facet normal -9.952206e-01 0.000000e+00 9.765174e-02
    outer loop
      vertex   -1.065127e+01 3.000000e+00 9.059711e+00
      vertex   -1.067319e+01 0.000000e+00 8.836326e+00
      vertex   -1.065127e+01 0.000000e+00 9.059711e+00
    endloop
  endfacet
  facet normal -9.919307e-01 -0.000000e+00 -1.267815e-01
    outer loop
      vertex   -1.065127e+01 3.000000e+00 9.059711e+00
      vertex   -1.065127e+01 0.000000e+00 9.059711e+00
      vertex   -1.067972e+01 3.000000e+00 9.282357e+00
    endloop
  endfacet
  facet normal -9.919307e-01 -0.000000e+00 -1.267815e-01
    outer loop
      vertex   -1.067972e+01 3.000000e+00 9.282357e+00
      vertex   -1.065127e+01 0.000000e+00 9.059711e+00
      vertex   -1.067972e+01 0.000000e+00 9.282357e+00
    endloop
  endfacet
  facet normal -9.386662e-01 -0.000000e+00 -3.448273e-01
    outer loop
      vertex   -1.067972e+01 3.000000e+00 9.282357e+00
      vertex   -1.067972e+01 0.000000e+00 9.282357e+00
      vertex   -1.075712e+01 3.000000e+00 9.493048e+00
    endloop
  endfacet
  facet normal -9.386662e-01 -0.000000e+00 -3.448273e-01
    outer loop
      vertex   -1.075712e+01 3.000000e+00 9.493048e+00
      vertex   -1.067972e+01 0.000000e+00 9.282357e+00
      vertex   -1.075712e+01 0.000000e+00 9.493048e+00
    endloop
  endfacet
  facet normal -8.940365e-01 0.000000e+00 -4.479941e-01
    outer loop
      vertex   -1.075712e+01 0.000000e+00 9.493048e+00
      vertex   -1.122522e+01 0.000000e+00 1.042720e+01
      vertex   -1.075712e+01 3.000000e+00 9.493048e+00
    endloop
  endfacet
  facet normal -8.940365e-01 0.000000e+00 -4.479941e-01
    outer loop
      vertex   -1.075712e+01 3.000000e+00 9.493048e+00
      vertex   -1.122522e+01 0.000000e+00 1.042720e+01
      vertex   -1.122522e+01 3.000000e+00 1.042720e+01
    endloop
  endfacet
  facet normal -4.696621e-01 0.000000e+00 8.828462e-01
    outer loop
      vertex   -7.779412e+00 0.000000e+00 1.133769e+01
      vertex   -7.779412e+00 3.000000e+00 1.133769e+01
      vertex   -7.977573e+00 0.000000e+00 1.123227e+01
    endloop
  endfacet
  facet normal -4.696621e-01 0.000000e+00 8.828462e-01
    outer loop
      vertex   -7.977573e+00 0.000000e+00 1.123227e+01
      vertex   -7.779412e+00 3.000000e+00 1.133769e+01
      vertex   -7.977573e+00 3.000000e+00 1.123227e+01
    endloop
  endfacet
  facet normal -2.609222e-01 0.000000e+00 9.653598e-01
    outer loop
      vertex   -7.977573e+00 0.000000e+00 1.123227e+01
      vertex   -7.977573e+00 3.000000e+00 1.123227e+01
      vertex   -8.194255e+00 0.000000e+00 1.117371e+01
    endloop
  endfacet
  facet normal -2.609222e-01 0.000000e+00 9.653598e-01
    outer loop
      vertex   -8.194255e+00 0.000000e+00 1.117371e+01
      vertex   -7.977573e+00 3.000000e+00 1.123227e+01
      vertex   -8.194255e+00 3.000000e+00 1.117371e+01
    endloop
  endfacet
  facet normal -3.903683e-02 0.000000e+00 9.992378e-01
    outer loop
      vertex   -8.194255e+00 0.000000e+00 1.117371e+01
      vertex   -8.194255e+00 3.000000e+00 1.117371e+01
      vertex   -8.418540e+00 0.000000e+00 1.116494e+01
    endloop
  endfacet
  facet normal -3.903683e-02 0.000000e+00 9.992378e-01
    outer loop
      vertex   -8.418540e+00 0.000000e+00 1.116494e+01
      vertex   -8.194255e+00 3.000000e+00 1.117371e+01
      vertex   -8.418540e+00 3.000000e+00 1.116494e+01
    endloop
  endfacet
  facet normal 1.848153e-01 -0.000000e+00 9.827733e-01
    outer loop
      vertex   -8.418540e+00 0.000000e+00 1.116494e+01
      vertex   -8.418540e+00 3.000000e+00 1.116494e+01
      vertex   -8.639130e+00 0.000000e+00 1.120643e+01
    endloop
  endfacet
  facet normal 1.848153e-01 -1.094326e-16 9.827733e-01
    outer loop
      vertex   -8.639130e+00 0.000000e+00 1.120643e+01
      vertex   -8.418540e+00 3.000000e+00 1.116494e+01
      vertex   -8.639130e+00 3.000000e+00 1.120643e+01
    endloop
  endfacet
  facet normal 3.993562e-01 -2.364664e-16 9.167958e-01
    outer loop
      vertex   -8.639130e+00 0.000000e+00 1.120643e+01
      vertex   -8.639130e+00 3.000000e+00 1.120643e+01
      vertex   -8.844912e+00 0.000000e+00 1.129607e+01
    endloop
  endfacet
  facet normal 3.993562e-01 -0.000000e+00 9.167958e-01
    outer loop
      vertex   -8.844912e+00 0.000000e+00 1.129607e+01
      vertex   -8.639130e+00 3.000000e+00 1.120643e+01
      vertex   -8.844912e+00 3.000000e+00 1.129607e+01
    endloop
  endfacet
  facet normal 4.997238e-01 0.000000e+00 8.661848e-01
    outer loop
      vertex   -8.844912e+00 3.000000e+00 1.129607e+01
      vertex   -9.749966e+00 3.000000e+00 1.181821e+01
      vertex   -8.844912e+00 0.000000e+00 1.129607e+01
    endloop
  endfacet
  facet normal 4.997238e-01 0.000000e+00 8.661848e-01
    outer loop
      vertex   -8.844912e+00 0.000000e+00 1.129607e+01
      vertex   -9.749966e+00 3.000000e+00 1.181821e+01
      vertex   -9.749966e+00 0.000000e+00 1.181821e+01
    endloop
  endfacet
  facet normal -9.438867e-01 -0.000000e+00 -3.302693e-01
    outer loop
      vertex   -1.122522e+01 3.000000e+00 1.042720e+01
      vertex   -1.122522e+01 0.000000e+00 1.042720e+01
      vertex   -1.130949e+01 3.000000e+00 1.066805e+01
    endloop
  endfacet
  facet normal -9.438867e-01 -0.000000e+00 -3.302693e-01
    outer loop
      vertex   -1.130949e+01 3.000000e+00 1.066805e+01
      vertex   -1.122522e+01 0.000000e+00 1.042720e+01
      vertex   -1.130949e+01 0.000000e+00 1.066805e+01
    endloop
  endfacet
  facet normal -9.967434e-01 -0.000000e+00 -8.063827e-02
    outer loop
      vertex   -1.130949e+01 3.000000e+00 1.066805e+01
      vertex   -1.130949e+01 0.000000e+00 1.066805e+01
      vertex   -1.133007e+01 3.000000e+00 1.092238e+01
    endloop
  endfacet
  facet normal -9.967434e-01 -0.000000e+00 -8.063827e-02
    outer loop
      vertex   -1.133007e+01 3.000000e+00 1.092238e+01
      vertex   -1.130949e+01 0.000000e+00 1.066805e+01
      vertex   -1.133007e+01 0.000000e+00 1.092238e+01
    endloop
  endfacet
  facet normal -9.847027e-01 0.000000e+00 1.742431e-01
    outer loop
      vertex   -1.133007e+01 3.000000e+00 1.092238e+01
      vertex   -1.133007e+01 0.000000e+00 1.092238e+01
      vertex   -1.128561e+01 3.000000e+00 1.117364e+01
    endloop
  endfacet
  facet normal -9.847027e-01 0.000000e+00 1.742431e-01
    outer loop
      vertex   -1.128561e+01 3.000000e+00 1.117364e+01
      vertex   -1.133007e+01 0.000000e+00 1.092238e+01
      vertex   -1.128561e+01 0.000000e+00 1.117364e+01
    endloop
  endfacet
  facet normal -9.085484e-01 0.000000e+00 4.177796e-01
    outer loop
      vertex   -1.128561e+01 3.000000e+00 1.117364e+01
      vertex   -1.128561e+01 0.000000e+00 1.117364e+01
      vertex   -1.117900e+01 3.000000e+00 1.140547e+01
    endloop
  endfacet
  facet normal -9.085484e-01 0.000000e+00 4.177796e-01
    outer loop
      vertex   -1.117900e+01 3.000000e+00 1.140547e+01
      vertex   -1.128561e+01 0.000000e+00 1.117364e+01
      vertex   -1.117900e+01 0.000000e+00 1.140547e+01
    endloop
  endfacet
  facet normal -7.732390e-01 0.000000e+00 6.341147e-01
    outer loop
      vertex   -1.117900e+01 3.000000e+00 1.140547e+01
      vertex   -1.117900e+01 0.000000e+00 1.140547e+01
      vertex   -1.101720e+01 3.000000e+00 1.160278e+01
    endloop
  endfacet
  facet normal -7.732390e-01 0.000000e+00 6.341147e-01
    outer loop
      vertex   -1.101720e+01 3.000000e+00 1.160278e+01
      vertex   -1.117900e+01 0.000000e+00 1.140547e+01
      vertex   -1.101720e+01 0.000000e+00 1.160278e+01
    endloop
  endfacet
  facet normal -6.860179e-01 0.000000e+00 7.275846e-01
    outer loop
      vertex   -1.101720e+01 0.000000e+00 1.160278e+01
      vertex   -1.093571e+01 0.000000e+00 1.167961e+01
      vertex   -1.101720e+01 3.000000e+00 1.160278e+01
    endloop
  endfacet
  facet normal -6.860179e-01 0.000000e+00 7.275846e-01
    outer loop
      vertex   -1.101720e+01 3.000000e+00 1.160278e+01
      vertex   -1.093571e+01 0.000000e+00 1.167961e+01
      vertex   -1.093571e+01 3.000000e+00 1.167961e+01
    endloop
  endfacet
  facet normal -5.875871e-01 0.000000e+00 8.091609e-01
    outer loop
      vertex   -1.093571e+01 3.000000e+00 1.167961e+01
      vertex   -1.093571e+01 0.000000e+00 1.167961e+01
      vertex   -1.072924e+01 3.000000e+00 1.182954e+01
    endloop
  endfacet
  facet normal -5.875871e-01 0.000000e+00 8.091609e-01
    outer loop
      vertex   -1.072924e+01 3.000000e+00 1.182954e+01
      vertex   -1.093571e+01 0.000000e+00 1.167961e+01
      vertex   -1.072924e+01 0.000000e+00 1.182954e+01
    endloop
  endfacet
  facet normal -3.636818e-01 0.000000e+00 9.315232e-01
    outer loop
      vertex   -1.072924e+01 3.000000e+00 1.182954e+01
      vertex   -1.072924e+01 0.000000e+00 1.182954e+01
      vertex   -1.049156e+01 3.000000e+00 1.192234e+01
    endloop
  endfacet
  facet normal -3.636818e-01 0.000000e+00 9.315232e-01
    outer loop
      vertex   -1.049156e+01 3.000000e+00 1.192234e+01
      vertex   -1.072924e+01 0.000000e+00 1.182954e+01
      vertex   -1.049156e+01 0.000000e+00 1.192234e+01
    endloop
  endfacet
  facet normal -1.160986e-01 0.000000e+00 9.932377e-01
    outer loop
      vertex   -1.049156e+01 3.000000e+00 1.192234e+01
      vertex   -1.049156e+01 0.000000e+00 1.192234e+01
      vertex   -1.023812e+01 3.000000e+00 1.195196e+01
    endloop
  endfacet
  facet normal -1.160986e-01 0.000000e+00 9.932377e-01
    outer loop
      vertex   -1.023812e+01 3.000000e+00 1.195196e+01
      vertex   -1.049156e+01 0.000000e+00 1.192234e+01
      vertex   -1.023812e+01 0.000000e+00 1.195196e+01
    endloop
  endfacet
  facet normal 1.390434e-01 0.000000e+00 9.902863e-01
    outer loop
      vertex   -1.023812e+01 3.000000e+00 1.195196e+01
      vertex   -1.023812e+01 0.000000e+00 1.195196e+01
      vertex   -9.985443e+00 3.000000e+00 1.191648e+01
    endloop
  endfacet
  facet normal 1.390434e-01 0.000000e+00 9.902863e-01
    outer loop
      vertex   -9.985443e+00 3.000000e+00 1.191648e+01
      vertex   -1.023812e+01 0.000000e+00 1.195196e+01
      vertex   -9.985443e+00 0.000000e+00 1.191648e+01
    endloop
  endfacet
  facet normal 3.851328e-01 0.000000e+00 9.228612e-01
    outer loop
      vertex   -9.985443e+00 3.000000e+00 1.191648e+01
      vertex   -9.985443e+00 0.000000e+00 1.191648e+01
      vertex   -9.749966e+00 3.000000e+00 1.181821e+01
    endloop
  endfacet
  facet normal 3.851328e-01 0.000000e+00 9.228612e-01
    outer loop
      vertex   -9.749966e+00 3.000000e+00 1.181821e+01
      vertex   -9.985443e+00 0.000000e+00 1.191648e+01
      vertex   -9.749966e+00 0.000000e+00 1.181821e+01
    endloop
  endfacet
  facet normal -6.529406e-01 0.000000e+00 7.574091e-01
    outer loop
      vertex   -7.752423e+00 3.000000e+00 1.135616e+01
      vertex   -7.752423e+00 0.000000e+00 1.135616e+01
      vertex   -7.582417e+00 3.000000e+00 1.150272e+01
    endloop
  endfacet
  facet normal -6.529406e-01 0.000000e+00 7.574091e-01
    outer loop
      vertex   -7.582417e+00 3.000000e+00 1.150272e+01
      vertex   -7.752423e+00 0.000000e+00 1.135616e+01
      vertex   -7.582417e+00 0.000000e+00 1.150272e+01
    endloop
  endfacet
  facet normal -8.054246e-01 0.000000e+00 5.926982e-01
    outer loop
      vertex   -7.582417e+00 3.000000e+00 1.150272e+01
      vertex   -7.582417e+00 0.000000e+00 1.150272e+01
      vertex   -7.449381e+00 3.000000e+00 1.168350e+01
    endloop
  endfacet
  facet normal -8.054246e-01 0.000000e+00 5.926982e-01
    outer loop
      vertex   -7.449381e+00 3.000000e+00 1.168350e+01
      vertex   -7.582417e+00 0.000000e+00 1.150272e+01
      vertex   -7.449381e+00 0.000000e+00 1.168350e+01
    endloop
  endfacet
  facet normal -9.173305e-01 0.000000e+00 3.981265e-01
    outer loop
      vertex   -7.449381e+00 3.000000e+00 1.168350e+01
      vertex   -7.449381e+00 0.000000e+00 1.168350e+01
      vertex   -7.360019e+00 3.000000e+00 1.188941e+01
    endloop
  endfacet
  facet normal -9.173305e-01 0.000000e+00 3.981265e-01
    outer loop
      vertex   -7.360019e+00 3.000000e+00 1.188941e+01
      vertex   -7.449381e+00 0.000000e+00 1.168350e+01
      vertex   -7.360019e+00 0.000000e+00 1.188941e+01
    endloop
  endfacet
  facet normal -9.830203e-01 0.000000e+00 1.834967e-01
    outer loop
      vertex   -7.360019e+00 3.000000e+00 1.188941e+01
      vertex   -7.360019e+00 0.000000e+00 1.188941e+01
      vertex   -7.318832e+00 3.000000e+00 1.211005e+01
    endloop
  endfacet
  facet normal -9.830203e-01 0.000000e+00 1.834967e-01
    outer loop
      vertex   -7.318832e+00 3.000000e+00 1.211005e+01
      vertex   -7.360019e+00 0.000000e+00 1.188941e+01
      vertex   -7.318832e+00 0.000000e+00 1.211005e+01
    endloop
  endfacet
  facet normal -9.991845e-01 -0.000000e+00 -4.037786e-02
    outer loop
      vertex   -7.318832e+00 3.000000e+00 1.211005e+01
      vertex   -7.318832e+00 0.000000e+00 1.211005e+01
      vertex   -7.327895e+00 3.000000e+00 1.233433e+01
    endloop
  endfacet
  facet normal -9.991845e-01 -0.000000e+00 -4.037786e-02
    outer loop
      vertex   -7.327895e+00 3.000000e+00 1.233433e+01
      vertex   -7.318832e+00 0.000000e+00 1.211005e+01
      vertex   -7.327895e+00 0.000000e+00 1.233433e+01
    endloop
  endfacet
  facet normal -9.883405e-01 0.000000e+00 -1.522599e-01
    outer loop
      vertex   -7.327895e+00 0.000000e+00 1.233433e+01
      vertex   -7.486987e+00 0.000000e+00 1.336701e+01
      vertex   -7.327895e+00 3.000000e+00 1.233433e+01
    endloop
  endfacet
  facet normal -9.883405e-01 0.000000e+00 -1.522599e-01
    outer loop
      vertex   -7.327895e+00 3.000000e+00 1.233433e+01
      vertex   -7.486987e+00 0.000000e+00 1.336701e+01
      vertex   -7.486987e+00 3.000000e+00 1.336701e+01
    endloop
  endfacet
  facet normal -1.763156e-01 0.000000e+00 9.843337e-01
    outer loop
      vertex   -3.927988e+00 0.000000e+00 1.317700e+01
      vertex   -3.927988e+00 3.000000e+00 1.317700e+01
      vertex   -4.148929e+00 0.000000e+00 1.313743e+01
    endloop
  endfacet
  facet normal -1.763156e-01 0.000000e+00 9.843337e-01
    outer loop
      vertex   -4.148929e+00 0.000000e+00 1.313743e+01
      vertex   -3.927988e+00 3.000000e+00 1.317700e+01
      vertex   -4.148929e+00 3.000000e+00 1.313743e+01
    endloop
  endfacet
  facet normal 4.767046e-02 -0.000000e+00 9.988631e-01
    outer loop
      vertex   -4.148929e+00 0.000000e+00 1.313743e+01
      vertex   -4.148929e+00 3.000000e+00 1.313743e+01
      vertex   -4.373130e+00 0.000000e+00 1.314813e+01
    endloop
  endfacet
  facet normal 4.767046e-02 -0.000000e+00 9.988631e-01
    outer loop
      vertex   -4.373130e+00 0.000000e+00 1.314813e+01
      vertex   -4.148929e+00 3.000000e+00 1.313743e+01
      vertex   -4.373130e+00 3.000000e+00 1.314813e+01
    endloop
  endfacet
  facet normal 2.692548e-01 -0.000000e+00 9.630690e-01
    outer loop
      vertex   -4.373130e+00 0.000000e+00 1.314813e+01
      vertex   -4.373130e+00 3.000000e+00 1.314813e+01
      vertex   -4.589298e+00 0.000000e+00 1.320856e+01
    endloop
  endfacet
  facet normal 2.692548e-01 -0.000000e+00 9.630690e-01
    outer loop
      vertex   -4.589298e+00 0.000000e+00 1.320856e+01
      vertex   -4.373130e+00 3.000000e+00 1.314813e+01
      vertex   -4.589298e+00 3.000000e+00 1.320856e+01
    endloop
  endfacet
  facet normal 4.772739e-01 -0.000000e+00 8.787546e-01
    outer loop
      vertex   -4.589298e+00 0.000000e+00 1.320856e+01
      vertex   -4.589298e+00 3.000000e+00 1.320856e+01
      vertex   -4.786540e+00 0.000000e+00 1.331569e+01
    endloop
  endfacet
  facet normal 4.772739e-01 -0.000000e+00 8.787546e-01
    outer loop
      vertex   -4.786540e+00 0.000000e+00 1.331569e+01
      vertex   -4.589298e+00 3.000000e+00 1.320856e+01
      vertex   -4.786540e+00 3.000000e+00 1.331569e+01
    endloop
  endfacet
  facet normal 6.612475e-01 -0.000000e+00 7.501678e-01
    outer loop
      vertex   -4.786540e+00 0.000000e+00 1.331569e+01
      vertex   -4.786540e+00 3.000000e+00 1.331569e+01
      vertex   -4.954920e+00 0.000000e+00 1.346411e+01
    endloop
  endfacet
  facet normal 6.612475e-01 -0.000000e+00 7.501678e-01
    outer loop
      vertex   -4.954920e+00 0.000000e+00 1.346411e+01
      vertex   -4.786540e+00 3.000000e+00 1.331569e+01
      vertex   -4.954920e+00 3.000000e+00 1.346411e+01
    endloop
  endfacet
  facet normal 7.412601e-01 0.000000e+00 6.712178e-01
    outer loop
      vertex   -4.954920e+00 3.000000e+00 1.346411e+01
      vertex   -5.656259e+00 3.000000e+00 1.423864e+01
      vertex   -4.954920e+00 0.000000e+00 1.346411e+01
    endloop
  endfacet
  facet normal 7.412601e-01 0.000000e+00 6.712178e-01
    outer loop
      vertex   -4.954920e+00 0.000000e+00 1.346411e+01
      vertex   -5.656259e+00 3.000000e+00 1.423864e+01
      vertex   -5.656259e+00 0.000000e+00 1.423864e+01
    endloop
  endfacet
  facet normal -9.996894e-01 -0.000000e+00 -2.492037e-02
    outer loop
      vertex   -7.486987e+00 3.000000e+00 1.336701e+01
      vertex   -7.486987e+00 0.000000e+00 1.336701e+01
      vertex   -7.493345e+00 3.000000e+00 1.362210e+01
    endloop
  endfacet
  facet normal -9.996894e-01 -0.000000e+00 -2.492037e-02
    outer loop
      vertex   -7.493345e+00 3.000000e+00 1.362210e+01
      vertex   -7.486987e+00 0.000000e+00 1.336701e+01
      vertex   -7.493345e+00 0.000000e+00 1.362210e+01
    endloop
  endfacet
  facet normal -9.734517e-01 0.000000e+00 2.288927e-01
    outer loop
      vertex   -7.493345e+00 3.000000e+00 1.362210e+01
      vertex   -7.493345e+00 0.000000e+00 1.362210e+01
      vertex   -7.434940e+00 3.000000e+00 1.387049e+01
    endloop
  endfacet
  facet normal -9.734517e-01 0.000000e+00 2.288927e-01
    outer loop
      vertex   -7.434940e+00 3.000000e+00 1.387049e+01
      vertex   -7.493345e+00 0.000000e+00 1.362210e+01
      vertex   -7.434940e+00 0.000000e+00 1.387049e+01
    endloop
  endfacet
  facet normal -8.838329e-01 0.000000e+00 4.678027e-01
    outer loop
      vertex   -7.434940e+00 3.000000e+00 1.387049e+01
      vertex   -7.434940e+00 0.000000e+00 1.387049e+01
      vertex   -7.315573e+00 3.000000e+00 1.409602e+01
    endloop
  endfacet
  facet normal -8.838329e-01 0.000000e+00 4.678027e-01
    outer loop
      vertex   -7.315573e+00 3.000000e+00 1.409602e+01
      vertex   -7.434940e+00 0.000000e+00 1.387049e+01
      vertex   -7.315573e+00 0.000000e+00 1.409602e+01
    endloop
  endfacet
  facet normal -7.366683e-01 0.000000e+00 6.762542e-01
    outer loop
      vertex   -7.315573e+00 3.000000e+00 1.409602e+01
      vertex   -7.315573e+00 0.000000e+00 1.409602e+01
      vertex   -7.143016e+00 3.000000e+00 1.428399e+01
    endloop
  endfacet
  facet normal -7.366683e-01 0.000000e+00 6.762542e-01
    outer loop
      vertex   -7.143016e+00 3.000000e+00 1.428399e+01
      vertex   -7.315573e+00 0.000000e+00 1.409602e+01
      vertex   -7.143016e+00 0.000000e+00 1.428399e+01
    endloop
  endfacet
  facet normal -5.415396e-01 0.000000e+00 8.406753e-01
    outer loop
      vertex   -7.143016e+00 3.000000e+00 1.428399e+01
      vertex   -7.143016e+00 0.000000e+00 1.428399e+01
      vertex   -6.928504e+00 3.000000e+00 1.442217e+01
    endloop
  endfacet
  facet normal -5.415396e-01 0.000000e+00 8.406753e-01
    outer loop
      vertex   -6.928504e+00 3.000000e+00 1.442217e+01
      vertex   -7.143016e+00 0.000000e+00 1.428399e+01
      vertex   -6.928504e+00 0.000000e+00 1.442217e+01
    endloop
  endfacet
  facet normal -4.298584e-01 0.000000e+00 9.028963e-01
    outer loop
      vertex   -6.928504e+00 0.000000e+00 1.442217e+01
      vertex   -6.827378e+00 0.000000e+00 1.447032e+01
      vertex   -6.928504e+00 3.000000e+00 1.442217e+01
    endloop
  endfacet
  facet normal -4.298584e-01 0.000000e+00 9.028963e-01
    outer loop
      vertex   -6.928504e+00 3.000000e+00 1.442217e+01
      vertex   -6.827378e+00 0.000000e+00 1.447032e+01
      vertex   -6.827378e+00 3.000000e+00 1.447032e+01
    endloop
  endfacet
  facet normal -3.111546e-01 0.000000e+00 9.503593e-01
    outer loop
      vertex   -6.827378e+00 3.000000e+00 1.447032e+01
      vertex   -6.827378e+00 0.000000e+00 1.447032e+01
      vertex   -6.584885e+00 3.000000e+00 1.454971e+01
    endloop
  endfacet
  facet normal -3.111546e-01 -9.212027e-17 9.503593e-01
    outer loop
      vertex   -6.584885e+00 3.000000e+00 1.454971e+01
      vertex   -6.827378e+00 0.000000e+00 1.447032e+01
      vertex   -6.584885e+00 0.000000e+00 1.454971e+01
    endloop
  endfacet
  facet normal -6.051439e-02 -1.791586e-17 9.981673e-01
    outer loop
      vertex   -6.584885e+00 3.000000e+00 1.454971e+01
      vertex   -6.584885e+00 0.000000e+00 1.454971e+01
      vertex   -6.330193e+00 3.000000e+00 1.456515e+01
    endloop
  endfacet
  facet normal -6.051439e-02 -1.791586e-17 9.981673e-01
    outer loop
      vertex   -6.330193e+00 3.000000e+00 1.456515e+01
      vertex   -6.584885e+00 0.000000e+00 1.454971e+01
      vertex   -6.330193e+00 0.000000e+00 1.456515e+01
    endloop
  endfacet
  facet normal 1.940657e-01 5.745499e-17 9.809885e-01
    outer loop
      vertex   -6.330193e+00 3.000000e+00 1.456515e+01
      vertex   -6.330193e+00 0.000000e+00 1.456515e+01
      vertex   -6.079885e+00 3.000000e+00 1.451563e+01
    endloop
  endfacet
  facet normal 1.940657e-01 0.000000e+00 9.809885e-01
    outer loop
      vertex   -6.079885e+00 3.000000e+00 1.451563e+01
      vertex   -6.330193e+00 0.000000e+00 1.456515e+01
      vertex   -6.079885e+00 0.000000e+00 1.451563e+01
    endloop
  endfacet
  facet normal 4.360109e-01 0.000000e+00 8.999414e-01
    outer loop
      vertex   -6.079885e+00 3.000000e+00 1.451563e+01
      vertex   -6.079885e+00 0.000000e+00 1.451563e+01
      vertex   -5.850257e+00 3.000000e+00 1.440438e+01
    endloop
  endfacet
  facet normal 4.360109e-01 -1.290852e-16 8.999414e-01
    outer loop
      vertex   -5.850257e+00 3.000000e+00 1.440438e+01
      vertex   -6.079885e+00 0.000000e+00 1.451563e+01
      vertex   -5.850257e+00 0.000000e+00 1.440438e+01
    endloop
  endfacet
  facet normal 6.495692e-01 -1.923111e-16 7.603025e-01
    outer loop
      vertex   -5.850257e+00 3.000000e+00 1.440438e+01
      vertex   -5.850257e+00 0.000000e+00 1.440438e+01
      vertex   -5.656259e+00 3.000000e+00 1.423864e+01
    endloop
  endfacet
  facet normal 6.495692e-01 0.000000e+00 7.603025e-01
    outer loop
      vertex   -5.656259e+00 3.000000e+00 1.423864e+01
      vertex   -5.850257e+00 0.000000e+00 1.440438e+01
      vertex   -5.656259e+00 0.000000e+00 1.423864e+01
    endloop
  endfacet
  facet normal -3.892290e-01 0.000000e+00 9.211410e-01
    outer loop
      vertex   -3.896634e+00 3.000000e+00 1.318631e+01
      vertex   -3.896634e+00 0.000000e+00 1.318631e+01
      vertex   -3.689878e+00 3.000000e+00 1.327367e+01
    endloop
  endfacet
  facet normal -3.892290e-01 0.000000e+00 9.211410e-01
    outer loop
      vertex   -3.689878e+00 3.000000e+00 1.327367e+01
      vertex   -3.896634e+00 0.000000e+00 1.318631e+01
      vertex   -3.689878e+00 0.000000e+00 1.327367e+01
    endloop
  endfacet
  facet normal -5.848748e-01 0.000000e+00 8.111236e-01
    outer loop
      vertex   -3.689878e+00 3.000000e+00 1.327367e+01
      vertex   -3.689878e+00 0.000000e+00 1.327367e+01
      vertex   -3.507815e+00 3.000000e+00 1.340495e+01
    endloop
  endfacet
  facet normal -5.848748e-01 0.000000e+00 8.111236e-01
    outer loop
      vertex   -3.507815e+00 3.000000e+00 1.340495e+01
      vertex   -3.689878e+00 0.000000e+00 1.327367e+01
      vertex   -3.507815e+00 0.000000e+00 1.340495e+01
    endloop
  endfacet
  facet normal -7.510539e-01 0.000000e+00 6.602409e-01
    outer loop
      vertex   -3.507815e+00 3.000000e+00 1.340495e+01
      vertex   -3.507815e+00 0.000000e+00 1.340495e+01
      vertex   -3.359619e+00 3.000000e+00 1.357353e+01
    endloop
  endfacet
  facet normal -7.510539e-01 0.000000e+00 6.602409e-01
    outer loop
      vertex   -3.359619e+00 3.000000e+00 1.357353e+01
      vertex   -3.507815e+00 0.000000e+00 1.340495e+01
      vertex   -3.359619e+00 0.000000e+00 1.357353e+01
    endloop
  endfacet
  facet normal -8.793941e-01 0.000000e+00 4.760946e-01
    outer loop
      vertex   -3.359619e+00 3.000000e+00 1.357353e+01
      vertex   -3.359619e+00 0.000000e+00 1.357353e+01
      vertex   -3.252756e+00 3.000000e+00 1.377092e+01
    endloop
  endfacet
  facet normal -8.793941e-01 0.000000e+00 4.760946e-01
    outer loop
      vertex   -3.252756e+00 3.000000e+00 1.377092e+01
      vertex   -3.359619e+00 0.000000e+00 1.357353e+01
      vertex   -3.252756e+00 0.000000e+00 1.377092e+01
    endloop
  endfacet
  facet normal -9.634295e-01 0.000000e+00 2.679620e-01
    outer loop
      vertex   -3.252756e+00 3.000000e+00 1.377092e+01
      vertex   -3.252756e+00 0.000000e+00 1.377092e+01
      vertex   -3.192610e+00 3.000000e+00 1.398717e+01
    endloop
  endfacet
  facet normal -9.634295e-01 0.000000e+00 2.679620e-01
    outer loop
      vertex   -3.192610e+00 3.000000e+00 1.398717e+01
      vertex   -3.252756e+00 0.000000e+00 1.377092e+01
      vertex   -3.192610e+00 0.000000e+00 1.398717e+01
    endloop
  endfacet
  facet normal -9.874159e-01 0.000000e+00 1.581448e-01
    outer loop
      vertex   -3.192610e+00 0.000000e+00 1.398717e+01
      vertex   -3.027369e+00 0.000000e+00 1.501889e+01
      vertex   -3.192610e+00 3.000000e+00 1.398717e+01
    endloop
  endfacet
  facet normal -9.874159e-01 0.000000e+00 1.581448e-01
    outer loop
      vertex   -3.192610e+00 3.000000e+00 1.398717e+01
      vertex   -3.027369e+00 0.000000e+00 1.501889e+01
      vertex   -3.027369e+00 3.000000e+00 1.501889e+01
    endloop
  endfacet
  facet normal 1.340194e-01 -0.000000e+00 9.909787e-01
    outer loop
      vertex   3.019051e-01 0.000000e+00 1.374669e+01
      vertex   3.019051e-01 3.000000e+00 1.374669e+01
      vertex   7.947316e-02 0.000000e+00 1.377677e+01
    endloop
  endfacet
  facet normal 1.340194e-01 -0.000000e+00 9.909787e-01
    outer loop
      vertex   7.947316e-02 0.000000e+00 1.377677e+01
      vertex   3.019051e-01 3.000000e+00 1.374669e+01
      vertex   7.947316e-02 3.000000e+00 1.377677e+01
    endloop
  endfacet
  facet normal 3.516700e-01 -0.000000e+00 9.361240e-01
    outer loop
      vertex   7.947316e-02 0.000000e+00 1.377677e+01
      vertex   7.947316e-02 3.000000e+00 1.377677e+01
      vertex   -1.306462e-01 0.000000e+00 1.385570e+01
    endloop
  endfacet
  facet normal 3.516700e-01 6.507202e-18 9.361240e-01
    outer loop
      vertex   -1.306462e-01 0.000000e+00 1.385570e+01
      vertex   7.947316e-02 3.000000e+00 1.377677e+01
      vertex   -1.306462e-01 3.000000e+00 1.385570e+01
    endloop
  endfacet
  facet normal 5.516032e-01 1.020671e-17 8.341066e-01
    outer loop
      vertex   -1.306462e-01 0.000000e+00 1.385570e+01
      vertex   -1.306462e-01 3.000000e+00 1.385570e+01
      vertex   -3.178671e-01 0.000000e+00 1.397951e+01
    endloop
  endfacet
  facet normal 5.516032e-01 -0.000000e+00 8.341066e-01
    outer loop
      vertex   -3.178671e-01 0.000000e+00 1.397951e+01
      vertex   -1.306462e-01 3.000000e+00 1.385570e+01
      vertex   -3.178671e-01 3.000000e+00 1.397951e+01
    endloop
  endfacet
  facet normal 7.237462e-01 -0.000000e+00 6.900662e-01
    outer loop
      vertex   -3.178671e-01 0.000000e+00 1.397951e+01
      vertex   -3.178671e-01 3.000000e+00 1.397951e+01
      vertex   -4.727572e-01 0.000000e+00 1.414196e+01
    endloop
  endfacet
  facet normal 7.237462e-01 -0.000000e+00 6.900662e-01
    outer loop
      vertex   -4.727572e-01 0.000000e+00 1.414196e+01
      vertex   -3.178671e-01 3.000000e+00 1.397951e+01
      vertex   -4.727572e-01 3.000000e+00 1.414196e+01
    endloop
  endfacet
  facet normal 8.594263e-01 -0.000000e+00 5.112597e-01
    outer loop
      vertex   -4.727572e-01 0.000000e+00 1.414196e+01
      vertex   -4.727572e-01 3.000000e+00 1.414196e+01
      vertex   -5.875129e-01 0.000000e+00 1.433487e+01
    endloop
  endfacet
  facet normal 8.594263e-01 -0.000000e+00 5.112597e-01
    outer loop
      vertex   -5.875129e-01 0.000000e+00 1.433487e+01
      vertex   -4.727572e-01 3.000000e+00 1.414196e+01
      vertex   -5.875129e-01 3.000000e+00 1.433487e+01
    endloop
  endfacet
  facet normal 9.113746e-01 0.000000e+00 4.115778e-01
    outer loop
      vertex   -5.875129e-01 3.000000e+00 1.433487e+01
      vertex   -1.017560e+00 3.000000e+00 1.528714e+01
      vertex   -5.875129e-01 0.000000e+00 1.433487e+01
    endloop
  endfacet
  facet normal 9.113746e-01 0.000000e+00 4.115778e-01
    outer loop
      vertex   -5.875129e-01 0.000000e+00 1.433487e+01
      vertex   -1.017560e+00 3.000000e+00 1.528714e+01
      vertex   -1.017560e+00 0.000000e+00 1.528714e+01
    endloop
  endfacet
  facet normal -9.591701e-01 0.000000e+00 2.828297e-01
    outer loop
      vertex   -3.027369e+00 3.000000e+00 1.501889e+01
      vertex   -3.027369e+00 0.000000e+00 1.501889e+01
      vertex   -2.955201e+00 3.000000e+00 1.526364e+01
    endloop
  endfacet
  facet normal -9.591701e-01 0.000000e+00 2.828297e-01
    outer loop
      vertex   -2.955201e+00 3.000000e+00 1.526364e+01
      vertex   -3.027369e+00 0.000000e+00 1.501889e+01
      vertex   -2.955201e+00 0.000000e+00 1.526364e+01
    endloop
  endfacet
  facet normal -8.563660e-01 0.000000e+00 5.163694e-01
    outer loop
      vertex   -2.955201e+00 3.000000e+00 1.526364e+01
      vertex   -2.955201e+00 0.000000e+00 1.526364e+01
      vertex   -2.823441e+00 3.000000e+00 1.548215e+01
    endloop
  endfacet
  facet normal -8.563660e-01 0.000000e+00 5.163694e-01
    outer loop
      vertex   -2.823441e+00 3.000000e+00 1.548215e+01
      vertex   -2.955201e+00 0.000000e+00 1.526364e+01
      vertex   -2.823441e+00 0.000000e+00 1.548215e+01
    endloop
  endfacet
  facet normal -6.978042e-01 0.000000e+00 7.162885e-01
    outer loop
      vertex   -2.823441e+00 3.000000e+00 1.548215e+01
      vertex   -2.823441e+00 0.000000e+00 1.548215e+01
      vertex   -2.640669e+00 3.000000e+00 1.566021e+01
    endloop
  endfacet
  facet normal -6.978042e-01 0.000000e+00 7.162885e-01
    outer loop
      vertex   -2.640669e+00 3.000000e+00 1.566021e+01
      vertex   -2.823441e+00 0.000000e+00 1.548215e+01
      vertex   -2.640669e+00 0.000000e+00 1.566021e+01
    endloop
  endfacet
  facet normal -4.938088e-01 0.000000e+00 8.695705e-01
    outer loop
      vertex   -2.640669e+00 3.000000e+00 1.566021e+01
      vertex   -2.640669e+00 0.000000e+00 1.566021e+01
      vertex   -2.418784e+00 3.000000e+00 1.578621e+01
    endloop
  endfacet
  facet normal -4.938088e-01 -7.309839e-17 8.695705e-01
    outer loop
      vertex   -2.418784e+00 3.000000e+00 1.578621e+01
      vertex   -2.640669e+00 0.000000e+00 1.566021e+01
      vertex   -2.418784e+00 0.000000e+00 1.578621e+01
    endloop
  endfacet
  facet normal -2.576617e-01 -3.814160e-17 9.662352e-01
    outer loop
      vertex   -2.418784e+00 3.000000e+00 1.578621e+01
      vertex   -2.418784e+00 0.000000e+00 1.578621e+01
      vertex   -2.172234e+00 3.000000e+00 1.585196e+01
    endloop
  endfacet
  facet normal -2.576617e-01 0.000000e+00 9.662352e-01
    outer loop
      vertex   -2.172234e+00 3.000000e+00 1.585196e+01
      vertex   -2.418784e+00 0.000000e+00 1.578621e+01
      vertex   -2.172234e+00 0.000000e+00 1.585196e+01
    endloop
  endfacet
  facet normal -1.322811e-01 0.000000e+00 9.912122e-01
    outer loop
      vertex   -2.172234e+00 0.000000e+00 1.585196e+01
      vertex   -2.061216e+00 0.000000e+00 1.586677e+01
      vertex   -2.172234e+00 3.000000e+00 1.585196e+01
    endloop
  endfacet
  facet normal -1.322811e-01 0.000000e+00 9.912122e-01
    outer loop
      vertex   -2.172234e+00 3.000000e+00 1.585196e+01
      vertex   -2.061216e+00 0.000000e+00 1.586677e+01
      vertex   -2.061216e+00 3.000000e+00 1.586677e+01
    endloop
  endfacet
  facet normal -4.741768e-03 0.000000e+00 9.999888e-01
    outer loop
      vertex   -2.061216e+00 3.000000e+00 1.586677e+01
      vertex   -2.061216e+00 0.000000e+00 1.586677e+01
      vertex   -1.806060e+00 3.000000e+00 1.586798e+01
    endloop
  endfacet
  facet normal -4.741768e-03 0.000000e+00 9.999888e-01
    outer loop
      vertex   -1.806060e+00 3.000000e+00 1.586798e+01
      vertex   -2.061216e+00 0.000000e+00 1.586677e+01
      vertex   -1.806060e+00 0.000000e+00 1.586798e+01
    endloop
  endfacet
  facet normal 2.484837e-01 0.000000e+00 9.686361e-01
    outer loop
      vertex   -1.806060e+00 3.000000e+00 1.586798e+01
      vertex   -1.806060e+00 0.000000e+00 1.586798e+01
      vertex   -1.558904e+00 3.000000e+00 1.580458e+01
    endloop
  endfacet
  facet normal 2.484837e-01 0.000000e+00 9.686361e-01
    outer loop
      vertex   -1.558904e+00 3.000000e+00 1.580458e+01
      vertex   -1.806060e+00 0.000000e+00 1.586798e+01
      vertex   -1.558904e+00 0.000000e+00 1.580458e+01
    endloop
  endfacet
  facet normal 4.855314e-01 0.000000e+00 8.742192e-01
    outer loop
      vertex   -1.558904e+00 3.000000e+00 1.580458e+01
      vertex   -1.558904e+00 0.000000e+00 1.580458e+01
      vertex   -1.335839e+00 3.000000e+00 1.568069e+01
    endloop
  endfacet
  facet normal 4.855314e-01 -3.593654e-17 8.742192e-01
    outer loop
      vertex   -1.335839e+00 3.000000e+00 1.568069e+01
      vertex   -1.558904e+00 0.000000e+00 1.580458e+01
      vertex   -1.335839e+00 0.000000e+00 1.568069e+01
    endloop
  endfacet
  facet normal 6.909680e-01 -5.114190e-17 7.228854e-01
    outer loop
      vertex   -1.335839e+00 3.000000e+00 1.568069e+01
      vertex   -1.335839e+00 0.000000e+00 1.568069e+01
      vertex   -1.151388e+00 3.000000e+00 1.550439e+01
    endloop
  endfacet
  facet normal 6.909680e-01 0.000000e+00 7.228854e-01
    outer loop
      vertex   -1.151388e+00 3.000000e+00 1.550439e+01
      vertex   -1.335839e+00 0.000000e+00 1.568069e+01
      vertex   -1.151388e+00 0.000000e+00 1.550439e+01
    endloop
  endfacet
  facet normal 8.514183e-01 0.000000e+00 5.244872e-01
    outer loop
      vertex   -1.151388e+00 3.000000e+00 1.550439e+01
      vertex   -1.151388e+00 0.000000e+00 1.550439e+01
      vertex   -1.017560e+00 3.000000e+00 1.528714e+01
    endloop
  endfacet
  facet normal 8.514183e-01 0.000000e+00 5.244872e-01
    outer loop
      vertex   -1.017560e+00 3.000000e+00 1.528714e+01
      vertex   -1.151388e+00 0.000000e+00 1.550439e+01
      vertex   -1.017560e+00 0.000000e+00 1.528714e+01
    endloop
  endfacet
  facet normal -8.801448e-02 0.000000e+00 9.961192e-01
    outer loop
      vertex   3.346019e-01 3.000000e+00 1.374593e+01
      vertex   3.346019e-01 0.000000e+00 1.374593e+01
      vertex   5.581882e-01 3.000000e+00 1.376568e+01
    endloop
  endfacet
  facet normal -8.801448e-02 0.000000e+00 9.961192e-01
    outer loop
      vertex   5.581882e-01 3.000000e+00 1.376568e+01
      vertex   3.346019e-01 0.000000e+00 1.374593e+01
      vertex   5.581882e-01 0.000000e+00 1.376568e+01
    endloop
  endfacet
  facet normal -3.079711e-01 0.000000e+00 9.513957e-01
    outer loop
      vertex   5.581882e-01 3.000000e+00 1.376568e+01
      vertex   5.581882e-01 0.000000e+00 1.376568e+01
      vertex   7.717359e-01 3.000000e+00 1.383481e+01
    endloop
  endfacet
  facet normal -3.079711e-01 -1.139722e-17 9.513957e-01
    outer loop
      vertex   7.717359e-01 3.000000e+00 1.383481e+01
      vertex   5.581882e-01 0.000000e+00 1.376568e+01
      vertex   7.717359e-01 0.000000e+00 1.383481e+01
    endloop
  endfacet
  facet normal -5.124117e-01 -1.896304e-17 8.587399e-01
    outer loop
      vertex   7.717359e-01 3.000000e+00 1.383481e+01
      vertex   7.717359e-01 0.000000e+00 1.383481e+01
      vertex   9.644864e-01 3.000000e+00 1.394982e+01
    endloop
  endfacet
  facet normal -5.124117e-01 -3.792609e-17 8.587399e-01
    outer loop
      vertex   9.644864e-01 3.000000e+00 1.394982e+01
      vertex   7.717359e-01 0.000000e+00 1.383481e+01
      vertex   9.644864e-01 0.000000e+00 1.394982e+01
    endloop
  endfacet
  facet normal -6.910365e-01 -5.114698e-17 7.228198e-01
    outer loop
      vertex   9.644864e-01 3.000000e+00 1.394982e+01
      vertex   9.644864e-01 0.000000e+00 1.394982e+01
      vertex   1.126729e+00 3.000000e+00 1.410493e+01
    endloop
  endfacet
  facet normal -6.910365e-01 0.000000e+00 7.228198e-01
    outer loop
      vertex   1.126729e+00 3.000000e+00 1.410493e+01
      vertex   9.644864e-01 0.000000e+00 1.394982e+01
      vertex   1.126729e+00 0.000000e+00 1.410493e+01
    endloop
  endfacet
  facet normal -8.348462e-01 0.000000e+00 5.504833e-01
    outer loop
      vertex   1.126729e+00 3.000000e+00 1.410493e+01
      vertex   1.126729e+00 0.000000e+00 1.410493e+01
      vertex   1.250289e+00 3.000000e+00 1.429232e+01
    endloop
  endfacet
  facet normal -8.348462e-01 0.000000e+00 5.504833e-01
    outer loop
      vertex   1.250289e+00 3.000000e+00 1.429232e+01
      vertex   1.126729e+00 0.000000e+00 1.410493e+01
      vertex   1.250289e+00 0.000000e+00 1.429232e+01
    endloop
  endfacet
  facet normal -8.913520e-01 0.000000e+00 4.533119e-01
    outer loop
      vertex   1.250289e+00 0.000000e+00 1.429232e+01
      vertex   1.723941e+00 0.000000e+00 1.522367e+01
      vertex   1.250289e+00 3.000000e+00 1.429232e+01
    endloop
  endfacet
  facet normal -8.913520e-01 0.000000e+00 4.533119e-01
    outer loop
      vertex   1.250289e+00 3.000000e+00 1.429232e+01
      vertex   1.723941e+00 0.000000e+00 1.522367e+01
      vertex   1.723941e+00 3.000000e+00 1.522367e+01
    endloop
  endfacet
  facet normal 4.314413e-01 -0.000000e+00 9.021410e-01
    outer loop
      vertex   4.502709e+00 0.000000e+00 1.299185e+01
      vertex   4.502709e+00 3.000000e+00 1.299185e+01
      vertex   4.300218e+00 0.000000e+00 1.308869e+01
    endloop
  endfacet
  facet normal 4.314413e-01 -0.000000e+00 9.021410e-01
    outer loop
      vertex   4.300218e+00 0.000000e+00 1.308869e+01
      vertex   4.502709e+00 3.000000e+00 1.299185e+01
      vertex   4.300218e+00 3.000000e+00 1.308869e+01
    endloop
  endfacet
  facet normal 6.217855e-01 -0.000000e+00 7.831876e-01
    outer loop
      vertex   4.300218e+00 0.000000e+00 1.308869e+01
      vertex   4.300218e+00 3.000000e+00 1.308869e+01
      vertex   4.124426e+00 0.000000e+00 1.322825e+01
    endloop
  endfacet
  facet normal 6.217855e-01 -0.000000e+00 7.831876e-01
    outer loop
      vertex   4.124426e+00 0.000000e+00 1.322825e+01
      vertex   4.300218e+00 3.000000e+00 1.308869e+01
      vertex   4.124426e+00 3.000000e+00 1.322825e+01
    endloop
  endfacet
  facet normal 7.808036e-01 -0.000000e+00 6.247765e-01
    outer loop
      vertex   4.124426e+00 0.000000e+00 1.322825e+01
      vertex   4.124426e+00 3.000000e+00 1.322825e+01
      vertex   3.984190e+00 0.000000e+00 1.340351e+01
    endloop
  endfacet
  facet normal 7.808036e-01 -0.000000e+00 6.247765e-01
    outer loop
      vertex   3.984190e+00 0.000000e+00 1.340351e+01
      vertex   4.124426e+00 3.000000e+00 1.322825e+01
      vertex   3.984190e+00 3.000000e+00 1.340351e+01
    endloop
  endfacet
  facet normal 9.004842e-01 -0.000000e+00 4.348886e-01
    outer loop
      vertex   3.984190e+00 0.000000e+00 1.340351e+01
      vertex   3.984190e+00 3.000000e+00 1.340351e+01
      vertex   3.886577e+00 0.000000e+00 1.360563e+01
    endloop
  endfacet
  facet normal 9.004842e-01 -0.000000e+00 4.348886e-01
    outer loop
      vertex   3.886577e+00 0.000000e+00 1.360563e+01
      vertex   3.984190e+00 3.000000e+00 1.340351e+01
      vertex   3.886577e+00 3.000000e+00 1.360563e+01
    endloop
  endfacet
  facet normal 9.747977e-01 -0.000000e+00 2.230907e-01
    outer loop
      vertex   3.886577e+00 0.000000e+00 1.360563e+01
      vertex   3.886577e+00 3.000000e+00 1.360563e+01
      vertex   3.836503e+00 0.000000e+00 1.382443e+01
    endloop
  endfacet
  facet normal 9.747977e-01 -0.000000e+00 2.230907e-01
    outer loop
      vertex   3.836503e+00 0.000000e+00 1.382443e+01
      vertex   3.886577e+00 3.000000e+00 1.360563e+01
      vertex   3.836503e+00 3.000000e+00 1.382443e+01
    endloop
  endfacet
  facet normal 9.936765e-01 0.000000e+00 1.122814e-01
    outer loop
      vertex   3.836503e+00 3.000000e+00 1.382443e+01
      vertex   3.719183e+00 3.000000e+00 1.486270e+01
      vertex   3.836503e+00 0.000000e+00 1.382443e+01
    endloop
  endfacet
  facet normal 9.936765e-01 0.000000e+00 1.122814e-01
    outer loop
      vertex   3.836503e+00 0.000000e+00 1.382443e+01
      vertex   3.719183e+00 3.000000e+00 1.486270e+01
      vertex   3.719183e+00 0.000000e+00 1.486270e+01
    endloop
  endfacet
  facet normal -8.262330e-01 0.000000e+00 5.633286e-01
    outer loop
      vertex   1.723941e+00 3.000000e+00 1.522367e+01
      vertex   1.723941e+00 0.000000e+00 1.522367e+01
      vertex   1.867683e+00 3.000000e+00 1.543449e+01
    endloop
  endfacet
  facet normal -8.262330e-01 -6.115352e-17 5.633286e-01
    outer loop
      vertex   1.867683e+00 3.000000e+00 1.543449e+01
      vertex   1.723941e+00 0.000000e+00 1.522367e+01
      vertex   1.867683e+00 0.000000e+00 1.543449e+01
    endloop
  endfacet
  facet normal -6.567677e-01 -4.861058e-17 7.540929e-01
    outer loop
      vertex   1.867683e+00 3.000000e+00 1.543449e+01
      vertex   1.867683e+00 0.000000e+00 1.543449e+01
      vertex   2.060101e+00 3.000000e+00 1.560208e+01
    endloop
  endfacet
  facet normal -6.567677e-01 0.000000e+00 7.540929e-01
    outer loop
      vertex   2.060101e+00 3.000000e+00 1.560208e+01
      vertex   1.867683e+00 0.000000e+00 1.543449e+01
      vertex   2.060101e+00 0.000000e+00 1.560208e+01
    endloop
  endfacet
  facet normal -4.445407e-01 0.000000e+00 8.957586e-01
    outer loop
      vertex   2.060101e+00 3.000000e+00 1.560208e+01
      vertex   2.060101e+00 0.000000e+00 1.560208e+01
      vertex   2.288668e+00 3.000000e+00 1.571551e+01
    endloop
  endfacet
  facet normal -4.445407e-01 0.000000e+00 8.957586e-01
    outer loop
      vertex   2.288668e+00 3.000000e+00 1.571551e+01
      vertex   2.060101e+00 0.000000e+00 1.560208e+01
      vertex   2.288668e+00 0.000000e+00 1.571551e+01
    endloop
  endfacet
  facet normal -2.033699e-01 0.000000e+00 9.791020e-01
    outer loop
      vertex   2.288668e+00 3.000000e+00 1.571551e+01
      vertex   2.288668e+00 0.000000e+00 1.571551e+01
      vertex   2.538501e+00 3.000000e+00 1.576740e+01
    endloop
  endfacet
  facet normal -2.033699e-01 0.000000e+00 9.791020e-01
    outer loop
      vertex   2.538501e+00 3.000000e+00 1.576740e+01
      vertex   2.288668e+00 0.000000e+00 1.571551e+01
      vertex   2.538501e+00 0.000000e+00 1.576740e+01
    endloop
  endfacet
  facet normal 5.104230e-02 0.000000e+00 9.986965e-01
    outer loop
      vertex   2.538501e+00 3.000000e+00 1.576740e+01
      vertex   2.538501e+00 0.000000e+00 1.576740e+01
      vertex   2.793334e+00 3.000000e+00 1.575438e+01
    endloop
  endfacet
  facet normal 5.104230e-02 0.000000e+00 9.986965e-01
    outer loop
      vertex   2.793334e+00 3.000000e+00 1.575438e+01
      vertex   2.538501e+00 0.000000e+00 1.576740e+01
      vertex   2.793334e+00 0.000000e+00 1.575438e+01
    endloop
  endfacet
  facet normal 1.780417e-01 -0.000000e+00 9.840229e-01
    outer loop
      vertex   2.793334e+00 0.000000e+00 1.575438e+01
      vertex   2.903548e+00 0.000000e+00 1.573444e+01
      vertex   2.793334e+00 3.000000e+00 1.575438e+01
    endloop
  endfacet
  facet normal 1.780417e-01 0.000000e+00 9.840229e-01
    outer loop
      vertex   2.793334e+00 3.000000e+00 1.575438e+01
      vertex   2.903548e+00 0.000000e+00 1.573444e+01
      vertex   2.903548e+00 3.000000e+00 1.573444e+01
    endloop
  endfacet
  facet normal 3.021280e-01 0.000000e+00 9.532674e-01
    outer loop
      vertex   2.903548e+00 3.000000e+00 1.573444e+01
      vertex   2.903548e+00 0.000000e+00 1.573444e+01
      vertex   3.146783e+00 3.000000e+00 1.565735e+01
    endloop
  endfacet
  facet normal 3.021280e-01 0.000000e+00 9.532674e-01
    outer loop
      vertex   3.146783e+00 3.000000e+00 1.565735e+01
      vertex   2.903548e+00 0.000000e+00 1.573444e+01
      vertex   3.146783e+00 0.000000e+00 1.565735e+01
    endloop
  endfacet
  facet normal 5.335399e-01 0.000000e+00 8.457749e-01
    outer loop
      vertex   3.146783e+00 3.000000e+00 1.565735e+01
      vertex   3.146783e+00 0.000000e+00 1.565735e+01
      vertex   3.362590e+00 3.000000e+00 1.552121e+01
    endloop
  endfacet
  facet normal 5.335399e-01 0.000000e+00 8.457749e-01
    outer loop
      vertex   3.362590e+00 3.000000e+00 1.552121e+01
      vertex   3.146783e+00 0.000000e+00 1.565735e+01
      vertex   3.362590e+00 0.000000e+00 1.552121e+01
    endloop
  endfacet
  facet normal 7.302152e-01 0.000000e+00 6.832172e-01
    outer loop
      vertex   3.362590e+00 3.000000e+00 1.552121e+01
      vertex   3.362590e+00 0.000000e+00 1.552121e+01
      vertex   3.536919e+00 3.000000e+00 1.533489e+01
    endloop
  endfacet
  facet normal 7.302152e-01 0.000000e+00 6.832172e-01
    outer loop
      vertex   3.536919e+00 3.000000e+00 1.533489e+01
      vertex   3.362590e+00 0.000000e+00 1.552121e+01
      vertex   3.536919e+00 0.000000e+00 1.533489e+01
    endloop
  endfacet
  facet normal 8.793489e-01 0.000000e+00 4.761780e-01
    outer loop
      vertex   3.536919e+00 3.000000e+00 1.533489e+01
      vertex   3.536919e+00 0.000000e+00 1.533489e+01
      vertex   3.658420e+00 3.000000e+00 1.511051e+01
    endloop
  endfacet
  facet normal 8.793489e-01 0.000000e+00 4.761780e-01
    outer loop
      vertex   3.658420e+00 3.000000e+00 1.511051e+01
      vertex   3.536919e+00 0.000000e+00 1.533489e+01
      vertex   3.658420e+00 0.000000e+00 1.511051e+01
    endloop
  endfacet
  facet normal 9.712317e-01 0.000000e+00 2.381366e-01
    outer loop
      vertex   3.658420e+00 3.000000e+00 1.511051e+01
      vertex   3.658420e+00 0.000000e+00 1.511051e+01
      vertex   3.719183e+00 3.000000e+00 1.486270e+01
    endloop
  endfacet
  facet normal 9.712317e-01 0.000000e+00 2.381366e-01
    outer loop
      vertex   3.719183e+00 3.000000e+00 1.486270e+01
      vertex   3.658420e+00 0.000000e+00 1.511051e+01
      vertex   3.719183e+00 0.000000e+00 1.486270e+01
    endloop
  endfacet
  facet normal 2.216804e-01 0.000000e+00 9.751194e-01
    outer loop
      vertex   4.533599e+00 3.000000e+00 1.298110e+01
      vertex   4.533599e+00 0.000000e+00 1.298110e+01
      vertex   4.752471e+00 3.000000e+00 1.293134e+01
    endloop
  endfacet
  facet normal 2.216804e-01 0.000000e+00 9.751194e-01
    outer loop
      vertex   4.752471e+00 3.000000e+00 1.293134e+01
      vertex   4.533599e+00 0.000000e+00 1.298110e+01
      vertex   4.752471e+00 0.000000e+00 1.293134e+01
    endloop
  endfacet
  facet normal -1.393768e-03 0.000000e+00 9.999990e-01
    outer loop
      vertex   4.752471e+00 3.000000e+00 1.293134e+01
      vertex   4.752471e+00 0.000000e+00 1.293134e+01
      vertex   4.976929e+00 3.000000e+00 1.293166e+01
    endloop
  endfacet
  facet normal -1.393768e-03 0.000000e+00 9.999990e-01
    outer loop
      vertex   4.976929e+00 3.000000e+00 1.293166e+01
      vertex   4.752471e+00 0.000000e+00 1.293134e+01
      vertex   4.976929e+00 0.000000e+00 1.293166e+01
    endloop
  endfacet
  facet normal -2.243977e-01 0.000000e+00 9.744976e-01
    outer loop
      vertex   4.976929e+00 3.000000e+00 1.293166e+01
      vertex   4.976929e+00 0.000000e+00 1.293166e+01
      vertex   5.195662e+00 3.000000e+00 1.298202e+01
    endloop
  endfacet
  facet normal -2.243977e-01 0.000000e+00 9.744976e-01
    outer loop
      vertex   5.195662e+00 3.000000e+00 1.298202e+01
      vertex   4.976929e+00 0.000000e+00 1.293166e+01
      vertex   5.195662e+00 0.000000e+00 1.298202e+01
    endloop
  endfacet
  facet normal -4.360963e-01 0.000000e+00 8.999000e-01
    outer loop
      vertex   5.195662e+00 3.000000e+00 1.298202e+01
      vertex   5.195662e+00 0.000000e+00 1.298202e+01
      vertex   5.397651e+00 3.000000e+00 1.307991e+01
    endloop
  endfacet
  facet normal -4.360963e-01 0.000000e+00 8.999000e-01
    outer loop
      vertex   5.397651e+00 3.000000e+00 1.307991e+01
      vertex   5.195662e+00 0.000000e+00 1.298202e+01
      vertex   5.397651e+00 0.000000e+00 1.307991e+01
    endloop
  endfacet
  facet normal -6.258239e-01 0.000000e+00 7.799644e-01
    outer loop
      vertex   5.397651e+00 3.000000e+00 1.307991e+01
      vertex   5.397651e+00 0.000000e+00 1.307991e+01
      vertex   5.572720e+00 3.000000e+00 1.322038e+01
    endloop
  endfacet
  facet normal -6.258239e-01 0.000000e+00 7.799644e-01
    outer loop
      vertex   5.572720e+00 3.000000e+00 1.322038e+01
      vertex   5.397651e+00 0.000000e+00 1.307991e+01
      vertex   5.572720e+00 0.000000e+00 1.322038e+01
    endloop
  endfacet
  facet normal -7.094045e-01 0.000000e+00 7.048016e-01
    outer loop
      vertex   5.572720e+00 0.000000e+00 1.322038e+01
      vertex   6.309146e+00 0.000000e+00 1.396162e+01
      vertex   5.572720e+00 3.000000e+00 1.322038e+01
    endloop
  endfacet
  facet normal -7.094045e-01 0.000000e+00 7.048016e-01
    outer loop
      vertex   5.572720e+00 3.000000e+00 1.322038e+01
      vertex   6.309146e+00 0.000000e+00 1.396162e+01
      vertex   6.309146e+00 3.000000e+00 1.396162e+01
    endloop
  endfacet
  facet normal 6.872930e-01 -0.000000e+00 7.263803e-01
    outer loop
      vertex   8.269669e+00 0.000000e+00 1.098522e+01
      vertex   8.269669e+00 3.000000e+00 1.098522e+01
      vertex   8.106628e+00 0.000000e+00 1.113949e+01
    endloop
  endfacet
  facet normal 6.872930e-01 -0.000000e+00 7.263803e-01
    outer loop
      vertex   8.106628e+00 0.000000e+00 1.113949e+01
      vertex   8.269669e+00 3.000000e+00 1.098522e+01
      vertex   8.106628e+00 3.000000e+00 1.113949e+01
    endloop
  endfacet
  facet normal 8.319907e-01 -0.000000e+00 5.547895e-01
    outer loop
      vertex   8.106628e+00 0.000000e+00 1.113949e+01
      vertex   8.106628e+00 3.000000e+00 1.113949e+01
      vertex   7.982101e+00 0.000000e+00 1.132623e+01
    endloop
  endfacet
  facet normal 8.319907e-01 -0.000000e+00 5.547895e-01
    outer loop
      vertex   7.982101e+00 0.000000e+00 1.132623e+01
      vertex   8.106628e+00 3.000000e+00 1.113949e+01
      vertex   7.982101e+00 3.000000e+00 1.132623e+01
    endloop
  endfacet
  facet normal 9.347721e-01 -0.000000e+00 3.552480e-01
    outer loop
      vertex   7.982101e+00 0.000000e+00 1.132623e+01
      vertex   7.982101e+00 3.000000e+00 1.132623e+01
      vertex   7.902364e+00 0.000000e+00 1.153605e+01
    endloop
  endfacet
  facet normal 9.347721e-01 -0.000000e+00 3.552480e-01
    outer loop
      vertex   7.902364e+00 0.000000e+00 1.153605e+01
      vertex   7.982101e+00 3.000000e+00 1.132623e+01
      vertex   7.902364e+00 3.000000e+00 1.153605e+01
    endloop
  endfacet
  facet normal 9.904589e-01 -0.000000e+00 1.378087e-01
    outer loop
      vertex   7.902364e+00 0.000000e+00 1.153605e+01
      vertex   7.902364e+00 3.000000e+00 1.153605e+01
      vertex   7.871431e+00 0.000000e+00 1.175837e+01
    endloop
  endfacet
  facet normal 9.904589e-01 -0.000000e+00 1.378087e-01
    outer loop
      vertex   7.871431e+00 0.000000e+00 1.175837e+01
      vertex   7.902364e+00 3.000000e+00 1.153605e+01
      vertex   7.871431e+00 3.000000e+00 1.175837e+01
    endloop
  endfacet
  facet normal 9.962455e-01 0.000000e+00 -8.657347e-02
    outer loop
      vertex   7.871431e+00 0.000000e+00 1.175837e+01
      vertex   7.871431e+00 3.000000e+00 1.175837e+01
      vertex   7.890863e+00 0.000000e+00 1.198198e+01
    endloop
  endfacet
  facet normal 9.962455e-01 0.000000e+00 -8.657347e-02
    outer loop
      vertex   7.890863e+00 0.000000e+00 1.198198e+01
      vertex   7.871431e+00 3.000000e+00 1.175837e+01
      vertex   7.890863e+00 3.000000e+00 1.198198e+01
    endloop
  endfacet
  facet normal 9.802356e-01 0.000000e+00 -1.978336e-01
    outer loop
      vertex   7.890863e+00 3.000000e+00 1.198198e+01
      vertex   8.097575e+00 3.000000e+00 1.300620e+01
      vertex   7.890863e+00 0.000000e+00 1.198198e+01
    endloop
  endfacet
  facet normal 9.802356e-01 0.000000e+00 -1.978336e-01
    outer loop
      vertex   7.890863e+00 0.000000e+00 1.198198e+01
      vertex   8.097575e+00 3.000000e+00 1.300620e+01
      vertex   8.097575e+00 0.000000e+00 1.300620e+01
    endloop
  endfacet
  facet normal -6.136866e-01 0.000000e+00 7.895497e-01
    outer loop
      vertex   6.309146e+00 3.000000e+00 1.396162e+01
      vertex   6.309146e+00 0.000000e+00 1.396162e+01
      vertex   6.510612e+00 3.000000e+00 1.411821e+01
    endloop
  endfacet
  facet normal -6.136866e-01 0.000000e+00 7.895497e-01
    outer loop
      vertex   6.510612e+00 3.000000e+00 1.411821e+01
      vertex   6.309146e+00 0.000000e+00 1.396162e+01
      vertex   6.510612e+00 0.000000e+00 1.411821e+01
    endloop
  endfacet
  facet normal -3.938887e-01 0.000000e+00 9.191581e-01
    outer loop
      vertex   6.510612e+00 3.000000e+00 1.411821e+01
      vertex   6.510612e+00 0.000000e+00 1.411821e+01
      vertex   6.745149e+00 3.000000e+00 1.421871e+01
    endloop
  endfacet
  facet normal -3.938887e-01 0.000000e+00 9.191581e-01
    outer loop
      vertex   6.745149e+00 3.000000e+00 1.421871e+01
      vertex   6.510612e+00 0.000000e+00 1.411821e+01
      vertex   6.745149e+00 0.000000e+00 1.421871e+01
    endloop
  endfacet
  facet normal -1.484449e-01 0.000000e+00 9.889207e-01
    outer loop
      vertex   6.745149e+00 3.000000e+00 1.421871e+01
      vertex   6.745149e+00 0.000000e+00 1.421871e+01
      vertex   6.997488e+00 3.000000e+00 1.425659e+01
    endloop
  endfacet
  facet normal -1.484449e-01 0.000000e+00 9.889207e-01
    outer loop
      vertex   6.997488e+00 3.000000e+00 1.425659e+01
      vertex   6.745149e+00 0.000000e+00 1.421871e+01
      vertex   6.997488e+00 0.000000e+00 1.425659e+01
    endloop
  endfacet
  facet normal 1.066642e-01 0.000000e+00 9.942951e-01
    outer loop
      vertex   6.997488e+00 3.000000e+00 1.425659e+01
      vertex   6.997488e+00 0.000000e+00 1.425659e+01
      vertex   7.251198e+00 3.000000e+00 1.422937e+01
    endloop
  endfacet
  facet normal 1.066642e-01 0.000000e+00 9.942951e-01
    outer loop
      vertex   7.251198e+00 3.000000e+00 1.422937e+01
      vertex   6.997488e+00 0.000000e+00 1.425659e+01
      vertex   7.251198e+00 0.000000e+00 1.422937e+01
    endloop
  endfacet
  facet normal 3.548283e-01 0.000000e+00 9.349315e-01
    outer loop
      vertex   7.251198e+00 3.000000e+00 1.422937e+01
      vertex   7.251198e+00 0.000000e+00 1.422937e+01
      vertex   7.489760e+00 3.000000e+00 1.413883e+01
    endloop
  endfacet
  facet normal 3.548283e-01 0.000000e+00 9.349315e-01
    outer loop
      vertex   7.489760e+00 3.000000e+00 1.413883e+01
      vertex   7.251198e+00 0.000000e+00 1.422937e+01
      vertex   7.489760e+00 0.000000e+00 1.413883e+01
    endloop
  endfacet
  facet normal 4.712098e-01 -0.000000e+00 8.820211e-01
    outer loop
      vertex   7.489760e+00 0.000000e+00 1.413883e+01
      vertex   7.588549e+00 0.000000e+00 1.408606e+01
      vertex   7.489760e+00 3.000000e+00 1.413883e+01
    endloop
  endfacet
  facet normal 4.712098e-01 0.000000e+00 8.820211e-01
    outer loop
      vertex   7.489760e+00 3.000000e+00 1.413883e+01
      vertex   7.588549e+00 0.000000e+00 1.408606e+01
      vertex   7.588549e+00 3.000000e+00 1.408606e+01
    endloop
  endfacet
  facet normal 5.798871e-01 0.000000e+00 8.146969e-01
    outer loop
      vertex   7.588549e+00 3.000000e+00 1.408606e+01
      vertex   7.588549e+00 0.000000e+00 1.408606e+01
      vertex   7.796426e+00 3.000000e+00 1.393809e+01
    endloop
  endfacet
  facet normal 5.798871e-01 0.000000e+00 8.146969e-01
    outer loop
      vertex   7.796426e+00 3.000000e+00 1.393809e+01
      vertex   7.588549e+00 0.000000e+00 1.408606e+01
      vertex   7.796426e+00 0.000000e+00 1.393809e+01
    endloop
  endfacet
  facet normal 7.671885e-01 0.000000e+00 6.414216e-01
    outer loop
      vertex   7.796426e+00 3.000000e+00 1.393809e+01
      vertex   7.796426e+00 0.000000e+00 1.393809e+01
      vertex   7.960091e+00 3.000000e+00 1.374234e+01
    endloop
  endfacet
  facet normal 7.671885e-01 0.000000e+00 6.414216e-01
    outer loop
      vertex   7.960091e+00 3.000000e+00 1.374234e+01
      vertex   7.796426e+00 0.000000e+00 1.393809e+01
      vertex   7.960091e+00 0.000000e+00 1.374234e+01
    endloop
  endfacet
  facet normal 9.045413e-01 0.000000e+00 4.263860e-01
    outer loop
      vertex   7.960091e+00 3.000000e+00 1.374234e+01
      vertex   7.960091e+00 0.000000e+00 1.374234e+01
      vertex   8.068887e+00 3.000000e+00 1.351154e+01
    endloop
  endfacet
  facet normal 9.045413e-01 0.000000e+00 4.263860e-01
    outer loop
      vertex   8.068887e+00 3.000000e+00 1.351154e+01
      vertex   7.960091e+00 0.000000e+00 1.374234e+01
      vertex   8.068887e+00 0.000000e+00 1.351154e+01
    endloop
  endfacet
  facet normal 9.830029e-01 0.000000e+00 1.835899e-01
    outer loop
      vertex   8.068887e+00 3.000000e+00 1.351154e+01
      vertex   8.068887e+00 0.000000e+00 1.351154e+01
      vertex   8.115732e+00 3.000000e+00 1.326072e+01
    endloop
  endfacet
  facet normal 9.830029e-01 0.000000e+00 1.835899e-01
    outer loop
      vertex   8.115732e+00 3.000000e+00 1.326072e+01
      vertex   8.068887e+00 0.000000e+00 1.351154e+01
      vertex   8.115732e+00 0.000000e+00 1.326072e+01
    endloop
  endfacet
  facet normal 9.974650e-01 0.000000e+00 -7.115894e-02
    outer loop
      vertex   8.115732e+00 3.000000e+00 1.326072e+01
      vertex   8.115732e+00 0.000000e+00 1.326072e+01
      vertex   8.097575e+00 3.000000e+00 1.300620e+01
    endloop
  endfacet
  facet normal 9.974650e-01 0.000000e+00 -7.115894e-02
    outer loop
      vertex   8.097575e+00 3.000000e+00 1.300620e+01
      vertex   8.115732e+00 0.000000e+00 1.326072e+01
      vertex   8.097575e+00 0.000000e+00 1.300620e+01
    endloop
  endfacet
  facet normal 5.100160e-01 0.000000e+00 8.601649e-01
    outer loop
      vertex   8.295775e+00 3.000000e+00 1.096552e+01
      vertex   8.295775e+00 0.000000e+00 1.096552e+01
      vertex   8.488845e+00 3.000000e+00 1.085104e+01
    endloop
  endfacet
  facet normal 5.100160e-01 0.000000e+00 8.601649e-01
    outer loop
      vertex   8.488845e+00 3.000000e+00 1.085104e+01
      vertex   8.295775e+00 0.000000e+00 1.096552e+01
      vertex   8.488845e+00 0.000000e+00 1.085104e+01
    endloop
  endfacet
  facet normal 3.053178e-01 0.000000e+00 9.522505e-01
    outer loop
      vertex   8.488845e+00 3.000000e+00 1.085104e+01
      vertex   8.488845e+00 0.000000e+00 1.085104e+01
      vertex   8.702585e+00 3.000000e+00 1.078251e+01
    endloop
  endfacet
  facet normal 3.053178e-01 0.000000e+00 9.522505e-01
    outer loop
      vertex   8.702585e+00 3.000000e+00 1.078251e+01
      vertex   8.488845e+00 0.000000e+00 1.085104e+01
      vertex   8.702585e+00 0.000000e+00 1.078251e+01
    endloop
  endfacet
  facet normal 8.523742e-02 0.000000e+00 9.963607e-01
    outer loop
      vertex   8.702585e+00 3.000000e+00 1.078251e+01
      vertex   8.702585e+00 0.000000e+00 1.078251e+01
      vertex   8.926225e+00 3.000000e+00 1.076338e+01
    endloop
  endfacet
  facet normal 8.523742e-02 0.000000e+00 9.963607e-01
    outer loop
      vertex   8.926225e+00 3.000000e+00 1.076338e+01
      vertex   8.702585e+00 0.000000e+00 1.078251e+01
      vertex   8.926225e+00 0.000000e+00 1.076338e+01
    endloop
  endfacet
  facet normal -1.391373e-01 0.000000e+00 9.902731e-01
    outer loop
      vertex   8.926225e+00 3.000000e+00 1.076338e+01
      vertex   8.926225e+00 0.000000e+00 1.076338e+01
      vertex   9.148499e+00 3.000000e+00 1.079461e+01
    endloop
  endfacet
  facet normal -1.391373e-01 0.000000e+00 9.902731e-01
    outer loop
      vertex   9.148499e+00 3.000000e+00 1.079461e+01
      vertex   8.926225e+00 0.000000e+00 1.076338e+01
      vertex   9.148499e+00 0.000000e+00 1.079461e+01
    endloop
  endfacet
  facet normal -3.565022e-01 0.000000e+00 9.342945e-01
    outer loop
      vertex   9.148499e+00 3.000000e+00 1.079461e+01
      vertex   9.148499e+00 0.000000e+00 1.079461e+01
      vertex   9.358208e+00 3.000000e+00 1.087463e+01
    endloop
  endfacet
  facet normal -3.565022e-01 0.000000e+00 9.342945e-01
    outer loop
      vertex   9.358208e+00 3.000000e+00 1.087463e+01
      vertex   9.148499e+00 0.000000e+00 1.079461e+01
      vertex   9.358208e+00 0.000000e+00 1.087463e+01
    endloop
  endfacet
  facet normal -4.591046e-01 0.000000e+00 8.883822e-01
    outer loop
      vertex   9.358208e+00 0.000000e+00 1.087463e+01
      vertex   1.028645e+01 0.000000e+00 1.135433e+01
      vertex   9.358208e+00 3.000000e+00 1.087463e+01
    endloop
  endfacet
  facet normal -4.591046e-01 0.000000e+00 8.883822e-01
    outer loop
      vertex   9.358208e+00 3.000000e+00 1.087463e+01
      vertex   1.028645e+01 0.000000e+00 1.135433e+01
      vertex   1.028645e+01 3.000000e+00 1.135433e+01
    endloop
  endfacet
  facet normal 8.769227e-01 -0.000000e+00 4.806315e-01
    outer loop
      vertex   1.123983e+01 0.000000e+00 7.920147e+00
      vertex   1.123983e+01 3.000000e+00 7.920147e+00
      vertex   1.113195e+01 0.000000e+00 8.116978e+00
    endloop
  endfacet
  facet normal 8.769227e-01 -0.000000e+00 4.806315e-01
    outer loop
      vertex   1.113195e+01 0.000000e+00 8.116978e+00
      vertex   1.123983e+01 3.000000e+00 7.920147e+00
      vertex   1.113195e+01 3.000000e+00 8.116978e+00
    endloop
  endfacet
  facet normal 9.620321e-01 -0.000000e+00 2.729364e-01
    outer loop
      vertex   1.113195e+01 0.000000e+00 8.116978e+00
      vertex   1.113195e+01 3.000000e+00 8.116978e+00
      vertex   1.107069e+01 0.000000e+00 8.332913e+00
    endloop
  endfacet
  facet normal 9.620321e-01 -0.000000e+00 2.729364e-01
    outer loop
      vertex   1.107069e+01 0.000000e+00 8.332913e+00
      vertex   1.113195e+01 3.000000e+00 8.116978e+00
      vertex   1.107069e+01 3.000000e+00 8.332913e+00
    endloop
  endfacet
  facet normal 9.986735e-01 -0.000000e+00 5.149061e-02
    outer loop
      vertex   1.107069e+01 0.000000e+00 8.332913e+00
      vertex   1.107069e+01 3.000000e+00 8.332913e+00
      vertex   1.105913e+01 0.000000e+00 8.557072e+00
    endloop
  endfacet
  facet normal 9.986735e-01 -0.000000e+00 5.149061e-02
    outer loop
      vertex   1.105913e+01 0.000000e+00 8.557072e+00
      vertex   1.107069e+01 3.000000e+00 8.332913e+00
      vertex   1.105913e+01 3.000000e+00 8.557072e+00
    endloop
  endfacet
  facet normal 9.850009e-01 0.000000e+00 -1.725494e-01
    outer loop
      vertex   1.105913e+01 0.000000e+00 8.557072e+00
      vertex   1.105913e+01 3.000000e+00 8.557072e+00
      vertex   1.109786e+01 0.000000e+00 8.778162e+00
    endloop
  endfacet
  facet normal 9.850009e-01 0.000000e+00 -1.725494e-01
    outer loop
      vertex   1.109786e+01 0.000000e+00 8.778162e+00
      vertex   1.105913e+01 3.000000e+00 8.557072e+00
      vertex   1.109786e+01 3.000000e+00 8.778162e+00
    endloop
  endfacet
  facet normal 9.217031e-01 0.000000e+00 -3.878961e-01
    outer loop
      vertex   1.109786e+01 0.000000e+00 8.778162e+00
      vertex   1.109786e+01 3.000000e+00 8.778162e+00
      vertex   1.118492e+01 0.000000e+00 8.985045e+00
    endloop
  endfacet
  facet normal 9.217031e-01 0.000000e+00 -3.878961e-01
    outer loop
      vertex   1.118492e+01 0.000000e+00 8.985045e+00
      vertex   1.109786e+01 3.000000e+00 8.778162e+00
      vertex   1.118492e+01 3.000000e+00 8.985045e+00
    endloop
  endfacet
  facet normal 8.723472e-01 0.000000e+00 -4.888868e-01
    outer loop
      vertex   1.118492e+01 3.000000e+00 8.985045e+00
      vertex   1.169575e+01 3.000000e+00 9.896538e+00
      vertex   1.118492e+01 0.000000e+00 8.985045e+00
    endloop
  endfacet
  facet normal 8.723472e-01 0.000000e+00 -4.888868e-01
    outer loop
      vertex   1.118492e+01 0.000000e+00 8.985045e+00
      vertex   1.169575e+01 3.000000e+00 9.896538e+00
      vertex   1.169575e+01 0.000000e+00 9.896538e+00
    endloop
  endfacet
  facet normal -3.420104e-01 0.000000e+00 9.396962e-01
    outer loop
      vertex   1.028645e+01 3.000000e+00 1.135433e+01
      vertex   1.028645e+01 0.000000e+00 1.135433e+01
      vertex   1.052623e+01 3.000000e+00 1.144160e+01
    endloop
  endfacet
  facet normal -3.420104e-01 0.000000e+00 9.396962e-01
    outer loop
      vertex   1.052623e+01 3.000000e+00 1.144160e+01
      vertex   1.028645e+01 0.000000e+00 1.135433e+01
      vertex   1.052623e+01 0.000000e+00 1.144160e+01
    endloop
  endfacet
  facet normal -9.305772e-02 0.000000e+00 9.956607e-01
    outer loop
      vertex   1.052623e+01 3.000000e+00 1.144160e+01
      vertex   1.052623e+01 0.000000e+00 1.144160e+01
      vertex   1.078029e+01 3.000000e+00 1.146535e+01
    endloop
  endfacet
  facet normal -9.305772e-02 0.000000e+00 9.956607e-01
    outer loop
      vertex   1.078029e+01 3.000000e+00 1.146535e+01
      vertex   1.052623e+01 0.000000e+00 1.144160e+01
      vertex   1.078029e+01 0.000000e+00 1.146535e+01
    endloop
  endfacet
  facet normal 1.619539e-01 0.000000e+00 9.867983e-01
    outer loop
      vertex   1.078029e+01 3.000000e+00 1.146535e+01
      vertex   1.078029e+01 0.000000e+00 1.146535e+01
      vertex   1.103209e+01 3.000000e+00 1.142402e+01
    endloop
  endfacet
  facet normal 1.619539e-01 0.000000e+00 9.867983e-01
    outer loop
      vertex   1.103209e+01 3.000000e+00 1.142402e+01
      vertex   1.078029e+01 0.000000e+00 1.146535e+01
      vertex   1.103209e+01 0.000000e+00 1.142402e+01
    endloop
  endfacet
  facet normal 4.064209e-01 0.000000e+00 9.136860e-01
    outer loop
      vertex   1.103209e+01 3.000000e+00 1.142402e+01
      vertex   1.103209e+01 0.000000e+00 1.142402e+01
      vertex   1.126523e+01 3.000000e+00 1.132032e+01
    endloop
  endfacet
  facet normal 4.064209e-01 0.000000e+00 9.136860e-01
    outer loop
      vertex   1.126523e+01 3.000000e+00 1.132032e+01
      vertex   1.103209e+01 0.000000e+00 1.142402e+01
      vertex   1.126523e+01 0.000000e+00 1.132032e+01
    endloop
  endfacet
  facet normal 6.244259e-01 0.000000e+00 7.810840e-01
    outer loop
      vertex   1.126523e+01 3.000000e+00 1.132032e+01
      vertex   1.126523e+01 0.000000e+00 1.132032e+01
      vertex   1.146453e+01 3.000000e+00 1.116099e+01
    endloop
  endfacet
  facet normal 6.244259e-01 0.000000e+00 7.810840e-01
    outer loop
      vertex   1.146453e+01 3.000000e+00 1.116099e+01
      vertex   1.126523e+01 0.000000e+00 1.132032e+01
      vertex   1.146453e+01 0.000000e+00 1.116099e+01
    endloop
  endfacet
  facet normal 7.189760e-01 -0.000000e+00 6.950349e-01
    outer loop
      vertex   1.146453e+01 0.000000e+00 1.116099e+01
      vertex   1.154238e+01 0.000000e+00 1.108046e+01
      vertex   1.146453e+01 3.000000e+00 1.116099e+01
    endloop
  endfacet
  facet normal 7.189760e-01 0.000000e+00 6.950349e-01
    outer loop
      vertex   1.146453e+01 3.000000e+00 1.116099e+01
      vertex   1.154238e+01 0.000000e+00 1.108046e+01
      vertex   1.154238e+01 3.000000e+00 1.108046e+01
    endloop
  endfacet
  facet normal 8.017730e-01 0.000000e+00 5.976287e-01
    outer loop
      vertex   1.154238e+01 3.000000e+00 1.108046e+01
      vertex   1.154238e+01 0.000000e+00 1.108046e+01
      vertex   1.169487e+01 3.000000e+00 1.087588e+01
    endloop
  endfacet
  facet normal 8.017730e-01 0.000000e+00 5.976287e-01
    outer loop
      vertex   1.169487e+01 3.000000e+00 1.087588e+01
      vertex   1.154238e+01 0.000000e+00 1.108046e+01
      vertex   1.169487e+01 0.000000e+00 1.087588e+01
    endloop
  endfacet
  facet normal 9.269171e-01 0.000000e+00 3.752662e-01
    outer loop
      vertex   1.169487e+01 3.000000e+00 1.087588e+01
      vertex   1.169487e+01 0.000000e+00 1.087588e+01
      vertex   1.179062e+01 3.000000e+00 1.063937e+01
    endloop
  endfacet
  facet normal 9.269171e-01 0.000000e+00 3.752662e-01
    outer loop
      vertex   1.179062e+01 3.000000e+00 1.063937e+01
      vertex   1.169487e+01 0.000000e+00 1.087588e+01
      vertex   1.179062e+01 0.000000e+00 1.063937e+01
    endloop
  endfacet
  facet normal 9.917132e-01 0.000000e+00 1.284716e-01
    outer loop
      vertex   1.179062e+01 3.000000e+00 1.063937e+01
      vertex   1.179062e+01 0.000000e+00 1.063937e+01
      vertex   1.182340e+01 3.000000e+00 1.038632e+01
    endloop
  endfacet
  facet normal 9.917132e-01 0.000000e+00 1.284716e-01
    outer loop
      vertex   1.182340e+01 3.000000e+00 1.038632e+01
      vertex   1.179062e+01 0.000000e+00 1.063937e+01
      vertex   1.182340e+01 0.000000e+00 1.038632e+01
    endloop
  endfacet
  facet normal 9.919427e-01 0.000000e+00 -1.266874e-01
    outer loop
      vertex   1.182340e+01 3.000000e+00 1.038632e+01
      vertex   1.182340e+01 0.000000e+00 1.038632e+01
      vertex   1.179108e+01 3.000000e+00 1.013322e+01
    endloop
  endfacet
  facet normal 9.919427e-01 0.000000e+00 -1.266874e-01
    outer loop
      vertex   1.179108e+01 3.000000e+00 1.013322e+01
      vertex   1.182340e+01 0.000000e+00 1.038632e+01
      vertex   1.179108e+01 0.000000e+00 1.013322e+01
    endloop
  endfacet
  facet normal 9.275906e-01 0.000000e+00 -3.735982e-01
    outer loop
      vertex   1.179108e+01 3.000000e+00 1.013322e+01
      vertex   1.179108e+01 0.000000e+00 1.013322e+01
      vertex   1.169575e+01 3.000000e+00 9.896538e+00
    endloop
  endfacet
  facet normal 9.275906e-01 0.000000e+00 -3.735982e-01
    outer loop
      vertex   1.169575e+01 3.000000e+00 9.896538e+00
      vertex   1.179108e+01 0.000000e+00 1.013322e+01
      vertex   1.169575e+01 0.000000e+00 9.896538e+00
    endloop
  endfacet
  facet normal 7.492105e-01 0.000000e+00 6.623319e-01
    outer loop
      vertex   1.125864e+01 3.000000e+00 7.893390e+00
      vertex   1.125864e+01 0.000000e+00 7.893390e+00
      vertex   1.140730e+01 3.000000e+00 7.725224e+00
    endloop
  endfacet
  facet normal 7.492105e-01 0.000000e+00 6.623319e-01
    outer loop
      vertex   1.140730e+01 3.000000e+00 7.725224e+00
      vertex   1.125864e+01 0.000000e+00 7.893390e+00
      vertex   1.140730e+01 0.000000e+00 7.725224e+00
    endloop
  endfacet
  facet normal 5.826115e-01 0.000000e+00 8.127508e-01
    outer loop
      vertex   1.140730e+01 3.000000e+00 7.725224e+00
      vertex   1.140730e+01 0.000000e+00 7.725224e+00
      vertex   1.158973e+01 3.000000e+00 7.594452e+00
    endloop
  endfacet
  facet normal 5.826115e-01 0.000000e+00 8.127508e-01
    outer loop
      vertex   1.158973e+01 3.000000e+00 7.594452e+00
      vertex   1.140730e+01 0.000000e+00 7.725224e+00
      vertex   1.158973e+01 0.000000e+00 7.594452e+00
    endloop
  endfacet
  facet normal 3.866598e-01 0.000000e+00 9.222224e-01
    outer loop
      vertex   1.158973e+01 3.000000e+00 7.594452e+00
      vertex   1.158973e+01 0.000000e+00 7.594452e+00
      vertex   1.179673e+01 3.000000e+00 7.507664e+00
    endloop
  endfacet
  facet normal 3.866598e-01 0.000000e+00 9.222224e-01
    outer loop
      vertex   1.179673e+01 3.000000e+00 7.507664e+00
      vertex   1.158973e+01 0.000000e+00 7.594452e+00
      vertex   1.179673e+01 0.000000e+00 7.507664e+00
    endloop
  endfacet
  facet normal 1.712278e-01 0.000000e+00 9.852315e-01
    outer loop
      vertex   1.179673e+01 3.000000e+00 7.507664e+00
      vertex   1.179673e+01 0.000000e+00 7.507664e+00
      vertex   1.201787e+01 3.000000e+00 7.469231e+00
    endloop
  endfacet
  facet normal 1.712278e-01 0.000000e+00 9.852315e-01
    outer loop
      vertex   1.201787e+01 3.000000e+00 7.469231e+00
      vertex   1.179673e+01 0.000000e+00 7.507664e+00
      vertex   1.201787e+01 0.000000e+00 7.469231e+00
    endloop
  endfacet
  facet normal -5.283087e-02 0.000000e+00 9.986035e-01
    outer loop
      vertex   1.201787e+01 3.000000e+00 7.469231e+00
      vertex   1.201787e+01 0.000000e+00 7.469231e+00
      vertex   1.224202e+01 3.000000e+00 7.481089e+00
    endloop
  endfacet
  facet normal -5.283087e-02 0.000000e+00 9.986035e-01
    outer loop
      vertex   1.224202e+01 3.000000e+00 7.481089e+00
      vertex   1.201787e+01 0.000000e+00 7.469231e+00
      vertex   1.224202e+01 0.000000e+00 7.481089e+00
    endloop
  endfacet
  facet normal -1.645690e-01 0.000000e+00 9.863656e-01
    outer loop
      vertex   1.224202e+01 0.000000e+00 7.481089e+00
      vertex   1.327264e+01 0.000000e+00 7.653042e+00
      vertex   1.224202e+01 3.000000e+00 7.481089e+00
    endloop
  endfacet
  facet normal -1.645690e-01 0.000000e+00 9.863656e-01
    outer loop
      vertex   1.224202e+01 3.000000e+00 7.481089e+00
      vertex   1.327264e+01 0.000000e+00 7.653042e+00
      vertex   1.327264e+01 3.000000e+00 7.653042e+00
    endloop
  endfacet
  facet normal 9.820592e-01 -0.000000e+00 1.885729e-01
    outer loop
      vertex   1.312701e+01 0.000000e+00 4.091952e+00
      vertex   1.312701e+01 3.000000e+00 4.091952e+00
      vertex   1.308469e+01 0.000000e+00 4.312382e+00
    endloop
  endfacet
  facet normal 9.820592e-01 -0.000000e+00 1.885729e-01
    outer loop
      vertex   1.308469e+01 0.000000e+00 4.312382e+00
      vertex   1.312701e+01 3.000000e+00 4.091952e+00
      vertex   1.308469e+01 3.000000e+00 4.312382e+00
    endloop
  endfacet
  facet normal 9.993798e-01 0.000000e+00 -3.521462e-02
    outer loop
      vertex   1.308469e+01 0.000000e+00 4.312382e+00
      vertex   1.308469e+01 3.000000e+00 4.312382e+00
      vertex   1.309259e+01 0.000000e+00 4.536699e+00
    endloop
  endfacet
  facet normal 9.993798e-01 0.000000e+00 -3.521462e-02
    outer loop
      vertex   1.309259e+01 0.000000e+00 4.536699e+00
      vertex   1.308469e+01 3.000000e+00 4.312382e+00
      vertex   1.309259e+01 3.000000e+00 4.536699e+00
    endloop
  endfacet
  facet normal 9.663507e-01 0.000000e+00 -2.572280e-01
    outer loop
      vertex   1.309259e+01 0.000000e+00 4.536699e+00
      vertex   1.309259e+01 3.000000e+00 4.536699e+00
      vertex   1.315033e+01 0.000000e+00 4.753603e+00
    endloop
  endfacet
  facet normal 9.663507e-01 0.000000e+00 -2.572280e-01
    outer loop
      vertex   1.315033e+01 0.000000e+00 4.753603e+00
      vertex   1.309259e+01 3.000000e+00 4.536699e+00
      vertex   1.315033e+01 3.000000e+00 4.753603e+00
    endloop
  endfacet
  facet normal 8.846362e-01 0.000000e+00 -4.662820e-01
    outer loop
      vertex   1.315033e+01 0.000000e+00 4.753603e+00
      vertex   1.315033e+01 3.000000e+00 4.753603e+00
      vertex   1.325499e+01 0.000000e+00 4.952166e+00
    endloop
  endfacet
  facet normal 8.846362e-01 0.000000e+00 -4.662820e-01
    outer loop
      vertex   1.325499e+01 0.000000e+00 4.952166e+00
      vertex   1.315033e+01 3.000000e+00 4.753603e+00
      vertex   1.325499e+01 3.000000e+00 4.952166e+00
    endloop
  endfacet
  facet normal 7.583528e-01 0.000000e+00 -6.518443e-01
    outer loop
      vertex   1.325499e+01 0.000000e+00 4.952166e+00
      vertex   1.325499e+01 3.000000e+00 4.952166e+00
      vertex   1.340130e+01 0.000000e+00 5.122383e+00
    endloop
  endfacet
  facet normal 7.583528e-01 0.000000e+00 -6.518443e-01
    outer loop
      vertex   1.340130e+01 0.000000e+00 5.122383e+00
      vertex   1.325499e+01 3.000000e+00 4.952166e+00
      vertex   1.340130e+01 3.000000e+00 5.122383e+00
    endloop
  endfacet
  facet normal 6.804065e-01 0.000000e+00 -7.328349e-01
    outer loop
      vertex   1.340130e+01 3.000000e+00 5.122383e+00
      vertex   1.416702e+01 3.000000e+00 5.833323e+00
      vertex   1.340130e+01 0.000000e+00 5.122383e+00
    endloop
  endfacet
  facet normal 6.804065e-01 0.000000e+00 -7.328349e-01
    outer loop
      vertex   1.340130e+01 0.000000e+00 5.122383e+00
      vertex   1.416702e+01 3.000000e+00 5.833323e+00
      vertex   1.416702e+01 0.000000e+00 5.833323e+00
    endloop
  endfacet
  facet normal -3.738088e-02 0.000000e+00 9.993011e-01
    outer loop
      vertex   1.327264e+01 3.000000e+00 7.653042e+00
      vertex   1.327264e+01 0.000000e+00 7.653042e+00
      vertex   1.352763e+01 3.000000e+00 7.662580e+00
    endloop
  endfacet
  facet normal -3.738088e-02 0.000000e+00 9.993011e-01
    outer loop
      vertex   1.352763e+01 3.000000e+00 7.662580e+00
      vertex   1.327264e+01 0.000000e+00 7.653042e+00
      vertex   1.352763e+01 0.000000e+00 7.662580e+00
    endloop
  endfacet
  facet normal 2.167395e-01 0.000000e+00 9.762295e-01
    outer loop
      vertex   1.352763e+01 3.000000e+00 7.662580e+00
      vertex   1.352763e+01 0.000000e+00 7.662580e+00
      vertex   1.377673e+01 3.000000e+00 7.607276e+00
    endloop
  endfacet
  facet normal 2.167395e-01 0.000000e+00 9.762295e-01
    outer loop
      vertex   1.377673e+01 3.000000e+00 7.607276e+00
      vertex   1.352763e+01 0.000000e+00 7.662580e+00
      vertex   1.377673e+01 0.000000e+00 7.607276e+00
    endloop
  endfacet
  facet normal 4.567482e-01 0.000000e+00 8.895960e-01
    outer loop
      vertex   1.377673e+01 3.000000e+00 7.607276e+00
      vertex   1.377673e+01 0.000000e+00 7.607276e+00
      vertex   1.400372e+01 3.000000e+00 7.490730e+00
    endloop
  endfacet
  facet normal 4.567482e-01 0.000000e+00 8.895960e-01
    outer loop
      vertex   1.400372e+01 3.000000e+00 7.490730e+00
      vertex   1.377673e+01 0.000000e+00 7.607276e+00
      vertex   1.400372e+01 0.000000e+00 7.490730e+00
    endloop
  endfacet
  facet normal 6.670182e-01 0.000000e+00 7.450415e-01
    outer loop
      vertex   1.400372e+01 3.000000e+00 7.490730e+00
      vertex   1.400372e+01 0.000000e+00 7.490730e+00
      vertex   1.419383e+01 3.000000e+00 7.320529e+00
    endloop
  endfacet
  facet normal 6.670182e-01 0.000000e+00 7.450415e-01
    outer loop
      vertex   1.419383e+01 3.000000e+00 7.320529e+00
      vertex   1.400372e+01 0.000000e+00 7.490730e+00
      vertex   1.419383e+01 0.000000e+00 7.320529e+00
    endloop
  endfacet
  facet normal 8.338589e-01 0.000000e+00 5.519776e-01
    outer loop
      vertex   1.419383e+01 3.000000e+00 7.320529e+00
      vertex   1.419383e+01 0.000000e+00 7.320529e+00
      vertex   1.433468e+01 3.000000e+00 7.107757e+00
    endloop
  endfacet
  facet normal 8.338589e-01 0.000000e+00 5.519776e-01
    outer loop
      vertex   1.433468e+01 3.000000e+00 7.107757e+00
      vertex   1.419383e+01 0.000000e+00 7.320529e+00
      vertex   1.433468e+01 0.000000e+00 7.107757e+00
    endloop
  endfacet
  facet normal 8.974674e-01 -0.000000e+00 4.410807e-01
    outer loop
      vertex   1.433468e+01 0.000000e+00 7.107757e+00
      vertex   1.438408e+01 0.000000e+00 7.007238e+00
      vertex   1.433468e+01 3.000000e+00 7.107757e+00
    endloop
  endfacet
  facet normal 8.974674e-01 0.000000e+00 4.410807e-01
    outer loop
      vertex   1.433468e+01 3.000000e+00 7.107757e+00
      vertex   1.438408e+01 0.000000e+00 7.007238e+00
      vertex   1.438408e+01 3.000000e+00 7.007238e+00
    endloop
  endfacet
  facet normal 9.464065e-01 0.000000e+00 3.229779e-01
    outer loop
      vertex   1.438408e+01 3.000000e+00 7.007238e+00
      vertex   1.438408e+01 0.000000e+00 7.007238e+00
      vertex   1.446649e+01 3.000000e+00 6.765754e+00
    endloop
  endfacet
  facet normal 9.464065e-01 0.000000e+00 3.229779e-01
    outer loop
      vertex   1.446649e+01 3.000000e+00 6.765754e+00
      vertex   1.438408e+01 0.000000e+00 7.007238e+00
      vertex   1.446649e+01 0.000000e+00 6.765754e+00
    endloop
  endfacet
  facet normal 9.973354e-01 0.000000e+00 7.295315e-02
    outer loop
      vertex   1.446649e+01 3.000000e+00 6.765754e+00
      vertex   1.446649e+01 0.000000e+00 6.765754e+00
      vertex   1.448510e+01 3.000000e+00 6.511275e+00
    endloop
  endfacet
  facet normal 9.973354e-01 0.000000e+00 7.295315e-02
    outer loop
      vertex   1.448510e+01 3.000000e+00 6.511275e+00
      vertex   1.446649e+01 0.000000e+00 6.765754e+00
      vertex   1.448510e+01 0.000000e+00 6.511275e+00
    endloop
  endfacet
  facet normal 9.833316e-01 0.000000e+00 -1.818213e-01
    outer loop
      vertex   1.448510e+01 3.000000e+00 6.511275e+00
      vertex   1.448510e+01 0.000000e+00 6.511275e+00
      vertex   1.443871e+01 3.000000e+00 6.260369e+00
    endloop
  endfacet
  facet normal 9.833316e-01 0.000000e+00 -1.818213e-01
    outer loop
      vertex   1.443871e+01 3.000000e+00 6.260369e+00
      vertex   1.448510e+01 0.000000e+00 6.511275e+00
      vertex   1.443871e+01 0.000000e+00 6.260369e+00
    endloop
  endfacet
  facet normal 9.053069e-01 0.000000e+00 -4.247581e-01
    outer loop
      vertex   1.443871e+01 3.000000e+00 6.260369e+00
      vertex   1.443871e+01 0.000000e+00 6.260369e+00
      vertex   1.433033e+01 3.000000e+00 6.029372e+00
    endloop
  endfacet
  facet normal 9.053069e-01 0.000000e+00 -4.247581e-01
    outer loop
      vertex   1.433033e+01 3.000000e+00 6.029372e+00
      vertex   1.443871e+01 0.000000e+00 6.260369e+00
      vertex   1.433033e+01 0.000000e+00 6.029372e+00
    endloop
  endfacet
  facet normal 7.683412e-01 0.000000e+00 -6.400405e-01
    outer loop
      vertex   1.433033e+01 3.000000e+00 6.029372e+00
      vertex   1.433033e+01 0.000000e+00 6.029372e+00
      vertex   1.416702e+01 3.000000e+00 5.833323e+00
    endloop
  endfacet
  facet normal 7.683412e-01 0.000000e+00 -6.400405e-01
    outer loop
      vertex   1.416702e+01 3.000000e+00 5.833323e+00
      vertex   1.433033e+01 0.000000e+00 6.029372e+00
      vertex   1.416702e+01 0.000000e+00 5.833323e+00
    endloop
  endfacet
  facet normal 9.162172e-01 0.000000e+00 4.006820e-01
    outer loop
      vertex   1.313671e+01 3.000000e+00 4.060716e+00
      vertex   1.313671e+01 0.000000e+00 4.060716e+00
      vertex   1.322664e+01 3.000000e+00 3.855065e+00
    endloop
  endfacet
  facet normal 9.162172e-01 0.000000e+00 4.006820e-01
    outer loop
      vertex   1.322664e+01 3.000000e+00 3.855065e+00
      vertex   1.313671e+01 0.000000e+00 4.060716e+00
      vertex   1.322664e+01 0.000000e+00 3.855065e+00
    endloop
  endfacet
  facet normal 8.037694e-01 0.000000e+00 5.949410e-01
    outer loop
      vertex   1.322664e+01 3.000000e+00 3.855065e+00
      vertex   1.322664e+01 0.000000e+00 3.855065e+00
      vertex   1.336018e+01 3.000000e+00 3.674653e+00
    endloop
  endfacet
  facet normal 8.037694e-01 0.000000e+00 5.949410e-01
    outer loop
      vertex   1.336018e+01 3.000000e+00 3.674653e+00
      vertex   1.322664e+01 0.000000e+00 3.855065e+00
      vertex   1.336018e+01 0.000000e+00 3.674653e+00
    endloop
  endfacet
  facet normal 6.508267e-01 0.000000e+00 7.592263e-01
    outer loop
      vertex   1.336018e+01 3.000000e+00 3.674653e+00
      vertex   1.336018e+01 0.000000e+00 3.674653e+00
      vertex   1.353060e+01 3.000000e+00 3.528570e+00
    endloop
  endfacet
  facet normal 6.508267e-01 0.000000e+00 7.592263e-01
    outer loop
      vertex   1.353060e+01 3.000000e+00 3.528570e+00
      vertex   1.336018e+01 0.000000e+00 3.674653e+00
      vertex   1.353060e+01 0.000000e+00 3.528570e+00
    endloop
  endfacet
  facet normal 4.650948e-01 0.000000e+00 8.852609e-01
    outer loop
      vertex   1.353060e+01 3.000000e+00 3.528570e+00
      vertex   1.353060e+01 0.000000e+00 3.528570e+00
      vertex   1.372930e+01 3.000000e+00 3.424176e+00
    endloop
  endfacet
  facet normal 4.650948e-01 0.000000e+00 8.852609e-01
    outer loop
      vertex   1.372930e+01 3.000000e+00 3.424176e+00
      vertex   1.353060e+01 0.000000e+00 3.528570e+00
      vertex   1.372930e+01 0.000000e+00 3.424176e+00
    endloop
  endfacet
  facet normal 2.559308e-01 0.000000e+00 9.666951e-01
    outer loop
      vertex   1.372930e+01 3.000000e+00 3.424176e+00
      vertex   1.372930e+01 0.000000e+00 3.424176e+00
      vertex   1.394628e+01 3.000000e+00 3.366730e+00
    endloop
  endfacet
  facet normal 2.559308e-01 0.000000e+00 9.666951e-01
    outer loop
      vertex   1.394628e+01 3.000000e+00 3.366730e+00
      vertex   1.372930e+01 0.000000e+00 3.424176e+00
      vertex   1.394628e+01 0.000000e+00 3.366730e+00
    endloop
  endfacet
  facet normal 1.458230e-01 -0.000000e+00 9.893107e-01
    outer loop
      vertex   1.394628e+01 0.000000e+00 3.366730e+00
      vertex   1.497998e+01 0.000000e+00 3.214364e+00
      vertex   1.394628e+01 3.000000e+00 3.366730e+00
    endloop
  endfacet
  facet normal 1.458230e-01 0.000000e+00 9.893107e-01
    outer loop
      vertex   1.394628e+01 3.000000e+00 3.366730e+00
      vertex   1.497998e+01 0.000000e+00 3.214364e+00
      vertex   1.497998e+01 3.000000e+00 3.214364e+00
    endloop
  endfacet
  facet normal 9.925724e-01 0.000000e+00 -1.216551e-01
    outer loop
      vertex   1.374938e+01 0.000000e+00 -1.305111e-01
      vertex   1.374938e+01 3.000000e+00 -1.305111e-01
      vertex   1.377669e+01 0.000000e+00 9.227852e-02
    endloop
  endfacet
  facet normal 9.925724e-01 0.000000e+00 -1.216551e-01
    outer loop
      vertex   1.377669e+01 0.000000e+00 9.227852e-02
      vertex   1.374938e+01 3.000000e+00 -1.305111e-01
      vertex   1.377669e+01 3.000000e+00 9.227852e-02
    endloop
  endfacet
  facet normal 9.404353e-01 0.000000e+00 -3.399727e-01
    outer loop
      vertex   1.377669e+01 0.000000e+00 9.227852e-02
      vertex   1.377669e+01 3.000000e+00 9.227852e-02
      vertex   1.385300e+01 0.000000e+00 3.033656e-01
    endloop
  endfacet
  facet normal 9.404353e-01 -6.290758e-18 -3.399727e-01
    outer loop
      vertex   1.385300e+01 0.000000e+00 3.033656e-01
      vertex   1.377669e+01 3.000000e+00 9.227852e-02
      vertex   1.385300e+01 3.000000e+00 3.033656e-01
    endloop
  endfacet
  facet normal 8.409183e-01 -1.001351e-17 -5.411621e-01
    outer loop
      vertex   1.385300e+01 0.000000e+00 3.033656e-01
      vertex   1.385300e+01 3.000000e+00 3.033656e-01
      vertex   1.397446e+01 0.000000e+00 4.921154e-01
    endloop
  endfacet
  facet normal 8.409183e-01 -1.001351e-17 -5.411621e-01
    outer loop
      vertex   1.397446e+01 0.000000e+00 4.921154e-01
      vertex   1.385300e+01 3.000000e+00 3.033656e-01
      vertex   1.397446e+01 3.000000e+00 4.921154e-01
    endloop
  endfacet
  facet normal 6.990350e-01 -1.323178e-17 -7.150874e-01
    outer loop
      vertex   1.397446e+01 0.000000e+00 4.921154e-01
      vertex   1.397446e+01 3.000000e+00 4.921154e-01
      vertex   1.413497e+01 0.000000e+00 6.490186e-01
    endloop
  endfacet
  facet normal 6.990350e-01 0.000000e+00 -7.150874e-01
    outer loop
      vertex   1.413497e+01 0.000000e+00 6.490186e-01
      vertex   1.397446e+01 3.000000e+00 4.921154e-01
      vertex   1.413497e+01 3.000000e+00 6.490186e-01
    endloop
  endfacet
  facet normal 5.219339e-01 0.000000e+00 -8.529860e-01
    outer loop
      vertex   1.413497e+01 0.000000e+00 6.490186e-01
      vertex   1.413497e+01 3.000000e+00 6.490186e-01
      vertex   1.432643e+01 0.000000e+00 7.661702e-01
    endloop
  endfacet
  facet normal 5.219339e-01 0.000000e+00 -8.529860e-01
    outer loop
      vertex   1.432643e+01 0.000000e+00 7.661702e-01
      vertex   1.413497e+01 3.000000e+00 6.490186e-01
      vertex   1.432643e+01 3.000000e+00 7.661702e-01
    endloop
  endfacet
  facet normal 4.229073e-01 0.000000e+00 -9.061730e-01
    outer loop
      vertex   1.432643e+01 3.000000e+00 7.661702e-01
      vertex   1.527327e+01 3.000000e+00 1.208055e+00
      vertex   1.432643e+01 0.000000e+00 7.661702e-01
    endloop
  endfacet
  facet normal 4.229073e-01 0.000000e+00 -9.061730e-01
    outer loop
      vertex   1.432643e+01 0.000000e+00 7.661702e-01
      vertex   1.527327e+01 3.000000e+00 1.208055e+00
      vertex   1.527327e+01 0.000000e+00 1.208055e+00
    endloop
  endfacet
  facet normal 2.708504e-01 0.000000e+00 9.626215e-01
    outer loop
      vertex   1.497998e+01 3.000000e+00 3.214364e+00
      vertex   1.497998e+01 0.000000e+00 3.214364e+00
      vertex   1.522561e+01 3.000000e+00 3.145253e+00
    endloop
  endfacet
  facet normal 2.708504e-01 0.000000e+00 9.626215e-01
    outer loop
      vertex   1.522561e+01 3.000000e+00 3.145253e+00
      vertex   1.497998e+01 0.000000e+00 3.214364e+00
      vertex   1.522561e+01 0.000000e+00 3.145253e+00
    endloop
  endfacet
  facet normal 5.056535e-01 0.000000e+00 8.627366e-01
    outer loop
      vertex   1.522561e+01 3.000000e+00 3.145253e+00
      vertex   1.522561e+01 0.000000e+00 3.145253e+00
      vertex   1.544575e+01 3.000000e+00 3.016227e+00
    endloop
  endfacet
  facet normal 5.056535e-01 0.000000e+00 8.627366e-01
    outer loop
      vertex   1.544575e+01 3.000000e+00 3.016227e+00
      vertex   1.522561e+01 0.000000e+00 3.145253e+00
      vertex   1.544575e+01 0.000000e+00 3.016227e+00
    endloop
  endfacet
  facet normal 7.075338e-01 0.000000e+00 7.066795e-01
    outer loop
      vertex   1.544575e+01 3.000000e+00 3.016227e+00
      vertex   1.544575e+01 0.000000e+00 3.016227e+00
      vertex   1.562607e+01 3.000000e+00 2.835689e+00
    endloop
  endfacet
  facet normal 7.075338e-01 0.000000e+00 7.066795e-01
    outer loop
      vertex   1.562607e+01 3.000000e+00 2.835689e+00
      vertex   1.544575e+01 0.000000e+00 3.016227e+00
      vertex   1.562607e+01 0.000000e+00 2.835689e+00
    endloop
  endfacet
  facet normal 8.633470e-01 0.000000e+00 5.046108e-01
    outer loop
      vertex   1.562607e+01 3.000000e+00 2.835689e+00
      vertex   1.562607e+01 0.000000e+00 2.835689e+00
      vertex   1.575483e+01 3.000000e+00 2.615392e+00
    endloop
  endfacet
  facet normal 8.633470e-01 0.000000e+00 5.046108e-01
    outer loop
      vertex   1.575483e+01 3.000000e+00 2.615392e+00
      vertex   1.562607e+01 0.000000e+00 2.835689e+00
      vertex   1.575483e+01 0.000000e+00 2.615392e+00
    endloop
  endfacet
  facet normal 9.629480e-01 0.000000e+00 2.696871e-01
    outer loop
      vertex   1.575483e+01 3.000000e+00 2.615392e+00
      vertex   1.575483e+01 0.000000e+00 2.615392e+00
      vertex   1.582365e+01 3.000000e+00 2.369681e+00
    endloop
  endfacet
  facet normal 9.629480e-01 0.000000e+00 2.696871e-01
    outer loop
      vertex   1.582365e+01 3.000000e+00 2.369681e+00
      vertex   1.575483e+01 0.000000e+00 2.615392e+00
      vertex   1.582365e+01 0.000000e+00 2.369681e+00
    endloop
  endfacet
  facet normal 9.894862e-01 -0.000000e+00 1.446276e-01
    outer loop
      vertex   1.582365e+01 0.000000e+00 2.369681e+00
      vertex   1.583984e+01 0.000000e+00 2.258856e+00
      vertex   1.582365e+01 3.000000e+00 2.369681e+00
    endloop
  endfacet
  facet normal 9.894862e-01 0.000000e+00 1.446276e-01
    outer loop
      vertex   1.582365e+01 3.000000e+00 2.369681e+00
      vertex   1.583984e+01 0.000000e+00 2.258856e+00
      vertex   1.583984e+01 3.000000e+00 2.258856e+00
    endloop
  endfacet
  facet normal 9.998519e-01 0.000000e+00 1.720757e-02
    outer loop
      vertex   1.583984e+01 3.000000e+00 2.258856e+00
      vertex   1.583984e+01 0.000000e+00 2.258856e+00
      vertex   1.584424e+01 3.000000e+00 2.003735e+00
    endloop
  endfacet
  facet normal 9.998519e-01 0.000000e+00 1.720757e-02
    outer loop
      vertex   1.584424e+01 3.000000e+00 2.003735e+00
      vertex   1.583984e+01 0.000000e+00 2.258856e+00
      vertex   1.584424e+01 0.000000e+00 2.003735e+00
    endloop
  endfacet
  facet normal 9.716585e-01 0.000000e+00 -2.363891e-01
    outer loop
      vertex   1.584424e+01 3.000000e+00 2.003735e+00
      vertex   1.584424e+01 0.000000e+00 2.003735e+00
      vertex   1.578392e+01 3.000000e+00 1.755807e+00
    endloop
  endfacet
  facet normal 9.716585e-01 -3.499261e-17 -2.363891e-01
    outer loop
      vertex   1.578392e+01 3.000000e+00 1.755807e+00
      vertex   1.584424e+01 0.000000e+00 2.003735e+00
      vertex   1.578392e+01 0.000000e+00 1.755807e+00
    endloop
  endfacet
  facet normal 8.802041e-01 -7.025423e-17 -4.745954e-01
    outer loop
      vertex   1.578392e+01 3.000000e+00 1.755807e+00
      vertex   1.578392e+01 0.000000e+00 1.755807e+00
      vertex   1.566282e+01 3.000000e+00 1.531215e+00
    endloop
  endfacet
  facet normal 8.802041e-01 -3.512711e-17 -4.745954e-01
    outer loop
      vertex   1.566282e+01 3.000000e+00 1.531215e+00
      vertex   1.578392e+01 0.000000e+00 1.755807e+00
      vertex   1.566282e+01 0.000000e+00 1.531215e+00
    endloop
  endfacet
  facet normal 7.314430e-01 -5.047093e-17 -6.819026e-01
    outer loop
      vertex   1.566282e+01 3.000000e+00 1.531215e+00
      vertex   1.566282e+01 0.000000e+00 1.531215e+00
      vertex   1.548883e+01 3.000000e+00 1.344581e+00
    endloop
  endfacet
  facet normal 7.314430e-01 0.000000e+00 -6.819026e-01
    outer loop
      vertex   1.548883e+01 3.000000e+00 1.344581e+00
      vertex   1.566282e+01 0.000000e+00 1.531215e+00
      vertex   1.548883e+01 0.000000e+00 1.344581e+00
    endloop
  endfacet
  facet normal 5.350605e-01 0.000000e+00 -8.448137e-01
    outer loop
      vertex   1.548883e+01 3.000000e+00 1.344581e+00
      vertex   1.548883e+01 0.000000e+00 1.344581e+00
      vertex   1.527327e+01 3.000000e+00 1.208055e+00
    endloop
  endfacet
  facet normal 5.350605e-01 0.000000e+00 -8.448137e-01
    outer loop
      vertex   1.527327e+01 3.000000e+00 1.208055e+00
      vertex   1.548883e+01 0.000000e+00 1.344581e+00
      vertex   1.527327e+01 0.000000e+00 1.208055e+00
    endloop
  endfacet
  facet normal 9.949446e-01 0.000000e+00 1.004256e-01
    outer loop
      vertex   1.374903e+01 3.000000e+00 -1.632149e-01
      vertex   1.374903e+01 0.000000e+00 -1.632149e-01
      vertex   1.377157e+01 3.000000e+00 -3.865375e-01
    endloop
  endfacet
  facet normal 9.949446e-01 7.432986e-18 1.004256e-01
    outer loop
      vertex   1.377157e+01 3.000000e+00 -3.865375e-01
      vertex   1.374903e+01 0.000000e+00 -1.632149e-01
      vertex   1.377157e+01 0.000000e+00 -3.865375e-01
    endloop
  endfacet
  facet normal 9.474825e-01 2.367051e-17 3.198075e-01
    outer loop
      vertex   1.377157e+01 3.000000e+00 -3.865375e-01
      vertex   1.377157e+01 0.000000e+00 -3.865375e-01
      vertex   1.384336e+01 3.000000e+00 -5.992068e-01
    endloop
  endfacet
  facet normal 9.474825e-01 1.183526e-17 3.198075e-01
    outer loop
      vertex   1.384336e+01 3.000000e+00 -5.992068e-01
      vertex   1.377157e+01 0.000000e+00 -3.865375e-01
      vertex   1.384336e+01 0.000000e+00 -5.992068e-01
    endloop
  endfacet
  facet normal 8.522853e-01 1.935775e-17 5.230772e-01
    outer loop
      vertex   1.384336e+01 3.000000e+00 -5.992068e-01
      vertex   1.384336e+01 0.000000e+00 -5.992068e-01
      vertex   1.396076e+01 3.000000e+00 -7.905085e-01
    endloop
  endfacet
  facet normal 8.522853e-01 0.000000e+00 5.230772e-01
    outer loop
      vertex   1.396076e+01 3.000000e+00 -7.905085e-01
      vertex   1.384336e+01 0.000000e+00 -5.992068e-01
      vertex   1.396076e+01 0.000000e+00 -7.905085e-01
    endloop
  endfacet
  facet normal 7.141490e-01 0.000000e+00 6.999937e-01
    outer loop
      vertex   1.396076e+01 3.000000e+00 -7.905085e-01
      vertex   1.396076e+01 0.000000e+00 -7.905085e-01
      vertex   1.411788e+01 3.000000e+00 -9.508045e-01
    endloop
  endfacet
  facet normal 7.141490e-01 2.590497e-17 6.999937e-01
    outer loop
      vertex   1.411788e+01 3.000000e+00 -9.508045e-01
      vertex   1.396076e+01 0.000000e+00 -7.905085e-01
      vertex   1.411788e+01 0.000000e+00 -9.508045e-01
    endloop
  endfacet
  facet normal 5.400331e-01 3.114708e-17 8.416438e-01
    outer loop
      vertex   1.411788e+01 3.000000e+00 -9.508045e-01
      vertex   1.411788e+01 0.000000e+00 -9.508045e-01
      vertex   1.430680e+01 3.000000e+00 -1.072019e+00
    endloop
  endfacet
  facet normal 5.400331e-01 0.000000e+00 8.416438e-01
    outer loop
      vertex   1.430680e+01 3.000000e+00 -1.072019e+00
      vertex   1.411788e+01 0.000000e+00 -9.508045e-01
      vertex   1.430680e+01 0.000000e+00 -1.072019e+00
    endloop
  endfacet
  facet normal 4.421648e-01 -0.000000e+00 8.969338e-01
    outer loop
      vertex   1.430680e+01 0.000000e+00 -1.072019e+00
      vertex   1.524398e+01 0.000000e+00 -1.534024e+00
      vertex   1.430680e+01 3.000000e+00 -1.072019e+00
    endloop
  endfacet
  facet normal 4.421648e-01 0.000000e+00 8.969338e-01
    outer loop
      vertex   1.430680e+01 3.000000e+00 -1.072019e+00
      vertex   1.524398e+01 0.000000e+00 -1.534024e+00
      vertex   1.524398e+01 3.000000e+00 -1.534024e+00
    endloop
  endfacet
  facet normal 9.074494e-01 0.000000e+00 -4.201614e-01
    outer loop
      vertex   1.304697e+01 0.000000e+00 -4.340399e+00
      vertex   1.304697e+01 3.000000e+00 -4.340399e+00
      vertex   1.314128e+01 0.000000e+00 -4.136716e+00
    endloop
  endfacet
  facet normal 9.074494e-01 0.000000e+00 -4.201614e-01
    outer loop
      vertex   1.314128e+01 0.000000e+00 -4.136716e+00
      vertex   1.304697e+01 3.000000e+00 -4.340399e+00
      vertex   1.314128e+01 3.000000e+00 -4.136716e+00
    endloop
  endfacet
  facet normal 7.908781e-01 0.000000e+00 -6.119737e-01
    outer loop
      vertex   1.314128e+01 0.000000e+00 -4.136716e+00
      vertex   1.314128e+01 3.000000e+00 -4.136716e+00
      vertex   1.327864e+01 0.000000e+00 -3.959198e+00
    endloop
  endfacet
  facet normal 7.908781e-01 0.000000e+00 -6.119737e-01
    outer loop
      vertex   1.327864e+01 0.000000e+00 -3.959198e+00
      vertex   1.314128e+01 3.000000e+00 -4.136716e+00
      vertex   1.327864e+01 3.000000e+00 -3.959198e+00
    endloop
  endfacet
  facet normal 6.344617e-01 0.000000e+00 -7.729543e-01
    outer loop
      vertex   1.327864e+01 0.000000e+00 -3.959198e+00
      vertex   1.327864e+01 3.000000e+00 -3.959198e+00
      vertex   1.345213e+01 0.000000e+00 -3.816788e+00
    endloop
  endfacet
  facet normal 6.344617e-01 0.000000e+00 -7.729543e-01
    outer loop
      vertex   1.345213e+01 0.000000e+00 -3.816788e+00
      vertex   1.327864e+01 3.000000e+00 -3.959198e+00
      vertex   1.345213e+01 3.000000e+00 -3.816788e+00
    endloop
  endfacet
  facet normal 4.460806e-01 0.000000e+00 -8.949928e-01
    outer loop
      vertex   1.345213e+01 0.000000e+00 -3.816788e+00
      vertex   1.345213e+01 3.000000e+00 -3.816788e+00
      vertex   1.365302e+01 0.000000e+00 -3.716663e+00
    endloop
  endfacet
  facet normal 4.460806e-01 0.000000e+00 -8.949928e-01
    outer loop
      vertex   1.365302e+01 0.000000e+00 -3.716663e+00
      vertex   1.345213e+01 3.000000e+00 -3.816788e+00
      vertex   1.365302e+01 3.000000e+00 -3.716663e+00
    endloop
  endfacet
  facet normal 2.352255e-01 0.000000e+00 -9.719408e-01
    outer loop
      vertex   1.365302e+01 0.000000e+00 -3.716663e+00
      vertex   1.365302e+01 3.000000e+00 -3.716663e+00
      vertex   1.387118e+01 0.000000e+00 -3.663865e+00
    endloop
  endfacet
  facet normal 2.352255e-01 0.000000e+00 -9.719408e-01
    outer loop
      vertex   1.387118e+01 0.000000e+00 -3.663865e+00
      vertex   1.365302e+01 3.000000e+00 -3.716663e+00
      vertex   1.387118e+01 3.000000e+00 -3.663865e+00
    endloop
  endfacet
  facet normal 1.246601e-01 0.000000e+00 -9.921995e-01
    outer loop
      vertex   1.387118e+01 3.000000e+00 -3.663865e+00
      vertex   1.490791e+01 3.000000e+00 -3.533610e+00
      vertex   1.387118e+01 0.000000e+00 -3.663865e+00
    endloop
  endfacet
  facet normal 1.246601e-01 0.000000e+00 -9.921995e-01
    outer loop
      vertex   1.387118e+01 0.000000e+00 -3.663865e+00
      vertex   1.490791e+01 3.000000e+00 -3.533610e+00
      vertex   1.490791e+01 0.000000e+00 -3.533610e+00
    endloop
  endfacet
  facet normal 5.529847e-01 0.000000e+00 8.331914e-01
    outer loop
      vertex   1.524398e+01 3.000000e+00 -1.534024e+00
      vertex   1.524398e+01 0.000000e+00 -1.534024e+00
      vertex   1.545658e+01 3.000000e+00 -1.675127e+00
    endloop
  endfacet
  facet normal 5.529847e-01 0.000000e+00 8.331914e-01
    outer loop
      vertex   1.545658e+01 3.000000e+00 -1.675127e+00
      vertex   1.524398e+01 0.000000e+00 -1.534024e+00
      vertex   1.545658e+01 0.000000e+00 -1.675127e+00
    endloop
  endfacet
  facet normal 7.458468e-01 0.000000e+00 6.661175e-01
    outer loop
      vertex   1.545658e+01 3.000000e+00 -1.675127e+00
      vertex   1.545658e+01 0.000000e+00 -1.675127e+00
      vertex   1.562655e+01 3.000000e+00 -1.865441e+00
    endloop
  endfacet
  facet normal 7.458468e-01 0.000000e+00 6.661175e-01
    outer loop
      vertex   1.562655e+01 3.000000e+00 -1.865441e+00
      vertex   1.545658e+01 0.000000e+00 -1.675127e+00
      vertex   1.562655e+01 0.000000e+00 -1.865441e+00
    endloop
  endfacet
  facet normal 8.901473e-01 0.000000e+00 4.556730e-01
    outer loop
      vertex   1.562655e+01 3.000000e+00 -1.865441e+00
      vertex   1.562655e+01 0.000000e+00 -1.865441e+00
      vertex   1.574282e+01 3.000000e+00 -2.092576e+00
    endloop
  endfacet
  facet normal 8.901473e-01 0.000000e+00 4.556730e-01
    outer loop
      vertex   1.574282e+01 3.000000e+00 -2.092576e+00
      vertex   1.562655e+01 0.000000e+00 -1.865441e+00
      vertex   1.574282e+01 0.000000e+00 -2.092576e+00
    endloop
  endfacet
  facet normal 9.764906e-01 0.000000e+00 2.155598e-01
    outer loop
      vertex   1.574282e+01 3.000000e+00 -2.092576e+00
      vertex   1.574282e+01 0.000000e+00 -2.092576e+00
      vertex   1.579782e+01 3.000000e+00 -2.341743e+00
    endloop
  endfacet
  facet normal 9.764906e-01 3.190927e-17 2.155598e-01
    outer loop
      vertex   1.579782e+01 3.000000e+00 -2.341743e+00
      vertex   1.574282e+01 0.000000e+00 -2.092576e+00
      vertex   1.579782e+01 0.000000e+00 -2.341743e+00
    endloop
  endfacet
  facet normal 9.992552e-01 -5.712212e-18 -3.858827e-02
    outer loop
      vertex   1.579782e+01 3.000000e+00 -2.341743e+00
      vertex   1.579782e+01 0.000000e+00 -2.341743e+00
      vertex   1.578798e+01 3.000000e+00 -2.596718e+00
    endloop
  endfacet
  facet normal 9.992552e-01 0.000000e+00 -3.858827e-02
    outer loop
      vertex   1.578798e+01 3.000000e+00 -2.596718e+00
      vertex   1.579782e+01 0.000000e+00 -2.341743e+00
      vertex   1.578798e+01 0.000000e+00 -2.596718e+00
    endloop
  endfacet
  facet normal 9.861660e-01 0.000000e+00 -1.657607e-01
    outer loop
      vertex   1.578798e+01 0.000000e+00 -2.596718e+00
      vertex   1.576941e+01 0.000000e+00 -2.707172e+00
      vertex   1.578798e+01 3.000000e+00 -2.596718e+00
    endloop
  endfacet
  facet normal 9.861660e-01 0.000000e+00 -1.657607e-01
    outer loop
      vertex   1.578798e+01 3.000000e+00 -2.596718e+00
      vertex   1.576941e+01 0.000000e+00 -2.707172e+00
      vertex   1.576941e+01 3.000000e+00 -2.707172e+00
    endloop
  endfacet
  facet normal 9.569597e-01 0.000000e+00 -2.902208e-01
    outer loop
      vertex   1.576941e+01 3.000000e+00 -2.707172e+00
      vertex   1.576941e+01 0.000000e+00 -2.707172e+00
      vertex   1.569536e+01 3.000000e+00 -2.951349e+00
    endloop
  endfacet
  facet normal 9.569597e-01 -4.296130e-17 -2.902208e-01
    outer loop
      vertex   1.569536e+01 3.000000e+00 -2.951349e+00
      vertex   1.576941e+01 0.000000e+00 -2.707172e+00
      vertex   1.569536e+01 0.000000e+00 -2.951349e+00
    endloop
  endfacet
  facet normal 8.523604e-01 -7.741286e-17 -5.229548e-01
    outer loop
      vertex   1.569536e+01 3.000000e+00 -2.951349e+00
      vertex   1.569536e+01 0.000000e+00 -2.951349e+00
      vertex   1.556192e+01 3.000000e+00 -3.168836e+00
    endloop
  endfacet
  facet normal 8.523604e-01 0.000000e+00 -5.229548e-01
    outer loop
      vertex   1.556192e+01 3.000000e+00 -3.168836e+00
      vertex   1.569536e+01 0.000000e+00 -2.951349e+00
      vertex   1.556192e+01 0.000000e+00 -3.168836e+00
    endloop
  endfacet
  facet normal 6.922672e-01 0.000000e+00 -7.216412e-01
    outer loop
      vertex   1.556192e+01 3.000000e+00 -3.168836e+00
      vertex   1.556192e+01 0.000000e+00 -3.168836e+00
      vertex   1.537779e+01 3.000000e+00 -3.345474e+00
    endloop
  endfacet
  facet normal 6.922672e-01 0.000000e+00 -7.216412e-01
    outer loop
      vertex   1.537779e+01 3.000000e+00 -3.345474e+00
      vertex   1.556192e+01 0.000000e+00 -3.168836e+00
      vertex   1.537779e+01 0.000000e+00 -3.345474e+00
    endloop
  endfacet
  facet normal 4.871032e-01 0.000000e+00 -8.733444e-01
    outer loop
      vertex   1.537779e+01 3.000000e+00 -3.345474e+00
      vertex   1.537779e+01 0.000000e+00 -3.345474e+00
      vertex   1.515495e+01 3.000000e+00 -3.469763e+00
    endloop
  endfacet
  facet normal 4.871032e-01 0.000000e+00 -8.733444e-01
    outer loop
      vertex   1.515495e+01 3.000000e+00 -3.469763e+00
      vertex   1.537779e+01 0.000000e+00 -3.345474e+00
      vertex   1.515495e+01 0.000000e+00 -3.469763e+00
    endloop
  endfacet
  facet normal 2.502258e-01 0.000000e+00 -9.681875e-01
    outer loop
      vertex   1.515495e+01 3.000000e+00 -3.469763e+00
      vertex   1.515495e+01 0.000000e+00 -3.469763e+00
      vertex   1.490791e+01 3.000000e+00 -3.533610e+00
    endloop
  endfacet
  facet normal 2.502258e-01 0.000000e+00 -9.681875e-01
    outer loop
      vertex   1.490791e+01 3.000000e+00 -3.533610e+00
      vertex   1.515495e+01 0.000000e+00 -3.469763e+00
      vertex   1.490791e+01 0.000000e+00 -3.533610e+00
    endloop
  endfacet
  facet normal 9.778071e-01 0.000000e+00 -2.095070e-01
    outer loop
      vertex   1.303661e+01 3.000000e+00 -4.371420e+00
      vertex   1.303661e+01 0.000000e+00 -4.371420e+00
      vertex   1.298958e+01 3.000000e+00 -4.590896e+00
    endloop
  endfacet
  facet normal 9.778071e-01 0.000000e+00 -2.095070e-01
    outer loop
      vertex   1.298958e+01 3.000000e+00 -4.590896e+00
      vertex   1.303661e+01 0.000000e+00 -4.371420e+00
      vertex   1.298958e+01 0.000000e+00 -4.590896e+00
    endloop
  endfacet
  facet normal 9.999039e-01 0.000000e+00 1.385996e-02
    outer loop
      vertex   1.298958e+01 3.000000e+00 -4.590896e+00
      vertex   1.298958e+01 0.000000e+00 -4.590896e+00
      vertex   1.299270e+01 3.000000e+00 -4.815332e+00
    endloop
  endfacet
  facet normal 9.999039e-01 5.920621e-16 1.385996e-02
    outer loop
      vertex   1.299270e+01 3.000000e+00 -4.815332e+00
      vertex   1.298958e+01 0.000000e+00 -4.590896e+00
      vertex   1.299270e+01 0.000000e+00 -4.815332e+00
    endloop
  endfacet
  facet normal 9.716245e-01 5.753173e-16 2.365287e-01
    outer loop
      vertex   1.299270e+01 3.000000e+00 -4.815332e+00
      vertex   1.299270e+01 0.000000e+00 -4.815332e+00
      vertex   1.304579e+01 3.000000e+00 -5.033420e+00
    endloop
  endfacet
  facet normal 9.716245e-01 0.000000e+00 2.365287e-01
    outer loop
      vertex   1.304579e+01 3.000000e+00 -5.033420e+00
      vertex   1.299270e+01 0.000000e+00 -4.815332e+00
      vertex   1.304579e+01 0.000000e+00 -5.033420e+00
    endloop
  endfacet
  facet normal 8.943936e-01 0.000000e+00 4.472808e-01
    outer loop
      vertex   1.304579e+01 3.000000e+00 -5.033420e+00
      vertex   1.304579e+01 0.000000e+00 -5.033420e+00
      vertex   1.314618e+01 3.000000e+00 -5.234173e+00
    endloop
  endfacet
  facet normal 8.943936e-01 0.000000e+00 4.472808e-01
    outer loop
      vertex   1.314618e+01 3.000000e+00 -5.234173e+00
      vertex   1.304579e+01 0.000000e+00 -5.033420e+00
      vertex   1.314618e+01 0.000000e+00 -5.234173e+00
    endloop
  endfacet
  facet normal 7.721021e-01 0.000000e+00 6.354985e-01
    outer loop
      vertex   1.314618e+01 3.000000e+00 -5.234173e+00
      vertex   1.314618e+01 0.000000e+00 -5.234173e+00
      vertex   1.328882e+01 3.000000e+00 -5.407477e+00
    endloop
  endfacet
  facet normal 7.721021e-01 0.000000e+00 6.354985e-01
    outer loop
      vertex   1.328882e+01 3.000000e+00 -5.407477e+00
      vertex   1.314618e+01 0.000000e+00 -5.234173e+00
      vertex   1.328882e+01 0.000000e+00 -5.407477e+00
    endloop
  endfacet
  facet normal 6.959031e-01 -0.000000e+00 7.181357e-01
    outer loop
      vertex   1.328882e+01 0.000000e+00 -5.407477e+00
      vertex   1.403918e+01 0.000000e+00 -6.134606e+00
      vertex   1.328882e+01 3.000000e+00 -5.407477e+00
    endloop
  endfacet
  facet normal 6.959031e-01 0.000000e+00 7.181357e-01
    outer loop
      vertex   1.328882e+01 3.000000e+00 -5.407477e+00
      vertex   1.403918e+01 0.000000e+00 -6.134606e+00
      vertex   1.403918e+01 3.000000e+00 -6.134606e+00
    endloop
  endfacet
  facet normal 7.348919e-01 0.000000e+00 -6.781843e-01
    outer loop
      vertex   1.108746e+01 0.000000e+00 -8.132081e+00
      vertex   1.108746e+01 3.000000e+00 -8.132081e+00
      vertex   1.123968e+01 0.000000e+00 -7.967129e+00
    endloop
  endfacet
  facet normal 7.348919e-01 0.000000e+00 -6.781843e-01
    outer loop
      vertex   1.123968e+01 0.000000e+00 -7.967129e+00
      vertex   1.108746e+01 3.000000e+00 -8.132081e+00
      vertex   1.123968e+01 3.000000e+00 -7.967129e+00
    endloop
  endfacet
  facet normal 5.651183e-01 0.000000e+00 -8.250099e-01
    outer loop
      vertex   1.123968e+01 0.000000e+00 -7.967129e+00
      vertex   1.123968e+01 3.000000e+00 -7.967129e+00
      vertex   1.142486e+01 0.000000e+00 -7.840285e+00
    endloop
  endfacet
  facet normal 5.651183e-01 0.000000e+00 -8.250099e-01
    outer loop
      vertex   1.142486e+01 0.000000e+00 -7.840285e+00
      vertex   1.123968e+01 3.000000e+00 -7.967129e+00
      vertex   1.142486e+01 3.000000e+00 -7.840285e+00
    endloop
  endfacet
  facet normal 3.668735e-01 0.000000e+00 -9.302708e-01
    outer loop
      vertex   1.142486e+01 0.000000e+00 -7.840285e+00
      vertex   1.142486e+01 3.000000e+00 -7.840285e+00
      vertex   1.163367e+01 0.000000e+00 -7.757937e+00
    endloop
  endfacet
  facet normal 3.668735e-01 0.000000e+00 -9.302708e-01
    outer loop
      vertex   1.163367e+01 0.000000e+00 -7.757937e+00
      vertex   1.142486e+01 3.000000e+00 -7.840285e+00
      vertex   1.163367e+01 3.000000e+00 -7.757937e+00
    endloop
  endfacet
  facet normal 1.501454e-01 0.000000e+00 -9.886639e-01
    outer loop
      vertex   1.163367e+01 0.000000e+00 -7.757937e+00
      vertex   1.163367e+01 3.000000e+00 -7.757937e+00
      vertex   1.185558e+01 0.000000e+00 -7.724236e+00
    endloop
  endfacet
  facet normal 1.501454e-01 0.000000e+00 -9.886639e-01
    outer loop
      vertex   1.185558e+01 0.000000e+00 -7.724236e+00
      vertex   1.163367e+01 3.000000e+00 -7.757937e+00
      vertex   1.185558e+01 3.000000e+00 -7.724236e+00
    endloop
  endfacet
  facet normal -7.414723e-02 0.000000e+00 -9.972473e-01
    outer loop
      vertex   1.185558e+01 0.000000e+00 -7.724236e+00
      vertex   1.185558e+01 3.000000e+00 -7.724236e+00
      vertex   1.207942e+01 0.000000e+00 -7.740879e+00
    endloop
  endfacet
  facet normal -7.414723e-02 0.000000e+00 -9.972473e-01
    outer loop
      vertex   1.207942e+01 0.000000e+00 -7.740879e+00
      vertex   1.185558e+01 3.000000e+00 -7.724236e+00
      vertex   1.207942e+01 3.000000e+00 -7.740879e+00
    endloop
  endfacet
  facet normal -1.855983e-01 -0.000000e+00 -9.826257e-01
    outer loop
      vertex   1.207942e+01 3.000000e+00 -7.740879e+00
      vertex   1.310614e+01 3.000000e+00 -7.934806e+00
      vertex   1.207942e+01 0.000000e+00 -7.740879e+00
    endloop
  endfacet
  facet normal -1.855983e-01 0.000000e+00 -9.826257e-01
    outer loop
      vertex   1.207942e+01 0.000000e+00 -7.740879e+00
      vertex   1.310614e+01 3.000000e+00 -7.934806e+00
      vertex   1.310614e+01 0.000000e+00 -7.934806e+00
    endloop
  endfacet
  facet normal 7.818379e-01 0.000000e+00 6.234817e-01
    outer loop
      vertex   1.403918e+01 3.000000e+00 -6.134606e+00
      vertex   1.403918e+01 0.000000e+00 -6.134606e+00
      vertex   1.419827e+01 3.000000e+00 -6.334104e+00
    endloop
  endfacet
  facet normal 7.818379e-01 0.000000e+00 6.234817e-01
    outer loop
      vertex   1.419827e+01 3.000000e+00 -6.334104e+00
      vertex   1.403918e+01 0.000000e+00 -6.134606e+00
      vertex   1.419827e+01 0.000000e+00 -6.334104e+00
    endloop
  endfacet
  facet normal 9.141764e-01 0.000000e+00 4.053166e-01
    outer loop
      vertex   1.419827e+01 3.000000e+00 -6.334104e+00
      vertex   1.419827e+01 0.000000e+00 -6.334104e+00
      vertex   1.430170e+01 3.000000e+00 -6.567370e+00
    endloop
  endfacet
  facet normal 9.141764e-01 0.000000e+00 4.053166e-01
    outer loop
      vertex   1.430170e+01 3.000000e+00 -6.567370e+00
      vertex   1.419827e+01 0.000000e+00 -6.334104e+00
      vertex   1.430170e+01 0.000000e+00 -6.567370e+00
    endloop
  endfacet
  facet normal 9.869933e-01 0.000000e+00 1.607615e-01
    outer loop
      vertex   1.430170e+01 3.000000e+00 -6.567370e+00
      vertex   1.430170e+01 0.000000e+00 -6.567370e+00
      vertex   1.434272e+01 3.000000e+00 -6.819217e+00
    endloop
  endfacet
  facet normal 9.869933e-01 0.000000e+00 1.607615e-01
    outer loop
      vertex   1.434272e+01 3.000000e+00 -6.819217e+00
      vertex   1.430170e+01 0.000000e+00 -6.567370e+00
      vertex   1.434272e+01 0.000000e+00 -6.819217e+00
    endloop
  endfacet
  facet normal 9.955476e-01 0.000000e+00 -9.426067e-02
    outer loop
      vertex   1.434272e+01 3.000000e+00 -6.819217e+00
      vertex   1.434272e+01 0.000000e+00 -6.819217e+00
      vertex   1.431866e+01 3.000000e+00 -7.073247e+00
    endloop
  endfacet
  facet normal 9.955476e-01 0.000000e+00 -9.426067e-02
    outer loop
      vertex   1.431866e+01 3.000000e+00 -7.073247e+00
      vertex   1.434272e+01 0.000000e+00 -6.819217e+00
      vertex   1.431866e+01 0.000000e+00 -7.073247e+00
    endloop
  endfacet
  facet normal 9.392822e-01 0.000000e+00 -3.431456e-01
    outer loop
      vertex   1.431866e+01 3.000000e+00 -7.073247e+00
      vertex   1.431866e+01 0.000000e+00 -7.073247e+00
      vertex   1.423111e+01 3.000000e+00 -7.312919e+00
    endloop
  endfacet
  facet normal 9.392822e-01 0.000000e+00 -3.431456e-01
    outer loop
      vertex   1.423111e+01 3.000000e+00 -7.312919e+00
      vertex   1.431866e+01 0.000000e+00 -7.073247e+00
      vertex   1.423111e+01 0.000000e+00 -7.312919e+00
    endloop
  endfacet
  facet normal 8.878269e-01 0.000000e+00 -4.601776e-01
    outer loop
      vertex   1.423111e+01 0.000000e+00 -7.312919e+00
      vertex   1.417956e+01 0.000000e+00 -7.412358e+00
      vertex   1.423111e+01 3.000000e+00 -7.312919e+00
    endloop
  endfacet
  facet normal 8.878269e-01 0.000000e+00 -4.601776e-01
    outer loop
      vertex   1.423111e+01 3.000000e+00 -7.312919e+00
      vertex   1.417956e+01 0.000000e+00 -7.412358e+00
      vertex   1.417956e+01 3.000000e+00 -7.412358e+00
    endloop
  endfacet
  facet normal 8.218626e-01 0.000000e+00 -5.696858e-01
    outer loop
      vertex   1.417956e+01 3.000000e+00 -7.412358e+00
      vertex   1.417956e+01 0.000000e+00 -7.412358e+00
      vertex   1.403420e+01 3.000000e+00 -7.622064e+00
    endloop
  endfacet
  facet normal 8.218626e-01 0.000000e+00 -5.696858e-01
    outer loop
      vertex   1.403420e+01 3.000000e+00 -7.622064e+00
      vertex   1.417956e+01 0.000000e+00 -7.412358e+00
      vertex   1.403420e+01 0.000000e+00 -7.622064e+00
    endloop
  endfacet
  facet normal 6.509358e-01 0.000000e+00 -7.591328e-01
    outer loop
      vertex   1.403420e+01 3.000000e+00 -7.622064e+00
      vertex   1.403420e+01 0.000000e+00 -7.622064e+00
      vertex   1.384050e+01 3.000000e+00 -7.788156e+00
    endloop
  endfacet
  facet normal 6.509358e-01 3.854314e-16 -7.591328e-01
    outer loop
      vertex   1.384050e+01 3.000000e+00 -7.788156e+00
      vertex   1.403420e+01 0.000000e+00 -7.622064e+00
      vertex   1.384050e+01 0.000000e+00 -7.788156e+00
    endloop
  endfacet
  facet normal 4.376291e-01 2.591285e-16 -8.991556e-01
    outer loop
      vertex   1.384050e+01 3.000000e+00 -7.788156e+00
      vertex   1.384050e+01 0.000000e+00 -7.788156e+00
      vertex   1.361108e+01 3.000000e+00 -7.899821e+00
    endloop
  endfacet
  facet normal 4.376291e-01 0.000000e+00 -8.991556e-01
    outer loop
      vertex   1.361108e+01 3.000000e+00 -7.899821e+00
      vertex   1.384050e+01 0.000000e+00 -7.788156e+00
      vertex   1.361108e+01 0.000000e+00 -7.899821e+00
    endloop
  endfacet
  facet normal 1.958301e-01 0.000000e+00 -9.806378e-01
    outer loop
      vertex   1.361108e+01 3.000000e+00 -7.899821e+00
      vertex   1.361108e+01 0.000000e+00 -7.899821e+00
      vertex   1.336086e+01 3.000000e+00 -7.949789e+00
    endloop
  endfacet
  facet normal 1.958301e-01 0.000000e+00 -9.806378e-01
    outer loop
      vertex   1.336086e+01 3.000000e+00 -7.949789e+00
      vertex   1.361108e+01 0.000000e+00 -7.899821e+00
      vertex   1.336086e+01 0.000000e+00 -7.949789e+00
    endloop
  endfacet
  facet normal -5.871870e-02 -0.000000e+00 -9.982746e-01
    outer loop
      vertex   1.336086e+01 3.000000e+00 -7.949789e+00
      vertex   1.336086e+01 0.000000e+00 -7.949789e+00
      vertex   1.310614e+01 3.000000e+00 -7.934806e+00
    endloop
  endfacet
  facet normal -5.871870e-02 -0.000000e+00 -9.982746e-01
    outer loop
      vertex   1.310614e+01 3.000000e+00 -7.934806e+00
      vertex   1.336086e+01 0.000000e+00 -7.949789e+00
      vertex   1.310614e+01 0.000000e+00 -7.934806e+00
    endloop
  endfacet
  facet normal 8.664561e-01 0.000000e+00 -4.992533e-01
    outer loop
      vertex   1.106809e+01 3.000000e+00 -8.158430e+00
      vertex   1.106809e+01 0.000000e+00 -8.158430e+00
      vertex   1.095602e+01 3.000000e+00 -8.352913e+00
    endloop
  endfacet
  facet normal 8.664561e-01 0.000000e+00 -4.992533e-01
    outer loop
      vertex   1.095602e+01 3.000000e+00 -8.352913e+00
      vertex   1.106809e+01 0.000000e+00 -8.158430e+00
      vertex   1.095602e+01 0.000000e+00 -8.352913e+00
    endloop
  endfacet
  facet normal 9.559827e-01 0.000000e+00 -2.934230e-01
    outer loop
      vertex   1.095602e+01 3.000000e+00 -8.352913e+00
      vertex   1.095602e+01 0.000000e+00 -8.352913e+00
      vertex   1.089016e+01 3.000000e+00 -8.567490e+00
    endloop
  endfacet
  facet normal 9.559827e-01 0.000000e+00 -2.934230e-01
    outer loop
      vertex   1.089016e+01 3.000000e+00 -8.567490e+00
      vertex   1.095602e+01 0.000000e+00 -8.352913e+00
      vertex   1.089016e+01 0.000000e+00 -8.567490e+00
    endloop
  endfacet
  facet normal 9.973458e-01 0.000000e+00 -7.280985e-02
    outer loop
      vertex   1.089016e+01 3.000000e+00 -8.567490e+00
      vertex   1.089016e+01 0.000000e+00 -8.567490e+00
      vertex   1.087382e+01 3.000000e+00 -8.791352e+00
    endloop
  endfacet
  facet normal 9.973458e-01 0.000000e+00 -7.280985e-02
    outer loop
      vertex   1.087382e+01 3.000000e+00 -8.791352e+00
      vertex   1.089016e+01 0.000000e+00 -8.567490e+00
      vertex   1.087382e+01 0.000000e+00 -8.791352e+00
    endloop
  endfacet
  facet normal 9.884616e-01 0.000000e+00 1.514716e-01
    outer loop
      vertex   1.087382e+01 3.000000e+00 -8.791352e+00
      vertex   1.087382e+01 0.000000e+00 -8.791352e+00
      vertex   1.090782e+01 3.000000e+00 -9.013219e+00
    endloop
  endfacet
  facet normal 9.884616e-01 0.000000e+00 1.514716e-01
    outer loop
      vertex   1.090782e+01 3.000000e+00 -9.013219e+00
      vertex   1.087382e+01 0.000000e+00 -8.791352e+00
      vertex   1.090782e+01 0.000000e+00 -9.013219e+00
    endloop
  endfacet
  facet normal 9.297776e-01 0.000000e+00 3.681217e-01
    outer loop
      vertex   1.090782e+01 3.000000e+00 -9.013219e+00
      vertex   1.090782e+01 0.000000e+00 -9.013219e+00
      vertex   1.099045e+01 3.000000e+00 -9.221914e+00
    endloop
  endfacet
  facet normal 9.297776e-01 0.000000e+00 3.681217e-01
    outer loop
      vertex   1.099045e+01 3.000000e+00 -9.221914e+00
      vertex   1.090782e+01 0.000000e+00 -9.013219e+00
      vertex   1.099045e+01 0.000000e+00 -9.221914e+00
    endloop
  endfacet
  facet normal 8.825899e-01 -0.000000e+00 4.701438e-01
    outer loop
      vertex   1.099045e+01 0.000000e+00 -9.221914e+00
      vertex   1.148169e+01 0.000000e+00 -1.014411e+01
      vertex   1.099045e+01 3.000000e+00 -9.221914e+00
    endloop
  endfacet
  facet normal 8.825899e-01 0.000000e+00 4.701438e-01
    outer loop
      vertex   1.099045e+01 3.000000e+00 -9.221914e+00
      vertex   1.148169e+01 0.000000e+00 -1.014411e+01
      vertex   1.148169e+01 3.000000e+00 -1.014411e+01
    endloop
  endfacet
  facet normal 4.915261e-01 0.000000e+00 -8.708628e-01
    outer loop
      vertex   8.059651e+00 0.000000e+00 -1.114022e+01
      vertex   8.059651e+00 3.000000e+00 -1.114022e+01
      vertex   8.255122e+00 0.000000e+00 -1.102989e+01
    endloop
  endfacet
  facet normal 4.915261e-01 0.000000e+00 -8.708628e-01
    outer loop
      vertex   8.255122e+00 0.000000e+00 -1.102989e+01
      vertex   8.059651e+00 3.000000e+00 -1.114022e+01
      vertex   8.255122e+00 3.000000e+00 -1.102989e+01
    endloop
  endfacet
  facet normal 2.849082e-01 0.000000e+00 -9.585548e-01
    outer loop
      vertex   8.255122e+00 0.000000e+00 -1.102989e+01
      vertex   8.255122e+00 3.000000e+00 -1.102989e+01
      vertex   8.470276e+00 0.000000e+00 -1.096595e+01
    endloop
  endfacet
  facet normal 2.849082e-01 0.000000e+00 -9.585548e-01
    outer loop
      vertex   8.470276e+00 0.000000e+00 -1.096595e+01
      vertex   8.255122e+00 3.000000e+00 -1.102989e+01
      vertex   8.470276e+00 3.000000e+00 -1.096595e+01
    endloop
  endfacet
  facet normal 6.393638e-02 0.000000e+00 -9.979540e-01
    outer loop
      vertex   8.470276e+00 0.000000e+00 -1.096595e+01
      vertex   8.470276e+00 3.000000e+00 -1.096595e+01
      vertex   8.694274e+00 0.000000e+00 -1.095159e+01
    endloop
  endfacet
  facet normal 6.393638e-02 0.000000e+00 -9.979540e-01
    outer loop
      vertex   8.694274e+00 0.000000e+00 -1.095159e+01
      vertex   8.470276e+00 3.000000e+00 -1.096595e+01
      vertex   8.694274e+00 3.000000e+00 -1.095159e+01
    endloop
  endfacet
  facet normal -1.602566e-01 0.000000e+00 -9.870754e-01
    outer loop
      vertex   8.694274e+00 0.000000e+00 -1.095159e+01
      vertex   8.694274e+00 3.000000e+00 -1.095159e+01
      vertex   8.915829e+00 0.000000e+00 -1.098756e+01
    endloop
  endfacet
  facet normal -1.602566e-01 0.000000e+00 -9.870754e-01
    outer loop
      vertex   8.915829e+00 0.000000e+00 -1.098756e+01
      vertex   8.694274e+00 3.000000e+00 -1.095159e+01
      vertex   8.915829e+00 3.000000e+00 -1.098756e+01
    endloop
  endfacet
  facet normal -3.763758e-01 0.000000e+00 -9.264671e-01
    outer loop
      vertex   8.915829e+00 0.000000e+00 -1.098756e+01
      vertex   8.915829e+00 3.000000e+00 -1.098756e+01
      vertex   9.123781e+00 0.000000e+00 -1.107205e+01
    endloop
  endfacet
  facet normal -3.763758e-01 0.000000e+00 -9.264671e-01
    outer loop
      vertex   9.123781e+00 0.000000e+00 -1.107205e+01
      vertex   8.915829e+00 3.000000e+00 -1.098756e+01
      vertex   9.123781e+00 3.000000e+00 -1.107205e+01
    endloop
  endfacet
  facet normal -4.779739e-01 -0.000000e+00 -8.783740e-01
    outer loop
      vertex   9.123781e+00 3.000000e+00 -1.107205e+01
      vertex   1.004157e+01 3.000000e+00 -1.157147e+01
      vertex   9.123781e+00 0.000000e+00 -1.107205e+01
    endloop
  endfacet
  facet normal -4.779739e-01 0.000000e+00 -8.783740e-01
    outer loop
      vertex   9.123781e+00 0.000000e+00 -1.107205e+01
      vertex   1.004157e+01 3.000000e+00 -1.157147e+01
      vertex   1.004157e+01 0.000000e+00 -1.157147e+01
    endloop
  endfacet
  facet normal 9.353595e-01 0.000000e+00 3.536984e-01
    outer loop
      vertex   1.148169e+01 3.000000e+00 -1.014411e+01
      vertex   1.148169e+01 0.000000e+00 -1.014411e+01
      vertex   1.157194e+01 3.000000e+00 -1.038278e+01
    endloop
  endfacet
  facet normal 9.353595e-01 0.000000e+00 3.536984e-01
    outer loop
      vertex   1.157194e+01 3.000000e+00 -1.038278e+01
      vertex   1.148169e+01 0.000000e+00 -1.014411e+01
      vertex   1.157194e+01 0.000000e+00 -1.038278e+01
    endloop
  endfacet
  facet normal 9.944233e-01 0.000000e+00 1.054627e-01
    outer loop
      vertex   1.157194e+01 3.000000e+00 -1.038278e+01
      vertex   1.157194e+01 0.000000e+00 -1.038278e+01
      vertex   1.159885e+01 3.000000e+00 -1.063652e+01
    endloop
  endfacet
  facet normal 9.944233e-01 0.000000e+00 1.054627e-01
    outer loop
      vertex   1.159885e+01 3.000000e+00 -1.063652e+01
      vertex   1.157194e+01 0.000000e+00 -1.038278e+01
      vertex   1.159885e+01 0.000000e+00 -1.063652e+01
    endloop
  endfacet
  facet normal 9.887406e-01 0.000000e+00 -1.496396e-01
    outer loop
      vertex   1.159885e+01 3.000000e+00 -1.063652e+01
      vertex   1.159885e+01 0.000000e+00 -1.063652e+01
      vertex   1.156067e+01 3.000000e+00 -1.088881e+01
    endloop
  endfacet
  facet normal 9.887406e-01 0.000000e+00 -1.496396e-01
    outer loop
      vertex   1.156067e+01 3.000000e+00 -1.088881e+01
      vertex   1.159885e+01 0.000000e+00 -1.063652e+01
      vertex   1.156067e+01 0.000000e+00 -1.088881e+01
    endloop
  endfacet
  facet normal 9.186816e-01 0.000000e+00 -3.949990e-01
    outer loop
      vertex   1.156067e+01 3.000000e+00 -1.088881e+01
      vertex   1.156067e+01 0.000000e+00 -1.088881e+01
      vertex   1.145988e+01 3.000000e+00 -1.112323e+01
    endloop
  endfacet
  facet normal 9.186816e-01 0.000000e+00 -3.949990e-01
    outer loop
      vertex   1.145988e+01 3.000000e+00 -1.112323e+01
      vertex   1.156067e+01 0.000000e+00 -1.088881e+01
      vertex   1.145988e+01 0.000000e+00 -1.112323e+01
    endloop
  endfacet
  facet normal 7.888076e-01 0.000000e+00 -6.146402e-01
    outer loop
      vertex   1.145988e+01 3.000000e+00 -1.112323e+01
      vertex   1.145988e+01 0.000000e+00 -1.112323e+01
      vertex   1.130304e+01 3.000000e+00 -1.132451e+01
    endloop
  endfacet
  facet normal 7.888076e-01 0.000000e+00 -6.146402e-01
    outer loop
      vertex   1.130304e+01 3.000000e+00 -1.132451e+01
      vertex   1.145988e+01 0.000000e+00 -1.112323e+01
      vertex   1.130304e+01 0.000000e+00 -1.132451e+01
    endloop
  endfacet
  facet normal 7.039439e-01 0.000000e+00 -7.102556e-01
    outer loop
      vertex   1.130304e+01 0.000000e+00 -1.132451e+01
      vertex   1.122349e+01 0.000000e+00 -1.140335e+01
      vertex   1.130304e+01 3.000000e+00 -1.132451e+01
    endloop
  endfacet
  facet normal 7.039439e-01 0.000000e+00 -7.102556e-01
    outer loop
      vertex   1.130304e+01 3.000000e+00 -1.132451e+01
      vertex   1.122349e+01 0.000000e+00 -1.140335e+01
      vertex   1.122349e+01 3.000000e+00 -1.140335e+01
    endloop
  endfacet
  facet normal 6.075774e-01 0.000000e+00 -7.942604e-01
    outer loop
      vertex   1.122349e+01 3.000000e+00 -1.140335e+01
      vertex   1.122349e+01 0.000000e+00 -1.140335e+01
      vertex   1.102083e+01 3.000000e+00 -1.155838e+01
    endloop
  endfacet
  facet normal 6.075774e-01 0.000000e+00 -7.942604e-01
    outer loop
      vertex   1.102083e+01 3.000000e+00 -1.155838e+01
      vertex   1.122349e+01 0.000000e+00 -1.140335e+01
      vertex   1.102083e+01 0.000000e+00 -1.155838e+01
    endloop
  endfacet
  facet normal 3.867923e-01 0.000000e+00 -9.221669e-01
    outer loop
      vertex   1.102083e+01 3.000000e+00 -1.155838e+01
      vertex   1.102083e+01 0.000000e+00 -1.155838e+01
      vertex   1.078553e+01 3.000000e+00 -1.165707e+01
    endloop
  endfacet
  facet normal 3.867923e-01 0.000000e+00 -9.221669e-01
    outer loop
      vertex   1.078553e+01 3.000000e+00 -1.165707e+01
      vertex   1.102083e+01 0.000000e+00 -1.155838e+01
      vertex   1.078553e+01 0.000000e+00 -1.165707e+01
    endloop
  endfacet
  facet normal 1.408246e-01 0.000000e+00 -9.900346e-01
    outer loop
      vertex   1.078553e+01 3.000000e+00 -1.165707e+01
      vertex   1.078553e+01 0.000000e+00 -1.165707e+01
      vertex   1.053291e+01 3.000000e+00 -1.169300e+01
    endloop
  endfacet
  facet normal 1.408246e-01 0.000000e+00 -9.900346e-01
    outer loop
      vertex   1.053291e+01 3.000000e+00 -1.169300e+01
      vertex   1.078553e+01 0.000000e+00 -1.165707e+01
      vertex   1.053291e+01 0.000000e+00 -1.169300e+01
    endloop
  endfacet
  facet normal -1.143117e-01 -0.000000e+00 -9.934449e-01
    outer loop
      vertex   1.053291e+01 3.000000e+00 -1.169300e+01
      vertex   1.053291e+01 0.000000e+00 -1.169300e+01
      vertex   1.027943e+01 3.000000e+00 -1.166384e+01
    endloop
  endfacet
  facet normal -1.143117e-01 -0.000000e+00 -9.934449e-01
    outer loop
      vertex   1.027943e+01 3.000000e+00 -1.166384e+01
      vertex   1.053291e+01 0.000000e+00 -1.169300e+01
      vertex   1.027943e+01 0.000000e+00 -1.166384e+01
    endloop
  endfacet
  facet normal -3.620055e-01 -0.000000e+00 -9.321760e-01
    outer loop
      vertex   1.027943e+01 3.000000e+00 -1.166384e+01
      vertex   1.027943e+01 0.000000e+00 -1.166384e+01
      vertex   1.004157e+01 3.000000e+00 -1.157147e+01
    endloop
  endfacet
  facet normal -3.620055e-01 -0.000000e+00 -9.321760e-01
    outer loop
      vertex   1.004157e+01 3.000000e+00 -1.157147e+01
      vertex   1.027943e+01 0.000000e+00 -1.166384e+01
      vertex   1.004157e+01 0.000000e+00 -1.157147e+01
    endloop
  endfacet
  facet normal 6.716204e-01 0.000000e+00 -7.408955e-01
    outer loop
      vertex   8.033130e+00 3.000000e+00 -1.115936e+01
      vertex   8.033130e+00 0.000000e+00 -1.115936e+01
      vertex   7.866831e+00 3.000000e+00 -1.131011e+01
    endloop
  endfacet
  facet normal 6.716204e-01 0.000000e+00 -7.408955e-01
    outer loop
      vertex   7.866831e+00 3.000000e+00 -1.131011e+01
      vertex   8.033130e+00 0.000000e+00 -1.115936e+01
      vertex   7.866831e+00 0.000000e+00 -1.131011e+01
    endloop
  endfacet
  facet normal 8.199507e-01 0.000000e+00 -5.724342e-01
    outer loop
      vertex   7.866831e+00 3.000000e+00 -1.131011e+01
      vertex   7.866831e+00 0.000000e+00 -1.131011e+01
      vertex   7.738344e+00 3.000000e+00 -1.149415e+01
    endloop
  endfacet
  facet normal 8.199507e-01 0.000000e+00 -5.724342e-01
    outer loop
      vertex   7.738344e+00 3.000000e+00 -1.149415e+01
      vertex   7.866831e+00 0.000000e+00 -1.131011e+01
      vertex   7.738344e+00 0.000000e+00 -1.149415e+01
    endloop
  endfacet
  facet normal 9.269710e-01 0.000000e+00 -3.751330e-01
    outer loop
      vertex   7.738344e+00 3.000000e+00 -1.149415e+01
      vertex   7.738344e+00 0.000000e+00 -1.149415e+01
      vertex   7.654142e+00 3.000000e+00 -1.170222e+01
    endloop
  endfacet
  facet normal 9.269710e-01 0.000000e+00 -3.751330e-01
    outer loop
      vertex   7.654142e+00 3.000000e+00 -1.170222e+01
      vertex   7.738344e+00 0.000000e+00 -1.149415e+01
      vertex   7.654142e+00 0.000000e+00 -1.170222e+01
    endloop
  endfacet
  facet normal 9.872895e-01 0.000000e+00 -1.589323e-01
    outer loop
      vertex   7.654142e+00 3.000000e+00 -1.170222e+01
      vertex   7.654142e+00 0.000000e+00 -1.170222e+01
      vertex   7.618469e+00 3.000000e+00 -1.192382e+01
    endloop
  endfacet
  facet normal 9.872895e-01 0.000000e+00 -1.589323e-01
    outer loop
      vertex   7.618469e+00 3.000000e+00 -1.192382e+01
      vertex   7.654142e+00 0.000000e+00 -1.170222e+01
      vertex   7.618469e+00 0.000000e+00 -1.192382e+01
    endloop
  endfacet
  facet normal 9.978673e-01 0.000000e+00 6.527567e-02
    outer loop
      vertex   7.618469e+00 3.000000e+00 -1.192382e+01
      vertex   7.618469e+00 0.000000e+00 -1.192382e+01
      vertex   7.633120e+00 3.000000e+00 -1.214780e+01
    endloop
  endfacet
  facet normal 9.978673e-01 0.000000e+00 6.527567e-02
    outer loop
      vertex   7.633120e+00 3.000000e+00 -1.214780e+01
      vertex   7.618469e+00 0.000000e+00 -1.192382e+01
      vertex   7.633120e+00 0.000000e+00 -1.214780e+01
    endloop
  endfacet
  facet normal 9.842373e-01 -0.000000e+00 1.768526e-01
    outer loop
      vertex   7.633120e+00 0.000000e+00 -1.214780e+01
      vertex   7.817908e+00 0.000000e+00 -1.317620e+01
      vertex   7.633120e+00 3.000000e+00 -1.214780e+01
    endloop
  endfacet
  facet normal 9.842373e-01 0.000000e+00 1.768526e-01
    outer loop
      vertex   7.633120e+00 3.000000e+00 -1.214780e+01
      vertex   7.817908e+00 0.000000e+00 -1.317620e+01
      vertex   7.817908e+00 3.000000e+00 -1.317620e+01
    endloop
  endfacet
  facet normal 2.008009e-01 0.000000e+00 -9.796321e-01
    outer loop
      vertex   4.255279e+00 0.000000e+00 -1.307498e+01
      vertex   4.255279e+00 3.000000e+00 -1.307498e+01
      vertex   4.475164e+00 0.000000e+00 -1.302991e+01
    endloop
  endfacet
  facet normal 2.008009e-01 0.000000e+00 -9.796321e-01
    outer loop
      vertex   4.475164e+00 0.000000e+00 -1.302991e+01
      vertex   4.255279e+00 3.000000e+00 -1.307498e+01
      vertex   4.475164e+00 3.000000e+00 -1.302991e+01
    endloop
  endfacet
  facet normal -2.275330e-02 0.000000e+00 -9.997411e-01
    outer loop
      vertex   4.475164e+00 0.000000e+00 -1.302991e+01
      vertex   4.475164e+00 3.000000e+00 -1.302991e+01
      vertex   4.699563e+00 0.000000e+00 -1.303502e+01
    endloop
  endfacet
  facet normal -2.275330e-02 0.000000e+00 -9.997411e-01
    outer loop
      vertex   4.699563e+00 0.000000e+00 -1.303502e+01
      vertex   4.475164e+00 3.000000e+00 -1.302991e+01
      vertex   4.699563e+00 3.000000e+00 -1.303502e+01
    endloop
  endfacet
  facet normal -2.451612e-01 0.000000e+00 -9.694823e-01
    outer loop
      vertex   4.699563e+00 0.000000e+00 -1.303502e+01
      vertex   4.699563e+00 3.000000e+00 -1.303502e+01
      vertex   4.917170e+00 0.000000e+00 -1.309004e+01
    endloop
  endfacet
  facet normal -2.451612e-01 7.258228e-17 -9.694823e-01
    outer loop
      vertex   4.917170e+00 0.000000e+00 -1.309004e+01
      vertex   4.699563e+00 3.000000e+00 -1.303502e+01
      vertex   4.917170e+00 3.000000e+00 -1.309004e+01
    endloop
  endfacet
  facet normal -4.552176e-01 1.347715e-16 -8.903802e-01
    outer loop
      vertex   4.917170e+00 0.000000e+00 -1.309004e+01
      vertex   4.917170e+00 3.000000e+00 -1.309004e+01
      vertex   5.117022e+00 0.000000e+00 -1.319222e+01
    endloop
  endfacet
  facet normal -4.552176e-01 0.000000e+00 -8.903802e-01
    outer loop
      vertex   5.117022e+00 0.000000e+00 -1.319222e+01
      vertex   4.917170e+00 3.000000e+00 -1.309004e+01
      vertex   5.117022e+00 3.000000e+00 -1.319222e+01
    endloop
  endfacet
  facet normal -6.423398e-01 0.000000e+00 -7.664200e-01
    outer loop
      vertex   5.117022e+00 0.000000e+00 -1.319222e+01
      vertex   5.117022e+00 3.000000e+00 -1.319222e+01
      vertex   5.289050e+00 0.000000e+00 -1.333640e+01
    endloop
  endfacet
  facet normal -6.423398e-01 0.000000e+00 -7.664200e-01
    outer loop
      vertex   5.289050e+00 0.000000e+00 -1.333640e+01
      vertex   5.117022e+00 3.000000e+00 -1.319222e+01
      vertex   5.289050e+00 3.000000e+00 -1.333640e+01
    endloop
  endfacet
  facet normal -7.242958e-01 -0.000000e+00 -6.894893e-01
    outer loop
      vertex   5.289050e+00 3.000000e+00 -1.333640e+01
      vertex   6.009480e+00 3.000000e+00 -1.409320e+01
      vertex   5.289050e+00 0.000000e+00 -1.333640e+01
    endloop
  endfacet
  facet normal -7.242958e-01 0.000000e+00 -6.894893e-01
    outer loop
      vertex   5.289050e+00 0.000000e+00 -1.333640e+01
      vertex   6.009480e+00 3.000000e+00 -1.409320e+01
      vertex   6.009480e+00 0.000000e+00 -1.409320e+01
    endloop
  endfacet
  facet normal 9.987574e-01 0.000000e+00 4.983558e-02
    outer loop
      vertex   7.817908e+00 3.000000e+00 -1.317620e+01
      vertex   7.817908e+00 0.000000e+00 -1.317620e+01
      vertex   7.830625e+00 3.000000e+00 -1.343105e+01
    endloop
  endfacet
  facet normal 9.987574e-01 0.000000e+00 4.983558e-02
    outer loop
      vertex   7.830625e+00 3.000000e+00 -1.343105e+01
      vertex   7.817908e+00 0.000000e+00 -1.317620e+01
      vertex   7.830625e+00 0.000000e+00 -1.343105e+01
    endloop
  endfacet
  facet normal 9.788555e-01 0.000000e+00 -2.045527e-01
    outer loop
      vertex   7.830625e+00 3.000000e+00 -1.343105e+01
      vertex   7.830625e+00 0.000000e+00 -1.343105e+01
      vertex   7.778430e+00 3.000000e+00 -1.368082e+01
    endloop
  endfacet
  facet normal 9.788555e-01 0.000000e+00 -2.045527e-01
    outer loop
      vertex   7.778430e+00 3.000000e+00 -1.368082e+01
      vertex   7.830625e+00 0.000000e+00 -1.343105e+01
      vertex   7.778430e+00 0.000000e+00 -1.368082e+01
    endloop
  endfacet
  facet normal 8.952209e-01 0.000000e+00 -4.456227e-01
    outer loop
      vertex   7.778430e+00 3.000000e+00 -1.368082e+01
      vertex   7.778430e+00 0.000000e+00 -1.368082e+01
      vertex   7.664722e+00 3.000000e+00 -1.390925e+01
    endloop
  endfacet
  facet normal 8.952209e-01 -5.300772e-16 -4.456227e-01
    outer loop
      vertex   7.664722e+00 3.000000e+00 -1.390925e+01
      vertex   7.778430e+00 0.000000e+00 -1.368082e+01
      vertex   7.664722e+00 0.000000e+00 -1.390925e+01
    endloop
  endfacet
  facet normal 7.532988e-01 -4.460425e-16 -6.576784e-01
    outer loop
      vertex   7.664722e+00 3.000000e+00 -1.390925e+01
      vertex   7.664722e+00 0.000000e+00 -1.390925e+01
      vertex   7.496905e+00 3.000000e+00 -1.410147e+01
    endloop
  endfacet
  facet normal 7.532988e-01 0.000000e+00 -6.576784e-01
    outer loop
      vertex   7.496905e+00 3.000000e+00 -1.410147e+01
      vertex   7.664722e+00 0.000000e+00 -1.390925e+01
      vertex   7.496905e+00 0.000000e+00 -1.410147e+01
    endloop
  endfacet
  facet normal 5.623299e-01 0.000000e+00 -8.269130e-01
    outer loop
      vertex   7.496905e+00 3.000000e+00 -1.410147e+01
      vertex   7.496905e+00 0.000000e+00 -1.410147e+01
      vertex   7.285906e+00 3.000000e+00 -1.424495e+01
    endloop
  endfacet
  facet normal 5.623299e-01 0.000000e+00 -8.269130e-01
    outer loop
      vertex   7.285906e+00 3.000000e+00 -1.424495e+01
      vertex   7.496905e+00 0.000000e+00 -1.410147e+01
      vertex   7.285906e+00 0.000000e+00 -1.424495e+01
    endloop
  endfacet
  facet normal 3.347510e-01 0.000000e+00 -9.423066e-01
    outer loop
      vertex   7.186010e+00 3.000000e+00 -1.429561e+01
      vertex   7.186010e+00 0.000000e+00 -1.429561e+01
      vertex   6.945572e+00 3.000000e+00 -1.438102e+01
    endloop
  endfacet
  facet normal 3.347510e-01 0.000000e+00 -9.423066e-01
    outer loop
      vertex   6.945572e+00 3.000000e+00 -1.438102e+01
      vertex   7.186010e+00 0.000000e+00 -1.429561e+01
      vertex   6.945572e+00 0.000000e+00 -1.438102e+01
    endloop
  endfacet
  facet normal 8.538058e-02 0.000000e+00 -9.963484e-01
    outer loop
      vertex   6.945572e+00 3.000000e+00 -1.438102e+01
      vertex   6.945572e+00 0.000000e+00 -1.438102e+01
      vertex   6.691345e+00 3.000000e+00 -1.440281e+01
    endloop
  endfacet
  facet normal 8.538058e-02 0.000000e+00 -9.963484e-01
    outer loop
      vertex   6.691345e+00 3.000000e+00 -1.440281e+01
      vertex   6.945572e+00 0.000000e+00 -1.438102e+01
      vertex   6.691345e+00 0.000000e+00 -1.440281e+01
    endloop
  endfacet
  facet normal -1.695487e-01 -0.000000e+00 -9.855218e-01
    outer loop
      vertex   6.691345e+00 3.000000e+00 -1.440281e+01
      vertex   6.691345e+00 0.000000e+00 -1.440281e+01
      vertex   6.439880e+00 3.000000e+00 -1.435954e+01
    endloop
  endfacet
  facet normal -1.695487e-01 -0.000000e+00 -9.855218e-01
    outer loop
      vertex   6.439880e+00 3.000000e+00 -1.435954e+01
      vertex   6.691345e+00 0.000000e+00 -1.440281e+01
      vertex   6.439880e+00 0.000000e+00 -1.435954e+01
    endloop
  endfacet
  facet normal -4.134393e-01 -0.000000e+00 -9.105317e-01
    outer loop
      vertex   6.439880e+00 3.000000e+00 -1.435954e+01
      vertex   6.439880e+00 0.000000e+00 -1.435954e+01
      vertex   6.207550e+00 3.000000e+00 -1.425405e+01
    endloop
  endfacet
  facet normal -4.134393e-01 -0.000000e+00 -9.105317e-01
    outer loop
      vertex   6.207550e+00 3.000000e+00 -1.425405e+01
      vertex   6.439880e+00 0.000000e+00 -1.435954e+01
      vertex   6.207550e+00 0.000000e+00 -1.425405e+01
    endloop
  endfacet
  facet normal -6.304124e-01 -0.000000e+00 -7.762604e-01
    outer loop
      vertex   6.207550e+00 3.000000e+00 -1.425405e+01
      vertex   6.207550e+00 0.000000e+00 -1.425405e+01
      vertex   6.009480e+00 3.000000e+00 -1.409320e+01
    endloop
  endfacet
  facet normal -6.304124e-01 -0.000000e+00 -7.762604e-01
    outer loop
      vertex   6.009480e+00 3.000000e+00 -1.409320e+01
      vertex   6.207550e+00 0.000000e+00 -1.425405e+01
      vertex   6.009480e+00 0.000000e+00 -1.409320e+01
    endloop
  endfacet
  facet normal 4.522346e-01 0.000000e+00 -8.918990e-01
    outer loop
      vertex   7.285906e+00 0.000000e+00 -1.424495e+01
      vertex   7.186010e+00 0.000000e+00 -1.429561e+01
      vertex   7.285906e+00 3.000000e+00 -1.424495e+01
    endloop
  endfacet
  facet normal 4.522346e-01 0.000000e+00 -8.918990e-01
    outer loop
      vertex   7.285906e+00 3.000000e+00 -1.424495e+01
      vertex   7.186010e+00 0.000000e+00 -1.429561e+01
      vertex   7.186010e+00 3.000000e+00 -1.429561e+01
    endloop
  endfacet
  facet normal 0.000000e+00 0.000000e+00 1.000000e+00
    outer loop
      vertex   -1.566784e+01 3.000000e+00 3.250000e+00
      vertex   -3.375000e+01 3.000000e+00 3.250000e+00
      vertex   -1.566784e+01 0.000000e+00 3.250000e+00
    endloop
  endfacet
  facet normal 0.000000e+00 0.000000e+00 1.000000e+00
    outer loop
      vertex   -1.566784e+01 0.000000e+00 3.250000e+00
      vertex   -3.375000e+01 3.000000e+00 3.250000e+00
      vertex   -3.375000e+01 0.000000e+00 3.250000e+00
    endloop
  endfacet
  facet normal 3.090979e-01 0.000000e+00 -9.510302e-01
    outer loop
      vertex   4.255279e+00 3.000000e+00 -1.307498e+01
      vertex   4.255279e+00 0.000000e+00 -1.307498e+01
      vertex   4.244911e+00 3.000000e+00 -1.307835e+01
    endloop
  endfacet
  facet normal 3.090979e-01 0.000000e+00 -9.510302e-01
    outer loop
      vertex   4.244911e+00 3.000000e+00 -1.307835e+01
      vertex   4.255279e+00 0.000000e+00 -1.307498e+01
      vertex   4.244911e+00 0.000000e+00 -1.307835e+01
    endloop
  endfacet
  facet normal 3.083437e-01 0.000000e+00 -9.512750e-01
    outer loop
      vertex   4.244911e+00 3.000000e+00 -1.307835e+01
      vertex   4.244911e+00 0.000000e+00 -1.307835e+01
      vertex   4.234540e+00 3.000000e+00 -1.308171e+01
    endloop
  endfacet
  facet normal 3.083437e-01 0.000000e+00 -9.512750e-01
    outer loop
      vertex   4.234540e+00 3.000000e+00 -1.308171e+01
      vertex   4.244911e+00 0.000000e+00 -1.307835e+01
      vertex   4.234540e+00 0.000000e+00 -1.308171e+01
    endloop
  endfacet
  facet normal 3.075894e-01 0.000000e+00 -9.515192e-01
    outer loop
      vertex   4.234540e+00 3.000000e+00 -1.308171e+01
      vertex   4.234540e+00 0.000000e+00 -1.308171e+01
      vertex   4.224167e+00 3.000000e+00 -1.308506e+01
    endloop
  endfacet
  facet normal 3.075894e-01 0.000000e+00 -9.515192e-01
    outer loop
      vertex   4.224167e+00 3.000000e+00 -1.308506e+01
      vertex   4.234540e+00 0.000000e+00 -1.308171e+01
      vertex   4.224167e+00 0.000000e+00 -1.308506e+01
    endloop
  endfacet
  facet normal 5.858352e-01 0.000000e+00 -8.104302e-01
    outer loop
      vertex   8.059651e+00 3.000000e+00 -1.114022e+01
      vertex   8.059651e+00 0.000000e+00 -1.114022e+01
      vertex   8.050816e+00 3.000000e+00 -1.114661e+01
    endloop
  endfacet
  facet normal 5.858352e-01 0.000000e+00 -8.104302e-01
    outer loop
      vertex   8.050816e+00 3.000000e+00 -1.114661e+01
      vertex   8.059651e+00 0.000000e+00 -1.114022e+01
      vertex   8.050816e+00 0.000000e+00 -1.114661e+01
    endloop
  endfacet
  facet normal 5.851924e-01 0.000000e+00 -8.108944e-01
    outer loop
      vertex   8.050816e+00 3.000000e+00 -1.114661e+01
      vertex   8.050816e+00 0.000000e+00 -1.114661e+01
      vertex   8.041975e+00 3.000000e+00 -1.115299e+01
    endloop
  endfacet
  facet normal 5.851924e-01 0.000000e+00 -8.108944e-01
    outer loop
      vertex   8.041975e+00 3.000000e+00 -1.115299e+01
      vertex   8.050816e+00 0.000000e+00 -1.114661e+01
      vertex   8.041975e+00 0.000000e+00 -1.115299e+01
    endloop
  endfacet
  facet normal 5.845493e-01 0.000000e+00 -8.113582e-01
    outer loop
      vertex   8.041975e+00 3.000000e+00 -1.115299e+01
      vertex   8.041975e+00 0.000000e+00 -1.115299e+01
      vertex   8.033130e+00 3.000000e+00 -1.115936e+01
    endloop
  endfacet
  facet normal 5.845493e-01 0.000000e+00 -8.113582e-01
    outer loop
      vertex   8.033130e+00 3.000000e+00 -1.115936e+01
      vertex   8.041975e+00 0.000000e+00 -1.115299e+01
      vertex   8.033130e+00 0.000000e+00 -1.115936e+01
    endloop
  endfacet
  facet normal 8.061262e-01 0.000000e+00 -5.917437e-01
    outer loop
      vertex   1.108746e+01 3.000000e+00 -8.132081e+00
      vertex   1.108746e+01 0.000000e+00 -8.132081e+00
      vertex   1.108101e+01 3.000000e+00 -8.140869e+00
    endloop
  endfacet
  facet normal 8.061262e-01 0.000000e+00 -5.917437e-01
    outer loop
      vertex   1.108101e+01 3.000000e+00 -8.140869e+00
      vertex   1.108746e+01 0.000000e+00 -8.132081e+00
      vertex   1.108101e+01 0.000000e+00 -8.140869e+00
    endloop
  endfacet
  facet normal 8.056568e-01 0.000000e+00 -5.923826e-01
    outer loop
      vertex   1.108101e+01 3.000000e+00 -8.140869e+00
      vertex   1.108101e+01 0.000000e+00 -8.140869e+00
      vertex   1.107455e+01 3.000000e+00 -8.149652e+00
    endloop
  endfacet
  facet normal 8.056568e-01 0.000000e+00 -5.923826e-01
    outer loop
      vertex   1.107455e+01 3.000000e+00 -8.149652e+00
      vertex   1.108101e+01 0.000000e+00 -8.140869e+00
      vertex   1.107455e+01 0.000000e+00 -8.149652e+00
    endloop
  endfacet
  facet normal 8.051868e-01 0.000000e+00 -5.930212e-01
    outer loop
      vertex   1.107455e+01 3.000000e+00 -8.149652e+00
      vertex   1.107455e+01 0.000000e+00 -8.149652e+00
      vertex   1.106809e+01 3.000000e+00 -8.158430e+00
    endloop
  endfacet
  facet normal 8.051868e-01 0.000000e+00 -5.930212e-01
    outer loop
      vertex   1.106809e+01 3.000000e+00 -8.158430e+00
      vertex   1.107455e+01 0.000000e+00 -8.149652e+00
      vertex   1.106809e+01 0.000000e+00 -8.158430e+00
    endloop
  endfacet
  facet normal 9.487454e-01 0.000000e+00 -3.160415e-01
    outer loop
      vertex   1.304697e+01 3.000000e+00 -4.340399e+00
      vertex   1.304697e+01 0.000000e+00 -4.340399e+00
      vertex   1.304353e+01 3.000000e+00 -4.350742e+00
    endloop
  endfacet
  facet normal 9.487454e-01 0.000000e+00 -3.160415e-01
    outer loop
      vertex   1.304353e+01 3.000000e+00 -4.350742e+00
      vertex   1.304697e+01 0.000000e+00 -4.340399e+00
      vertex   1.304353e+01 0.000000e+00 -4.350742e+00
    endloop
  endfacet
  facet normal 9.484945e-01 0.000000e+00 -3.167936e-01
    outer loop
      vertex   1.304353e+01 3.000000e+00 -4.350742e+00
      vertex   1.304353e+01 0.000000e+00 -4.350742e+00
      vertex   1.304007e+01 3.000000e+00 -4.361082e+00
    endloop
  endfacet
  facet normal 9.484945e-01 0.000000e+00 -3.167936e-01
    outer loop
      vertex   1.304007e+01 3.000000e+00 -4.361082e+00
      vertex   1.304353e+01 0.000000e+00 -4.350742e+00
      vertex   1.304007e+01 0.000000e+00 -4.361082e+00
    endloop
  endfacet
  facet normal 9.482430e-01 0.000000e+00 -3.175456e-01
    outer loop
      vertex   1.304007e+01 3.000000e+00 -4.361082e+00
      vertex   1.304007e+01 0.000000e+00 -4.361082e+00
      vertex   1.303661e+01 3.000000e+00 -4.371420e+00
    endloop
  endfacet
  facet normal 9.482430e-01 0.000000e+00 -3.175456e-01
    outer loop
      vertex   1.303661e+01 3.000000e+00 -4.371420e+00
      vertex   1.304007e+01 0.000000e+00 -4.361082e+00
      vertex   1.303661e+01 0.000000e+00 -4.371420e+00
    endloop
  endfacet
  facet normal 9.999511e-01 0.000000e+00 -9.888129e-03
    outer loop
      vertex   1.374938e+01 3.000000e+00 -1.305111e-01
      vertex   1.374938e+01 0.000000e+00 -1.305111e-01
      vertex   1.374927e+01 3.000000e+00 -1.414124e-01
    endloop
  endfacet
  facet normal 9.999511e-01 0.000000e+00 -9.888129e-03
    outer loop
      vertex   1.374927e+01 3.000000e+00 -1.414124e-01
      vertex   1.374938e+01 0.000000e+00 -1.305111e-01
      vertex   1.374927e+01 0.000000e+00 -1.414124e-01
    endloop
  endfacet
  facet normal 9.999430e-01 0.000000e+00 -1.068095e-02
    outer loop
      vertex   1.374927e+01 3.000000e+00 -1.414124e-01
      vertex   1.374927e+01 0.000000e+00 -1.414124e-01
      vertex   1.374916e+01 3.000000e+00 -1.523137e-01
    endloop
  endfacet
  facet normal 9.999430e-01 0.000000e+00 -1.068095e-02
    outer loop
      vertex   1.374916e+01 3.000000e+00 -1.523137e-01
      vertex   1.374927e+01 0.000000e+00 -1.414124e-01
      vertex   1.374916e+01 0.000000e+00 -1.523137e-01
    endloop
  endfacet
  facet normal 9.999342e-01 0.000000e+00 -1.147377e-02
    outer loop
      vertex   1.374916e+01 3.000000e+00 -1.523137e-01
      vertex   1.374916e+01 0.000000e+00 -1.523137e-01
      vertex   1.374903e+01 3.000000e+00 -1.632149e-01
    endloop
  endfacet
  facet normal 9.999342e-01 0.000000e+00 -1.147377e-02
    outer loop
      vertex   1.374903e+01 3.000000e+00 -1.632149e-01
      vertex   1.374916e+01 0.000000e+00 -1.523137e-01
      vertex   1.374903e+01 0.000000e+00 -1.632149e-01
    endloop
  endfacet
  facet normal 9.548096e-01 0.000000e+00 2.972180e-01
    outer loop
      vertex   1.312701e+01 3.000000e+00 4.091952e+00
      vertex   1.312701e+01 0.000000e+00 4.091952e+00
      vertex   1.313025e+01 3.000000e+00 4.081542e+00
    endloop
  endfacet
  facet normal 9.548096e-01 0.000000e+00 2.972180e-01
    outer loop
      vertex   1.313025e+01 3.000000e+00 4.081542e+00
      vertex   1.312701e+01 0.000000e+00 4.091952e+00
      vertex   1.313025e+01 0.000000e+00 4.081542e+00
    endloop
  endfacet
  facet normal 9.550450e-01 0.000000e+00 2.964609e-01
    outer loop
      vertex   1.313025e+01 3.000000e+00 4.081542e+00
      vertex   1.313025e+01 0.000000e+00 4.081542e+00
      vertex   1.313348e+01 3.000000e+00 4.071131e+00
    endloop
  endfacet
  facet normal 9.550450e-01 0.000000e+00 2.964609e-01
    outer loop
      vertex   1.313348e+01 3.000000e+00 4.071131e+00
      vertex   1.313025e+01 0.000000e+00 4.081542e+00
      vertex   1.313348e+01 0.000000e+00 4.071131e+00
    endloop
  endfacet
  facet normal 9.552798e-01 0.000000e+00 2.957035e-01
    outer loop
      vertex   1.313348e+01 3.000000e+00 4.071131e+00
      vertex   1.313348e+01 0.000000e+00 4.071131e+00
      vertex   1.313671e+01 3.000000e+00 4.060716e+00
    endloop
  endfacet
  facet normal 9.552798e-01 0.000000e+00 2.957035e-01
    outer loop
      vertex   1.313671e+01 3.000000e+00 4.060716e+00
      vertex   1.313348e+01 0.000000e+00 4.071131e+00
      vertex   1.313671e+01 0.000000e+00 4.060716e+00
    endloop
  endfacet
  facet normal 8.176704e-01 0.000000e+00 5.756866e-01
    outer loop
      vertex   1.123983e+01 3.000000e+00 7.920147e+00
      vertex   1.123983e+01 0.000000e+00 7.920147e+00
      vertex   1.124611e+01 3.000000e+00 7.911233e+00
    endloop
  endfacet
  facet normal 8.176704e-01 0.000000e+00 5.756866e-01
    outer loop
      vertex   1.124611e+01 3.000000e+00 7.911233e+00
      vertex   1.123983e+01 0.000000e+00 7.920147e+00
      vertex   1.124611e+01 0.000000e+00 7.911233e+00
    endloop
  endfacet
  facet normal 8.181266e-01 0.000000e+00 5.750381e-01
    outer loop
      vertex   1.124611e+01 3.000000e+00 7.911233e+00
      vertex   1.124611e+01 0.000000e+00 7.911233e+00
      vertex   1.125237e+01 3.000000e+00 7.902314e+00
    endloop
  endfacet
  facet normal 8.181266e-01 0.000000e+00 5.750381e-01
    outer loop
      vertex   1.125237e+01 3.000000e+00 7.902314e+00
      vertex   1.124611e+01 0.000000e+00 7.911233e+00
      vertex   1.125237e+01 0.000000e+00 7.902314e+00
    endloop
  endfacet
  facet normal 8.185823e-01 0.000000e+00 5.743893e-01
    outer loop
      vertex   1.125237e+01 3.000000e+00 7.902314e+00
      vertex   1.125237e+01 0.000000e+00 7.902314e+00
      vertex   1.125864e+01 3.000000e+00 7.893390e+00
    endloop
  endfacet
  facet normal 8.185823e-01 0.000000e+00 5.743893e-01
    outer loop
      vertex   1.125864e+01 3.000000e+00 7.893390e+00
      vertex   1.125237e+01 0.000000e+00 7.902314e+00
      vertex   1.125864e+01 0.000000e+00 7.893390e+00
    endloop
  endfacet
  facet normal 6.017471e-01 0.000000e+00 7.986867e-01
    outer loop
      vertex   8.269669e+00 3.000000e+00 1.098522e+01
      vertex   8.269669e+00 0.000000e+00 1.098522e+01
      vertex   8.278376e+00 3.000000e+00 1.097866e+01
    endloop
  endfacet
  facet normal 6.017471e-01 0.000000e+00 7.986867e-01
    outer loop
      vertex   8.278376e+00 3.000000e+00 1.097866e+01
      vertex   8.269669e+00 0.000000e+00 1.098522e+01
      vertex   8.278376e+00 0.000000e+00 1.097866e+01
    endloop
  endfacet
  facet normal 6.023802e-01 0.000000e+00 7.982093e-01
    outer loop
      vertex   8.278376e+00 3.000000e+00 1.097866e+01
      vertex   8.278376e+00 0.000000e+00 1.097866e+01
      vertex   8.287078e+00 3.000000e+00 1.097209e+01
    endloop
  endfacet
  facet normal 6.023802e-01 0.000000e+00 7.982093e-01
    outer loop
      vertex   8.287078e+00 3.000000e+00 1.097209e+01
      vertex   8.278376e+00 0.000000e+00 1.097866e+01
      vertex   8.287078e+00 0.000000e+00 1.097209e+01
    endloop
  endfacet
  facet normal 6.030129e-01 0.000000e+00 7.977315e-01
    outer loop
      vertex   8.287078e+00 3.000000e+00 1.097209e+01
      vertex   8.287078e+00 0.000000e+00 1.097209e+01
      vertex   8.295775e+00 3.000000e+00 1.096552e+01
    endloop
  endfacet
  facet normal 6.030129e-01 0.000000e+00 7.977315e-01
    outer loop
      vertex   8.295775e+00 3.000000e+00 1.096552e+01
      vertex   8.287078e+00 0.000000e+00 1.097209e+01
      vertex   8.295775e+00 0.000000e+00 1.096552e+01
    endloop
  endfacet
  facet normal 3.278443e-01 0.000000e+00 9.447318e-01
    outer loop
      vertex   4.502709e+00 3.000000e+00 1.299185e+01
      vertex   4.502709e+00 0.000000e+00 1.299185e+01
      vertex   4.513009e+00 3.000000e+00 1.298827e+01
    endloop
  endfacet
  facet normal 3.278443e-01 0.000000e+00 9.447318e-01
    outer loop
      vertex   4.513009e+00 3.000000e+00 1.298827e+01
      vertex   4.502709e+00 0.000000e+00 1.299185e+01
      vertex   4.513009e+00 0.000000e+00 1.298827e+01
    endloop
  endfacet
  facet normal 3.285932e-01 0.000000e+00 9.444715e-01
    outer loop
      vertex   4.513009e+00 3.000000e+00 1.298827e+01
      vertex   4.513009e+00 0.000000e+00 1.298827e+01
      vertex   4.523305e+00 3.000000e+00 1.298469e+01
    endloop
  endfacet
  facet normal 3.285932e-01 0.000000e+00 9.444715e-01
    outer loop
      vertex   4.523305e+00 3.000000e+00 1.298469e+01
      vertex   4.513009e+00 0.000000e+00 1.298827e+01
      vertex   4.523305e+00 0.000000e+00 1.298469e+01
    endloop
  endfacet
  facet normal 3.293420e-01 0.000000e+00 9.442107e-01
    outer loop
      vertex   4.523305e+00 3.000000e+00 1.298469e+01
      vertex   4.523305e+00 0.000000e+00 1.298469e+01
      vertex   4.533599e+00 3.000000e+00 1.298110e+01
    endloop
  endfacet
  facet normal 3.293420e-01 0.000000e+00 9.442107e-01
    outer loop
      vertex   4.533599e+00 3.000000e+00 1.298110e+01
      vertex   4.523305e+00 0.000000e+00 1.298469e+01
      vertex   4.533599e+00 0.000000e+00 1.298110e+01
    endloop
  endfacet
  facet normal 2.235307e-02 0.000000e+00 9.997501e-01
    outer loop
      vertex   3.019051e-01 3.000000e+00 1.374669e+01
      vertex   3.019051e-01 0.000000e+00 1.374669e+01
      vertex   3.128042e-01 3.000000e+00 1.374644e+01
    endloop
  endfacet
  facet normal 2.235307e-02 0.000000e+00 9.997501e-01
    outer loop
      vertex   3.128042e-01 3.000000e+00 1.374644e+01
      vertex   3.019051e-01 0.000000e+00 1.374669e+01
      vertex   3.128042e-01 0.000000e+00 1.374644e+01
    endloop
  endfacet
  facet normal 2.314572e-02 0.000000e+00 9.997321e-01
    outer loop
      vertex   3.128042e-01 3.000000e+00 1.374644e+01
      vertex   3.128042e-01 0.000000e+00 1.374644e+01
      vertex   3.237032e-01 3.000000e+00 1.374619e+01
    endloop
  endfacet
  facet normal 2.314572e-02 0.000000e+00 9.997321e-01
    outer loop
      vertex   3.237032e-01 3.000000e+00 1.374619e+01
      vertex   3.128042e-01 0.000000e+00 1.374644e+01
      vertex   3.237032e-01 0.000000e+00 1.374619e+01
    endloop
  endfacet
  facet normal 2.393837e-02 0.000000e+00 9.997134e-01
    outer loop
      vertex   3.237032e-01 3.000000e+00 1.374619e+01
      vertex   3.237032e-01 0.000000e+00 1.374619e+01
      vertex   3.346019e-01 3.000000e+00 1.374593e+01
    endloop
  endfacet
  facet normal 2.393837e-02 0.000000e+00 9.997134e-01
    outer loop
      vertex   3.346019e-01 3.000000e+00 1.374593e+01
      vertex   3.237032e-01 0.000000e+00 1.374619e+01
      vertex   3.346019e-01 0.000000e+00 1.374593e+01
    endloop
  endfacet
  facet normal -2.852919e-01 0.000000e+00 9.584407e-01
    outer loop
      vertex   -3.927988e+00 3.000000e+00 1.317700e+01
      vertex   -3.927988e+00 0.000000e+00 1.317700e+01
      vertex   -3.917539e+00 3.000000e+00 1.318011e+01
    endloop
  endfacet
  facet normal -2.852919e-01 0.000000e+00 9.584407e-01
    outer loop
      vertex   -3.917539e+00 3.000000e+00 1.318011e+01
      vertex   -3.927988e+00 0.000000e+00 1.317700e+01
      vertex   -3.917539e+00 0.000000e+00 1.318011e+01
    endloop
  endfacet
  facet normal -2.845319e-01 0.000000e+00 9.586666e-01
    outer loop
      vertex   -3.917539e+00 3.000000e+00 1.318011e+01
      vertex   -3.917539e+00 0.000000e+00 1.318011e+01
      vertex   -3.907088e+00 3.000000e+00 1.318322e+01
    endloop
  endfacet
  facet normal -2.845319e-01 0.000000e+00 9.586666e-01
    outer loop
      vertex   -3.907088e+00 3.000000e+00 1.318322e+01
      vertex   -3.917539e+00 0.000000e+00 1.318011e+01
      vertex   -3.907088e+00 0.000000e+00 1.318322e+01
    endloop
  endfacet
  facet normal -2.837718e-01 0.000000e+00 9.588919e-01
    outer loop
      vertex   -3.907088e+00 3.000000e+00 1.318322e+01
      vertex   -3.907088e+00 0.000000e+00 1.318322e+01
      vertex   -3.896634e+00 3.000000e+00 1.318631e+01
    endloop
  endfacet
  facet normal -2.837718e-01 0.000000e+00 9.588919e-01
    outer loop
      vertex   -3.896634e+00 3.000000e+00 1.318631e+01
      vertex   -3.907088e+00 0.000000e+00 1.318322e+01
      vertex   -3.896634e+00 0.000000e+00 1.318631e+01
    endloop
  endfacet
  facet normal -5.654485e-01 0.000000e+00 8.247836e-01
    outer loop
      vertex   -7.779412e+00 3.000000e+00 1.133769e+01
      vertex   -7.779412e+00 0.000000e+00 1.133769e+01
      vertex   -7.770421e+00 3.000000e+00 1.134386e+01
    endloop
  endfacet
  facet normal -5.654485e-01 0.000000e+00 8.247836e-01
    outer loop
      vertex   -7.770421e+00 3.000000e+00 1.134386e+01
      vertex   -7.779412e+00 0.000000e+00 1.133769e+01
      vertex   -7.770421e+00 0.000000e+00 1.134386e+01
    endloop
  endfacet
  facet normal -5.647944e-01 0.000000e+00 8.252317e-01
    outer loop
      vertex   -7.770421e+00 3.000000e+00 1.134386e+01
      vertex   -7.770421e+00 0.000000e+00 1.134386e+01
      vertex   -7.761424e+00 3.000000e+00 1.135001e+01
    endloop
  endfacet
  facet normal -5.647944e-01 0.000000e+00 8.252317e-01
    outer loop
      vertex   -7.761424e+00 3.000000e+00 1.135001e+01
      vertex   -7.770421e+00 0.000000e+00 1.134386e+01
      vertex   -7.761424e+00 0.000000e+00 1.135001e+01
    endloop
  endfacet
  facet normal -5.641399e-01 0.000000e+00 8.256792e-01
    outer loop
      vertex   -7.761424e+00 3.000000e+00 1.135001e+01
      vertex   -7.761424e+00 0.000000e+00 1.135001e+01
      vertex   -7.752423e+00 3.000000e+00 1.135616e+01
    endloop
  endfacet
  facet normal -5.641399e-01 0.000000e+00 8.256792e-01
    outer loop
      vertex   -7.752423e+00 3.000000e+00 1.135616e+01
      vertex   -7.761424e+00 0.000000e+00 1.135001e+01
      vertex   -7.752423e+00 0.000000e+00 1.135616e+01
    endloop
  endfacet
  facet normal -7.911230e-01 0.000000e+00 6.116570e-01
    outer loop
      vertex   -1.088128e+01 3.000000e+00 8.405971e+00
      vertex   -1.088128e+01 0.000000e+00 8.405971e+00
      vertex   -1.087461e+01 3.000000e+00 8.414596e+00
    endloop
  endfacet
  facet normal -7.911230e-01 0.000000e+00 6.116570e-01
    outer loop
      vertex   -1.087461e+01 3.000000e+00 8.414596e+00
      vertex   -1.088128e+01 0.000000e+00 8.405971e+00
      vertex   -1.087461e+01 0.000000e+00 8.414596e+00
    endloop
  endfacet
  facet normal -7.906378e-01 0.000000e+00 6.122841e-01
    outer loop
      vertex   -1.087461e+01 3.000000e+00 8.414596e+00
      vertex   -1.087461e+01 0.000000e+00 8.414596e+00
      vertex   -1.086793e+01 3.000000e+00 8.423215e+00
    endloop
  endfacet
  facet normal -7.906378e-01 0.000000e+00 6.122841e-01
    outer loop
      vertex   -1.086793e+01 3.000000e+00 8.423215e+00
      vertex   -1.087461e+01 0.000000e+00 8.414596e+00
      vertex   -1.086793e+01 0.000000e+00 8.423215e+00
    endloop
  endfacet
  facet normal -7.901521e-01 0.000000e+00 6.129108e-01
    outer loop
      vertex   -1.086793e+01 3.000000e+00 8.423215e+00
      vertex   -1.086793e+01 0.000000e+00 8.423215e+00
      vertex   -1.086125e+01 3.000000e+00 8.431830e+00
    endloop
  endfacet
  facet normal -7.901521e-01 0.000000e+00 6.129108e-01
    outer loop
      vertex   -1.086125e+01 3.000000e+00 8.431830e+00
      vertex   -1.086793e+01 0.000000e+00 8.423215e+00
      vertex   -1.086125e+01 0.000000e+00 8.431830e+00
    endloop
  endfacet
  facet normal 4.120727e-01 0.000000e+00 -9.111510e-01
    outer loop
      vertex   4.224167e+00 3.000000e+00 -1.308506e+01
      vertex   4.224167e+00 0.000000e+00 -1.308506e+01
      vertex   4.019653e+00 3.000000e+00 -1.317756e+01
    endloop
  endfacet
  facet normal 4.120727e-01 0.000000e+00 -9.111510e-01
    outer loop
      vertex   4.019653e+00 3.000000e+00 -1.317756e+01
      vertex   4.224167e+00 0.000000e+00 -1.308506e+01
      vertex   4.019653e+00 0.000000e+00 -1.317756e+01
    endloop
  endfacet
  facet normal 6.049148e-01 0.000000e+00 -7.962902e-01
    outer loop
      vertex   4.019653e+00 3.000000e+00 -1.317756e+01
      vertex   4.019653e+00 0.000000e+00 -1.317756e+01
      vertex   3.840919e+00 3.000000e+00 -1.331333e+01
    endloop
  endfacet
  facet normal 6.049148e-01 0.000000e+00 -7.962902e-01
    outer loop
      vertex   3.840919e+00 3.000000e+00 -1.331333e+01
      vertex   4.019653e+00 0.000000e+00 -1.317756e+01
      vertex   3.840919e+00 0.000000e+00 -1.331333e+01
    endloop
  endfacet
  facet normal 7.672807e-01 0.000000e+00 -6.413114e-01
    outer loop
      vertex   3.840919e+00 3.000000e+00 -1.331333e+01
      vertex   3.840919e+00 0.000000e+00 -1.331333e+01
      vertex   3.696972e+00 3.000000e+00 -1.348556e+01
    endloop
  endfacet
  facet normal 7.672807e-01 0.000000e+00 -6.413114e-01
    outer loop
      vertex   3.696972e+00 3.000000e+00 -1.348556e+01
      vertex   3.840919e+00 0.000000e+00 -1.331333e+01
      vertex   3.696972e+00 0.000000e+00 -1.348556e+01
    endloop
  endfacet
  facet normal 8.909901e-01 0.000000e+00 -4.540227e-01
    outer loop
      vertex   3.696972e+00 3.000000e+00 -1.348556e+01
      vertex   3.696972e+00 0.000000e+00 -1.348556e+01
      vertex   3.595064e+00 3.000000e+00 -1.368555e+01
    endloop
  endfacet
  facet normal 8.909901e-01 0.000000e+00 -4.540227e-01
    outer loop
      vertex   3.595064e+00 3.000000e+00 -1.368555e+01
      vertex   3.696972e+00 0.000000e+00 -1.348556e+01
      vertex   3.595064e+00 0.000000e+00 -1.368555e+01
    endloop
  endfacet
  facet normal 9.698105e-01 0.000000e+00 -2.438598e-01
    outer loop
      vertex   3.595064e+00 3.000000e+00 -1.368555e+01
      vertex   3.595064e+00 0.000000e+00 -1.368555e+01
      vertex   3.540328e+00 3.000000e+00 -1.390323e+01
    endloop
  endfacet
  facet normal 9.698105e-01 0.000000e+00 -2.438598e-01
    outer loop
      vertex   3.540328e+00 3.000000e+00 -1.390323e+01
      vertex   3.595064e+00 0.000000e+00 -1.368555e+01
      vertex   3.540328e+00 0.000000e+00 -1.390323e+01
    endloop
  endfacet
  facet normal 9.910517e-01 0.000000e+00 -1.334787e-01
    outer loop
      vertex   3.540328e+00 0.000000e+00 -1.390323e+01
      vertex   3.400860e+00 0.000000e+00 -1.493875e+01
      vertex   3.540328e+00 3.000000e+00 -1.390323e+01
    endloop
  endfacet
  facet normal 9.910517e-01 0.000000e+00 -1.334787e-01
    outer loop
      vertex   3.540328e+00 3.000000e+00 -1.390323e+01
      vertex   3.400860e+00 0.000000e+00 -1.493875e+01
      vertex   3.400860e+00 3.000000e+00 -1.493875e+01
    endloop
  endfacet
  facet normal -1.092719e-01 0.000000e+00 -9.940119e-01
    outer loop
      vertex   4.090315e-02 0.000000e+00 -1.374994e+01
      vertex   4.090315e-02 3.000000e+00 -1.374994e+01
      vertex   2.640159e-01 0.000000e+00 -1.377447e+01
    endloop
  endfacet
  facet normal -1.092719e-01 4.043873e-18 -9.940119e-01
    outer loop
      vertex   2.640159e-01 0.000000e+00 -1.377447e+01
      vertex   4.090315e-02 3.000000e+00 -1.374994e+01
      vertex   2.640159e-01 3.000000e+00 -1.377447e+01
    endloop
  endfacet
  facet normal -3.282225e-01 1.214667e-17 -9.446004e-01
    outer loop
      vertex   2.640159e-01 0.000000e+00 -1.377447e+01
      vertex   2.640159e-01 3.000000e+00 -1.377447e+01
      vertex   4.760378e-01 0.000000e+00 -1.384814e+01
    endloop
  endfacet
  facet normal -3.282225e-01 1.822001e-17 -9.446004e-01
    outer loop
      vertex   4.760378e-01 0.000000e+00 -1.384814e+01
      vertex   2.640159e-01 3.000000e+00 -1.377447e+01
      vertex   4.760378e-01 3.000000e+00 -1.384814e+01
    endloop
  endfacet
  facet normal -5.306369e-01 2.945627e-17 -8.475992e-01
    outer loop
      vertex   4.760378e-01 0.000000e+00 -1.384814e+01
      vertex   4.760378e-01 3.000000e+00 -1.384814e+01
      vertex   6.662872e-01 0.000000e+00 -1.396724e+01
    endloop
  endfacet
  facet normal -5.306369e-01 1.963751e-17 -8.475992e-01
    outer loop
      vertex   6.662872e-01 0.000000e+00 -1.396724e+01
      vertex   4.760378e-01 3.000000e+00 -1.384814e+01
      vertex   6.662872e-01 3.000000e+00 -1.396724e+01
    endloop
  endfacet
  facet normal -7.063174e-01 2.613900e-17 -7.078952e-01
    outer loop
      vertex   6.662872e-01 0.000000e+00 -1.396724e+01
      vertex   6.662872e-01 3.000000e+00 -1.396724e+01
      vertex   8.251791e-01 0.000000e+00 -1.412578e+01
    endloop
  endfacet
  facet normal -7.063174e-01 0.000000e+00 -7.078952e-01
    outer loop
      vertex   8.251791e-01 0.000000e+00 -1.412578e+01
      vertex   6.662872e-01 3.000000e+00 -1.396724e+01
      vertex   8.251791e-01 3.000000e+00 -1.412578e+01
    endloop
  endfacet
  facet normal -8.464131e-01 0.000000e+00 -5.325269e-01
    outer loop
      vertex   8.251791e-01 0.000000e+00 -1.412578e+01
      vertex   8.251791e-01 3.000000e+00 -1.412578e+01
      vertex   9.447084e-01 0.000000e+00 -1.431576e+01
    endloop
  endfacet
  facet normal -8.464131e-01 0.000000e+00 -5.325269e-01
    outer loop
      vertex   9.447084e-01 0.000000e+00 -1.431576e+01
      vertex   8.251791e-01 3.000000e+00 -1.412578e+01
      vertex   9.447084e-01 3.000000e+00 -1.431576e+01
    endloop
  endfacet
  facet normal -9.008305e-01 -0.000000e+00 -4.341710e-01
    outer loop
      vertex   9.447084e-01 3.000000e+00 -1.431576e+01
      vertex   1.398363e+00 3.000000e+00 -1.525702e+01
      vertex   9.447084e-01 0.000000e+00 -1.431576e+01
    endloop
  endfacet
  facet normal -9.008305e-01 0.000000e+00 -4.341710e-01
    outer loop
      vertex   9.447084e-01 0.000000e+00 -1.431576e+01
      vertex   1.398363e+00 3.000000e+00 -1.525702e+01
      vertex   1.398363e+00 0.000000e+00 -1.525702e+01
    endloop
  endfacet
  facet normal 9.659232e-01 0.000000e+00 -2.588290e-01
    outer loop
      vertex   3.400860e+00 3.000000e+00 -1.493875e+01
      vertex   3.400860e+00 0.000000e+00 -1.493875e+01
      vertex   3.334815e+00 3.000000e+00 -1.518522e+01
    endloop
  endfacet
  facet normal 9.659232e-01 0.000000e+00 -2.588290e-01
    outer loop
      vertex   3.334815e+00 3.000000e+00 -1.518522e+01
      vertex   3.400860e+00 0.000000e+00 -1.493875e+01
      vertex   3.334815e+00 0.000000e+00 -1.518522e+01
    endloop
  endfacet
  facet normal 8.689732e-01 0.000000e+00 -4.948591e-01
    outer loop
      vertex   3.334815e+00 3.000000e+00 -1.518522e+01
      vertex   3.334815e+00 0.000000e+00 -1.518522e+01
      vertex   3.208544e+00 3.000000e+00 -1.540695e+01
    endloop
  endfacet
  facet normal 8.689732e-01 0.000000e+00 -4.948591e-01
    outer loop
      vertex   3.208544e+00 3.000000e+00 -1.540695e+01
      vertex   3.334815e+00 0.000000e+00 -1.518522e+01
      vertex   3.208544e+00 0.000000e+00 -1.540695e+01
    endloop
  endfacet
  facet normal 7.154449e-01 0.000000e+00 -6.986692e-01
    outer loop
      vertex   3.208544e+00 3.000000e+00 -1.540695e+01
      vertex   3.208544e+00 0.000000e+00 -1.540695e+01
      vertex   3.030268e+00 3.000000e+00 -1.558951e+01
    endloop
  endfacet
  facet normal 7.154449e-01 0.000000e+00 -6.986692e-01
    outer loop
      vertex   3.030268e+00 3.000000e+00 -1.558951e+01
      vertex   3.208544e+00 0.000000e+00 -1.540695e+01
      vertex   3.030268e+00 0.000000e+00 -1.558951e+01
    endloop
  endfacet
  facet normal 5.153343e-01 0.000000e+00 -8.569892e-01
    outer loop
      vertex   3.030268e+00 3.000000e+00 -1.558951e+01
      vertex   3.030268e+00 0.000000e+00 -1.558951e+01
      vertex   2.811594e+00 3.000000e+00 -1.572100e+01
    endloop
  endfacet
  facet normal 5.153343e-01 0.000000e+00 -8.569892e-01
    outer loop
      vertex   2.811594e+00 3.000000e+00 -1.572100e+01
      vertex   3.030268e+00 0.000000e+00 -1.558951e+01
      vertex   2.811594e+00 0.000000e+00 -1.572100e+01
    endloop
  endfacet
  facet normal 2.816706e-01 0.000000e+00 -9.595112e-01
    outer loop
      vertex   2.811594e+00 3.000000e+00 -1.572100e+01
      vertex   2.811594e+00 0.000000e+00 -1.572100e+01
      vertex   2.566760e+00 3.000000e+00 -1.579288e+01
    endloop
  endfacet
  facet normal 2.816706e-01 0.000000e+00 -9.595112e-01
    outer loop
      vertex   2.566760e+00 3.000000e+00 -1.579288e+01
      vertex   2.811594e+00 0.000000e+00 -1.572100e+01
      vertex   2.566760e+00 0.000000e+00 -1.579288e+01
    endloop
  endfacet
  facet normal 2.967071e-02 0.000000e+00 -9.995597e-01
    outer loop
      vertex   2.456145e+00 3.000000e+00 -1.581045e+01
      vertex   2.456145e+00 0.000000e+00 -1.581045e+01
      vertex   2.201098e+00 3.000000e+00 -1.581802e+01
    endloop
  endfacet
  facet normal 2.967071e-02 0.000000e+00 -9.995597e-01
    outer loop
      vertex   2.201098e+00 3.000000e+00 -1.581802e+01
      vertex   2.456145e+00 0.000000e+00 -1.581045e+01
      vertex   2.201098e+00 0.000000e+00 -1.581802e+01
    endloop
  endfacet
  facet normal -2.242577e-01 -0.000000e+00 -9.745299e-01
    outer loop
      vertex   2.201098e+00 3.000000e+00 -1.581802e+01
      vertex   2.201098e+00 0.000000e+00 -1.581802e+01
      vertex   1.952438e+00 3.000000e+00 -1.576080e+01
    endloop
  endfacet
  facet normal -2.242577e-01 -0.000000e+00 -9.745299e-01
    outer loop
      vertex   1.952438e+00 3.000000e+00 -1.576080e+01
      vertex   2.201098e+00 0.000000e+00 -1.581802e+01
      vertex   1.952438e+00 0.000000e+00 -1.576080e+01
    endloop
  endfacet
  facet normal -4.635856e-01 -0.000000e+00 -8.860521e-01
    outer loop
      vertex   1.952438e+00 3.000000e+00 -1.576080e+01
      vertex   1.952438e+00 0.000000e+00 -1.576080e+01
      vertex   1.726354e+00 3.000000e+00 -1.564252e+01
    endloop
  endfacet
  facet normal -4.635856e-01 -0.000000e+00 -8.860521e-01
    outer loop
      vertex   1.726354e+00 3.000000e+00 -1.564252e+01
      vertex   1.952438e+00 0.000000e+00 -1.576080e+01
      vertex   1.726354e+00 0.000000e+00 -1.564252e+01
    endloop
  endfacet
  facet normal -6.727312e-01 -0.000000e+00 -7.398870e-01
    outer loop
      vertex   1.726354e+00 3.000000e+00 -1.564252e+01
      vertex   1.726354e+00 0.000000e+00 -1.564252e+01
      vertex   1.537565e+00 3.000000e+00 -1.547086e+01
    endloop
  endfacet
  facet normal -6.727312e-01 -0.000000e+00 -7.398870e-01
    outer loop
      vertex   1.537565e+00 3.000000e+00 -1.547086e+01
      vertex   1.726354e+00 0.000000e+00 -1.564252e+01
      vertex   1.537565e+00 0.000000e+00 -1.547086e+01
    endloop
  endfacet
  facet normal -8.380779e-01 -0.000000e+00 -5.455507e-01
    outer loop
      vertex   1.537565e+00 3.000000e+00 -1.547086e+01
      vertex   1.537565e+00 0.000000e+00 -1.547086e+01
      vertex   1.398363e+00 3.000000e+00 -1.525702e+01
    endloop
  endfacet
  facet normal -8.380779e-01 -0.000000e+00 -5.455507e-01
    outer loop
      vertex   1.398363e+00 3.000000e+00 -1.525702e+01
      vertex   1.537565e+00 0.000000e+00 -1.547086e+01
      vertex   1.398363e+00 0.000000e+00 -1.525702e+01
    endloop
  endfacet
  facet normal 1.569516e-01 0.000000e+00 -9.876063e-01
    outer loop
      vertex   2.566760e+00 0.000000e+00 -1.579288e+01
      vertex   2.456145e+00 0.000000e+00 -1.581045e+01
      vertex   2.566760e+00 3.000000e+00 -1.579288e+01
    endloop
  endfacet
  facet normal 1.569516e-01 0.000000e+00 -9.876063e-01
    outer loop
      vertex   2.566760e+00 3.000000e+00 -1.579288e+01
      vertex   2.456145e+00 0.000000e+00 -1.581045e+01
      vertex   2.456145e+00 3.000000e+00 -1.581045e+01
    endloop
  endfacet
  facet normal -9.405713e-01 0.000000e+00 3.395962e-01
    outer loop
      vertex   -1.293471e+01 3.000000e+00 4.664320e+00
      vertex   -1.293471e+01 0.000000e+00 4.664320e+00
      vertex   -1.293100e+01 3.000000e+00 4.674574e+00
    endloop
  endfacet
  facet normal -9.405713e-01 0.000000e+00 3.395962e-01
    outer loop
      vertex   -1.293100e+01 3.000000e+00 4.674574e+00
      vertex   -1.293471e+01 0.000000e+00 4.664320e+00
      vertex   -1.293100e+01 0.000000e+00 4.674574e+00
    endloop
  endfacet
  facet normal -9.403018e-01 0.000000e+00 3.403418e-01
    outer loop
      vertex   -1.293100e+01 3.000000e+00 4.674574e+00
      vertex   -1.293100e+01 0.000000e+00 4.674574e+00
      vertex   -1.292729e+01 3.000000e+00 4.684825e+00
    endloop
  endfacet
  facet normal -9.403018e-01 0.000000e+00 3.403418e-01
    outer loop
      vertex   -1.292729e+01 3.000000e+00 4.684825e+00
      vertex   -1.293100e+01 0.000000e+00 4.674574e+00
      vertex   -1.292729e+01 0.000000e+00 4.684825e+00
    endloop
  endfacet
  facet normal -9.400317e-01 0.000000e+00 3.410872e-01
    outer loop
      vertex   -1.292729e+01 3.000000e+00 4.684825e+00
      vertex   -1.292729e+01 0.000000e+00 4.684825e+00
      vertex   -1.292357e+01 3.000000e+00 4.695073e+00
    endloop
  endfacet
  facet normal -9.400317e-01 0.000000e+00 3.410872e-01
    outer loop
      vertex   -1.292357e+01 3.000000e+00 4.695073e+00
      vertex   -1.292729e+01 0.000000e+00 4.684825e+00
      vertex   -1.292357e+01 0.000000e+00 4.695073e+00
    endloop
  endfacet
  facet normal -3.415340e-02 -0.000000e+00 -9.994166e-01
    outer loop
      vertex   4.090315e-02 3.000000e+00 -1.374994e+01
      vertex   4.090315e-02 0.000000e+00 -1.374994e+01
      vertex   -9.794743e-01 3.000000e+00 -1.371507e+01
    endloop
  endfacet
  facet normal -3.415340e-02 -0.000000e+00 -9.994166e-01
    outer loop
      vertex   -9.794743e-01 3.000000e+00 -1.371507e+01
      vertex   4.090315e-02 0.000000e+00 -1.374994e+01
      vertex   -9.794743e-01 0.000000e+00 -1.371507e+01
    endloop
  endfacet
  facet normal -1.082174e-01 -0.000000e+00 -9.941273e-01
    outer loop
      vertex   -9.794743e-01 3.000000e+00 -1.371507e+01
      vertex   -9.794743e-01 0.000000e+00 -1.371507e+01
      vertex   -1.994451e+00 3.000000e+00 -1.360458e+01
    endloop
  endfacet
  facet normal -1.082174e-01 -0.000000e+00 -9.941273e-01
    outer loop
      vertex   -1.994451e+00 3.000000e+00 -1.360458e+01
      vertex   -9.794743e-01 0.000000e+00 -1.371507e+01
      vertex   -1.994451e+00 0.000000e+00 -1.360458e+01
    endloop
  endfacet
  facet normal -1.816847e-01 -0.000000e+00 -9.833568e-01
    outer loop
      vertex   -1.994451e+00 3.000000e+00 -1.360458e+01
      vertex   -1.994451e+00 0.000000e+00 -1.360458e+01
      vertex   -2.998432e+00 3.000000e+00 -1.341909e+01
    endloop
  endfacet
  facet normal -1.816847e-01 -0.000000e+00 -9.833568e-01
    outer loop
      vertex   -2.998432e+00 3.000000e+00 -1.341909e+01
      vertex   -1.994451e+00 0.000000e+00 -1.360458e+01
      vertex   -2.998432e+00 0.000000e+00 -1.341909e+01
    endloop
  endfacet
  facet normal -2.541503e-01 -0.000000e+00 -9.671647e-01
    outer loop
      vertex   -2.998432e+00 3.000000e+00 -1.341909e+01
      vertex   -2.998432e+00 0.000000e+00 -1.341909e+01
      vertex   -3.985881e+00 3.000000e+00 -1.315961e+01
    endloop
  endfacet
  facet normal -2.541503e-01 -0.000000e+00 -9.671647e-01
    outer loop
      vertex   -3.985881e+00 3.000000e+00 -1.315961e+01
      vertex   -2.998432e+00 0.000000e+00 -1.341909e+01
      vertex   -3.985881e+00 0.000000e+00 -1.315961e+01
    endloop
  endfacet
  facet normal -3.252146e-01 -0.000000e+00 -9.456402e-01
    outer loop
      vertex   -3.985881e+00 3.000000e+00 -1.315961e+01
      vertex   -3.985881e+00 0.000000e+00 -1.315961e+01
      vertex   -4.951355e+00 3.000000e+00 -1.282757e+01
    endloop
  endfacet
  facet normal -3.252146e-01 -0.000000e+00 -9.456402e-01
    outer loop
      vertex   -4.951355e+00 3.000000e+00 -1.282757e+01
      vertex   -3.985881e+00 0.000000e+00 -1.315961e+01
      vertex   -4.951355e+00 0.000000e+00 -1.282757e+01
    endloop
  endfacet
  facet normal -3.944859e-01 -0.000000e+00 -9.189020e-01
    outer loop
      vertex   -4.951355e+00 3.000000e+00 -1.282757e+01
      vertex   -4.951355e+00 0.000000e+00 -1.282757e+01
      vertex   -5.889529e+00 3.000000e+00 -1.242481e+01
    endloop
  endfacet
  facet normal -3.944859e-01 -0.000000e+00 -9.189020e-01
    outer loop
      vertex   -5.889529e+00 3.000000e+00 -1.242481e+01
      vertex   -4.951355e+00 0.000000e+00 -1.282757e+01
      vertex   -5.889529e+00 0.000000e+00 -1.242481e+01
    endloop
  endfacet
  facet normal -4.615822e-01 -0.000000e+00 -8.870974e-01
    outer loop
      vertex   -5.889529e+00 3.000000e+00 -1.242481e+01
      vertex   -5.889529e+00 0.000000e+00 -1.242481e+01
      vertex   -6.795231e+00 3.000000e+00 -1.195355e+01
    endloop
  endfacet
  facet normal -4.615822e-01 -0.000000e+00 -8.870974e-01
    outer loop
      vertex   -6.795231e+00 3.000000e+00 -1.195355e+01
      vertex   -5.889529e+00 0.000000e+00 -1.242481e+01
      vertex   -6.795231e+00 0.000000e+00 -1.195355e+01
    endloop
  endfacet
  facet normal -5.261336e-01 -0.000000e+00 -8.504019e-01
    outer loop
      vertex   -6.795231e+00 3.000000e+00 -1.195355e+01
      vertex   -6.795231e+00 0.000000e+00 -1.195355e+01
      vertex   -7.663469e+00 3.000000e+00 -1.141638e+01
    endloop
  endfacet
  facet normal -5.261336e-01 -0.000000e+00 -8.504019e-01
    outer loop
      vertex   -7.663469e+00 3.000000e+00 -1.141638e+01
      vertex   -6.795231e+00 0.000000e+00 -1.195355e+01
      vertex   -7.663469e+00 0.000000e+00 -1.141638e+01
    endloop
  endfacet
  facet normal -5.877842e-01 -0.000000e+00 -8.090177e-01
    outer loop
      vertex   -7.663469e+00 3.000000e+00 -1.141638e+01
      vertex   -7.663469e+00 0.000000e+00 -1.141638e+01
      vertex   -8.489454e+00 3.000000e+00 -1.081627e+01
    endloop
  endfacet
  facet normal -5.877842e-01 -0.000000e+00 -8.090177e-01
    outer loop
      vertex   -8.489454e+00 3.000000e+00 -1.081627e+01
      vertex   -7.663469e+00 0.000000e+00 -1.141638e+01
      vertex   -8.489454e+00 0.000000e+00 -1.081627e+01
    endloop
  endfacet
  facet normal -6.461941e-01 -0.000000e+00 -7.631731e-01
    outer loop
      vertex   -8.489454e+00 3.000000e+00 -1.081627e+01
      vertex   -8.489454e+00 0.000000e+00 -1.081627e+01
      vertex   -9.268633e+00 3.000000e+00 -1.015652e+01
    endloop
  endfacet
  facet normal -6.461941e-01 -0.000000e+00 -7.631731e-01
    outer loop
      vertex   -9.268633e+00 3.000000e+00 -1.015652e+01
      vertex   -8.489454e+00 0.000000e+00 -1.081627e+01
      vertex   -9.268633e+00 0.000000e+00 -1.015652e+01
    endloop
  endfacet
  facet normal -7.010413e-01 -0.000000e+00 -7.131207e-01
    outer loop
      vertex   -9.268633e+00 3.000000e+00 -1.015652e+01
      vertex   -9.268633e+00 0.000000e+00 -1.015652e+01
      vertex   -9.996710e+00 3.000000e+00 -9.440778e+00
    endloop
  endfacet
  facet normal -7.010413e-01 -0.000000e+00 -7.131207e-01
    outer loop
      vertex   -9.996710e+00 3.000000e+00 -9.440778e+00
      vertex   -9.268633e+00 0.000000e+00 -1.015652e+01
      vertex   -9.996710e+00 0.000000e+00 -9.440778e+00
    endloop
  endfacet
  facet normal -7.520232e-01 -0.000000e+00 -6.591366e-01
    outer loop
      vertex   -9.996710e+00 3.000000e+00 -9.440778e+00
      vertex   -9.996710e+00 0.000000e+00 -9.440778e+00
      vertex   -1.066967e+01 3.000000e+00 -8.672982e+00
    endloop
  endfacet
  facet normal -7.520232e-01 -0.000000e+00 -6.591366e-01
    outer loop
      vertex   -1.066967e+01 3.000000e+00 -8.672982e+00
      vertex   -9.996710e+00 0.000000e+00 -9.440778e+00
      vertex   -1.066967e+01 0.000000e+00 -8.672982e+00
    endloop
  endfacet
  facet normal -7.988590e-01 -0.000000e+00 -6.015184e-01
    outer loop
      vertex   -1.066967e+01 3.000000e+00 -8.672982e+00
      vertex   -1.066967e+01 0.000000e+00 -8.672982e+00
      vertex   -1.128380e+01 3.000000e+00 -7.857369e+00
    endloop
  endfacet
  facet normal -7.988590e-01 -0.000000e+00 -6.015184e-01
    outer loop
      vertex   -1.128380e+01 3.000000e+00 -7.857369e+00
      vertex   -1.066967e+01 0.000000e+00 -8.672982e+00
      vertex   -1.128380e+01 0.000000e+00 -7.857369e+00
    endloop
  endfacet
  facet normal -8.412902e-01 -0.000000e+00 -5.405837e-01
    outer loop
      vertex   -1.128380e+01 3.000000e+00 -7.857369e+00
      vertex   -1.128380e+01 0.000000e+00 -7.857369e+00
      vertex   -1.183573e+01 3.000000e+00 -6.998434e+00
    endloop
  endfacet
  facet normal -8.412902e-01 -0.000000e+00 -5.405837e-01
    outer loop
      vertex   -1.183573e+01 3.000000e+00 -6.998434e+00
      vertex   -1.128380e+01 0.000000e+00 -7.857369e+00
      vertex   -1.183573e+01 0.000000e+00 -6.998434e+00
    endloop
  endfacet
  facet normal -8.790831e-01 -0.000000e+00 -4.766686e-01
    outer loop
      vertex   -1.183573e+01 3.000000e+00 -6.998434e+00
      vertex   -1.183573e+01 0.000000e+00 -6.998434e+00
      vertex   -1.232239e+01 3.000000e+00 -6.100914e+00
    endloop
  endfacet
  facet normal -8.790831e-01 -0.000000e+00 -4.766686e-01
    outer loop
      vertex   -1.232239e+01 3.000000e+00 -6.100914e+00
      vertex   -1.183573e+01 0.000000e+00 -6.998434e+00
      vertex   -1.232239e+01 0.000000e+00 -6.100914e+00
    endloop
  endfacet
  facet normal -9.120292e-01 -0.000000e+00 -4.101253e-01
    outer loop
      vertex   -1.232239e+01 3.000000e+00 -6.100914e+00
      vertex   -1.232239e+01 0.000000e+00 -6.100914e+00
      vertex   -1.274112e+01 3.000000e+00 -5.169757e+00
    endloop
  endfacet
  facet normal -9.120292e-01 -0.000000e+00 -4.101253e-01
    outer loop
      vertex   -1.274112e+01 3.000000e+00 -5.169757e+00
      vertex   -1.232239e+01 0.000000e+00 -6.100914e+00
      vertex   -1.274112e+01 0.000000e+00 -5.169757e+00
    endloop
  endfacet
  facet normal -9.399468e-01 -0.000000e+00 -3.413209e-01
    outer loop
      vertex   -1.274112e+01 3.000000e+00 -5.169757e+00
      vertex   -1.274112e+01 0.000000e+00 -5.169757e+00
      vertex   -1.308960e+01 3.000000e+00 -4.210096e+00
    endloop
  endfacet
  facet normal -9.399468e-01 -0.000000e+00 -3.413209e-01
    outer loop
      vertex   -1.308960e+01 3.000000e+00 -4.210096e+00
      vertex   -1.274112e+01 0.000000e+00 -5.169757e+00
      vertex   -1.308960e+01 0.000000e+00 -4.210096e+00
    endloop
  endfacet
  facet normal -9.626821e-01 -0.000000e+00 -2.706346e-01
    outer loop
      vertex   -1.308960e+01 3.000000e+00 -4.210096e+00
      vertex   -1.308960e+01 0.000000e+00 -4.210096e+00
      vertex   -1.336591e+01 3.000000e+00 -3.227224e+00
    endloop
  endfacet
  facet normal -9.626821e-01 -0.000000e+00 -2.706346e-01
    outer loop
      vertex   -1.336591e+01 3.000000e+00 -3.227224e+00
      vertex   -1.308960e+01 0.000000e+00 -4.210096e+00
      vertex   -1.336591e+01 0.000000e+00 -3.227224e+00
    endloop
  endfacet
  facet normal 9.927089e-01 -0.000000e+00 1.205367e-01
    outer loop
      vertex   -1.213677e+00 1.500000e+00 -2.991446e-01
      vertex   -1.213677e+00 3.000000e+00 -2.991446e-01
      vertex   -1.250000e+00 1.500000e+00 -1.530808e-16
    endloop
  endfacet
  facet normal 9.927089e-01 -1.230124e-17 1.205367e-01
    outer loop
      vertex   -1.250000e+00 1.500000e+00 -1.530808e-16
      vertex   -1.213677e+00 3.000000e+00 -2.991446e-01
      vertex   -1.250000e+00 3.000000e+00 0.000000e+00
    endloop
  endfacet
  facet normal 9.927089e-01 1.230124e-17 -1.205367e-01
    outer loop
      vertex   -1.250000e+00 1.500000e+00 -1.530808e-16
      vertex   -1.250000e+00 3.000000e+00 0.000000e+00
      vertex   -1.213677e+00 1.500000e+00 2.991446e-01
    endloop
  endfacet
  facet normal 9.927089e-01 0.000000e+00 -1.205367e-01
    outer loop
      vertex   -1.213677e+00 1.500000e+00 2.991446e-01
      vertex   -1.250000e+00 3.000000e+00 0.000000e+00
      vertex   -1.213677e+00 3.000000e+00 2.991446e-01
    endloop
  endfacet
  facet normal 9.350162e-01 0.000000e+00 -3.546049e-01
    outer loop
      vertex   -1.213677e+00 1.500000e+00 2.991446e-01
      vertex   -1.213677e+00 3.000000e+00 2.991446e-01
      vertex   -1.106820e+00 3.000000e+00 5.809040e-01
    endloop
  endfacet
  facet normal 9.350162e-01 -0.000000e+00 3.546049e-01
    outer loop
      vertex   -1.213677e+00 1.500000e+00 -2.991446e-01
      vertex   -1.106820e+00 1.500000e+00 -5.809040e-01
      vertex   -1.213677e+00 3.000000e+00 -2.991446e-01
    endloop
  endfacet
  facet normal 9.350162e-01 0.000000e+00 3.546049e-01
    outer loop
      vertex   -1.213677e+00 3.000000e+00 -2.991446e-01
      vertex   -1.106820e+00 1.500000e+00 -5.809040e-01
      vertex   -1.106820e+00 3.000000e+00 -5.809040e-01
    endloop
  endfacet
  facet normal 8.229839e-01 0.000000e+00 5.680647e-01
    outer loop
      vertex   -1.106820e+00 3.000000e+00 -5.809040e-01
      vertex   -1.106820e+00 1.500000e+00 -5.809040e-01
      vertex   -9.356384e-01 1.500000e+00 -8.289033e-01
    endloop
  endfacet
  facet normal 8.229839e-01 0.000000e+00 5.680647e-01
    outer loop
      vertex   -1.106820e+00 3.000000e+00 -5.809040e-01
      vertex   -9.356384e-01 1.500000e+00 -8.289033e-01
      vertex   -9.356384e-01 3.000000e+00 -8.289033e-01
    endloop
  endfacet
  facet normal 6.631227e-01 0.000000e+00 7.485107e-01
    outer loop
      vertex   -9.356384e-01 3.000000e+00 -8.289033e-01
      vertex   -9.356384e-01 1.500000e+00 -8.289033e-01
      vertex   -7.100809e-01 1.500000e+00 -1.028730e+00
    endloop
  endfacet
  facet normal 6.631227e-01 0.000000e+00 7.485107e-01
    outer loop
      vertex   -9.356384e-01 3.000000e+00 -8.289033e-01
      vertex   -7.100809e-01 1.500000e+00 -1.028730e+00
      vertex   -7.100809e-01 3.000000e+00 -1.028730e+00
    endloop
  endfacet
  facet normal 4.647232e-01 0.000000e+00 8.854560e-01
    outer loop
      vertex   -7.100809e-01 3.000000e+00 -1.028730e+00
      vertex   -7.100809e-01 1.500000e+00 -1.028730e+00
      vertex   -4.432561e-01 1.500000e+00 -1.168770e+00
    endloop
  endfacet
  facet normal 4.647232e-01 0.000000e+00 8.854560e-01
    outer loop
      vertex   -7.100809e-01 3.000000e+00 -1.028730e+00
      vertex   -4.432561e-01 1.500000e+00 -1.168770e+00
      vertex   -4.432561e-01 3.000000e+00 -1.168770e+00
    endloop
  endfacet
  facet normal 2.393157e-01 0.000000e+00 9.709418e-01
    outer loop
      vertex   -4.432561e-01 3.000000e+00 -1.168770e+00
      vertex   -4.432561e-01 1.500000e+00 -1.168770e+00
      vertex   -1.506709e-01 1.500000e+00 -1.240886e+00
    endloop
  endfacet
  facet normal 2.393157e-01 0.000000e+00 9.709418e-01
    outer loop
      vertex   -4.432561e-01 3.000000e+00 -1.168770e+00
      vertex   -1.506709e-01 1.500000e+00 -1.240886e+00
      vertex   -1.506709e-01 3.000000e+00 -1.240886e+00
    endloop
  endfacet
  facet normal 0.000000e+00 0.000000e+00 1.000000e+00
    outer loop
      vertex   -1.506709e-01 3.000000e+00 -1.240886e+00
      vertex   -1.506709e-01 1.500000e+00 -1.240886e+00
      vertex   1.506709e-01 1.500000e+00 -1.240886e+00
    endloop
  endfacet
  facet normal -0.000000e+00 0.000000e+00 1.000000e+00
    outer loop
      vertex   -1.506709e-01 3.000000e+00 -1.240886e+00
      vertex   1.506709e-01 1.500000e+00 -1.240886e+00
      vertex   1.506709e-01 3.000000e+00 -1.240886e+00
    endloop
  endfacet
  facet normal -2.393157e-01 0.000000e+00 9.709418e-01
    outer loop
      vertex   1.506709e-01 3.000000e+00 -1.240886e+00
      vertex   1.506709e-01 1.500000e+00 -1.240886e+00
      vertex   4.432561e-01 1.500000e+00 -1.168770e+00
    endloop
  endfacet
  facet normal -2.393157e-01 0.000000e+00 9.709418e-01
    outer loop
      vertex   1.506709e-01 3.000000e+00 -1.240886e+00
      vertex   4.432561e-01 1.500000e+00 -1.168770e+00
      vertex   4.432561e-01 3.000000e+00 -1.168770e+00
    endloop
  endfacet
  facet normal -4.647232e-01 0.000000e+00 8.854560e-01
    outer loop
      vertex   4.432561e-01 3.000000e+00 -1.168770e+00
      vertex   4.432561e-01 1.500000e+00 -1.168770e+00
      vertex   7.100809e-01 1.500000e+00 -1.028730e+00
    endloop
  endfacet
  facet normal -4.647232e-01 0.000000e+00 8.854560e-01
    outer loop
      vertex   4.432561e-01 3.000000e+00 -1.168770e+00
      vertex   7.100809e-01 1.500000e+00 -1.028730e+00
      vertex   7.100809e-01 3.000000e+00 -1.028730e+00
    endloop
  endfacet
  facet normal -6.631227e-01 0.000000e+00 7.485107e-01
    outer loop
      vertex   7.100809e-01 3.000000e+00 -1.028730e+00
      vertex   7.100809e-01 1.500000e+00 -1.028730e+00
      vertex   9.356384e-01 1.500000e+00 -8.289033e-01
    endloop
  endfacet
  facet normal -6.631227e-01 0.000000e+00 7.485107e-01
    outer loop
      vertex   7.100809e-01 3.000000e+00 -1.028730e+00
      vertex   9.356384e-01 1.500000e+00 -8.289033e-01
      vertex   9.356384e-01 3.000000e+00 -8.289033e-01
    endloop
  endfacet
  facet normal -8.229839e-01 0.000000e+00 5.680647e-01
    outer loop
      vertex   9.356384e-01 3.000000e+00 -8.289033e-01
      vertex   9.356384e-01 1.500000e+00 -8.289033e-01
      vertex   1.106820e+00 1.500000e+00 -5.809040e-01
    endloop
  endfacet
  facet normal -8.229839e-01 0.000000e+00 5.680647e-01
    outer loop
      vertex   9.356384e-01 3.000000e+00 -8.289033e-01
      vertex   1.106820e+00 1.500000e+00 -5.809040e-01
      vertex   1.106820e+00 3.000000e+00 -5.809040e-01
    endloop
  endfacet
  facet normal -9.350162e-01 0.000000e+00 3.546049e-01
    outer loop
      vertex   1.106820e+00 3.000000e+00 -5.809040e-01
      vertex   1.106820e+00 1.500000e+00 -5.809040e-01
      vertex   1.213677e+00 1.500000e+00 -2.991446e-01
    endloop
  endfacet
  facet normal -9.350162e-01 0.000000e+00 3.546049e-01
    outer loop
      vertex   1.106820e+00 3.000000e+00 -5.809040e-01
      vertex   1.213677e+00 1.500000e+00 -2.991446e-01
      vertex   1.213677e+00 3.000000e+00 -2.991446e-01
    endloop
  endfacet
  facet normal -9.927089e-01 0.000000e+00 1.205367e-01
    outer loop
      vertex   1.213677e+00 3.000000e+00 -2.991446e-01
      vertex   1.213677e+00 1.500000e+00 -2.991446e-01
      vertex   1.250000e+00 1.500000e+00 0.000000e+00
    endloop
  endfacet
  facet normal -9.927089e-01 0.000000e+00 1.205367e-01
    outer loop
      vertex   1.213677e+00 3.000000e+00 -2.991446e-01
      vertex   1.250000e+00 1.500000e+00 0.000000e+00
      vertex   1.250000e+00 3.000000e+00 0.000000e+00
    endloop
  endfacet
  facet normal -9.927089e-01 -0.000000e+00 -1.205367e-01
    outer loop
      vertex   1.250000e+00 3.000000e+00 0.000000e+00
      vertex   1.250000e+00 1.500000e+00 0.000000e+00
      vertex   1.213677e+00 1.500000e+00 2.991446e-01
    endloop
  endfacet
  facet normal -9.927089e-01 0.000000e+00 -1.205367e-01
    outer loop
      vertex   1.250000e+00 3.000000e+00 0.000000e+00
      vertex   1.213677e+00 1.500000e+00 2.991446e-01
      vertex   1.213677e+00 3.000000e+00 2.991446e-01
    endloop
  endfacet
  facet normal -9.350162e-01 -0.000000e+00 -3.546049e-01
    outer loop
      vertex   1.213677e+00 3.000000e+00 2.991446e-01
      vertex   1.213677e+00 1.500000e+00 2.991446e-01
      vertex   1.106820e+00 1.500000e+00 5.809040e-01
    endloop
  endfacet
  facet normal -9.350162e-01 0.000000e+00 -3.546049e-01
    outer loop
      vertex   1.213677e+00 3.000000e+00 2.991446e-01
      vertex   1.106820e+00 1.500000e+00 5.809040e-01
      vertex   1.106820e+00 3.000000e+00 5.809040e-01
    endloop
  endfacet
  facet normal -8.229839e-01 -0.000000e+00 -5.680647e-01
    outer loop
      vertex   1.106820e+00 3.000000e+00 5.809040e-01
      vertex   1.106820e+00 1.500000e+00 5.809040e-01
      vertex   9.356384e-01 1.500000e+00 8.289033e-01
    endloop
  endfacet
  facet normal -8.229839e-01 0.000000e+00 -5.680647e-01
    outer loop
      vertex   1.106820e+00 3.000000e+00 5.809040e-01
      vertex   9.356384e-01 1.500000e+00 8.289033e-01
      vertex   9.356384e-01 3.000000e+00 8.289033e-01
    endloop
  endfacet
  facet normal -6.631227e-01 -0.000000e+00 -7.485107e-01
    outer loop
      vertex   9.356384e-01 3.000000e+00 8.289033e-01
      vertex   9.356384e-01 1.500000e+00 8.289033e-01
      vertex   7.100809e-01 1.500000e+00 1.028730e+00
    endloop
  endfacet
  facet normal -6.631227e-01 0.000000e+00 -7.485107e-01
    outer loop
      vertex   9.356384e-01 3.000000e+00 8.289033e-01
      vertex   7.100809e-01 1.500000e+00 1.028730e+00
      vertex   7.100809e-01 3.000000e+00 1.028730e+00
    endloop
  endfacet
  facet normal -4.647232e-01 -0.000000e+00 -8.854560e-01
    outer loop
      vertex   7.100809e-01 3.000000e+00 1.028730e+00
      vertex   7.100809e-01 1.500000e+00 1.028730e+00
      vertex   4.432561e-01 1.500000e+00 1.168770e+00
    endloop
  endfacet
  facet normal -4.647232e-01 0.000000e+00 -8.854560e-01
    outer loop
      vertex   7.100809e-01 3.000000e+00 1.028730e+00
      vertex   4.432561e-01 1.500000e+00 1.168770e+00
      vertex   4.432561e-01 3.000000e+00 1.168770e+00
    endloop
  endfacet
  facet normal -2.393157e-01 -0.000000e+00 -9.709418e-01
    outer loop
      vertex   4.432561e-01 3.000000e+00 1.168770e+00
      vertex   4.432561e-01 1.500000e+00 1.168770e+00
      vertex   1.506709e-01 1.500000e+00 1.240886e+00
    endloop
  endfacet
  facet normal -2.393157e-01 0.000000e+00 -9.709418e-01
    outer loop
      vertex   4.432561e-01 3.000000e+00 1.168770e+00
      vertex   1.506709e-01 1.500000e+00 1.240886e+00
      vertex   1.506709e-01 3.000000e+00 1.240886e+00
    endloop
  endfacet
  facet normal 0.000000e+00 -0.000000e+00 -1.000000e+00
    outer loop
      vertex   1.506709e-01 3.000000e+00 1.240886e+00
      vertex   1.506709e-01 1.500000e+00 1.240886e+00
      vertex   -1.506709e-01 1.500000e+00 1.240886e+00
    endloop
  endfacet
  facet normal -0.000000e+00 0.000000e+00 -1.000000e+00
    outer loop
      vertex   1.506709e-01 3.000000e+00 1.240886e+00
      vertex   -1.506709e-01 1.500000e+00 1.240886e+00
      vertex   -1.506709e-01 3.000000e+00 1.240886e+00
    endloop
  endfacet
  facet normal 2.393157e-01 0.000000e+00 -9.709418e-01
    outer loop
      vertex   -1.506709e-01 3.000000e+00 1.240886e+00
      vertex   -1.506709e-01 1.500000e+00 1.240886e+00
      vertex   -4.432561e-01 1.500000e+00 1.168770e+00
    endloop
  endfacet
  facet normal 2.393157e-01 0.000000e+00 -9.709418e-01
    outer loop
      vertex   -1.506709e-01 3.000000e+00 1.240886e+00
      vertex   -4.432561e-01 1.500000e+00 1.168770e+00
      vertex   -4.432561e-01 3.000000e+00 1.168770e+00
    endloop
  endfacet
  facet normal 4.647232e-01 0.000000e+00 -8.854560e-01
    outer loop
      vertex   -4.432561e-01 3.000000e+00 1.168770e+00
      vertex   -4.432561e-01 1.500000e+00 1.168770e+00
      vertex   -7.100809e-01 1.500000e+00 1.028730e+00
    endloop
  endfacet
  facet normal 4.647232e-01 0.000000e+00 -8.854560e-01
    outer loop
      vertex   -4.432561e-01 3.000000e+00 1.168770e+00
      vertex   -7.100809e-01 1.500000e+00 1.028730e+00
      vertex   -7.100809e-01 3.000000e+00 1.028730e+00
    endloop
  endfacet
  facet normal 6.631227e-01 0.000000e+00 -7.485107e-01
    outer loop
      vertex   -7.100809e-01 3.000000e+00 1.028730e+00
      vertex   -7.100809e-01 1.500000e+00 1.028730e+00
      vertex   -9.356384e-01 1.500000e+00 8.289033e-01
    endloop
  endfacet
  facet normal 6.631227e-01 0.000000e+00 -7.485107e-01
    outer loop
      vertex   -7.100809e-01 3.000000e+00 1.028730e+00
      vertex   -9.356384e-01 1.500000e+00 8.289033e-01
      vertex   -9.356384e-01 3.000000e+00 8.289033e-01
    endloop
  endfacet
  facet normal 8.229839e-01 0.000000e+00 -5.680647e-01
    outer loop
      vertex   -9.356384e-01 3.000000e+00 8.289033e-01
      vertex   -9.356384e-01 1.500000e+00 8.289033e-01
      vertex   -1.106820e+00 1.500000e+00 5.809040e-01
    endloop
  endfacet
  facet normal 8.229839e-01 0.000000e+00 -5.680647e-01
    outer loop
      vertex   -9.356384e-01 3.000000e+00 8.289033e-01
      vertex   -1.106820e+00 1.500000e+00 5.809040e-01
      vertex   -1.106820e+00 3.000000e+00 5.809040e-01
    endloop
  endfacet
  facet normal 9.350162e-01 0.000000e+00 -3.546049e-01
    outer loop
      vertex   -1.106820e+00 3.000000e+00 5.809040e-01
      vertex   -1.106820e+00 1.500000e+00 5.809040e-01
      vertex   -1.213677e+00 1.500000e+00 2.991446e-01
    endloop
  endfacet
  facet normal 9.951847e-01 -0.000000e+00 9.801714e-02
    outer loop
      vertex   -3.571157e+01 0.000000e+00 -3.901806e-01
      vertex   -3.571157e+01 3.000000e+00 -3.901806e-01
      vertex   -3.575000e+01 0.000000e+00 2.449294e-16
    endloop
  endfacet
  facet normal 9.951847e-01 8.002425e-18 9.801714e-02
    outer loop
      vertex   -3.575000e+01 0.000000e+00 2.449294e-16
      vertex   -3.571157e+01 3.000000e+00 -3.901806e-01
      vertex   -3.575000e+01 3.000000e+00 0.000000e+00
    endloop
  endfacet
  facet normal 9.951847e-01 -8.002425e-18 -9.801714e-02
    outer loop
      vertex   -3.575000e+01 0.000000e+00 2.449294e-16
      vertex   -3.575000e+01 3.000000e+00 0.000000e+00
      vertex   -3.571157e+01 0.000000e+00 3.901806e-01
    endloop
  endfacet
  facet normal 9.951847e-01 0.000000e+00 -9.801714e-02
    outer loop
      vertex   -3.571157e+01 0.000000e+00 3.901806e-01
      vertex   -3.575000e+01 3.000000e+00 0.000000e+00
      vertex   -3.571157e+01 3.000000e+00 3.901806e-01
    endloop
  endfacet
  facet normal 9.569403e-01 0.000000e+00 -2.902847e-01
    outer loop
      vertex   -3.571157e+01 0.000000e+00 3.901806e-01
      vertex   -3.571157e+01 3.000000e+00 3.901806e-01
      vertex   -3.559776e+01 0.000000e+00 7.653669e-01
    endloop
  endfacet
  facet normal 9.569403e-01 0.000000e+00 -2.902847e-01
    outer loop
      vertex   -3.559776e+01 0.000000e+00 7.653669e-01
      vertex   -3.571157e+01 3.000000e+00 3.901806e-01
      vertex   -3.559776e+01 3.000000e+00 7.653669e-01
    endloop
  endfacet
  facet normal 8.819213e-01 0.000000e+00 -4.713967e-01
    outer loop
      vertex   -3.559776e+01 0.000000e+00 7.653669e-01
      vertex   -3.559776e+01 3.000000e+00 7.653669e-01
      vertex   -3.541294e+01 0.000000e+00 1.111140e+00
    endloop
  endfacet
  facet normal 8.819213e-01 0.000000e+00 -4.713967e-01
    outer loop
      vertex   -3.541294e+01 0.000000e+00 1.111140e+00
      vertex   -3.559776e+01 3.000000e+00 7.653669e-01
      vertex   -3.541294e+01 3.000000e+00 1.111140e+00
    endloop
  endfacet
  facet normal 7.730105e-01 0.000000e+00 -6.343933e-01
    outer loop
      vertex   -3.541294e+01 0.000000e+00 1.111140e+00
      vertex   -3.541294e+01 3.000000e+00 1.111140e+00
      vertex   -3.516421e+01 0.000000e+00 1.414214e+00
    endloop
  endfacet
  facet normal 7.730105e-01 0.000000e+00 -6.343933e-01
    outer loop
      vertex   -3.516421e+01 0.000000e+00 1.414214e+00
      vertex   -3.541294e+01 3.000000e+00 1.111140e+00
      vertex   -3.516421e+01 3.000000e+00 1.414214e+00
    endloop
  endfacet
  facet normal 6.343933e-01 0.000000e+00 -7.730105e-01
    outer loop
      vertex   -3.516421e+01 0.000000e+00 1.414214e+00
      vertex   -3.516421e+01 3.000000e+00 1.414214e+00
      vertex   -3.486114e+01 0.000000e+00 1.662939e+00
    endloop
  endfacet
  facet normal 6.343933e-01 0.000000e+00 -7.730105e-01
    outer loop
      vertex   -3.486114e+01 0.000000e+00 1.662939e+00
      vertex   -3.516421e+01 3.000000e+00 1.414214e+00
      vertex   -3.486114e+01 3.000000e+00 1.662939e+00
    endloop
  endfacet
  facet normal 4.713967e-01 0.000000e+00 -8.819213e-01
    outer loop
      vertex   -3.486114e+01 0.000000e+00 1.662939e+00
      vertex   -3.486114e+01 3.000000e+00 1.662939e+00
      vertex   -3.451537e+01 0.000000e+00 1.847759e+00
    endloop
  endfacet
  facet normal 4.713967e-01 0.000000e+00 -8.819213e-01
    outer loop
      vertex   -3.451537e+01 0.000000e+00 1.847759e+00
      vertex   -3.486114e+01 3.000000e+00 1.662939e+00
      vertex   -3.451537e+01 3.000000e+00 1.847759e+00
    endloop
  endfacet
  facet normal 2.902847e-01 0.000000e+00 -9.569403e-01
    outer loop
      vertex   -3.451537e+01 0.000000e+00 1.847759e+00
      vertex   -3.451537e+01 3.000000e+00 1.847759e+00
      vertex   -3.414018e+01 0.000000e+00 1.961571e+00
    endloop
  endfacet
  facet normal 2.902847e-01 0.000000e+00 -9.569403e-01
    outer loop
      vertex   -3.414018e+01 0.000000e+00 1.961571e+00
      vertex   -3.451537e+01 3.000000e+00 1.847759e+00
      vertex   -3.414018e+01 3.000000e+00 1.961571e+00
    endloop
  endfacet
  facet normal 9.801714e-02 0.000000e+00 -9.951847e-01
    outer loop
      vertex   -3.414018e+01 0.000000e+00 1.961571e+00
      vertex   -3.414018e+01 3.000000e+00 1.961571e+00
      vertex   -3.375000e+01 0.000000e+00 2.000000e+00
    endloop
  endfacet
  facet normal 9.801714e-02 0.000000e+00 -9.951847e-01
    outer loop
      vertex   -3.375000e+01 0.000000e+00 2.000000e+00
      vertex   -3.414018e+01 3.000000e+00 1.961571e+00
      vertex   -3.375000e+01 3.000000e+00 2.000000e+00
    endloop
  endfacet
  facet normal -9.801714e-02 0.000000e+00 -9.951847e-01
    outer loop
      vertex   -3.375000e+01 0.000000e+00 2.000000e+00
      vertex   -3.375000e+01 3.000000e+00 2.000000e+00
      vertex   -3.335982e+01 0.000000e+00 1.961571e+00
    endloop
  endfacet
  facet normal -9.801714e-02 0.000000e+00 -9.951847e-01
    outer loop
      vertex   -3.335982e+01 0.000000e+00 1.961571e+00
      vertex   -3.375000e+01 3.000000e+00 2.000000e+00
      vertex   -3.335982e+01 3.000000e+00 1.961571e+00
    endloop
  endfacet
  facet normal -2.902847e-01 0.000000e+00 -9.569403e-01
    outer loop
      vertex   -3.335982e+01 0.000000e+00 1.961571e+00
      vertex   -3.335982e+01 3.000000e+00 1.961571e+00
      vertex   -3.298463e+01 0.000000e+00 1.847759e+00
    endloop
  endfacet
  facet normal -2.902847e-01 0.000000e+00 -9.569403e-01
    outer loop
      vertex   -3.298463e+01 0.000000e+00 1.847759e+00
      vertex   -3.335982e+01 3.000000e+00 1.961571e+00
      vertex   -3.298463e+01 3.000000e+00 1.847759e+00
    endloop
  endfacet
  facet normal -4.713967e-01 0.000000e+00 -8.819213e-01
    outer loop
      vertex   -3.298463e+01 0.000000e+00 1.847759e+00
      vertex   -3.298463e+01 3.000000e+00 1.847759e+00
      vertex   -3.263886e+01 0.000000e+00 1.662939e+00
    endloop
  endfacet
  facet normal -4.713967e-01 0.000000e+00 -8.819213e-01
    outer loop
      vertex   -3.263886e+01 0.000000e+00 1.662939e+00
      vertex   -3.298463e+01 3.000000e+00 1.847759e+00
      vertex   -3.263886e+01 3.000000e+00 1.662939e+00
    endloop
  endfacet
  facet normal -6.343933e-01 0.000000e+00 -7.730105e-01
    outer loop
      vertex   -3.263886e+01 0.000000e+00 1.662939e+00
      vertex   -3.263886e+01 3.000000e+00 1.662939e+00
      vertex   -3.233579e+01 0.000000e+00 1.414214e+00
    endloop
  endfacet
  facet normal -6.343933e-01 0.000000e+00 -7.730105e-01
    outer loop
      vertex   -3.233579e+01 0.000000e+00 1.414214e+00
      vertex   -3.263886e+01 3.000000e+00 1.662939e+00
      vertex   -3.233579e+01 3.000000e+00 1.414214e+00
    endloop
  endfacet
  facet normal -7.730105e-01 0.000000e+00 -6.343933e-01
    outer loop
      vertex   -3.233579e+01 0.000000e+00 1.414214e+00
      vertex   -3.233579e+01 3.000000e+00 1.414214e+00
      vertex   -3.208706e+01 0.000000e+00 1.111140e+00
    endloop
  endfacet
  facet normal -7.730105e-01 0.000000e+00 -6.343933e-01
    outer loop
      vertex   -3.208706e+01 0.000000e+00 1.111140e+00
      vertex   -3.233579e+01 3.000000e+00 1.414214e+00
      vertex   -3.208706e+01 3.000000e+00 1.111140e+00
    endloop
  endfacet
  facet normal -8.819213e-01 0.000000e+00 -4.713967e-01
    outer loop
      vertex   -3.208706e+01 0.000000e+00 1.111140e+00
      vertex   -3.208706e+01 3.000000e+00 1.111140e+00
      vertex   -3.190224e+01 0.000000e+00 7.653669e-01
    endloop
  endfacet
  facet normal -8.819213e-01 0.000000e+00 -4.713967e-01
    outer loop
      vertex   -3.190224e+01 0.000000e+00 7.653669e-01
      vertex   -3.208706e+01 3.000000e+00 1.111140e+00
      vertex   -3.190224e+01 3.000000e+00 7.653669e-01
    endloop
  endfacet
  facet normal -9.569403e-01 0.000000e+00 -2.902847e-01
    outer loop
      vertex   -3.190224e+01 0.000000e+00 7.653669e-01
      vertex   -3.190224e+01 3.000000e+00 7.653669e-01
      vertex   -3.178843e+01 0.000000e+00 3.901806e-01
    endloop
  endfacet
  facet normal -9.569403e-01 0.000000e+00 -2.902847e-01
    outer loop
      vertex   -3.178843e+01 0.000000e+00 3.901806e-01
      vertex   -3.190224e+01 3.000000e+00 7.653669e-01
      vertex   -3.178843e+01 3.000000e+00 3.901806e-01
    endloop
  endfacet
  facet normal -9.951847e-01 0.000000e+00 -9.801714e-02
    outer loop
      vertex   -3.178843e+01 0.000000e+00 3.901806e-01
      vertex   -3.178843e+01 3.000000e+00 3.901806e-01
      vertex   -3.175000e+01 0.000000e+00 0.000000e+00
    endloop
  endfacet
  facet normal -9.951847e-01 0.000000e+00 -9.801714e-02
    outer loop
      vertex   -3.175000e+01 0.000000e+00 0.000000e+00
      vertex   -3.178843e+01 3.000000e+00 3.901806e-01
      vertex   -3.175000e+01 3.000000e+00 0.000000e+00
    endloop
  endfacet
  facet normal -9.951847e-01 0.000000e+00 9.801714e-02
    outer loop
      vertex   -3.175000e+01 0.000000e+00 0.000000e+00
      vertex   -3.175000e+01 3.000000e+00 0.000000e+00
      vertex   -3.178843e+01 0.000000e+00 -3.901806e-01
    endloop
  endfacet
  facet normal -9.951847e-01 0.000000e+00 9.801714e-02
    outer loop
      vertex   -3.178843e+01 0.000000e+00 -3.901806e-01
      vertex   -3.175000e+01 3.000000e+00 0.000000e+00
      vertex   -3.178843e+01 3.000000e+00 -3.901806e-01
    endloop
  endfacet
  facet normal -9.569403e-01 0.000000e+00 2.902847e-01
    outer loop
      vertex   -3.178843e+01 0.000000e+00 -3.901806e-01
      vertex   -3.178843e+01 3.000000e+00 -3.901806e-01
      vertex   -3.190224e+01 0.000000e+00 -7.653669e-01
    endloop
  endfacet
  facet normal -9.569403e-01 0.000000e+00 2.902847e-01
    outer loop
      vertex   -3.190224e+01 0.000000e+00 -7.653669e-01
      vertex   -3.178843e+01 3.000000e+00 -3.901806e-01
      vertex   -3.190224e+01 3.000000e+00 -7.653669e-01
    endloop
  endfacet
  facet normal -8.819213e-01 0.000000e+00 4.713967e-01
    outer loop
      vertex   -3.190224e+01 0.000000e+00 -7.653669e-01
      vertex   -3.190224e+01 3.000000e+00 -7.653669e-01
      vertex   -3.208706e+01 0.000000e+00 -1.111140e+00
    endloop
  endfacet
  facet normal -8.819213e-01 0.000000e+00 4.713967e-01
    outer loop
      vertex   -3.208706e+01 0.000000e+00 -1.111140e+00
      vertex   -3.190224e+01 3.000000e+00 -7.653669e-01
      vertex   -3.208706e+01 3.000000e+00 -1.111140e+00
    endloop
  endfacet
  facet normal -7.730105e-01 0.000000e+00 6.343933e-01
    outer loop
      vertex   -3.208706e+01 0.000000e+00 -1.111140e+00
      vertex   -3.208706e+01 3.000000e+00 -1.111140e+00
      vertex   -3.233579e+01 0.000000e+00 -1.414214e+00
    endloop
  endfacet
  facet normal -7.730105e-01 0.000000e+00 6.343933e-01
    outer loop
      vertex   -3.233579e+01 0.000000e+00 -1.414214e+00
      vertex   -3.208706e+01 3.000000e+00 -1.111140e+00
      vertex   -3.233579e+01 3.000000e+00 -1.414214e+00
    endloop
  endfacet
  facet normal -6.343933e-01 0.000000e+00 7.730105e-01
    outer loop
      vertex   -3.233579e+01 0.000000e+00 -1.414214e+00
      vertex   -3.233579e+01 3.000000e+00 -1.414214e+00
      vertex   -3.263886e+01 0.000000e+00 -1.662939e+00
    endloop
  endfacet
  facet normal -6.343933e-01 0.000000e+00 7.730105e-01
    outer loop
      vertex   -3.263886e+01 0.000000e+00 -1.662939e+00
      vertex   -3.233579e+01 3.000000e+00 -1.414214e+00
      vertex   -3.263886e+01 3.000000e+00 -1.662939e+00
    endloop
  endfacet
  facet normal -4.713967e-01 0.000000e+00 8.819213e-01
    outer loop
      vertex   -3.263886e+01 0.000000e+00 -1.662939e+00
      vertex   -3.263886e+01 3.000000e+00 -1.662939e+00
      vertex   -3.298463e+01 0.000000e+00 -1.847759e+00
    endloop
  endfacet
  facet normal -4.713967e-01 0.000000e+00 8.819213e-01
    outer loop
      vertex   -3.298463e+01 0.000000e+00 -1.847759e+00
      vertex   -3.263886e+01 3.000000e+00 -1.662939e+00
      vertex   -3.298463e+01 3.000000e+00 -1.847759e+00
    endloop
  endfacet
  facet normal -2.902847e-01 0.000000e+00 9.569403e-01
    outer loop
      vertex   -3.298463e+01 0.000000e+00 -1.847759e+00
      vertex   -3.298463e+01 3.000000e+00 -1.847759e+00
      vertex   -3.335982e+01 0.000000e+00 -1.961571e+00
    endloop
  endfacet
  facet normal -2.902847e-01 0.000000e+00 9.569403e-01
    outer loop
      vertex   -3.335982e+01 0.000000e+00 -1.961571e+00
      vertex   -3.298463e+01 3.000000e+00 -1.847759e+00
      vertex   -3.335982e+01 3.000000e+00 -1.961571e+00
    endloop
  endfacet
  facet normal -9.801714e-02 0.000000e+00 9.951847e-01
    outer loop
      vertex   -3.335982e+01 0.000000e+00 -1.961571e+00
      vertex   -3.335982e+01 3.000000e+00 -1.961571e+00
      vertex   -3.375000e+01 0.000000e+00 -2.000000e+00
    endloop
  endfacet
  facet normal -9.801714e-02 0.000000e+00 9.951847e-01
    outer loop
      vertex   -3.375000e+01 0.000000e+00 -2.000000e+00
      vertex   -3.335982e+01 3.000000e+00 -1.961571e+00
      vertex   -3.375000e+01 3.000000e+00 -2.000000e+00
    endloop
  endfacet
  facet normal 9.801714e-02 -0.000000e+00 9.951847e-01
    outer loop
      vertex   -3.375000e+01 0.000000e+00 -2.000000e+00
      vertex   -3.375000e+01 3.000000e+00 -2.000000e+00
      vertex   -3.414018e+01 0.000000e+00 -1.961571e+00
    endloop
  endfacet
  facet normal 9.801714e-02 -0.000000e+00 9.951847e-01
    outer loop
      vertex   -3.414018e+01 0.000000e+00 -1.961571e+00
      vertex   -3.375000e+01 3.000000e+00 -2.000000e+00
      vertex   -3.414018e+01 3.000000e+00 -1.961571e+00
    endloop
  endfacet
  facet normal 2.902847e-01 -0.000000e+00 9.569403e-01
    outer loop
      vertex   -3.414018e+01 0.000000e+00 -1.961571e+00
      vertex   -3.414018e+01 3.000000e+00 -1.961571e+00
      vertex   -3.451537e+01 0.000000e+00 -1.847759e+00
    endloop
  endfacet
  facet normal 2.902847e-01 -0.000000e+00 9.569403e-01
    outer loop
      vertex   -3.451537e+01 0.000000e+00 -1.847759e+00
      vertex   -3.414018e+01 3.000000e+00 -1.961571e+00
      vertex   -3.451537e+01 3.000000e+00 -1.847759e+00
    endloop
  endfacet
  facet normal 4.713967e-01 -0.000000e+00 8.819213e-01
    outer loop
      vertex   -3.451537e+01 0.000000e+00 -1.847759e+00
      vertex   -3.451537e+01 3.000000e+00 -1.847759e+00
      vertex   -3.486114e+01 0.000000e+00 -1.662939e+00
    endloop
  endfacet
  facet normal 4.713967e-01 -0.000000e+00 8.819213e-01
    outer loop
      vertex   -3.486114e+01 0.000000e+00 -1.662939e+00
      vertex   -3.451537e+01 3.000000e+00 -1.847759e+00
      vertex   -3.486114e+01 3.000000e+00 -1.662939e+00
    endloop
  endfacet
  facet normal 6.343933e-01 -0.000000e+00 7.730105e-01
    outer loop
      vertex   -3.486114e+01 0.000000e+00 -1.662939e+00
      vertex   -3.486114e+01 3.000000e+00 -1.662939e+00
      vertex   -3.516421e+01 0.000000e+00 -1.414214e+00
    endloop
  endfacet
  facet normal 6.343933e-01 -0.000000e+00 7.730105e-01
    outer loop
      vertex   -3.516421e+01 0.000000e+00 -1.414214e+00
      vertex   -3.486114e+01 3.000000e+00 -1.662939e+00
      vertex   -3.516421e+01 3.000000e+00 -1.414214e+00
    endloop
  endfacet
  facet normal 7.730105e-01 -0.000000e+00 6.343933e-01
    outer loop
      vertex   -3.516421e+01 0.000000e+00 -1.414214e+00
      vertex   -3.516421e+01 3.000000e+00 -1.414214e+00
      vertex   -3.541294e+01 0.000000e+00 -1.111140e+00
    endloop
  endfacet
  facet normal 7.730105e-01 -0.000000e+00 6.343933e-01
    outer loop
      vertex   -3.541294e+01 0.000000e+00 -1.111140e+00
      vertex   -3.516421e+01 3.000000e+00 -1.414214e+00
      vertex   -3.541294e+01 3.000000e+00 -1.111140e+00
    endloop
  endfacet
  facet normal 8.819213e-01 -0.000000e+00 4.713967e-01
    outer loop
      vertex   -3.541294e+01 0.000000e+00 -1.111140e+00
      vertex   -3.541294e+01 3.000000e+00 -1.111140e+00
      vertex   -3.559776e+01 0.000000e+00 -7.653669e-01
    endloop
  endfacet
  facet normal 8.819213e-01 -0.000000e+00 4.713967e-01
    outer loop
      vertex   -3.559776e+01 0.000000e+00 -7.653669e-01
      vertex   -3.541294e+01 3.000000e+00 -1.111140e+00
      vertex   -3.559776e+01 3.000000e+00 -7.653669e-01
    endloop
  endfacet
  facet normal 9.569403e-01 -0.000000e+00 2.902847e-01
    outer loop
      vertex   -3.559776e+01 0.000000e+00 -7.653669e-01
      vertex   -3.559776e+01 3.000000e+00 -7.653669e-01
      vertex   -3.571157e+01 0.000000e+00 -3.901806e-01
    endloop
  endfacet
  facet normal 9.569403e-01 -0.000000e+00 2.902847e-01
    outer loop
      vertex   -3.571157e+01 0.000000e+00 -3.901806e-01
      vertex   -3.559776e+01 3.000000e+00 -7.653669e-01
      vertex   -3.571157e+01 3.000000e+00 -3.901806e-01
    endloop
  endfacet
  facet normal -7.473009e-02 -0.000000e+00 -9.972038e-01
    outer loop
      vertex   -3.375000e+01 3.000000e+00 -3.250000e+00
      vertex   -3.375000e+01 0.000000e+00 -3.250000e+00
      vertex   -3.423439e+01 3.000000e+00 -3.213700e+00
    endloop
  endfacet
  facet normal -7.473009e-02 -0.000000e+00 -9.972038e-01
    outer loop
      vertex   -3.423439e+01 3.000000e+00 -3.213700e+00
      vertex   -3.375000e+01 0.000000e+00 -3.250000e+00
      vertex   -3.423439e+01 0.000000e+00 -3.213700e+00
    endloop
  endfacet
  facet normal -2.225209e-01 -0.000000e+00 -9.749279e-01
    outer loop
      vertex   -3.423439e+01 3.000000e+00 -3.213700e+00
      vertex   -3.423439e+01 0.000000e+00 -3.213700e+00
      vertex   -3.470795e+01 3.000000e+00 -3.105612e+00
    endloop
  endfacet
  facet normal -2.225209e-01 -0.000000e+00 -9.749279e-01
    outer loop
      vertex   -3.470795e+01 3.000000e+00 -3.105612e+00
      vertex   -3.423439e+01 0.000000e+00 -3.213700e+00
      vertex   -3.470795e+01 0.000000e+00 -3.105612e+00
    endloop
  endfacet
  facet normal -3.653410e-01 -0.000000e+00 -9.308737e-01
    outer loop
      vertex   -3.470795e+01 3.000000e+00 -3.105612e+00
      vertex   -3.470795e+01 0.000000e+00 -3.105612e+00
      vertex   -3.516012e+01 3.000000e+00 -2.928149e+00
    endloop
  endfacet
  facet normal -3.653410e-01 -0.000000e+00 -9.308737e-01
    outer loop
      vertex   -3.516012e+01 3.000000e+00 -2.928149e+00
      vertex   -3.470795e+01 0.000000e+00 -3.105612e+00
      vertex   -3.516012e+01 0.000000e+00 -2.928149e+00
    endloop
  endfacet
  facet normal -5.000000e-01 -0.000000e+00 -8.660254e-01
    outer loop
      vertex   -3.516012e+01 3.000000e+00 -2.928149e+00
      vertex   -3.516012e+01 0.000000e+00 -2.928149e+00
      vertex   -3.558079e+01 3.000000e+00 -2.685276e+00
    endloop
  endfacet
  facet normal -5.000000e-01 -0.000000e+00 -8.660254e-01
    outer loop
      vertex   -3.558079e+01 3.000000e+00 -2.685276e+00
      vertex   -3.516012e+01 0.000000e+00 -2.928149e+00
      vertex   -3.558079e+01 0.000000e+00 -2.685276e+00
    endloop
  endfacet
  facet normal -6.234898e-01 -0.000000e+00 -7.818315e-01
    outer loop
      vertex   -3.558079e+01 3.000000e+00 -2.685276e+00
      vertex   -3.558079e+01 0.000000e+00 -2.685276e+00
      vertex   -3.596056e+01 3.000000e+00 -2.382419e+00
    endloop
  endfacet
  facet normal -6.234898e-01 -0.000000e+00 -7.818315e-01
    outer loop
      vertex   -3.596056e+01 3.000000e+00 -2.382419e+00
      vertex   -3.558079e+01 0.000000e+00 -2.685276e+00
      vertex   -3.596056e+01 0.000000e+00 -2.382419e+00
    endloop
  endfacet
  facet normal -7.330519e-01 -0.000000e+00 -6.801727e-01
    outer loop
      vertex   -3.596056e+01 3.000000e+00 -2.382419e+00
      vertex   -3.596056e+01 0.000000e+00 -2.382419e+00
      vertex   -3.629095e+01 3.000000e+00 -2.026342e+00
    endloop
  endfacet
  facet normal -7.330519e-01 -0.000000e+00 -6.801727e-01
    outer loop
      vertex   -3.629095e+01 3.000000e+00 -2.026342e+00
      vertex   -3.596056e+01 0.000000e+00 -2.382419e+00
      vertex   -3.629095e+01 0.000000e+00 -2.026342e+00
    endloop
  endfacet
  facet normal -8.262388e-01 -0.000000e+00 -5.633201e-01
    outer loop
      vertex   -3.629095e+01 3.000000e+00 -2.026342e+00
      vertex   -3.629095e+01 0.000000e+00 -2.026342e+00
      vertex   -3.656458e+01 3.000000e+00 -1.625000e+00
    endloop
  endfacet
  facet normal -8.262388e-01 -0.000000e+00 -5.633201e-01
    outer loop
      vertex   -3.656458e+01 3.000000e+00 -1.625000e+00
      vertex   -3.629095e+01 0.000000e+00 -2.026342e+00
      vertex   -3.656458e+01 0.000000e+00 -1.625000e+00
    endloop
  endfacet
  facet normal -9.009689e-01 -0.000000e+00 -4.338837e-01
    outer loop
      vertex   -3.656458e+01 3.000000e+00 -1.625000e+00
      vertex   -3.656458e+01 0.000000e+00 -1.625000e+00
      vertex   -3.677534e+01 3.000000e+00 -1.187358e+00
    endloop
  endfacet
  facet normal -9.009689e-01 -0.000000e+00 -4.338837e-01
    outer loop
      vertex   -3.677534e+01 3.000000e+00 -1.187358e+00
      vertex   -3.656458e+01 0.000000e+00 -1.625000e+00
      vertex   -3.677534e+01 0.000000e+00 -1.187358e+00
    endloop
  endfacet
  facet normal -9.555728e-01 -0.000000e+00 -2.947552e-01
    outer loop
      vertex   -3.677534e+01 3.000000e+00 -1.187358e+00
      vertex   -3.677534e+01 0.000000e+00 -1.187358e+00
      vertex   -3.691852e+01 3.000000e+00 -7.231930e-01
    endloop
  endfacet
  facet normal -9.555728e-01 -0.000000e+00 -2.947552e-01
    outer loop
      vertex   -3.691852e+01 3.000000e+00 -7.231930e-01
      vertex   -3.677534e+01 0.000000e+00 -1.187358e+00
      vertex   -3.691852e+01 0.000000e+00 -7.231930e-01
    endloop
  endfacet
  facet normal -9.888308e-01 -0.000000e+00 -1.490423e-01
    outer loop
      vertex   -3.691852e+01 3.000000e+00 -7.231930e-01
      vertex   -3.691852e+01 0.000000e+00 -7.231930e-01
      vertex   -3.699091e+01 3.000000e+00 -2.428728e-01
    endloop
  endfacet
  facet normal -9.888308e-01 -0.000000e+00 -1.490423e-01
    outer loop
      vertex   -3.699091e+01 3.000000e+00 -2.428728e-01
      vertex   -3.691852e+01 0.000000e+00 -7.231930e-01
      vertex   -3.699091e+01 0.000000e+00 -2.428728e-01
    endloop
  endfacet
  facet normal -1.000000e+00 0.000000e+00 0.000000e+00
    outer loop
      vertex   -3.699091e+01 3.000000e+00 -2.428728e-01
      vertex   -3.699091e+01 0.000000e+00 -2.428728e-01
      vertex   -3.699091e+01 3.000000e+00 2.428728e-01
    endloop
  endfacet
  facet normal -1.000000e+00 -0.000000e+00 0.000000e+00
    outer loop
      vertex   -3.699091e+01 3.000000e+00 2.428728e-01
      vertex   -3.699091e+01 0.000000e+00 -2.428728e-01
      vertex   -3.699091e+01 0.000000e+00 2.428728e-01
    endloop
  endfacet
  facet normal -9.888308e-01 0.000000e+00 1.490423e-01
    outer loop
      vertex   -3.699091e+01 3.000000e+00 2.428728e-01
      vertex   -3.699091e+01 0.000000e+00 2.428728e-01
      vertex   -3.691852e+01 3.000000e+00 7.231930e-01
    endloop
  endfacet
  facet normal -9.888308e-01 0.000000e+00 1.490423e-01
    outer loop
      vertex   -3.691852e+01 3.000000e+00 7.231930e-01
      vertex   -3.699091e+01 0.000000e+00 2.428728e-01
      vertex   -3.691852e+01 0.000000e+00 7.231930e-01
    endloop
  endfacet
  facet normal -9.555728e-01 0.000000e+00 2.947552e-01
    outer loop
      vertex   -3.691852e+01 3.000000e+00 7.231930e-01
      vertex   -3.691852e+01 0.000000e+00 7.231930e-01
      vertex   -3.677534e+01 3.000000e+00 1.187358e+00
    endloop
  endfacet
  facet normal -9.555728e-01 0.000000e+00 2.947552e-01
    outer loop
      vertex   -3.677534e+01 3.000000e+00 1.187358e+00
      vertex   -3.691852e+01 0.000000e+00 7.231930e-01
      vertex   -3.677534e+01 0.000000e+00 1.187358e+00
    endloop
  endfacet
  facet normal -9.009689e-01 0.000000e+00 4.338837e-01
    outer loop
      vertex   -3.677534e+01 3.000000e+00 1.187358e+00
      vertex   -3.677534e+01 0.000000e+00 1.187358e+00
      vertex   -3.656458e+01 3.000000e+00 1.625000e+00
    endloop
  endfacet
  facet normal -9.009689e-01 0.000000e+00 4.338837e-01
    outer loop
      vertex   -3.656458e+01 3.000000e+00 1.625000e+00
      vertex   -3.677534e+01 0.000000e+00 1.187358e+00
      vertex   -3.656458e+01 0.000000e+00 1.625000e+00
    endloop
  endfacet
  facet normal -8.262388e-01 0.000000e+00 5.633201e-01
    outer loop
      vertex   -3.656458e+01 3.000000e+00 1.625000e+00
      vertex   -3.656458e+01 0.000000e+00 1.625000e+00
      vertex   -3.629095e+01 3.000000e+00 2.026342e+00
    endloop
  endfacet
  facet normal -8.262388e-01 0.000000e+00 5.633201e-01
    outer loop
      vertex   -3.629095e+01 3.000000e+00 2.026342e+00
      vertex   -3.656458e+01 0.000000e+00 1.625000e+00
      vertex   -3.629095e+01 0.000000e+00 2.026342e+00
    endloop
  endfacet
  facet normal -7.330519e-01 0.000000e+00 6.801727e-01
    outer loop
      vertex   -3.629095e+01 3.000000e+00 2.026342e+00
      vertex   -3.629095e+01 0.000000e+00 2.026342e+00
      vertex   -3.596056e+01 3.000000e+00 2.382419e+00
    endloop
  endfacet
  facet normal -7.330519e-01 0.000000e+00 6.801727e-01
    outer loop
      vertex   -3.596056e+01 3.000000e+00 2.382419e+00
      vertex   -3.629095e+01 0.000000e+00 2.026342e+00
      vertex   -3.596056e+01 0.000000e+00 2.382419e+00
    endloop
  endfacet
  facet normal -6.234898e-01 0.000000e+00 7.818315e-01
    outer loop
      vertex   -3.596056e+01 3.000000e+00 2.382419e+00
      vertex   -3.596056e+01 0.000000e+00 2.382419e+00
      vertex   -3.558079e+01 3.000000e+00 2.685276e+00
    endloop
  endfacet
  facet normal -6.234898e-01 0.000000e+00 7.818315e-01
    outer loop
      vertex   -3.558079e+01 3.000000e+00 2.685276e+00
      vertex   -3.596056e+01 0.000000e+00 2.382419e+00
      vertex   -3.558079e+01 0.000000e+00 2.685276e+00
    endloop
  endfacet
  facet normal -5.000000e-01 0.000000e+00 8.660254e-01
    outer loop
      vertex   -3.558079e+01 3.000000e+00 2.685276e+00
      vertex   -3.558079e+01 0.000000e+00 2.685276e+00
      vertex   -3.516012e+01 3.000000e+00 2.928149e+00
    endloop
  endfacet
  facet normal -5.000000e-01 0.000000e+00 8.660254e-01
    outer loop
      vertex   -3.516012e+01 3.000000e+00 2.928149e+00
      vertex   -3.558079e+01 0.000000e+00 2.685276e+00
      vertex   -3.516012e+01 0.000000e+00 2.928149e+00
    endloop
  endfacet
  facet normal -3.653410e-01 0.000000e+00 9.308737e-01
    outer loop
      vertex   -3.516012e+01 3.000000e+00 2.928149e+00
      vertex   -3.516012e+01 0.000000e+00 2.928149e+00
      vertex   -3.470795e+01 3.000000e+00 3.105612e+00
    endloop
  endfacet
  facet normal -3.653410e-01 0.000000e+00 9.308737e-01
    outer loop
      vertex   -3.470795e+01 3.000000e+00 3.105612e+00
      vertex   -3.516012e+01 0.000000e+00 2.928149e+00
      vertex   -3.470795e+01 0.000000e+00 3.105612e+00
    endloop
  endfacet
  facet normal -2.225209e-01 0.000000e+00 9.749279e-01
    outer loop
      vertex   -3.470795e+01 3.000000e+00 3.105612e+00
      vertex   -3.470795e+01 0.000000e+00 3.105612e+00
      vertex   -3.423439e+01 3.000000e+00 3.213700e+00
    endloop
  endfacet
  facet normal -2.225209e-01 0.000000e+00 9.749279e-01
    outer loop
      vertex   -3.423439e+01 3.000000e+00 3.213700e+00
      vertex   -3.470795e+01 0.000000e+00 3.105612e+00
      vertex   -3.423439e+01 0.000000e+00 3.213700e+00
    endloop
  endfacet
  facet normal -7.473009e-02 0.000000e+00 9.972038e-01
    outer loop
      vertex   -3.423439e+01 3.000000e+00 3.213700e+00
      vertex   -3.423439e+01 0.000000e+00 3.213700e+00
      vertex   -3.375000e+01 3.000000e+00 3.250000e+00
    endloop
  endfacet
  facet normal -7.473009e-02 0.000000e+00 9.972038e-01
    outer loop
      vertex   -3.375000e+01 3.000000e+00 3.250000e+00
      vertex   -3.423439e+01 0.000000e+00 3.213700e+00
      vertex   -3.375000e+01 0.000000e+00 3.250000e+00
    endloop
  endfacet
  facet normal -5.329071e-16 0.000000e+00 -1.000000e+00
    outer loop
      vertex   -1.375000e+01 0.000000e+00 -3.250000e+00
      vertex   -3.375000e+01 0.000000e+00 -3.250000e+00
      vertex   -1.375000e+01 3.000000e+00 -3.250000e+00
    endloop
  endfacet
  facet normal -5.329071e-16 0.000000e+00 -1.000000e+00
    outer loop
      vertex   -1.375000e+01 3.000000e+00 -3.250000e+00
      vertex   -3.375000e+01 0.000000e+00 -3.250000e+00
      vertex   -3.375000e+01 3.000000e+00 -3.250000e+00
    endloop
  endfacet
  facet normal 9.855531e-02 0.000000e+00 -9.951316e-01
    outer loop
      vertex   -1.336591e+01 3.000000e+00 -3.227224e+00
      vertex   -1.336591e+01 0.000000e+00 -3.227224e+00
      vertex   -1.349361e+01 3.000000e+00 -3.239871e+00
    endloop
  endfacet
  facet normal 9.855531e-02 0.000000e+00 -9.951316e-01
    outer loop
      vertex   -1.349361e+01 3.000000e+00 -3.239871e+00
      vertex   -1.336591e+01 0.000000e+00 -3.227224e+00
      vertex   -1.349361e+01 0.000000e+00 -3.239871e+00
    endloop
  endfacet
  facet normal 5.919471e-02 0.000000e+00 -9.982465e-01
    outer loop
      vertex   -1.349361e+01 3.000000e+00 -3.239871e+00
      vertex   -1.349361e+01 0.000000e+00 -3.239871e+00
      vertex   -1.362170e+01 3.000000e+00 -3.247467e+00
    endloop
  endfacet
  facet normal 5.919471e-02 0.000000e+00 -9.982465e-01
    outer loop
      vertex   -1.362170e+01 3.000000e+00 -3.247467e+00
      vertex   -1.349361e+01 0.000000e+00 -3.239871e+00
      vertex   -1.362170e+01 0.000000e+00 -3.247467e+00
    endloop
  endfacet
  facet normal 1.974183e-02 0.000000e+00 -9.998051e-01
    outer loop
      vertex   -1.362170e+01 3.000000e+00 -3.247467e+00
      vertex   -1.362170e+01 0.000000e+00 -3.247467e+00
      vertex   -1.375000e+01 3.000000e+00 -3.250000e+00
    endloop
  endfacet
  facet normal 1.974183e-02 0.000000e+00 -9.998051e-01
    outer loop
      vertex   -1.375000e+01 3.000000e+00 -3.250000e+00
      vertex   -1.362170e+01 0.000000e+00 -3.247467e+00
      vertex   -1.375000e+01 0.000000e+00 -3.250000e+00
    endloop
  endfacet
  facet normal 0.000000e+00 -1.000000e+00 -0.000000e+00
    outer loop
      vertex   -1.504689e+01 0.000000e+00 3.855736e+00
      vertex   -1.524975e+01 0.000000e+00 3.761096e+00
      vertex   -1.482807e+01 0.000000e+00 3.902882e+00
    endloop
  endfacet
  facet normal 0.000000e+00 -1.000000e+00 0.000000e+00
    outer loop
      vertex   -1.482807e+01 0.000000e+00 3.902882e+00
      vertex   -1.524975e+01 0.000000e+00 3.761096e+00
      vertex   -1.542647e+01 0.000000e+00 3.623704e+00
    endloop
  endfacet
  facet normal 0.000000e+00 -1.000000e+00 0.000000e+00
    outer loop
      vertex   -1.482807e+01 0.000000e+00 3.902882e+00
      vertex   -1.542647e+01 0.000000e+00 3.623704e+00
      vertex   -1.556820e+01 0.000000e+00 3.450445e+00
    endloop
  endfacet
  facet normal 0.000000e+00 -1.000000e+00 -0.000000e+00
    outer loop
      vertex   -1.556820e+01 0.000000e+00 3.450445e+00
      vertex   -1.566784e+01 0.000000e+00 3.250000e+00
      vertex   -1.482807e+01 0.000000e+00 3.902882e+00
    endloop
  endfacet
  facet normal 0.000000e+00 -1.000000e+00 -0.000000e+00
    outer loop
      vertex   -1.482807e+01 0.000000e+00 3.902882e+00
      vertex   -1.566784e+01 0.000000e+00 3.250000e+00
      vertex   -1.377553e+01 0.000000e+00 4.008544e+00
    endloop
  endfacet
  facet normal 0.000000e+00 -1.000000e+00 0.000000e+00
    outer loop
      vertex   -1.377553e+01 0.000000e+00 4.008544e+00
      vertex   -1.566784e+01 0.000000e+00 3.250000e+00
      vertex   -1.561099e+01 0.000000e+00 2.499976e+00
    endloop
  endfacet
  facet normal 0.000000e+00 -1.000000e+00 -0.000000e+00
    outer loop
      vertex   -1.377553e+01 0.000000e+00 4.008544e+00
      vertex   -1.561099e+01 0.000000e+00 2.499976e+00
      vertex   -1.355612e+01 0.000000e+00 4.055887e+00
    endloop
  endfacet
  facet normal 0.000000e+00 -1.000000e+00 -0.000000e+00
    outer loop
      vertex   -1.355612e+01 0.000000e+00 4.055887e+00
      vertex   -1.561099e+01 0.000000e+00 2.499976e+00
      vertex   -3.610412e+00 0.000000e+00 3.000000e+00
    endloop
  endfacet
  facet normal 0.000000e+00 -1.000000e+00 0.000000e+00
    outer loop
      vertex   -1.355612e+01 0.000000e+00 4.055887e+00
      vertex   -3.610412e+00 0.000000e+00 3.000000e+00
      vertex   -1.335280e+01 0.000000e+00 4.150973e+00
    endloop
  endfacet
  facet normal 0.000000e+00 -1.000000e+00 0.000000e+00
    outer loop
      vertex   -1.335280e+01 0.000000e+00 4.150973e+00
      vertex   -3.610412e+00 0.000000e+00 3.000000e+00
      vertex   -1.317581e+01 0.000000e+00 4.289013e+00
    endloop
  endfacet
  facet normal 0.000000e+00 -1.000000e+00 0.000000e+00
    outer loop
      vertex   -1.317581e+01 0.000000e+00 4.289013e+00
      vertex   -3.610412e+00 0.000000e+00 3.000000e+00
      vertex   -1.303406e+01 0.000000e+00 4.463051e+00
    endloop
  endfacet
  facet normal 0.000000e+00 -1.000000e+00 0.000000e+00
    outer loop
      vertex   -1.303406e+01 0.000000e+00 4.463051e+00
      vertex   -3.610412e+00 0.000000e+00 3.000000e+00
      vertex   -1.293471e+01 0.000000e+00 4.664320e+00
    endloop
  endfacet
  facet normal 0.000000e+00 -1.000000e+00 0.000000e+00
    outer loop
      vertex   -1.293471e+01 0.000000e+00 4.664320e+00
      vertex   -3.610412e+00 0.000000e+00 3.000000e+00
      vertex   -1.293100e+01 0.000000e+00 4.674574e+00
    endloop
  endfacet
  facet normal 0.000000e+00 -1.000000e+00 0.000000e+00
    outer loop
      vertex   -1.293100e+01 0.000000e+00 4.674574e+00
      vertex   -3.610412e+00 0.000000e+00 3.000000e+00
      vertex   -1.292729e+01 0.000000e+00 4.684825e+00
    endloop
  endfacet
  facet normal 0.000000e+00 -1.000000e+00 0.000000e+00
    outer loop
      vertex   -1.292729e+01 0.000000e+00 4.684825e+00
      vertex   -3.610412e+00 0.000000e+00 3.000000e+00
      vertex   -1.292357e+01 0.000000e+00 4.695073e+00
    endloop
  endfacet
  facet normal 0.000000e+00 -1.000000e+00 0.000000e+00
    outer loop
      vertex   -1.292357e+01 0.000000e+00 4.695073e+00
      vertex   -3.610412e+00 0.000000e+00 3.000000e+00
      vertex   -1.287109e+01 0.000000e+00 4.913308e+00
    endloop
  endfacet
  facet normal 0.000000e+00 -1.000000e+00 0.000000e+00
    outer loop
      vertex   -1.287109e+01 0.000000e+00 4.913308e+00
      vertex   -3.610412e+00 0.000000e+00 3.000000e+00
      vertex   -1.286861e+01 0.000000e+00 5.137752e+00
    endloop
  endfacet
  facet normal 0.000000e+00 -1.000000e+00 0.000000e+00
    outer loop
      vertex   -1.286861e+01 0.000000e+00 5.137752e+00
      vertex   -3.610412e+00 0.000000e+00 3.000000e+00
      vertex   -1.122585e+01 0.000000e+00 8.122678e+00
    endloop
  endfacet
  facet normal 0.000000e+00 -1.000000e+00 0.000000e+00
    outer loop
      vertex   -1.286861e+01 0.000000e+00 5.137752e+00
      vertex   -1.122585e+01 0.000000e+00 8.122678e+00
      vertex   -1.291624e+01 0.000000e+00 5.357096e+00
    endloop
  endfacet
  facet normal 0.000000e+00 -1.000000e+00 0.000000e+00
    outer loop
      vertex   -1.291624e+01 0.000000e+00 5.357096e+00
      vertex   -1.122585e+01 0.000000e+00 8.122678e+00
      vertex   -1.301160e+01 0.000000e+00 5.560290e+00
    endloop
  endfacet
  facet normal 0.000000e+00 -1.000000e+00 0.000000e+00
    outer loop
      vertex   -1.301160e+01 0.000000e+00 5.560290e+00
      vertex   -1.122585e+01 0.000000e+00 8.122678e+00
      vertex   -1.143664e+01 0.000000e+00 8.045562e+00
    endloop
  endfacet
  facet normal 0.000000e+00 -1.000000e+00 0.000000e+00
    outer loop
      vertex   -1.301160e+01 0.000000e+00 5.560290e+00
      vertex   -1.143664e+01 0.000000e+00 8.045562e+00
      vertex   -1.314988e+01 0.000000e+00 5.737096e+00
    endloop
  endfacet
  facet normal 0.000000e+00 -1.000000e+00 0.000000e+00
    outer loop
      vertex   -1.314988e+01 0.000000e+00 5.737096e+00
      vertex   -1.143664e+01 0.000000e+00 8.045562e+00
      vertex   -1.165932e+01 0.000000e+00 8.017403e+00
    endloop
  endfacet
  facet normal 0.000000e+00 -1.000000e+00 0.000000e+00
    outer loop
      vertex   -1.314988e+01 0.000000e+00 5.737096e+00
      vertex   -1.165932e+01 0.000000e+00 8.017403e+00
      vertex   -1.388188e+01 0.000000e+00 6.482706e+00
    endloop
  endfacet
  facet normal 0.000000e+00 -1.000000e+00 0.000000e+00
    outer loop
      vertex   -1.388188e+01 0.000000e+00 6.482706e+00
      vertex   -1.165932e+01 0.000000e+00 8.017403e+00
      vertex   -1.188268e+01 0.000000e+00 8.039621e+00
    endloop
  endfacet
  facet normal 0.000000e+00 -1.000000e+00 0.000000e+00
    outer loop
      vertex   -1.388188e+01 0.000000e+00 6.482706e+00
      vertex   -1.188268e+01 0.000000e+00 8.039621e+00
      vertex   -1.403595e+01 0.000000e+00 6.686108e+00
    endloop
  endfacet
  facet normal 0.000000e+00 -1.000000e+00 0.000000e+00
    outer loop
      vertex   -1.403595e+01 0.000000e+00 6.686108e+00
      vertex   -1.188268e+01 0.000000e+00 8.039621e+00
      vertex   -1.413352e+01 0.000000e+00 6.921880e+00
    endloop
  endfacet
  facet normal 0.000000e+00 -1.000000e+00 0.000000e+00
    outer loop
      vertex   -1.413352e+01 0.000000e+00 6.921880e+00
      vertex   -1.188268e+01 0.000000e+00 8.039621e+00
      vertex   -1.416825e+01 0.000000e+00 7.174671e+00
    endloop
  endfacet
  facet normal 0.000000e+00 -1.000000e+00 0.000000e+00
    outer loop
      vertex   -1.416825e+01 0.000000e+00 7.174671e+00
      vertex   -1.188268e+01 0.000000e+00 8.039621e+00
      vertex   -1.413787e+01 0.000000e+00 7.428022e+00
    endloop
  endfacet
  facet normal 0.000000e+00 -1.000000e+00 0.000000e+00
    outer loop
      vertex   -1.413787e+01 0.000000e+00 7.428022e+00
      vertex   -1.188268e+01 0.000000e+00 8.039621e+00
      vertex   -1.404437e+01 0.000000e+00 7.665437e+00
    endloop
  endfacet
  facet normal 0.000000e+00 -1.000000e+00 0.000000e+00
    outer loop
      vertex   -1.404437e+01 0.000000e+00 7.665437e+00
      vertex   -1.188268e+01 0.000000e+00 8.039621e+00
      vertex   -1.399036e+01 0.000000e+00 7.763561e+00
    endloop
  endfacet
  facet normal 0.000000e+00 -1.000000e+00 0.000000e+00
    outer loop
      vertex   -1.399036e+01 0.000000e+00 7.763561e+00
      vertex   -1.188268e+01 0.000000e+00 8.039621e+00
      vertex   -1.290425e+01 0.000000e+00 8.259085e+00
    endloop
  endfacet
  facet normal 0.000000e+00 -1.000000e+00 0.000000e+00
    outer loop
      vertex   -1.399036e+01 0.000000e+00 7.763561e+00
      vertex   -1.290425e+01 0.000000e+00 8.259085e+00
      vertex   -1.383982e+01 0.000000e+00 7.969577e+00
    endloop
  endfacet
  facet normal 0.000000e+00 -1.000000e+00 0.000000e+00
    outer loop
      vertex   -1.383982e+01 0.000000e+00 7.969577e+00
      vertex   -1.290425e+01 0.000000e+00 8.259085e+00
      vertex   -1.364204e+01 0.000000e+00 8.130789e+00
    endloop
  endfacet
  facet normal 0.000000e+00 -1.000000e+00 0.000000e+00
    outer loop
      vertex   -1.364204e+01 0.000000e+00 8.130789e+00
      vertex   -1.290425e+01 0.000000e+00 8.259085e+00
      vertex   -1.340990e+01 0.000000e+00 8.236699e+00
    endloop
  endfacet
  facet normal 0.000000e+00 -1.000000e+00 0.000000e+00
    outer loop
      vertex   -1.340990e+01 0.000000e+00 8.236699e+00
      vertex   -1.290425e+01 0.000000e+00 8.259085e+00
      vertex   -1.315851e+01 0.000000e+00 8.280413e+00
    endloop
  endfacet
  facet normal 0.000000e+00 -1.000000e+00 0.000000e+00
    outer loop
      vertex   -3.375000e+01 0.000000e+00 3.250000e+00
      vertex   -1.685634e+01 0.000000e+00 2.161390e+00
      vertex   -1.566784e+01 0.000000e+00 3.250000e+00
    endloop
  endfacet
  facet normal 0.000000e+00 -1.000000e+00 0.000000e+00
    outer loop
      vertex   -1.566784e+01 0.000000e+00 3.250000e+00
      vertex   -1.685634e+01 0.000000e+00 2.161390e+00
      vertex   -1.646308e+01 0.000000e+00 2.346294e+00
    endloop
  endfacet
  facet normal 0.000000e+00 -1.000000e+00 0.000000e+00
    outer loop
      vertex   -1.566784e+01 0.000000e+00 3.250000e+00
      vertex   -1.646308e+01 0.000000e+00 2.346294e+00
      vertex   -1.604374e+01 0.000000e+00 2.460304e+00
    endloop
  endfacet
  facet normal 0.000000e+00 -1.000000e+00 0.000000e+00
    outer loop
      vertex   -3.423439e+01 0.000000e+00 3.213700e+00
      vertex   -3.375000e+01 0.000000e+00 2.000000e+00
      vertex   -3.375000e+01 0.000000e+00 3.250000e+00
    endloop
  endfacet
  facet normal 0.000000e+00 -1.000000e+00 0.000000e+00
    outer loop
      vertex   -3.375000e+01 0.000000e+00 3.250000e+00
      vertex   -3.375000e+01 0.000000e+00 2.000000e+00
      vertex   -3.335982e+01 0.000000e+00 1.961571e+00
    endloop
  endfacet
  facet normal 0.000000e+00 -1.000000e+00 0.000000e+00
    outer loop
      vertex   -3.375000e+01 0.000000e+00 3.250000e+00
      vertex   -3.335982e+01 0.000000e+00 1.961571e+00
      vertex   -3.298463e+01 0.000000e+00 1.847759e+00
    endloop
  endfacet
  facet normal -0.000000e+00 -1.000000e+00 0.000000e+00
    outer loop
      vertex   -3.375000e+01 0.000000e+00 2.000000e+00
      vertex   -3.423439e+01 0.000000e+00 3.213700e+00
      vertex   -3.414018e+01 0.000000e+00 1.961571e+00
    endloop
  endfacet
  facet normal 0.000000e+00 -1.000000e+00 0.000000e+00
    outer loop
      vertex   -3.414018e+01 0.000000e+00 1.961571e+00
      vertex   -3.423439e+01 0.000000e+00 3.213700e+00
      vertex   -3.470795e+01 0.000000e+00 3.105612e+00
    endloop
  endfacet
  facet normal 0.000000e+00 -1.000000e+00 0.000000e+00
    outer loop
      vertex   -3.414018e+01 0.000000e+00 1.961571e+00
      vertex   -3.470795e+01 0.000000e+00 3.105612e+00
      vertex   -3.516012e+01 0.000000e+00 2.928149e+00
    endloop
  endfacet
  facet normal 0.000000e+00 -1.000000e+00 -0.000000e+00
    outer loop
      vertex   -3.516012e+01 0.000000e+00 2.928149e+00
      vertex   -3.558079e+01 0.000000e+00 2.685276e+00
      vertex   -3.414018e+01 0.000000e+00 1.961571e+00
    endloop
  endfacet
  facet normal -0.000000e+00 -1.000000e+00 0.000000e+00
    outer loop
      vertex   -3.414018e+01 0.000000e+00 1.961571e+00
      vertex   -3.558079e+01 0.000000e+00 2.685276e+00
      vertex   -3.451537e+01 0.000000e+00 1.847759e+00
    endloop
  endfacet
  facet normal 0.000000e+00 -1.000000e+00 0.000000e+00
    outer loop
      vertex   -3.451537e+01 0.000000e+00 1.847759e+00
      vertex   -3.558079e+01 0.000000e+00 2.685276e+00
      vertex   -3.596056e+01 0.000000e+00 2.382419e+00
    endloop
  endfacet
  facet normal -0.000000e+00 -1.000000e+00 0.000000e+00
    outer loop
      vertex   -3.451537e+01 0.000000e+00 1.847759e+00
      vertex   -3.596056e+01 0.000000e+00 2.382419e+00
      vertex   -3.486114e+01 0.000000e+00 1.662939e+00
    endloop
  endfacet
  facet normal 0.000000e+00 -1.000000e+00 0.000000e+00
    outer loop
      vertex   -3.486114e+01 0.000000e+00 1.662939e+00
      vertex   -3.596056e+01 0.000000e+00 2.382419e+00
      vertex   -3.629095e+01 0.000000e+00 2.026342e+00
    endloop
  endfacet
  facet normal -0.000000e+00 -1.000000e+00 0.000000e+00
    outer loop
      vertex   -3.486114e+01 0.000000e+00 1.662939e+00
      vertex   -3.629095e+01 0.000000e+00 2.026342e+00
      vertex   -3.516421e+01 0.000000e+00 1.414214e+00
    endloop
  endfacet
  facet normal 0.000000e+00 -1.000000e+00 0.000000e+00
    outer loop
      vertex   -3.516421e+01 0.000000e+00 1.414214e+00
      vertex   -3.629095e+01 0.000000e+00 2.026342e+00
      vertex   -3.656458e+01 0.000000e+00 1.625000e+00
    endloop
  endfacet
  facet normal -0.000000e+00 -1.000000e+00 0.000000e+00
    outer loop
      vertex   -3.516421e+01 0.000000e+00 1.414214e+00
      vertex   -3.656458e+01 0.000000e+00 1.625000e+00
      vertex   -3.541294e+01 0.000000e+00 1.111140e+00
    endloop
  endfacet
  facet normal 0.000000e+00 -1.000000e+00 0.000000e+00
    outer loop
      vertex   -3.541294e+01 0.000000e+00 1.111140e+00
      vertex   -3.656458e+01 0.000000e+00 1.625000e+00
      vertex   -3.677534e+01 0.000000e+00 1.187358e+00
    endloop
  endfacet
  facet normal -0.000000e+00 -1.000000e+00 0.000000e+00
    outer loop
      vertex   -3.541294e+01 0.000000e+00 1.111140e+00
      vertex   -3.677534e+01 0.000000e+00 1.187358e+00
      vertex   -3.559776e+01 0.000000e+00 7.653669e-01
    endloop
  endfacet
  facet normal -0.000000e+00 -1.000000e+00 0.000000e+00
    outer loop
      vertex   -3.559776e+01 0.000000e+00 7.653669e-01
      vertex   -3.677534e+01 0.000000e+00 1.187358e+00
      vertex   -3.691852e+01 0.000000e+00 7.231930e-01
    endloop
  endfacet
  facet normal 0.000000e+00 -1.000000e+00 0.000000e+00
    outer loop
      vertex   -3.559776e+01 0.000000e+00 7.653669e-01
      vertex   -3.691852e+01 0.000000e+00 7.231930e-01
      vertex   -3.571157e+01 0.000000e+00 3.901806e-01
    endloop
  endfacet
  facet normal -0.000000e+00 -1.000000e+00 0.000000e+00
    outer loop
      vertex   -3.571157e+01 0.000000e+00 3.901806e-01
      vertex   -3.691852e+01 0.000000e+00 7.231930e-01
      vertex   -3.699091e+01 0.000000e+00 2.428728e-01
    endloop
  endfacet
  facet normal 0.000000e+00 -1.000000e+00 0.000000e+00
    outer loop
      vertex   -3.571157e+01 0.000000e+00 3.901806e-01
      vertex   -3.699091e+01 0.000000e+00 2.428728e-01
      vertex   -3.575000e+01 0.000000e+00 2.449294e-16
    endloop
  endfacet
  facet normal -0.000000e+00 -1.000000e+00 0.000000e+00
    outer loop
      vertex   -3.575000e+01 0.000000e+00 2.449294e-16
      vertex   -3.699091e+01 0.000000e+00 2.428728e-01
      vertex   -3.699091e+01 0.000000e+00 -2.428728e-01
    endloop
  endfacet
  facet normal 0.000000e+00 -1.000000e+00 0.000000e+00
    outer loop
      vertex   -3.575000e+01 0.000000e+00 2.449294e-16
      vertex   -3.699091e+01 0.000000e+00 -2.428728e-01
      vertex   -3.691852e+01 0.000000e+00 -7.231930e-01
    endloop
  endfacet
  facet normal 0.000000e+00 -1.000000e+00 0.000000e+00
    outer loop
      vertex   -3.691852e+01 0.000000e+00 -7.231930e-01
      vertex   -3.677534e+01 0.000000e+00 -1.187358e+00
      vertex   -3.575000e+01 0.000000e+00 2.449294e-16
    endloop
  endfacet
  facet normal 0.000000e+00 -1.000000e+00 0.000000e+00
    outer loop
      vertex   -3.575000e+01 0.000000e+00 2.449294e-16
      vertex   -3.677534e+01 0.000000e+00 -1.187358e+00
      vertex   -3.656458e+01 0.000000e+00 -1.625000e+00
    endloop
  endfacet
  facet normal 0.000000e+00 -1.000000e+00 0.000000e+00
    outer loop
      vertex   -3.575000e+01 0.000000e+00 2.449294e-16
      vertex   -3.656458e+01 0.000000e+00 -1.625000e+00
      vertex   -3.629095e+01 0.000000e+00 -2.026342e+00
    endloop
  endfacet
  facet normal 0.000000e+00 -1.000000e+00 0.000000e+00
    outer loop
      vertex   -3.629095e+01 0.000000e+00 -2.026342e+00
      vertex   -3.596056e+01 0.000000e+00 -2.382419e+00
      vertex   -3.575000e+01 0.000000e+00 2.449294e-16
    endloop
  endfacet
  facet normal 0.000000e+00 -1.000000e+00 -0.000000e+00
    outer loop
      vertex   -3.575000e+01 0.000000e+00 2.449294e-16
      vertex   -3.596056e+01 0.000000e+00 -2.382419e+00
      vertex   -3.571157e+01 0.000000e+00 -3.901806e-01
    endloop
  endfacet
  facet normal 0.000000e+00 -1.000000e+00 -0.000000e+00
    outer loop
      vertex   -3.571157e+01 0.000000e+00 -3.901806e-01
      vertex   -3.596056e+01 0.000000e+00 -2.382419e+00
      vertex   -3.559776e+01 0.000000e+00 -7.653669e-01
    endloop
  endfacet
  facet normal 0.000000e+00 -1.000000e+00 -0.000000e+00
    outer loop
      vertex   -3.559776e+01 0.000000e+00 -7.653669e-01
      vertex   -3.596056e+01 0.000000e+00 -2.382419e+00
      vertex   -3.541294e+01 0.000000e+00 -1.111140e+00
    endloop
  endfacet
  facet normal 0.000000e+00 -1.000000e+00 -0.000000e+00
    outer loop
      vertex   -3.541294e+01 0.000000e+00 -1.111140e+00
      vertex   -3.596056e+01 0.000000e+00 -2.382419e+00
      vertex   -3.516421e+01 0.000000e+00 -1.414214e+00
    endloop
  endfacet
  facet normal 0.000000e+00 -1.000000e+00 -0.000000e+00
    outer loop
      vertex   -3.516421e+01 0.000000e+00 -1.414214e+00
      vertex   -3.596056e+01 0.000000e+00 -2.382419e+00
      vertex   -3.486114e+01 0.000000e+00 -1.662939e+00
    endloop
  endfacet
  facet normal 0.000000e+00 -1.000000e+00 -0.000000e+00
    outer loop
      vertex   -3.486114e+01 0.000000e+00 -1.662939e+00
      vertex   -3.596056e+01 0.000000e+00 -2.382419e+00
      vertex   -3.451537e+01 0.000000e+00 -1.847759e+00
    endloop
  endfacet
  facet normal 0.000000e+00 -1.000000e+00 0.000000e+00
    outer loop
      vertex   -3.451537e+01 0.000000e+00 -1.847759e+00
      vertex   -3.596056e+01 0.000000e+00 -2.382419e+00
      vertex   -3.558079e+01 0.000000e+00 -2.685276e+00
    endloop
  endfacet
  facet normal 0.000000e+00 -1.000000e+00 -0.000000e+00
    outer loop
      vertex   -3.451537e+01 0.000000e+00 -1.847759e+00
      vertex   -3.558079e+01 0.000000e+00 -2.685276e+00
      vertex   -3.414018e+01 0.000000e+00 -1.961571e+00
    endloop
  endfacet
  facet normal 0.000000e+00 -1.000000e+00 0.000000e+00
    outer loop
      vertex   -3.414018e+01 0.000000e+00 -1.961571e+00
      vertex   -3.558079e+01 0.000000e+00 -2.685276e+00
      vertex   -3.516012e+01 0.000000e+00 -2.928149e+00
    endloop
  endfacet
  facet normal 0.000000e+00 -1.000000e+00 0.000000e+00
    outer loop
      vertex   -3.414018e+01 0.000000e+00 -1.961571e+00
      vertex   -3.516012e+01 0.000000e+00 -2.928149e+00
      vertex   -3.470795e+01 0.000000e+00 -3.105612e+00
    endloop
  endfacet
  facet normal 0.000000e+00 -1.000000e+00 0.000000e+00
    outer loop
      vertex   -3.470795e+01 0.000000e+00 -3.105612e+00
      vertex   -3.423439e+01 0.000000e+00 -3.213700e+00
      vertex   -3.414018e+01 0.000000e+00 -1.961571e+00
    endloop
  endfacet
  facet normal 0.000000e+00 -1.000000e+00 -0.000000e+00
    outer loop
      vertex   -3.414018e+01 0.000000e+00 -1.961571e+00
      vertex   -3.423439e+01 0.000000e+00 -3.213700e+00
      vertex   -3.375000e+01 0.000000e+00 -2.000000e+00
    endloop
  endfacet
  facet normal 0.000000e+00 -1.000000e+00 -0.000000e+00
    outer loop
      vertex   -3.375000e+01 0.000000e+00 -2.000000e+00
      vertex   -3.423439e+01 0.000000e+00 -3.213700e+00
      vertex   -3.375000e+01 0.000000e+00 -3.250000e+00
    endloop
  endfacet
  facet normal 0.000000e+00 -1.000000e+00 0.000000e+00
    outer loop
      vertex   -3.375000e+01 0.000000e+00 -2.000000e+00
      vertex   -3.375000e+01 0.000000e+00 -3.250000e+00
      vertex   -3.335982e+01 0.000000e+00 -1.961571e+00
    endloop
  endfacet
  facet normal 0.000000e+00 -1.000000e+00 -0.000000e+00
    outer loop
      vertex   -3.335982e+01 0.000000e+00 -1.961571e+00
      vertex   -3.375000e+01 0.000000e+00 -3.250000e+00
      vertex   -3.298463e+01 0.000000e+00 -1.847759e+00
    endloop
  endfacet
  facet normal 0.000000e+00 -1.000000e+00 -0.000000e+00
    outer loop
      vertex   -3.298463e+01 0.000000e+00 -1.847759e+00
      vertex   -3.375000e+01 0.000000e+00 -3.250000e+00
      vertex   -3.263886e+01 0.000000e+00 -1.662939e+00
    endloop
  endfacet
  facet normal 0.000000e+00 -1.000000e+00 -0.000000e+00
    outer loop
      vertex   -3.263886e+01 0.000000e+00 -1.662939e+00
      vertex   -3.375000e+01 0.000000e+00 -3.250000e+00
      vertex   -3.233579e+01 0.000000e+00 -1.414214e+00
    endloop
  endfacet
  facet normal 0.000000e+00 -1.000000e+00 -0.000000e+00
    outer loop
      vertex   -3.233579e+01 0.000000e+00 -1.414214e+00
      vertex   -3.375000e+01 0.000000e+00 -3.250000e+00
      vertex   -1.721164e+01 0.000000e+00 -1.911180e+00
    endloop
  endfacet
  facet normal 0.000000e+00 -1.000000e+00 0.000000e+00
    outer loop
      vertex   -3.233579e+01 0.000000e+00 -1.414214e+00
      vertex   -1.721164e+01 0.000000e+00 -1.911180e+00
      vertex   -1.751825e+01 0.000000e+00 -1.603224e+00
    endloop
  endfacet
  facet normal 0.000000e+00 -1.000000e+00 0.000000e+00
    outer loop
      vertex   -1.375000e+01 0.000000e+00 -3.250000e+00
      vertex   -1.646308e+01 0.000000e+00 -2.346294e+00
      vertex   -3.375000e+01 0.000000e+00 -3.250000e+00
    endloop
  endfacet
  facet normal 0.000000e+00 -1.000000e+00 0.000000e+00
    outer loop
      vertex   -3.375000e+01 0.000000e+00 -3.250000e+00
      vertex   -1.646308e+01 0.000000e+00 -2.346294e+00
      vertex   -1.685634e+01 0.000000e+00 -2.161390e+00
    endloop
  endfacet
  facet normal 0.000000e+00 -1.000000e+00 0.000000e+00
    outer loop
      vertex   -3.375000e+01 0.000000e+00 -3.250000e+00
      vertex   -1.685634e+01 0.000000e+00 -2.161390e+00
      vertex   -1.721164e+01 0.000000e+00 -1.911180e+00
    endloop
  endfacet
  facet normal -0.000000e+00 -1.000000e+00 0.000000e+00
    outer loop
      vertex   -1.362170e+01 0.000000e+00 -3.247467e+00
      vertex   -1.561099e+01 0.000000e+00 -2.499976e+00
      vertex   -1.375000e+01 0.000000e+00 -3.250000e+00
    endloop
  endfacet
  facet normal 0.000000e+00 -1.000000e+00 0.000000e+00
    outer loop
      vertex   -1.375000e+01 0.000000e+00 -3.250000e+00
      vertex   -1.561099e+01 0.000000e+00 -2.499976e+00
      vertex   -1.604374e+01 0.000000e+00 -2.460304e+00
    endloop
  endfacet
  facet normal 0.000000e+00 -1.000000e+00 0.000000e+00
    outer loop
      vertex   -1.375000e+01 0.000000e+00 -3.250000e+00
      vertex   -1.604374e+01 0.000000e+00 -2.460304e+00
      vertex   -1.646308e+01 0.000000e+00 -2.346294e+00
    endloop
  endfacet
  facet normal 0.000000e+00 -1.000000e+00 0.000000e+00
    outer loop
      vertex   -1.362170e+01 0.000000e+00 -3.247467e+00
      vertex   -1.349361e+01 0.000000e+00 -3.239871e+00
      vertex   -1.561099e+01 0.000000e+00 -2.499976e+00
    endloop
  endfacet
  facet normal 0.000000e+00 -1.000000e+00 0.000000e+00
    outer loop
      vertex   -1.561099e+01 0.000000e+00 -2.499976e+00
      vertex   -1.349361e+01 0.000000e+00 -3.239871e+00
      vertex   -1.336591e+01 0.000000e+00 -3.227224e+00
    endloop
  endfacet
  facet normal 0.000000e+00 -1.000000e+00 0.000000e+00
    outer loop
      vertex   -1.561099e+01 0.000000e+00 -2.499976e+00
      vertex   -1.336591e+01 0.000000e+00 -3.227224e+00
      vertex   -3.610412e+00 0.000000e+00 -3.000000e+00
    endloop
  endfacet
  facet normal 0.000000e+00 -1.000000e+00 0.000000e+00
    outer loop
      vertex   -3.610412e+00 0.000000e+00 -3.000000e+00
      vertex   -1.336591e+01 0.000000e+00 -3.227224e+00
      vertex   -1.308960e+01 0.000000e+00 -4.210096e+00
    endloop
  endfacet
  facet normal 0.000000e+00 -1.000000e+00 0.000000e+00
    outer loop
      vertex   -3.610412e+00 0.000000e+00 -3.000000e+00
      vertex   -1.308960e+01 0.000000e+00 -4.210096e+00
      vertex   -1.274112e+01 0.000000e+00 -5.169757e+00
    endloop
  endfacet
  facet normal 0.000000e+00 -1.000000e+00 0.000000e+00
    outer loop
      vertex   -1.274112e+01 0.000000e+00 -5.169757e+00
      vertex   -1.232239e+01 0.000000e+00 -6.100914e+00
      vertex   -3.610412e+00 0.000000e+00 -3.000000e+00
    endloop
  endfacet
  facet normal 0.000000e+00 -1.000000e+00 0.000000e+00
    outer loop
      vertex   -3.610412e+00 0.000000e+00 -3.000000e+00
      vertex   -1.232239e+01 0.000000e+00 -6.100914e+00
      vertex   -1.183573e+01 0.000000e+00 -6.998434e+00
    endloop
  endfacet
  facet normal 0.000000e+00 -1.000000e+00 0.000000e+00
    outer loop
      vertex   -3.610412e+00 0.000000e+00 -3.000000e+00
      vertex   -1.183573e+01 0.000000e+00 -6.998434e+00
      vertex   -1.128380e+01 0.000000e+00 -7.857369e+00
    endloop
  endfacet
  facet normal 0.000000e+00 -1.000000e+00 -0.000000e+00
    outer loop
      vertex   -3.610412e+00 0.000000e+00 -3.000000e+00
      vertex   -1.128380e+01 0.000000e+00 -7.857369e+00
      vertex   -1.882162e+00 0.000000e+00 -3.642453e+00
    endloop
  endfacet
  facet normal 0.000000e+00 -1.000000e+00 0.000000e+00
    outer loop
      vertex   -1.882162e+00 0.000000e+00 -3.642453e+00
      vertex   -1.128380e+01 0.000000e+00 -7.857369e+00
      vertex   -1.066967e+01 0.000000e+00 -8.672982e+00
    endloop
  endfacet
  facet normal 0.000000e+00 -1.000000e+00 -0.000000e+00
    outer loop
      vertex   -1.882162e+00 0.000000e+00 -3.642453e+00
      vertex   -1.066967e+01 0.000000e+00 -8.672982e+00
      vertex   -1.368941e+00 0.000000e+00 -3.864712e+00
    endloop
  endfacet
  facet normal 0.000000e+00 -1.000000e+00 0.000000e+00
    outer loop
      vertex   -1.368941e+00 0.000000e+00 -3.864712e+00
      vertex   -1.066967e+01 0.000000e+00 -8.672982e+00
      vertex   -9.996710e+00 0.000000e+00 -9.440778e+00
    endloop
  endfacet
  facet normal 0.000000e+00 -1.000000e+00 -0.000000e+00
    outer loop
      vertex   -1.368941e+00 0.000000e+00 -3.864712e+00
      vertex   -9.996710e+00 0.000000e+00 -9.440778e+00
      vertex   -8.302477e-01 0.000000e+00 -4.015058e+00
    endloop
  endfacet
  facet normal 0.000000e+00 -1.000000e+00 0.000000e+00
    outer loop
      vertex   -8.302477e-01 0.000000e+00 -4.015058e+00
      vertex   -9.996710e+00 0.000000e+00 -9.440778e+00
      vertex   -9.268633e+00 0.000000e+00 -1.015652e+01
    endloop
  endfacet
  facet normal 0.000000e+00 -1.000000e+00 0.000000e+00
    outer loop
      vertex   -8.302477e-01 0.000000e+00 -4.015058e+00
      vertex   -9.268633e+00 0.000000e+00 -1.015652e+01
      vertex   -8.489454e+00 0.000000e+00 -1.081627e+01
    endloop
  endfacet
  facet normal 0.000000e+00 -1.000000e+00 0.000000e+00
    outer loop
      vertex   -8.489454e+00 0.000000e+00 -1.081627e+01
      vertex   -7.663469e+00 0.000000e+00 -1.141638e+01
      vertex   -8.302477e-01 0.000000e+00 -4.015058e+00
    endloop
  endfacet
  facet normal 0.000000e+00 -1.000000e+00 -0.000000e+00
    outer loop
      vertex   -8.302477e-01 0.000000e+00 -4.015058e+00
      vertex   -7.663469e+00 0.000000e+00 -1.141638e+01
      vertex   -2.761052e-01 0.000000e+00 -4.090693e+00
    endloop
  endfacet
  facet normal 0.000000e+00 -1.000000e+00 0.000000e+00
    outer loop
      vertex   -2.761052e-01 0.000000e+00 -4.090693e+00
      vertex   -7.663469e+00 0.000000e+00 -1.141638e+01
      vertex   -6.795231e+00 0.000000e+00 -1.195355e+01
    endloop
  endfacet
  facet normal 0.000000e+00 -1.000000e+00 0.000000e+00
    outer loop
      vertex   -2.761052e-01 0.000000e+00 -4.090693e+00
      vertex   -6.795231e+00 0.000000e+00 -1.195355e+01
      vertex   -5.889529e+00 0.000000e+00 -1.242481e+01
    endloop
  endfacet
  facet normal 0.000000e+00 -1.000000e+00 0.000000e+00
    outer loop
      vertex   -5.889529e+00 0.000000e+00 -1.242481e+01
      vertex   -4.951355e+00 0.000000e+00 -1.282757e+01
      vertex   -2.761052e-01 0.000000e+00 -4.090693e+00
    endloop
  endfacet
  facet normal 0.000000e+00 -1.000000e+00 0.000000e+00
    outer loop
      vertex   -2.761052e-01 0.000000e+00 -4.090693e+00
      vertex   -4.951355e+00 0.000000e+00 -1.282757e+01
      vertex   -3.985881e+00 0.000000e+00 -1.315961e+01
    endloop
  endfacet
  facet normal 0.000000e+00 -1.000000e+00 0.000000e+00
    outer loop
      vertex   -2.761052e-01 0.000000e+00 -4.090693e+00
      vertex   -3.985881e+00 0.000000e+00 -1.315961e+01
      vertex   -2.998432e+00 0.000000e+00 -1.341909e+01
    endloop
  endfacet
  facet normal 0.000000e+00 -1.000000e+00 0.000000e+00
    outer loop
      vertex   -2.998432e+00 0.000000e+00 -1.341909e+01
      vertex   -1.994451e+00 0.000000e+00 -1.360458e+01
      vertex   -2.761052e-01 0.000000e+00 -4.090693e+00
    endloop
  endfacet
  facet normal 0.000000e+00 -1.000000e+00 0.000000e+00
    outer loop
      vertex   -2.761052e-01 0.000000e+00 -4.090693e+00
      vertex   -1.994451e+00 0.000000e+00 -1.360458e+01
      vertex   -9.794743e-01 0.000000e+00 -1.371507e+01
    endloop
  endfacet
  facet normal 0.000000e+00 -1.000000e+00 -0.000000e+00
    outer loop
      vertex   -2.761052e-01 0.000000e+00 -4.090693e+00
      vertex   -9.794743e-01 0.000000e+00 -1.371507e+01
      vertex   4.090315e-02 0.000000e+00 -1.374994e+01
    endloop
  endfacet
  facet normal 0.000000e+00 -1.000000e+00 0.000000e+00
    outer loop
      vertex   2.640159e-01 0.000000e+00 -1.377447e+01
      vertex   4.019653e+00 0.000000e+00 -1.317756e+01
      vertex   4.090315e-02 0.000000e+00 -1.374994e+01
    endloop
  endfacet
  facet normal 0.000000e+00 -1.000000e+00 0.000000e+00
    outer loop
      vertex   4.090315e-02 0.000000e+00 -1.374994e+01
      vertex   4.019653e+00 0.000000e+00 -1.317756e+01
      vertex   4.224167e+00 0.000000e+00 -1.308506e+01
    endloop
  endfacet
  facet normal 0.000000e+00 -1.000000e+00 0.000000e+00
    outer loop
      vertex   4.090315e-02 0.000000e+00 -1.374994e+01
      vertex   4.224167e+00 0.000000e+00 -1.308506e+01
      vertex   2.831750e-01 0.000000e+00 -4.090209e+00
    endloop
  endfacet
  facet normal 0.000000e+00 -1.000000e+00 0.000000e+00
    outer loop
      vertex   2.831750e-01 0.000000e+00 -4.090209e+00
      vertex   4.224167e+00 0.000000e+00 -1.308506e+01
      vertex   4.234540e+00 0.000000e+00 -1.308171e+01
    endloop
  endfacet
  facet normal 0.000000e+00 -1.000000e+00 0.000000e+00
    outer loop
      vertex   2.831750e-01 0.000000e+00 -4.090209e+00
      vertex   4.234540e+00 0.000000e+00 -1.308171e+01
      vertex   4.244911e+00 0.000000e+00 -1.307835e+01
    endloop
  endfacet
  facet normal 0.000000e+00 -1.000000e+00 0.000000e+00
    outer loop
      vertex   4.019653e+00 0.000000e+00 -1.317756e+01
      vertex   2.640159e-01 0.000000e+00 -1.377447e+01
      vertex   3.840919e+00 0.000000e+00 -1.331333e+01
    endloop
  endfacet
  facet normal 0.000000e+00 -1.000000e+00 0.000000e+00
    outer loop
      vertex   3.840919e+00 0.000000e+00 -1.331333e+01
      vertex   2.640159e-01 0.000000e+00 -1.377447e+01
      vertex   4.760378e-01 0.000000e+00 -1.384814e+01
    endloop
  endfacet
  facet normal 0.000000e+00 -1.000000e+00 0.000000e+00
    outer loop
      vertex   3.840919e+00 0.000000e+00 -1.331333e+01
      vertex   4.760378e-01 0.000000e+00 -1.384814e+01
      vertex   3.696972e+00 0.000000e+00 -1.348556e+01
    endloop
  endfacet
  facet normal 0.000000e+00 -1.000000e+00 0.000000e+00
    outer loop
      vertex   3.696972e+00 0.000000e+00 -1.348556e+01
      vertex   4.760378e-01 0.000000e+00 -1.384814e+01
      vertex   6.662872e-01 0.000000e+00 -1.396724e+01
    endloop
  endfacet
  facet normal 0.000000e+00 -1.000000e+00 0.000000e+00
    outer loop
      vertex   3.696972e+00 0.000000e+00 -1.348556e+01
      vertex   6.662872e-01 0.000000e+00 -1.396724e+01
      vertex   3.595064e+00 0.000000e+00 -1.368555e+01
    endloop
  endfacet
  facet normal 0.000000e+00 -1.000000e+00 0.000000e+00
    outer loop
      vertex   3.595064e+00 0.000000e+00 -1.368555e+01
      vertex   6.662872e-01 0.000000e+00 -1.396724e+01
      vertex   8.251791e-01 0.000000e+00 -1.412578e+01
    endloop
  endfacet
  facet normal 0.000000e+00 -1.000000e+00 0.000000e+00
    outer loop
      vertex   3.595064e+00 0.000000e+00 -1.368555e+01
      vertex   8.251791e-01 0.000000e+00 -1.412578e+01
      vertex   3.540328e+00 0.000000e+00 -1.390323e+01
    endloop
  endfacet
  facet normal 0.000000e+00 -1.000000e+00 0.000000e+00
    outer loop
      vertex   3.540328e+00 0.000000e+00 -1.390323e+01
      vertex   8.251791e-01 0.000000e+00 -1.412578e+01
      vertex   9.447084e-01 0.000000e+00 -1.431576e+01
    endloop
  endfacet
  facet normal 0.000000e+00 -1.000000e+00 0.000000e+00
    outer loop
      vertex   3.540328e+00 0.000000e+00 -1.390323e+01
      vertex   9.447084e-01 0.000000e+00 -1.431576e+01
      vertex   3.400860e+00 0.000000e+00 -1.493875e+01
    endloop
  endfacet
  facet normal -0.000000e+00 -1.000000e+00 0.000000e+00
    outer loop
      vertex   3.400860e+00 0.000000e+00 -1.493875e+01
      vertex   9.447084e-01 0.000000e+00 -1.431576e+01
      vertex   1.398363e+00 0.000000e+00 -1.525702e+01
    endloop
  endfacet
  facet normal 0.000000e+00 -1.000000e+00 0.000000e+00
    outer loop
      vertex   3.400860e+00 0.000000e+00 -1.493875e+01
      vertex   1.398363e+00 0.000000e+00 -1.525702e+01
      vertex   3.334815e+00 0.000000e+00 -1.518522e+01
    endloop
  endfacet
  facet normal 0.000000e+00 -1.000000e+00 0.000000e+00
    outer loop
      vertex   3.334815e+00 0.000000e+00 -1.518522e+01
      vertex   1.398363e+00 0.000000e+00 -1.525702e+01
      vertex   3.208544e+00 0.000000e+00 -1.540695e+01
    endloop
  endfacet
  facet normal -0.000000e+00 -1.000000e+00 0.000000e+00
    outer loop
      vertex   3.208544e+00 0.000000e+00 -1.540695e+01
      vertex   1.398363e+00 0.000000e+00 -1.525702e+01
      vertex   1.537565e+00 0.000000e+00 -1.547086e+01
    endloop
  endfacet
  facet normal 0.000000e+00 -1.000000e+00 0.000000e+00
    outer loop
      vertex   3.208544e+00 0.000000e+00 -1.540695e+01
      vertex   1.537565e+00 0.000000e+00 -1.547086e+01
      vertex   3.030268e+00 0.000000e+00 -1.558951e+01
    endloop
  endfacet
  facet normal -0.000000e+00 -1.000000e+00 0.000000e+00
    outer loop
      vertex   3.030268e+00 0.000000e+00 -1.558951e+01
      vertex   1.537565e+00 0.000000e+00 -1.547086e+01
      vertex   2.811594e+00 0.000000e+00 -1.572100e+01
    endloop
  endfacet
  facet normal 0.000000e+00 -1.000000e+00 0.000000e+00
    outer loop
      vertex   2.811594e+00 0.000000e+00 -1.572100e+01
      vertex   1.537565e+00 0.000000e+00 -1.547086e+01
      vertex   1.726354e+00 0.000000e+00 -1.564252e+01
    endloop
  endfacet
  facet normal -0.000000e+00 -1.000000e+00 0.000000e+00
    outer loop
      vertex   2.811594e+00 0.000000e+00 -1.572100e+01
      vertex   1.726354e+00 0.000000e+00 -1.564252e+01
      vertex   2.566760e+00 0.000000e+00 -1.579288e+01
    endloop
  endfacet
  facet normal -0.000000e+00 -1.000000e+00 0.000000e+00
    outer loop
      vertex   2.566760e+00 0.000000e+00 -1.579288e+01
      vertex   1.726354e+00 0.000000e+00 -1.564252e+01
      vertex   2.456145e+00 0.000000e+00 -1.581045e+01
    endloop
  endfacet
  facet normal 0.000000e+00 -1.000000e+00 0.000000e+00
    outer loop
      vertex   2.456145e+00 0.000000e+00 -1.581045e+01
      vertex   1.726354e+00 0.000000e+00 -1.564252e+01
      vertex   1.952438e+00 0.000000e+00 -1.576080e+01
    endloop
  endfacet
  facet normal -0.000000e+00 -1.000000e+00 0.000000e+00
    outer loop
      vertex   2.456145e+00 0.000000e+00 -1.581045e+01
      vertex   1.952438e+00 0.000000e+00 -1.576080e+01
      vertex   2.201098e+00 0.000000e+00 -1.581802e+01
    endloop
  endfacet
  facet normal 0.000000e+00 -1.000000e+00 0.000000e+00
    outer loop
      vertex   4.244911e+00 0.000000e+00 -1.307835e+01
      vertex   4.255279e+00 0.000000e+00 -1.307498e+01
      vertex   2.831750e-01 0.000000e+00 -4.090209e+00
    endloop
  endfacet
  facet normal 0.000000e+00 -1.000000e+00 0.000000e+00
    outer loop
      vertex   2.831750e-01 0.000000e+00 -4.090209e+00
      vertex   4.255279e+00 0.000000e+00 -1.307498e+01
      vertex   7.738344e+00 0.000000e+00 -1.149415e+01
    endloop
  endfacet
  facet normal 0.000000e+00 -1.000000e+00 0.000000e+00
    outer loop
      vertex   2.831750e-01 0.000000e+00 -4.090209e+00
      vertex   7.738344e+00 0.000000e+00 -1.149415e+01
      vertex   8.371860e-01 0.000000e+00 -4.013617e+00
    endloop
  endfacet
  facet normal 0.000000e+00 -1.000000e+00 0.000000e+00
    outer loop
      vertex   8.371860e-01 0.000000e+00 -4.013617e+00
      vertex   7.738344e+00 0.000000e+00 -1.149415e+01
      vertex   1.375619e+00 0.000000e+00 -3.862340e+00
    endloop
  endfacet
  facet normal 0.000000e+00 -1.000000e+00 0.000000e+00
    outer loop
      vertex   1.375619e+00 0.000000e+00 -3.862340e+00
      vertex   7.738344e+00 0.000000e+00 -1.149415e+01
      vertex   1.888455e+00 0.000000e+00 -3.639195e+00
    endloop
  endfacet
  facet normal 0.000000e+00 -1.000000e+00 0.000000e+00
    outer loop
      vertex   1.888455e+00 0.000000e+00 -3.639195e+00
      vertex   7.738344e+00 0.000000e+00 -1.149415e+01
      vertex   2.366151e+00 0.000000e+00 -3.348332e+00
    endloop
  endfacet
  facet normal 0.000000e+00 -1.000000e+00 0.000000e+00
    outer loop
      vertex   2.366151e+00 0.000000e+00 -3.348332e+00
      vertex   7.738344e+00 0.000000e+00 -1.149415e+01
      vertex   2.799819e+00 0.000000e+00 -2.995165e+00
    endloop
  endfacet
  facet normal 0.000000e+00 -1.000000e+00 0.000000e+00
    outer loop
      vertex   2.799819e+00 0.000000e+00 -2.995165e+00
      vertex   7.738344e+00 0.000000e+00 -1.149415e+01
      vertex   3.181388e+00 0.000000e+00 -2.586265e+00
    endloop
  endfacet
  facet normal 0.000000e+00 -1.000000e+00 0.000000e+00
    outer loop
      vertex   3.181388e+00 0.000000e+00 -2.586265e+00
      vertex   7.738344e+00 0.000000e+00 -1.149415e+01
      vertex   3.503760e+00 0.000000e+00 -2.129241e+00
    endloop
  endfacet
  facet normal 0.000000e+00 -1.000000e+00 0.000000e+00
    outer loop
      vertex   3.503760e+00 0.000000e+00 -2.129241e+00
      vertex   7.738344e+00 0.000000e+00 -1.149415e+01
      vertex   3.760934e+00 0.000000e+00 -1.632597e+00
    endloop
  endfacet
  facet normal 0.000000e+00 -1.000000e+00 0.000000e+00
    outer loop
      vertex   3.760934e+00 0.000000e+00 -1.632597e+00
      vertex   7.738344e+00 0.000000e+00 -1.149415e+01
      vertex   3.948127e+00 0.000000e+00 -1.105573e+00
    endloop
  endfacet
  facet normal 0.000000e+00 -1.000000e+00 0.000000e+00
    outer loop
      vertex   3.948127e+00 0.000000e+00 -1.105573e+00
      vertex   7.738344e+00 0.000000e+00 -1.149415e+01
      vertex   7.866831e+00 0.000000e+00 -1.131011e+01
    endloop
  endfacet
  facet normal 0.000000e+00 -1.000000e+00 0.000000e+00
    outer loop
      vertex   3.948127e+00 0.000000e+00 -1.105573e+00
      vertex   7.866831e+00 0.000000e+00 -1.131011e+01
      vertex   8.033130e+00 0.000000e+00 -1.115936e+01
    endloop
  endfacet
  facet normal 0.000000e+00 -1.000000e+00 0.000000e+00
    outer loop
      vertex   4.255279e+00 0.000000e+00 -1.307498e+01
      vertex   4.475164e+00 0.000000e+00 -1.302991e+01
      vertex   7.738344e+00 0.000000e+00 -1.149415e+01
    endloop
  endfacet
  facet normal 0.000000e+00 -1.000000e+00 0.000000e+00
    outer loop
      vertex   7.738344e+00 0.000000e+00 -1.149415e+01
      vertex   4.475164e+00 0.000000e+00 -1.302991e+01
      vertex   7.654142e+00 0.000000e+00 -1.170222e+01
    endloop
  endfacet
  facet normal 0.000000e+00 -1.000000e+00 0.000000e+00
    outer loop
      vertex   7.654142e+00 0.000000e+00 -1.170222e+01
      vertex   4.475164e+00 0.000000e+00 -1.302991e+01
      vertex   4.699563e+00 0.000000e+00 -1.303502e+01
    endloop
  endfacet
  facet normal 0.000000e+00 -1.000000e+00 0.000000e+00
    outer loop
      vertex   7.654142e+00 0.000000e+00 -1.170222e+01
      vertex   4.699563e+00 0.000000e+00 -1.303502e+01
      vertex   7.618469e+00 0.000000e+00 -1.192382e+01
    endloop
  endfacet
  facet normal 0.000000e+00 -1.000000e+00 0.000000e+00
    outer loop
      vertex   7.618469e+00 0.000000e+00 -1.192382e+01
      vertex   4.699563e+00 0.000000e+00 -1.303502e+01
      vertex   4.917170e+00 0.000000e+00 -1.309004e+01
    endloop
  endfacet
  facet normal 0.000000e+00 -1.000000e+00 -0.000000e+00
    outer loop
      vertex   7.618469e+00 0.000000e+00 -1.192382e+01
      vertex   4.917170e+00 0.000000e+00 -1.309004e+01
      vertex   7.633120e+00 0.000000e+00 -1.214780e+01
    endloop
  endfacet
  facet normal 0.000000e+00 -1.000000e+00 0.000000e+00
    outer loop
      vertex   7.633120e+00 0.000000e+00 -1.214780e+01
      vertex   4.917170e+00 0.000000e+00 -1.309004e+01
      vertex   5.117022e+00 0.000000e+00 -1.319222e+01
    endloop
  endfacet
  facet normal 0.000000e+00 -1.000000e+00 0.000000e+00
    outer loop
      vertex   7.633120e+00 0.000000e+00 -1.214780e+01
      vertex   5.117022e+00 0.000000e+00 -1.319222e+01
      vertex   5.289050e+00 0.000000e+00 -1.333640e+01
    endloop
  endfacet
  facet normal 0.000000e+00 -1.000000e+00 0.000000e+00
    outer loop
      vertex   6.009480e+00 0.000000e+00 -1.409320e+01
      vertex   7.830625e+00 0.000000e+00 -1.343105e+01
      vertex   5.289050e+00 0.000000e+00 -1.333640e+01
    endloop
  endfacet
  facet normal 0.000000e+00 -1.000000e+00 0.000000e+00
    outer loop
      vertex   5.289050e+00 0.000000e+00 -1.333640e+01
      vertex   7.830625e+00 0.000000e+00 -1.343105e+01
      vertex   7.817908e+00 0.000000e+00 -1.317620e+01
    endloop
  endfacet
  facet normal 0.000000e+00 -1.000000e+00 0.000000e+00
    outer loop
      vertex   5.289050e+00 0.000000e+00 -1.333640e+01
      vertex   7.817908e+00 0.000000e+00 -1.317620e+01
      vertex   7.633120e+00 0.000000e+00 -1.214780e+01
    endloop
  endfacet
  facet normal 0.000000e+00 -1.000000e+00 0.000000e+00
    outer loop
      vertex   6.207550e+00 0.000000e+00 -1.425405e+01
      vertex   7.285906e+00 0.000000e+00 -1.424495e+01
      vertex   6.009480e+00 0.000000e+00 -1.409320e+01
    endloop
  endfacet
  facet normal 0.000000e+00 -1.000000e+00 0.000000e+00
    outer loop
      vertex   6.009480e+00 0.000000e+00 -1.409320e+01
      vertex   7.285906e+00 0.000000e+00 -1.424495e+01
      vertex   7.496905e+00 0.000000e+00 -1.410147e+01
    endloop
  endfacet
  facet normal 0.000000e+00 -1.000000e+00 0.000000e+00
    outer loop
      vertex   6.009480e+00 0.000000e+00 -1.409320e+01
      vertex   7.496905e+00 0.000000e+00 -1.410147e+01
      vertex   7.664722e+00 0.000000e+00 -1.390925e+01
    endloop
  endfacet
  facet normal 0.000000e+00 -1.000000e+00 0.000000e+00
    outer loop
      vertex   7.285906e+00 0.000000e+00 -1.424495e+01
      vertex   6.207550e+00 0.000000e+00 -1.425405e+01
      vertex   7.186010e+00 0.000000e+00 -1.429561e+01
    endloop
  endfacet
  facet normal -0.000000e+00 -1.000000e+00 0.000000e+00
    outer loop
      vertex   7.186010e+00 0.000000e+00 -1.429561e+01
      vertex   6.207550e+00 0.000000e+00 -1.425405e+01
      vertex   6.439880e+00 0.000000e+00 -1.435954e+01
    endloop
  endfacet
  facet normal 0.000000e+00 -1.000000e+00 0.000000e+00
    outer loop
      vertex   7.186010e+00 0.000000e+00 -1.429561e+01
      vertex   6.439880e+00 0.000000e+00 -1.435954e+01
      vertex   6.945572e+00 0.000000e+00 -1.438102e+01
    endloop
  endfacet
  facet normal -0.000000e+00 -1.000000e+00 0.000000e+00
    outer loop
      vertex   6.945572e+00 0.000000e+00 -1.438102e+01
      vertex   6.439880e+00 0.000000e+00 -1.435954e+01
      vertex   6.691345e+00 0.000000e+00 -1.440281e+01
    endloop
  endfacet
  facet normal -0.000000e+00 -1.000000e+00 0.000000e+00
    outer loop
      vertex   7.664722e+00 0.000000e+00 -1.390925e+01
      vertex   7.778430e+00 0.000000e+00 -1.368082e+01
      vertex   6.009480e+00 0.000000e+00 -1.409320e+01
    endloop
  endfacet
  facet normal 0.000000e+00 -1.000000e+00 0.000000e+00
    outer loop
      vertex   6.009480e+00 0.000000e+00 -1.409320e+01
      vertex   7.778430e+00 0.000000e+00 -1.368082e+01
      vertex   7.830625e+00 0.000000e+00 -1.343105e+01
    endloop
  endfacet
  facet normal 0.000000e+00 -1.000000e+00 0.000000e+00
    outer loop
      vertex   8.033130e+00 0.000000e+00 -1.115936e+01
      vertex   8.041975e+00 0.000000e+00 -1.115299e+01
      vertex   3.948127e+00 0.000000e+00 -1.105573e+00
    endloop
  endfacet
  facet normal 0.000000e+00 -1.000000e+00 0.000000e+00
    outer loop
      vertex   3.948127e+00 0.000000e+00 -1.105573e+00
      vertex   8.041975e+00 0.000000e+00 -1.115299e+01
      vertex   8.050816e+00 0.000000e+00 -1.114661e+01
    endloop
  endfacet
  facet normal 0.000000e+00 -1.000000e+00 0.000000e+00
    outer loop
      vertex   3.948127e+00 0.000000e+00 -1.105573e+00
      vertex   8.050816e+00 0.000000e+00 -1.114661e+01
      vertex   8.059651e+00 0.000000e+00 -1.114022e+01
    endloop
  endfacet
  facet normal 0.000000e+00 -1.000000e+00 0.000000e+00
    outer loop
      vertex   8.059651e+00 0.000000e+00 -1.114022e+01
      vertex   8.255122e+00 0.000000e+00 -1.102989e+01
      vertex   3.948127e+00 0.000000e+00 -1.105573e+00
    endloop
  endfacet
  facet normal 0.000000e+00 -1.000000e+00 0.000000e+00
    outer loop
      vertex   3.948127e+00 0.000000e+00 -1.105573e+00
      vertex   8.255122e+00 0.000000e+00 -1.102989e+01
      vertex   1.095602e+01 0.000000e+00 -8.352913e+00
    endloop
  endfacet
  facet normal 0.000000e+00 -1.000000e+00 0.000000e+00
    outer loop
      vertex   3.948127e+00 0.000000e+00 -1.105573e+00
      vertex   1.095602e+01 0.000000e+00 -8.352913e+00
      vertex   1.106809e+01 0.000000e+00 -8.158430e+00
    endloop
  endfacet
  facet normal 0.000000e+00 -1.000000e+00 0.000000e+00
    outer loop
      vertex   1.095602e+01 0.000000e+00 -8.352913e+00
      vertex   8.255122e+00 0.000000e+00 -1.102989e+01
      vertex   1.089016e+01 0.000000e+00 -8.567490e+00
    endloop
  endfacet
  facet normal 0.000000e+00 -1.000000e+00 0.000000e+00
    outer loop
      vertex   1.089016e+01 0.000000e+00 -8.567490e+00
      vertex   8.255122e+00 0.000000e+00 -1.102989e+01
      vertex   8.470276e+00 0.000000e+00 -1.096595e+01
    endloop
  endfacet
  facet normal 0.000000e+00 -1.000000e+00 0.000000e+00
    outer loop
      vertex   1.089016e+01 0.000000e+00 -8.567490e+00
      vertex   8.470276e+00 0.000000e+00 -1.096595e+01
      vertex   1.087382e+01 0.000000e+00 -8.791352e+00
    endloop
  endfacet
  facet normal 0.000000e+00 -1.000000e+00 -0.000000e+00
    outer loop
      vertex   1.087382e+01 0.000000e+00 -8.791352e+00
      vertex   8.470276e+00 0.000000e+00 -1.096595e+01
      vertex   1.090782e+01 0.000000e+00 -9.013219e+00
    endloop
  endfacet
  facet normal 0.000000e+00 -1.000000e+00 0.000000e+00
    outer loop
      vertex   1.090782e+01 0.000000e+00 -9.013219e+00
      vertex   8.470276e+00 0.000000e+00 -1.096595e+01
      vertex   8.694274e+00 0.000000e+00 -1.095159e+01
    endloop
  endfacet
  facet normal 0.000000e+00 -1.000000e+00 -0.000000e+00
    outer loop
      vertex   1.090782e+01 0.000000e+00 -9.013219e+00
      vertex   8.694274e+00 0.000000e+00 -1.095159e+01
      vertex   1.099045e+01 0.000000e+00 -9.221914e+00
    endloop
  endfacet
  facet normal 0.000000e+00 -1.000000e+00 0.000000e+00
    outer loop
      vertex   1.099045e+01 0.000000e+00 -9.221914e+00
      vertex   8.694274e+00 0.000000e+00 -1.095159e+01
      vertex   8.915829e+00 0.000000e+00 -1.098756e+01
    endloop
  endfacet
  facet normal 0.000000e+00 -1.000000e+00 -0.000000e+00
    outer loop
      vertex   1.099045e+01 0.000000e+00 -9.221914e+00
      vertex   8.915829e+00 0.000000e+00 -1.098756e+01
      vertex   1.148169e+01 0.000000e+00 -1.014411e+01
    endloop
  endfacet
  facet normal 0.000000e+00 -1.000000e+00 0.000000e+00
    outer loop
      vertex   1.148169e+01 0.000000e+00 -1.014411e+01
      vertex   8.915829e+00 0.000000e+00 -1.098756e+01
      vertex   9.123781e+00 0.000000e+00 -1.107205e+01
    endloop
  endfacet
  facet normal 0.000000e+00 -1.000000e+00 -0.000000e+00
    outer loop
      vertex   1.148169e+01 0.000000e+00 -1.014411e+01
      vertex   9.123781e+00 0.000000e+00 -1.107205e+01
      vertex   1.157194e+01 0.000000e+00 -1.038278e+01
    endloop
  endfacet
  facet normal 0.000000e+00 -1.000000e+00 -0.000000e+00
    outer loop
      vertex   1.157194e+01 0.000000e+00 -1.038278e+01
      vertex   9.123781e+00 0.000000e+00 -1.107205e+01
      vertex   1.159885e+01 0.000000e+00 -1.063652e+01
    endloop
  endfacet
  facet normal 0.000000e+00 -1.000000e+00 0.000000e+00
    outer loop
      vertex   1.159885e+01 0.000000e+00 -1.063652e+01
      vertex   9.123781e+00 0.000000e+00 -1.107205e+01
      vertex   1.156067e+01 0.000000e+00 -1.088881e+01
    endloop
  endfacet
  facet normal 0.000000e+00 -1.000000e+00 0.000000e+00
    outer loop
      vertex   1.156067e+01 0.000000e+00 -1.088881e+01
      vertex   9.123781e+00 0.000000e+00 -1.107205e+01
      vertex   1.145988e+01 0.000000e+00 -1.112323e+01
    endloop
  endfacet
  facet normal -0.000000e+00 -1.000000e+00 0.000000e+00
    outer loop
      vertex   1.145988e+01 0.000000e+00 -1.112323e+01
      vertex   9.123781e+00 0.000000e+00 -1.107205e+01
      vertex   1.004157e+01 0.000000e+00 -1.157147e+01
    endloop
  endfacet
  facet normal 0.000000e+00 -1.000000e+00 0.000000e+00
    outer loop
      vertex   1.145988e+01 0.000000e+00 -1.112323e+01
      vertex   1.004157e+01 0.000000e+00 -1.157147e+01
      vertex   1.130304e+01 0.000000e+00 -1.132451e+01
    endloop
  endfacet
  facet normal 0.000000e+00 -1.000000e+00 0.000000e+00
    outer loop
      vertex   1.130304e+01 0.000000e+00 -1.132451e+01
      vertex   1.004157e+01 0.000000e+00 -1.157147e+01
      vertex   1.122349e+01 0.000000e+00 -1.140335e+01
    endloop
  endfacet
  facet normal 0.000000e+00 -1.000000e+00 0.000000e+00
    outer loop
      vertex   1.122349e+01 0.000000e+00 -1.140335e+01
      vertex   1.004157e+01 0.000000e+00 -1.157147e+01
      vertex   1.102083e+01 0.000000e+00 -1.155838e+01
    endloop
  endfacet
  facet normal 0.000000e+00 -1.000000e+00 0.000000e+00
    outer loop
      vertex   1.102083e+01 0.000000e+00 -1.155838e+01
      vertex   1.004157e+01 0.000000e+00 -1.157147e+01
      vertex   1.078553e+01 0.000000e+00 -1.165707e+01
    endloop
  endfacet
  facet normal -0.000000e+00 -1.000000e+00 0.000000e+00
    outer loop
      vertex   1.078553e+01 0.000000e+00 -1.165707e+01
      vertex   1.004157e+01 0.000000e+00 -1.157147e+01
      vertex   1.027943e+01 0.000000e+00 -1.166384e+01
    endloop
  endfacet
  facet normal 0.000000e+00 -1.000000e+00 0.000000e+00
    outer loop
      vertex   1.078553e+01 0.000000e+00 -1.165707e+01
      vertex   1.027943e+01 0.000000e+00 -1.166384e+01
      vertex   1.053291e+01 0.000000e+00 -1.169300e+01
    endloop
  endfacet
  facet normal 0.000000e+00 -1.000000e+00 0.000000e+00
    outer loop
      vertex   1.106809e+01 0.000000e+00 -8.158430e+00
      vertex   1.107455e+01 0.000000e+00 -8.149652e+00
      vertex   3.948127e+00 0.000000e+00 -1.105573e+00
    endloop
  endfacet
  facet normal 0.000000e+00 -1.000000e+00 0.000000e+00
    outer loop
      vertex   3.948127e+00 0.000000e+00 -1.105573e+00
      vertex   1.107455e+01 0.000000e+00 -8.149652e+00
      vertex   1.108101e+01 0.000000e+00 -8.140869e+00
    endloop
  endfacet
  facet normal 0.000000e+00 -1.000000e+00 0.000000e+00
    outer loop
      vertex   3.948127e+00 0.000000e+00 -1.105573e+00
      vertex   1.108101e+01 0.000000e+00 -8.140869e+00
      vertex   1.108746e+01 0.000000e+00 -8.132081e+00
    endloop
  endfacet
  facet normal 0.000000e+00 -1.000000e+00 0.000000e+00
    outer loop
      vertex   1.108746e+01 0.000000e+00 -8.132081e+00
      vertex   1.123968e+01 0.000000e+00 -7.967129e+00
      vertex   3.948127e+00 0.000000e+00 -1.105573e+00
    endloop
  endfacet
  facet normal 0.000000e+00 -1.000000e+00 0.000000e+00
    outer loop
      vertex   3.948127e+00 0.000000e+00 -1.105573e+00
      vertex   1.123968e+01 0.000000e+00 -7.967129e+00
      vertex   1.299270e+01 0.000000e+00 -4.815332e+00
    endloop
  endfacet
  facet normal 0.000000e+00 -1.000000e+00 0.000000e+00
    outer loop
      vertex   3.948127e+00 0.000000e+00 -1.105573e+00
      vertex   1.299270e+01 0.000000e+00 -4.815332e+00
      vertex   1.298958e+01 0.000000e+00 -4.590896e+00
    endloop
  endfacet
  facet normal 0.000000e+00 -1.000000e+00 0.000000e+00
    outer loop
      vertex   1.123968e+01 0.000000e+00 -7.967129e+00
      vertex   1.142486e+01 0.000000e+00 -7.840285e+00
      vertex   1.299270e+01 0.000000e+00 -4.815332e+00
    endloop
  endfacet
  facet normal 0.000000e+00 -1.000000e+00 -0.000000e+00
    outer loop
      vertex   1.299270e+01 0.000000e+00 -4.815332e+00
      vertex   1.142486e+01 0.000000e+00 -7.840285e+00
      vertex   1.304579e+01 0.000000e+00 -5.033420e+00
    endloop
  endfacet
  facet normal 0.000000e+00 -1.000000e+00 -0.000000e+00
    outer loop
      vertex   1.304579e+01 0.000000e+00 -5.033420e+00
      vertex   1.142486e+01 0.000000e+00 -7.840285e+00
      vertex   1.314618e+01 0.000000e+00 -5.234173e+00
    endloop
  endfacet
  facet normal 0.000000e+00 -1.000000e+00 0.000000e+00
    outer loop
      vertex   1.314618e+01 0.000000e+00 -5.234173e+00
      vertex   1.142486e+01 0.000000e+00 -7.840285e+00
      vertex   1.163367e+01 0.000000e+00 -7.757937e+00
    endloop
  endfacet
  facet normal 0.000000e+00 -1.000000e+00 -0.000000e+00
    outer loop
      vertex   1.314618e+01 0.000000e+00 -5.234173e+00
      vertex   1.163367e+01 0.000000e+00 -7.757937e+00
      vertex   1.328882e+01 0.000000e+00 -5.407477e+00
    endloop
  endfacet
  facet normal 0.000000e+00 -1.000000e+00 0.000000e+00
    outer loop
      vertex   1.328882e+01 0.000000e+00 -5.407477e+00
      vertex   1.163367e+01 0.000000e+00 -7.757937e+00
      vertex   1.185558e+01 0.000000e+00 -7.724236e+00
    endloop
  endfacet
  facet normal 0.000000e+00 -1.000000e+00 -0.000000e+00
    outer loop
      vertex   1.328882e+01 0.000000e+00 -5.407477e+00
      vertex   1.185558e+01 0.000000e+00 -7.724236e+00
      vertex   1.403918e+01 0.000000e+00 -6.134606e+00
    endloop
  endfacet
  facet normal 0.000000e+00 -1.000000e+00 0.000000e+00
    outer loop
      vertex   1.403918e+01 0.000000e+00 -6.134606e+00
      vertex   1.185558e+01 0.000000e+00 -7.724236e+00
      vertex   1.207942e+01 0.000000e+00 -7.740879e+00
    endloop
  endfacet
  facet normal 0.000000e+00 -1.000000e+00 -0.000000e+00
    outer loop
      vertex   1.403918e+01 0.000000e+00 -6.134606e+00
      vertex   1.207942e+01 0.000000e+00 -7.740879e+00
      vertex   1.419827e+01 0.000000e+00 -6.334104e+00
    endloop
  endfacet
  facet normal 0.000000e+00 -1.000000e+00 -0.000000e+00
    outer loop
      vertex   1.419827e+01 0.000000e+00 -6.334104e+00
      vertex   1.207942e+01 0.000000e+00 -7.740879e+00
      vertex   1.430170e+01 0.000000e+00 -6.567370e+00
    endloop
  endfacet
  facet normal 0.000000e+00 -1.000000e+00 -0.000000e+00
    outer loop
      vertex   1.430170e+01 0.000000e+00 -6.567370e+00
      vertex   1.207942e+01 0.000000e+00 -7.740879e+00
      vertex   1.434272e+01 0.000000e+00 -6.819217e+00
    endloop
  endfacet
  facet normal 0.000000e+00 -1.000000e+00 0.000000e+00
    outer loop
      vertex   1.434272e+01 0.000000e+00 -6.819217e+00
      vertex   1.207942e+01 0.000000e+00 -7.740879e+00
      vertex   1.431866e+01 0.000000e+00 -7.073247e+00
    endloop
  endfacet
  facet normal 0.000000e+00 -1.000000e+00 0.000000e+00
    outer loop
      vertex   1.431866e+01 0.000000e+00 -7.073247e+00
      vertex   1.207942e+01 0.000000e+00 -7.740879e+00
      vertex   1.423111e+01 0.000000e+00 -7.312919e+00
    endloop
  endfacet
  facet normal 0.000000e+00 -1.000000e+00 0.000000e+00
    outer loop
      vertex   1.423111e+01 0.000000e+00 -7.312919e+00
      vertex   1.207942e+01 0.000000e+00 -7.740879e+00
      vertex   1.417956e+01 0.000000e+00 -7.412358e+00
    endloop
  endfacet
  facet normal 0.000000e+00 -1.000000e+00 0.000000e+00
    outer loop
      vertex   1.417956e+01 0.000000e+00 -7.412358e+00
      vertex   1.207942e+01 0.000000e+00 -7.740879e+00
      vertex   1.310614e+01 0.000000e+00 -7.934806e+00
    endloop
  endfacet
  facet normal 0.000000e+00 -1.000000e+00 0.000000e+00
    outer loop
      vertex   1.417956e+01 0.000000e+00 -7.412358e+00
      vertex   1.310614e+01 0.000000e+00 -7.934806e+00
      vertex   1.403420e+01 0.000000e+00 -7.622064e+00
    endloop
  endfacet
  facet normal 0.000000e+00 -1.000000e+00 0.000000e+00
    outer loop
      vertex   1.403420e+01 0.000000e+00 -7.622064e+00
      vertex   1.310614e+01 0.000000e+00 -7.934806e+00
      vertex   1.384050e+01 0.000000e+00 -7.788156e+00
    endloop
  endfacet
  facet normal 0.000000e+00 -1.000000e+00 0.000000e+00
    outer loop
      vertex   1.384050e+01 0.000000e+00 -7.788156e+00
      vertex   1.310614e+01 0.000000e+00 -7.934806e+00
      vertex   1.361108e+01 0.000000e+00 -7.899821e+00
    endloop
  endfacet
  facet normal 0.000000e+00 -1.000000e+00 0.000000e+00
    outer loop
      vertex   1.361108e+01 0.000000e+00 -7.899821e+00
      vertex   1.310614e+01 0.000000e+00 -7.934806e+00
      vertex   1.336086e+01 0.000000e+00 -7.949789e+00
    endloop
  endfacet
  facet normal 0.000000e+00 -1.000000e+00 0.000000e+00
    outer loop
      vertex   1.298958e+01 0.000000e+00 -4.590896e+00
      vertex   1.303661e+01 0.000000e+00 -4.371420e+00
      vertex   3.948127e+00 0.000000e+00 -1.105573e+00
    endloop
  endfacet
  facet normal 0.000000e+00 -1.000000e+00 0.000000e+00
    outer loop
      vertex   3.948127e+00 0.000000e+00 -1.105573e+00
      vertex   1.303661e+01 0.000000e+00 -4.371420e+00
      vertex   1.304007e+01 0.000000e+00 -4.361082e+00
    endloop
  endfacet
  facet normal 0.000000e+00 -1.000000e+00 0.000000e+00
    outer loop
      vertex   3.948127e+00 0.000000e+00 -1.105573e+00
      vertex   1.304007e+01 0.000000e+00 -4.361082e+00
      vertex   1.304353e+01 0.000000e+00 -4.350742e+00
    endloop
  endfacet
  facet normal 0.000000e+00 -1.000000e+00 0.000000e+00
    outer loop
      vertex   1.304353e+01 0.000000e+00 -4.350742e+00
      vertex   1.304697e+01 0.000000e+00 -4.340399e+00
      vertex   3.948127e+00 0.000000e+00 -1.105573e+00
    endloop
  endfacet
  facet normal 0.000000e+00 -1.000000e+00 0.000000e+00
    outer loop
      vertex   3.948127e+00 0.000000e+00 -1.105573e+00
      vertex   1.304697e+01 0.000000e+00 -4.340399e+00
      vertex   1.314128e+01 0.000000e+00 -4.136716e+00
    endloop
  endfacet
  facet normal 0.000000e+00 -1.000000e+00 0.000000e+00
    outer loop
      vertex   3.948127e+00 0.000000e+00 -1.105573e+00
      vertex   1.314128e+01 0.000000e+00 -4.136716e+00
      vertex   1.327864e+01 0.000000e+00 -3.959198e+00
    endloop
  endfacet
  facet normal 0.000000e+00 -1.000000e+00 0.000000e+00
    outer loop
      vertex   3.948127e+00 0.000000e+00 -1.105573e+00
      vertex   1.327864e+01 0.000000e+00 -3.959198e+00
      vertex   1.396076e+01 0.000000e+00 -7.905085e-01
    endloop
  endfacet
  facet normal 0.000000e+00 -1.000000e+00 0.000000e+00
    outer loop
      vertex   1.396076e+01 0.000000e+00 -7.905085e-01
      vertex   1.327864e+01 0.000000e+00 -3.959198e+00
      vertex   1.345213e+01 0.000000e+00 -3.816788e+00
    endloop
  endfacet
  facet normal 0.000000e+00 -1.000000e+00 -0.000000e+00
    outer loop
      vertex   1.396076e+01 0.000000e+00 -7.905085e-01
      vertex   1.345213e+01 0.000000e+00 -3.816788e+00
      vertex   1.411788e+01 0.000000e+00 -9.508045e-01
    endloop
  endfacet
  facet normal 0.000000e+00 -1.000000e+00 0.000000e+00
    outer loop
      vertex   1.411788e+01 0.000000e+00 -9.508045e-01
      vertex   1.345213e+01 0.000000e+00 -3.816788e+00
      vertex   1.365302e+01 0.000000e+00 -3.716663e+00
    endloop
  endfacet
  facet normal 0.000000e+00 -1.000000e+00 -0.000000e+00
    outer loop
      vertex   1.411788e+01 0.000000e+00 -9.508045e-01
      vertex   1.365302e+01 0.000000e+00 -3.716663e+00
      vertex   1.430680e+01 0.000000e+00 -1.072019e+00
    endloop
  endfacet
  facet normal 0.000000e+00 -1.000000e+00 0.000000e+00
    outer loop
      vertex   1.430680e+01 0.000000e+00 -1.072019e+00
      vertex   1.365302e+01 0.000000e+00 -3.716663e+00
      vertex   1.387118e+01 0.000000e+00 -3.663865e+00
    endloop
  endfacet
  facet normal 0.000000e+00 -1.000000e+00 -0.000000e+00
    outer loop
      vertex   1.430680e+01 0.000000e+00 -1.072019e+00
      vertex   1.387118e+01 0.000000e+00 -3.663865e+00
      vertex   1.524398e+01 0.000000e+00 -1.534024e+00
    endloop
  endfacet
  facet normal 0.000000e+00 -1.000000e+00 -0.000000e+00
    outer loop
      vertex   1.524398e+01 0.000000e+00 -1.534024e+00
      vertex   1.387118e+01 0.000000e+00 -3.663865e+00
      vertex   1.574282e+01 0.000000e+00 -2.092576e+00
    endloop
  endfacet
  facet normal 0.000000e+00 -1.000000e+00 0.000000e+00
    outer loop
      vertex   1.524398e+01 0.000000e+00 -1.534024e+00
      vertex   1.574282e+01 0.000000e+00 -2.092576e+00
      vertex   1.562655e+01 0.000000e+00 -1.865441e+00
    endloop
  endfacet
  facet normal -0.000000e+00 -1.000000e+00 0.000000e+00
    outer loop
      vertex   1.490791e+01 0.000000e+00 -3.533610e+00
      vertex   1.569536e+01 0.000000e+00 -2.951349e+00
      vertex   1.387118e+01 0.000000e+00 -3.663865e+00
    endloop
  endfacet
  facet normal 0.000000e+00 -1.000000e+00 0.000000e+00
    outer loop
      vertex   1.387118e+01 0.000000e+00 -3.663865e+00
      vertex   1.569536e+01 0.000000e+00 -2.951349e+00
      vertex   1.576941e+01 0.000000e+00 -2.707172e+00
    endloop
  endfacet
  facet normal 0.000000e+00 -1.000000e+00 0.000000e+00
    outer loop
      vertex   1.387118e+01 0.000000e+00 -3.663865e+00
      vertex   1.576941e+01 0.000000e+00 -2.707172e+00
      vertex   1.578798e+01 0.000000e+00 -2.596718e+00
    endloop
  endfacet
  facet normal -0.000000e+00 -1.000000e+00 0.000000e+00
    outer loop
      vertex   1.515495e+01 0.000000e+00 -3.469763e+00
      vertex   1.537779e+01 0.000000e+00 -3.345474e+00
      vertex   1.490791e+01 0.000000e+00 -3.533610e+00
    endloop
  endfacet
  facet normal 0.000000e+00 -1.000000e+00 0.000000e+00
    outer loop
      vertex   1.490791e+01 0.000000e+00 -3.533610e+00
      vertex   1.537779e+01 0.000000e+00 -3.345474e+00
      vertex   1.556192e+01 0.000000e+00 -3.168836e+00
    endloop
  endfacet
  facet normal 0.000000e+00 -1.000000e+00 0.000000e+00
    outer loop
      vertex   1.490791e+01 0.000000e+00 -3.533610e+00
      vertex   1.556192e+01 0.000000e+00 -3.168836e+00
      vertex   1.569536e+01 0.000000e+00 -2.951349e+00
    endloop
  endfacet
  facet normal -0.000000e+00 -1.000000e+00 0.000000e+00
    outer loop
      vertex   1.578798e+01 0.000000e+00 -2.596718e+00
      vertex   1.579782e+01 0.000000e+00 -2.341743e+00
      vertex   1.387118e+01 0.000000e+00 -3.663865e+00
    endloop
  endfacet
  facet normal 0.000000e+00 -1.000000e+00 0.000000e+00
    outer loop
      vertex   1.387118e+01 0.000000e+00 -3.663865e+00
      vertex   1.579782e+01 0.000000e+00 -2.341743e+00
      vertex   1.574282e+01 0.000000e+00 -2.092576e+00
    endloop
  endfacet
  facet normal 0.000000e+00 -1.000000e+00 0.000000e+00
    outer loop
      vertex   1.562655e+01 0.000000e+00 -1.865441e+00
      vertex   1.545658e+01 0.000000e+00 -1.675127e+00
      vertex   1.524398e+01 0.000000e+00 -1.534024e+00
    endloop
  endfacet
  facet normal -0.000000e+00 -1.000000e+00 0.000000e+00
    outer loop
      vertex   1.396076e+01 0.000000e+00 -7.905085e-01
      vertex   1.384336e+01 0.000000e+00 -5.992068e-01
      vertex   3.948127e+00 0.000000e+00 -1.105573e+00
    endloop
  endfacet
  facet normal 0.000000e+00 -1.000000e+00 0.000000e+00
    outer loop
      vertex   3.948127e+00 0.000000e+00 -1.105573e+00
      vertex   1.384336e+01 0.000000e+00 -5.992068e-01
      vertex   4.061854e+00 0.000000e+00 -5.579780e-01
    endloop
  endfacet
  facet normal 0.000000e+00 -1.000000e+00 0.000000e+00
    outer loop
      vertex   4.061854e+00 0.000000e+00 -5.579780e-01
      vertex   1.384336e+01 0.000000e+00 -5.992068e-01
      vertex   1.377157e+01 0.000000e+00 -3.865375e-01
    endloop
  endfacet
  facet normal 0.000000e+00 -1.000000e+00 0.000000e+00
    outer loop
      vertex   4.061854e+00 0.000000e+00 -5.579780e-01
      vertex   1.377157e+01 0.000000e+00 -3.865375e-01
      vertex   1.374903e+01 0.000000e+00 -1.632149e-01
    endloop
  endfacet
  facet normal 0.000000e+00 -1.000000e+00 0.000000e+00
    outer loop
      vertex   4.061854e+00 0.000000e+00 -5.579780e-01
      vertex   1.374903e+01 0.000000e+00 -1.632149e-01
      vertex   4.100000e+00 0.000000e+00 1.596481e-09
    endloop
  endfacet
  facet normal 0.000000e+00 -1.000000e+00 0.000000e+00
    outer loop
      vertex   4.100000e+00 0.000000e+00 1.596481e-09
      vertex   1.374903e+01 0.000000e+00 -1.632149e-01
      vertex   1.374916e+01 0.000000e+00 -1.523137e-01
    endloop
  endfacet
  facet normal 0.000000e+00 -1.000000e+00 0.000000e+00
    outer loop
      vertex   4.100000e+00 0.000000e+00 1.596481e-09
      vertex   1.374916e+01 0.000000e+00 -1.523137e-01
      vertex   1.374927e+01 0.000000e+00 -1.414124e-01
    endloop
  endfacet
  facet normal 0.000000e+00 -1.000000e+00 0.000000e+00
    outer loop
      vertex   1.374927e+01 0.000000e+00 -1.414124e-01
      vertex   1.374938e+01 0.000000e+00 -1.305111e-01
      vertex   4.100000e+00 0.000000e+00 1.596481e-09
    endloop
  endfacet
  facet normal 0.000000e+00 -1.000000e+00 0.000000e+00
    outer loop
      vertex   4.100000e+00 0.000000e+00 1.596481e-09
      vertex   1.374938e+01 0.000000e+00 -1.305111e-01
      vertex   1.377669e+01 0.000000e+00 9.227852e-02
    endloop
  endfacet
  facet normal 0.000000e+00 -1.000000e+00 0.000000e+00
    outer loop
      vertex   4.100000e+00 0.000000e+00 1.596481e-09
      vertex   1.377669e+01 0.000000e+00 9.227852e-02
      vertex   1.385300e+01 0.000000e+00 3.033656e-01
    endloop
  endfacet
  facet normal -0.000000e+00 -1.000000e+00 0.000000e+00
    outer loop
      vertex   1.385300e+01 0.000000e+00 3.033656e-01
      vertex   1.397446e+01 0.000000e+00 4.921154e-01
      vertex   4.100000e+00 0.000000e+00 1.596481e-09
    endloop
  endfacet
  facet normal 0.000000e+00 -1.000000e+00 0.000000e+00
    outer loop
      vertex   4.100000e+00 0.000000e+00 1.596481e-09
      vertex   1.397446e+01 0.000000e+00 4.921154e-01
      vertex   1.336018e+01 0.000000e+00 3.674653e+00
    endloop
  endfacet
  facet normal 0.000000e+00 -1.000000e+00 0.000000e+00
    outer loop
      vertex   4.100000e+00 0.000000e+00 1.596481e-09
      vertex   1.336018e+01 0.000000e+00 3.674653e+00
      vertex   1.322664e+01 0.000000e+00 3.855065e+00
    endloop
  endfacet
  facet normal 0.000000e+00 -1.000000e+00 0.000000e+00
    outer loop
      vertex   1.336018e+01 0.000000e+00 3.674653e+00
      vertex   1.397446e+01 0.000000e+00 4.921154e-01
      vertex   1.353060e+01 0.000000e+00 3.528570e+00
    endloop
  endfacet
  facet normal 0.000000e+00 -1.000000e+00 0.000000e+00
    outer loop
      vertex   1.353060e+01 0.000000e+00 3.528570e+00
      vertex   1.397446e+01 0.000000e+00 4.921154e-01
      vertex   1.413497e+01 0.000000e+00 6.490186e-01
    endloop
  endfacet
  facet normal 0.000000e+00 -1.000000e+00 0.000000e+00
    outer loop
      vertex   1.353060e+01 0.000000e+00 3.528570e+00
      vertex   1.413497e+01 0.000000e+00 6.490186e-01
      vertex   1.372930e+01 0.000000e+00 3.424176e+00
    endloop
  endfacet
  facet normal 0.000000e+00 -1.000000e+00 0.000000e+00
    outer loop
      vertex   1.372930e+01 0.000000e+00 3.424176e+00
      vertex   1.413497e+01 0.000000e+00 6.490186e-01
      vertex   1.432643e+01 0.000000e+00 7.661702e-01
    endloop
  endfacet
  facet normal 0.000000e+00 -1.000000e+00 0.000000e+00
    outer loop
      vertex   1.372930e+01 0.000000e+00 3.424176e+00
      vertex   1.432643e+01 0.000000e+00 7.661702e-01
      vertex   1.394628e+01 0.000000e+00 3.366730e+00
    endloop
  endfacet
  facet normal 0.000000e+00 -1.000000e+00 0.000000e+00
    outer loop
      vertex   1.394628e+01 0.000000e+00 3.366730e+00
      vertex   1.432643e+01 0.000000e+00 7.661702e-01
      vertex   1.527327e+01 0.000000e+00 1.208055e+00
    endloop
  endfacet
  facet normal 0.000000e+00 -1.000000e+00 0.000000e+00
    outer loop
      vertex   1.394628e+01 0.000000e+00 3.366730e+00
      vertex   1.527327e+01 0.000000e+00 1.208055e+00
      vertex   1.578392e+01 0.000000e+00 1.755807e+00
    endloop
  endfacet
  facet normal 0.000000e+00 -1.000000e+00 0.000000e+00
    outer loop
      vertex   1.578392e+01 0.000000e+00 1.755807e+00
      vertex   1.527327e+01 0.000000e+00 1.208055e+00
      vertex   1.566282e+01 0.000000e+00 1.531215e+00
    endloop
  endfacet
  facet normal 0.000000e+00 -1.000000e+00 0.000000e+00
    outer loop
      vertex   1.566282e+01 0.000000e+00 1.531215e+00
      vertex   1.527327e+01 0.000000e+00 1.208055e+00
      vertex   1.548883e+01 0.000000e+00 1.344581e+00
    endloop
  endfacet
  facet normal 0.000000e+00 -1.000000e+00 0.000000e+00
    outer loop
      vertex   1.578392e+01 0.000000e+00 1.755807e+00
      vertex   1.584424e+01 0.000000e+00 2.003735e+00
      vertex   1.394628e+01 0.000000e+00 3.366730e+00
    endloop
  endfacet
  facet normal 0.000000e+00 -1.000000e+00 0.000000e+00
    outer loop
      vertex   1.394628e+01 0.000000e+00 3.366730e+00
      vertex   1.584424e+01 0.000000e+00 2.003735e+00
      vertex   1.583984e+01 0.000000e+00 2.258856e+00
    endloop
  endfacet
  facet normal 0.000000e+00 -1.000000e+00 0.000000e+00
    outer loop
      vertex   1.394628e+01 0.000000e+00 3.366730e+00
      vertex   1.583984e+01 0.000000e+00 2.258856e+00
      vertex   1.582365e+01 0.000000e+00 2.369681e+00
    endloop
  endfacet
  facet normal 0.000000e+00 -1.000000e+00 0.000000e+00
    outer loop
      vertex   1.582365e+01 0.000000e+00 2.369681e+00
      vertex   1.575483e+01 0.000000e+00 2.615392e+00
      vertex   1.394628e+01 0.000000e+00 3.366730e+00
    endloop
  endfacet
  facet normal 0.000000e+00 -1.000000e+00 0.000000e+00
    outer loop
      vertex   1.394628e+01 0.000000e+00 3.366730e+00
      vertex   1.575483e+01 0.000000e+00 2.615392e+00
      vertex   1.497998e+01 0.000000e+00 3.214364e+00
    endloop
  endfacet
  facet normal 0.000000e+00 -1.000000e+00 0.000000e+00
    outer loop
      vertex   1.497998e+01 0.000000e+00 3.214364e+00
      vertex   1.575483e+01 0.000000e+00 2.615392e+00
      vertex   1.562607e+01 0.000000e+00 2.835689e+00
    endloop
  endfacet
  facet normal 0.000000e+00 -1.000000e+00 0.000000e+00
    outer loop
      vertex   1.497998e+01 0.000000e+00 3.214364e+00
      vertex   1.562607e+01 0.000000e+00 2.835689e+00
      vertex   1.544575e+01 0.000000e+00 3.016227e+00
    endloop
  endfacet
  facet normal 0.000000e+00 -1.000000e+00 0.000000e+00
    outer loop
      vertex   1.544575e+01 0.000000e+00 3.016227e+00
      vertex   1.522561e+01 0.000000e+00 3.145253e+00
      vertex   1.497998e+01 0.000000e+00 3.214364e+00
    endloop
  endfacet
  facet normal -0.000000e+00 -1.000000e+00 0.000000e+00
    outer loop
      vertex   1.322664e+01 0.000000e+00 3.855065e+00
      vertex   1.313671e+01 0.000000e+00 4.060716e+00
      vertex   4.100000e+00 0.000000e+00 1.596481e-09
    endloop
  endfacet
  facet normal 0.000000e+00 -1.000000e+00 0.000000e+00
    outer loop
      vertex   4.100000e+00 0.000000e+00 1.596481e-09
      vertex   1.313671e+01 0.000000e+00 4.060716e+00
      vertex   1.313348e+01 0.000000e+00 4.071131e+00
    endloop
  endfacet
  facet normal 0.000000e+00 -1.000000e+00 0.000000e+00
    outer loop
      vertex   4.100000e+00 0.000000e+00 1.596481e-09
      vertex   1.313348e+01 0.000000e+00 4.071131e+00
      vertex   1.313025e+01 0.000000e+00 4.081542e+00
    endloop
  endfacet
  facet normal -0.000000e+00 -1.000000e+00 0.000000e+00
    outer loop
      vertex   1.313025e+01 0.000000e+00 4.081542e+00
      vertex   1.312701e+01 0.000000e+00 4.091952e+00
      vertex   4.100000e+00 0.000000e+00 1.596481e-09
    endloop
  endfacet
  facet normal 0.000000e+00 -1.000000e+00 0.000000e+00
    outer loop
      vertex   4.100000e+00 0.000000e+00 1.596481e-09
      vertex   1.312701e+01 0.000000e+00 4.091952e+00
      vertex   1.308469e+01 0.000000e+00 4.312382e+00
    endloop
  endfacet
  facet normal 0.000000e+00 -1.000000e+00 0.000000e+00
    outer loop
      vertex   4.100000e+00 0.000000e+00 1.596481e-09
      vertex   1.308469e+01 0.000000e+00 4.312382e+00
      vertex   1.309259e+01 0.000000e+00 4.536699e+00
    endloop
  endfacet
  facet normal -0.000000e+00 -1.000000e+00 0.000000e+00
    outer loop
      vertex   1.315033e+01 0.000000e+00 4.753603e+00
      vertex   1.158973e+01 0.000000e+00 7.594452e+00
      vertex   1.309259e+01 0.000000e+00 4.536699e+00
    endloop
  endfacet
  facet normal 0.000000e+00 -1.000000e+00 0.000000e+00
    outer loop
      vertex   1.309259e+01 0.000000e+00 4.536699e+00
      vertex   1.158973e+01 0.000000e+00 7.594452e+00
      vertex   1.140730e+01 0.000000e+00 7.725224e+00
    endloop
  endfacet
  facet normal -0.000000e+00 -1.000000e+00 0.000000e+00
    outer loop
      vertex   1.309259e+01 0.000000e+00 4.536699e+00
      vertex   1.140730e+01 0.000000e+00 7.725224e+00
      vertex   4.100000e+00 0.000000e+00 1.596481e-09
    endloop
  endfacet
  facet normal 0.000000e+00 -1.000000e+00 0.000000e+00
    outer loop
      vertex   4.100000e+00 0.000000e+00 1.596481e-09
      vertex   1.140730e+01 0.000000e+00 7.725224e+00
      vertex   1.125864e+01 0.000000e+00 7.893390e+00
    endloop
  endfacet
  facet normal 0.000000e+00 -1.000000e+00 0.000000e+00
    outer loop
      vertex   4.100000e+00 0.000000e+00 1.596481e-09
      vertex   1.125864e+01 0.000000e+00 7.893390e+00
      vertex   1.125237e+01 0.000000e+00 7.902314e+00
    endloop
  endfacet
  facet normal 0.000000e+00 -1.000000e+00 0.000000e+00
    outer loop
      vertex   1.315033e+01 0.000000e+00 4.753603e+00
      vertex   1.325499e+01 0.000000e+00 4.952166e+00
      vertex   1.158973e+01 0.000000e+00 7.594452e+00
    endloop
  endfacet
  facet normal 0.000000e+00 -1.000000e+00 0.000000e+00
    outer loop
      vertex   1.158973e+01 0.000000e+00 7.594452e+00
      vertex   1.325499e+01 0.000000e+00 4.952166e+00
      vertex   1.179673e+01 0.000000e+00 7.507664e+00
    endloop
  endfacet
  facet normal 0.000000e+00 -1.000000e+00 0.000000e+00
    outer loop
      vertex   1.179673e+01 0.000000e+00 7.507664e+00
      vertex   1.325499e+01 0.000000e+00 4.952166e+00
      vertex   1.340130e+01 0.000000e+00 5.122383e+00
    endloop
  endfacet
  facet normal 0.000000e+00 -1.000000e+00 0.000000e+00
    outer loop
      vertex   1.179673e+01 0.000000e+00 7.507664e+00
      vertex   1.340130e+01 0.000000e+00 5.122383e+00
      vertex   1.201787e+01 0.000000e+00 7.469231e+00
    endloop
  endfacet
  facet normal 0.000000e+00 -1.000000e+00 0.000000e+00
    outer loop
      vertex   1.201787e+01 0.000000e+00 7.469231e+00
      vertex   1.340130e+01 0.000000e+00 5.122383e+00
      vertex   1.416702e+01 0.000000e+00 5.833323e+00
    endloop
  endfacet
  facet normal 0.000000e+00 -1.000000e+00 0.000000e+00
    outer loop
      vertex   1.201787e+01 0.000000e+00 7.469231e+00
      vertex   1.416702e+01 0.000000e+00 5.833323e+00
      vertex   1.224202e+01 0.000000e+00 7.481089e+00
    endloop
  endfacet
  facet normal 0.000000e+00 -1.000000e+00 0.000000e+00
    outer loop
      vertex   1.224202e+01 0.000000e+00 7.481089e+00
      vertex   1.416702e+01 0.000000e+00 5.833323e+00
      vertex   1.433033e+01 0.000000e+00 6.029372e+00
    endloop
  endfacet
  facet normal 0.000000e+00 -1.000000e+00 0.000000e+00
    outer loop
      vertex   1.224202e+01 0.000000e+00 7.481089e+00
      vertex   1.433033e+01 0.000000e+00 6.029372e+00
      vertex   1.443871e+01 0.000000e+00 6.260369e+00
    endloop
  endfacet
  facet normal 0.000000e+00 -1.000000e+00 0.000000e+00
    outer loop
      vertex   1.443871e+01 0.000000e+00 6.260369e+00
      vertex   1.448510e+01 0.000000e+00 6.511275e+00
      vertex   1.224202e+01 0.000000e+00 7.481089e+00
    endloop
  endfacet
  facet normal 0.000000e+00 -1.000000e+00 0.000000e+00
    outer loop
      vertex   1.224202e+01 0.000000e+00 7.481089e+00
      vertex   1.448510e+01 0.000000e+00 6.511275e+00
      vertex   1.446649e+01 0.000000e+00 6.765754e+00
    endloop
  endfacet
  facet normal 0.000000e+00 -1.000000e+00 0.000000e+00
    outer loop
      vertex   1.224202e+01 0.000000e+00 7.481089e+00
      vertex   1.446649e+01 0.000000e+00 6.765754e+00
      vertex   1.438408e+01 0.000000e+00 7.007238e+00
    endloop
  endfacet
  facet normal 0.000000e+00 -1.000000e+00 0.000000e+00
    outer loop
      vertex   1.438408e+01 0.000000e+00 7.007238e+00
      vertex   1.433468e+01 0.000000e+00 7.107757e+00
      vertex   1.224202e+01 0.000000e+00 7.481089e+00
    endloop
  endfacet
  facet normal 0.000000e+00 -1.000000e+00 0.000000e+00
    outer loop
      vertex   1.224202e+01 0.000000e+00 7.481089e+00
      vertex   1.433468e+01 0.000000e+00 7.107757e+00
      vertex   1.327264e+01 0.000000e+00 7.653042e+00
    endloop
  endfacet
  facet normal 0.000000e+00 -1.000000e+00 0.000000e+00
    outer loop
      vertex   1.327264e+01 0.000000e+00 7.653042e+00
      vertex   1.433468e+01 0.000000e+00 7.107757e+00
      vertex   1.419383e+01 0.000000e+00 7.320529e+00
    endloop
  endfacet
  facet normal 0.000000e+00 -1.000000e+00 0.000000e+00
    outer loop
      vertex   1.327264e+01 0.000000e+00 7.653042e+00
      vertex   1.419383e+01 0.000000e+00 7.320529e+00
      vertex   1.400372e+01 0.000000e+00 7.490730e+00
    endloop
  endfacet
  facet normal 0.000000e+00 -1.000000e+00 0.000000e+00
    outer loop
      vertex   1.400372e+01 0.000000e+00 7.490730e+00
      vertex   1.377673e+01 0.000000e+00 7.607276e+00
      vertex   1.327264e+01 0.000000e+00 7.653042e+00
    endloop
  endfacet
  facet normal 0.000000e+00 -1.000000e+00 0.000000e+00
    outer loop
      vertex   1.327264e+01 0.000000e+00 7.653042e+00
      vertex   1.377673e+01 0.000000e+00 7.607276e+00
      vertex   1.352763e+01 0.000000e+00 7.662580e+00
    endloop
  endfacet
  facet normal -0.000000e+00 -1.000000e+00 0.000000e+00
    outer loop
      vertex   1.125237e+01 0.000000e+00 7.902314e+00
      vertex   1.124611e+01 0.000000e+00 7.911233e+00
      vertex   4.100000e+00 0.000000e+00 1.596481e-09
    endloop
  endfacet
  facet normal 0.000000e+00 -1.000000e+00 0.000000e+00
    outer loop
      vertex   4.100000e+00 0.000000e+00 1.596481e-09
      vertex   1.124611e+01 0.000000e+00 7.911233e+00
      vertex   1.123983e+01 0.000000e+00 7.920147e+00
    endloop
  endfacet
  facet normal 0.000000e+00 -1.000000e+00 0.000000e+00
    outer loop
      vertex   4.100000e+00 0.000000e+00 1.596481e-09
      vertex   1.123983e+01 0.000000e+00 7.920147e+00
      vertex   1.113195e+01 0.000000e+00 8.116978e+00
    endloop
  endfacet
  facet normal -0.000000e+00 -1.000000e+00 -0.000000e+00
    outer loop
      vertex   1.107069e+01 0.000000e+00 8.332913e+00
      vertex   8.488845e+00 0.000000e+00 1.085104e+01
      vertex   1.113195e+01 0.000000e+00 8.116978e+00
    endloop
  endfacet
  facet normal 0.000000e+00 -1.000000e+00 0.000000e+00
    outer loop
      vertex   1.113195e+01 0.000000e+00 8.116978e+00
      vertex   8.488845e+00 0.000000e+00 1.085104e+01
      vertex   8.295775e+00 0.000000e+00 1.096552e+01
    endloop
  endfacet
  facet normal -0.000000e+00 -1.000000e+00 0.000000e+00
    outer loop
      vertex   1.113195e+01 0.000000e+00 8.116978e+00
      vertex   8.295775e+00 0.000000e+00 1.096552e+01
      vertex   4.100000e+00 0.000000e+00 1.596481e-09
    endloop
  endfacet
  facet normal 0.000000e+00 -1.000000e+00 0.000000e+00
    outer loop
      vertex   4.100000e+00 0.000000e+00 1.596481e-09
      vertex   8.295775e+00 0.000000e+00 1.096552e+01
      vertex   8.287078e+00 0.000000e+00 1.097209e+01
    endloop
  endfacet
  facet normal 0.000000e+00 -1.000000e+00 0.000000e+00
    outer loop
      vertex   4.100000e+00 0.000000e+00 1.596481e-09
      vertex   8.287078e+00 0.000000e+00 1.097209e+01
      vertex   8.278376e+00 0.000000e+00 1.097866e+01
    endloop
  endfacet
  facet normal 0.000000e+00 -1.000000e+00 0.000000e+00
    outer loop
      vertex   8.488845e+00 0.000000e+00 1.085104e+01
      vertex   1.107069e+01 0.000000e+00 8.332913e+00
      vertex   8.702585e+00 0.000000e+00 1.078251e+01
    endloop
  endfacet
  facet normal 0.000000e+00 -1.000000e+00 0.000000e+00
    outer loop
      vertex   8.702585e+00 0.000000e+00 1.078251e+01
      vertex   1.107069e+01 0.000000e+00 8.332913e+00
      vertex   1.105913e+01 0.000000e+00 8.557072e+00
    endloop
  endfacet
  facet normal 0.000000e+00 -1.000000e+00 0.000000e+00
    outer loop
      vertex   8.702585e+00 0.000000e+00 1.078251e+01
      vertex   1.105913e+01 0.000000e+00 8.557072e+00
      vertex   1.109786e+01 0.000000e+00 8.778162e+00
    endloop
  endfacet
  facet normal 0.000000e+00 -1.000000e+00 0.000000e+00
    outer loop
      vertex   8.702585e+00 0.000000e+00 1.078251e+01
      vertex   1.109786e+01 0.000000e+00 8.778162e+00
      vertex   8.926225e+00 0.000000e+00 1.076338e+01
    endloop
  endfacet
  facet normal 0.000000e+00 -1.000000e+00 0.000000e+00
    outer loop
      vertex   8.926225e+00 0.000000e+00 1.076338e+01
      vertex   1.109786e+01 0.000000e+00 8.778162e+00
      vertex   1.118492e+01 0.000000e+00 8.985045e+00
    endloop
  endfacet
  facet normal 0.000000e+00 -1.000000e+00 0.000000e+00
    outer loop
      vertex   8.926225e+00 0.000000e+00 1.076338e+01
      vertex   1.118492e+01 0.000000e+00 8.985045e+00
      vertex   9.148499e+00 0.000000e+00 1.079461e+01
    endloop
  endfacet
  facet normal 0.000000e+00 -1.000000e+00 0.000000e+00
    outer loop
      vertex   9.148499e+00 0.000000e+00 1.079461e+01
      vertex   1.118492e+01 0.000000e+00 8.985045e+00
      vertex   1.169575e+01 0.000000e+00 9.896538e+00
    endloop
  endfacet
  facet normal 0.000000e+00 -1.000000e+00 0.000000e+00
    outer loop
      vertex   9.148499e+00 0.000000e+00 1.079461e+01
      vertex   1.169575e+01 0.000000e+00 9.896538e+00
      vertex   9.358208e+00 0.000000e+00 1.087463e+01
    endloop
  endfacet
  facet normal 0.000000e+00 -1.000000e+00 0.000000e+00
    outer loop
      vertex   9.358208e+00 0.000000e+00 1.087463e+01
      vertex   1.169575e+01 0.000000e+00 9.896538e+00
      vertex   1.179108e+01 0.000000e+00 1.013322e+01
    endloop
  endfacet
  facet normal 0.000000e+00 -1.000000e+00 0.000000e+00
    outer loop
      vertex   9.358208e+00 0.000000e+00 1.087463e+01
      vertex   1.179108e+01 0.000000e+00 1.013322e+01
      vertex   1.182340e+01 0.000000e+00 1.038632e+01
    endloop
  endfacet
  facet normal 0.000000e+00 -1.000000e+00 0.000000e+00
    outer loop
      vertex   1.182340e+01 0.000000e+00 1.038632e+01
      vertex   1.179062e+01 0.000000e+00 1.063937e+01
      vertex   9.358208e+00 0.000000e+00 1.087463e+01
    endloop
  endfacet
  facet normal 0.000000e+00 -1.000000e+00 0.000000e+00
    outer loop
      vertex   9.358208e+00 0.000000e+00 1.087463e+01
      vertex   1.179062e+01 0.000000e+00 1.063937e+01
      vertex   1.169487e+01 0.000000e+00 1.087588e+01
    endloop
  endfacet
  facet normal 0.000000e+00 -1.000000e+00 0.000000e+00
    outer loop
      vertex   9.358208e+00 0.000000e+00 1.087463e+01
      vertex   1.169487e+01 0.000000e+00 1.087588e+01
      vertex   1.028645e+01 0.000000e+00 1.135433e+01
    endloop
  endfacet
  facet normal 0.000000e+00 -1.000000e+00 0.000000e+00
    outer loop
      vertex   1.028645e+01 0.000000e+00 1.135433e+01
      vertex   1.169487e+01 0.000000e+00 1.087588e+01
      vertex   1.154238e+01 0.000000e+00 1.108046e+01
    endloop
  endfacet
  facet normal 0.000000e+00 -1.000000e+00 0.000000e+00
    outer loop
      vertex   1.028645e+01 0.000000e+00 1.135433e+01
      vertex   1.154238e+01 0.000000e+00 1.108046e+01
      vertex   1.146453e+01 0.000000e+00 1.116099e+01
    endloop
  endfacet
  facet normal 0.000000e+00 -1.000000e+00 0.000000e+00
    outer loop
      vertex   1.146453e+01 0.000000e+00 1.116099e+01
      vertex   1.126523e+01 0.000000e+00 1.132032e+01
      vertex   1.028645e+01 0.000000e+00 1.135433e+01
    endloop
  endfacet
  facet normal 0.000000e+00 -1.000000e+00 0.000000e+00
    outer loop
      vertex   1.028645e+01 0.000000e+00 1.135433e+01
      vertex   1.126523e+01 0.000000e+00 1.132032e+01
      vertex   1.103209e+01 0.000000e+00 1.142402e+01
    endloop
  endfacet
  facet normal 0.000000e+00 -1.000000e+00 0.000000e+00
    outer loop
      vertex   1.028645e+01 0.000000e+00 1.135433e+01
      vertex   1.103209e+01 0.000000e+00 1.142402e+01
      vertex   1.052623e+01 0.000000e+00 1.144160e+01
    endloop
  endfacet
  facet normal 0.000000e+00 -1.000000e+00 0.000000e+00
    outer loop
      vertex   1.052623e+01 0.000000e+00 1.144160e+01
      vertex   1.103209e+01 0.000000e+00 1.142402e+01
      vertex   1.078029e+01 0.000000e+00 1.146535e+01
    endloop
  endfacet
  facet normal -0.000000e+00 -1.000000e+00 0.000000e+00
    outer loop
      vertex   8.278376e+00 0.000000e+00 1.097866e+01
      vertex   8.269669e+00 0.000000e+00 1.098522e+01
      vertex   4.100000e+00 0.000000e+00 1.596481e-09
    endloop
  endfacet
  facet normal 0.000000e+00 -1.000000e+00 0.000000e+00
    outer loop
      vertex   4.100000e+00 0.000000e+00 1.596481e-09
      vertex   8.269669e+00 0.000000e+00 1.098522e+01
      vertex   8.106628e+00 0.000000e+00 1.113949e+01
    endloop
  endfacet
  facet normal 0.000000e+00 -1.000000e+00 0.000000e+00
    outer loop
      vertex   4.100000e+00 0.000000e+00 1.596481e-09
      vertex   8.106628e+00 0.000000e+00 1.113949e+01
      vertex   7.982101e+00 0.000000e+00 1.132623e+01
    endloop
  endfacet
  facet normal -0.000000e+00 -1.000000e+00 0.000000e+00
    outer loop
      vertex   7.982101e+00 0.000000e+00 1.132623e+01
      vertex   7.902364e+00 0.000000e+00 1.153605e+01
      vertex   4.100000e+00 0.000000e+00 1.596481e-09
    endloop
  endfacet
  facet normal 0.000000e+00 -1.000000e+00 0.000000e+00
    outer loop
      vertex   4.100000e+00 0.000000e+00 1.596481e-09
      vertex   7.902364e+00 0.000000e+00 1.153605e+01
      vertex   7.871431e+00 0.000000e+00 1.175837e+01
    endloop
  endfacet
  facet normal 0.000000e+00 -1.000000e+00 0.000000e+00
    outer loop
      vertex   4.100000e+00 0.000000e+00 1.596481e-09
      vertex   7.871431e+00 0.000000e+00 1.175837e+01
      vertex   7.588549e+00 0.000000e+00 1.408606e+01
    endloop
  endfacet
  facet normal 0.000000e+00 -1.000000e+00 0.000000e+00
    outer loop
      vertex   7.588549e+00 0.000000e+00 1.408606e+01
      vertex   7.871431e+00 0.000000e+00 1.175837e+01
      vertex   7.890863e+00 0.000000e+00 1.198198e+01
    endloop
  endfacet
  facet normal 0.000000e+00 -1.000000e+00 0.000000e+00
    outer loop
      vertex   7.588549e+00 0.000000e+00 1.408606e+01
      vertex   7.890863e+00 0.000000e+00 1.198198e+01
      vertex   8.097575e+00 0.000000e+00 1.300620e+01
    endloop
  endfacet
  facet normal 0.000000e+00 -1.000000e+00 0.000000e+00
    outer loop
      vertex   8.097575e+00 0.000000e+00 1.300620e+01
      vertex   8.115732e+00 0.000000e+00 1.326072e+01
      vertex   7.588549e+00 0.000000e+00 1.408606e+01
    endloop
  endfacet
  facet normal 0.000000e+00 -1.000000e+00 0.000000e+00
    outer loop
      vertex   7.588549e+00 0.000000e+00 1.408606e+01
      vertex   8.115732e+00 0.000000e+00 1.326072e+01
      vertex   8.068887e+00 0.000000e+00 1.351154e+01
    endloop
  endfacet
  facet normal 0.000000e+00 -1.000000e+00 0.000000e+00
    outer loop
      vertex   7.588549e+00 0.000000e+00 1.408606e+01
      vertex   8.068887e+00 0.000000e+00 1.351154e+01
      vertex   7.960091e+00 0.000000e+00 1.374234e+01
    endloop
  endfacet
  facet normal 0.000000e+00 -1.000000e+00 0.000000e+00
    outer loop
      vertex   7.960091e+00 0.000000e+00 1.374234e+01
      vertex   7.796426e+00 0.000000e+00 1.393809e+01
      vertex   7.588549e+00 0.000000e+00 1.408606e+01
    endloop
  endfacet
  facet normal 0.000000e+00 -1.000000e+00 -0.000000e+00
    outer loop
      vertex   7.489760e+00 0.000000e+00 1.413883e+01
      vertex   6.309146e+00 0.000000e+00 1.396162e+01
      vertex   7.588549e+00 0.000000e+00 1.408606e+01
    endloop
  endfacet
  facet normal 0.000000e+00 -1.000000e+00 0.000000e+00
    outer loop
      vertex   7.588549e+00 0.000000e+00 1.408606e+01
      vertex   6.309146e+00 0.000000e+00 1.396162e+01
      vertex   5.572720e+00 0.000000e+00 1.322038e+01
    endloop
  endfacet
  facet normal 0.000000e+00 -1.000000e+00 0.000000e+00
    outer loop
      vertex   7.588549e+00 0.000000e+00 1.408606e+01
      vertex   5.572720e+00 0.000000e+00 1.322038e+01
      vertex   5.397651e+00 0.000000e+00 1.307991e+01
    endloop
  endfacet
  facet normal 0.000000e+00 -1.000000e+00 -0.000000e+00
    outer loop
      vertex   7.251198e+00 0.000000e+00 1.422937e+01
      vertex   6.745149e+00 0.000000e+00 1.421871e+01
      vertex   7.489760e+00 0.000000e+00 1.413883e+01
    endloop
  endfacet
  facet normal -0.000000e+00 -1.000000e+00 0.000000e+00
    outer loop
      vertex   7.489760e+00 0.000000e+00 1.413883e+01
      vertex   6.745149e+00 0.000000e+00 1.421871e+01
      vertex   6.510612e+00 0.000000e+00 1.411821e+01
    endloop
  endfacet
  facet normal 0.000000e+00 -1.000000e+00 0.000000e+00
    outer loop
      vertex   7.489760e+00 0.000000e+00 1.413883e+01
      vertex   6.510612e+00 0.000000e+00 1.411821e+01
      vertex   6.309146e+00 0.000000e+00 1.396162e+01
    endloop
  endfacet
  facet normal -0.000000e+00 -1.000000e+00 0.000000e+00
    outer loop
      vertex   7.251198e+00 0.000000e+00 1.422937e+01
      vertex   6.997488e+00 0.000000e+00 1.425659e+01
      vertex   6.745149e+00 0.000000e+00 1.421871e+01
    endloop
  endfacet
  facet normal 0.000000e+00 -1.000000e+00 0.000000e+00
    outer loop
      vertex   7.588549e+00 0.000000e+00 1.408606e+01
      vertex   5.397651e+00 0.000000e+00 1.307991e+01
      vertex   2.799819e+00 0.000000e+00 2.995165e+00
    endloop
  endfacet
  facet normal 0.000000e+00 -1.000000e+00 0.000000e+00
    outer loop
      vertex   2.799819e+00 0.000000e+00 2.995165e+00
      vertex   5.397651e+00 0.000000e+00 1.307991e+01
      vertex   5.195662e+00 0.000000e+00 1.298202e+01
    endloop
  endfacet
  facet normal 0.000000e+00 -1.000000e+00 0.000000e+00
    outer loop
      vertex   2.799819e+00 0.000000e+00 2.995165e+00
      vertex   5.195662e+00 0.000000e+00 1.298202e+01
      vertex   2.366151e+00 0.000000e+00 3.348332e+00
    endloop
  endfacet
  facet normal 0.000000e+00 -1.000000e+00 0.000000e+00
    outer loop
      vertex   2.366151e+00 0.000000e+00 3.348332e+00
      vertex   5.195662e+00 0.000000e+00 1.298202e+01
      vertex   1.888455e+00 0.000000e+00 3.639195e+00
    endloop
  endfacet
  facet normal 0.000000e+00 -1.000000e+00 0.000000e+00
    outer loop
      vertex   1.888455e+00 0.000000e+00 3.639195e+00
      vertex   5.195662e+00 0.000000e+00 1.298202e+01
      vertex   4.976929e+00 0.000000e+00 1.293166e+01
    endloop
  endfacet
  facet normal 0.000000e+00 -1.000000e+00 0.000000e+00
    outer loop
      vertex   1.888455e+00 0.000000e+00 3.639195e+00
      vertex   4.976929e+00 0.000000e+00 1.293166e+01
      vertex   1.375619e+00 0.000000e+00 3.862340e+00
    endloop
  endfacet
  facet normal 0.000000e+00 -1.000000e+00 0.000000e+00
    outer loop
      vertex   1.375619e+00 0.000000e+00 3.862340e+00
      vertex   4.976929e+00 0.000000e+00 1.293166e+01
      vertex   4.752471e+00 0.000000e+00 1.293134e+01
    endloop
  endfacet
  facet normal 0.000000e+00 -1.000000e+00 0.000000e+00
    outer loop
      vertex   1.375619e+00 0.000000e+00 3.862340e+00
      vertex   4.752471e+00 0.000000e+00 1.293134e+01
      vertex   8.371860e-01 0.000000e+00 4.013617e+00
    endloop
  endfacet
  facet normal 0.000000e+00 -1.000000e+00 0.000000e+00
    outer loop
      vertex   8.371860e-01 0.000000e+00 4.013617e+00
      vertex   4.752471e+00 0.000000e+00 1.293134e+01
      vertex   2.831750e-01 0.000000e+00 4.090209e+00
    endloop
  endfacet
  facet normal 0.000000e+00 -1.000000e+00 0.000000e+00
    outer loop
      vertex   2.831750e-01 0.000000e+00 4.090209e+00
      vertex   4.752471e+00 0.000000e+00 1.293134e+01
      vertex   4.533599e+00 0.000000e+00 1.298110e+01
    endloop
  endfacet
  facet normal 0.000000e+00 -1.000000e+00 0.000000e+00
    outer loop
      vertex   2.831750e-01 0.000000e+00 4.090209e+00
      vertex   4.533599e+00 0.000000e+00 1.298110e+01
      vertex   4.523305e+00 0.000000e+00 1.298469e+01
    endloop
  endfacet
  facet normal -0.000000e+00 -1.000000e+00 0.000000e+00
    outer loop
      vertex   4.523305e+00 0.000000e+00 1.298469e+01
      vertex   4.513009e+00 0.000000e+00 1.298827e+01
      vertex   2.831750e-01 0.000000e+00 4.090209e+00
    endloop
  endfacet
  facet normal 0.000000e+00 -1.000000e+00 0.000000e+00
    outer loop
      vertex   2.831750e-01 0.000000e+00 4.090209e+00
      vertex   4.513009e+00 0.000000e+00 1.298827e+01
      vertex   4.502709e+00 0.000000e+00 1.299185e+01
    endloop
  endfacet
  facet normal 0.000000e+00 -1.000000e+00 0.000000e+00
    outer loop
      vertex   2.831750e-01 0.000000e+00 4.090209e+00
      vertex   4.502709e+00 0.000000e+00 1.299185e+01
      vertex   3.346019e-01 0.000000e+00 1.374593e+01
    endloop
  endfacet
  facet normal 0.000000e+00 -1.000000e+00 0.000000e+00
    outer loop
      vertex   3.346019e-01 0.000000e+00 1.374593e+01
      vertex   4.502709e+00 0.000000e+00 1.299185e+01
      vertex   4.300218e+00 0.000000e+00 1.308869e+01
    endloop
  endfacet
  facet normal 0.000000e+00 -1.000000e+00 0.000000e+00
    outer loop
      vertex   3.346019e-01 0.000000e+00 1.374593e+01
      vertex   4.300218e+00 0.000000e+00 1.308869e+01
      vertex   5.581882e-01 0.000000e+00 1.376568e+01
    endloop
  endfacet
  facet normal 0.000000e+00 -1.000000e+00 0.000000e+00
    outer loop
      vertex   5.581882e-01 0.000000e+00 1.376568e+01
      vertex   4.300218e+00 0.000000e+00 1.308869e+01
      vertex   4.124426e+00 0.000000e+00 1.322825e+01
    endloop
  endfacet
  facet normal 0.000000e+00 -1.000000e+00 0.000000e+00
    outer loop
      vertex   5.581882e-01 0.000000e+00 1.376568e+01
      vertex   4.124426e+00 0.000000e+00 1.322825e+01
      vertex   7.717359e-01 0.000000e+00 1.383481e+01
    endloop
  endfacet
  facet normal 0.000000e+00 -1.000000e+00 0.000000e+00
    outer loop
      vertex   7.717359e-01 0.000000e+00 1.383481e+01
      vertex   4.124426e+00 0.000000e+00 1.322825e+01
      vertex   3.984190e+00 0.000000e+00 1.340351e+01
    endloop
  endfacet
  facet normal 0.000000e+00 -1.000000e+00 0.000000e+00
    outer loop
      vertex   7.717359e-01 0.000000e+00 1.383481e+01
      vertex   3.984190e+00 0.000000e+00 1.340351e+01
      vertex   9.644864e-01 0.000000e+00 1.394982e+01
    endloop
  endfacet
  facet normal 0.000000e+00 -1.000000e+00 0.000000e+00
    outer loop
      vertex   9.644864e-01 0.000000e+00 1.394982e+01
      vertex   3.984190e+00 0.000000e+00 1.340351e+01
      vertex   3.886577e+00 0.000000e+00 1.360563e+01
    endloop
  endfacet
  facet normal 0.000000e+00 -1.000000e+00 0.000000e+00
    outer loop
      vertex   9.644864e-01 0.000000e+00 1.394982e+01
      vertex   3.886577e+00 0.000000e+00 1.360563e+01
      vertex   1.126729e+00 0.000000e+00 1.410493e+01
    endloop
  endfacet
  facet normal 0.000000e+00 -1.000000e+00 0.000000e+00
    outer loop
      vertex   1.126729e+00 0.000000e+00 1.410493e+01
      vertex   3.886577e+00 0.000000e+00 1.360563e+01
      vertex   3.836503e+00 0.000000e+00 1.382443e+01
    endloop
  endfacet
  facet normal 0.000000e+00 -1.000000e+00 0.000000e+00
    outer loop
      vertex   1.126729e+00 0.000000e+00 1.410493e+01
      vertex   3.836503e+00 0.000000e+00 1.382443e+01
      vertex   1.250289e+00 0.000000e+00 1.429232e+01
    endloop
  endfacet
  facet normal 0.000000e+00 -1.000000e+00 0.000000e+00
    outer loop
      vertex   1.250289e+00 0.000000e+00 1.429232e+01
      vertex   3.836503e+00 0.000000e+00 1.382443e+01
      vertex   3.719183e+00 0.000000e+00 1.486270e+01
    endloop
  endfacet
  facet normal 0.000000e+00 -1.000000e+00 0.000000e+00
    outer loop
      vertex   1.250289e+00 0.000000e+00 1.429232e+01
      vertex   3.719183e+00 0.000000e+00 1.486270e+01
      vertex   1.723941e+00 0.000000e+00 1.522367e+01
    endloop
  endfacet
  facet normal 0.000000e+00 -1.000000e+00 0.000000e+00
    outer loop
      vertex   1.723941e+00 0.000000e+00 1.522367e+01
      vertex   3.719183e+00 0.000000e+00 1.486270e+01
      vertex   3.658420e+00 0.000000e+00 1.511051e+01
    endloop
  endfacet
  facet normal 0.000000e+00 -1.000000e+00 0.000000e+00
    outer loop
      vertex   1.723941e+00 0.000000e+00 1.522367e+01
      vertex   3.658420e+00 0.000000e+00 1.511051e+01
      vertex   3.536919e+00 0.000000e+00 1.533489e+01
    endloop
  endfacet
  facet normal 0.000000e+00 -1.000000e+00 0.000000e+00
    outer loop
      vertex   1.723941e+00 0.000000e+00 1.522367e+01
      vertex   3.536919e+00 0.000000e+00 1.533489e+01
      vertex   1.867683e+00 0.000000e+00 1.543449e+01
    endloop
  endfacet
  facet normal 0.000000e+00 -1.000000e+00 0.000000e+00
    outer loop
      vertex   1.867683e+00 0.000000e+00 1.543449e+01
      vertex   3.536919e+00 0.000000e+00 1.533489e+01
      vertex   3.362590e+00 0.000000e+00 1.552121e+01
    endloop
  endfacet
  facet normal 0.000000e+00 -1.000000e+00 0.000000e+00
    outer loop
      vertex   1.867683e+00 0.000000e+00 1.543449e+01
      vertex   3.362590e+00 0.000000e+00 1.552121e+01
      vertex   3.146783e+00 0.000000e+00 1.565735e+01
    endloop
  endfacet
  facet normal -0.000000e+00 -1.000000e+00 0.000000e+00
    outer loop
      vertex   3.146783e+00 0.000000e+00 1.565735e+01
      vertex   2.903548e+00 0.000000e+00 1.573444e+01
      vertex   1.867683e+00 0.000000e+00 1.543449e+01
    endloop
  endfacet
  facet normal 0.000000e+00 -1.000000e+00 0.000000e+00
    outer loop
      vertex   1.867683e+00 0.000000e+00 1.543449e+01
      vertex   2.903548e+00 0.000000e+00 1.573444e+01
      vertex   2.060101e+00 0.000000e+00 1.560208e+01
    endloop
  endfacet
  facet normal 0.000000e+00 -1.000000e+00 0.000000e+00
    outer loop
      vertex   2.060101e+00 0.000000e+00 1.560208e+01
      vertex   2.903548e+00 0.000000e+00 1.573444e+01
      vertex   2.793334e+00 0.000000e+00 1.575438e+01
    endloop
  endfacet
  facet normal 0.000000e+00 -1.000000e+00 0.000000e+00
    outer loop
      vertex   2.060101e+00 0.000000e+00 1.560208e+01
      vertex   2.793334e+00 0.000000e+00 1.575438e+01
      vertex   2.288668e+00 0.000000e+00 1.571551e+01
    endloop
  endfacet
  facet normal 0.000000e+00 -1.000000e+00 0.000000e+00
    outer loop
      vertex   2.288668e+00 0.000000e+00 1.571551e+01
      vertex   2.793334e+00 0.000000e+00 1.575438e+01
      vertex   2.538501e+00 0.000000e+00 1.576740e+01
    endloop
  endfacet
  facet normal 0.000000e+00 -1.000000e+00 0.000000e+00
    outer loop
      vertex   2.831750e-01 0.000000e+00 4.090209e+00
      vertex   3.346019e-01 0.000000e+00 1.374593e+01
      vertex   -2.761052e-01 0.000000e+00 4.090693e+00
    endloop
  endfacet
  facet normal 0.000000e+00 -1.000000e+00 0.000000e+00
    outer loop
      vertex   -2.761052e-01 0.000000e+00 4.090693e+00
      vertex   3.346019e-01 0.000000e+00 1.374593e+01
      vertex   3.237032e-01 0.000000e+00 1.374619e+01
    endloop
  endfacet
  facet normal 0.000000e+00 -1.000000e+00 0.000000e+00
    outer loop
      vertex   -2.761052e-01 0.000000e+00 4.090693e+00
      vertex   3.237032e-01 0.000000e+00 1.374619e+01
      vertex   3.128042e-01 0.000000e+00 1.374644e+01
    endloop
  endfacet
  facet normal -0.000000e+00 -1.000000e+00 0.000000e+00
    outer loop
      vertex   3.128042e-01 0.000000e+00 1.374644e+01
      vertex   3.019051e-01 0.000000e+00 1.374669e+01
      vertex   -2.761052e-01 0.000000e+00 4.090693e+00
    endloop
  endfacet
  facet normal 0.000000e+00 -1.000000e+00 0.000000e+00
    outer loop
      vertex   -2.761052e-01 0.000000e+00 4.090693e+00
      vertex   3.019051e-01 0.000000e+00 1.374669e+01
      vertex   -3.896634e+00 0.000000e+00 1.318631e+01
    endloop
  endfacet
  facet normal 0.000000e+00 -1.000000e+00 0.000000e+00
    outer loop
      vertex   -2.761052e-01 0.000000e+00 4.090693e+00
      vertex   -3.896634e+00 0.000000e+00 1.318631e+01
      vertex   -3.907088e+00 0.000000e+00 1.318322e+01
    endloop
  endfacet
  facet normal 0.000000e+00 -1.000000e+00 0.000000e+00
    outer loop
      vertex   -3.896634e+00 0.000000e+00 1.318631e+01
      vertex   3.019051e-01 0.000000e+00 1.374669e+01
      vertex   -3.689878e+00 0.000000e+00 1.327367e+01
    endloop
  endfacet
  facet normal 0.000000e+00 -1.000000e+00 0.000000e+00
    outer loop
      vertex   -3.689878e+00 0.000000e+00 1.327367e+01
      vertex   3.019051e-01 0.000000e+00 1.374669e+01
      vertex   7.947316e-02 0.000000e+00 1.377677e+01
    endloop
  endfacet
  facet normal 0.000000e+00 -1.000000e+00 0.000000e+00
    outer loop
      vertex   -3.689878e+00 0.000000e+00 1.327367e+01
      vertex   7.947316e-02 0.000000e+00 1.377677e+01
      vertex   -3.507815e+00 0.000000e+00 1.340495e+01
    endloop
  endfacet
  facet normal 0.000000e+00 -1.000000e+00 0.000000e+00
    outer loop
      vertex   -3.507815e+00 0.000000e+00 1.340495e+01
      vertex   7.947316e-02 0.000000e+00 1.377677e+01
      vertex   -1.306462e-01 0.000000e+00 1.385570e+01
    endloop
  endfacet
  facet normal 0.000000e+00 -1.000000e+00 0.000000e+00
    outer loop
      vertex   -3.507815e+00 0.000000e+00 1.340495e+01
      vertex   -1.306462e-01 0.000000e+00 1.385570e+01
      vertex   -3.359619e+00 0.000000e+00 1.357353e+01
    endloop
  endfacet
  facet normal 0.000000e+00 -1.000000e+00 0.000000e+00
    outer loop
      vertex   -3.359619e+00 0.000000e+00 1.357353e+01
      vertex   -1.306462e-01 0.000000e+00 1.385570e+01
      vertex   -3.178671e-01 0.000000e+00 1.397951e+01
    endloop
  endfacet
  facet normal 0.000000e+00 -1.000000e+00 0.000000e+00
    outer loop
      vertex   -3.359619e+00 0.000000e+00 1.357353e+01
      vertex   -3.178671e-01 0.000000e+00 1.397951e+01
      vertex   -3.252756e+00 0.000000e+00 1.377092e+01
    endloop
  endfacet
  facet normal 0.000000e+00 -1.000000e+00 0.000000e+00
    outer loop
      vertex   -3.252756e+00 0.000000e+00 1.377092e+01
      vertex   -3.178671e-01 0.000000e+00 1.397951e+01
      vertex   -4.727572e-01 0.000000e+00 1.414196e+01
    endloop
  endfacet
  facet normal 0.000000e+00 -1.000000e+00 0.000000e+00
    outer loop
      vertex   -3.252756e+00 0.000000e+00 1.377092e+01
      vertex   -4.727572e-01 0.000000e+00 1.414196e+01
      vertex   -3.192610e+00 0.000000e+00 1.398717e+01
    endloop
  endfacet
  facet normal 0.000000e+00 -1.000000e+00 0.000000e+00
    outer loop
      vertex   -3.192610e+00 0.000000e+00 1.398717e+01
      vertex   -4.727572e-01 0.000000e+00 1.414196e+01
      vertex   -5.875129e-01 0.000000e+00 1.433487e+01
    endloop
  endfacet
  facet normal 0.000000e+00 -1.000000e+00 0.000000e+00
    outer loop
      vertex   -3.192610e+00 0.000000e+00 1.398717e+01
      vertex   -5.875129e-01 0.000000e+00 1.433487e+01
      vertex   -3.027369e+00 0.000000e+00 1.501889e+01
    endloop
  endfacet
  facet normal 0.000000e+00 -1.000000e+00 0.000000e+00
    outer loop
      vertex   -3.027369e+00 0.000000e+00 1.501889e+01
      vertex   -5.875129e-01 0.000000e+00 1.433487e+01
      vertex   -1.017560e+00 0.000000e+00 1.528714e+01
    endloop
  endfacet
  facet normal 0.000000e+00 -1.000000e+00 0.000000e+00
    outer loop
      vertex   -3.027369e+00 0.000000e+00 1.501889e+01
      vertex   -1.017560e+00 0.000000e+00 1.528714e+01
      vertex   -2.955201e+00 0.000000e+00 1.526364e+01
    endloop
  endfacet
  facet normal 0.000000e+00 -1.000000e+00 0.000000e+00
    outer loop
      vertex   -2.955201e+00 0.000000e+00 1.526364e+01
      vertex   -1.017560e+00 0.000000e+00 1.528714e+01
      vertex   -2.823441e+00 0.000000e+00 1.548215e+01
    endloop
  endfacet
  facet normal 0.000000e+00 -1.000000e+00 0.000000e+00
    outer loop
      vertex   -2.823441e+00 0.000000e+00 1.548215e+01
      vertex   -1.017560e+00 0.000000e+00 1.528714e+01
      vertex   -1.151388e+00 0.000000e+00 1.550439e+01
    endloop
  endfacet
  facet normal 0.000000e+00 -1.000000e+00 0.000000e+00
    outer loop
      vertex   -2.823441e+00 0.000000e+00 1.548215e+01
      vertex   -1.151388e+00 0.000000e+00 1.550439e+01
      vertex   -2.640669e+00 0.000000e+00 1.566021e+01
    endloop
  endfacet
  facet normal 0.000000e+00 -1.000000e+00 0.000000e+00
    outer loop
      vertex   -2.640669e+00 0.000000e+00 1.566021e+01
      vertex   -1.151388e+00 0.000000e+00 1.550439e+01
      vertex   -1.335839e+00 0.000000e+00 1.568069e+01
    endloop
  endfacet
  facet normal 0.000000e+00 -1.000000e+00 0.000000e+00
    outer loop
      vertex   -2.640669e+00 0.000000e+00 1.566021e+01
      vertex   -1.335839e+00 0.000000e+00 1.568069e+01
      vertex   -2.418784e+00 0.000000e+00 1.578621e+01
    endloop
  endfacet
  facet normal 0.000000e+00 -1.000000e+00 0.000000e+00
    outer loop
      vertex   -2.418784e+00 0.000000e+00 1.578621e+01
      vertex   -1.335839e+00 0.000000e+00 1.568069e+01
      vertex   -2.172234e+00 0.000000e+00 1.585196e+01
    endloop
  endfacet
  facet normal 0.000000e+00 -1.000000e+00 0.000000e+00
    outer loop
      vertex   -2.172234e+00 0.000000e+00 1.585196e+01
      vertex   -1.335839e+00 0.000000e+00 1.568069e+01
      vertex   -2.061216e+00 0.000000e+00 1.586677e+01
    endloop
  endfacet
  facet normal 0.000000e+00 -1.000000e+00 0.000000e+00
    outer loop
      vertex   -2.061216e+00 0.000000e+00 1.586677e+01
      vertex   -1.335839e+00 0.000000e+00 1.568069e+01
      vertex   -1.558904e+00 0.000000e+00 1.580458e+01
    endloop
  endfacet
  facet normal 0.000000e+00 -1.000000e+00 0.000000e+00
    outer loop
      vertex   -2.061216e+00 0.000000e+00 1.586677e+01
      vertex   -1.558904e+00 0.000000e+00 1.580458e+01
      vertex   -1.806060e+00 0.000000e+00 1.586798e+01
    endloop
  endfacet
  facet normal 0.000000e+00 -1.000000e+00 -0.000000e+00
    outer loop
      vertex   -3.907088e+00 0.000000e+00 1.318322e+01
      vertex   -3.917539e+00 0.000000e+00 1.318011e+01
      vertex   -2.761052e-01 0.000000e+00 4.090693e+00
    endloop
  endfacet
  facet normal 0.000000e+00 -1.000000e+00 0.000000e+00
    outer loop
      vertex   -2.761052e-01 0.000000e+00 4.090693e+00
      vertex   -3.917539e+00 0.000000e+00 1.318011e+01
      vertex   -3.927988e+00 0.000000e+00 1.317700e+01
    endloop
  endfacet
  facet normal 0.000000e+00 -1.000000e+00 0.000000e+00
    outer loop
      vertex   -2.761052e-01 0.000000e+00 4.090693e+00
      vertex   -3.927988e+00 0.000000e+00 1.317700e+01
      vertex   -7.582417e+00 0.000000e+00 1.150272e+01
    endloop
  endfacet
  facet normal 0.000000e+00 -1.000000e+00 0.000000e+00
    outer loop
      vertex   -7.582417e+00 0.000000e+00 1.150272e+01
      vertex   -3.927988e+00 0.000000e+00 1.317700e+01
      vertex   -4.148929e+00 0.000000e+00 1.313743e+01
    endloop
  endfacet
  facet normal 0.000000e+00 -1.000000e+00 0.000000e+00
    outer loop
      vertex   -7.582417e+00 0.000000e+00 1.150272e+01
      vertex   -4.148929e+00 0.000000e+00 1.313743e+01
      vertex   -7.449381e+00 0.000000e+00 1.168350e+01
    endloop
  endfacet
  facet normal 0.000000e+00 -1.000000e+00 0.000000e+00
    outer loop
      vertex   -7.449381e+00 0.000000e+00 1.168350e+01
      vertex   -4.148929e+00 0.000000e+00 1.313743e+01
      vertex   -7.360019e+00 0.000000e+00 1.188941e+01
    endloop
  endfacet
  facet normal 0.000000e+00 -1.000000e+00 0.000000e+00
    outer loop
      vertex   -7.360019e+00 0.000000e+00 1.188941e+01
      vertex   -4.148929e+00 0.000000e+00 1.313743e+01
      vertex   -4.373130e+00 0.000000e+00 1.314813e+01
    endloop
  endfacet
  facet normal 0.000000e+00 -1.000000e+00 0.000000e+00
    outer loop
      vertex   -7.360019e+00 0.000000e+00 1.188941e+01
      vertex   -4.373130e+00 0.000000e+00 1.314813e+01
      vertex   -7.318832e+00 0.000000e+00 1.211005e+01
    endloop
  endfacet
  facet normal 0.000000e+00 -1.000000e+00 0.000000e+00
    outer loop
      vertex   -7.318832e+00 0.000000e+00 1.211005e+01
      vertex   -4.373130e+00 0.000000e+00 1.314813e+01
      vertex   -4.589298e+00 0.000000e+00 1.320856e+01
    endloop
  endfacet
  facet normal 0.000000e+00 -1.000000e+00 0.000000e+00
    outer loop
      vertex   -7.318832e+00 0.000000e+00 1.211005e+01
      vertex   -4.589298e+00 0.000000e+00 1.320856e+01
      vertex   -7.327895e+00 0.000000e+00 1.233433e+01
    endloop
  endfacet
  facet normal 0.000000e+00 -1.000000e+00 0.000000e+00
    outer loop
      vertex   -7.327895e+00 0.000000e+00 1.233433e+01
      vertex   -4.589298e+00 0.000000e+00 1.320856e+01
      vertex   -4.786540e+00 0.000000e+00 1.331569e+01
    endloop
  endfacet
  facet normal 0.000000e+00 -1.000000e+00 0.000000e+00
    outer loop
      vertex   -7.327895e+00 0.000000e+00 1.233433e+01
      vertex   -4.786540e+00 0.000000e+00 1.331569e+01
      vertex   -4.954920e+00 0.000000e+00 1.346411e+01
    endloop
  endfacet
  facet normal 0.000000e+00 -1.000000e+00 -0.000000e+00
    outer loop
      vertex   -5.656259e+00 0.000000e+00 1.423864e+01
      vertex   -7.493345e+00 0.000000e+00 1.362210e+01
      vertex   -4.954920e+00 0.000000e+00 1.346411e+01
    endloop
  endfacet
  facet normal -0.000000e+00 -1.000000e+00 0.000000e+00
    outer loop
      vertex   -4.954920e+00 0.000000e+00 1.346411e+01
      vertex   -7.493345e+00 0.000000e+00 1.362210e+01
      vertex   -7.486987e+00 0.000000e+00 1.336701e+01
    endloop
  endfacet
  facet normal 0.000000e+00 -1.000000e+00 0.000000e+00
    outer loop
      vertex   -4.954920e+00 0.000000e+00 1.346411e+01
      vertex   -7.486987e+00 0.000000e+00 1.336701e+01
      vertex   -7.327895e+00 0.000000e+00 1.233433e+01
    endloop
  endfacet
  facet normal -0.000000e+00 -1.000000e+00 -0.000000e+00
    outer loop
      vertex   -5.850257e+00 0.000000e+00 1.440438e+01
      vertex   -6.928504e+00 0.000000e+00 1.442217e+01
      vertex   -5.656259e+00 0.000000e+00 1.423864e+01
    endloop
  endfacet
  facet normal 0.000000e+00 -1.000000e+00 0.000000e+00
    outer loop
      vertex   -5.656259e+00 0.000000e+00 1.423864e+01
      vertex   -6.928504e+00 0.000000e+00 1.442217e+01
      vertex   -7.143016e+00 0.000000e+00 1.428399e+01
    endloop
  endfacet
  facet normal -0.000000e+00 -1.000000e+00 0.000000e+00
    outer loop
      vertex   -5.656259e+00 0.000000e+00 1.423864e+01
      vertex   -7.143016e+00 0.000000e+00 1.428399e+01
      vertex   -7.315573e+00 0.000000e+00 1.409602e+01
    endloop
  endfacet
  facet normal 0.000000e+00 -1.000000e+00 0.000000e+00
    outer loop
      vertex   -6.928504e+00 0.000000e+00 1.442217e+01
      vertex   -5.850257e+00 0.000000e+00 1.440438e+01
      vertex   -6.827378e+00 0.000000e+00 1.447032e+01
    endloop
  endfacet
  facet normal 0.000000e+00 -1.000000e+00 0.000000e+00
    outer loop
      vertex   -6.827378e+00 0.000000e+00 1.447032e+01
      vertex   -5.850257e+00 0.000000e+00 1.440438e+01
      vertex   -6.079885e+00 0.000000e+00 1.451563e+01
    endloop
  endfacet
  facet normal 0.000000e+00 -1.000000e+00 0.000000e+00
    outer loop
      vertex   -6.827378e+00 0.000000e+00 1.447032e+01
      vertex   -6.079885e+00 0.000000e+00 1.451563e+01
      vertex   -6.584885e+00 0.000000e+00 1.454971e+01
    endloop
  endfacet
  facet normal 0.000000e+00 -1.000000e+00 0.000000e+00
    outer loop
      vertex   -6.584885e+00 0.000000e+00 1.454971e+01
      vertex   -6.079885e+00 0.000000e+00 1.451563e+01
      vertex   -6.330193e+00 0.000000e+00 1.456515e+01
    endloop
  endfacet
  facet normal 0.000000e+00 -1.000000e+00 -0.000000e+00
    outer loop
      vertex   -7.315573e+00 0.000000e+00 1.409602e+01
      vertex   -7.434940e+00 0.000000e+00 1.387049e+01
      vertex   -5.656259e+00 0.000000e+00 1.423864e+01
    endloop
  endfacet
  facet normal 0.000000e+00 -1.000000e+00 0.000000e+00
    outer loop
      vertex   -5.656259e+00 0.000000e+00 1.423864e+01
      vertex   -7.434940e+00 0.000000e+00 1.387049e+01
      vertex   -7.493345e+00 0.000000e+00 1.362210e+01
    endloop
  endfacet
  facet normal 0.000000e+00 -1.000000e+00 -0.000000e+00
    outer loop
      vertex   -7.582417e+00 0.000000e+00 1.150272e+01
      vertex   -7.752423e+00 0.000000e+00 1.135616e+01
      vertex   -2.761052e-01 0.000000e+00 4.090693e+00
    endloop
  endfacet
  facet normal 0.000000e+00 -1.000000e+00 0.000000e+00
    outer loop
      vertex   -2.761052e-01 0.000000e+00 4.090693e+00
      vertex   -7.752423e+00 0.000000e+00 1.135616e+01
      vertex   -7.761424e+00 0.000000e+00 1.135001e+01
    endloop
  endfacet
  facet normal 0.000000e+00 -1.000000e+00 0.000000e+00
    outer loop
      vertex   -2.761052e-01 0.000000e+00 4.090693e+00
      vertex   -7.761424e+00 0.000000e+00 1.135001e+01
      vertex   -7.770421e+00 0.000000e+00 1.134386e+01
    endloop
  endfacet
  facet normal 0.000000e+00 -1.000000e+00 -0.000000e+00
    outer loop
      vertex   -7.770421e+00 0.000000e+00 1.134386e+01
      vertex   -7.779412e+00 0.000000e+00 1.133769e+01
      vertex   -2.761052e-01 0.000000e+00 4.090693e+00
    endloop
  endfacet
  facet normal -0.000000e+00 -1.000000e+00 0.000000e+00
    outer loop
      vertex   -2.761052e-01 0.000000e+00 4.090693e+00
      vertex   -7.779412e+00 0.000000e+00 1.133769e+01
      vertex   -8.302477e-01 0.000000e+00 4.015058e+00
    endloop
  endfacet
  facet normal 0.000000e+00 -1.000000e+00 0.000000e+00
    outer loop
      vertex   -8.302477e-01 0.000000e+00 4.015058e+00
      vertex   -7.779412e+00 0.000000e+00 1.133769e+01
      vertex   -7.977573e+00 0.000000e+00 1.123227e+01
    endloop
  endfacet
  facet normal 0.000000e+00 -1.000000e+00 0.000000e+00
    outer loop
      vertex   -8.302477e-01 0.000000e+00 4.015058e+00
      vertex   -7.977573e+00 0.000000e+00 1.123227e+01
      vertex   -1.074438e+01 0.000000e+00 8.623458e+00
    endloop
  endfacet
  facet normal 0.000000e+00 -1.000000e+00 0.000000e+00
    outer loop
      vertex   -1.074438e+01 0.000000e+00 8.623458e+00
      vertex   -7.977573e+00 0.000000e+00 1.123227e+01
      vertex   -1.067319e+01 0.000000e+00 8.836326e+00
    endloop
  endfacet
  facet normal 0.000000e+00 -1.000000e+00 0.000000e+00
    outer loop
      vertex   -1.067319e+01 0.000000e+00 8.836326e+00
      vertex   -7.977573e+00 0.000000e+00 1.123227e+01
      vertex   -1.065127e+01 0.000000e+00 9.059711e+00
    endloop
  endfacet
  facet normal 0.000000e+00 -1.000000e+00 0.000000e+00
    outer loop
      vertex   -1.065127e+01 0.000000e+00 9.059711e+00
      vertex   -7.977573e+00 0.000000e+00 1.123227e+01
      vertex   -8.194255e+00 0.000000e+00 1.117371e+01
    endloop
  endfacet
  facet normal 0.000000e+00 -1.000000e+00 0.000000e+00
    outer loop
      vertex   -1.065127e+01 0.000000e+00 9.059711e+00
      vertex   -8.194255e+00 0.000000e+00 1.117371e+01
      vertex   -1.067972e+01 0.000000e+00 9.282357e+00
    endloop
  endfacet
  facet normal 0.000000e+00 -1.000000e+00 0.000000e+00
    outer loop
      vertex   -1.067972e+01 0.000000e+00 9.282357e+00
      vertex   -8.194255e+00 0.000000e+00 1.117371e+01
      vertex   -8.418540e+00 0.000000e+00 1.116494e+01
    endloop
  endfacet
  facet normal 0.000000e+00 -1.000000e+00 0.000000e+00
    outer loop
      vertex   -1.067972e+01 0.000000e+00 9.282357e+00
      vertex   -8.418540e+00 0.000000e+00 1.116494e+01
      vertex   -1.075712e+01 0.000000e+00 9.493048e+00
    endloop
  endfacet
  facet normal 0.000000e+00 -1.000000e+00 0.000000e+00
    outer loop
      vertex   -1.075712e+01 0.000000e+00 9.493048e+00
      vertex   -8.418540e+00 0.000000e+00 1.116494e+01
      vertex   -8.639130e+00 0.000000e+00 1.120643e+01
    endloop
  endfacet
  facet normal 0.000000e+00 -1.000000e+00 0.000000e+00
    outer loop
      vertex   -1.075712e+01 0.000000e+00 9.493048e+00
      vertex   -8.639130e+00 0.000000e+00 1.120643e+01
      vertex   -1.122522e+01 0.000000e+00 1.042720e+01
    endloop
  endfacet
  facet normal 0.000000e+00 -1.000000e+00 0.000000e+00
    outer loop
      vertex   -1.122522e+01 0.000000e+00 1.042720e+01
      vertex   -8.639130e+00 0.000000e+00 1.120643e+01
      vertex   -8.844912e+00 0.000000e+00 1.129607e+01
    endloop
  endfacet
  facet normal 0.000000e+00 -1.000000e+00 0.000000e+00
    outer loop
      vertex   -1.122522e+01 0.000000e+00 1.042720e+01
      vertex   -8.844912e+00 0.000000e+00 1.129607e+01
      vertex   -1.130949e+01 0.000000e+00 1.066805e+01
    endloop
  endfacet
  facet normal 0.000000e+00 -1.000000e+00 0.000000e+00
    outer loop
      vertex   -1.130949e+01 0.000000e+00 1.066805e+01
      vertex   -8.844912e+00 0.000000e+00 1.129607e+01
      vertex   -1.133007e+01 0.000000e+00 1.092238e+01
    endloop
  endfacet
  facet normal 0.000000e+00 -1.000000e+00 0.000000e+00
    outer loop
      vertex   -1.133007e+01 0.000000e+00 1.092238e+01
      vertex   -8.844912e+00 0.000000e+00 1.129607e+01
      vertex   -1.128561e+01 0.000000e+00 1.117364e+01
    endloop
  endfacet
  facet normal 0.000000e+00 -1.000000e+00 0.000000e+00
    outer loop
      vertex   -1.128561e+01 0.000000e+00 1.117364e+01
      vertex   -8.844912e+00 0.000000e+00 1.129607e+01
      vertex   -1.117900e+01 0.000000e+00 1.140547e+01
    endloop
  endfacet
  facet normal 0.000000e+00 -1.000000e+00 0.000000e+00
    outer loop
      vertex   -1.117900e+01 0.000000e+00 1.140547e+01
      vertex   -8.844912e+00 0.000000e+00 1.129607e+01
      vertex   -9.749966e+00 0.000000e+00 1.181821e+01
    endloop
  endfacet
  facet normal 0.000000e+00 -1.000000e+00 0.000000e+00
    outer loop
      vertex   -1.117900e+01 0.000000e+00 1.140547e+01
      vertex   -9.749966e+00 0.000000e+00 1.181821e+01
      vertex   -1.101720e+01 0.000000e+00 1.160278e+01
    endloop
  endfacet
  facet normal 0.000000e+00 -1.000000e+00 0.000000e+00
    outer loop
      vertex   -1.101720e+01 0.000000e+00 1.160278e+01
      vertex   -9.749966e+00 0.000000e+00 1.181821e+01
      vertex   -1.093571e+01 0.000000e+00 1.167961e+01
    endloop
  endfacet
  facet normal 0.000000e+00 -1.000000e+00 0.000000e+00
    outer loop
      vertex   -1.093571e+01 0.000000e+00 1.167961e+01
      vertex   -9.749966e+00 0.000000e+00 1.181821e+01
      vertex   -1.072924e+01 0.000000e+00 1.182954e+01
    endloop
  endfacet
  facet normal 0.000000e+00 -1.000000e+00 0.000000e+00
    outer loop
      vertex   -1.072924e+01 0.000000e+00 1.182954e+01
      vertex   -9.749966e+00 0.000000e+00 1.181821e+01
      vertex   -9.985443e+00 0.000000e+00 1.191648e+01
    endloop
  endfacet
  facet normal 0.000000e+00 -1.000000e+00 0.000000e+00
    outer loop
      vertex   -1.072924e+01 0.000000e+00 1.182954e+01
      vertex   -9.985443e+00 0.000000e+00 1.191648e+01
      vertex   -1.049156e+01 0.000000e+00 1.192234e+01
    endloop
  endfacet
  facet normal 0.000000e+00 -1.000000e+00 0.000000e+00
    outer loop
      vertex   -1.049156e+01 0.000000e+00 1.192234e+01
      vertex   -9.985443e+00 0.000000e+00 1.191648e+01
      vertex   -1.023812e+01 0.000000e+00 1.195196e+01
    endloop
  endfacet
  facet normal -0.000000e+00 -1.000000e+00 0.000000e+00
    outer loop
      vertex   -8.302477e-01 0.000000e+00 4.015058e+00
      vertex   -1.074438e+01 0.000000e+00 8.623458e+00
      vertex   -1.368941e+00 0.000000e+00 3.864712e+00
    endloop
  endfacet
  facet normal 0.000000e+00 -1.000000e+00 0.000000e+00
    outer loop
      vertex   -1.368941e+00 0.000000e+00 3.864712e+00
      vertex   -1.074438e+01 0.000000e+00 8.623458e+00
      vertex   -1.086125e+01 0.000000e+00 8.431830e+00
    endloop
  endfacet
  facet normal 0.000000e+00 -1.000000e+00 0.000000e+00
    outer loop
      vertex   -1.368941e+00 0.000000e+00 3.864712e+00
      vertex   -1.086125e+01 0.000000e+00 8.431830e+00
      vertex   -1.086793e+01 0.000000e+00 8.423215e+00
    endloop
  endfacet
  facet normal 0.000000e+00 -1.000000e+00 -0.000000e+00
    outer loop
      vertex   -1.086793e+01 0.000000e+00 8.423215e+00
      vertex   -1.087461e+01 0.000000e+00 8.414596e+00
      vertex   -1.368941e+00 0.000000e+00 3.864712e+00
    endloop
  endfacet
  facet normal 0.000000e+00 -1.000000e+00 0.000000e+00
    outer loop
      vertex   -1.368941e+00 0.000000e+00 3.864712e+00
      vertex   -1.087461e+01 0.000000e+00 8.414596e+00
      vertex   -1.088128e+01 0.000000e+00 8.405971e+00
    endloop
  endfacet
  facet normal -0.000000e+00 -1.000000e+00 0.000000e+00
    outer loop
      vertex   -1.368941e+00 0.000000e+00 3.864712e+00
      vertex   -1.088128e+01 0.000000e+00 8.405971e+00
      vertex   -1.882162e+00 0.000000e+00 3.642453e+00
    endloop
  endfacet
  facet normal 0.000000e+00 -1.000000e+00 0.000000e+00
    outer loop
      vertex   -1.882162e+00 0.000000e+00 3.642453e+00
      vertex   -1.088128e+01 0.000000e+00 8.405971e+00
      vertex   -1.103756e+01 0.000000e+00 8.244866e+00
    endloop
  endfacet
  facet normal -0.000000e+00 -1.000000e+00 0.000000e+00
    outer loop
      vertex   -1.882162e+00 0.000000e+00 3.642453e+00
      vertex   -1.103756e+01 0.000000e+00 8.244866e+00
      vertex   -3.610412e+00 0.000000e+00 3.000000e+00
    endloop
  endfacet
  facet normal 0.000000e+00 -1.000000e+00 0.000000e+00
    outer loop
      vertex   -3.610412e+00 0.000000e+00 3.000000e+00
      vertex   -1.103756e+01 0.000000e+00 8.244866e+00
      vertex   -1.122585e+01 0.000000e+00 8.122678e+00
    endloop
  endfacet
  facet normal 0.000000e+00 -1.000000e+00 0.000000e+00
    outer loop
      vertex   -2.794638e+00 0.000000e+00 3.000000e+00
      vertex   -2.360360e+00 0.000000e+00 3.352417e+00
      vertex   -3.610412e+00 0.000000e+00 3.000000e+00
    endloop
  endfacet
  facet normal 0.000000e+00 -1.000000e+00 0.000000e+00
    outer loop
      vertex   -3.610412e+00 0.000000e+00 3.000000e+00
      vertex   -2.360360e+00 0.000000e+00 3.352417e+00
      vertex   -1.882162e+00 0.000000e+00 3.642453e+00
    endloop
  endfacet
  facet normal 0.000000e+00 -1.000000e+00 0.000000e+00
    outer loop
      vertex   2.799819e+00 0.000000e+00 2.995165e+00
      vertex   3.181388e+00 0.000000e+00 2.586265e+00
      vertex   7.588549e+00 0.000000e+00 1.408606e+01
    endloop
  endfacet
  facet normal 0.000000e+00 -1.000000e+00 0.000000e+00
    outer loop
      vertex   7.588549e+00 0.000000e+00 1.408606e+01
      vertex   3.181388e+00 0.000000e+00 2.586265e+00
      vertex   3.503760e+00 0.000000e+00 2.129241e+00
    endloop
  endfacet
  facet normal 0.000000e+00 -1.000000e+00 0.000000e+00
    outer loop
      vertex   7.588549e+00 0.000000e+00 1.408606e+01
      vertex   3.503760e+00 0.000000e+00 2.129241e+00
      vertex   3.760934e+00 0.000000e+00 1.632597e+00
    endloop
  endfacet
  facet normal 0.000000e+00 -1.000000e+00 0.000000e+00
    outer loop
      vertex   3.760934e+00 0.000000e+00 1.632597e+00
      vertex   3.948127e+00 0.000000e+00 1.105573e+00
      vertex   7.588549e+00 0.000000e+00 1.408606e+01
    endloop
  endfacet
  facet normal 0.000000e+00 -1.000000e+00 0.000000e+00
    outer loop
      vertex   7.588549e+00 0.000000e+00 1.408606e+01
      vertex   3.948127e+00 0.000000e+00 1.105573e+00
      vertex   4.061854e+00 0.000000e+00 5.579780e-01
    endloop
  endfacet
  facet normal 0.000000e+00 -1.000000e+00 0.000000e+00
    outer loop
      vertex   7.588549e+00 0.000000e+00 1.408606e+01
      vertex   4.061854e+00 0.000000e+00 5.579780e-01
      vertex   4.100000e+00 0.000000e+00 1.596481e-09
    endloop
  endfacet
  facet normal 0.000000e+00 -1.000000e+00 0.000000e+00
    outer loop
      vertex   2.831750e-01 0.000000e+00 -4.090209e+00
      vertex   -2.761052e-01 0.000000e+00 -4.090693e+00
      vertex   4.090315e-02 0.000000e+00 -1.374994e+01
    endloop
  endfacet
  facet normal 0.000000e+00 -1.000000e+00 0.000000e+00
    outer loop
      vertex   -1.882162e+00 0.000000e+00 -3.642453e+00
      vertex   -2.360360e+00 0.000000e+00 -3.352417e+00
      vertex   -3.610412e+00 0.000000e+00 -3.000000e+00
    endloop
  endfacet
  facet normal 0.000000e+00 -1.000000e+00 0.000000e+00
    outer loop
      vertex   -3.610412e+00 0.000000e+00 -3.000000e+00
      vertex   -2.360360e+00 0.000000e+00 -3.352417e+00
      vertex   -2.794638e+00 0.000000e+00 -3.000000e+00
    endloop
  endfacet
  facet normal 0.000000e+00 -1.000000e+00 0.000000e+00
    outer loop
      vertex   -3.233579e+01 0.000000e+00 -1.414214e+00
      vertex   -1.751825e+01 0.000000e+00 -1.603224e+00
      vertex   -3.208706e+01 0.000000e+00 -1.111140e+00
    endloop
  endfacet
  facet normal 0.000000e+00 -1.000000e+00 0.000000e+00
    outer loop
      vertex   -3.208706e+01 0.000000e+00 -1.111140e+00
      vertex   -1.751825e+01 0.000000e+00 -1.603224e+00
      vertex   -1.776689e+01 0.000000e+00 -1.246825e+00
    endloop
  endfacet
  facet normal 0.000000e+00 -1.000000e+00 0.000000e+00
    outer loop
      vertex   -3.208706e+01 0.000000e+00 -1.111140e+00
      vertex   -1.776689e+01 0.000000e+00 -1.246825e+00
      vertex   -3.190224e+01 0.000000e+00 -7.653669e-01
    endloop
  endfacet
  facet normal 0.000000e+00 -1.000000e+00 0.000000e+00
    outer loop
      vertex   -3.190224e+01 0.000000e+00 -7.653669e-01
      vertex   -1.776689e+01 0.000000e+00 -1.246825e+00
      vertex   -1.795007e+01 0.000000e+00 -8.527546e-01
    endloop
  endfacet
  facet normal 0.000000e+00 -1.000000e+00 0.000000e+00
    outer loop
      vertex   -3.190224e+01 0.000000e+00 -7.653669e-01
      vertex   -1.795007e+01 0.000000e+00 -8.527546e-01
      vertex   -3.178843e+01 0.000000e+00 -3.901806e-01
    endloop
  endfacet
  facet normal 0.000000e+00 -1.000000e+00 0.000000e+00
    outer loop
      vertex   -3.178843e+01 0.000000e+00 -3.901806e-01
      vertex   -1.795007e+01 0.000000e+00 -8.527546e-01
      vertex   -1.806223e+01 0.000000e+00 -4.329176e-01
    endloop
  endfacet
  facet normal 0.000000e+00 -1.000000e+00 0.000000e+00
    outer loop
      vertex   -3.178843e+01 0.000000e+00 -3.901806e-01
      vertex   -1.806223e+01 0.000000e+00 -4.329176e-01
      vertex   -3.175000e+01 0.000000e+00 0.000000e+00
    endloop
  endfacet
  facet normal 0.000000e+00 -1.000000e+00 0.000000e+00
    outer loop
      vertex   -3.175000e+01 0.000000e+00 0.000000e+00
      vertex   -1.806223e+01 0.000000e+00 -4.329176e-01
      vertex   -1.810000e+01 0.000000e+00 1.455221e-10
    endloop
  endfacet
  facet normal 0.000000e+00 -1.000000e+00 0.000000e+00
    outer loop
      vertex   -3.175000e+01 0.000000e+00 0.000000e+00
      vertex   -1.810000e+01 0.000000e+00 1.455221e-10
      vertex   -1.806223e+01 0.000000e+00 4.329176e-01
    endloop
  endfacet
  facet normal 0.000000e+00 -1.000000e+00 0.000000e+00
    outer loop
      vertex   -3.175000e+01 0.000000e+00 0.000000e+00
      vertex   -1.806223e+01 0.000000e+00 4.329176e-01
      vertex   -3.178843e+01 0.000000e+00 3.901806e-01
    endloop
  endfacet
  facet normal 0.000000e+00 -1.000000e+00 0.000000e+00
    outer loop
      vertex   -3.178843e+01 0.000000e+00 3.901806e-01
      vertex   -1.806223e+01 0.000000e+00 4.329176e-01
      vertex   -1.795007e+01 0.000000e+00 8.527546e-01
    endloop
  endfacet
  facet normal 0.000000e+00 -1.000000e+00 0.000000e+00
    outer loop
      vertex   -3.178843e+01 0.000000e+00 3.901806e-01
      vertex   -1.795007e+01 0.000000e+00 8.527546e-01
      vertex   -3.190224e+01 0.000000e+00 7.653669e-01
    endloop
  endfacet
  facet normal 0.000000e+00 -1.000000e+00 0.000000e+00
    outer loop
      vertex   -3.190224e+01 0.000000e+00 7.653669e-01
      vertex   -1.795007e+01 0.000000e+00 8.527546e-01
      vertex   -1.776689e+01 0.000000e+00 1.246825e+00
    endloop
  endfacet
  facet normal 0.000000e+00 -1.000000e+00 0.000000e+00
    outer loop
      vertex   -3.190224e+01 0.000000e+00 7.653669e-01
      vertex   -1.776689e+01 0.000000e+00 1.246825e+00
      vertex   -3.208706e+01 0.000000e+00 1.111140e+00
    endloop
  endfacet
  facet normal 0.000000e+00 -1.000000e+00 0.000000e+00
    outer loop
      vertex   -3.208706e+01 0.000000e+00 1.111140e+00
      vertex   -1.776689e+01 0.000000e+00 1.246825e+00
      vertex   -1.751825e+01 0.000000e+00 1.603224e+00
    endloop
  endfacet
  facet normal 0.000000e+00 -1.000000e+00 0.000000e+00
    outer loop
      vertex   -3.208706e+01 0.000000e+00 1.111140e+00
      vertex   -1.751825e+01 0.000000e+00 1.603224e+00
      vertex   -3.233579e+01 0.000000e+00 1.414214e+00
    endloop
  endfacet
  facet normal 0.000000e+00 -1.000000e+00 0.000000e+00
    outer loop
      vertex   -3.233579e+01 0.000000e+00 1.414214e+00
      vertex   -1.751825e+01 0.000000e+00 1.603224e+00
      vertex   -1.721164e+01 0.000000e+00 1.911180e+00
    endloop
  endfacet
  facet normal 0.000000e+00 -1.000000e+00 0.000000e+00
    outer loop
      vertex   -3.233579e+01 0.000000e+00 1.414214e+00
      vertex   -1.721164e+01 0.000000e+00 1.911180e+00
      vertex   -3.375000e+01 0.000000e+00 3.250000e+00
    endloop
  endfacet
  facet normal 0.000000e+00 -1.000000e+00 0.000000e+00
    outer loop
      vertex   -3.375000e+01 0.000000e+00 3.250000e+00
      vertex   -1.721164e+01 0.000000e+00 1.911180e+00
      vertex   -1.685634e+01 0.000000e+00 2.161390e+00
    endloop
  endfacet
  facet normal 0.000000e+00 -1.000000e+00 0.000000e+00
    outer loop
      vertex   -1.604374e+01 0.000000e+00 2.460304e+00
      vertex   -1.561099e+01 0.000000e+00 2.499976e+00
      vertex   -1.566784e+01 0.000000e+00 3.250000e+00
    endloop
  endfacet
  facet normal 0.000000e+00 -1.000000e+00 0.000000e+00
    outer loop
      vertex   -3.298463e+01 0.000000e+00 1.847759e+00
      vertex   -3.263886e+01 0.000000e+00 1.662939e+00
      vertex   -3.375000e+01 0.000000e+00 3.250000e+00
    endloop
  endfacet
  facet normal 0.000000e+00 -1.000000e+00 0.000000e+00
    outer loop
      vertex   -3.375000e+01 0.000000e+00 3.250000e+00
      vertex   -3.263886e+01 0.000000e+00 1.662939e+00
      vertex   -3.233579e+01 0.000000e+00 1.414214e+00
    endloop
  endfacet
endsolid
