solid ASCII
  facet normal -7.547995e-01 -0.000000e+00 -6.559555e-01
    outer loop
      vertex   -1.336591e+01 3.000000e+00 3.227224e+00
      vertex   -1.336591e+01 0.000000e+00 3.227224e+00
      vertex   -1.342480e+01 3.000000e+00 3.294994e+00
    endloop
  endfacet
  facet normal -7.547995e-01 -0.000000e+00 -6.559555e-01
    outer loop
      vertex   -1.342480e+01 3.000000e+00 3.294994e+00
      vertex   -1.336591e+01 0.000000e+00 3.227224e+00
      vertex   -1.342480e+01 0.000000e+00 3.294994e+00
    endloop
  endfacet
  facet normal -6.929214e-01 -0.000000e+00 -7.210132e-01
    outer loop
      vertex   -1.342480e+01 3.000000e+00 3.294994e+00
      vertex   -1.342480e+01 0.000000e+00 3.294994e+00
      vertex   -1.348954e+01 3.000000e+00 3.357208e+00
    endloop
  endfacet
  facet normal -6.929214e-01 -0.000000e+00 -7.210132e-01
    outer loop
      vertex   -1.348954e+01 3.000000e+00 3.357208e+00
      vertex   -1.342480e+01 0.000000e+00 3.294994e+00
      vertex   -1.348954e+01 0.000000e+00 3.357208e+00
    endloop
  endfacet
  facet normal -6.254573e-01 -0.000000e+00 -7.802584e-01
    outer loop
      vertex   -1.348954e+01 3.000000e+00 3.357208e+00
      vertex   -1.348954e+01 0.000000e+00 3.357208e+00
      vertex   -1.355960e+01 3.000000e+00 3.413365e+00
    endloop
  endfacet
  facet normal -6.254573e-01 -0.000000e+00 -7.802584e-01
    outer loop
      vertex   -1.355960e+01 3.000000e+00 3.413365e+00
      vertex   -1.348954e+01 0.000000e+00 3.357208e+00
      vertex   -1.355960e+01 0.000000e+00 3.413365e+00
    endloop
  endfacet
  facet normal -8.152731e-01 0.000000e+00 5.790767e-01
    outer loop
      vertex   -1.203894e+01 0.000000e+00 6.642775e+00
      vertex   -1.203894e+01 3.000000e+00 6.642775e+00
      vertex   -1.216998e+01 0.000000e+00 6.458281e+00
    endloop
  endfacet
  facet normal -8.152731e-01 0.000000e+00 5.790767e-01
    outer loop
      vertex   -1.216998e+01 0.000000e+00 6.458281e+00
      vertex   -1.203894e+01 3.000000e+00 6.642775e+00
      vertex   -1.216998e+01 3.000000e+00 6.458281e+00
    endloop
  endfacet
  facet normal -6.641960e-01 0.000000e+00 7.475585e-01
    outer loop
      vertex   -1.216998e+01 0.000000e+00 6.458281e+00
      vertex   -1.216998e+01 3.000000e+00 6.458281e+00
      vertex   -1.233915e+01 0.000000e+00 6.307975e+00
    endloop
  endfacet
  facet normal -6.641960e-01 0.000000e+00 7.475585e-01
    outer loop
      vertex   -1.233915e+01 0.000000e+00 6.307975e+00
      vertex   -1.216998e+01 3.000000e+00 6.458281e+00
      vertex   -1.233915e+01 3.000000e+00 6.307975e+00
    endloop
  endfacet
  facet normal -4.791052e-01 0.000000e+00 8.777575e-01
    outer loop
      vertex   -1.233915e+01 0.000000e+00 6.307975e+00
      vertex   -1.233915e+01 3.000000e+00 6.307975e+00
      vertex   -1.253779e+01 0.000000e+00 6.199555e+00
    endloop
  endfacet
  facet normal -4.791052e-01 0.000000e+00 8.777575e-01
    outer loop
      vertex   -1.253779e+01 0.000000e+00 6.199555e+00
      vertex   -1.233915e+01 3.000000e+00 6.307975e+00
      vertex   -1.253779e+01 3.000000e+00 6.199555e+00
    endloop
  endfacet
  facet normal -2.694792e-01 0.000000e+00 9.630062e-01
    outer loop
      vertex   -1.253779e+01 0.000000e+00 6.199555e+00
      vertex   -1.253779e+01 3.000000e+00 6.199555e+00
      vertex   -1.275571e+01 0.000000e+00 6.138573e+00
    endloop
  endfacet
  facet normal -2.694792e-01 0.000000e+00 9.630062e-01
    outer loop
      vertex   -1.275571e+01 0.000000e+00 6.138573e+00
      vertex   -1.253779e+01 3.000000e+00 6.199555e+00
      vertex   -1.275571e+01 3.000000e+00 6.138573e+00
    endloop
  endfacet
  facet normal -4.605308e-02 0.000000e+00 9.989390e-01
    outer loop
      vertex   -1.275571e+01 0.000000e+00 6.138573e+00
      vertex   -1.275571e+01 3.000000e+00 6.138573e+00
      vertex   -1.298177e+01 0.000000e+00 6.128151e+00
    endloop
  endfacet
  facet normal -4.605308e-02 0.000000e+00 9.989390e-01
    outer loop
      vertex   -1.298177e+01 0.000000e+00 6.128151e+00
      vertex   -1.275571e+01 3.000000e+00 6.138573e+00
      vertex   -1.298177e+01 3.000000e+00 6.128151e+00
    endloop
  endfacet
  facet normal 6.727119e-02 0.000000e+00 9.977347e-01
    outer loop
      vertex   -1.298177e+01 3.000000e+00 6.128151e+00
      vertex   -1.400301e+01 3.000000e+00 6.197007e+00
      vertex   -1.298177e+01 0.000000e+00 6.128151e+00
    endloop
  endfacet
  facet normal 6.727119e-02 0.000000e+00 9.977347e-01
    outer loop
      vertex   -1.298177e+01 0.000000e+00 6.128151e+00
      vertex   -1.400301e+01 3.000000e+00 6.197007e+00
      vertex   -1.400301e+01 0.000000e+00 6.197007e+00
    endloop
  endfacet
  facet normal -6.887148e-01 -0.000000e+00 -7.250324e-01
    outer loop
      vertex   -1.471029e+01 3.000000e+00 4.253781e+00
      vertex   -1.471029e+01 0.000000e+00 4.253781e+00
      vertex   -1.489670e+01 3.000000e+00 4.430848e+00
    endloop
  endfacet
  facet normal -6.887148e-01 -0.000000e+00 -7.250324e-01
    outer loop
      vertex   -1.489670e+01 3.000000e+00 4.430848e+00
      vertex   -1.471029e+01 0.000000e+00 4.253781e+00
      vertex   -1.489670e+01 0.000000e+00 4.430848e+00
    endloop
  endfacet
  facet normal -8.508103e-01 -0.000000e+00 -5.254730e-01
    outer loop
      vertex   -1.489670e+01 3.000000e+00 4.430848e+00
      vertex   -1.489670e+01 0.000000e+00 4.430848e+00
      vertex   -1.503179e+01 3.000000e+00 4.649589e+00
    endloop
  endfacet
  facet normal -8.508103e-01 -0.000000e+00 -5.254730e-01
    outer loop
      vertex   -1.503179e+01 3.000000e+00 4.649589e+00
      vertex   -1.489670e+01 0.000000e+00 4.430848e+00
      vertex   -1.503179e+01 0.000000e+00 4.649589e+00
    endloop
  endfacet
  facet normal -9.566682e-01 -0.000000e+00 -2.911803e-01
    outer loop
      vertex   -1.503179e+01 3.000000e+00 4.649589e+00
      vertex   -1.503179e+01 0.000000e+00 4.649589e+00
      vertex   -1.510665e+01 3.000000e+00 4.895545e+00
    endloop
  endfacet
  facet normal -9.566682e-01 -0.000000e+00 -2.911803e-01
    outer loop
      vertex   -1.510665e+01 3.000000e+00 4.895545e+00
      vertex   -1.503179e+01 0.000000e+00 4.649589e+00
      vertex   -1.510665e+01 0.000000e+00 4.895545e+00
    endloop
  endfacet
  facet normal -9.992913e-01 -0.000000e+00 -3.764101e-02
    outer loop
      vertex   -1.510665e+01 3.000000e+00 4.895545e+00
      vertex   -1.510665e+01 0.000000e+00 4.895545e+00
      vertex   -1.511633e+01 3.000000e+00 5.152460e+00
    endloop
  endfacet
  facet normal -9.992913e-01 -0.000000e+00 -3.764101e-02
    outer loop
      vertex   -1.511633e+01 3.000000e+00 5.152460e+00
      vertex   -1.510665e+01 0.000000e+00 4.895545e+00
      vertex   -1.511633e+01 0.000000e+00 5.152460e+00
    endloop
  endfacet
  facet normal -9.758624e-01 0.000000e+00 2.183863e-01
    outer loop
      vertex   -1.511633e+01 3.000000e+00 5.152460e+00
      vertex   -1.511633e+01 0.000000e+00 5.152460e+00
      vertex   -1.506019e+01 3.000000e+00 5.403352e+00
    endloop
  endfacet
  facet normal -9.758624e-01 0.000000e+00 2.183863e-01
    outer loop
      vertex   -1.506019e+01 3.000000e+00 5.403352e+00
      vertex   -1.511633e+01 0.000000e+00 5.152460e+00
      vertex   -1.506019e+01 0.000000e+00 5.403352e+00
    endloop
  endfacet
  facet normal -0.000000e+00 1.000000e+00 0.000000e+00
    outer loop
      vertex   -1.489670e+01 3.000000e+00 4.430848e+00
      vertex   -1.298177e+01 3.000000e+00 6.128151e+00
      vertex   -1.471029e+01 3.000000e+00 4.253781e+00
    endloop
  endfacet
  facet normal 0.000000e+00 1.000000e+00 0.000000e+00
    outer loop
      vertex   -1.471029e+01 3.000000e+00 4.253781e+00
      vertex   -1.298177e+01 3.000000e+00 6.128151e+00
      vertex   -1.275571e+01 3.000000e+00 6.138573e+00
    endloop
  endfacet
  facet normal -0.000000e+00 1.000000e+00 0.000000e+00
    outer loop
      vertex   -1.471029e+01 3.000000e+00 4.253781e+00
      vertex   -1.275571e+01 3.000000e+00 6.138573e+00
      vertex   -1.355960e+01 3.000000e+00 3.413365e+00
    endloop
  endfacet
  facet normal 0.000000e+00 1.000000e+00 0.000000e+00
    outer loop
      vertex   -1.355960e+01 3.000000e+00 3.413365e+00
      vertex   -1.275571e+01 3.000000e+00 6.138573e+00
      vertex   -1.253779e+01 3.000000e+00 6.199555e+00
    endloop
  endfacet
  facet normal -0.000000e+00 1.000000e+00 0.000000e+00
    outer loop
      vertex   -1.355960e+01 3.000000e+00 3.413365e+00
      vertex   -1.253779e+01 3.000000e+00 6.199555e+00
      vertex   -1.348954e+01 3.000000e+00 3.357208e+00
    endloop
  endfacet
  facet normal -0.000000e+00 1.000000e+00 0.000000e+00
    outer loop
      vertex   -1.348954e+01 3.000000e+00 3.357208e+00
      vertex   -1.253779e+01 3.000000e+00 6.199555e+00
      vertex   -1.342480e+01 3.000000e+00 3.294994e+00
    endloop
  endfacet
  facet normal -0.000000e+00 1.000000e+00 0.000000e+00
    outer loop
      vertex   -1.342480e+01 3.000000e+00 3.294994e+00
      vertex   -1.253779e+01 3.000000e+00 6.199555e+00
      vertex   -1.336591e+01 3.000000e+00 3.227224e+00
    endloop
  endfacet
  facet normal 0.000000e+00 1.000000e+00 0.000000e+00
    outer loop
      vertex   -1.336591e+01 3.000000e+00 3.227224e+00
      vertex   -1.253779e+01 3.000000e+00 6.199555e+00
      vertex   -1.233915e+01 3.000000e+00 6.307975e+00
    endloop
  endfacet
  facet normal -0.000000e+00 1.000000e+00 0.000000e+00
    outer loop
      vertex   -1.336591e+01 3.000000e+00 3.227224e+00
      vertex   -1.233915e+01 3.000000e+00 6.307975e+00
      vertex   -2.078173e+00 3.000000e+00 2.163607e+00
    endloop
  endfacet
  facet normal 0.000000e+00 1.000000e+00 0.000000e+00
    outer loop
      vertex   -2.078173e+00 3.000000e+00 2.163607e+00
      vertex   -1.233915e+01 3.000000e+00 6.307975e+00
      vertex   -1.216998e+01 3.000000e+00 6.458281e+00
    endloop
  endfacet
  facet normal 0.000000e+00 1.000000e+00 -0.000000e+00
    outer loop
      vertex   -2.078173e+00 3.000000e+00 2.163607e+00
      vertex   -1.216998e+01 3.000000e+00 6.458281e+00
      vertex   -1.704194e+00 3.000000e+00 2.468952e+00
    endloop
  endfacet
  facet normal 0.000000e+00 1.000000e+00 0.000000e+00
    outer loop
      vertex   -1.704194e+00 3.000000e+00 2.468952e+00
      vertex   -1.216998e+01 3.000000e+00 6.458281e+00
      vertex   -1.203894e+01 3.000000e+00 6.642775e+00
    endloop
  endfacet
  facet normal 0.000000e+00 1.000000e+00 -0.000000e+00
    outer loop
      vertex   -1.704194e+00 3.000000e+00 2.468952e+00
      vertex   -1.203894e+01 3.000000e+00 6.642775e+00
      vertex   -1.286078e+00 3.000000e+00 2.710351e+00
    endloop
  endfacet
  facet normal 0.000000e+00 1.000000e+00 0.000000e+00
    outer loop
      vertex   -1.286078e+00 3.000000e+00 2.710351e+00
      vertex   -1.203894e+01 3.000000e+00 6.642775e+00
      vertex   -1.203586e+01 3.000000e+00 6.648348e+00
    endloop
  endfacet
  facet normal 0.000000e+00 1.000000e+00 0.000000e+00
    outer loop
      vertex   -1.286078e+00 3.000000e+00 2.710351e+00
      vertex   -1.203586e+01 3.000000e+00 6.648348e+00
      vertex   -1.203278e+01 3.000000e+00 6.653921e+00
    endloop
  endfacet
  facet normal 0.000000e+00 1.000000e+00 -0.000000e+00
    outer loop
      vertex   -1.489670e+01 3.000000e+00 4.430848e+00
      vertex   -1.503179e+01 3.000000e+00 4.649589e+00
      vertex   -1.298177e+01 3.000000e+00 6.128151e+00
    endloop
  endfacet
  facet normal 0.000000e+00 1.000000e+00 0.000000e+00
    outer loop
      vertex   -1.298177e+01 3.000000e+00 6.128151e+00
      vertex   -1.503179e+01 3.000000e+00 4.649589e+00
      vertex   -1.510665e+01 3.000000e+00 4.895545e+00
    endloop
  endfacet
  facet normal 0.000000e+00 1.000000e+00 0.000000e+00
    outer loop
      vertex   -1.298177e+01 3.000000e+00 6.128151e+00
      vertex   -1.510665e+01 3.000000e+00 4.895545e+00
      vertex   -1.511633e+01 3.000000e+00 5.152460e+00
    endloop
  endfacet
  facet normal 0.000000e+00 1.000000e+00 0.000000e+00
    outer loop
      vertex   -1.511633e+01 3.000000e+00 5.152460e+00
      vertex   -1.506019e+01 3.000000e+00 5.403352e+00
      vertex   -1.298177e+01 3.000000e+00 6.128151e+00
    endloop
  endfacet
  facet normal 0.000000e+00 1.000000e+00 0.000000e+00
    outer loop
      vertex   -1.298177e+01 3.000000e+00 6.128151e+00
      vertex   -1.506019e+01 3.000000e+00 5.403352e+00
      vertex   -1.500998e+01 3.000000e+00 5.541293e+00
    endloop
  endfacet
  facet normal 0.000000e+00 1.000000e+00 0.000000e+00
    outer loop
      vertex   -1.298177e+01 3.000000e+00 6.128151e+00
      vertex   -1.500998e+01 3.000000e+00 5.541293e+00
      vertex   -1.489172e+01 3.000000e+00 5.769577e+00
    endloop
  endfacet
  facet normal 0.000000e+00 1.000000e+00 0.000000e+00
    outer loop
      vertex   -1.298177e+01 3.000000e+00 6.128151e+00
      vertex   -1.489172e+01 3.000000e+00 5.769577e+00
      vertex   -1.400301e+01 3.000000e+00 6.197007e+00
    endloop
  endfacet
  facet normal 0.000000e+00 1.000000e+00 0.000000e+00
    outer loop
      vertex   -1.400301e+01 3.000000e+00 6.197007e+00
      vertex   -1.489172e+01 3.000000e+00 5.769577e+00
      vertex   -1.471916e+01 3.000000e+00 5.960165e+00
    endloop
  endfacet
  facet normal 0.000000e+00 1.000000e+00 0.000000e+00
    outer loop
      vertex   -1.400301e+01 3.000000e+00 6.197007e+00
      vertex   -1.471916e+01 3.000000e+00 5.960165e+00
      vertex   -1.450372e+01 3.000000e+00 6.100458e+00
    endloop
  endfacet
  facet normal 0.000000e+00 1.000000e+00 0.000000e+00
    outer loop
      vertex   -1.450372e+01 3.000000e+00 6.100458e+00
      vertex   -1.425962e+01 3.000000e+00 6.181185e+00
      vertex   -1.400301e+01 3.000000e+00 6.197007e+00
    endloop
  endfacet
  facet normal -0.000000e+00 1.000000e+00 0.000000e+00
    outer loop
      vertex   -1.203278e+01 3.000000e+00 6.653921e+00
      vertex   -1.202970e+01 3.000000e+00 6.659491e+00
      vertex   -1.286078e+00 3.000000e+00 2.710351e+00
    endloop
  endfacet
  facet normal 0.000000e+00 1.000000e+00 0.000000e+00
    outer loop
      vertex   -1.286078e+00 3.000000e+00 2.710351e+00
      vertex   -1.202970e+01 3.000000e+00 6.659491e+00
      vertex   -1.194320e+01 3.000000e+00 6.868606e+00
    endloop
  endfacet
  facet normal 0.000000e+00 1.000000e+00 -0.000000e+00
    outer loop
      vertex   -1.286078e+00 3.000000e+00 2.710351e+00
      vertex   -1.194320e+01 3.000000e+00 6.868606e+00
      vertex   -8.346524e-01 3.000000e+00 2.881554e+00
    endloop
  endfacet
  facet normal 0.000000e+00 1.000000e+00 0.000000e+00
    outer loop
      vertex   -8.346524e-01 3.000000e+00 2.881554e+00
      vertex   -1.194320e+01 3.000000e+00 6.868606e+00
      vertex   -1.190594e+01 3.000000e+00 7.091814e+00
    endloop
  endfacet
  facet normal 0.000000e+00 1.000000e+00 0.000000e+00
    outer loop
      vertex   -8.346524e-01 3.000000e+00 2.881554e+00
      vertex   -1.190594e+01 3.000000e+00 7.091814e+00
      vertex   -9.603284e+00 3.000000e+00 9.879008e+00
    endloop
  endfacet
  facet normal 0.000000e+00 1.000000e+00 0.000000e+00
    outer loop
      vertex   -9.603284e+00 3.000000e+00 9.879008e+00
      vertex   -1.190594e+01 3.000000e+00 7.091814e+00
      vertex   -9.810394e+00 3.000000e+00 9.787819e+00
    endloop
  endfacet
  facet normal 0.000000e+00 1.000000e+00 0.000000e+00
    outer loop
      vertex   -9.810394e+00 3.000000e+00 9.787819e+00
      vertex   -1.190594e+01 3.000000e+00 7.091814e+00
      vertex   -1.191982e+01 3.000000e+00 7.317685e+00
    endloop
  endfacet
  facet normal 0.000000e+00 1.000000e+00 0.000000e+00
    outer loop
      vertex   -9.810394e+00 3.000000e+00 9.787819e+00
      vertex   -1.191982e+01 3.000000e+00 7.317685e+00
      vertex   -1.198413e+01 3.000000e+00 7.534652e+00
    endloop
  endfacet
  facet normal 0.000000e+00 1.000000e+00 0.000000e+00
    outer loop
      vertex   -9.810394e+00 3.000000e+00 9.787819e+00
      vertex   -1.198413e+01 3.000000e+00 7.534652e+00
      vertex   -1.003271e+01 3.000000e+00 9.745532e+00
    endloop
  endfacet
  facet normal 0.000000e+00 1.000000e+00 0.000000e+00
    outer loop
      vertex   -1.003271e+01 3.000000e+00 9.745532e+00
      vertex   -1.198413e+01 3.000000e+00 7.534652e+00
      vertex   -1.209557e+01 3.000000e+00 7.731605e+00
    endloop
  endfacet
  facet normal 0.000000e+00 1.000000e+00 0.000000e+00
    outer loop
      vertex   -1.003271e+01 3.000000e+00 9.745532e+00
      vertex   -1.209557e+01 3.000000e+00 7.731605e+00
      vertex   -1.025883e+01 3.000000e+00 9.754313e+00
    endloop
  endfacet
  facet normal 0.000000e+00 1.000000e+00 0.000000e+00
    outer loop
      vertex   -1.025883e+01 3.000000e+00 9.754313e+00
      vertex   -1.209557e+01 3.000000e+00 7.731605e+00
      vertex   -1.269721e+01 3.000000e+00 8.559685e+00
    endloop
  endfacet
  facet normal 0.000000e+00 1.000000e+00 0.000000e+00
    outer loop
      vertex   -1.025883e+01 3.000000e+00 9.754313e+00
      vertex   -1.269721e+01 3.000000e+00 8.559685e+00
      vertex   -1.047719e+01 3.000000e+00 9.813713e+00
    endloop
  endfacet
  facet normal 0.000000e+00 1.000000e+00 0.000000e+00
    outer loop
      vertex   -1.047719e+01 3.000000e+00 9.813713e+00
      vertex   -1.269721e+01 3.000000e+00 8.559685e+00
      vertex   -1.282034e+01 3.000000e+00 8.785381e+00
    endloop
  endfacet
  facet normal 0.000000e+00 1.000000e+00 0.000000e+00
    outer loop
      vertex   -1.047719e+01 3.000000e+00 9.813713e+00
      vertex   -1.282034e+01 3.000000e+00 8.785381e+00
      vertex   -1.288185e+01 3.000000e+00 9.035011e+00
    endloop
  endfacet
  facet normal 0.000000e+00 1.000000e+00 0.000000e+00
    outer loop
      vertex   -1.288185e+01 3.000000e+00 9.035011e+00
      vertex   -1.287768e+01 3.000000e+00 9.292074e+00
      vertex   -1.047719e+01 3.000000e+00 9.813713e+00
    endloop
  endfacet
  facet normal 0.000000e+00 1.000000e+00 0.000000e+00
    outer loop
      vertex   -1.047719e+01 3.000000e+00 9.813713e+00
      vertex   -1.287768e+01 3.000000e+00 9.292074e+00
      vertex   -1.280811e+01 3.000000e+00 9.539579e+00
    endloop
  endfacet
  facet normal 0.000000e+00 1.000000e+00 0.000000e+00
    outer loop
      vertex   -1.047719e+01 3.000000e+00 9.813713e+00
      vertex   -1.280811e+01 3.000000e+00 9.539579e+00
      vertex   -1.267774e+01 3.000000e+00 9.761167e+00
    endloop
  endfacet
  facet normal 0.000000e+00 1.000000e+00 0.000000e+00
    outer loop
      vertex   -1.047719e+01 3.000000e+00 9.813713e+00
      vertex   -1.267774e+01 3.000000e+00 9.761167e+00
      vertex   -1.142813e+01 3.000000e+00 1.019241e+01
    endloop
  endfacet
  facet normal 0.000000e+00 1.000000e+00 0.000000e+00
    outer loop
      vertex   -1.142813e+01 3.000000e+00 1.019241e+01
      vertex   -1.267774e+01 3.000000e+00 9.761167e+00
      vertex   -1.258765e+01 3.000000e+00 9.877067e+00
    endloop
  endfacet
  facet normal 0.000000e+00 1.000000e+00 0.000000e+00
    outer loop
      vertex   -1.142813e+01 3.000000e+00 1.019241e+01
      vertex   -1.258765e+01 3.000000e+00 9.877067e+00
      vertex   -1.240509e+01 3.000000e+00 1.005809e+01
    endloop
  endfacet
  facet normal 0.000000e+00 1.000000e+00 0.000000e+00
    outer loop
      vertex   -1.240509e+01 3.000000e+00 1.005809e+01
      vertex   -1.218240e+01 3.000000e+00 1.018658e+01
      vertex   -1.142813e+01 3.000000e+00 1.019241e+01
    endloop
  endfacet
  facet normal 0.000000e+00 1.000000e+00 0.000000e+00
    outer loop
      vertex   -1.142813e+01 3.000000e+00 1.019241e+01
      vertex   -1.218240e+01 3.000000e+00 1.018658e+01
      vertex   -1.193432e+01 3.000000e+00 1.025405e+01
    endloop
  endfacet
  facet normal 0.000000e+00 1.000000e+00 0.000000e+00
    outer loop
      vertex   -1.142813e+01 3.000000e+00 1.019241e+01
      vertex   -1.193432e+01 3.000000e+00 1.025405e+01
      vertex   -1.167723e+01 3.000000e+00 1.025604e+01
    endloop
  endfacet
  facet normal -0.000000e+00 1.000000e+00 0.000000e+00
    outer loop
      vertex   -9.603284e+00 3.000000e+00 9.879008e+00
      vertex   -9.421979e+00 3.000000e+00 1.001443e+01
      vertex   -8.346524e-01 3.000000e+00 2.881554e+00
    endloop
  endfacet
  facet normal 0.000000e+00 1.000000e+00 -0.000000e+00
    outer loop
      vertex   -8.346524e-01 3.000000e+00 2.881554e+00
      vertex   -9.421979e+00 3.000000e+00 1.001443e+01
      vertex   -3.616100e-01 3.000000e+00 2.978127e+00
    endloop
  endfacet
  facet normal 0.000000e+00 1.000000e+00 0.000000e+00
    outer loop
      vertex   -3.616100e-01 3.000000e+00 2.978127e+00
      vertex   -9.421979e+00 3.000000e+00 1.001443e+01
      vertex   -9.417341e+00 3.000000e+00 1.001879e+01
    endloop
  endfacet
  facet normal 0.000000e+00 1.000000e+00 0.000000e+00
    outer loop
      vertex   -3.616100e-01 3.000000e+00 2.978127e+00
      vertex   -9.417341e+00 3.000000e+00 1.001879e+01
      vertex   -9.412701e+00 3.000000e+00 1.002315e+01
    endloop
  endfacet
  facet normal -0.000000e+00 1.000000e+00 0.000000e+00
    outer loop
      vertex   -9.412701e+00 3.000000e+00 1.002315e+01
      vertex   -9.408059e+00 3.000000e+00 1.002751e+01
      vertex   -3.616100e-01 3.000000e+00 2.978127e+00
    endloop
  endfacet
  facet normal 0.000000e+00 1.000000e+00 0.000000e+00
    outer loop
      vertex   -3.616100e-01 3.000000e+00 2.978127e+00
      vertex   -9.408059e+00 3.000000e+00 1.002751e+01
      vertex   -9.261606e+00 3.000000e+00 1.020002e+01
    endloop
  endfacet
  facet normal 0.000000e+00 1.000000e+00 0.000000e+00
    outer loop
      vertex   -3.616100e-01 3.000000e+00 2.978127e+00
      vertex   -9.261606e+00 3.000000e+00 1.020002e+01
      vertex   -5.897194e+00 3.000000e+00 1.242118e+01
    endloop
  endfacet
  facet normal 0.000000e+00 1.000000e+00 0.000000e+00
    outer loop
      vertex   -5.897194e+00 3.000000e+00 1.242118e+01
      vertex   -9.261606e+00 3.000000e+00 1.020002e+01
      vertex   -6.111290e+00 3.000000e+00 1.234787e+01
    endloop
  endfacet
  facet normal 0.000000e+00 1.000000e+00 0.000000e+00
    outer loop
      vertex   -6.111290e+00 3.000000e+00 1.234787e+01
      vertex   -9.261606e+00 3.000000e+00 1.020002e+01
      vertex   -9.157693e+00 3.000000e+00 1.040105e+01
    endloop
  endfacet
  facet normal 0.000000e+00 1.000000e+00 0.000000e+00
    outer loop
      vertex   -6.111290e+00 3.000000e+00 1.234787e+01
      vertex   -9.157693e+00 3.000000e+00 1.040105e+01
      vertex   -9.101640e+00 3.000000e+00 1.062030e+01
    endloop
  endfacet
  facet normal 0.000000e+00 1.000000e+00 0.000000e+00
    outer loop
      vertex   -6.111290e+00 3.000000e+00 1.234787e+01
      vertex   -9.101640e+00 3.000000e+00 1.062030e+01
      vertex   -6.336386e+00 3.000000e+00 1.232459e+01
    endloop
  endfacet
  facet normal 0.000000e+00 1.000000e+00 0.000000e+00
    outer loop
      vertex   -6.336386e+00 3.000000e+00 1.232459e+01
      vertex   -9.101640e+00 3.000000e+00 1.062030e+01
      vertex   -9.096318e+00 3.000000e+00 1.084653e+01
    endloop
  endfacet
  facet normal 0.000000e+00 1.000000e+00 0.000000e+00
    outer loop
      vertex   -6.336386e+00 3.000000e+00 1.232459e+01
      vertex   -9.096318e+00 3.000000e+00 1.084653e+01
      vertex   -6.560954e+00 3.000000e+00 1.235251e+01
    endloop
  endfacet
  facet normal 0.000000e+00 1.000000e+00 0.000000e+00
    outer loop
      vertex   -6.560954e+00 3.000000e+00 1.235251e+01
      vertex   -9.096318e+00 3.000000e+00 1.084653e+01
      vertex   -9.142000e+00 3.000000e+00 1.106817e+01
    endloop
  endfacet
  facet normal 0.000000e+00 1.000000e+00 0.000000e+00
    outer loop
      vertex   -6.560954e+00 3.000000e+00 1.235251e+01
      vertex   -9.142000e+00 3.000000e+00 1.106817e+01
      vertex   -6.773494e+00 3.000000e+00 1.243021e+01
    endloop
  endfacet
  facet normal 0.000000e+00 1.000000e+00 0.000000e+00
    outer loop
      vertex   -6.773494e+00 3.000000e+00 1.243021e+01
      vertex   -9.142000e+00 3.000000e+00 1.106817e+01
      vertex   -9.460727e+00 3.000000e+00 1.204085e+01
    endloop
  endfacet
  facet normal 0.000000e+00 1.000000e+00 0.000000e+00
    outer loop
      vertex   -6.773494e+00 3.000000e+00 1.243021e+01
      vertex   -9.460727e+00 3.000000e+00 1.204085e+01
      vertex   -6.963122e+00 3.000000e+00 1.255370e+01
    endloop
  endfacet
  facet normal 0.000000e+00 1.000000e+00 0.000000e+00
    outer loop
      vertex   -6.963122e+00 3.000000e+00 1.255370e+01
      vertex   -9.460727e+00 3.000000e+00 1.204085e+01
      vertex   -9.508713e+00 3.000000e+00 1.229343e+01
    endloop
  endfacet
  facet normal 0.000000e+00 1.000000e+00 0.000000e+00
    outer loop
      vertex   -6.963122e+00 3.000000e+00 1.255370e+01
      vertex   -9.508713e+00 3.000000e+00 1.229343e+01
      vertex   -9.490716e+00 3.000000e+00 1.254989e+01
    endloop
  endfacet
  facet normal 0.000000e+00 1.000000e+00 0.000000e+00
    outer loop
      vertex   -6.963122e+00 3.000000e+00 1.255370e+01
      vertex   -9.490716e+00 3.000000e+00 1.254989e+01
      vertex   -7.752116e+00 3.000000e+00 1.320576e+01
    endloop
  endfacet
  facet normal 0.000000e+00 1.000000e+00 0.000000e+00
    outer loop
      vertex   -7.752116e+00 3.000000e+00 1.320576e+01
      vertex   -9.490716e+00 3.000000e+00 1.254989e+01
      vertex   -9.407923e+00 3.000000e+00 1.279329e+01
    endloop
  endfacet
  facet normal 0.000000e+00 1.000000e+00 0.000000e+00
    outer loop
      vertex   -7.752116e+00 3.000000e+00 1.320576e+01
      vertex   -9.407923e+00 3.000000e+00 1.279329e+01
      vertex   -9.265808e+00 3.000000e+00 1.300754e+01
    endloop
  endfacet
  facet normal 0.000000e+00 1.000000e+00 0.000000e+00
    outer loop
      vertex   -9.265808e+00 3.000000e+00 1.300754e+01
      vertex   -9.073764e+00 3.000000e+00 1.317847e+01
      vertex   -7.752116e+00 3.000000e+00 1.320576e+01
    endloop
  endfacet
  facet normal 0.000000e+00 1.000000e+00 0.000000e+00
    outer loop
      vertex   -7.752116e+00 3.000000e+00 1.320576e+01
      vertex   -9.073764e+00 3.000000e+00 1.317847e+01
      vertex   -8.952477e+00 3.000000e+00 1.326117e+01
    endloop
  endfacet
  facet normal 0.000000e+00 1.000000e+00 0.000000e+00
    outer loop
      vertex   -7.752116e+00 3.000000e+00 1.320576e+01
      vertex   -8.952477e+00 3.000000e+00 1.326117e+01
      vertex   -7.969704e+00 3.000000e+00 1.334270e+01
    endloop
  endfacet
  facet normal 0.000000e+00 1.000000e+00 0.000000e+00
    outer loop
      vertex   -7.969704e+00 3.000000e+00 1.334270e+01
      vertex   -8.952477e+00 3.000000e+00 1.326117e+01
      vertex   -8.723199e+00 3.000000e+00 1.337749e+01
    endloop
  endfacet
  facet normal 0.000000e+00 1.000000e+00 0.000000e+00
    outer loop
      vertex   -7.969704e+00 3.000000e+00 1.334270e+01
      vertex   -8.723199e+00 3.000000e+00 1.337749e+01
      vertex   -8.215017e+00 3.000000e+00 1.341965e+01
    endloop
  endfacet
  facet normal 0.000000e+00 1.000000e+00 0.000000e+00
    outer loop
      vertex   -8.215017e+00 3.000000e+00 1.341965e+01
      vertex   -8.723199e+00 3.000000e+00 1.337749e+01
      vertex   -8.471841e+00 3.000000e+00 1.343150e+01
    endloop
  endfacet
  facet normal 0.000000e+00 1.000000e+00 -0.000000e+00
    outer loop
      vertex   -3.616100e-01 3.000000e+00 2.978127e+00
      vertex   -5.897194e+00 3.000000e+00 1.242118e+01
      vertex   1.207978e-01 3.000000e+00 2.997567e+00
    endloop
  endfacet
  facet normal 0.000000e+00 1.000000e+00 0.000000e+00
    outer loop
      vertex   1.207978e-01 3.000000e+00 2.997567e+00
      vertex   -5.897194e+00 3.000000e+00 1.242118e+01
      vertex   -5.891442e+00 3.000000e+00 1.242390e+01
    endloop
  endfacet
  facet normal 0.000000e+00 1.000000e+00 0.000000e+00
    outer loop
      vertex   1.207978e-01 3.000000e+00 2.997567e+00
      vertex   -5.891442e+00 3.000000e+00 1.242390e+01
      vertex   -5.885689e+00 3.000000e+00 1.242663e+01
    endloop
  endfacet
  facet normal -0.000000e+00 1.000000e+00 0.000000e+00
    outer loop
      vertex   -5.885689e+00 3.000000e+00 1.242663e+01
      vertex   -5.879935e+00 3.000000e+00 1.242936e+01
      vertex   1.207978e-01 3.000000e+00 2.997567e+00
    endloop
  endfacet
  facet normal 0.000000e+00 1.000000e+00 0.000000e+00
    outer loop
      vertex   1.207978e-01 3.000000e+00 2.997567e+00
      vertex   -5.879935e+00 3.000000e+00 1.242936e+01
      vertex   -1.804203e+00 3.000000e+00 1.363112e+01
    endloop
  endfacet
  facet normal 0.000000e+00 1.000000e+00 -0.000000e+00
    outer loop
      vertex   1.207978e-01 3.000000e+00 2.997567e+00
      vertex   -1.804203e+00 3.000000e+00 1.363112e+01
      vertex   2.481415e+00 3.000000e+00 1.352424e+01
    endloop
  endfacet
  facet normal 0.000000e+00 1.000000e+00 0.000000e+00
    outer loop
      vertex   2.481415e+00 3.000000e+00 1.352424e+01
      vertex   -1.804203e+00 3.000000e+00 1.363112e+01
      vertex   2.475153e+00 3.000000e+00 1.352539e+01
    endloop
  endfacet
  facet normal 0.000000e+00 1.000000e+00 0.000000e+00
    outer loop
      vertex   2.475153e+00 3.000000e+00 1.352539e+01
      vertex   -1.804203e+00 3.000000e+00 1.363112e+01
      vertex   2.468890e+00 3.000000e+00 1.352653e+01
    endloop
  endfacet
  facet normal 0.000000e+00 1.000000e+00 0.000000e+00
    outer loop
      vertex   2.468890e+00 3.000000e+00 1.352653e+01
      vertex   -1.804203e+00 3.000000e+00 1.363112e+01
      vertex   2.462627e+00 3.000000e+00 1.352767e+01
    endloop
  endfacet
  facet normal 0.000000e+00 1.000000e+00 0.000000e+00
    outer loop
      vertex   2.462627e+00 3.000000e+00 1.352767e+01
      vertex   -1.804203e+00 3.000000e+00 1.363112e+01
      vertex   -1.797891e+00 3.000000e+00 1.363195e+01
    endloop
  endfacet
  facet normal 0.000000e+00 1.000000e+00 0.000000e+00
    outer loop
      vertex   2.462627e+00 3.000000e+00 1.352767e+01
      vertex   -1.797891e+00 3.000000e+00 1.363195e+01
      vertex   -1.791579e+00 3.000000e+00 1.363278e+01
    endloop
  endfacet
  facet normal 0.000000e+00 1.000000e+00 0.000000e+00
    outer loop
      vertex   -5.879935e+00 3.000000e+00 1.242936e+01
      vertex   -5.687636e+00 3.000000e+00 1.254865e+01
      vertex   -1.804203e+00 3.000000e+00 1.363112e+01
    endloop
  endfacet
  facet normal 0.000000e+00 1.000000e+00 0.000000e+00
    outer loop
      vertex   -1.804203e+00 3.000000e+00 1.363112e+01
      vertex   -5.687636e+00 3.000000e+00 1.254865e+01
      vertex   -2.030462e+00 3.000000e+00 1.362700e+01
    endloop
  endfacet
  facet normal 0.000000e+00 1.000000e+00 0.000000e+00
    outer loop
      vertex   -2.030462e+00 3.000000e+00 1.362700e+01
      vertex   -5.687636e+00 3.000000e+00 1.254865e+01
      vertex   -5.527084e+00 3.000000e+00 1.270813e+01
    endloop
  endfacet
  facet normal 0.000000e+00 1.000000e+00 0.000000e+00
    outer loop
      vertex   -2.030462e+00 3.000000e+00 1.362700e+01
      vertex   -5.527084e+00 3.000000e+00 1.270813e+01
      vertex   -2.251855e+00 3.000000e+00 1.367386e+01
    endloop
  endfacet
  facet normal 0.000000e+00 1.000000e+00 0.000000e+00
    outer loop
      vertex   -2.251855e+00 3.000000e+00 1.367386e+01
      vertex   -5.527084e+00 3.000000e+00 1.270813e+01
      vertex   -5.406501e+00 3.000000e+00 1.289962e+01
    endloop
  endfacet
  facet normal 0.000000e+00 1.000000e+00 0.000000e+00
    outer loop
      vertex   -2.251855e+00 3.000000e+00 1.367386e+01
      vertex   -5.406501e+00 3.000000e+00 1.289962e+01
      vertex   -5.332062e+00 3.000000e+00 1.311333e+01
    endloop
  endfacet
  facet normal 0.000000e+00 1.000000e+00 0.000000e+00
    outer loop
      vertex   -2.251855e+00 3.000000e+00 1.367386e+01
      vertex   -5.332062e+00 3.000000e+00 1.311333e+01
      vertex   -2.457042e+00 3.000000e+00 1.376930e+01
    endloop
  endfacet
  facet normal 0.000000e+00 1.000000e+00 0.000000e+00
    outer loop
      vertex   -2.457042e+00 3.000000e+00 1.376930e+01
      vertex   -5.332062e+00 3.000000e+00 1.311333e+01
      vertex   -5.307579e+00 3.000000e+00 1.333830e+01
    endloop
  endfacet
  facet normal 0.000000e+00 1.000000e+00 0.000000e+00
    outer loop
      vertex   -2.457042e+00 3.000000e+00 1.376930e+01
      vertex   -5.307579e+00 3.000000e+00 1.333830e+01
      vertex   -2.635517e+00 3.000000e+00 1.390843e+01
    endloop
  endfacet
  facet normal 0.000000e+00 1.000000e+00 0.000000e+00
    outer loop
      vertex   -2.635517e+00 3.000000e+00 1.390843e+01
      vertex   -5.307579e+00 3.000000e+00 1.333830e+01
      vertex   -2.778140e+00 3.000000e+00 1.408412e+01
    endloop
  endfacet
  facet normal 0.000000e+00 1.000000e+00 0.000000e+00
    outer loop
      vertex   -2.778140e+00 3.000000e+00 1.408412e+01
      vertex   -5.307579e+00 3.000000e+00 1.333830e+01
      vertex   -5.312685e+00 3.000000e+00 1.436185e+01
    endloop
  endfacet
  facet normal 0.000000e+00 1.000000e+00 0.000000e+00
    outer loop
      vertex   -2.778140e+00 3.000000e+00 1.408412e+01
      vertex   -5.312685e+00 3.000000e+00 1.436185e+01
      vertex   -3.329174e+00 3.000000e+00 1.494670e+01
    endloop
  endfacet
  facet normal 0.000000e+00 1.000000e+00 0.000000e+00
    outer loop
      vertex   -3.329174e+00 3.000000e+00 1.494670e+01
      vertex   -5.312685e+00 3.000000e+00 1.436185e+01
      vertex   -5.280908e+00 3.000000e+00 1.461697e+01
    endloop
  endfacet
  facet normal 0.000000e+00 1.000000e+00 0.000000e+00
    outer loop
      vertex   -3.329174e+00 3.000000e+00 1.494670e+01
      vertex   -5.280908e+00 3.000000e+00 1.461697e+01
      vertex   -5.185133e+00 3.000000e+00 1.485557e+01
    endloop
  endfacet
  facet normal 0.000000e+00 1.000000e+00 0.000000e+00
    outer loop
      vertex   -5.185133e+00 3.000000e+00 1.485557e+01
      vertex   -5.031691e+00 3.000000e+00 1.506185e+01
      vertex   -3.329174e+00 3.000000e+00 1.494670e+01
    endloop
  endfacet
  facet normal 0.000000e+00 1.000000e+00 0.000000e+00
    outer loop
      vertex   -3.329174e+00 3.000000e+00 1.494670e+01
      vertex   -5.031691e+00 3.000000e+00 1.506185e+01
      vertex   -4.830725e+00 3.000000e+00 1.522220e+01
    endloop
  endfacet
  facet normal 0.000000e+00 1.000000e+00 0.000000e+00
    outer loop
      vertex   -3.329174e+00 3.000000e+00 1.494670e+01
      vertex   -4.830725e+00 3.000000e+00 1.522220e+01
      vertex   -3.494286e+00 3.000000e+00 1.514377e+01
    endloop
  endfacet
  facet normal 0.000000e+00 1.000000e+00 0.000000e+00
    outer loop
      vertex   -3.494286e+00 3.000000e+00 1.514377e+01
      vertex   -4.830725e+00 3.000000e+00 1.522220e+01
      vertex   -4.595517e+00 3.000000e+00 1.532601e+01
    endloop
  endfacet
  facet normal 0.000000e+00 1.000000e+00 0.000000e+00
    outer loop
      vertex   -3.494286e+00 3.000000e+00 1.514377e+01
      vertex   -4.595517e+00 3.000000e+00 1.532601e+01
      vertex   -4.454716e+00 3.000000e+00 1.536753e+01
    endloop
  endfacet
  facet normal 0.000000e+00 1.000000e+00 0.000000e+00
    outer loop
      vertex   -4.200815e+00 3.000000e+00 1.540794e+01
      vertex   -3.945002e+00 3.000000e+00 1.538227e+01
      vertex   -4.454716e+00 3.000000e+00 1.536753e+01
    endloop
  endfacet
  facet normal -0.000000e+00 1.000000e+00 0.000000e+00
    outer loop
      vertex   -4.454716e+00 3.000000e+00 1.536753e+01
      vertex   -3.945002e+00 3.000000e+00 1.538227e+01
      vertex   -3.704186e+00 3.000000e+00 1.529224e+01
    endloop
  endfacet
  facet normal 0.000000e+00 1.000000e+00 0.000000e+00
    outer loop
      vertex   -4.454716e+00 3.000000e+00 1.536753e+01
      vertex   -3.704186e+00 3.000000e+00 1.529224e+01
      vertex   -3.494286e+00 3.000000e+00 1.514377e+01
    endloop
  endfacet
  facet normal -0.000000e+00 1.000000e+00 0.000000e+00
    outer loop
      vertex   -1.791579e+00 3.000000e+00 1.363278e+01
      vertex   -1.785267e+00 3.000000e+00 1.363361e+01
      vertex   2.462627e+00 3.000000e+00 1.352767e+01
    endloop
  endfacet
  facet normal 0.000000e+00 1.000000e+00 0.000000e+00
    outer loop
      vertex   2.462627e+00 3.000000e+00 1.352767e+01
      vertex   -1.785267e+00 3.000000e+00 1.363361e+01
      vertex   2.246004e+00 3.000000e+00 1.359313e+01
    endloop
  endfacet
  facet normal 0.000000e+00 1.000000e+00 0.000000e+00
    outer loop
      vertex   2.246004e+00 3.000000e+00 1.359313e+01
      vertex   -1.785267e+00 3.000000e+00 1.363361e+01
      vertex   -1.565650e+00 3.000000e+00 1.368819e+01
    endloop
  endfacet
  facet normal 0.000000e+00 1.000000e+00 0.000000e+00
    outer loop
      vertex   2.246004e+00 3.000000e+00 1.359313e+01
      vertex   -1.565650e+00 3.000000e+00 1.368819e+01
      vertex   2.049647e+00 3.000000e+00 1.370563e+01
    endloop
  endfacet
  facet normal 0.000000e+00 1.000000e+00 0.000000e+00
    outer loop
      vertex   2.049647e+00 3.000000e+00 1.370563e+01
      vertex   -1.565650e+00 3.000000e+00 1.368819e+01
      vertex   -1.363930e+00 3.000000e+00 1.379076e+01
    endloop
  endfacet
  facet normal 0.000000e+00 1.000000e+00 0.000000e+00
    outer loop
      vertex   2.049647e+00 3.000000e+00 1.370563e+01
      vertex   -1.363930e+00 3.000000e+00 1.379076e+01
      vertex   1.883610e+00 3.000000e+00 1.385939e+01
    endloop
  endfacet
  facet normal 0.000000e+00 1.000000e+00 0.000000e+00
    outer loop
      vertex   1.883610e+00 3.000000e+00 1.385939e+01
      vertex   -1.363930e+00 3.000000e+00 1.379076e+01
      vertex   -1.190435e+00 3.000000e+00 1.393605e+01
    endloop
  endfacet
  facet normal 0.000000e+00 1.000000e+00 0.000000e+00
    outer loop
      vertex   1.883610e+00 3.000000e+00 1.385939e+01
      vertex   -1.190435e+00 3.000000e+00 1.393605e+01
      vertex   1.756397e+00 3.000000e+00 1.404654e+01
    endloop
  endfacet
  facet normal 0.000000e+00 1.000000e+00 0.000000e+00
    outer loop
      vertex   1.756397e+00 3.000000e+00 1.404654e+01
      vertex   -1.190435e+00 3.000000e+00 1.393605e+01
      vertex   -1.054051e+00 3.000000e+00 1.411663e+01
    endloop
  endfacet
  facet normal 0.000000e+00 1.000000e+00 0.000000e+00
    outer loop
      vertex   1.756397e+00 3.000000e+00 1.404654e+01
      vertex   -1.054051e+00 3.000000e+00 1.411663e+01
      vertex   1.674522e+00 3.000000e+00 1.425751e+01
    endloop
  endfacet
  facet normal 0.000000e+00 1.000000e+00 0.000000e+00
    outer loop
      vertex   1.674522e+00 3.000000e+00 1.425751e+01
      vertex   -1.054051e+00 3.000000e+00 1.411663e+01
      vertex   -9.617622e-01 3.000000e+00 1.432325e+01
    endloop
  endfacet
  facet normal 0.000000e+00 1.000000e+00 0.000000e+00
    outer loop
      vertex   1.674522e+00 3.000000e+00 1.425751e+01
      vertex   -9.617622e-01 3.000000e+00 1.432325e+01
      vertex   1.414540e+00 3.000000e+00 1.524750e+01
    endloop
  endfacet
  facet normal 0.000000e+00 1.000000e+00 0.000000e+00
    outer loop
      vertex   1.414540e+00 3.000000e+00 1.524750e+01
      vertex   -9.617622e-01 3.000000e+00 1.432325e+01
      vertex   -6.527558e-01 3.000000e+00 1.529906e+01
    endloop
  endfacet
  facet normal 0.000000e+00 1.000000e+00 0.000000e+00
    outer loop
      vertex   1.414540e+00 3.000000e+00 1.524750e+01
      vertex   -6.527558e-01 3.000000e+00 1.529906e+01
      vertex   1.317814e+00 3.000000e+00 1.548571e+01
    endloop
  endfacet
  facet normal 0.000000e+00 1.000000e+00 0.000000e+00
    outer loop
      vertex   1.317814e+00 3.000000e+00 1.548571e+01
      vertex   -6.527558e-01 3.000000e+00 1.529906e+01
      vertex   -5.442766e-01 3.000000e+00 1.553215e+01
    endloop
  endfacet
  facet normal 0.000000e+00 1.000000e+00 0.000000e+00
    outer loop
      vertex   1.317814e+00 3.000000e+00 1.548571e+01
      vertex   -5.442766e-01 3.000000e+00 1.553215e+01
      vertex   1.163550e+00 3.000000e+00 1.569139e+01
    endloop
  endfacet
  facet normal 0.000000e+00 1.000000e+00 0.000000e+00
    outer loop
      vertex   1.163550e+00 3.000000e+00 1.569139e+01
      vertex   -5.442766e-01 3.000000e+00 1.553215e+01
      vertex   -3.799530e-01 3.000000e+00 1.572988e+01
    endloop
  endfacet
  facet normal 0.000000e+00 1.000000e+00 0.000000e+00
    outer loop
      vertex   1.163550e+00 3.000000e+00 1.569139e+01
      vertex   -3.799530e-01 3.000000e+00 1.572988e+01
      vertex   -1.706464e-01 3.000000e+00 1.587918e+01
    endloop
  endfacet
  facet normal -0.000000e+00 1.000000e+00 0.000000e+00
    outer loop
      vertex   -1.706464e-01 3.000000e+00 1.587918e+01
      vertex   6.980818e-02 3.000000e+00 1.597017e+01
      vertex   1.163550e+00 3.000000e+00 1.569139e+01
    endloop
  endfacet
  facet normal 0.000000e+00 1.000000e+00 0.000000e+00
    outer loop
      vertex   1.163550e+00 3.000000e+00 1.569139e+01
      vertex   6.980818e-02 3.000000e+00 1.597017e+01
      vertex   3.255169e-01 3.000000e+00 1.599686e+01
    endloop
  endfacet
  facet normal 0.000000e+00 1.000000e+00 0.000000e+00
    outer loop
      vertex   1.163550e+00 3.000000e+00 1.569139e+01
      vertex   3.255169e-01 3.000000e+00 1.599686e+01
      vertex   9.619459e-01 3.000000e+00 1.585093e+01
    endloop
  endfacet
  facet normal 0.000000e+00 1.000000e+00 0.000000e+00
    outer loop
      vertex   9.619459e-01 3.000000e+00 1.585093e+01
      vertex   3.255169e-01 3.000000e+00 1.599686e+01
      vertex   4.722652e-01 3.000000e+00 1.599320e+01
    endloop
  endfacet
  facet normal 0.000000e+00 1.000000e+00 0.000000e+00
    outer loop
      vertex   9.619459e-01 3.000000e+00 1.585093e+01
      vertex   4.722652e-01 3.000000e+00 1.599320e+01
      vertex   7.263261e-01 3.000000e+00 1.595380e+01
    endloop
  endfacet
  facet normal 0.000000e+00 1.000000e+00 0.000000e+00
    outer loop
      vertex   2.481415e+00 3.000000e+00 1.352424e+01
      vertex   2.707188e+00 3.000000e+00 1.350885e+01
      vertex   1.207978e-01 3.000000e+00 2.997567e+00
    endloop
  endfacet
  facet normal -0.000000e+00 1.000000e+00 0.000000e+00
    outer loop
      vertex   1.207978e-01 3.000000e+00 2.997567e+00
      vertex   2.707188e+00 3.000000e+00 1.350885e+01
      vertex   6.000771e-01 3.000000e+00 2.939372e+00
    endloop
  endfacet
  facet normal -0.000000e+00 1.000000e+00 0.000000e+00
    outer loop
      vertex   6.000771e-01 3.000000e+00 2.939372e+00
      vertex   2.707188e+00 3.000000e+00 1.350885e+01
      vertex   1.063815e+00 3.000000e+00 2.805049e+00
    endloop
  endfacet
  facet normal 0.000000e+00 1.000000e+00 0.000000e+00
    outer loop
      vertex   1.063815e+00 3.000000e+00 2.805049e+00
      vertex   2.707188e+00 3.000000e+00 1.350885e+01
      vertex   2.930641e+00 3.000000e+00 1.354461e+01
    endloop
  endfacet
  facet normal -0.000000e+00 1.000000e+00 0.000000e+00
    outer loop
      vertex   1.063815e+00 3.000000e+00 2.805049e+00
      vertex   2.930641e+00 3.000000e+00 1.354461e+01
      vertex   1.500000e+00 3.000000e+00 2.598076e+00
    endloop
  endfacet
  facet normal 0.000000e+00 1.000000e+00 0.000000e+00
    outer loop
      vertex   1.500000e+00 3.000000e+00 2.598076e+00
      vertex   2.930641e+00 3.000000e+00 1.354461e+01
      vertex   3.140331e+00 3.000000e+00 1.362971e+01
    endloop
  endfacet
  facet normal -0.000000e+00 1.000000e+00 0.000000e+00
    outer loop
      vertex   1.500000e+00 3.000000e+00 2.598076e+00
      vertex   3.140331e+00 3.000000e+00 1.362971e+01
      vertex   1.897336e+00 3.000000e+00 2.323815e+00
    endloop
  endfacet
  facet normal 0.000000e+00 1.000000e+00 0.000000e+00
    outer loop
      vertex   1.897336e+00 3.000000e+00 2.323815e+00
      vertex   3.140331e+00 3.000000e+00 1.362971e+01
      vertex   5.583484e+00 3.000000e+00 1.496249e+01
    endloop
  endfacet
  facet normal -0.000000e+00 1.000000e+00 0.000000e+00
    outer loop
      vertex   1.897336e+00 3.000000e+00 2.323815e+00
      vertex   5.583484e+00 3.000000e+00 1.496249e+01
      vertex   2.245532e+00 3.000000e+00 1.989368e+00
    endloop
  endfacet
  facet normal -0.000000e+00 1.000000e+00 0.000000e+00
    outer loop
      vertex   2.245532e+00 3.000000e+00 1.989368e+00
      vertex   5.583484e+00 3.000000e+00 1.496249e+01
      vertex   2.535570e+00 3.000000e+00 1.603397e+00
    endloop
  endfacet
  facet normal -0.000000e+00 1.000000e+00 0.000000e+00
    outer loop
      vertex   2.535570e+00 3.000000e+00 1.603397e+00
      vertex   5.583484e+00 3.000000e+00 1.496249e+01
      vertex   2.759938e+00 3.000000e+00 1.175900e+00
    endloop
  endfacet
  facet normal -0.000000e+00 1.000000e+00 0.000000e+00
    outer loop
      vertex   2.759938e+00 3.000000e+00 1.175900e+00
      vertex   5.583484e+00 3.000000e+00 1.496249e+01
      vertex   2.912825e+00 3.000000e+00 7.179470e-01
    endloop
  endfacet
  facet normal -0.000000e+00 1.000000e+00 0.000000e+00
    outer loop
      vertex   2.912825e+00 3.000000e+00 7.179470e-01
      vertex   5.583484e+00 3.000000e+00 1.496249e+01
      vertex   2.990272e+00 3.000000e+00 2.413997e-01
    endloop
  endfacet
  facet normal -0.000000e+00 1.000000e+00 0.000000e+00
    outer loop
      vertex   2.990272e+00 3.000000e+00 2.413997e-01
      vertex   5.583484e+00 3.000000e+00 1.496249e+01
      vertex   5.638462e+00 3.000000e+00 -1.320183e+01
    endloop
  endfacet
  facet normal 0.000000e+00 1.000000e+00 0.000000e+00
    outer loop
      vertex   2.990272e+00 3.000000e+00 2.413997e-01
      vertex   5.638462e+00 3.000000e+00 -1.320183e+01
      vertex   2.990272e+00 3.000000e+00 -2.413997e-01
    endloop
  endfacet
  facet normal 0.000000e+00 1.000000e+00 0.000000e+00
    outer loop
      vertex   2.990272e+00 3.000000e+00 -2.413997e-01
      vertex   5.638462e+00 3.000000e+00 -1.320183e+01
      vertex   2.912825e+00 3.000000e+00 -7.179470e-01
    endloop
  endfacet
  facet normal 0.000000e+00 1.000000e+00 0.000000e+00
    outer loop
      vertex   2.912825e+00 3.000000e+00 -7.179470e-01
      vertex   5.638462e+00 3.000000e+00 -1.320183e+01
      vertex   2.759938e+00 3.000000e+00 -1.175900e+00
    endloop
  endfacet
  facet normal 0.000000e+00 1.000000e+00 0.000000e+00
    outer loop
      vertex   2.759938e+00 3.000000e+00 -1.175900e+00
      vertex   5.638462e+00 3.000000e+00 -1.320183e+01
      vertex   2.535570e+00 3.000000e+00 -1.603397e+00
    endloop
  endfacet
  facet normal 0.000000e+00 1.000000e+00 0.000000e+00
    outer loop
      vertex   2.535570e+00 3.000000e+00 -1.603397e+00
      vertex   5.638462e+00 3.000000e+00 -1.320183e+01
      vertex   2.245532e+00 3.000000e+00 -1.989368e+00
    endloop
  endfacet
  facet normal 0.000000e+00 1.000000e+00 0.000000e+00
    outer loop
      vertex   2.245532e+00 3.000000e+00 -1.989368e+00
      vertex   5.638462e+00 3.000000e+00 -1.320183e+01
      vertex   1.897336e+00 3.000000e+00 -2.323815e+00
    endloop
  endfacet
  facet normal 0.000000e+00 1.000000e+00 0.000000e+00
    outer loop
      vertex   1.897336e+00 3.000000e+00 -2.323815e+00
      vertex   5.638462e+00 3.000000e+00 -1.320183e+01
      vertex   1.500000e+00 3.000000e+00 -2.598076e+00
    endloop
  endfacet
  facet normal 0.000000e+00 1.000000e+00 0.000000e+00
    outer loop
      vertex   1.500000e+00 3.000000e+00 -2.598076e+00
      vertex   5.638462e+00 3.000000e+00 -1.320183e+01
      vertex   1.063815e+00 3.000000e+00 -2.805049e+00
    endloop
  endfacet
  facet normal 0.000000e+00 1.000000e+00 0.000000e+00
    outer loop
      vertex   1.063815e+00 3.000000e+00 -2.805049e+00
      vertex   5.638462e+00 3.000000e+00 -1.320183e+01
      vertex   6.000771e-01 3.000000e+00 -2.939372e+00
    endloop
  endfacet
  facet normal 0.000000e+00 1.000000e+00 0.000000e+00
    outer loop
      vertex   6.000771e-01 3.000000e+00 -2.939372e+00
      vertex   5.638462e+00 3.000000e+00 -1.320183e+01
      vertex   2.369562e+00 3.000000e+00 -1.357214e+01
    endloop
  endfacet
  facet normal 0.000000e+00 1.000000e+00 0.000000e+00
    outer loop
      vertex   6.000771e-01 3.000000e+00 -2.939372e+00
      vertex   2.369562e+00 3.000000e+00 -1.357214e+01
      vertex   1.207978e-01 3.000000e+00 -2.997567e+00
    endloop
  endfacet
  facet normal 0.000000e+00 1.000000e+00 0.000000e+00
    outer loop
      vertex   1.207978e-01 3.000000e+00 -2.997567e+00
      vertex   2.369562e+00 3.000000e+00 -1.357214e+01
      vertex   2.143475e+00 3.000000e+00 -1.358190e+01
    endloop
  endfacet
  facet normal 0.000000e+00 1.000000e+00 0.000000e+00
    outer loop
      vertex   1.207978e-01 3.000000e+00 -2.997567e+00
      vertex   2.143475e+00 3.000000e+00 -1.358190e+01
      vertex   -2.124607e+00 3.000000e+00 -1.358486e+01
    endloop
  endfacet
  facet normal 0.000000e+00 1.000000e+00 0.000000e+00
    outer loop
      vertex   -2.124607e+00 3.000000e+00 -1.358486e+01
      vertex   2.143475e+00 3.000000e+00 -1.358190e+01
      vertex   2.137186e+00 3.000000e+00 -1.358289e+01
    endloop
  endfacet
  facet normal 0.000000e+00 1.000000e+00 0.000000e+00
    outer loop
      vertex   -2.124607e+00 3.000000e+00 -1.358486e+01
      vertex   2.137186e+00 3.000000e+00 -1.358289e+01
      vertex   2.130897e+00 3.000000e+00 -1.358388e+01
    endloop
  endfacet
  facet normal 0.000000e+00 1.000000e+00 0.000000e+00
    outer loop
      vertex   3.140331e+00 3.000000e+00 1.362971e+01
      vertex   3.325519e+00 3.000000e+00 1.375977e+01
      vertex   5.583484e+00 3.000000e+00 1.496249e+01
    endloop
  endfacet
  facet normal 0.000000e+00 1.000000e+00 0.000000e+00
    outer loop
      vertex   5.583484e+00 3.000000e+00 1.496249e+01
      vertex   3.325519e+00 3.000000e+00 1.375977e+01
      vertex   3.476722e+00 3.000000e+00 1.392814e+01
    endloop
  endfacet
  facet normal 0.000000e+00 1.000000e+00 0.000000e+00
    outer loop
      vertex   5.583484e+00 3.000000e+00 1.496249e+01
      vertex   3.476722e+00 3.000000e+00 1.392814e+01
      vertex   4.070068e+00 3.000000e+00 1.476218e+01
    endloop
  endfacet
  facet normal 0.000000e+00 1.000000e+00 0.000000e+00
    outer loop
      vertex   5.583484e+00 3.000000e+00 1.496249e+01
      vertex   4.070068e+00 3.000000e+00 1.476218e+01
      vertex   5.353743e+00 3.000000e+00 1.507789e+01
    endloop
  endfacet
  facet normal 0.000000e+00 1.000000e+00 0.000000e+00
    outer loop
      vertex   5.353743e+00 3.000000e+00 1.507789e+01
      vertex   4.070068e+00 3.000000e+00 1.476218e+01
      vertex   4.244797e+00 3.000000e+00 1.495077e+01
    endloop
  endfacet
  facet normal 0.000000e+00 1.000000e+00 0.000000e+00
    outer loop
      vertex   5.353743e+00 3.000000e+00 1.507789e+01
      vertex   4.244797e+00 3.000000e+00 1.495077e+01
      vertex   5.215187e+00 3.000000e+00 1.512637e+01
    endloop
  endfacet
  facet normal 0.000000e+00 1.000000e+00 0.000000e+00
    outer loop
      vertex   5.215187e+00 3.000000e+00 1.512637e+01
      vertex   4.244797e+00 3.000000e+00 1.495077e+01
      vertex   4.461836e+00 3.000000e+00 1.508859e+01
    endloop
  endfacet
  facet normal 0.000000e+00 1.000000e+00 0.000000e+00
    outer loop
      vertex   5.215187e+00 3.000000e+00 1.512637e+01
      vertex   4.461836e+00 3.000000e+00 1.508859e+01
      vertex   4.706841e+00 3.000000e+00 1.516651e+01
    endloop
  endfacet
  facet normal -0.000000e+00 1.000000e+00 0.000000e+00
    outer loop
      vertex   4.706841e+00 3.000000e+00 1.516651e+01
      vertex   4.963615e+00 3.000000e+00 1.517939e+01
      vertex   5.215187e+00 3.000000e+00 1.512637e+01
    endloop
  endfacet
  facet normal 0.000000e+00 1.000000e+00 0.000000e+00
    outer loop
      vertex   5.776208e+00 3.000000e+00 1.479232e+01
      vertex   5.919176e+00 3.000000e+00 1.457864e+01
      vertex   5.583484e+00 3.000000e+00 1.496249e+01
    endloop
  endfacet
  facet normal 0.000000e+00 1.000000e+00 0.000000e+00
    outer loop
      vertex   5.583484e+00 3.000000e+00 1.496249e+01
      vertex   5.919176e+00 3.000000e+00 1.457864e+01
      vertex   5.965840e+00 3.000000e+00 1.305716e+01
    endloop
  endfacet
  facet normal 0.000000e+00 1.000000e+00 0.000000e+00
    outer loop
      vertex   5.583484e+00 3.000000e+00 1.496249e+01
      vertex   5.965840e+00 3.000000e+00 1.305716e+01
      vertex   5.979079e+00 3.000000e+00 1.283125e+01
    endloop
  endfacet
  facet normal 0.000000e+00 1.000000e+00 0.000000e+00
    outer loop
      vertex   6.002939e+00 3.000000e+00 1.433557e+01
      vertex   6.021960e+00 3.000000e+00 1.407918e+01
      vertex   5.919176e+00 3.000000e+00 1.457864e+01
    endloop
  endfacet
  facet normal 0.000000e+00 1.000000e+00 0.000000e+00
    outer loop
      vertex   5.919176e+00 3.000000e+00 1.457864e+01
      vertex   6.021960e+00 3.000000e+00 1.407918e+01
      vertex   5.965840e+00 3.000000e+00 1.305716e+01
    endloop
  endfacet
  facet normal 0.000000e+00 1.000000e+00 0.000000e+00
    outer loop
      vertex   5.583484e+00 3.000000e+00 1.496249e+01
      vertex   5.979079e+00 3.000000e+00 1.283125e+01
      vertex   5.657329e+00 3.000000e+00 -1.297632e+01
    endloop
  endfacet
  facet normal 0.000000e+00 1.000000e+00 0.000000e+00
    outer loop
      vertex   5.657329e+00 3.000000e+00 -1.297632e+01
      vertex   5.979079e+00 3.000000e+00 1.283125e+01
      vertex   6.042773e+00 3.000000e+00 1.261410e+01
    endloop
  endfacet
  facet normal 0.000000e+00 1.000000e+00 0.000000e+00
    outer loop
      vertex   5.657329e+00 3.000000e+00 -1.297632e+01
      vertex   6.042773e+00 3.000000e+00 1.261410e+01
      vertex   5.726417e+00 3.000000e+00 -1.276083e+01
    endloop
  endfacet
  facet normal 0.000000e+00 1.000000e+00 0.000000e+00
    outer loop
      vertex   5.726417e+00 3.000000e+00 -1.276083e+01
      vertex   6.042773e+00 3.000000e+00 1.261410e+01
      vertex   6.153661e+00 3.000000e+00 1.241683e+01
    endloop
  endfacet
  facet normal 0.000000e+00 1.000000e+00 0.000000e+00
    outer loop
      vertex   5.726417e+00 3.000000e+00 -1.276083e+01
      vertex   6.153661e+00 3.000000e+00 1.241683e+01
      vertex   5.842188e+00 3.000000e+00 -1.256639e+01
    endloop
  endfacet
  facet normal 0.000000e+00 1.000000e+00 0.000000e+00
    outer loop
      vertex   5.842188e+00 3.000000e+00 -1.256639e+01
      vertex   6.153661e+00 3.000000e+00 1.241683e+01
      vertex   6.306064e+00 3.000000e+00 1.224955e+01
    endloop
  endfacet
  facet normal 0.000000e+00 1.000000e+00 0.000000e+00
    outer loop
      vertex   5.842188e+00 3.000000e+00 -1.256639e+01
      vertex   6.306064e+00 3.000000e+00 1.224955e+01
      vertex   5.998715e+00 3.000000e+00 -1.240295e+01
    endloop
  endfacet
  facet normal 0.000000e+00 1.000000e+00 0.000000e+00
    outer loop
      vertex   5.998715e+00 3.000000e+00 -1.240295e+01
      vertex   6.306064e+00 3.000000e+00 1.224955e+01
      vertex   6.492178e+00 3.000000e+00 1.212081e+01
    endloop
  endfacet
  facet normal 0.000000e+00 1.000000e+00 0.000000e+00
    outer loop
      vertex   5.998715e+00 3.000000e+00 -1.240295e+01
      vertex   6.492178e+00 3.000000e+00 1.212081e+01
      vertex   6.187979e+00 3.000000e+00 -1.227890e+01
    endloop
  endfacet
  facet normal 0.000000e+00 1.000000e+00 0.000000e+00
    outer loop
      vertex   6.187979e+00 3.000000e+00 -1.227890e+01
      vertex   6.492178e+00 3.000000e+00 1.212081e+01
      vertex   9.896194e+00 3.000000e+00 9.546090e+00
    endloop
  endfacet
  facet normal 0.000000e+00 1.000000e+00 0.000000e+00
    outer loop
      vertex   6.187979e+00 3.000000e+00 -1.227890e+01
      vertex   9.896194e+00 3.000000e+00 9.546090e+00
      vertex   1.224464e+01 3.000000e+00 6.489536e+00
    endloop
  endfacet
  facet normal 0.000000e+00 1.000000e+00 0.000000e+00
    outer loop
      vertex   1.224464e+01 3.000000e+00 6.489536e+00
      vertex   9.896194e+00 3.000000e+00 9.546090e+00
      vertex   9.900613e+00 3.000000e+00 9.541507e+00
    endloop
  endfacet
  facet normal 0.000000e+00 1.000000e+00 0.000000e+00
    outer loop
      vertex   1.224464e+01 3.000000e+00 6.489536e+00
      vertex   9.900613e+00 3.000000e+00 9.541507e+00
      vertex   9.905030e+00 3.000000e+00 9.536922e+00
    endloop
  endfacet
  facet normal 0.000000e+00 1.000000e+00 0.000000e+00
    outer loop
      vertex   6.492178e+00 3.000000e+00 1.212081e+01
      vertex   6.497789e+00 3.000000e+00 1.211781e+01
      vertex   9.896194e+00 3.000000e+00 9.546090e+00
    endloop
  endfacet
  facet normal 0.000000e+00 1.000000e+00 0.000000e+00
    outer loop
      vertex   9.896194e+00 3.000000e+00 9.546090e+00
      vertex   6.497789e+00 3.000000e+00 1.211781e+01
      vertex   6.503399e+00 3.000000e+00 1.211480e+01
    endloop
  endfacet
  facet normal 0.000000e+00 1.000000e+00 0.000000e+00
    outer loop
      vertex   9.896194e+00 3.000000e+00 9.546090e+00
      vertex   6.503399e+00 3.000000e+00 1.211480e+01
      vertex   6.509008e+00 3.000000e+00 1.211178e+01
    endloop
  endfacet
  facet normal 0.000000e+00 1.000000e+00 0.000000e+00
    outer loop
      vertex   9.896194e+00 3.000000e+00 9.546090e+00
      vertex   6.509008e+00 3.000000e+00 1.211178e+01
      vertex   9.758523e+00 3.000000e+00 9.725692e+00
    endloop
  endfacet
  facet normal 0.000000e+00 1.000000e+00 0.000000e+00
    outer loop
      vertex   9.758523e+00 3.000000e+00 9.725692e+00
      vertex   6.509008e+00 3.000000e+00 1.211178e+01
      vertex   6.719184e+00 3.000000e+00 1.202790e+01
    endloop
  endfacet
  facet normal 0.000000e+00 1.000000e+00 0.000000e+00
    outer loop
      vertex   9.758523e+00 3.000000e+00 9.725692e+00
      vertex   6.719184e+00 3.000000e+00 1.202790e+01
      vertex   9.664759e+00 3.000000e+00 9.931650e+00
    endloop
  endfacet
  facet normal 0.000000e+00 1.000000e+00 0.000000e+00
    outer loop
      vertex   9.664759e+00 3.000000e+00 9.931650e+00
      vertex   6.719184e+00 3.000000e+00 1.202790e+01
      vertex   9.619704e+00 3.000000e+00 1.015342e+01
    endloop
  endfacet
  facet normal 0.000000e+00 1.000000e+00 0.000000e+00
    outer loop
      vertex   9.619704e+00 3.000000e+00 1.015342e+01
      vertex   6.719184e+00 3.000000e+00 1.202790e+01
      vertex   6.942839e+00 3.000000e+00 1.199342e+01
    endloop
  endfacet
  facet normal 0.000000e+00 1.000000e+00 0.000000e+00
    outer loop
      vertex   9.619704e+00 3.000000e+00 1.015342e+01
      vertex   6.942839e+00 3.000000e+00 1.199342e+01
      vertex   7.168520e+00 3.000000e+00 1.201012e+01
    endloop
  endfacet
  facet normal -0.000000e+00 1.000000e+00 0.000000e+00
    outer loop
      vertex   7.168520e+00 3.000000e+00 1.201012e+01
      vertex   7.384669e+00 3.000000e+00 1.207712e+01
      vertex   9.619704e+00 3.000000e+00 1.015342e+01
    endloop
  endfacet
  facet normal 0.000000e+00 1.000000e+00 0.000000e+00
    outer loop
      vertex   9.619704e+00 3.000000e+00 1.015342e+01
      vertex   7.384669e+00 3.000000e+00 1.207712e+01
      vertex   7.580217e+00 3.000000e+00 1.219102e+01
    endloop
  endfacet
  facet normal 0.000000e+00 1.000000e+00 0.000000e+00
    outer loop
      vertex   9.619704e+00 3.000000e+00 1.015342e+01
      vertex   7.580217e+00 3.000000e+00 1.219102e+01
      vertex   9.602363e+00 3.000000e+00 1.279844e+01
    endloop
  endfacet
  facet normal 0.000000e+00 1.000000e+00 0.000000e+00
    outer loop
      vertex   9.602363e+00 3.000000e+00 1.279844e+01
      vertex   7.580217e+00 3.000000e+00 1.219102e+01
      vertex   8.400732e+00 3.000000e+00 1.280293e+01
    endloop
  endfacet
  facet normal 0.000000e+00 1.000000e+00 0.000000e+00
    outer loop
      vertex   9.602363e+00 3.000000e+00 1.279844e+01
      vertex   8.400732e+00 3.000000e+00 1.280293e+01
      vertex   9.379168e+00 3.000000e+00 1.292604e+01
    endloop
  endfacet
  facet normal 0.000000e+00 1.000000e+00 0.000000e+00
    outer loop
      vertex   9.379168e+00 3.000000e+00 1.292604e+01
      vertex   8.400732e+00 3.000000e+00 1.280293e+01
      vertex   8.624876e+00 3.000000e+00 1.292886e+01
    endloop
  endfacet
  facet normal 0.000000e+00 1.000000e+00 0.000000e+00
    outer loop
      vertex   9.379168e+00 3.000000e+00 1.292604e+01
      vertex   8.624876e+00 3.000000e+00 1.292886e+01
      vertex   9.130815e+00 3.000000e+00 1.299252e+01
    endloop
  endfacet
  facet normal 0.000000e+00 1.000000e+00 0.000000e+00
    outer loop
      vertex   9.130815e+00 3.000000e+00 1.299252e+01
      vertex   8.624876e+00 3.000000e+00 1.292886e+01
      vertex   8.873719e+00 3.000000e+00 1.299348e+01
    endloop
  endfacet
  facet normal 0.000000e+00 1.000000e+00 0.000000e+00
    outer loop
      vertex   9.719378e+00 3.000000e+00 1.270980e+01
      vertex   1.010448e+01 3.000000e+00 1.206122e+01
      vertex   9.602363e+00 3.000000e+00 1.279844e+01
    endloop
  endfacet
  facet normal 0.000000e+00 1.000000e+00 0.000000e+00
    outer loop
      vertex   9.602363e+00 3.000000e+00 1.279844e+01
      vertex   1.010448e+01 3.000000e+00 1.206122e+01
      vertex   1.010967e+01 3.000000e+00 1.180417e+01
    endloop
  endfacet
  facet normal 0.000000e+00 1.000000e+00 0.000000e+00
    outer loop
      vertex   9.602363e+00 3.000000e+00 1.279844e+01
      vertex   1.010967e+01 3.000000e+00 1.180417e+01
      vertex   1.004915e+01 3.000000e+00 1.155430e+01
    endloop
  endfacet
  facet normal 0.000000e+00 1.000000e+00 0.000000e+00
    outer loop
      vertex   9.902662e+00 3.000000e+00 1.252951e+01
      vertex   1.003392e+01 3.000000e+00 1.230844e+01
      vertex   9.719378e+00 3.000000e+00 1.270980e+01
    endloop
  endfacet
  facet normal 0.000000e+00 1.000000e+00 0.000000e+00
    outer loop
      vertex   9.719378e+00 3.000000e+00 1.270980e+01
      vertex   1.003392e+01 3.000000e+00 1.230844e+01
      vertex   1.010448e+01 3.000000e+00 1.206122e+01
    endloop
  endfacet
  facet normal 0.000000e+00 1.000000e+00 0.000000e+00
    outer loop
      vertex   1.004915e+01 3.000000e+00 1.155430e+01
      vertex   9.682338e+00 3.000000e+00 1.059872e+01
      vertex   9.602363e+00 3.000000e+00 1.279844e+01
    endloop
  endfacet
  facet normal 0.000000e+00 1.000000e+00 0.000000e+00
    outer loop
      vertex   9.602363e+00 3.000000e+00 1.279844e+01
      vertex   9.682338e+00 3.000000e+00 1.059872e+01
      vertex   9.625665e+00 3.000000e+00 1.037964e+01
    endloop
  endfacet
  facet normal 0.000000e+00 1.000000e+00 0.000000e+00
    outer loop
      vertex   9.602363e+00 3.000000e+00 1.279844e+01
      vertex   9.625665e+00 3.000000e+00 1.037964e+01
      vertex   9.619704e+00 3.000000e+00 1.015342e+01
    endloop
  endfacet
  facet normal 0.000000e+00 1.000000e+00 0.000000e+00
    outer loop
      vertex   9.905030e+00 3.000000e+00 9.536922e+00
      vertex   9.909445e+00 3.000000e+00 9.532334e+00
      vertex   1.224464e+01 3.000000e+00 6.489536e+00
    endloop
  endfacet
  facet normal 0.000000e+00 1.000000e+00 0.000000e+00
    outer loop
      vertex   1.224464e+01 3.000000e+00 6.489536e+00
      vertex   9.909445e+00 3.000000e+00 9.532334e+00
      vertex   1.008377e+01 3.000000e+00 9.388043e+00
    endloop
  endfacet
  facet normal 0.000000e+00 1.000000e+00 0.000000e+00
    outer loop
      vertex   1.224464e+01 3.000000e+00 6.489536e+00
      vertex   1.008377e+01 3.000000e+00 9.388043e+00
      vertex   1.028608e+01 3.000000e+00 9.286644e+00
    endloop
  endfacet
  facet normal 0.000000e+00 1.000000e+00 0.000000e+00
    outer loop
      vertex   1.050601e+01 3.000000e+00 9.233328e+00
      vertex   1.234480e+01 3.000000e+00 6.927927e+00
      vertex   1.028608e+01 3.000000e+00 9.286644e+00
    endloop
  endfacet
  facet normal 0.000000e+00 1.000000e+00 0.000000e+00
    outer loop
      vertex   1.028608e+01 3.000000e+00 9.286644e+00
      vertex   1.234480e+01 3.000000e+00 6.927927e+00
      vertex   1.226976e+01 3.000000e+00 6.714435e+00
    endloop
  endfacet
  facet normal 0.000000e+00 1.000000e+00 0.000000e+00
    outer loop
      vertex   1.028608e+01 3.000000e+00 9.286644e+00
      vertex   1.226976e+01 3.000000e+00 6.714435e+00
      vertex   1.224464e+01 3.000000e+00 6.489536e+00
    endloop
  endfacet
  facet normal 0.000000e+00 1.000000e+00 -0.000000e+00
    outer loop
      vertex   1.234480e+01 3.000000e+00 6.927927e+00
      vertex   1.050601e+01 3.000000e+00 9.233328e+00
      vertex   1.246592e+01 3.000000e+00 7.119079e+00
    endloop
  endfacet
  facet normal 0.000000e+00 1.000000e+00 0.000000e+00
    outer loop
      vertex   1.246592e+01 3.000000e+00 7.119079e+00
      vertex   1.050601e+01 3.000000e+00 9.233328e+00
      vertex   1.073229e+01 3.000000e+00 9.230827e+00
    endloop
  endfacet
  facet normal 0.000000e+00 1.000000e+00 -0.000000e+00
    outer loop
      vertex   1.246592e+01 3.000000e+00 7.119079e+00
      vertex   1.073229e+01 3.000000e+00 9.230827e+00
      vertex   1.310809e+01 3.000000e+00 7.916141e+00
    endloop
  endfacet
  facet normal 0.000000e+00 1.000000e+00 0.000000e+00
    outer loop
      vertex   1.310809e+01 3.000000e+00 7.916141e+00
      vertex   1.073229e+01 3.000000e+00 9.230827e+00
      vertex   1.095334e+01 3.000000e+00 9.279268e+00
    endloop
  endfacet
  facet normal 0.000000e+00 1.000000e+00 -0.000000e+00
    outer loop
      vertex   1.310809e+01 3.000000e+00 7.916141e+00
      vertex   1.095334e+01 3.000000e+00 9.279268e+00
      vertex   1.324231e+01 3.000000e+00 8.135419e+00
    endloop
  endfacet
  facet normal 0.000000e+00 1.000000e+00 -0.000000e+00
    outer loop
      vertex   1.324231e+01 3.000000e+00 8.135419e+00
      vertex   1.095334e+01 3.000000e+00 9.279268e+00
      vertex   1.331619e+01 3.000000e+00 8.381672e+00
    endloop
  endfacet
  facet normal 0.000000e+00 1.000000e+00 -0.000000e+00
    outer loop
      vertex   1.331619e+01 3.000000e+00 8.381672e+00
      vertex   1.095334e+01 3.000000e+00 9.279268e+00
      vertex   1.332485e+01 3.000000e+00 8.638624e+00
    endloop
  endfacet
  facet normal 0.000000e+00 1.000000e+00 0.000000e+00
    outer loop
      vertex   1.332485e+01 3.000000e+00 8.638624e+00
      vertex   1.095334e+01 3.000000e+00 9.279268e+00
      vertex   1.326770e+01 3.000000e+00 8.889289e+00
    endloop
  endfacet
  facet normal 0.000000e+00 1.000000e+00 0.000000e+00
    outer loop
      vertex   1.326770e+01 3.000000e+00 8.889289e+00
      vertex   1.095334e+01 3.000000e+00 9.279268e+00
      vertex   1.314853e+01 3.000000e+00 9.117100e+00
    endloop
  endfacet
  facet normal 0.000000e+00 1.000000e+00 0.000000e+00
    outer loop
      vertex   1.314853e+01 3.000000e+00 9.117100e+00
      vertex   1.095334e+01 3.000000e+00 9.279268e+00
      vertex   1.192197e+01 3.000000e+00 9.610097e+00
    endloop
  endfacet
  facet normal 0.000000e+00 1.000000e+00 0.000000e+00
    outer loop
      vertex   1.314853e+01 3.000000e+00 9.117100e+00
      vertex   1.192197e+01 3.000000e+00 9.610097e+00
      vertex   1.306433e+01 3.000000e+00 9.237346e+00
    endloop
  endfacet
  facet normal 0.000000e+00 1.000000e+00 0.000000e+00
    outer loop
      vertex   1.306433e+01 3.000000e+00 9.237346e+00
      vertex   1.192197e+01 3.000000e+00 9.610097e+00
      vertex   1.289102e+01 3.000000e+00 9.427244e+00
    endloop
  endfacet
  facet normal 0.000000e+00 1.000000e+00 0.000000e+00
    outer loop
      vertex   1.289102e+01 3.000000e+00 9.427244e+00
      vertex   1.192197e+01 3.000000e+00 9.610097e+00
      vertex   1.267502e+01 3.000000e+00 9.566677e+00
    endloop
  endfacet
  facet normal 0.000000e+00 1.000000e+00 0.000000e+00
    outer loop
      vertex   1.267502e+01 3.000000e+00 9.566677e+00
      vertex   1.192197e+01 3.000000e+00 9.610097e+00
      vertex   1.243060e+01 3.000000e+00 9.646429e+00
    endloop
  endfacet
  facet normal 0.000000e+00 1.000000e+00 0.000000e+00
    outer loop
      vertex   1.243060e+01 3.000000e+00 9.646429e+00
      vertex   1.192197e+01 3.000000e+00 9.610097e+00
      vertex   1.217393e+01 3.000000e+00 9.661228e+00
    endloop
  endfacet
  facet normal 0.000000e+00 1.000000e+00 0.000000e+00
    outer loop
      vertex   6.187979e+00 3.000000e+00 -1.227890e+01
      vertex   1.224464e+01 3.000000e+00 6.489536e+00
      vertex   1.220081e+01 3.000000e+00 -6.340571e+00
    endloop
  endfacet
  facet normal 0.000000e+00 1.000000e+00 0.000000e+00
    outer loop
      vertex   1.220081e+01 3.000000e+00 -6.340571e+00
      vertex   1.224464e+01 3.000000e+00 6.489536e+00
      vertex   1.227073e+01 3.000000e+00 6.264748e+00
    endloop
  endfacet
  facet normal 0.000000e+00 1.000000e+00 0.000000e+00
    outer loop
      vertex   1.220081e+01 3.000000e+00 -6.340571e+00
      vertex   1.227073e+01 3.000000e+00 6.264748e+00
      vertex   1.234669e+01 3.000000e+00 6.051582e+00
    endloop
  endfacet
  facet normal 0.000000e+00 1.000000e+00 0.000000e+00
    outer loop
      vertex   1.220081e+01 3.000000e+00 -6.340571e+00
      vertex   1.234669e+01 3.000000e+00 6.051582e+00
      vertex   1.355412e+01 3.000000e+00 -2.312625e+00
    endloop
  endfacet
  facet normal 0.000000e+00 1.000000e+00 0.000000e+00
    outer loop
      vertex   1.355412e+01 3.000000e+00 -2.312625e+00
      vertex   1.234669e+01 3.000000e+00 6.051582e+00
      vertex   1.234949e+01 3.000000e+00 6.045865e+00
    endloop
  endfacet
  facet normal 0.000000e+00 1.000000e+00 0.000000e+00
    outer loop
      vertex   1.355412e+01 3.000000e+00 -2.312625e+00
      vertex   1.234949e+01 3.000000e+00 6.045865e+00
      vertex   1.235229e+01 3.000000e+00 6.040146e+00
    endloop
  endfacet
  facet normal 0.000000e+00 1.000000e+00 0.000000e+00
    outer loop
      vertex   1.235229e+01 3.000000e+00 6.040146e+00
      vertex   1.235509e+01 3.000000e+00 6.034426e+00
      vertex   1.355412e+01 3.000000e+00 -2.312625e+00
    endloop
  endfacet
  facet normal 0.000000e+00 1.000000e+00 0.000000e+00
    outer loop
      vertex   1.355412e+01 3.000000e+00 -2.312625e+00
      vertex   1.235509e+01 3.000000e+00 6.034426e+00
      vertex   1.247677e+01 3.000000e+00 5.843629e+00
    endloop
  endfacet
  facet normal 0.000000e+00 1.000000e+00 0.000000e+00
    outer loop
      vertex   1.355412e+01 3.000000e+00 -2.312625e+00
      vertex   1.247677e+01 3.000000e+00 5.843629e+00
      vertex   1.263824e+01 3.000000e+00 5.685078e+00
    endloop
  endfacet
  facet normal 0.000000e+00 1.000000e+00 0.000000e+00
    outer loop
      vertex   1.263824e+01 3.000000e+00 5.685078e+00
      vertex   1.283122e+01 3.000000e+00 5.566892e+00
      vertex   1.355412e+01 3.000000e+00 -2.312625e+00
    endloop
  endfacet
  facet normal 0.000000e+00 1.000000e+00 0.000000e+00
    outer loop
      vertex   1.355412e+01 3.000000e+00 -2.312625e+00
      vertex   1.283122e+01 3.000000e+00 5.566892e+00
      vertex   1.304584e+01 3.000000e+00 5.495122e+00
    endloop
  endfacet
  facet normal 0.000000e+00 1.000000e+00 0.000000e+00
    outer loop
      vertex   1.355412e+01 3.000000e+00 -2.312625e+00
      vertex   1.304584e+01 3.000000e+00 5.495122e+00
      vertex   1.327109e+01 3.000000e+00 5.473446e+00
    endloop
  endfacet
  facet normal 0.000000e+00 1.000000e+00 0.000000e+00
    outer loop
      vertex   1.429450e+01 3.000000e+00 5.491311e+00
      vertex   1.516080e+01 3.000000e+00 5.020114e+00
      vertex   1.327109e+01 3.000000e+00 5.473446e+00
    endloop
  endfacet
  facet normal 0.000000e+00 1.000000e+00 0.000000e+00
    outer loop
      vertex   1.327109e+01 3.000000e+00 5.473446e+00
      vertex   1.516080e+01 3.000000e+00 5.020114e+00
      vertex   1.526753e+01 3.000000e+00 4.786219e+00
    endloop
  endfacet
  facet normal 0.000000e+00 1.000000e+00 0.000000e+00
    outer loop
      vertex   1.327109e+01 3.000000e+00 5.473446e+00
      vertex   1.526753e+01 3.000000e+00 4.786219e+00
      vertex   1.531080e+01 3.000000e+00 4.645947e+00
    endloop
  endfacet
  facet normal 0.000000e+00 1.000000e+00 0.000000e+00
    outer loop
      vertex   1.455001e+01 3.000000e+00 5.462717e+00
      vertex   1.478977e+01 3.000000e+00 5.369924e+00
      vertex   1.429450e+01 3.000000e+00 5.491311e+00
    endloop
  endfacet
  facet normal 0.000000e+00 1.000000e+00 0.000000e+00
    outer loop
      vertex   1.429450e+01 3.000000e+00 5.491311e+00
      vertex   1.478977e+01 3.000000e+00 5.369924e+00
      vertex   1.499796e+01 3.000000e+00 5.219066e+00
    endloop
  endfacet
  facet normal 0.000000e+00 1.000000e+00 0.000000e+00
    outer loop
      vertex   1.429450e+01 3.000000e+00 5.491311e+00
      vertex   1.499796e+01 3.000000e+00 5.219066e+00
      vertex   1.516080e+01 3.000000e+00 5.020114e+00
    endloop
  endfacet
  facet normal 0.000000e+00 1.000000e+00 0.000000e+00
    outer loop
      vertex   1.531080e+01 3.000000e+00 4.645947e+00
      vertex   1.535437e+01 3.000000e+00 4.392568e+00
      vertex   1.327109e+01 3.000000e+00 5.473446e+00
    endloop
  endfacet
  facet normal 0.000000e+00 1.000000e+00 0.000000e+00
    outer loop
      vertex   1.327109e+01 3.000000e+00 5.473446e+00
      vertex   1.535437e+01 3.000000e+00 4.392568e+00
      vertex   1.533190e+01 3.000000e+00 4.136455e+00
    endloop
  endfacet
  facet normal 0.000000e+00 1.000000e+00 0.000000e+00
    outer loop
      vertex   1.327109e+01 3.000000e+00 5.473446e+00
      vertex   1.533190e+01 3.000000e+00 4.136455e+00
      vertex   1.524487e+01 3.000000e+00 3.894536e+00
    endloop
  endfacet
  facet normal 0.000000e+00 1.000000e+00 0.000000e+00
    outer loop
      vertex   1.524487e+01 3.000000e+00 3.894536e+00
      vertex   1.509904e+01 3.000000e+00 3.682801e+00
      vertex   1.327109e+01 3.000000e+00 5.473446e+00
    endloop
  endfacet
  facet normal 0.000000e+00 1.000000e+00 0.000000e+00
    outer loop
      vertex   1.327109e+01 3.000000e+00 5.473446e+00
      vertex   1.509904e+01 3.000000e+00 3.682801e+00
      vertex   1.490404e+01 3.000000e+00 3.515246e+00
    endloop
  endfacet
  facet normal 0.000000e+00 1.000000e+00 0.000000e+00
    outer loop
      vertex   1.327109e+01 3.000000e+00 5.473446e+00
      vertex   1.490404e+01 3.000000e+00 3.515246e+00
      vertex   1.404839e+01 3.000000e+00 2.953501e+00
    endloop
  endfacet
  facet normal 0.000000e+00 1.000000e+00 0.000000e+00
    outer loop
      vertex   1.404839e+01 3.000000e+00 2.953501e+00
      vertex   1.387449e+01 3.000000e+00 2.808699e+00
      vertex   1.327109e+01 3.000000e+00 5.473446e+00
    endloop
  endfacet
  facet normal 0.000000e+00 1.000000e+00 0.000000e+00
    outer loop
      vertex   1.327109e+01 3.000000e+00 5.473446e+00
      vertex   1.387449e+01 3.000000e+00 2.808699e+00
      vertex   1.373760e+01 3.000000e+00 2.628504e+00
    endloop
  endfacet
  facet normal 0.000000e+00 1.000000e+00 0.000000e+00
    outer loop
      vertex   1.327109e+01 3.000000e+00 5.473446e+00
      vertex   1.373760e+01 3.000000e+00 2.628504e+00
      vertex   1.364472e+01 3.000000e+00 2.422142e+00
    endloop
  endfacet
  facet normal 0.000000e+00 1.000000e+00 0.000000e+00
    outer loop
      vertex   1.364472e+01 3.000000e+00 2.422142e+00
      vertex   1.360063e+01 3.000000e+00 2.200183e+00
      vertex   1.327109e+01 3.000000e+00 5.473446e+00
    endloop
  endfacet
  facet normal 0.000000e+00 1.000000e+00 0.000000e+00
    outer loop
      vertex   1.327109e+01 3.000000e+00 5.473446e+00
      vertex   1.360063e+01 3.000000e+00 2.200183e+00
      vertex   1.360757e+01 3.000000e+00 1.973992e+00
    endloop
  endfacet
  facet normal 0.000000e+00 1.000000e+00 0.000000e+00
    outer loop
      vertex   1.327109e+01 3.000000e+00 5.473446e+00
      vertex   1.360757e+01 3.000000e+00 1.973992e+00
      vertex   1.355412e+01 3.000000e+00 -2.312625e+00
    endloop
  endfacet
  facet normal 0.000000e+00 1.000000e+00 0.000000e+00
    outer loop
      vertex   1.355412e+01 3.000000e+00 -2.312625e+00
      vertex   1.360757e+01 3.000000e+00 1.973992e+00
      vertex   1.360848e+01 3.000000e+00 1.967692e+00
    endloop
  endfacet
  facet normal 0.000000e+00 1.000000e+00 0.000000e+00
    outer loop
      vertex   1.355412e+01 3.000000e+00 -2.312625e+00
      vertex   1.360848e+01 3.000000e+00 1.967692e+00
      vertex   1.360939e+01 3.000000e+00 1.961390e+00
    endloop
  endfacet
  facet normal 0.000000e+00 1.000000e+00 0.000000e+00
    outer loop
      vertex   1.360939e+01 3.000000e+00 1.961390e+00
      vertex   1.361029e+01 3.000000e+00 1.955089e+00
      vertex   1.355412e+01 3.000000e+00 -2.312625e+00
    endloop
  endfacet
  facet normal 0.000000e+00 1.000000e+00 0.000000e+00
    outer loop
      vertex   1.355412e+01 3.000000e+00 -2.312625e+00
      vertex   1.361029e+01 3.000000e+00 1.955089e+00
      vertex   1.355519e+01 3.000000e+00 -2.306349e+00
    endloop
  endfacet
  facet normal 0.000000e+00 1.000000e+00 0.000000e+00
    outer loop
      vertex   1.355519e+01 3.000000e+00 -2.306349e+00
      vertex   1.361029e+01 3.000000e+00 1.955089e+00
      vertex   1.355626e+01 3.000000e+00 -2.300072e+00
    endloop
  endfacet
  facet normal 0.000000e+00 1.000000e+00 0.000000e+00
    outer loop
      vertex   1.355626e+01 3.000000e+00 -2.300072e+00
      vertex   1.361029e+01 3.000000e+00 1.955089e+00
      vertex   1.355732e+01 3.000000e+00 -2.293795e+00
    endloop
  endfacet
  facet normal 0.000000e+00 1.000000e+00 0.000000e+00
    outer loop
      vertex   1.355732e+01 3.000000e+00 -2.293795e+00
      vertex   1.361029e+01 3.000000e+00 1.955089e+00
      vertex   1.366761e+01 3.000000e+00 1.736170e+00
    endloop
  endfacet
  facet normal 0.000000e+00 1.000000e+00 0.000000e+00
    outer loop
      vertex   1.355732e+01 3.000000e+00 -2.293795e+00
      vertex   1.366761e+01 3.000000e+00 1.736170e+00
      vertex   1.362008e+01 3.000000e+00 -2.076373e+00
    endloop
  endfacet
  facet normal 0.000000e+00 1.000000e+00 0.000000e+00
    outer loop
      vertex   1.362008e+01 3.000000e+00 -2.076373e+00
      vertex   1.366761e+01 3.000000e+00 1.736170e+00
      vertex   1.377268e+01 3.000000e+00 1.535744e+00
    endloop
  endfacet
  facet normal 0.000000e+00 1.000000e+00 0.000000e+00
    outer loop
      vertex   1.362008e+01 3.000000e+00 -2.076373e+00
      vertex   1.377268e+01 3.000000e+00 1.535744e+00
      vertex   1.373011e+01 3.000000e+00 -1.878629e+00
    endloop
  endfacet
  facet normal 0.000000e+00 1.000000e+00 0.000000e+00
    outer loop
      vertex   1.373011e+01 3.000000e+00 -1.878629e+00
      vertex   1.377268e+01 3.000000e+00 1.535744e+00
      vertex   1.392012e+01 3.000000e+00 1.364074e+00
    endloop
  endfacet
  facet normal 0.000000e+00 1.000000e+00 0.000000e+00
    outer loop
      vertex   1.373011e+01 3.000000e+00 -1.878629e+00
      vertex   1.392012e+01 3.000000e+00 1.364074e+00
      vertex   1.388179e+01 3.000000e+00 -1.710688e+00
    endloop
  endfacet
  facet normal 0.000000e+00 1.000000e+00 0.000000e+00
    outer loop
      vertex   1.388179e+01 3.000000e+00 -1.710688e+00
      vertex   1.392012e+01 3.000000e+00 1.364074e+00
      vertex   1.410239e+01 3.000000e+00 1.229952e+00
    endloop
  endfacet
  facet normal 0.000000e+00 1.000000e+00 0.000000e+00
    outer loop
      vertex   1.388179e+01 3.000000e+00 -1.710688e+00
      vertex   1.410239e+01 3.000000e+00 1.229952e+00
      vertex   1.406735e+01 3.000000e+00 -1.581152e+00
    endloop
  endfacet
  facet normal 0.000000e+00 1.000000e+00 0.000000e+00
    outer loop
      vertex   1.406735e+01 3.000000e+00 -1.581152e+00
      vertex   1.410239e+01 3.000000e+00 1.229952e+00
      vertex   1.431015e+01 3.000000e+00 1.140246e+00
    endloop
  endfacet
  facet normal 0.000000e+00 1.000000e+00 0.000000e+00
    outer loop
      vertex   1.406735e+01 3.000000e+00 -1.581152e+00
      vertex   1.431015e+01 3.000000e+00 1.140246e+00
      vertex   1.427728e+01 3.000000e+00 -1.496653e+00
    endloop
  endfacet
  facet normal 0.000000e+00 1.000000e+00 0.000000e+00
    outer loop
      vertex   1.427728e+01 3.000000e+00 -1.496653e+00
      vertex   1.431015e+01 3.000000e+00 1.140246e+00
      vertex   1.528973e+01 3.000000e+00 8.434280e-01
    endloop
  endfacet
  facet normal 0.000000e+00 1.000000e+00 0.000000e+00
    outer loop
      vertex   1.427728e+01 3.000000e+00 -1.496653e+00
      vertex   1.528973e+01 3.000000e+00 8.434280e-01
      vertex   1.526395e+01 3.000000e+00 -1.224349e+00
    endloop
  endfacet
  facet normal 0.000000e+00 1.000000e+00 0.000000e+00
    outer loop
      vertex   1.526395e+01 3.000000e+00 -1.224349e+00
      vertex   1.528973e+01 3.000000e+00 8.434280e-01
      vertex   1.599967e+01 3.000000e+00 -1.260698e-01
    endloop
  endfacet
  facet normal 0.000000e+00 1.000000e+00 0.000000e+00
    outer loop
      vertex   1.526395e+01 3.000000e+00 -1.224349e+00
      vertex   1.599967e+01 3.000000e+00 -1.260698e-01
      vertex   1.599784e+01 3.000000e+00 -2.728523e-01
    endloop
  endfacet
  facet normal 0.000000e+00 1.000000e+00 0.000000e+00
    outer loop
      vertex   1.552416e+01 3.000000e+00 7.378630e-01
      vertex   1.572392e+01 3.000000e+00 5.760171e-01
      vertex   1.528973e+01 3.000000e+00 8.434280e-01
    endloop
  endfacet
  facet normal 0.000000e+00 1.000000e+00 0.000000e+00
    outer loop
      vertex   1.528973e+01 3.000000e+00 8.434280e-01
      vertex   1.572392e+01 3.000000e+00 5.760171e-01
      vertex   1.587582e+01 3.000000e+00 3.685879e-01
    endloop
  endfacet
  facet normal 0.000000e+00 1.000000e+00 0.000000e+00
    outer loop
      vertex   1.528973e+01 3.000000e+00 8.434280e-01
      vertex   1.587582e+01 3.000000e+00 3.685879e-01
      vertex   1.596980e+01 3.000000e+00 1.292865e-01
    endloop
  endfacet
  facet normal 0.000000e+00 1.000000e+00 0.000000e+00
    outer loop
      vertex   1.596980e+01 3.000000e+00 1.292865e-01
      vertex   1.599967e+01 3.000000e+00 -1.260698e-01
      vertex   1.528973e+01 3.000000e+00 8.434280e-01
    endloop
  endfacet
  facet normal 0.000000e+00 1.000000e+00 0.000000e+00
    outer loop
      vertex   1.599784e+01 3.000000e+00 -2.728523e-01
      vertex   1.596162e+01 3.000000e+00 -5.273845e-01
      vertex   1.526395e+01 3.000000e+00 -1.224349e+00
    endloop
  endfacet
  facet normal 0.000000e+00 1.000000e+00 0.000000e+00
    outer loop
      vertex   1.526395e+01 3.000000e+00 -1.224349e+00
      vertex   1.596162e+01 3.000000e+00 -5.273845e-01
      vertex   1.586169e+01 3.000000e+00 -7.642684e-01
    endloop
  endfacet
  facet normal 0.000000e+00 1.000000e+00 0.000000e+00
    outer loop
      vertex   1.526395e+01 3.000000e+00 -1.224349e+00
      vertex   1.586169e+01 3.000000e+00 -7.642684e-01
      vertex   1.570467e+01 3.000000e+00 -9.678462e-01
    endloop
  endfacet
  facet normal 0.000000e+00 1.000000e+00 0.000000e+00
    outer loop
      vertex   1.570467e+01 3.000000e+00 -9.678462e-01
      vertex   1.550094e+01 3.000000e+00 -1.124662e+00
      vertex   1.526395e+01 3.000000e+00 -1.224349e+00
    endloop
  endfacet
  facet normal 0.000000e+00 1.000000e+00 0.000000e+00
    outer loop
      vertex   1.355412e+01 3.000000e+00 -2.312625e+00
      vertex   1.354155e+01 3.000000e+00 -2.538572e+00
      vertex   1.220081e+01 3.000000e+00 -6.340571e+00
    endloop
  endfacet
  facet normal 0.000000e+00 1.000000e+00 0.000000e+00
    outer loop
      vertex   1.220081e+01 3.000000e+00 -6.340571e+00
      vertex   1.354155e+01 3.000000e+00 -2.538572e+00
      vertex   1.232721e+01 3.000000e+00 -6.152868e+00
    endloop
  endfacet
  facet normal 0.000000e+00 1.000000e+00 0.000000e+00
    outer loop
      vertex   1.232721e+01 3.000000e+00 -6.152868e+00
      vertex   1.354155e+01 3.000000e+00 -2.538572e+00
      vertex   1.358010e+01 3.000000e+00 -2.761562e+00
    endloop
  endfacet
  facet normal 0.000000e+00 1.000000e+00 0.000000e+00
    outer loop
      vertex   1.232721e+01 3.000000e+00 -6.152868e+00
      vertex   1.358010e+01 3.000000e+00 -2.761562e+00
      vertex   1.249258e+01 3.000000e+00 -5.998391e+00
    endloop
  endfacet
  facet normal 0.000000e+00 1.000000e+00 0.000000e+00
    outer loop
      vertex   1.249258e+01 3.000000e+00 -5.998391e+00
      vertex   1.358010e+01 3.000000e+00 -2.761562e+00
      vertex   1.366780e+01 3.000000e+00 -2.970175e+00
    endloop
  endfacet
  facet normal 0.000000e+00 1.000000e+00 0.000000e+00
    outer loop
      vertex   1.249258e+01 3.000000e+00 -5.998391e+00
      vertex   1.366780e+01 3.000000e+00 -2.970175e+00
      vertex   1.268845e+01 3.000000e+00 -5.885053e+00
    endloop
  endfacet
  facet normal 0.000000e+00 1.000000e+00 0.000000e+00
    outer loop
      vertex   1.268845e+01 3.000000e+00 -5.885053e+00
      vertex   1.366780e+01 3.000000e+00 -2.970175e+00
      vertex   1.380015e+01 3.000000e+00 -3.153727e+00
    endloop
  endfacet
  facet normal 0.000000e+00 1.000000e+00 0.000000e+00
    outer loop
      vertex   1.268845e+01 3.000000e+00 -5.885053e+00
      vertex   1.380015e+01 3.000000e+00 -3.153727e+00
      vertex   1.397040e+01 3.000000e+00 -3.302819e+00
    endloop
  endfacet
  facet normal 0.000000e+00 1.000000e+00 0.000000e+00
    outer loop
      vertex   1.481177e+01 3.000000e+00 -3.885721e+00
      vertex   1.313051e+01 3.000000e+00 -5.802602e+00
      vertex   1.397040e+01 3.000000e+00 -3.302819e+00
    endloop
  endfacet
  facet normal 0.000000e+00 1.000000e+00 0.000000e+00
    outer loop
      vertex   1.397040e+01 3.000000e+00 -3.302819e+00
      vertex   1.313051e+01 3.000000e+00 -5.802602e+00
      vertex   1.290479e+01 3.000000e+00 -5.818656e+00
    endloop
  endfacet
  facet normal 0.000000e+00 1.000000e+00 0.000000e+00
    outer loop
      vertex   1.397040e+01 3.000000e+00 -3.302819e+00
      vertex   1.290479e+01 3.000000e+00 -5.818656e+00
      vertex   1.268845e+01 3.000000e+00 -5.885053e+00
    endloop
  endfacet
  facet normal 0.000000e+00 1.000000e+00 0.000000e+00
    outer loop
      vertex   1.481177e+01 3.000000e+00 -3.885721e+00
      vertex   1.500253e+01 3.000000e+00 -4.058086e+00
      vertex   1.313051e+01 3.000000e+00 -5.802602e+00
    endloop
  endfacet
  facet normal 0.000000e+00 1.000000e+00 0.000000e+00
    outer loop
      vertex   1.313051e+01 3.000000e+00 -5.802602e+00
      vertex   1.500253e+01 3.000000e+00 -4.058086e+00
      vertex   1.514304e+01 3.000000e+00 -4.273391e+00
    endloop
  endfacet
  facet normal 0.000000e+00 1.000000e+00 0.000000e+00
    outer loop
      vertex   1.313051e+01 3.000000e+00 -5.802602e+00
      vertex   1.514304e+01 3.000000e+00 -4.273391e+00
      vertex   1.522401e+01 3.000000e+00 -4.517404e+00
    endloop
  endfacet
  facet normal 0.000000e+00 1.000000e+00 0.000000e+00
    outer loop
      vertex   1.522401e+01 3.000000e+00 -4.517404e+00
      vertex   1.524009e+01 3.000000e+00 -4.773998e+00
      vertex   1.313051e+01 3.000000e+00 -5.802602e+00
    endloop
  endfacet
  facet normal 0.000000e+00 1.000000e+00 0.000000e+00
    outer loop
      vertex   1.313051e+01 3.000000e+00 -5.802602e+00
      vertex   1.524009e+01 3.000000e+00 -4.773998e+00
      vertex   1.519021e+01 3.000000e+00 -5.026211e+00
    endloop
  endfacet
  facet normal 0.000000e+00 1.000000e+00 0.000000e+00
    outer loop
      vertex   1.313051e+01 3.000000e+00 -5.802602e+00
      vertex   1.519021e+01 3.000000e+00 -5.026211e+00
      vertex   1.514346e+01 3.000000e+00 -5.165361e+00
    endloop
  endfacet
  facet normal 0.000000e+00 1.000000e+00 0.000000e+00
    outer loop
      vertex   1.514346e+01 3.000000e+00 -5.165361e+00
      vertex   1.503093e+01 3.000000e+00 -5.396523e+00
      vertex   1.313051e+01 3.000000e+00 -5.802602e+00
    endloop
  endfacet
  facet normal -0.000000e+00 1.000000e+00 0.000000e+00
    outer loop
      vertex   1.313051e+01 3.000000e+00 -5.802602e+00
      vertex   1.503093e+01 3.000000e+00 -5.396523e+00
      vertex   1.415316e+01 3.000000e+00 -5.845976e+00
    endloop
  endfacet
  facet normal 0.000000e+00 1.000000e+00 0.000000e+00
    outer loop
      vertex   1.415316e+01 3.000000e+00 -5.845976e+00
      vertex   1.503093e+01 3.000000e+00 -5.396523e+00
      vertex   1.486318e+01 3.000000e+00 -5.591353e+00
    endloop
  endfacet
  facet normal 0.000000e+00 1.000000e+00 0.000000e+00
    outer loop
      vertex   1.415316e+01 3.000000e+00 -5.845976e+00
      vertex   1.486318e+01 3.000000e+00 -5.591353e+00
      vertex   1.465130e+01 3.000000e+00 -5.736975e+00
    endloop
  endfacet
  facet normal 0.000000e+00 1.000000e+00 0.000000e+00
    outer loop
      vertex   1.465130e+01 3.000000e+00 -5.736975e+00
      vertex   1.440929e+01 3.000000e+00 -5.823761e+00
      vertex   1.415316e+01 3.000000e+00 -5.845976e+00
    endloop
  endfacet
  facet normal 0.000000e+00 1.000000e+00 0.000000e+00
    outer loop
      vertex   1.220081e+01 3.000000e+00 -6.340571e+00
      vertex   1.219787e+01 3.000000e+00 -6.346220e+00
      vertex   6.187979e+00 3.000000e+00 -1.227890e+01
    endloop
  endfacet
  facet normal 0.000000e+00 1.000000e+00 0.000000e+00
    outer loop
      vertex   6.187979e+00 3.000000e+00 -1.227890e+01
      vertex   1.219787e+01 3.000000e+00 -6.346220e+00
      vertex   1.219493e+01 3.000000e+00 -6.351867e+00
    endloop
  endfacet
  facet normal 0.000000e+00 1.000000e+00 0.000000e+00
    outer loop
      vertex   6.187979e+00 3.000000e+00 -1.227890e+01
      vertex   1.219493e+01 3.000000e+00 -6.351867e+00
      vertex   1.219199e+01 3.000000e+00 -6.357513e+00
    endloop
  endfacet
  facet normal 0.000000e+00 1.000000e+00 0.000000e+00
    outer loop
      vertex   6.187979e+00 3.000000e+00 -1.227890e+01
      vertex   1.219199e+01 3.000000e+00 -6.357513e+00
      vertex   9.668717e+00 3.000000e+00 -9.776421e+00
    endloop
  endfacet
  facet normal 0.000000e+00 1.000000e+00 0.000000e+00
    outer loop
      vertex   9.668717e+00 3.000000e+00 -9.776421e+00
      vertex   1.219199e+01 3.000000e+00 -6.357513e+00
      vertex   1.211073e+01 3.000000e+00 -6.568718e+00
    endloop
  endfacet
  facet normal 0.000000e+00 1.000000e+00 0.000000e+00
    outer loop
      vertex   9.668717e+00 3.000000e+00 -9.776421e+00
      vertex   1.211073e+01 3.000000e+00 -6.568718e+00
      vertex   9.846589e+00 3.000000e+00 -9.636521e+00
    endloop
  endfacet
  facet normal 0.000000e+00 1.000000e+00 0.000000e+00
    outer loop
      vertex   9.846589e+00 3.000000e+00 -9.636521e+00
      vertex   1.211073e+01 3.000000e+00 -6.568718e+00
      vertex   1.207904e+01 3.000000e+00 -6.792786e+00
    endloop
  endfacet
  facet normal 0.000000e+00 1.000000e+00 0.000000e+00
    outer loop
      vertex   9.846589e+00 3.000000e+00 -9.636521e+00
      vertex   1.207904e+01 3.000000e+00 -6.792786e+00
      vertex   1.005136e+01 3.000000e+00 -9.540197e+00
    endloop
  endfacet
  facet normal 0.000000e+00 1.000000e+00 0.000000e+00
    outer loop
      vertex   1.005136e+01 3.000000e+00 -9.540197e+00
      vertex   1.207904e+01 3.000000e+00 -6.792786e+00
      vertex   1.027255e+01 3.000000e+00 -9.492380e+00
    endloop
  endfacet
  facet normal -0.000000e+00 1.000000e+00 0.000000e+00
    outer loop
      vertex   1.027255e+01 3.000000e+00 -9.492380e+00
      vertex   1.207904e+01 3.000000e+00 -6.792786e+00
      vertex   1.049883e+01 3.000000e+00 -9.495521e+00
    endloop
  endfacet
  facet normal -0.000000e+00 1.000000e+00 0.000000e+00
    outer loop
      vertex   1.049883e+01 3.000000e+00 -9.495521e+00
      vertex   1.207904e+01 3.000000e+00 -6.792786e+00
      vertex   1.071860e+01 3.000000e+00 -9.549459e+00
    endloop
  endfacet
  facet normal -0.000000e+00 1.000000e+00 0.000000e+00
    outer loop
      vertex   1.071860e+01 3.000000e+00 -9.549459e+00
      vertex   1.207904e+01 3.000000e+00 -6.792786e+00
      vertex   1.167868e+01 3.000000e+00 -9.904332e+00
    endloop
  endfacet
  facet normal -0.000000e+00 1.000000e+00 0.000000e+00
    outer loop
      vertex   1.167868e+01 3.000000e+00 -9.904332e+00
      vertex   1.207904e+01 3.000000e+00 -6.792786e+00
      vertex   1.192929e+01 3.000000e+00 -9.961730e+00
    endloop
  endfacet
  facet normal 0.000000e+00 1.000000e+00 0.000000e+00
    outer loop
      vertex   1.192929e+01 3.000000e+00 -9.961730e+00
      vertex   1.207904e+01 3.000000e+00 -6.792786e+00
      vertex   1.209855e+01 3.000000e+00 -7.018241e+00
    endloop
  endfacet
  facet normal 0.000000e+00 1.000000e+00 0.000000e+00
    outer loop
      vertex   1.192929e+01 3.000000e+00 -9.961730e+00
      vertex   1.209855e+01 3.000000e+00 -7.018241e+00
      vertex   1.216825e+01 3.000000e+00 -7.233538e+00
    endloop
  endfacet
  facet normal 0.000000e+00 1.000000e+00 0.000000e+00
    outer loop
      vertex   1.216825e+01 3.000000e+00 -7.233538e+00
      vertex   1.228457e+01 3.000000e+00 -7.427651e+00
      vertex   1.192929e+01 3.000000e+00 -9.961730e+00
    endloop
  endfacet
  facet normal 0.000000e+00 1.000000e+00 0.000000e+00
    outer loop
      vertex   1.192929e+01 3.000000e+00 -9.961730e+00
      vertex   1.228457e+01 3.000000e+00 -7.427651e+00
      vertex   1.290666e+01 3.000000e+00 -8.240474e+00
    endloop
  endfacet
  facet normal 0.000000e+00 1.000000e+00 0.000000e+00
    outer loop
      vertex   1.192929e+01 3.000000e+00 -9.961730e+00
      vertex   1.290666e+01 3.000000e+00 -8.240474e+00
      vertex   1.303538e+01 3.000000e+00 -8.463030e+00
    endloop
  endfacet
  facet normal 0.000000e+00 1.000000e+00 0.000000e+00
    outer loop
      vertex   1.303538e+01 3.000000e+00 -8.463030e+00
      vertex   1.310309e+01 3.000000e+00 -8.711049e+00
      vertex   1.192929e+01 3.000000e+00 -9.961730e+00
    endloop
  endfacet
  facet normal 0.000000e+00 1.000000e+00 0.000000e+00
    outer loop
      vertex   1.192929e+01 3.000000e+00 -9.961730e+00
      vertex   1.310309e+01 3.000000e+00 -8.711049e+00
      vertex   1.310534e+01 3.000000e+00 -8.968136e+00
    endloop
  endfacet
  facet normal 0.000000e+00 1.000000e+00 0.000000e+00
    outer loop
      vertex   1.192929e+01 3.000000e+00 -9.961730e+00
      vertex   1.310534e+01 3.000000e+00 -8.968136e+00
      vertex   1.304196e+01 3.000000e+00 -9.217299e+00
    endloop
  endfacet
  facet normal 0.000000e+00 1.000000e+00 0.000000e+00
    outer loop
      vertex   1.304196e+01 3.000000e+00 -9.217299e+00
      vertex   1.291715e+01 3.000000e+00 -9.442068e+00
      vertex   1.192929e+01 3.000000e+00 -9.961730e+00
    endloop
  endfacet
  facet normal 0.000000e+00 1.000000e+00 0.000000e+00
    outer loop
      vertex   1.192929e+01 3.000000e+00 -9.961730e+00
      vertex   1.291715e+01 3.000000e+00 -9.442068e+00
      vertex   1.282998e+01 3.000000e+00 -9.560178e+00
    endloop
  endfacet
  facet normal 0.000000e+00 1.000000e+00 0.000000e+00
    outer loop
      vertex   1.192929e+01 3.000000e+00 -9.961730e+00
      vertex   1.282998e+01 3.000000e+00 -9.560178e+00
      vertex   1.265199e+01 3.000000e+00 -9.745696e+00
    endloop
  endfacet
  facet normal 0.000000e+00 1.000000e+00 0.000000e+00
    outer loop
      vertex   1.265199e+01 3.000000e+00 -9.745696e+00
      vertex   1.243257e+01 3.000000e+00 -9.879701e+00
      vertex   1.192929e+01 3.000000e+00 -9.961730e+00
    endloop
  endfacet
  facet normal 0.000000e+00 1.000000e+00 0.000000e+00
    outer loop
      vertex   1.192929e+01 3.000000e+00 -9.961730e+00
      vertex   1.243257e+01 3.000000e+00 -9.879701e+00
      vertex   1.218625e+01 3.000000e+00 -9.953334e+00
    endloop
  endfacet
  facet normal 0.000000e+00 1.000000e+00 0.000000e+00
    outer loop
      vertex   9.668717e+00 3.000000e+00 -9.776421e+00
      vertex   9.664190e+00 3.000000e+00 -9.780897e+00
      vertex   6.187979e+00 3.000000e+00 -1.227890e+01
    endloop
  endfacet
  facet normal 0.000000e+00 1.000000e+00 0.000000e+00
    outer loop
      vertex   6.187979e+00 3.000000e+00 -1.227890e+01
      vertex   9.664190e+00 3.000000e+00 -9.780897e+00
      vertex   9.659660e+00 3.000000e+00 -9.785370e+00
    endloop
  endfacet
  facet normal 0.000000e+00 1.000000e+00 0.000000e+00
    outer loop
      vertex   6.187979e+00 3.000000e+00 -1.227890e+01
      vertex   9.659660e+00 3.000000e+00 -9.785370e+00
      vertex   9.655128e+00 3.000000e+00 -9.789842e+00
    endloop
  endfacet
  facet normal 0.000000e+00 1.000000e+00 -0.000000e+00
    outer loop
      vertex   9.513021e+00 3.000000e+00 -9.965956e+00
      vertex   6.205030e+00 3.000000e+00 -1.227029e+01
      vertex   9.655128e+00 3.000000e+00 -9.789842e+00
    endloop
  endfacet
  facet normal 0.000000e+00 1.000000e+00 0.000000e+00
    outer loop
      vertex   9.655128e+00 3.000000e+00 -9.789842e+00
      vertex   6.205030e+00 3.000000e+00 -1.227029e+01
      vertex   6.199347e+00 3.000000e+00 -1.227317e+01
    endloop
  endfacet
  facet normal 0.000000e+00 1.000000e+00 0.000000e+00
    outer loop
      vertex   9.655128e+00 3.000000e+00 -9.789842e+00
      vertex   6.199347e+00 3.000000e+00 -1.227317e+01
      vertex   6.193664e+00 3.000000e+00 -1.227603e+01
    endloop
  endfacet
  facet normal 0.000000e+00 1.000000e+00 0.000000e+00
    outer loop
      vertex   6.205030e+00 3.000000e+00 -1.227029e+01
      vertex   9.513021e+00 3.000000e+00 -9.965956e+00
      vertex   6.417232e+00 3.000000e+00 -1.219168e+01
    endloop
  endfacet
  facet normal 0.000000e+00 1.000000e+00 0.000000e+00
    outer loop
      vertex   6.417232e+00 3.000000e+00 -1.219168e+01
      vertex   9.513021e+00 3.000000e+00 -9.965956e+00
      vertex   9.414152e+00 3.000000e+00 -1.016951e+01
    endloop
  endfacet
  facet normal 0.000000e+00 1.000000e+00 0.000000e+00
    outer loop
      vertex   6.417232e+00 3.000000e+00 -1.219168e+01
      vertex   9.414152e+00 3.000000e+00 -1.016951e+01
      vertex   9.363582e+00 3.000000e+00 -1.039009e+01
    endloop
  endfacet
  facet normal 0.000000e+00 1.000000e+00 0.000000e+00
    outer loop
      vertex   9.363902e+00 3.000000e+00 -1.061638e+01
      vertex   9.280305e+00 3.000000e+00 -1.303385e+01
      vertex   9.363582e+00 3.000000e+00 -1.039009e+01
    endloop
  endfacet
  facet normal 0.000000e+00 1.000000e+00 0.000000e+00
    outer loop
      vertex   9.363582e+00 3.000000e+00 -1.039009e+01
      vertex   9.280305e+00 3.000000e+00 -1.303385e+01
      vertex   7.273930e+00 3.000000e+00 -1.237621e+01
    endloop
  endfacet
  facet normal 0.000000e+00 1.000000e+00 0.000000e+00
    outer loop
      vertex   9.363582e+00 3.000000e+00 -1.039009e+01
      vertex   7.273930e+00 3.000000e+00 -1.237621e+01
      vertex   7.081283e+00 3.000000e+00 -1.225748e+01
    endloop
  endfacet
  facet normal 0.000000e+00 1.000000e+00 0.000000e+00
    outer loop
      vertex   9.363902e+00 3.000000e+00 -1.061638e+01
      vertex   9.415095e+00 3.000000e+00 -1.083681e+01
      vertex   9.280305e+00 3.000000e+00 -1.303385e+01
    endloop
  endfacet
  facet normal 0.000000e+00 1.000000e+00 0.000000e+00
    outer loop
      vertex   9.280305e+00 3.000000e+00 -1.303385e+01
      vertex   9.415095e+00 3.000000e+00 -1.083681e+01
      vertex   9.757973e+00 3.000000e+00 -1.180124e+01
    endloop
  endfacet
  facet normal 0.000000e+00 1.000000e+00 0.000000e+00
    outer loop
      vertex   9.280305e+00 3.000000e+00 -1.303385e+01
      vertex   9.757973e+00 3.000000e+00 -1.180124e+01
      vertex   9.812242e+00 3.000000e+00 -1.205255e+01
    endloop
  endfacet
  facet normal 0.000000e+00 1.000000e+00 0.000000e+00
    outer loop
      vertex   9.812242e+00 3.000000e+00 -1.205255e+01
      vertex   9.800643e+00 3.000000e+00 -1.230938e+01
      vertex   9.280305e+00 3.000000e+00 -1.303385e+01
    endloop
  endfacet
  facet normal 0.000000e+00 1.000000e+00 0.000000e+00
    outer loop
      vertex   9.280305e+00 3.000000e+00 -1.303385e+01
      vertex   9.800643e+00 3.000000e+00 -1.230938e+01
      vertex   9.399493e+00 3.000000e+00 -1.294816e+01
    endloop
  endfacet
  facet normal 0.000000e+00 1.000000e+00 0.000000e+00
    outer loop
      vertex   9.399493e+00 3.000000e+00 -1.294816e+01
      vertex   9.800643e+00 3.000000e+00 -1.230938e+01
      vertex   9.723945e+00 3.000000e+00 -1.255477e+01
    endloop
  endfacet
  facet normal 0.000000e+00 1.000000e+00 0.000000e+00
    outer loop
      vertex   9.399493e+00 3.000000e+00 -1.294816e+01
      vertex   9.723945e+00 3.000000e+00 -1.255477e+01
      vertex   9.587215e+00 3.000000e+00 -1.277250e+01
    endloop
  endfacet
  facet normal 0.000000e+00 1.000000e+00 -0.000000e+00
    outer loop
      vertex   9.053998e+00 3.000000e+00 -1.315585e+01
      vertex   8.299869e+00 3.000000e+00 -1.313987e+01
      vertex   9.280305e+00 3.000000e+00 -1.303385e+01
    endloop
  endfacet
  facet normal 0.000000e+00 1.000000e+00 0.000000e+00
    outer loop
      vertex   9.280305e+00 3.000000e+00 -1.303385e+01
      vertex   8.299869e+00 3.000000e+00 -1.313987e+01
      vertex   8.078935e+00 3.000000e+00 -1.300839e+01
    endloop
  endfacet
  facet normal 0.000000e+00 1.000000e+00 0.000000e+00
    outer loop
      vertex   9.280305e+00 3.000000e+00 -1.303385e+01
      vertex   8.078935e+00 3.000000e+00 -1.300839e+01
      vertex   7.273930e+00 3.000000e+00 -1.237621e+01
    endloop
  endfacet
  facet normal 0.000000e+00 1.000000e+00 -0.000000e+00
    outer loop
      vertex   8.804064e+00 3.000000e+00 -1.321612e+01
      vertex   8.547025e+00 3.000000e+00 -1.321067e+01
      vertex   9.053998e+00 3.000000e+00 -1.315585e+01
    endloop
  endfacet
  facet normal 0.000000e+00 1.000000e+00 0.000000e+00
    outer loop
      vertex   9.053998e+00 3.000000e+00 -1.315585e+01
      vertex   8.547025e+00 3.000000e+00 -1.321067e+01
      vertex   8.299869e+00 3.000000e+00 -1.313987e+01
    endloop
  endfacet
  facet normal 0.000000e+00 1.000000e+00 -0.000000e+00
    outer loop
      vertex   7.081283e+00 3.000000e+00 -1.225748e+01
      vertex   6.866871e+00 3.000000e+00 -1.218510e+01
      vertex   9.363582e+00 3.000000e+00 -1.039009e+01
    endloop
  endfacet
  facet normal 0.000000e+00 1.000000e+00 0.000000e+00
    outer loop
      vertex   9.363582e+00 3.000000e+00 -1.039009e+01
      vertex   6.866871e+00 3.000000e+00 -1.218510e+01
      vertex   6.641677e+00 3.000000e+00 -1.216279e+01
    endloop
  endfacet
  facet normal 0.000000e+00 1.000000e+00 0.000000e+00
    outer loop
      vertex   9.363582e+00 3.000000e+00 -1.039009e+01
      vertex   6.641677e+00 3.000000e+00 -1.216279e+01
      vertex   6.417232e+00 3.000000e+00 -1.219168e+01
    endloop
  endfacet
  facet normal 0.000000e+00 1.000000e+00 -0.000000e+00
    outer loop
      vertex   6.193664e+00 3.000000e+00 -1.227603e+01
      vertex   6.187979e+00 3.000000e+00 -1.227890e+01
      vertex   9.655128e+00 3.000000e+00 -9.789842e+00
    endloop
  endfacet
  facet normal 0.000000e+00 1.000000e+00 0.000000e+00
    outer loop
      vertex   5.657329e+00 3.000000e+00 -1.297632e+01
      vertex   5.638462e+00 3.000000e+00 -1.320183e+01
      vertex   5.583484e+00 3.000000e+00 1.496249e+01
    endloop
  endfacet
  facet normal 0.000000e+00 1.000000e+00 0.000000e+00
    outer loop
      vertex   5.669084e+00 3.000000e+00 -1.422494e+01
      vertex   3.128403e+00 3.000000e+00 -1.401048e+01
      vertex   5.638462e+00 3.000000e+00 -1.320183e+01
    endloop
  endfacet
  facet normal 0.000000e+00 1.000000e+00 0.000000e+00
    outer loop
      vertex   5.638462e+00 3.000000e+00 -1.320183e+01
      vertex   3.128403e+00 3.000000e+00 -1.401048e+01
      vertex   2.981445e+00 3.000000e+00 -1.383840e+01
    endloop
  endfacet
  facet normal 0.000000e+00 1.000000e+00 0.000000e+00
    outer loop
      vertex   5.638462e+00 3.000000e+00 -1.320183e+01
      vertex   2.981445e+00 3.000000e+00 -1.383840e+01
      vertex   2.799557e+00 3.000000e+00 -1.370376e+01
    endloop
  endfacet
  facet normal 0.000000e+00 1.000000e+00 0.000000e+00
    outer loop
      vertex   3.128403e+00 3.000000e+00 -1.401048e+01
      vertex   5.669084e+00 3.000000e+00 -1.422494e+01
      vertex   3.700771e+00 3.000000e+00 -1.485906e+01
    endloop
  endfacet
  facet normal 0.000000e+00 1.000000e+00 0.000000e+00
    outer loop
      vertex   3.700771e+00 3.000000e+00 -1.485906e+01
      vertex   5.669084e+00 3.000000e+00 -1.422494e+01
      vertex   5.643678e+00 3.000000e+00 -1.448077e+01
    endloop
  endfacet
  facet normal 0.000000e+00 1.000000e+00 0.000000e+00
    outer loop
      vertex   3.700771e+00 3.000000e+00 -1.485906e+01
      vertex   5.643678e+00 3.000000e+00 -1.448077e+01
      vertex   5.553881e+00 3.000000e+00 -1.472168e+01
    endloop
  endfacet
  facet normal 0.000000e+00 1.000000e+00 0.000000e+00
    outer loop
      vertex   5.553881e+00 3.000000e+00 -1.472168e+01
      vertex   5.405630e+00 3.000000e+00 -1.493173e+01
      vertex   3.700771e+00 3.000000e+00 -1.485906e+01
    endloop
  endfacet
  facet normal 0.000000e+00 1.000000e+00 0.000000e+00
    outer loop
      vertex   3.700771e+00 3.000000e+00 -1.485906e+01
      vertex   5.405630e+00 3.000000e+00 -1.493173e+01
      vertex   5.208723e+00 3.000000e+00 -1.509704e+01
    endloop
  endfacet
  facet normal 0.000000e+00 1.000000e+00 0.000000e+00
    outer loop
      vertex   3.700771e+00 3.000000e+00 -1.485906e+01
      vertex   5.208723e+00 3.000000e+00 -1.509704e+01
      vertex   3.870744e+00 3.000000e+00 -1.505195e+01
    endloop
  endfacet
  facet normal 0.000000e+00 1.000000e+00 0.000000e+00
    outer loop
      vertex   3.870744e+00 3.000000e+00 -1.505195e+01
      vertex   5.208723e+00 3.000000e+00 -1.509704e+01
      vertex   4.976177e+00 3.000000e+00 -1.520668e+01
    endloop
  endfacet
  facet normal 0.000000e+00 1.000000e+00 0.000000e+00
    outer loop
      vertex   3.870744e+00 3.000000e+00 -1.505195e+01
      vertex   4.976177e+00 3.000000e+00 -1.520668e+01
      vertex   4.836455e+00 3.000000e+00 -1.525169e+01
    endloop
  endfacet
  facet normal 0.000000e+00 1.000000e+00 -0.000000e+00
    outer loop
      vertex   4.583640e+00 3.000000e+00 -1.529842e+01
      vertex   4.327266e+00 3.000000e+00 -1.527914e+01
      vertex   4.836455e+00 3.000000e+00 -1.525169e+01
    endloop
  endfacet
  facet normal 0.000000e+00 1.000000e+00 0.000000e+00
    outer loop
      vertex   4.836455e+00 3.000000e+00 -1.525169e+01
      vertex   4.327266e+00 3.000000e+00 -1.527914e+01
      vertex   4.084281e+00 3.000000e+00 -1.519513e+01
    endloop
  endfacet
  facet normal 0.000000e+00 1.000000e+00 0.000000e+00
    outer loop
      vertex   4.836455e+00 3.000000e+00 -1.525169e+01
      vertex   4.084281e+00 3.000000e+00 -1.519513e+01
      vertex   3.870744e+00 3.000000e+00 -1.505195e+01
    endloop
  endfacet
  facet normal 0.000000e+00 1.000000e+00 -0.000000e+00
    outer loop
      vertex   2.799557e+00 3.000000e+00 -1.370376e+01
      vertex   2.592054e+00 3.000000e+00 -1.361347e+01
      vertex   5.638462e+00 3.000000e+00 -1.320183e+01
    endloop
  endfacet
  facet normal 0.000000e+00 1.000000e+00 0.000000e+00
    outer loop
      vertex   5.638462e+00 3.000000e+00 -1.320183e+01
      vertex   2.592054e+00 3.000000e+00 -1.361347e+01
      vertex   2.369562e+00 3.000000e+00 -1.357214e+01
    endloop
  endfacet
  facet normal 0.000000e+00 1.000000e+00 0.000000e+00
    outer loop
      vertex   2.130897e+00 3.000000e+00 -1.358388e+01
      vertex   2.124607e+00 3.000000e+00 -1.358486e+01
      vertex   -2.124607e+00 3.000000e+00 -1.358486e+01
    endloop
  endfacet
  facet normal -0.000000e+00 1.000000e+00 0.000000e+00
    outer loop
      vertex   -2.124607e+00 3.000000e+00 -1.358486e+01
      vertex   2.124607e+00 3.000000e+00 -1.358486e+01
      vertex   -1.906420e+00 3.000000e+00 -1.364490e+01
    endloop
  endfacet
  facet normal 0.000000e+00 1.000000e+00 0.000000e+00
    outer loop
      vertex   -1.906420e+00 3.000000e+00 -1.364490e+01
      vertex   2.124607e+00 3.000000e+00 -1.358486e+01
      vertex   1.906420e+00 3.000000e+00 -1.364490e+01
    endloop
  endfacet
  facet normal -0.000000e+00 1.000000e+00 0.000000e+00
    outer loop
      vertex   -1.906420e+00 3.000000e+00 -1.364490e+01
      vertex   1.906420e+00 3.000000e+00 -1.364490e+01
      vertex   -1.707319e+00 3.000000e+00 -1.375246e+01
    endloop
  endfacet
  facet normal 0.000000e+00 1.000000e+00 0.000000e+00
    outer loop
      vertex   -1.707319e+00 3.000000e+00 -1.375246e+01
      vertex   1.906420e+00 3.000000e+00 -1.364490e+01
      vertex   1.707319e+00 3.000000e+00 -1.375246e+01
    endloop
  endfacet
  facet normal -0.000000e+00 1.000000e+00 0.000000e+00
    outer loop
      vertex   -1.707319e+00 3.000000e+00 -1.375246e+01
      vertex   1.707319e+00 3.000000e+00 -1.375246e+01
      vertex   -1.537501e+00 3.000000e+00 -1.390204e+01
    endloop
  endfacet
  facet normal 0.000000e+00 1.000000e+00 0.000000e+00
    outer loop
      vertex   -1.537501e+00 3.000000e+00 -1.390204e+01
      vertex   1.707319e+00 3.000000e+00 -1.375246e+01
      vertex   1.537501e+00 3.000000e+00 -1.390204e+01
    endloop
  endfacet
  facet normal -0.000000e+00 1.000000e+00 0.000000e+00
    outer loop
      vertex   -1.537501e+00 3.000000e+00 -1.390204e+01
      vertex   1.537501e+00 3.000000e+00 -1.390204e+01
      vertex   -1.405661e+00 3.000000e+00 -1.408596e+01
    endloop
  endfacet
  facet normal 0.000000e+00 1.000000e+00 0.000000e+00
    outer loop
      vertex   -1.405661e+00 3.000000e+00 -1.408596e+01
      vertex   1.537501e+00 3.000000e+00 -1.390204e+01
      vertex   1.405661e+00 3.000000e+00 -1.408596e+01
    endloop
  endfacet
  facet normal -0.000000e+00 1.000000e+00 0.000000e+00
    outer loop
      vertex   -1.405661e+00 3.000000e+00 -1.408596e+01
      vertex   1.405661e+00 3.000000e+00 -1.408596e+01
      vertex   -1.318552e+00 3.000000e+00 -1.429482e+01
    endloop
  endfacet
  facet normal 0.000000e+00 1.000000e+00 0.000000e+00
    outer loop
      vertex   -1.318552e+00 3.000000e+00 -1.429482e+01
      vertex   1.405661e+00 3.000000e+00 -1.408596e+01
      vertex   1.318552e+00 3.000000e+00 -1.429482e+01
    endloop
  endfacet
  facet normal -0.000000e+00 1.000000e+00 0.000000e+00
    outer loop
      vertex   -1.318552e+00 3.000000e+00 -1.429482e+01
      vertex   1.318552e+00 3.000000e+00 -1.429482e+01
      vertex   -1.033969e+00 3.000000e+00 -1.527803e+01
    endloop
  endfacet
  facet normal 0.000000e+00 1.000000e+00 0.000000e+00
    outer loop
      vertex   -1.033969e+00 3.000000e+00 -1.527803e+01
      vertex   1.318552e+00 3.000000e+00 -1.429482e+01
      vertex   1.033969e+00 3.000000e+00 -1.527803e+01
    endloop
  endfacet
  facet normal -0.000000e+00 1.000000e+00 0.000000e+00
    outer loop
      vertex   -1.033969e+00 3.000000e+00 -1.527803e+01
      vertex   1.033969e+00 3.000000e+00 -1.527803e+01
      vertex   -9.313347e-01 3.000000e+00 -1.551375e+01
    endloop
  endfacet
  facet normal 0.000000e+00 1.000000e+00 0.000000e+00
    outer loop
      vertex   -9.313347e-01 3.000000e+00 -1.551375e+01
      vertex   1.033969e+00 3.000000e+00 -1.527803e+01
      vertex   9.313347e-01 3.000000e+00 -1.551375e+01
    endloop
  endfacet
  facet normal -0.000000e+00 1.000000e+00 0.000000e+00
    outer loop
      vertex   -9.313347e-01 3.000000e+00 -1.551375e+01
      vertex   9.313347e-01 3.000000e+00 -1.551375e+01
      vertex   -7.719916e-01 3.000000e+00 -1.571552e+01
    endloop
  endfacet
  facet normal -0.000000e+00 1.000000e+00 0.000000e+00
    outer loop
      vertex   -7.719916e-01 3.000000e+00 -1.571552e+01
      vertex   9.313347e-01 3.000000e+00 -1.551375e+01
      vertex   7.719916e-01 3.000000e+00 -1.571552e+01
    endloop
  endfacet
  facet normal 0.000000e+00 1.000000e+00 0.000000e+00
    outer loop
      vertex   -7.719916e-01 3.000000e+00 -1.571552e+01
      vertex   7.719916e-01 3.000000e+00 -1.571552e+01
      vertex   -5.664722e-01 3.000000e+00 -1.586999e+01
    endloop
  endfacet
  facet normal -0.000000e+00 1.000000e+00 0.000000e+00
    outer loop
      vertex   -5.664722e-01 3.000000e+00 -1.586999e+01
      vertex   7.719916e-01 3.000000e+00 -1.571552e+01
      vertex   -3.283610e-01 3.000000e+00 -1.596695e+01
    endloop
  endfacet
  facet normal -0.000000e+00 1.000000e+00 0.000000e+00
    outer loop
      vertex   -3.283610e-01 3.000000e+00 -1.596695e+01
      vertex   7.719916e-01 3.000000e+00 -1.571552e+01
      vertex   -7.339698e-02 3.000000e+00 -1.600000e+01
    endloop
  endfacet
  facet normal 0.000000e+00 1.000000e+00 0.000000e+00
    outer loop
      vertex   -7.339698e-02 3.000000e+00 -1.600000e+01
      vertex   7.719916e-01 3.000000e+00 -1.571552e+01
      vertex   7.339698e-02 3.000000e+00 -1.600000e+01
    endloop
  endfacet
  facet normal 0.000000e+00 1.000000e+00 0.000000e+00
    outer loop
      vertex   7.339698e-02 3.000000e+00 -1.600000e+01
      vertex   7.719916e-01 3.000000e+00 -1.571552e+01
      vertex   5.664722e-01 3.000000e+00 -1.586999e+01
    endloop
  endfacet
  facet normal 0.000000e+00 1.000000e+00 0.000000e+00
    outer loop
      vertex   7.339698e-02 3.000000e+00 -1.600000e+01
      vertex   5.664722e-01 3.000000e+00 -1.586999e+01
      vertex   3.283610e-01 3.000000e+00 -1.596695e+01
    endloop
  endfacet
  facet normal 0.000000e+00 1.000000e+00 -0.000000e+00
    outer loop
      vertex   -2.124607e+00 3.000000e+00 -1.358486e+01
      vertex   -3.118753e+00 3.000000e+00 -1.339163e+01
      vertex   1.207978e-01 3.000000e+00 -2.997567e+00
    endloop
  endfacet
  facet normal 0.000000e+00 1.000000e+00 0.000000e+00
    outer loop
      vertex   1.207978e-01 3.000000e+00 -2.997567e+00
      vertex   -3.118753e+00 3.000000e+00 -1.339163e+01
      vertex   -3.616100e-01 3.000000e+00 -2.978127e+00
    endloop
  endfacet
  facet normal 0.000000e+00 1.000000e+00 0.000000e+00
    outer loop
      vertex   -3.616100e-01 3.000000e+00 -2.978127e+00
      vertex   -3.118753e+00 3.000000e+00 -1.339163e+01
      vertex   -8.346524e-01 3.000000e+00 -2.881554e+00
    endloop
  endfacet
  facet normal 0.000000e+00 1.000000e+00 0.000000e+00
    outer loop
      vertex   -8.346524e-01 3.000000e+00 -2.881554e+00
      vertex   -3.118753e+00 3.000000e+00 -1.339163e+01
      vertex   -1.286078e+00 3.000000e+00 -2.710351e+00
    endloop
  endfacet
  facet normal 0.000000e+00 1.000000e+00 0.000000e+00
    outer loop
      vertex   -1.286078e+00 3.000000e+00 -2.710351e+00
      vertex   -3.118753e+00 3.000000e+00 -1.339163e+01
      vertex   -1.704194e+00 3.000000e+00 -2.468952e+00
    endloop
  endfacet
  facet normal 0.000000e+00 1.000000e+00 0.000000e+00
    outer loop
      vertex   -1.704194e+00 3.000000e+00 -2.468952e+00
      vertex   -3.118753e+00 3.000000e+00 -1.339163e+01
      vertex   -2.078173e+00 3.000000e+00 -2.163607e+00
    endloop
  endfacet
  facet normal 0.000000e+00 1.000000e+00 0.000000e+00
    outer loop
      vertex   -2.078173e+00 3.000000e+00 -2.163607e+00
      vertex   -3.118753e+00 3.000000e+00 -1.339163e+01
      vertex   -2.398328e+00 3.000000e+00 -1.802227e+00
    endloop
  endfacet
  facet normal 0.000000e+00 1.000000e+00 0.000000e+00
    outer loop
      vertex   -2.398328e+00 3.000000e+00 -1.802227e+00
      vertex   -3.118753e+00 3.000000e+00 -1.339163e+01
      vertex   -2.656368e+00 3.000000e+00 -1.394170e+00
    endloop
  endfacet
  facet normal 0.000000e+00 1.000000e+00 0.000000e+00
    outer loop
      vertex   -2.656368e+00 3.000000e+00 -1.394170e+00
      vertex   -3.118753e+00 3.000000e+00 -1.339163e+01
      vertex   -2.845609e+00 3.000000e+00 -9.500040e-01
    endloop
  endfacet
  facet normal 0.000000e+00 1.000000e+00 0.000000e+00
    outer loop
      vertex   -2.845609e+00 3.000000e+00 -9.500040e-01
      vertex   -3.118753e+00 3.000000e+00 -1.339163e+01
      vertex   -2.961151e+00 3.000000e+00 -4.812338e-01
    endloop
  endfacet
  facet normal 0.000000e+00 1.000000e+00 0.000000e+00
    outer loop
      vertex   -2.961151e+00 3.000000e+00 -4.812338e-01
      vertex   -3.118753e+00 3.000000e+00 -1.339163e+01
      vertex   -3.000000e+00 3.000000e+00 5.551115e-16
    endloop
  endfacet
  facet normal 0.000000e+00 1.000000e+00 0.000000e+00
    outer loop
      vertex   -3.000000e+00 3.000000e+00 5.551115e-16
      vertex   -3.118753e+00 3.000000e+00 -1.339163e+01
      vertex   -4.095981e+00 3.000000e+00 -1.312575e+01
    endloop
  endfacet
  facet normal 0.000000e+00 1.000000e+00 0.000000e+00
    outer loop
      vertex   -3.000000e+00 3.000000e+00 5.551115e-16
      vertex   -4.095981e+00 3.000000e+00 -1.312575e+01
      vertex   -5.050987e+00 3.000000e+00 -1.278867e+01
    endloop
  endfacet
  facet normal 0.000000e+00 1.000000e+00 -0.000000e+00
    outer loop
      vertex   -5.050987e+00 3.000000e+00 -1.278867e+01
      vertex   -5.978592e+00 3.000000e+00 -1.238220e+01
      vertex   -3.000000e+00 3.000000e+00 5.551115e-16
    endloop
  endfacet
  facet normal 0.000000e+00 1.000000e+00 0.000000e+00
    outer loop
      vertex   -3.000000e+00 3.000000e+00 5.551115e-16
      vertex   -5.978592e+00 3.000000e+00 -1.238220e+01
      vertex   -6.873763e+00 3.000000e+00 -1.190856e+01
    endloop
  endfacet
  facet normal 0.000000e+00 1.000000e+00 0.000000e+00
    outer loop
      vertex   -3.000000e+00 3.000000e+00 5.551115e-16
      vertex   -6.873763e+00 3.000000e+00 -1.190856e+01
      vertex   -7.731643e+00 3.000000e+00 -1.137032e+01
    endloop
  endfacet
  facet normal 0.000000e+00 1.000000e+00 -0.000000e+00
    outer loop
      vertex   -7.731643e+00 3.000000e+00 -1.137032e+01
      vertex   -8.547580e+00 3.000000e+00 -1.077039e+01
      vertex   -3.000000e+00 3.000000e+00 5.551115e-16
    endloop
  endfacet
  facet normal 0.000000e+00 1.000000e+00 0.000000e+00
    outer loop
      vertex   -3.000000e+00 3.000000e+00 5.551115e-16
      vertex   -8.547580e+00 3.000000e+00 -1.077039e+01
      vertex   -9.317146e+00 3.000000e+00 -1.011204e+01
    endloop
  endfacet
  facet normal 0.000000e+00 1.000000e+00 0.000000e+00
    outer loop
      vertex   -3.000000e+00 3.000000e+00 5.551115e-16
      vertex   -9.317146e+00 3.000000e+00 -1.011204e+01
      vertex   -1.003617e+01 3.000000e+00 -9.398823e+00
    endloop
  endfacet
  facet normal 0.000000e+00 1.000000e+00 -0.000000e+00
    outer loop
      vertex   -1.003617e+01 3.000000e+00 -9.398823e+00
      vertex   -1.070074e+01 3.000000e+00 -8.634620e+00
      vertex   -3.000000e+00 3.000000e+00 5.551115e-16
    endloop
  endfacet
  facet normal 0.000000e+00 1.000000e+00 0.000000e+00
    outer loop
      vertex   -3.000000e+00 3.000000e+00 5.551115e-16
      vertex   -1.070074e+01 3.000000e+00 -8.634620e+00
      vertex   -1.130726e+01 3.000000e+00 -7.823574e+00
    endloop
  endfacet
  facet normal 0.000000e+00 1.000000e+00 0.000000e+00
    outer loop
      vertex   -3.000000e+00 3.000000e+00 5.551115e-16
      vertex   -1.130726e+01 3.000000e+00 -7.823574e+00
      vertex   -1.185244e+01 3.000000e+00 -6.970086e+00
    endloop
  endfacet
  facet normal 0.000000e+00 1.000000e+00 -0.000000e+00
    outer loop
      vertex   -1.185244e+01 3.000000e+00 -6.970086e+00
      vertex   -1.233332e+01 3.000000e+00 -6.078784e+00
      vertex   -3.000000e+00 3.000000e+00 5.551115e-16
    endloop
  endfacet
  facet normal 0.000000e+00 1.000000e+00 0.000000e+00
    outer loop
      vertex   -3.000000e+00 3.000000e+00 5.551115e-16
      vertex   -1.233332e+01 3.000000e+00 -6.078784e+00
      vertex   -1.274730e+01 3.000000e+00 -5.154505e+00
    endloop
  endfacet
  facet normal 0.000000e+00 1.000000e+00 0.000000e+00
    outer loop
      vertex   -3.000000e+00 3.000000e+00 5.551115e-16
      vertex   -1.274730e+01 3.000000e+00 -5.154505e+00
      vertex   -1.309212e+01 3.000000e+00 -4.202263e+00
    endloop
  endfacet
  facet normal 0.000000e+00 1.000000e+00 -0.000000e+00
    outer loop
      vertex   -1.309212e+01 3.000000e+00 -4.202263e+00
      vertex   -1.336591e+01 3.000000e+00 -3.227224e+00
      vertex   -3.000000e+00 3.000000e+00 5.551115e-16
    endloop
  endfacet
  facet normal 0.000000e+00 1.000000e+00 0.000000e+00
    outer loop
      vertex   -3.000000e+00 3.000000e+00 5.551115e-16
      vertex   -1.336591e+01 3.000000e+00 -3.227224e+00
      vertex   -1.336591e+01 3.000000e+00 3.227224e+00
    endloop
  endfacet
  facet normal 0.000000e+00 1.000000e+00 -0.000000e+00
    outer loop
      vertex   -3.000000e+00 3.000000e+00 5.551115e-16
      vertex   -1.336591e+01 3.000000e+00 3.227224e+00
      vertex   -2.961151e+00 3.000000e+00 4.812338e-01
    endloop
  endfacet
  facet normal 0.000000e+00 1.000000e+00 -0.000000e+00
    outer loop
      vertex   -2.961151e+00 3.000000e+00 4.812338e-01
      vertex   -1.336591e+01 3.000000e+00 3.227224e+00
      vertex   -2.845609e+00 3.000000e+00 9.500040e-01
    endloop
  endfacet
  facet normal 0.000000e+00 1.000000e+00 -0.000000e+00
    outer loop
      vertex   -2.845609e+00 3.000000e+00 9.500040e-01
      vertex   -1.336591e+01 3.000000e+00 3.227224e+00
      vertex   -2.656368e+00 3.000000e+00 1.394170e+00
    endloop
  endfacet
  facet normal 0.000000e+00 1.000000e+00 -0.000000e+00
    outer loop
      vertex   -2.656368e+00 3.000000e+00 1.394170e+00
      vertex   -1.336591e+01 3.000000e+00 3.227224e+00
      vertex   -2.398328e+00 3.000000e+00 1.802227e+00
    endloop
  endfacet
  facet normal 0.000000e+00 1.000000e+00 -0.000000e+00
    outer loop
      vertex   -2.398328e+00 3.000000e+00 1.802227e+00
      vertex   -1.336591e+01 3.000000e+00 3.227224e+00
      vertex   -2.078173e+00 3.000000e+00 2.163607e+00
    endloop
  endfacet
  facet normal 0.000000e+00 1.000000e+00 -0.000000e+00
    outer loop
      vertex   -1.349361e+01 3.000000e+00 -3.239871e+00
      vertex   -1.375000e+01 3.000000e+00 -3.250000e+00
      vertex   -1.336591e+01 3.000000e+00 -3.227224e+00
    endloop
  endfacet
  facet normal 0.000000e+00 1.000000e+00 0.000000e+00
    outer loop
      vertex   -1.336591e+01 3.000000e+00 -3.227224e+00
      vertex   -1.375000e+01 3.000000e+00 -3.250000e+00
      vertex   -1.375000e+01 3.000000e+00 3.250000e+00
    endloop
  endfacet
  facet normal 0.000000e+00 1.000000e+00 -0.000000e+00
    outer loop
      vertex   -1.336591e+01 3.000000e+00 -3.227224e+00
      vertex   -1.375000e+01 3.000000e+00 3.250000e+00
      vertex   -1.336591e+01 3.000000e+00 3.227224e+00
    endloop
  endfacet
  facet normal 0.000000e+00 1.000000e+00 0.000000e+00
    outer loop
      vertex   -1.336591e+01 3.000000e+00 3.227224e+00
      vertex   -1.375000e+01 3.000000e+00 3.250000e+00
      vertex   -1.349361e+01 3.000000e+00 3.239871e+00
    endloop
  endfacet
  facet normal 0.000000e+00 1.000000e+00 0.000000e+00
    outer loop
      vertex   -1.349361e+01 3.000000e+00 3.239871e+00
      vertex   -1.375000e+01 3.000000e+00 3.250000e+00
      vertex   -1.362170e+01 3.000000e+00 3.247467e+00
    endloop
  endfacet
  facet normal 0.000000e+00 1.000000e+00 0.000000e+00
    outer loop
      vertex   -1.349361e+01 3.000000e+00 -3.239871e+00
      vertex   -1.362170e+01 3.000000e+00 -3.247467e+00
      vertex   -1.375000e+01 3.000000e+00 -3.250000e+00
    endloop
  endfacet
  facet normal -0.000000e+00 1.000000e+00 0.000000e+00
    outer loop
      vertex   -3.375000e+01 3.000000e+00 -3.250000e+00
      vertex   -3.233579e+01 3.000000e+00 -1.414214e+00
      vertex   -1.375000e+01 3.000000e+00 -3.250000e+00
    endloop
  endfacet
  facet normal 0.000000e+00 1.000000e+00 0.000000e+00
    outer loop
      vertex   -1.375000e+01 3.000000e+00 -3.250000e+00
      vertex   -3.233579e+01 3.000000e+00 -1.414214e+00
      vertex   -3.208706e+01 3.000000e+00 -1.111140e+00
    endloop
  endfacet
  facet normal 0.000000e+00 1.000000e+00 0.000000e+00
    outer loop
      vertex   -1.375000e+01 3.000000e+00 -3.250000e+00
      vertex   -3.208706e+01 3.000000e+00 -1.111140e+00
      vertex   -3.190224e+01 3.000000e+00 -7.653669e-01
    endloop
  endfacet
  facet normal -0.000000e+00 1.000000e+00 0.000000e+00
    outer loop
      vertex   -3.423439e+01 3.000000e+00 -3.213700e+00
      vertex   -3.375000e+01 3.000000e+00 -2.000000e+00
      vertex   -3.375000e+01 3.000000e+00 -3.250000e+00
    endloop
  endfacet
  facet normal 0.000000e+00 1.000000e+00 0.000000e+00
    outer loop
      vertex   -3.375000e+01 3.000000e+00 -3.250000e+00
      vertex   -3.375000e+01 3.000000e+00 -2.000000e+00
      vertex   -3.335982e+01 3.000000e+00 -1.961571e+00
    endloop
  endfacet
  facet normal 0.000000e+00 1.000000e+00 0.000000e+00
    outer loop
      vertex   -3.375000e+01 3.000000e+00 -3.250000e+00
      vertex   -3.335982e+01 3.000000e+00 -1.961571e+00
      vertex   -3.298463e+01 3.000000e+00 -1.847759e+00
    endloop
  endfacet
  facet normal 0.000000e+00 1.000000e+00 0.000000e+00
    outer loop
      vertex   -3.375000e+01 3.000000e+00 -2.000000e+00
      vertex   -3.423439e+01 3.000000e+00 -3.213700e+00
      vertex   -3.414018e+01 3.000000e+00 -1.961571e+00
    endloop
  endfacet
  facet normal 0.000000e+00 1.000000e+00 0.000000e+00
    outer loop
      vertex   -3.414018e+01 3.000000e+00 -1.961571e+00
      vertex   -3.423439e+01 3.000000e+00 -3.213700e+00
      vertex   -3.470795e+01 3.000000e+00 -3.105612e+00
    endloop
  endfacet
  facet normal 0.000000e+00 1.000000e+00 0.000000e+00
    outer loop
      vertex   -3.414018e+01 3.000000e+00 -1.961571e+00
      vertex   -3.470795e+01 3.000000e+00 -3.105612e+00
      vertex   -3.516012e+01 3.000000e+00 -2.928149e+00
    endloop
  endfacet
  facet normal 0.000000e+00 1.000000e+00 0.000000e+00
    outer loop
      vertex   -3.414018e+01 3.000000e+00 -1.961571e+00
      vertex   -3.516012e+01 3.000000e+00 -2.928149e+00
      vertex   -3.451537e+01 3.000000e+00 -1.847759e+00
    endloop
  endfacet
  facet normal 0.000000e+00 1.000000e+00 0.000000e+00
    outer loop
      vertex   -3.451537e+01 3.000000e+00 -1.847759e+00
      vertex   -3.516012e+01 3.000000e+00 -2.928149e+00
      vertex   -3.558079e+01 3.000000e+00 -2.685276e+00
    endloop
  endfacet
  facet normal 0.000000e+00 1.000000e+00 0.000000e+00
    outer loop
      vertex   -3.451537e+01 3.000000e+00 -1.847759e+00
      vertex   -3.558079e+01 3.000000e+00 -2.685276e+00
      vertex   -3.596056e+01 3.000000e+00 -2.382419e+00
    endloop
  endfacet
  facet normal 0.000000e+00 1.000000e+00 0.000000e+00
    outer loop
      vertex   -3.451537e+01 3.000000e+00 -1.847759e+00
      vertex   -3.596056e+01 3.000000e+00 -2.382419e+00
      vertex   -3.486114e+01 3.000000e+00 -1.662939e+00
    endloop
  endfacet
  facet normal 0.000000e+00 1.000000e+00 0.000000e+00
    outer loop
      vertex   -3.486114e+01 3.000000e+00 -1.662939e+00
      vertex   -3.596056e+01 3.000000e+00 -2.382419e+00
      vertex   -3.629095e+01 3.000000e+00 -2.026342e+00
    endloop
  endfacet
  facet normal 0.000000e+00 1.000000e+00 0.000000e+00
    outer loop
      vertex   -3.486114e+01 3.000000e+00 -1.662939e+00
      vertex   -3.629095e+01 3.000000e+00 -2.026342e+00
      vertex   -3.516421e+01 3.000000e+00 -1.414214e+00
    endloop
  endfacet
  facet normal 0.000000e+00 1.000000e+00 0.000000e+00
    outer loop
      vertex   -3.516421e+01 3.000000e+00 -1.414214e+00
      vertex   -3.629095e+01 3.000000e+00 -2.026342e+00
      vertex   -3.656458e+01 3.000000e+00 -1.625000e+00
    endloop
  endfacet
  facet normal 0.000000e+00 1.000000e+00 0.000000e+00
    outer loop
      vertex   -3.516421e+01 3.000000e+00 -1.414214e+00
      vertex   -3.656458e+01 3.000000e+00 -1.625000e+00
      vertex   -3.541294e+01 3.000000e+00 -1.111140e+00
    endloop
  endfacet
  facet normal 0.000000e+00 1.000000e+00 0.000000e+00
    outer loop
      vertex   -3.541294e+01 3.000000e+00 -1.111140e+00
      vertex   -3.656458e+01 3.000000e+00 -1.625000e+00
      vertex   -3.677534e+01 3.000000e+00 -1.187358e+00
    endloop
  endfacet
  facet normal 0.000000e+00 1.000000e+00 0.000000e+00
    outer loop
      vertex   -3.541294e+01 3.000000e+00 -1.111140e+00
      vertex   -3.677534e+01 3.000000e+00 -1.187358e+00
      vertex   -3.559776e+01 3.000000e+00 -7.653669e-01
    endloop
  endfacet
  facet normal 0.000000e+00 1.000000e+00 0.000000e+00
    outer loop
      vertex   -3.559776e+01 3.000000e+00 -7.653669e-01
      vertex   -3.677534e+01 3.000000e+00 -1.187358e+00
      vertex   -3.691852e+01 3.000000e+00 -7.231930e-01
    endloop
  endfacet
  facet normal 0.000000e+00 1.000000e+00 0.000000e+00
    outer loop
      vertex   -3.559776e+01 3.000000e+00 -7.653669e-01
      vertex   -3.691852e+01 3.000000e+00 -7.231930e-01
      vertex   -3.571157e+01 3.000000e+00 -3.901806e-01
    endloop
  endfacet
  facet normal 0.000000e+00 1.000000e+00 0.000000e+00
    outer loop
      vertex   -3.571157e+01 3.000000e+00 -3.901806e-01
      vertex   -3.691852e+01 3.000000e+00 -7.231930e-01
      vertex   -3.699091e+01 3.000000e+00 -2.428728e-01
    endloop
  endfacet
  facet normal 0.000000e+00 1.000000e+00 0.000000e+00
    outer loop
      vertex   -3.571157e+01 3.000000e+00 -3.901806e-01
      vertex   -3.699091e+01 3.000000e+00 -2.428728e-01
      vertex   -3.575000e+01 3.000000e+00 0.000000e+00
    endloop
  endfacet
  facet normal 0.000000e+00 1.000000e+00 0.000000e+00
    outer loop
      vertex   -3.575000e+01 3.000000e+00 0.000000e+00
      vertex   -3.699091e+01 3.000000e+00 -2.428728e-01
      vertex   -3.699091e+01 3.000000e+00 2.428728e-01
    endloop
  endfacet
  facet normal 0.000000e+00 1.000000e+00 0.000000e+00
    outer loop
      vertex   -3.575000e+01 3.000000e+00 0.000000e+00
      vertex   -3.699091e+01 3.000000e+00 2.428728e-01
      vertex   -3.691852e+01 3.000000e+00 7.231930e-01
    endloop
  endfacet
  facet normal -0.000000e+00 1.000000e+00 0.000000e+00
    outer loop
      vertex   -3.691852e+01 3.000000e+00 7.231930e-01
      vertex   -3.677534e+01 3.000000e+00 1.187358e+00
      vertex   -3.575000e+01 3.000000e+00 0.000000e+00
    endloop
  endfacet
  facet normal 0.000000e+00 1.000000e+00 0.000000e+00
    outer loop
      vertex   -3.575000e+01 3.000000e+00 0.000000e+00
      vertex   -3.677534e+01 3.000000e+00 1.187358e+00
      vertex   -3.656458e+01 3.000000e+00 1.625000e+00
    endloop
  endfacet
  facet normal 0.000000e+00 1.000000e+00 0.000000e+00
    outer loop
      vertex   -3.575000e+01 3.000000e+00 0.000000e+00
      vertex   -3.656458e+01 3.000000e+00 1.625000e+00
      vertex   -3.629095e+01 3.000000e+00 2.026342e+00
    endloop
  endfacet
  facet normal -0.000000e+00 1.000000e+00 0.000000e+00
    outer loop
      vertex   -3.629095e+01 3.000000e+00 2.026342e+00
      vertex   -3.596056e+01 3.000000e+00 2.382419e+00
      vertex   -3.575000e+01 3.000000e+00 0.000000e+00
    endloop
  endfacet
  facet normal 0.000000e+00 1.000000e+00 -0.000000e+00
    outer loop
      vertex   -3.575000e+01 3.000000e+00 0.000000e+00
      vertex   -3.596056e+01 3.000000e+00 2.382419e+00
      vertex   -3.571157e+01 3.000000e+00 3.901806e-01
    endloop
  endfacet
  facet normal 0.000000e+00 1.000000e+00 -0.000000e+00
    outer loop
      vertex   -3.571157e+01 3.000000e+00 3.901806e-01
      vertex   -3.596056e+01 3.000000e+00 2.382419e+00
      vertex   -3.559776e+01 3.000000e+00 7.653669e-01
    endloop
  endfacet
  facet normal 0.000000e+00 1.000000e+00 -0.000000e+00
    outer loop
      vertex   -3.559776e+01 3.000000e+00 7.653669e-01
      vertex   -3.596056e+01 3.000000e+00 2.382419e+00
      vertex   -3.541294e+01 3.000000e+00 1.111140e+00
    endloop
  endfacet
  facet normal 0.000000e+00 1.000000e+00 -0.000000e+00
    outer loop
      vertex   -3.541294e+01 3.000000e+00 1.111140e+00
      vertex   -3.596056e+01 3.000000e+00 2.382419e+00
      vertex   -3.516421e+01 3.000000e+00 1.414214e+00
    endloop
  endfacet
  facet normal 0.000000e+00 1.000000e+00 -0.000000e+00
    outer loop
      vertex   -3.516421e+01 3.000000e+00 1.414214e+00
      vertex   -3.596056e+01 3.000000e+00 2.382419e+00
      vertex   -3.486114e+01 3.000000e+00 1.662939e+00
    endloop
  endfacet
  facet normal 0.000000e+00 1.000000e+00 -0.000000e+00
    outer loop
      vertex   -3.486114e+01 3.000000e+00 1.662939e+00
      vertex   -3.596056e+01 3.000000e+00 2.382419e+00
      vertex   -3.451537e+01 3.000000e+00 1.847759e+00
    endloop
  endfacet
  facet normal 0.000000e+00 1.000000e+00 0.000000e+00
    outer loop
      vertex   -3.451537e+01 3.000000e+00 1.847759e+00
      vertex   -3.596056e+01 3.000000e+00 2.382419e+00
      vertex   -3.558079e+01 3.000000e+00 2.685276e+00
    endloop
  endfacet
  facet normal 0.000000e+00 1.000000e+00 0.000000e+00
    outer loop
      vertex   -3.451537e+01 3.000000e+00 1.847759e+00
      vertex   -3.558079e+01 3.000000e+00 2.685276e+00
      vertex   -3.516012e+01 3.000000e+00 2.928149e+00
    endloop
  endfacet
  facet normal 0.000000e+00 1.000000e+00 -0.000000e+00
    outer loop
      vertex   -3.451537e+01 3.000000e+00 1.847759e+00
      vertex   -3.516012e+01 3.000000e+00 2.928149e+00
      vertex   -3.414018e+01 3.000000e+00 1.961571e+00
    endloop
  endfacet
  facet normal 0.000000e+00 1.000000e+00 0.000000e+00
    outer loop
      vertex   -3.414018e+01 3.000000e+00 1.961571e+00
      vertex   -3.516012e+01 3.000000e+00 2.928149e+00
      vertex   -3.470795e+01 3.000000e+00 3.105612e+00
    endloop
  endfacet
  facet normal 0.000000e+00 1.000000e+00 0.000000e+00
    outer loop
      vertex   -3.414018e+01 3.000000e+00 1.961571e+00
      vertex   -3.470795e+01 3.000000e+00 3.105612e+00
      vertex   -3.423439e+01 3.000000e+00 3.213700e+00
    endloop
  endfacet
  facet normal 0.000000e+00 1.000000e+00 -0.000000e+00
    outer loop
      vertex   -3.414018e+01 3.000000e+00 1.961571e+00
      vertex   -3.423439e+01 3.000000e+00 3.213700e+00
      vertex   -3.375000e+01 3.000000e+00 2.000000e+00
    endloop
  endfacet
  facet normal 0.000000e+00 1.000000e+00 -0.000000e+00
    outer loop
      vertex   -3.375000e+01 3.000000e+00 2.000000e+00
      vertex   -3.423439e+01 3.000000e+00 3.213700e+00
      vertex   -3.375000e+01 3.000000e+00 3.250000e+00
    endloop
  endfacet
  facet normal -0.000000e+00 1.000000e+00 0.000000e+00
    outer loop
      vertex   -3.375000e+01 3.000000e+00 2.000000e+00
      vertex   -3.375000e+01 3.000000e+00 3.250000e+00
      vertex   -3.335982e+01 3.000000e+00 1.961571e+00
    endloop
  endfacet
  facet normal -0.000000e+00 1.000000e+00 -0.000000e+00
    outer loop
      vertex   -3.335982e+01 3.000000e+00 1.961571e+00
      vertex   -3.375000e+01 3.000000e+00 3.250000e+00
      vertex   -3.298463e+01 3.000000e+00 1.847759e+00
    endloop
  endfacet
  facet normal -0.000000e+00 1.000000e+00 -0.000000e+00
    outer loop
      vertex   -3.298463e+01 3.000000e+00 1.847759e+00
      vertex   -3.375000e+01 3.000000e+00 3.250000e+00
      vertex   -3.263886e+01 3.000000e+00 1.662939e+00
    endloop
  endfacet
  facet normal -0.000000e+00 1.000000e+00 -0.000000e+00
    outer loop
      vertex   -3.263886e+01 3.000000e+00 1.662939e+00
      vertex   -3.375000e+01 3.000000e+00 3.250000e+00
      vertex   -3.233579e+01 3.000000e+00 1.414214e+00
    endloop
  endfacet
  facet normal 0.000000e+00 1.000000e+00 -0.000000e+00
    outer loop
      vertex   -3.233579e+01 3.000000e+00 1.414214e+00
      vertex   -3.375000e+01 3.000000e+00 3.250000e+00
      vertex   -1.375000e+01 3.000000e+00 3.250000e+00
    endloop
  endfacet
  facet normal -0.000000e+00 1.000000e+00 0.000000e+00
    outer loop
      vertex   -3.233579e+01 3.000000e+00 1.414214e+00
      vertex   -1.375000e+01 3.000000e+00 3.250000e+00
      vertex   -3.208706e+01 3.000000e+00 1.111140e+00
    endloop
  endfacet
  facet normal -0.000000e+00 1.000000e+00 0.000000e+00
    outer loop
      vertex   -3.208706e+01 3.000000e+00 1.111140e+00
      vertex   -1.375000e+01 3.000000e+00 3.250000e+00
      vertex   -3.190224e+01 3.000000e+00 7.653669e-01
    endloop
  endfacet
  facet normal -0.000000e+00 1.000000e+00 0.000000e+00
    outer loop
      vertex   -3.190224e+01 3.000000e+00 7.653669e-01
      vertex   -1.375000e+01 3.000000e+00 3.250000e+00
      vertex   -3.178843e+01 3.000000e+00 3.901806e-01
    endloop
  endfacet
  facet normal -0.000000e+00 1.000000e+00 0.000000e+00
    outer loop
      vertex   -3.178843e+01 3.000000e+00 3.901806e-01
      vertex   -1.375000e+01 3.000000e+00 3.250000e+00
      vertex   -3.175000e+01 3.000000e+00 0.000000e+00
    endloop
  endfacet
  facet normal -0.000000e+00 1.000000e+00 0.000000e+00
    outer loop
      vertex   -3.175000e+01 3.000000e+00 0.000000e+00
      vertex   -1.375000e+01 3.000000e+00 3.250000e+00
      vertex   -1.375000e+01 3.000000e+00 -3.250000e+00
    endloop
  endfacet
  facet normal 0.000000e+00 1.000000e+00 0.000000e+00
    outer loop
      vertex   -3.175000e+01 3.000000e+00 0.000000e+00
      vertex   -1.375000e+01 3.000000e+00 -3.250000e+00
      vertex   -3.178843e+01 3.000000e+00 -3.901806e-01
    endloop
  endfacet
  facet normal 0.000000e+00 1.000000e+00 0.000000e+00
    outer loop
      vertex   -3.178843e+01 3.000000e+00 -3.901806e-01
      vertex   -1.375000e+01 3.000000e+00 -3.250000e+00
      vertex   -3.190224e+01 3.000000e+00 -7.653669e-01
    endloop
  endfacet
  facet normal -0.000000e+00 1.000000e+00 0.000000e+00
    outer loop
      vertex   -3.298463e+01 3.000000e+00 -1.847759e+00
      vertex   -3.263886e+01 3.000000e+00 -1.662939e+00
      vertex   -3.375000e+01 3.000000e+00 -3.250000e+00
    endloop
  endfacet
  facet normal 0.000000e+00 1.000000e+00 0.000000e+00
    outer loop
      vertex   -3.375000e+01 3.000000e+00 -3.250000e+00
      vertex   -3.263886e+01 3.000000e+00 -1.662939e+00
      vertex   -3.233579e+01 3.000000e+00 -1.414214e+00
    endloop
  endfacet
  facet normal -9.396926e-01 0.000000e+00 3.420201e-01
    outer loop
      vertex   -1.506019e+01 0.000000e+00 5.403352e+00
      vertex   -1.500998e+01 0.000000e+00 5.541293e+00
      vertex   -1.506019e+01 3.000000e+00 5.403352e+00
    endloop
  endfacet
  facet normal -9.396926e-01 0.000000e+00 3.420201e-01
    outer loop
      vertex   -1.506019e+01 3.000000e+00 5.403352e+00
      vertex   -1.500998e+01 0.000000e+00 5.541293e+00
      vertex   -1.500998e+01 3.000000e+00 5.541293e+00
    endloop
  endfacet
  facet normal -8.879300e-01 0.000000e+00 4.599786e-01
    outer loop
      vertex   -1.500998e+01 3.000000e+00 5.541293e+00
      vertex   -1.500998e+01 0.000000e+00 5.541293e+00
      vertex   -1.489172e+01 3.000000e+00 5.769577e+00
    endloop
  endfacet
  facet normal -8.879300e-01 0.000000e+00 4.599786e-01
    outer loop
      vertex   -1.489172e+01 3.000000e+00 5.769577e+00
      vertex   -1.500998e+01 0.000000e+00 5.541293e+00
      vertex   -1.489172e+01 0.000000e+00 5.769577e+00
    endloop
  endfacet
  facet normal -7.413064e-01 0.000000e+00 6.711668e-01
    outer loop
      vertex   -1.489172e+01 3.000000e+00 5.769577e+00
      vertex   -1.489172e+01 0.000000e+00 5.769577e+00
      vertex   -1.471916e+01 3.000000e+00 5.960165e+00
    endloop
  endfacet
  facet normal -7.413064e-01 1.987053e-16 6.711668e-01
    outer loop
      vertex   -1.471916e+01 3.000000e+00 5.960165e+00
      vertex   -1.489172e+01 0.000000e+00 5.769577e+00
      vertex   -1.471916e+01 0.000000e+00 5.960165e+00
    endloop
  endfacet
  facet normal -5.456832e-01 2.480953e-16 8.379915e-01
    outer loop
      vertex   -1.471916e+01 3.000000e+00 5.960165e+00
      vertex   -1.471916e+01 0.000000e+00 5.960165e+00
      vertex   -1.450372e+01 3.000000e+00 6.100458e+00
    endloop
  endfacet
  facet normal -5.456832e-01 0.000000e+00 8.379915e-01
    outer loop
      vertex   -1.450372e+01 3.000000e+00 6.100458e+00
      vertex   -1.471916e+01 0.000000e+00 5.960165e+00
      vertex   -1.450372e+01 0.000000e+00 6.100458e+00
    endloop
  endfacet
  facet normal -3.139910e-01 0.000000e+00 9.494260e-01
    outer loop
      vertex   -1.450372e+01 3.000000e+00 6.100458e+00
      vertex   -1.450372e+01 0.000000e+00 6.100458e+00
      vertex   -1.425962e+01 3.000000e+00 6.181185e+00
    endloop
  endfacet
  facet normal -3.139910e-01 0.000000e+00 9.494260e-01
    outer loop
      vertex   -1.425962e+01 3.000000e+00 6.181185e+00
      vertex   -1.450372e+01 0.000000e+00 6.100458e+00
      vertex   -1.425962e+01 0.000000e+00 6.181185e+00
    endloop
  endfacet
  facet normal -6.154430e-02 0.000000e+00 9.981044e-01
    outer loop
      vertex   -1.425962e+01 3.000000e+00 6.181185e+00
      vertex   -1.425962e+01 0.000000e+00 6.181185e+00
      vertex   -1.400301e+01 3.000000e+00 6.197007e+00
    endloop
  endfacet
  facet normal -6.154430e-02 0.000000e+00 9.981044e-01
    outer loop
      vertex   -1.400301e+01 3.000000e+00 6.197007e+00
      vertex   -1.425962e+01 0.000000e+00 6.181185e+00
      vertex   -1.400301e+01 0.000000e+00 6.197007e+00
    endloop
  endfacet
  facet normal -9.240697e-01 0.000000e+00 3.822241e-01
    outer loop
      vertex   -1.202970e+01 3.000000e+00 6.659491e+00
      vertex   -1.202970e+01 0.000000e+00 6.659491e+00
      vertex   -1.194320e+01 3.000000e+00 6.868606e+00
    endloop
  endfacet
  facet normal -9.240697e-01 0.000000e+00 3.822241e-01
    outer loop
      vertex   -1.194320e+01 3.000000e+00 6.868606e+00
      vertex   -1.202970e+01 0.000000e+00 6.659491e+00
      vertex   -1.194320e+01 0.000000e+00 6.868606e+00
    endloop
  endfacet
  facet normal -9.863494e-01 0.000000e+00 1.646658e-01
    outer loop
      vertex   -1.194320e+01 3.000000e+00 6.868606e+00
      vertex   -1.194320e+01 0.000000e+00 6.868606e+00
      vertex   -1.190594e+01 3.000000e+00 7.091814e+00
    endloop
  endfacet
  facet normal -9.863494e-01 0.000000e+00 1.646658e-01
    outer loop
      vertex   -1.190594e+01 3.000000e+00 7.091814e+00
      vertex   -1.194320e+01 0.000000e+00 6.868606e+00
      vertex   -1.190594e+01 0.000000e+00 7.091814e+00
    endloop
  endfacet
  facet normal -9.981178e-01 -0.000000e+00 -6.132518e-02
    outer loop
      vertex   -1.190594e+01 3.000000e+00 7.091814e+00
      vertex   -1.190594e+01 0.000000e+00 7.091814e+00
      vertex   -1.191982e+01 3.000000e+00 7.317685e+00
    endloop
  endfacet
  facet normal -9.981178e-01 3.631180e-17 -6.132518e-02
    outer loop
      vertex   -1.191982e+01 3.000000e+00 7.317685e+00
      vertex   -1.190594e+01 0.000000e+00 7.091814e+00
      vertex   -1.191982e+01 0.000000e+00 7.317685e+00
    endloop
  endfacet
  facet normal -9.587722e-01 1.682658e-16 -2.841756e-01
    outer loop
      vertex   -1.191982e+01 3.000000e+00 7.317685e+00
      vertex   -1.191982e+01 0.000000e+00 7.317685e+00
      vertex   -1.198413e+01 3.000000e+00 7.534652e+00
    endloop
  endfacet
  facet normal -9.587722e-01 -0.000000e+00 -2.841756e-01
    outer loop
      vertex   -1.198413e+01 3.000000e+00 7.534652e+00
      vertex   -1.191982e+01 0.000000e+00 7.317685e+00
      vertex   -1.198413e+01 0.000000e+00 7.534652e+00
    endloop
  endfacet
  facet normal -8.703275e-01 -0.000000e+00 -4.924733e-01
    outer loop
      vertex   -1.198413e+01 3.000000e+00 7.534652e+00
      vertex   -1.198413e+01 0.000000e+00 7.534652e+00
      vertex   -1.209557e+01 3.000000e+00 7.731605e+00
    endloop
  endfacet
  facet normal -8.703275e-01 -0.000000e+00 -4.924733e-01
    outer loop
      vertex   -1.209557e+01 3.000000e+00 7.731605e+00
      vertex   -1.198413e+01 0.000000e+00 7.534652e+00
      vertex   -1.209557e+01 0.000000e+00 7.731605e+00
    endloop
  endfacet
  facet normal -8.090157e-01 0.000000e+00 -5.877870e-01
    outer loop
      vertex   -1.209557e+01 0.000000e+00 7.731605e+00
      vertex   -1.269721e+01 0.000000e+00 8.559685e+00
      vertex   -1.209557e+01 3.000000e+00 7.731605e+00
    endloop
  endfacet
  facet normal -8.090157e-01 0.000000e+00 -5.877870e-01
    outer loop
      vertex   -1.209557e+01 3.000000e+00 7.731605e+00
      vertex   -1.269721e+01 0.000000e+00 8.559685e+00
      vertex   -1.269721e+01 3.000000e+00 8.559685e+00
    endloop
  endfacet
  facet normal -5.984257e-01 0.000000e+00 8.011783e-01
    outer loop
      vertex   -9.421979e+00 0.000000e+00 1.001443e+01
      vertex   -9.421979e+00 3.000000e+00 1.001443e+01
      vertex   -9.603284e+00 0.000000e+00 9.879008e+00
    endloop
  endfacet
  facet normal -5.984257e-01 0.000000e+00 8.011783e-01
    outer loop
      vertex   -9.603284e+00 0.000000e+00 9.879008e+00
      vertex   -9.421979e+00 3.000000e+00 1.001443e+01
      vertex   -9.603284e+00 3.000000e+00 9.879008e+00
    endloop
  endfacet
  facet normal -4.029629e-01 0.000000e+00 9.152163e-01
    outer loop
      vertex   -9.603284e+00 0.000000e+00 9.879008e+00
      vertex   -9.603284e+00 3.000000e+00 9.879008e+00
      vertex   -9.810394e+00 0.000000e+00 9.787819e+00
    endloop
  endfacet
  facet normal -4.029629e-01 0.000000e+00 9.152163e-01
    outer loop
      vertex   -9.810394e+00 0.000000e+00 9.787819e+00
      vertex   -9.603284e+00 3.000000e+00 9.879008e+00
      vertex   -9.810394e+00 3.000000e+00 9.787819e+00
    endloop
  endfacet
  facet normal -1.868641e-01 0.000000e+00 9.823858e-01
    outer loop
      vertex   -9.810394e+00 0.000000e+00 9.787819e+00
      vertex   -9.810394e+00 3.000000e+00 9.787819e+00
      vertex   -1.003271e+01 0.000000e+00 9.745532e+00
    endloop
  endfacet
  facet normal -1.868641e-01 0.000000e+00 9.823858e-01
    outer loop
      vertex   -1.003271e+01 0.000000e+00 9.745532e+00
      vertex   -9.810394e+00 3.000000e+00 9.787819e+00
      vertex   -1.003271e+01 3.000000e+00 9.745532e+00
    endloop
  endfacet
  facet normal 3.880400e-02 -0.000000e+00 9.992468e-01
    outer loop
      vertex   -1.003271e+01 0.000000e+00 9.745532e+00
      vertex   -1.003271e+01 3.000000e+00 9.745532e+00
      vertex   -1.025883e+01 0.000000e+00 9.754313e+00
    endloop
  endfacet
  facet normal 3.880400e-02 -0.000000e+00 9.992468e-01
    outer loop
      vertex   -1.025883e+01 0.000000e+00 9.754313e+00
      vertex   -1.003271e+01 3.000000e+00 9.745532e+00
      vertex   -1.025883e+01 3.000000e+00 9.754313e+00
    endloop
  endfacet
  facet normal 2.624850e-01 -0.000000e+00 9.649361e-01
    outer loop
      vertex   -1.025883e+01 0.000000e+00 9.754313e+00
      vertex   -1.025883e+01 3.000000e+00 9.754313e+00
      vertex   -1.047719e+01 0.000000e+00 9.813713e+00
    endloop
  endfacet
  facet normal 2.624850e-01 -0.000000e+00 9.649361e-01
    outer loop
      vertex   -1.047719e+01 0.000000e+00 9.813713e+00
      vertex   -1.025883e+01 3.000000e+00 9.754313e+00
      vertex   -1.047719e+01 3.000000e+00 9.813713e+00
    endloop
  endfacet
  facet normal 3.699804e-01 0.000000e+00 9.290395e-01
    outer loop
      vertex   -1.047719e+01 3.000000e+00 9.813713e+00
      vertex   -1.142813e+01 3.000000e+00 1.019241e+01
      vertex   -1.047719e+01 0.000000e+00 9.813713e+00
    endloop
  endfacet
  facet normal 3.699804e-01 0.000000e+00 9.290395e-01
    outer loop
      vertex   -1.047719e+01 0.000000e+00 9.813713e+00
      vertex   -1.142813e+01 3.000000e+00 1.019241e+01
      vertex   -1.142813e+01 0.000000e+00 1.019241e+01
    endloop
  endfacet
  facet normal -8.778627e-01 -0.000000e+00 -4.789125e-01
    outer loop
      vertex   -1.269721e+01 3.000000e+00 8.559685e+00
      vertex   -1.269721e+01 0.000000e+00 8.559685e+00
      vertex   -1.282034e+01 3.000000e+00 8.785381e+00
    endloop
  endfacet
  facet normal -8.778627e-01 -0.000000e+00 -4.789125e-01
    outer loop
      vertex   -1.282034e+01 3.000000e+00 8.785381e+00
      vertex   -1.269721e+01 0.000000e+00 8.559685e+00
      vertex   -1.282034e+01 0.000000e+00 8.785381e+00
    endloop
  endfacet
  facet normal -9.709552e-01 -0.000000e+00 -2.392613e-01
    outer loop
      vertex   -1.282034e+01 3.000000e+00 8.785381e+00
      vertex   -1.282034e+01 0.000000e+00 8.785381e+00
      vertex   -1.288185e+01 3.000000e+00 9.035011e+00
    endloop
  endfacet
  facet normal -9.709552e-01 -0.000000e+00 -2.392613e-01
    outer loop
      vertex   -1.288185e+01 3.000000e+00 9.035011e+00
      vertex   -1.282034e+01 0.000000e+00 8.785381e+00
      vertex   -1.288185e+01 0.000000e+00 9.035011e+00
    endloop
  endfacet
  facet normal -9.998687e-01 0.000000e+00 1.620483e-02
    outer loop
      vertex   -1.288185e+01 3.000000e+00 9.035011e+00
      vertex   -1.288185e+01 0.000000e+00 9.035011e+00
      vertex   -1.287768e+01 3.000000e+00 9.292074e+00
    endloop
  endfacet
  facet normal -9.998687e-01 0.000000e+00 1.620483e-02
    outer loop
      vertex   -1.287768e+01 3.000000e+00 9.292074e+00
      vertex   -1.288185e+01 0.000000e+00 9.035011e+00
      vertex   -1.287768e+01 0.000000e+00 9.292074e+00
    endloop
  endfacet
  facet normal -9.626919e-01 0.000000e+00 2.705998e-01
    outer loop
      vertex   -1.287768e+01 3.000000e+00 9.292074e+00
      vertex   -1.287768e+01 0.000000e+00 9.292074e+00
      vertex   -1.280811e+01 3.000000e+00 9.539579e+00
    endloop
  endfacet
  facet normal -9.626919e-01 0.000000e+00 2.705998e-01
    outer loop
      vertex   -1.280811e+01 3.000000e+00 9.539579e+00
      vertex   -1.287768e+01 0.000000e+00 9.292074e+00
      vertex   -1.280811e+01 0.000000e+00 9.539579e+00
    endloop
  endfacet
  facet normal -8.618823e-01 0.000000e+00 5.071084e-01
    outer loop
      vertex   -1.280811e+01 3.000000e+00 9.539579e+00
      vertex   -1.280811e+01 0.000000e+00 9.539579e+00
      vertex   -1.267774e+01 3.000000e+00 9.761167e+00
    endloop
  endfacet
  facet normal -8.618823e-01 0.000000e+00 5.071084e-01
    outer loop
      vertex   -1.267774e+01 3.000000e+00 9.761167e+00
      vertex   -1.280811e+01 0.000000e+00 9.539579e+00
      vertex   -1.267774e+01 0.000000e+00 9.761167e+00
    endloop
  endfacet
  facet normal -7.895433e-01 0.000000e+00 6.136948e-01
    outer loop
      vertex   -1.267774e+01 0.000000e+00 9.761167e+00
      vertex   -1.258765e+01 0.000000e+00 9.877067e+00
      vertex   -1.267774e+01 3.000000e+00 9.761167e+00
    endloop
  endfacet
  facet normal -7.895433e-01 0.000000e+00 6.136948e-01
    outer loop
      vertex   -1.267774e+01 3.000000e+00 9.761167e+00
      vertex   -1.258765e+01 0.000000e+00 9.877067e+00
      vertex   -1.258765e+01 3.000000e+00 9.877067e+00
    endloop
  endfacet
  facet normal -7.041031e-01 0.000000e+00 7.100978e-01
    outer loop
      vertex   -1.258765e+01 3.000000e+00 9.877067e+00
      vertex   -1.258765e+01 0.000000e+00 9.877067e+00
      vertex   -1.240509e+01 3.000000e+00 1.005809e+01
    endloop
  endfacet
  facet normal -7.041031e-01 0.000000e+00 7.100978e-01
    outer loop
      vertex   -1.240509e+01 3.000000e+00 1.005809e+01
      vertex   -1.258765e+01 0.000000e+00 9.877067e+00
      vertex   -1.240509e+01 0.000000e+00 1.005809e+01
    endloop
  endfacet
  facet normal -4.997835e-01 0.000000e+00 8.661504e-01
    outer loop
      vertex   -1.240509e+01 3.000000e+00 1.005809e+01
      vertex   -1.240509e+01 0.000000e+00 1.005809e+01
      vertex   -1.218240e+01 3.000000e+00 1.018658e+01
    endloop
  endfacet
  facet normal -4.997835e-01 0.000000e+00 8.661504e-01
    outer loop
      vertex   -1.218240e+01 3.000000e+00 1.018658e+01
      vertex   -1.240509e+01 0.000000e+00 1.005809e+01
      vertex   -1.218240e+01 0.000000e+00 1.018658e+01
    endloop
  endfacet
  facet normal -2.624287e-01 0.000000e+00 9.649514e-01
    outer loop
      vertex   -1.218240e+01 3.000000e+00 1.018658e+01
      vertex   -1.218240e+01 0.000000e+00 1.018658e+01
      vertex   -1.193432e+01 3.000000e+00 1.025405e+01
    endloop
  endfacet
  facet normal -2.624287e-01 5.713660e-16 9.649514e-01
    outer loop
      vertex   -1.193432e+01 3.000000e+00 1.025405e+01
      vertex   -1.218240e+01 0.000000e+00 1.018658e+01
      vertex   -1.193432e+01 0.000000e+00 1.025405e+01
    endloop
  endfacet
  facet normal -7.727707e-03 5.921013e-16 9.999701e-01
    outer loop
      vertex   -1.193432e+01 3.000000e+00 1.025405e+01
      vertex   -1.193432e+01 0.000000e+00 1.025405e+01
      vertex   -1.167723e+01 3.000000e+00 1.025604e+01
    endloop
  endfacet
  facet normal -7.727707e-03 0.000000e+00 9.999701e-01
    outer loop
      vertex   -1.167723e+01 3.000000e+00 1.025604e+01
      vertex   -1.193432e+01 0.000000e+00 1.025405e+01
      vertex   -1.167723e+01 0.000000e+00 1.025604e+01
    endloop
  endfacet
  facet normal 2.474841e-01 0.000000e+00 9.688920e-01
    outer loop
      vertex   -1.167723e+01 3.000000e+00 1.025604e+01
      vertex   -1.167723e+01 0.000000e+00 1.025604e+01
      vertex   -1.142813e+01 3.000000e+00 1.019241e+01
    endloop
  endfacet
  facet normal 2.474841e-01 0.000000e+00 9.688920e-01
    outer loop
      vertex   -1.142813e+01 3.000000e+00 1.019241e+01
      vertex   -1.167723e+01 0.000000e+00 1.025604e+01
      vertex   -1.142813e+01 0.000000e+00 1.019241e+01
    endloop
  endfacet
  facet normal -7.623447e-01 0.000000e+00 6.471712e-01
    outer loop
      vertex   -9.408059e+00 3.000000e+00 1.002751e+01
      vertex   -9.408059e+00 0.000000e+00 1.002751e+01
      vertex   -9.261606e+00 3.000000e+00 1.020002e+01
    endloop
  endfacet
  facet normal -7.623447e-01 0.000000e+00 6.471712e-01
    outer loop
      vertex   -9.261606e+00 3.000000e+00 1.020002e+01
      vertex   -9.408059e+00 0.000000e+00 1.002751e+01
      vertex   -9.261606e+00 0.000000e+00 1.020002e+01
    endloop
  endfacet
  facet normal -8.883372e-01 0.000000e+00 4.591917e-01
    outer loop
      vertex   -9.261606e+00 3.000000e+00 1.020002e+01
      vertex   -9.261606e+00 0.000000e+00 1.020002e+01
      vertex   -9.157693e+00 3.000000e+00 1.040105e+01
    endloop
  endfacet
  facet normal -8.883372e-01 0.000000e+00 4.591917e-01
    outer loop
      vertex   -9.157693e+00 3.000000e+00 1.040105e+01
      vertex   -9.261606e+00 0.000000e+00 1.020002e+01
      vertex   -9.157693e+00 0.000000e+00 1.040105e+01
    endloop
  endfacet
  facet normal -9.688376e-01 0.000000e+00 2.476968e-01
    outer loop
      vertex   -9.157693e+00 3.000000e+00 1.040105e+01
      vertex   -9.157693e+00 0.000000e+00 1.040105e+01
      vertex   -9.101640e+00 3.000000e+00 1.062030e+01
    endloop
  endfacet
  facet normal -9.688376e-01 1.466660e-16 2.476968e-01
    outer loop
      vertex   -9.101640e+00 3.000000e+00 1.062030e+01
      vertex   -9.157693e+00 0.000000e+00 1.040105e+01
      vertex   -9.101640e+00 0.000000e+00 1.062030e+01
    endloop
  endfacet
  facet normal -9.997234e-01 1.392502e-17 2.351727e-02
    outer loop
      vertex   -9.101640e+00 3.000000e+00 1.062030e+01
      vertex   -9.101640e+00 0.000000e+00 1.062030e+01
      vertex   -9.096318e+00 3.000000e+00 1.084653e+01
    endloop
  endfacet
  facet normal -9.997234e-01 1.392502e-17 2.351727e-02
    outer loop
      vertex   -9.096318e+00 3.000000e+00 1.084653e+01
      vertex   -9.101640e+00 0.000000e+00 1.062030e+01
      vertex   -9.096318e+00 0.000000e+00 1.084653e+01
    endloop
  endfacet
  facet normal -9.794130e-01 -1.195290e-16 -2.018666e-01
    outer loop
      vertex   -9.096318e+00 3.000000e+00 1.084653e+01
      vertex   -9.096318e+00 0.000000e+00 1.084653e+01
      vertex   -9.142000e+00 3.000000e+00 1.106817e+01
    endloop
  endfacet
  facet normal -9.794130e-01 -0.000000e+00 -2.018666e-01
    outer loop
      vertex   -9.142000e+00 3.000000e+00 1.106817e+01
      vertex   -9.096318e+00 0.000000e+00 1.084653e+01
      vertex   -9.142000e+00 0.000000e+00 1.106817e+01
    endloop
  endfacet
  facet normal -9.502824e-01 0.000000e+00 -3.113894e-01
    outer loop
      vertex   -9.142000e+00 0.000000e+00 1.106817e+01
      vertex   -9.460727e+00 0.000000e+00 1.204085e+01
      vertex   -9.142000e+00 3.000000e+00 1.106817e+01
    endloop
  endfacet
  facet normal -9.502824e-01 0.000000e+00 -3.113894e-01
    outer loop
      vertex   -9.142000e+00 3.000000e+00 1.106817e+01
      vertex   -9.460727e+00 0.000000e+00 1.204085e+01
      vertex   -9.460727e+00 3.000000e+00 1.204085e+01
    endloop
  endfacet
  facet normal -3.239189e-01 0.000000e+00 9.460849e-01
    outer loop
      vertex   -5.897194e+00 0.000000e+00 1.242118e+01
      vertex   -5.897194e+00 3.000000e+00 1.242118e+01
      vertex   -6.111290e+00 0.000000e+00 1.234787e+01
    endloop
  endfacet
  facet normal -3.239189e-01 0.000000e+00 9.460849e-01
    outer loop
      vertex   -6.111290e+00 0.000000e+00 1.234787e+01
      vertex   -5.897194e+00 3.000000e+00 1.242118e+01
      vertex   -6.111290e+00 3.000000e+00 1.234787e+01
    endloop
  endfacet
  facet normal -1.029035e-01 0.000000e+00 9.946913e-01
    outer loop
      vertex   -6.111290e+00 0.000000e+00 1.234787e+01
      vertex   -6.111290e+00 3.000000e+00 1.234787e+01
      vertex   -6.336386e+00 0.000000e+00 1.232459e+01
    endloop
  endfacet
  facet normal -1.029035e-01 0.000000e+00 9.946913e-01
    outer loop
      vertex   -6.336386e+00 0.000000e+00 1.232459e+01
      vertex   -6.111290e+00 3.000000e+00 1.234787e+01
      vertex   -6.336386e+00 3.000000e+00 1.232459e+01
    endloop
  endfacet
  facet normal 1.233817e-01 -0.000000e+00 9.923593e-01
    outer loop
      vertex   -6.336386e+00 0.000000e+00 1.232459e+01
      vertex   -6.336386e+00 3.000000e+00 1.232459e+01
      vertex   -6.560954e+00 0.000000e+00 1.235251e+01
    endloop
  endfacet
  facet normal 1.233817e-01 -0.000000e+00 9.923593e-01
    outer loop
      vertex   -6.560954e+00 0.000000e+00 1.235251e+01
      vertex   -6.336386e+00 3.000000e+00 1.232459e+01
      vertex   -6.560954e+00 3.000000e+00 1.235251e+01
    endloop
  endfacet
  facet normal 3.433484e-01 -0.000000e+00 9.392081e-01
    outer loop
      vertex   -6.560954e+00 0.000000e+00 1.235251e+01
      vertex   -6.560954e+00 3.000000e+00 1.235251e+01
      vertex   -6.773494e+00 0.000000e+00 1.243021e+01
    endloop
  endfacet
  facet normal 3.433484e-01 -0.000000e+00 9.392081e-01
    outer loop
      vertex   -6.773494e+00 0.000000e+00 1.243021e+01
      vertex   -6.560954e+00 3.000000e+00 1.235251e+01
      vertex   -6.773494e+00 3.000000e+00 1.243021e+01
    endloop
  endfacet
  facet normal 5.457321e-01 -0.000000e+00 8.379597e-01
    outer loop
      vertex   -6.773494e+00 0.000000e+00 1.243021e+01
      vertex   -6.773494e+00 3.000000e+00 1.243021e+01
      vertex   -6.963122e+00 0.000000e+00 1.255370e+01
    endloop
  endfacet
  facet normal 5.457321e-01 -0.000000e+00 8.379597e-01
    outer loop
      vertex   -6.963122e+00 0.000000e+00 1.255370e+01
      vertex   -6.773494e+00 3.000000e+00 1.243021e+01
      vertex   -6.963122e+00 3.000000e+00 1.255370e+01
    endloop
  endfacet
  facet normal 6.370414e-01 0.000000e+00 7.708296e-01
    outer loop
      vertex   -6.963122e+00 3.000000e+00 1.255370e+01
      vertex   -7.752116e+00 3.000000e+00 1.320576e+01
      vertex   -6.963122e+00 0.000000e+00 1.255370e+01
    endloop
  endfacet
  facet normal 6.370414e-01 0.000000e+00 7.708296e-01
    outer loop
      vertex   -6.963122e+00 0.000000e+00 1.255370e+01
      vertex   -7.752116e+00 3.000000e+00 1.320576e+01
      vertex   -7.752116e+00 0.000000e+00 1.320576e+01
    endloop
  endfacet
  facet normal -9.824268e-01 -0.000000e+00 -1.866484e-01
    outer loop
      vertex   -9.460727e+00 3.000000e+00 1.204085e+01
      vertex   -9.460727e+00 0.000000e+00 1.204085e+01
      vertex   -9.508713e+00 3.000000e+00 1.229343e+01
    endloop
  endfacet
  facet normal -9.824268e-01 -0.000000e+00 -1.866484e-01
    outer loop
      vertex   -9.508713e+00 3.000000e+00 1.229343e+01
      vertex   -9.460727e+00 0.000000e+00 1.204085e+01
      vertex   -9.508713e+00 0.000000e+00 1.229343e+01
    endloop
  endfacet
  facet normal -9.975467e-01 0.000000e+00 7.000367e-02
    outer loop
      vertex   -9.508713e+00 3.000000e+00 1.229343e+01
      vertex   -9.508713e+00 0.000000e+00 1.229343e+01
      vertex   -9.490716e+00 3.000000e+00 1.254989e+01
    endloop
  endfacet
  facet normal -9.975467e-01 0.000000e+00 7.000367e-02
    outer loop
      vertex   -9.490716e+00 3.000000e+00 1.254989e+01
      vertex   -9.508713e+00 0.000000e+00 1.229343e+01
      vertex   -9.490716e+00 0.000000e+00 1.254989e+01
    endloop
  endfacet
  facet normal -9.467299e-01 0.000000e+00 3.220286e-01
    outer loop
      vertex   -9.490716e+00 3.000000e+00 1.254989e+01
      vertex   -9.490716e+00 0.000000e+00 1.254989e+01
      vertex   -9.407923e+00 3.000000e+00 1.279329e+01
    endloop
  endfacet
  facet normal -9.467299e-01 0.000000e+00 3.220286e-01
    outer loop
      vertex   -9.407923e+00 3.000000e+00 1.279329e+01
      vertex   -9.490716e+00 0.000000e+00 1.254989e+01
      vertex   -9.407923e+00 0.000000e+00 1.279329e+01
    endloop
  endfacet
  facet normal -8.333353e-01 0.000000e+00 5.527678e-01
    outer loop
      vertex   -9.407923e+00 3.000000e+00 1.279329e+01
      vertex   -9.407923e+00 0.000000e+00 1.279329e+01
      vertex   -9.265808e+00 3.000000e+00 1.300754e+01
    endloop
  endfacet
  facet normal -8.333353e-01 0.000000e+00 5.527678e-01
    outer loop
      vertex   -9.265808e+00 3.000000e+00 1.300754e+01
      vertex   -9.407923e+00 0.000000e+00 1.279329e+01
      vertex   -9.265808e+00 0.000000e+00 1.300754e+01
    endloop
  endfacet
  facet normal -6.648581e-01 0.000000e+00 7.469697e-01
    outer loop
      vertex   -9.265808e+00 3.000000e+00 1.300754e+01
      vertex   -9.265808e+00 0.000000e+00 1.300754e+01
      vertex   -9.073764e+00 3.000000e+00 1.317847e+01
    endloop
  endfacet
  facet normal -6.648581e-01 0.000000e+00 7.469697e-01
    outer loop
      vertex   -9.073764e+00 3.000000e+00 1.317847e+01
      vertex   -9.265808e+00 0.000000e+00 1.300754e+01
      vertex   -9.073764e+00 0.000000e+00 1.317847e+01
    endloop
  endfacet
  facet normal -5.633201e-01 0.000000e+00 8.262388e-01
    outer loop
      vertex   -9.073764e+00 0.000000e+00 1.317847e+01
      vertex   -8.952477e+00 0.000000e+00 1.326117e+01
      vertex   -9.073764e+00 3.000000e+00 1.317847e+01
    endloop
  endfacet
  facet normal -5.633201e-01 0.000000e+00 8.262388e-01
    outer loop
      vertex   -9.073764e+00 3.000000e+00 1.317847e+01
      vertex   -8.952477e+00 0.000000e+00 1.326117e+01
      vertex   -8.952477e+00 3.000000e+00 1.326117e+01
    endloop
  endfacet
  facet normal -4.524345e-01 0.000000e+00 8.917976e-01
    outer loop
      vertex   -8.952477e+00 3.000000e+00 1.326117e+01
      vertex   -8.952477e+00 0.000000e+00 1.326117e+01
      vertex   -8.723199e+00 3.000000e+00 1.337749e+01
    endloop
  endfacet
  facet normal -4.524345e-01 0.000000e+00 8.917976e-01
    outer loop
      vertex   -8.723199e+00 3.000000e+00 1.337749e+01
      vertex   -8.952477e+00 0.000000e+00 1.326117e+01
      vertex   -8.723199e+00 0.000000e+00 1.337749e+01
    endloop
  endfacet
  facet normal -2.101055e-01 0.000000e+00 9.776787e-01
    outer loop
      vertex   -8.723199e+00 3.000000e+00 1.337749e+01
      vertex   -8.723199e+00 0.000000e+00 1.337749e+01
      vertex   -8.471841e+00 3.000000e+00 1.343150e+01
    endloop
  endfacet
  facet normal -2.101055e-01 0.000000e+00 9.776787e-01
    outer loop
      vertex   -8.471841e+00 3.000000e+00 1.343150e+01
      vertex   -8.723199e+00 0.000000e+00 1.337749e+01
      vertex   -8.471841e+00 0.000000e+00 1.343150e+01
    endloop
  endfacet
  facet normal 4.611130e-02 0.000000e+00 9.989363e-01
    outer loop
      vertex   -8.471841e+00 3.000000e+00 1.343150e+01
      vertex   -8.471841e+00 0.000000e+00 1.343150e+01
      vertex   -8.215017e+00 3.000000e+00 1.341965e+01
    endloop
  endfacet
  facet normal 4.611130e-02 0.000000e+00 9.989363e-01
    outer loop
      vertex   -8.215017e+00 3.000000e+00 1.341965e+01
      vertex   -8.471841e+00 0.000000e+00 1.343150e+01
      vertex   -8.215017e+00 0.000000e+00 1.341965e+01
    endloop
  endfacet
  facet normal 2.992802e-01 0.000000e+00 9.541653e-01
    outer loop
      vertex   -8.215017e+00 3.000000e+00 1.341965e+01
      vertex   -8.215017e+00 0.000000e+00 1.341965e+01
      vertex   -7.969704e+00 3.000000e+00 1.334270e+01
    endloop
  endfacet
  facet normal 2.992802e-01 0.000000e+00 9.541653e-01
    outer loop
      vertex   -7.969704e+00 3.000000e+00 1.334270e+01
      vertex   -8.215017e+00 0.000000e+00 1.341965e+01
      vertex   -7.969704e+00 0.000000e+00 1.334270e+01
    endloop
  endfacet
  facet normal 5.326669e-01 0.000000e+00 8.463250e-01
    outer loop
      vertex   -7.969704e+00 3.000000e+00 1.334270e+01
      vertex   -7.969704e+00 0.000000e+00 1.334270e+01
      vertex   -7.752116e+00 3.000000e+00 1.320576e+01
    endloop
  endfacet
  facet normal 5.326669e-01 0.000000e+00 8.463250e-01
    outer loop
      vertex   -7.752116e+00 3.000000e+00 1.320576e+01
      vertex   -7.969704e+00 0.000000e+00 1.334270e+01
      vertex   -7.752116e+00 0.000000e+00 1.320576e+01
    endloop
  endfacet
  facet normal -5.271664e-01 0.000000e+00 8.497621e-01
    outer loop
      vertex   -5.879935e+00 3.000000e+00 1.242936e+01
      vertex   -5.879935e+00 0.000000e+00 1.242936e+01
      vertex   -5.687636e+00 3.000000e+00 1.254865e+01
    endloop
  endfacet
  facet normal -5.271664e-01 0.000000e+00 8.497621e-01
    outer loop
      vertex   -5.687636e+00 3.000000e+00 1.254865e+01
      vertex   -5.879935e+00 0.000000e+00 1.242936e+01
      vertex   -5.687636e+00 0.000000e+00 1.254865e+01
    endloop
  endfacet
  facet normal -7.047320e-01 0.000000e+00 7.094736e-01
    outer loop
      vertex   -5.687636e+00 3.000000e+00 1.254865e+01
      vertex   -5.687636e+00 0.000000e+00 1.254865e+01
      vertex   -5.527084e+00 3.000000e+00 1.270813e+01
    endloop
  endfacet
  facet normal -7.047320e-01 2.086426e-16 7.094736e-01
    outer loop
      vertex   -5.527084e+00 3.000000e+00 1.270813e+01
      vertex   -5.687636e+00 0.000000e+00 1.254865e+01
      vertex   -5.527084e+00 0.000000e+00 1.270813e+01
    endloop
  endfacet
  facet normal -8.462080e-01 2.505279e-16 5.328527e-01
    outer loop
      vertex   -5.527084e+00 3.000000e+00 1.270813e+01
      vertex   -5.527084e+00 0.000000e+00 1.270813e+01
      vertex   -5.406501e+00 3.000000e+00 1.289962e+01
    endloop
  endfacet
  facet normal -8.462080e-01 2.505279e-16 5.328527e-01
    outer loop
      vertex   -5.406501e+00 3.000000e+00 1.289962e+01
      vertex   -5.527084e+00 0.000000e+00 1.270813e+01
      vertex   -5.406501e+00 0.000000e+00 1.289962e+01
    endloop
  endfacet
  facet normal -9.443493e-01 2.795836e-16 3.289442e-01
    outer loop
      vertex   -5.406501e+00 3.000000e+00 1.289962e+01
      vertex   -5.406501e+00 0.000000e+00 1.289962e+01
      vertex   -5.332062e+00 3.000000e+00 1.311333e+01
    endloop
  endfacet
  facet normal -9.443493e-01 0.000000e+00 3.289442e-01
    outer loop
      vertex   -5.332062e+00 3.000000e+00 1.311333e+01
      vertex   -5.406501e+00 0.000000e+00 1.289962e+01
      vertex   -5.332062e+00 0.000000e+00 1.311333e+01
    endloop
  endfacet
  facet normal -9.941302e-01 0.000000e+00 1.081904e-01
    outer loop
      vertex   -5.332062e+00 3.000000e+00 1.311333e+01
      vertex   -5.332062e+00 0.000000e+00 1.311333e+01
      vertex   -5.307579e+00 3.000000e+00 1.333830e+01
    endloop
  endfacet
  facet normal -9.941302e-01 0.000000e+00 1.081904e-01
    outer loop
      vertex   -5.307579e+00 3.000000e+00 1.333830e+01
      vertex   -5.332062e+00 0.000000e+00 1.311333e+01
      vertex   -5.307579e+00 0.000000e+00 1.333830e+01
    endloop
  endfacet
  facet normal -9.999876e-01 0.000000e+00 -4.988822e-03
    outer loop
      vertex   -5.307579e+00 0.000000e+00 1.333830e+01
      vertex   -5.312685e+00 0.000000e+00 1.436185e+01
      vertex   -5.307579e+00 3.000000e+00 1.333830e+01
    endloop
  endfacet
  facet normal -9.999876e-01 0.000000e+00 -4.988822e-03
    outer loop
      vertex   -5.307579e+00 3.000000e+00 1.333830e+01
      vertex   -5.312685e+00 0.000000e+00 1.436185e+01
      vertex   -5.312685e+00 3.000000e+00 1.436185e+01
    endloop
  endfacet
  facet normal -1.820181e-02 0.000000e+00 9.998343e-01
    outer loop
      vertex   -1.804203e+00 0.000000e+00 1.363112e+01
      vertex   -1.804203e+00 3.000000e+00 1.363112e+01
      vertex   -2.030462e+00 0.000000e+00 1.362700e+01
    endloop
  endfacet
  facet normal -1.820181e-02 0.000000e+00 9.998343e-01
    outer loop
      vertex   -2.030462e+00 0.000000e+00 1.362700e+01
      vertex   -1.804203e+00 3.000000e+00 1.363112e+01
      vertex   -2.030462e+00 3.000000e+00 1.362700e+01
    endloop
  endfacet
  facet normal 2.070709e-01 -0.000000e+00 9.783259e-01
    outer loop
      vertex   -2.030462e+00 0.000000e+00 1.362700e+01
      vertex   -2.030462e+00 3.000000e+00 1.362700e+01
      vertex   -2.251855e+00 0.000000e+00 1.367386e+01
    endloop
  endfacet
  facet normal 2.070709e-01 3.065265e-17 9.783259e-01
    outer loop
      vertex   -2.251855e+00 0.000000e+00 1.367386e+01
      vertex   -2.030462e+00 3.000000e+00 1.362700e+01
      vertex   -2.251855e+00 3.000000e+00 1.367386e+01
    endloop
  endfacet
  facet normal 4.217394e-01 6.242997e-17 9.067171e-01
    outer loop
      vertex   -2.251855e+00 0.000000e+00 1.367386e+01
      vertex   -2.251855e+00 3.000000e+00 1.367386e+01
      vertex   -2.457042e+00 0.000000e+00 1.376930e+01
    endloop
  endfacet
  facet normal 4.217394e-01 -0.000000e+00 9.067171e-01
    outer loop
      vertex   -2.457042e+00 0.000000e+00 1.376930e+01
      vertex   -2.251855e+00 3.000000e+00 1.367386e+01
      vertex   -2.457042e+00 3.000000e+00 1.376930e+01
    endloop
  endfacet
  facet normal 6.148105e-01 -0.000000e+00 7.886749e-01
    outer loop
      vertex   -2.457042e+00 0.000000e+00 1.376930e+01
      vertex   -2.457042e+00 3.000000e+00 1.376930e+01
      vertex   -2.635517e+00 0.000000e+00 1.390843e+01
    endloop
  endfacet
  facet normal 6.148105e-01 -0.000000e+00 7.886749e-01
    outer loop
      vertex   -2.635517e+00 0.000000e+00 1.390843e+01
      vertex   -2.457042e+00 3.000000e+00 1.376930e+01
      vertex   -2.635517e+00 3.000000e+00 1.390843e+01
    endloop
  endfacet
  facet normal 7.763968e-01 -0.000000e+00 6.302443e-01
    outer loop
      vertex   -2.635517e+00 0.000000e+00 1.390843e+01
      vertex   -2.635517e+00 3.000000e+00 1.390843e+01
      vertex   -2.778140e+00 0.000000e+00 1.408412e+01
    endloop
  endfacet
  facet normal 7.763968e-01 -0.000000e+00 6.302443e-01
    outer loop
      vertex   -2.778140e+00 0.000000e+00 1.408412e+01
      vertex   -2.635517e+00 3.000000e+00 1.390843e+01
      vertex   -2.778140e+00 3.000000e+00 1.408412e+01
    endloop
  endfacet
  facet normal 8.427221e-01 0.000000e+00 5.383488e-01
    outer loop
      vertex   -2.778140e+00 3.000000e+00 1.408412e+01
      vertex   -3.329174e+00 3.000000e+00 1.494670e+01
      vertex   -2.778140e+00 0.000000e+00 1.408412e+01
    endloop
  endfacet
  facet normal 8.427221e-01 0.000000e+00 5.383488e-01
    outer loop
      vertex   -2.778140e+00 0.000000e+00 1.408412e+01
      vertex   -3.329174e+00 3.000000e+00 1.494670e+01
      vertex   -3.329174e+00 0.000000e+00 1.494670e+01
    endloop
  endfacet
  facet normal -9.923322e-01 0.000000e+00 1.235995e-01
    outer loop
      vertex   -5.312685e+00 3.000000e+00 1.436185e+01
      vertex   -5.312685e+00 0.000000e+00 1.436185e+01
      vertex   -5.280908e+00 3.000000e+00 1.461697e+01
    endloop
  endfacet
  facet normal -9.923322e-01 0.000000e+00 1.235995e-01
    outer loop
      vertex   -5.280908e+00 3.000000e+00 1.461697e+01
      vertex   -5.312685e+00 0.000000e+00 1.436185e+01
      vertex   -5.280908e+00 0.000000e+00 1.461697e+01
    endloop
  endfacet
  facet normal -9.280227e-01 0.000000e+00 3.725236e-01
    outer loop
      vertex   -5.280908e+00 3.000000e+00 1.461697e+01
      vertex   -5.280908e+00 0.000000e+00 1.461697e+01
      vertex   -5.185133e+00 3.000000e+00 1.485557e+01
    endloop
  endfacet
  facet normal -9.280227e-01 0.000000e+00 3.725236e-01
    outer loop
      vertex   -5.185133e+00 3.000000e+00 1.485557e+01
      vertex   -5.280908e+00 0.000000e+00 1.461697e+01
      vertex   -5.185133e+00 0.000000e+00 1.485557e+01
    endloop
  endfacet
  facet normal -8.023719e-01 0.000000e+00 5.968243e-01
    outer loop
      vertex   -5.185133e+00 3.000000e+00 1.485557e+01
      vertex   -5.185133e+00 0.000000e+00 1.485557e+01
      vertex   -5.031691e+00 3.000000e+00 1.506185e+01
    endloop
  endfacet
  facet normal -8.023719e-01 0.000000e+00 5.968243e-01
    outer loop
      vertex   -5.031691e+00 3.000000e+00 1.506185e+01
      vertex   -5.185133e+00 0.000000e+00 1.485557e+01
      vertex   -5.031691e+00 0.000000e+00 1.506185e+01
    endloop
  endfacet
  facet normal -6.236852e-01 0.000000e+00 7.816756e-01
    outer loop
      vertex   -5.031691e+00 3.000000e+00 1.506185e+01
      vertex   -5.031691e+00 0.000000e+00 1.506185e+01
      vertex   -4.830725e+00 3.000000e+00 1.522220e+01
    endloop
  endfacet
  facet normal -6.236852e-01 0.000000e+00 7.816756e-01
    outer loop
      vertex   -4.830725e+00 3.000000e+00 1.522220e+01
      vertex   -5.031691e+00 0.000000e+00 1.506185e+01
      vertex   -4.830725e+00 0.000000e+00 1.522220e+01
    endloop
  endfacet
  facet normal -4.037736e-01 0.000000e+00 9.148589e-01
    outer loop
      vertex   -4.830725e+00 3.000000e+00 1.522220e+01
      vertex   -4.830725e+00 0.000000e+00 1.522220e+01
      vertex   -4.595517e+00 3.000000e+00 1.532601e+01
    endloop
  endfacet
  facet normal -4.037736e-01 0.000000e+00 9.148589e-01
    outer loop
      vertex   -4.595517e+00 3.000000e+00 1.532601e+01
      vertex   -4.830725e+00 0.000000e+00 1.522220e+01
      vertex   -4.595517e+00 0.000000e+00 1.532601e+01
    endloop
  endfacet
  facet normal -2.828198e-01 0.000000e+00 9.591731e-01
    outer loop
      vertex   -4.595517e+00 0.000000e+00 1.532601e+01
      vertex   -4.454716e+00 0.000000e+00 1.536753e+01
      vertex   -4.595517e+00 3.000000e+00 1.532601e+01
    endloop
  endfacet
  facet normal -2.828198e-01 0.000000e+00 9.591731e-01
    outer loop
      vertex   -4.595517e+00 3.000000e+00 1.532601e+01
      vertex   -4.454716e+00 0.000000e+00 1.536753e+01
      vertex   -4.454716e+00 3.000000e+00 1.536753e+01
    endloop
  endfacet
  facet normal -1.571730e-01 0.000000e+00 9.875711e-01
    outer loop
      vertex   -4.454716e+00 3.000000e+00 1.536753e+01
      vertex   -4.454716e+00 0.000000e+00 1.536753e+01
      vertex   -4.200815e+00 3.000000e+00 1.540794e+01
    endloop
  endfacet
  facet normal -1.571730e-01 0.000000e+00 9.875711e-01
    outer loop
      vertex   -4.200815e+00 3.000000e+00 1.540794e+01
      vertex   -4.454716e+00 0.000000e+00 1.536753e+01
      vertex   -4.200815e+00 0.000000e+00 1.540794e+01
    endloop
  endfacet
  facet normal 9.981659e-02 0.000000e+00 9.950059e-01
    outer loop
      vertex   -4.200815e+00 3.000000e+00 1.540794e+01
      vertex   -4.200815e+00 0.000000e+00 1.540794e+01
      vertex   -3.945002e+00 3.000000e+00 1.538227e+01
    endloop
  endfacet
  facet normal 9.981659e-02 0.000000e+00 9.950059e-01
    outer loop
      vertex   -3.945002e+00 3.000000e+00 1.538227e+01
      vertex   -4.200815e+00 0.000000e+00 1.540794e+01
      vertex   -3.945002e+00 0.000000e+00 1.538227e+01
    endloop
  endfacet
  facet normal 3.502084e-01 0.000000e+00 9.366718e-01
    outer loop
      vertex   -3.945002e+00 3.000000e+00 1.538227e+01
      vertex   -3.945002e+00 0.000000e+00 1.538227e+01
      vertex   -3.704186e+00 3.000000e+00 1.529224e+01
    endloop
  endfacet
  facet normal 3.502084e-01 0.000000e+00 9.366718e-01
    outer loop
      vertex   -3.704186e+00 3.000000e+00 1.529224e+01
      vertex   -3.945002e+00 0.000000e+00 1.538227e+01
      vertex   -3.704186e+00 0.000000e+00 1.529224e+01
    endloop
  endfacet
  facet normal 5.774518e-01 0.000000e+00 8.164248e-01
    outer loop
      vertex   -3.704186e+00 3.000000e+00 1.529224e+01
      vertex   -3.704186e+00 0.000000e+00 1.529224e+01
      vertex   -3.494286e+00 3.000000e+00 1.514377e+01
    endloop
  endfacet
  facet normal 5.774518e-01 0.000000e+00 8.164248e-01
    outer loop
      vertex   -3.494286e+00 3.000000e+00 1.514377e+01
      vertex   -3.704186e+00 0.000000e+00 1.529224e+01
      vertex   -3.494286e+00 0.000000e+00 1.514377e+01
    endloop
  endfacet
  facet normal 7.665263e-01 0.000000e+00 6.422129e-01
    outer loop
      vertex   -3.494286e+00 3.000000e+00 1.514377e+01
      vertex   -3.494286e+00 0.000000e+00 1.514377e+01
      vertex   -3.329174e+00 3.000000e+00 1.494670e+01
    endloop
  endfacet
  facet normal 7.665263e-01 0.000000e+00 6.422129e-01
    outer loop
      vertex   -3.329174e+00 3.000000e+00 1.494670e+01
      vertex   -3.494286e+00 0.000000e+00 1.514377e+01
      vertex   -3.329174e+00 0.000000e+00 1.494670e+01
    endloop
  endfacet
  facet normal -2.411946e-01 0.000000e+00 9.704768e-01
    outer loop
      vertex   -1.785267e+00 3.000000e+00 1.363361e+01
      vertex   -1.785267e+00 0.000000e+00 1.363361e+01
      vertex   -1.565650e+00 3.000000e+00 1.368819e+01
    endloop
  endfacet
  facet normal -2.411946e-01 0.000000e+00 9.704768e-01
    outer loop
      vertex   -1.565650e+00 3.000000e+00 1.368819e+01
      vertex   -1.785267e+00 0.000000e+00 1.363361e+01
      vertex   -1.565650e+00 0.000000e+00 1.368819e+01
    endloop
  endfacet
  facet normal -4.532245e-01 0.000000e+00 8.913964e-01
    outer loop
      vertex   -1.565650e+00 3.000000e+00 1.368819e+01
      vertex   -1.565650e+00 0.000000e+00 1.368819e+01
      vertex   -1.363930e+00 3.000000e+00 1.379076e+01
    endloop
  endfacet
  facet normal -4.532245e-01 -6.709070e-17 8.913964e-01
    outer loop
      vertex   -1.363930e+00 3.000000e+00 1.379076e+01
      vertex   -1.565650e+00 0.000000e+00 1.368819e+01
      vertex   -1.363930e+00 0.000000e+00 1.379076e+01
    endloop
  endfacet
  facet normal -6.420446e-01 -9.504170e-17 7.666673e-01
    outer loop
      vertex   -1.363930e+00 3.000000e+00 1.379076e+01
      vertex   -1.363930e+00 0.000000e+00 1.379076e+01
      vertex   -1.190435e+00 3.000000e+00 1.393605e+01
    endloop
  endfacet
  facet normal -6.420446e-01 -4.752085e-17 7.666673e-01
    outer loop
      vertex   -1.190435e+00 3.000000e+00 1.393605e+01
      vertex   -1.363930e+00 0.000000e+00 1.379076e+01
      vertex   -1.190435e+00 0.000000e+00 1.393605e+01
    endloop
  endfacet
  facet normal -7.979854e-01 -5.906278e-17 6.026768e-01
    outer loop
      vertex   -1.190435e+00 3.000000e+00 1.393605e+01
      vertex   -1.190435e+00 0.000000e+00 1.393605e+01
      vertex   -1.054051e+00 3.000000e+00 1.411663e+01
    endloop
  endfacet
  facet normal -7.979854e-01 6.546499e-16 6.026768e-01
    outer loop
      vertex   -1.054051e+00 3.000000e+00 1.411663e+01
      vertex   -1.190435e+00 0.000000e+00 1.393605e+01
      vertex   -1.054051e+00 0.000000e+00 1.411663e+01
    endloop
  endfacet
  facet normal -9.130610e-01 4.153794e-16 4.078230e-01
    outer loop
      vertex   -1.054051e+00 3.000000e+00 1.411663e+01
      vertex   -1.054051e+00 0.000000e+00 1.411663e+01
      vertex   -9.617622e-01 3.000000e+00 1.432325e+01
    endloop
  endfacet
  facet normal -9.130610e-01 0.000000e+00 4.078230e-01
    outer loop
      vertex   -9.617622e-01 3.000000e+00 1.432325e+01
      vertex   -1.054051e+00 0.000000e+00 1.411663e+01
      vertex   -9.617622e-01 0.000000e+00 1.432325e+01
    endloop
  endfacet
  facet normal -9.533420e-01 0.000000e+00 3.018924e-01
    outer loop
      vertex   -9.617622e-01 0.000000e+00 1.432325e+01
      vertex   -6.527558e-01 0.000000e+00 1.529906e+01
      vertex   -9.617622e-01 3.000000e+00 1.432325e+01
    endloop
  endfacet
  facet normal -9.533420e-01 0.000000e+00 3.018924e-01
    outer loop
      vertex   -9.617622e-01 3.000000e+00 1.432325e+01
      vertex   -6.527558e-01 0.000000e+00 1.529906e+01
      vertex   -6.527558e-01 3.000000e+00 1.529906e+01
    endloop
  endfacet
  facet normal 2.892690e-01 -0.000000e+00 9.572478e-01
    outer loop
      vertex   2.462627e+00 0.000000e+00 1.352767e+01
      vertex   2.462627e+00 3.000000e+00 1.352767e+01
      vertex   2.246004e+00 0.000000e+00 1.359313e+01
    endloop
  endfacet
  facet normal 2.892690e-01 -0.000000e+00 9.572478e-01
    outer loop
      vertex   2.246004e+00 0.000000e+00 1.359313e+01
      vertex   2.462627e+00 3.000000e+00 1.352767e+01
      vertex   2.246004e+00 3.000000e+00 1.359313e+01
    endloop
  endfacet
  facet normal 4.970935e-01 -0.000000e+00 8.676970e-01
    outer loop
      vertex   2.246004e+00 0.000000e+00 1.359313e+01
      vertex   2.246004e+00 3.000000e+00 1.359313e+01
      vertex   2.049647e+00 0.000000e+00 1.370563e+01
    endloop
  endfacet
  facet normal 4.970935e-01 -0.000000e+00 8.676970e-01
    outer loop
      vertex   2.049647e+00 0.000000e+00 1.370563e+01
      vertex   2.246004e+00 3.000000e+00 1.359313e+01
      vertex   2.049647e+00 3.000000e+00 1.370563e+01
    endloop
  endfacet
  facet normal 6.794617e-01 -0.000000e+00 7.337110e-01
    outer loop
      vertex   2.049647e+00 0.000000e+00 1.370563e+01
      vertex   2.049647e+00 3.000000e+00 1.370563e+01
      vertex   1.883610e+00 0.000000e+00 1.385939e+01
    endloop
  endfacet
  facet normal 6.794617e-01 -0.000000e+00 7.337110e-01
    outer loop
      vertex   1.883610e+00 0.000000e+00 1.385939e+01
      vertex   2.049647e+00 3.000000e+00 1.370563e+01
      vertex   1.883610e+00 3.000000e+00 1.385939e+01
    endloop
  endfacet
  facet normal 8.270344e-01 -0.000000e+00 5.621513e-01
    outer loop
      vertex   1.883610e+00 0.000000e+00 1.385939e+01
      vertex   1.883610e+00 3.000000e+00 1.385939e+01
      vertex   1.756397e+00 0.000000e+00 1.404654e+01
    endloop
  endfacet
  facet normal 8.270344e-01 -0.000000e+00 5.621513e-01
    outer loop
      vertex   1.756397e+00 0.000000e+00 1.404654e+01
      vertex   1.883610e+00 3.000000e+00 1.385939e+01
      vertex   1.756397e+00 3.000000e+00 1.404654e+01
    endloop
  endfacet
  facet normal 9.322543e-01 -0.000000e+00 3.618037e-01
    outer loop
      vertex   1.756397e+00 0.000000e+00 1.404654e+01
      vertex   1.756397e+00 3.000000e+00 1.404654e+01
      vertex   1.674522e+00 0.000000e+00 1.425751e+01
    endloop
  endfacet
  facet normal 9.322543e-01 -0.000000e+00 3.618037e-01
    outer loop
      vertex   1.674522e+00 0.000000e+00 1.425751e+01
      vertex   1.756397e+00 3.000000e+00 1.404654e+01
      vertex   1.674522e+00 3.000000e+00 1.425751e+01
    endloop
  endfacet
  facet normal 9.672050e-01 0.000000e+00 2.539970e-01
    outer loop
      vertex   1.674522e+00 3.000000e+00 1.425751e+01
      vertex   1.414540e+00 3.000000e+00 1.524750e+01
      vertex   1.674522e+00 0.000000e+00 1.425751e+01
    endloop
  endfacet
  facet normal 9.672050e-01 0.000000e+00 2.539970e-01
    outer loop
      vertex   1.674522e+00 0.000000e+00 1.425751e+01
      vertex   1.414540e+00 3.000000e+00 1.524750e+01
      vertex   1.414540e+00 0.000000e+00 1.524750e+01
    endloop
  endfacet
  facet normal -9.066245e-01 0.000000e+00 4.219384e-01
    outer loop
      vertex   -6.527558e-01 3.000000e+00 1.529906e+01
      vertex   -6.527558e-01 0.000000e+00 1.529906e+01
      vertex   -5.442766e-01 3.000000e+00 1.553215e+01
    endloop
  endfacet
  facet normal -9.066245e-01 0.000000e+00 4.219384e-01
    outer loop
      vertex   -5.442766e-01 3.000000e+00 1.553215e+01
      vertex   -6.527558e-01 0.000000e+00 1.529906e+01
      vertex   -5.442766e-01 0.000000e+00 1.553215e+01
    endloop
  endfacet
  facet normal -7.690819e-01 0.000000e+00 6.391502e-01
    outer loop
      vertex   -5.442766e-01 3.000000e+00 1.553215e+01
      vertex   -5.442766e-01 0.000000e+00 1.553215e+01
      vertex   -3.799530e-01 3.000000e+00 1.572988e+01
    endloop
  endfacet
  facet normal -7.690819e-01 1.423087e-17 6.391502e-01
    outer loop
      vertex   -3.799530e-01 3.000000e+00 1.572988e+01
      vertex   -5.442766e-01 0.000000e+00 1.553215e+01
      vertex   -3.799530e-01 0.000000e+00 1.572988e+01
    endloop
  endfacet
  facet normal -5.807038e-01 1.074518e-17 8.141149e-01
    outer loop
      vertex   -3.799530e-01 3.000000e+00 1.572988e+01
      vertex   -3.799530e-01 0.000000e+00 1.572988e+01
      vertex   -1.706464e-01 3.000000e+00 1.587918e+01
    endloop
  endfacet
  facet normal -5.807038e-01 3.223554e-17 8.141149e-01
    outer loop
      vertex   -1.706464e-01 3.000000e+00 1.587918e+01
      vertex   -3.799530e-01 0.000000e+00 1.572988e+01
      vertex   -1.706464e-01 0.000000e+00 1.587918e+01
    endloop
  endfacet
  facet normal -3.539419e-01 1.964772e-17 9.352674e-01
    outer loop
      vertex   -1.706464e-01 3.000000e+00 1.587918e+01
      vertex   -1.706464e-01 0.000000e+00 1.587918e+01
      vertex   6.980818e-02 3.000000e+00 1.597017e+01
    endloop
  endfacet
  facet normal -3.539419e-01 4.911930e-18 9.352674e-01
    outer loop
      vertex   6.980818e-02 3.000000e+00 1.597017e+01
      vertex   -1.706464e-01 0.000000e+00 1.587918e+01
      vertex   6.980818e-02 0.000000e+00 1.597017e+01
    endloop
  endfacet
  facet normal -1.037848e-01 1.440303e-18 9.945998e-01
    outer loop
      vertex   6.980818e-02 3.000000e+00 1.597017e+01
      vertex   6.980818e-02 0.000000e+00 1.597017e+01
      vertex   3.255169e-01 3.000000e+00 1.599686e+01
    endloop
  endfacet
  facet normal -1.037848e-01 0.000000e+00 9.945998e-01
    outer loop
      vertex   3.255169e-01 3.000000e+00 1.599686e+01
      vertex   6.980818e-02 0.000000e+00 1.597017e+01
      vertex   3.255169e-01 0.000000e+00 1.599686e+01
    endloop
  endfacet
  facet normal 2.493069e-02 -0.000000e+00 9.996892e-01
    outer loop
      vertex   3.255169e-01 0.000000e+00 1.599686e+01
      vertex   4.722652e-01 0.000000e+00 1.599320e+01
      vertex   3.255169e-01 3.000000e+00 1.599686e+01
    endloop
  endfacet
  facet normal 2.493069e-02 0.000000e+00 9.996892e-01
    outer loop
      vertex   3.255169e-01 3.000000e+00 1.599686e+01
      vertex   4.722652e-01 0.000000e+00 1.599320e+01
      vertex   4.722652e-01 3.000000e+00 1.599320e+01
    endloop
  endfacet
  facet normal 1.532324e-01 0.000000e+00 9.881902e-01
    outer loop
      vertex   4.722652e-01 3.000000e+00 1.599320e+01
      vertex   4.722652e-01 0.000000e+00 1.599320e+01
      vertex   7.263261e-01 3.000000e+00 1.595380e+01
    endloop
  endfacet
  facet normal 1.532324e-01 0.000000e+00 9.881902e-01
    outer loop
      vertex   7.263261e-01 3.000000e+00 1.595380e+01
      vertex   4.722652e-01 0.000000e+00 1.599320e+01
      vertex   7.263261e-01 0.000000e+00 1.595380e+01
    endloop
  endfacet
  facet normal 4.001211e-01 0.000000e+00 9.164623e-01
    outer loop
      vertex   7.263261e-01 3.000000e+00 1.595380e+01
      vertex   7.263261e-01 0.000000e+00 1.595380e+01
      vertex   9.619459e-01 3.000000e+00 1.585093e+01
    endloop
  endfacet
  facet normal 4.001211e-01 0.000000e+00 9.164623e-01
    outer loop
      vertex   9.619459e-01 3.000000e+00 1.585093e+01
      vertex   7.263261e-01 0.000000e+00 1.595380e+01
      vertex   9.619459e-01 0.000000e+00 1.585093e+01
    endloop
  endfacet
  facet normal 6.205623e-01 0.000000e+00 7.841572e-01
    outer loop
      vertex   9.619459e-01 3.000000e+00 1.585093e+01
      vertex   9.619459e-01 0.000000e+00 1.585093e+01
      vertex   1.163550e+00 3.000000e+00 1.569139e+01
    endloop
  endfacet
  facet normal 6.205623e-01 0.000000e+00 7.841572e-01
    outer loop
      vertex   1.163550e+00 3.000000e+00 1.569139e+01
      vertex   9.619459e-01 0.000000e+00 1.585093e+01
      vertex   1.163550e+00 0.000000e+00 1.569139e+01
    endloop
  endfacet
  facet normal 7.999849e-01 0.000000e+00 6.000202e-01
    outer loop
      vertex   1.163550e+00 3.000000e+00 1.569139e+01
      vertex   1.163550e+00 0.000000e+00 1.569139e+01
      vertex   1.317814e+00 3.000000e+00 1.548571e+01
    endloop
  endfacet
  facet normal 7.999849e-01 0.000000e+00 6.000202e-01
    outer loop
      vertex   1.317814e+00 3.000000e+00 1.548571e+01
      vertex   1.163550e+00 0.000000e+00 1.569139e+01
      vertex   1.317814e+00 0.000000e+00 1.548571e+01
    endloop
  endfacet
  facet normal 9.265294e-01 0.000000e+00 3.762224e-01
    outer loop
      vertex   1.317814e+00 3.000000e+00 1.548571e+01
      vertex   1.317814e+00 0.000000e+00 1.548571e+01
      vertex   1.414540e+00 3.000000e+00 1.524750e+01
    endloop
  endfacet
  facet normal 9.265294e-01 0.000000e+00 3.762224e-01
    outer loop
      vertex   1.414540e+00 3.000000e+00 1.524750e+01
      vertex   1.317814e+00 0.000000e+00 1.548571e+01
      vertex   1.414540e+00 0.000000e+00 1.524750e+01
    endloop
  endfacet
  facet normal 6.801681e-02 0.000000e+00 9.976842e-01
    outer loop
      vertex   2.481415e+00 3.000000e+00 1.352424e+01
      vertex   2.481415e+00 0.000000e+00 1.352424e+01
      vertex   2.707188e+00 3.000000e+00 1.350885e+01
    endloop
  endfacet
  facet normal 6.801681e-02 2.013702e-17 9.976842e-01
    outer loop
      vertex   2.707188e+00 3.000000e+00 1.350885e+01
      vertex   2.481415e+00 0.000000e+00 1.352424e+01
      vertex   2.707188e+00 0.000000e+00 1.350885e+01
    endloop
  endfacet
  facet normal -1.580480e-01 -4.679159e-17 9.874314e-01
    outer loop
      vertex   2.707188e+00 3.000000e+00 1.350885e+01
      vertex   2.707188e+00 0.000000e+00 1.350885e+01
      vertex   2.930641e+00 3.000000e+00 1.354461e+01
    endloop
  endfacet
  facet normal -1.580480e-01 -2.339580e-17 9.874314e-01
    outer loop
      vertex   2.930641e+00 3.000000e+00 1.354461e+01
      vertex   2.707188e+00 0.000000e+00 1.350885e+01
      vertex   2.930641e+00 0.000000e+00 1.354461e+01
    endloop
  endfacet
  facet normal -3.760190e-01 -5.566200e-17 9.266119e-01
    outer loop
      vertex   2.930641e+00 3.000000e+00 1.354461e+01
      vertex   2.930641e+00 0.000000e+00 1.354461e+01
      vertex   3.140331e+00 3.000000e+00 1.362971e+01
    endloop
  endfacet
  facet normal -3.760190e-01 0.000000e+00 9.266119e-01
    outer loop
      vertex   3.140331e+00 3.000000e+00 1.362971e+01
      vertex   2.930641e+00 0.000000e+00 1.354461e+01
      vertex   3.140331e+00 0.000000e+00 1.362971e+01
    endloop
  endfacet
  facet normal -5.747340e-01 0.000000e+00 8.183403e-01
    outer loop
      vertex   3.140331e+00 3.000000e+00 1.362971e+01
      vertex   3.140331e+00 0.000000e+00 1.362971e+01
      vertex   3.325519e+00 3.000000e+00 1.375977e+01
    endloop
  endfacet
  facet normal -5.747340e-01 0.000000e+00 8.183403e-01
    outer loop
      vertex   3.325519e+00 3.000000e+00 1.375977e+01
      vertex   3.140331e+00 0.000000e+00 1.362971e+01
      vertex   3.325519e+00 0.000000e+00 1.375977e+01
    endloop
  endfacet
  facet normal -7.440166e-01 0.000000e+00 6.681611e-01
    outer loop
      vertex   3.325519e+00 3.000000e+00 1.375977e+01
      vertex   3.325519e+00 0.000000e+00 1.375977e+01
      vertex   3.476722e+00 3.000000e+00 1.392814e+01
    endloop
  endfacet
  facet normal -7.440166e-01 0.000000e+00 6.681611e-01
    outer loop
      vertex   3.476722e+00 3.000000e+00 1.392814e+01
      vertex   3.325519e+00 0.000000e+00 1.375977e+01
      vertex   3.476722e+00 0.000000e+00 1.392814e+01
    endloop
  endfacet
  facet normal -8.148401e-01 0.000000e+00 5.796858e-01
    outer loop
      vertex   3.476722e+00 0.000000e+00 1.392814e+01
      vertex   4.070068e+00 0.000000e+00 1.476218e+01
      vertex   3.476722e+00 3.000000e+00 1.392814e+01
    endloop
  endfacet
  facet normal -8.148401e-01 0.000000e+00 5.796858e-01
    outer loop
      vertex   3.476722e+00 3.000000e+00 1.392814e+01
      vertex   4.070068e+00 0.000000e+00 1.476218e+01
      vertex   4.070068e+00 3.000000e+00 1.476218e+01
    endloop
  endfacet
  facet normal 5.688682e-01 -0.000000e+00 8.224287e-01
    outer loop
      vertex   6.492178e+00 0.000000e+00 1.212081e+01
      vertex   6.492178e+00 3.000000e+00 1.212081e+01
      vertex   6.306064e+00 0.000000e+00 1.224955e+01
    endloop
  endfacet
  facet normal 5.688682e-01 -0.000000e+00 8.224287e-01
    outer loop
      vertex   6.306064e+00 0.000000e+00 1.224955e+01
      vertex   6.492178e+00 3.000000e+00 1.212081e+01
      vertex   6.306064e+00 3.000000e+00 1.224955e+01
    endloop
  endfacet
  facet normal 7.392203e-01 -0.000000e+00 6.734637e-01
    outer loop
      vertex   6.306064e+00 0.000000e+00 1.224955e+01
      vertex   6.306064e+00 3.000000e+00 1.224955e+01
      vertex   6.153661e+00 0.000000e+00 1.241683e+01
    endloop
  endfacet
  facet normal 7.392203e-01 -0.000000e+00 6.734637e-01
    outer loop
      vertex   6.153661e+00 0.000000e+00 1.241683e+01
      vertex   6.306064e+00 3.000000e+00 1.224955e+01
      vertex   6.153661e+00 3.000000e+00 1.241683e+01
    endloop
  endfacet
  facet normal 8.717166e-01 -0.000000e+00 4.900104e-01
    outer loop
      vertex   6.153661e+00 0.000000e+00 1.241683e+01
      vertex   6.153661e+00 3.000000e+00 1.241683e+01
      vertex   6.042773e+00 0.000000e+00 1.261410e+01
    endloop
  endfacet
  facet normal 8.717166e-01 -0.000000e+00 4.900104e-01
    outer loop
      vertex   6.042773e+00 0.000000e+00 1.261410e+01
      vertex   6.153661e+00 3.000000e+00 1.241683e+01
      vertex   6.042773e+00 3.000000e+00 1.261410e+01
    endloop
  endfacet
  facet normal 9.595720e-01 -0.000000e+00 2.814634e-01
    outer loop
      vertex   6.042773e+00 0.000000e+00 1.261410e+01
      vertex   6.042773e+00 3.000000e+00 1.261410e+01
      vertex   5.979079e+00 0.000000e+00 1.283125e+01
    endloop
  endfacet
  facet normal 9.595720e-01 -0.000000e+00 2.814634e-01
    outer loop
      vertex   5.979079e+00 0.000000e+00 1.283125e+01
      vertex   6.042773e+00 3.000000e+00 1.261410e+01
      vertex   5.979079e+00 3.000000e+00 1.283125e+01
    endloop
  endfacet
  facet normal 9.982873e-01 -0.000000e+00 5.850259e-02
    outer loop
      vertex   5.979079e+00 0.000000e+00 1.283125e+01
      vertex   5.979079e+00 3.000000e+00 1.283125e+01
      vertex   5.965840e+00 0.000000e+00 1.305716e+01
    endloop
  endfacet
  facet normal 9.982873e-01 -0.000000e+00 5.850259e-02
    outer loop
      vertex   5.965840e+00 0.000000e+00 1.305716e+01
      vertex   5.979079e+00 3.000000e+00 1.283125e+01
      vertex   5.965840e+00 3.000000e+00 1.305716e+01
    endloop
  endfacet
  facet normal 9.984958e-01 0.000000e+00 -5.482789e-02
    outer loop
      vertex   5.965840e+00 3.000000e+00 1.305716e+01
      vertex   6.021960e+00 3.000000e+00 1.407918e+01
      vertex   5.965840e+00 0.000000e+00 1.305716e+01
    endloop
  endfacet
  facet normal 9.984958e-01 0.000000e+00 -5.482789e-02
    outer loop
      vertex   5.965840e+00 0.000000e+00 1.305716e+01
      vertex   6.021960e+00 3.000000e+00 1.407918e+01
      vertex   6.021960e+00 0.000000e+00 1.407918e+01
    endloop
  endfacet
  facet normal -7.335618e-01 0.000000e+00 6.796228e-01
    outer loop
      vertex   4.070068e+00 3.000000e+00 1.476218e+01
      vertex   4.070068e+00 0.000000e+00 1.476218e+01
      vertex   4.244797e+00 3.000000e+00 1.495077e+01
    endloop
  endfacet
  facet normal -7.335618e-01 0.000000e+00 6.796228e-01
    outer loop
      vertex   4.244797e+00 3.000000e+00 1.495077e+01
      vertex   4.070068e+00 0.000000e+00 1.476218e+01
      vertex   4.244797e+00 0.000000e+00 1.495077e+01
    endloop
  endfacet
  facet normal -5.360386e-01 0.000000e+00 8.441935e-01
    outer loop
      vertex   4.244797e+00 3.000000e+00 1.495077e+01
      vertex   4.244797e+00 0.000000e+00 1.495077e+01
      vertex   4.461836e+00 3.000000e+00 1.508859e+01
    endloop
  endfacet
  facet normal -5.360386e-01 1.586993e-16 8.441935e-01
    outer loop
      vertex   4.461836e+00 3.000000e+00 1.508859e+01
      vertex   4.244797e+00 0.000000e+00 1.495077e+01
      vertex   4.461836e+00 0.000000e+00 1.508859e+01
    endloop
  endfacet
  facet normal -3.030838e-01 8.973084e-17 9.529639e-01
    outer loop
      vertex   4.461836e+00 3.000000e+00 1.508859e+01
      vertex   4.461836e+00 0.000000e+00 1.508859e+01
      vertex   4.706841e+00 3.000000e+00 1.516651e+01
    endloop
  endfacet
  facet normal -3.030838e-01 8.973084e-17 9.529639e-01
    outer loop
      vertex   4.706841e+00 3.000000e+00 1.516651e+01
      vertex   4.461836e+00 0.000000e+00 1.508859e+01
      vertex   4.706841e+00 0.000000e+00 1.516651e+01
    endloop
  endfacet
  facet normal -5.009556e-02 1.483127e-17 9.987444e-01
    outer loop
      vertex   4.706841e+00 3.000000e+00 1.516651e+01
      vertex   4.706841e+00 0.000000e+00 1.516651e+01
      vertex   4.963615e+00 3.000000e+00 1.517939e+01
    endloop
  endfacet
  facet normal -5.009556e-02 -1.182751e-15 9.987444e-01
    outer loop
      vertex   4.963615e+00 3.000000e+00 1.517939e+01
      vertex   4.706841e+00 0.000000e+00 1.516651e+01
      vertex   4.963615e+00 0.000000e+00 1.517939e+01
    endloop
  endfacet
  facet normal 2.062040e-01 -1.158787e-15 9.785090e-01
    outer loop
      vertex   4.963615e+00 3.000000e+00 1.517939e+01
      vertex   4.963615e+00 0.000000e+00 1.517939e+01
      vertex   5.215187e+00 3.000000e+00 1.512637e+01
    endloop
  endfacet
  facet normal 2.062040e-01 0.000000e+00 9.785090e-01
    outer loop
      vertex   5.215187e+00 3.000000e+00 1.512637e+01
      vertex   4.963615e+00 0.000000e+00 1.517939e+01
      vertex   5.215187e+00 0.000000e+00 1.512637e+01
    endloop
  endfacet
  facet normal 3.302791e-01 -0.000000e+00 9.438833e-01
    outer loop
      vertex   5.215187e+00 0.000000e+00 1.512637e+01
      vertex   5.353743e+00 0.000000e+00 1.507789e+01
      vertex   5.215187e+00 3.000000e+00 1.512637e+01
    endloop
  endfacet
  facet normal 3.302791e-01 0.000000e+00 9.438833e-01
    outer loop
      vertex   5.215187e+00 3.000000e+00 1.512637e+01
      vertex   5.353743e+00 0.000000e+00 1.507789e+01
      vertex   5.353743e+00 3.000000e+00 1.507789e+01
    endloop
  endfacet
  facet normal 4.488736e-01 0.000000e+00 8.935952e-01
    outer loop
      vertex   5.353743e+00 3.000000e+00 1.507789e+01
      vertex   5.353743e+00 0.000000e+00 1.507789e+01
      vertex   5.583484e+00 3.000000e+00 1.496249e+01
    endloop
  endfacet
  facet normal 4.488736e-01 0.000000e+00 8.935952e-01
    outer loop
      vertex   5.583484e+00 3.000000e+00 1.496249e+01
      vertex   5.353743e+00 0.000000e+00 1.507789e+01
      vertex   5.583484e+00 0.000000e+00 1.496249e+01
    endloop
  endfacet
  facet normal 6.618733e-01 0.000000e+00 7.496158e-01
    outer loop
      vertex   5.583484e+00 3.000000e+00 1.496249e+01
      vertex   5.583484e+00 0.000000e+00 1.496249e+01
      vertex   5.776208e+00 3.000000e+00 1.479232e+01
    endloop
  endfacet
  facet normal 6.618733e-01 0.000000e+00 7.496158e-01
    outer loop
      vertex   5.776208e+00 3.000000e+00 1.479232e+01
      vertex   5.583484e+00 0.000000e+00 1.496249e+01
      vertex   5.776208e+00 0.000000e+00 1.479232e+01
    endloop
  endfacet
  facet normal 8.311238e-01 0.000000e+00 5.560875e-01
    outer loop
      vertex   5.776208e+00 3.000000e+00 1.479232e+01
      vertex   5.776208e+00 0.000000e+00 1.479232e+01
      vertex   5.919176e+00 3.000000e+00 1.457864e+01
    endloop
  endfacet
  facet normal 8.311238e-01 0.000000e+00 5.560875e-01
    outer loop
      vertex   5.919176e+00 3.000000e+00 1.457864e+01
      vertex   5.776208e+00 0.000000e+00 1.479232e+01
      vertex   5.919176e+00 0.000000e+00 1.457864e+01
    endloop
  endfacet
  facet normal 9.454379e-01 0.000000e+00 3.258024e-01
    outer loop
      vertex   5.919176e+00 3.000000e+00 1.457864e+01
      vertex   5.919176e+00 0.000000e+00 1.457864e+01
      vertex   6.002939e+00 3.000000e+00 1.433557e+01
    endloop
  endfacet
  facet normal 9.454379e-01 0.000000e+00 3.258024e-01
    outer loop
      vertex   6.002939e+00 3.000000e+00 1.433557e+01
      vertex   5.919176e+00 0.000000e+00 1.457864e+01
      vertex   6.002939e+00 0.000000e+00 1.433557e+01
    endloop
  endfacet
  facet normal 9.972596e-01 0.000000e+00 7.398220e-02
    outer loop
      vertex   6.002939e+00 3.000000e+00 1.433557e+01
      vertex   6.002939e+00 0.000000e+00 1.433557e+01
      vertex   6.021960e+00 3.000000e+00 1.407918e+01
    endloop
  endfacet
  facet normal 9.972596e-01 0.000000e+00 7.398220e-02
    outer loop
      vertex   6.021960e+00 3.000000e+00 1.407918e+01
      vertex   6.002939e+00 0.000000e+00 1.433557e+01
      vertex   6.021960e+00 0.000000e+00 1.407918e+01
    endloop
  endfacet
  facet normal 3.706746e-01 0.000000e+00 9.287628e-01
    outer loop
      vertex   6.509008e+00 3.000000e+00 1.211178e+01
      vertex   6.509008e+00 0.000000e+00 1.211178e+01
      vertex   6.719184e+00 3.000000e+00 1.202790e+01
    endloop
  endfacet
  facet normal 3.706746e-01 0.000000e+00 9.287628e-01
    outer loop
      vertex   6.719184e+00 3.000000e+00 1.202790e+01
      vertex   6.509008e+00 0.000000e+00 1.211178e+01
      vertex   6.719184e+00 0.000000e+00 1.202790e+01
    endloop
  endfacet
  facet normal 1.523568e-01 0.000000e+00 9.883256e-01
    outer loop
      vertex   6.719184e+00 3.000000e+00 1.202790e+01
      vertex   6.719184e+00 0.000000e+00 1.202790e+01
      vertex   6.942839e+00 3.000000e+00 1.199342e+01
    endloop
  endfacet
  facet normal 1.523568e-01 0.000000e+00 9.883256e-01
    outer loop
      vertex   6.942839e+00 3.000000e+00 1.199342e+01
      vertex   6.719184e+00 0.000000e+00 1.202790e+01
      vertex   6.942839e+00 0.000000e+00 1.199342e+01
    endloop
  endfacet
  facet normal -7.376327e-02 0.000000e+00 9.972758e-01
    outer loop
      vertex   6.942839e+00 3.000000e+00 1.199342e+01
      vertex   6.942839e+00 0.000000e+00 1.199342e+01
      vertex   7.168520e+00 3.000000e+00 1.201012e+01
    endloop
  endfacet
  facet normal -7.376327e-02 0.000000e+00 9.972758e-01
    outer loop
      vertex   7.168520e+00 3.000000e+00 1.201012e+01
      vertex   6.942839e+00 0.000000e+00 1.199342e+01
      vertex   7.168520e+00 0.000000e+00 1.201012e+01
    endloop
  endfacet
  facet normal -2.961059e-01 0.000000e+00 9.551551e-01
    outer loop
      vertex   7.168520e+00 3.000000e+00 1.201012e+01
      vertex   7.168520e+00 0.000000e+00 1.201012e+01
      vertex   7.384669e+00 3.000000e+00 1.207712e+01
    endloop
  endfacet
  facet normal -2.961059e-01 0.000000e+00 9.551551e-01
    outer loop
      vertex   7.384669e+00 3.000000e+00 1.207712e+01
      vertex   7.168520e+00 0.000000e+00 1.201012e+01
      vertex   7.384669e+00 0.000000e+00 1.207712e+01
    endloop
  endfacet
  facet normal -5.032848e-01 0.000000e+00 8.641206e-01
    outer loop
      vertex   7.384669e+00 3.000000e+00 1.207712e+01
      vertex   7.384669e+00 0.000000e+00 1.207712e+01
      vertex   7.580217e+00 3.000000e+00 1.219102e+01
    endloop
  endfacet
  facet normal -5.032848e-01 0.000000e+00 8.641206e-01
    outer loop
      vertex   7.580217e+00 3.000000e+00 1.219102e+01
      vertex   7.384669e+00 0.000000e+00 1.207712e+01
      vertex   7.580217e+00 0.000000e+00 1.219102e+01
    endloop
  endfacet
  facet normal -5.978268e-01 0.000000e+00 8.016253e-01
    outer loop
      vertex   7.580217e+00 0.000000e+00 1.219102e+01
      vertex   8.400732e+00 0.000000e+00 1.280293e+01
      vertex   7.580217e+00 3.000000e+00 1.219102e+01
    endloop
  endfacet
  facet normal -5.978268e-01 0.000000e+00 8.016253e-01
    outer loop
      vertex   7.580217e+00 3.000000e+00 1.219102e+01
      vertex   8.400732e+00 0.000000e+00 1.280293e+01
      vertex   8.400732e+00 3.000000e+00 1.280293e+01
    endloop
  endfacet
  facet normal 7.936559e-01 -0.000000e+00 6.083669e-01
    outer loop
      vertex   9.896194e+00 0.000000e+00 9.546090e+00
      vertex   9.896194e+00 3.000000e+00 9.546090e+00
      vertex   9.758523e+00 0.000000e+00 9.725692e+00
    endloop
  endfacet
  facet normal 7.936559e-01 -0.000000e+00 6.083669e-01
    outer loop
      vertex   9.758523e+00 0.000000e+00 9.725692e+00
      vertex   9.896194e+00 3.000000e+00 9.546090e+00
      vertex   9.758523e+00 3.000000e+00 9.725692e+00
    endloop
  endfacet
  facet normal 9.101218e-01 -0.000000e+00 4.143409e-01
    outer loop
      vertex   9.758523e+00 0.000000e+00 9.725692e+00
      vertex   9.758523e+00 3.000000e+00 9.725692e+00
      vertex   9.664759e+00 0.000000e+00 9.931650e+00
    endloop
  endfacet
  facet normal 9.101218e-01 -0.000000e+00 4.143409e-01
    outer loop
      vertex   9.664759e+00 0.000000e+00 9.931650e+00
      vertex   9.758523e+00 3.000000e+00 9.725692e+00
      vertex   9.664759e+00 3.000000e+00 9.931650e+00
    endloop
  endfacet
  facet normal 9.799799e-01 -0.000000e+00 1.990963e-01
    outer loop
      vertex   9.664759e+00 0.000000e+00 9.931650e+00
      vertex   9.664759e+00 3.000000e+00 9.931650e+00
      vertex   9.619704e+00 0.000000e+00 1.015342e+01
    endloop
  endfacet
  facet normal 9.799799e-01 -0.000000e+00 1.990963e-01
    outer loop
      vertex   9.619704e+00 0.000000e+00 1.015342e+01
      vertex   9.664759e+00 3.000000e+00 9.931650e+00
      vertex   9.619704e+00 3.000000e+00 1.015342e+01
    endloop
  endfacet
  facet normal 9.996529e-01 0.000000e+00 -2.634406e-02
    outer loop
      vertex   9.619704e+00 0.000000e+00 1.015342e+01
      vertex   9.619704e+00 3.000000e+00 1.015342e+01
      vertex   9.625665e+00 0.000000e+00 1.037964e+01
    endloop
  endfacet
  facet normal 9.996529e-01 0.000000e+00 -2.634406e-02
    outer loop
      vertex   9.625665e+00 0.000000e+00 1.037964e+01
      vertex   9.619704e+00 3.000000e+00 1.015342e+01
      vertex   9.625665e+00 3.000000e+00 1.037964e+01
    endloop
  endfacet
  facet normal 9.681333e-01 0.000000e+00 -2.504354e-01
    outer loop
      vertex   9.625665e+00 0.000000e+00 1.037964e+01
      vertex   9.625665e+00 3.000000e+00 1.037964e+01
      vertex   9.682338e+00 0.000000e+00 1.059872e+01
    endloop
  endfacet
  facet normal 9.681333e-01 0.000000e+00 -2.504354e-01
    outer loop
      vertex   9.682338e+00 0.000000e+00 1.059872e+01
      vertex   9.625665e+00 3.000000e+00 1.037964e+01
      vertex   9.682338e+00 3.000000e+00 1.059872e+01
    endloop
  endfacet
  facet normal 9.335796e-01 0.000000e+00 -3.583700e-01
    outer loop
      vertex   9.682338e+00 3.000000e+00 1.059872e+01
      vertex   1.004915e+01 3.000000e+00 1.155430e+01
      vertex   9.682338e+00 0.000000e+00 1.059872e+01
    endloop
  endfacet
  facet normal 9.335796e-01 0.000000e+00 -3.583700e-01
    outer loop
      vertex   9.682338e+00 0.000000e+00 1.059872e+01
      vertex   1.004915e+01 3.000000e+00 1.155430e+01
      vertex   1.004915e+01 0.000000e+00 1.155430e+01
    endloop
  endfacet
  facet normal -4.898190e-01 0.000000e+00 8.718242e-01
    outer loop
      vertex   8.400732e+00 3.000000e+00 1.280293e+01
      vertex   8.400732e+00 0.000000e+00 1.280293e+01
      vertex   8.624876e+00 3.000000e+00 1.292886e+01
    endloop
  endfacet
  facet normal -4.898190e-01 0.000000e+00 8.718242e-01
    outer loop
      vertex   8.624876e+00 3.000000e+00 1.292886e+01
      vertex   8.400732e+00 0.000000e+00 1.280293e+01
      vertex   8.624876e+00 0.000000e+00 1.292886e+01
    endloop
  endfacet
  facet normal -2.513469e-01 0.000000e+00 9.678971e-01
    outer loop
      vertex   8.624876e+00 3.000000e+00 1.292886e+01
      vertex   8.624876e+00 0.000000e+00 1.292886e+01
      vertex   8.873719e+00 3.000000e+00 1.299348e+01
    endloop
  endfacet
  facet normal -2.513469e-01 0.000000e+00 9.678971e-01
    outer loop
      vertex   8.873719e+00 3.000000e+00 1.299348e+01
      vertex   8.624876e+00 0.000000e+00 1.292886e+01
      vertex   8.873719e+00 0.000000e+00 1.299348e+01
    endloop
  endfacet
  facet normal 3.738889e-03 0.000000e+00 9.999930e-01
    outer loop
      vertex   8.873719e+00 3.000000e+00 1.299348e+01
      vertex   8.873719e+00 0.000000e+00 1.299348e+01
      vertex   9.130815e+00 3.000000e+00 1.299252e+01
    endloop
  endfacet
  facet normal 3.738889e-03 0.000000e+00 9.999930e-01
    outer loop
      vertex   9.130815e+00 3.000000e+00 1.299252e+01
      vertex   8.873719e+00 0.000000e+00 1.299348e+01
      vertex   9.130815e+00 0.000000e+00 1.299252e+01
    endloop
  endfacet
  facet normal 2.585776e-01 0.000000e+00 9.659905e-01
    outer loop
      vertex   9.130815e+00 3.000000e+00 1.299252e+01
      vertex   9.130815e+00 0.000000e+00 1.299252e+01
      vertex   9.379168e+00 3.000000e+00 1.292604e+01
    endloop
  endfacet
  facet normal 2.585776e-01 0.000000e+00 9.659905e-01
    outer loop
      vertex   9.379168e+00 3.000000e+00 1.292604e+01
      vertex   9.130815e+00 0.000000e+00 1.299252e+01
      vertex   9.379168e+00 0.000000e+00 1.292604e+01
    endloop
  endfacet
  facet normal 4.963245e-01 0.000000e+00 8.681371e-01
    outer loop
      vertex   9.379168e+00 3.000000e+00 1.292604e+01
      vertex   9.379168e+00 0.000000e+00 1.292604e+01
      vertex   9.602363e+00 3.000000e+00 1.279844e+01
    endloop
  endfacet
  facet normal 4.963245e-01 0.000000e+00 8.681371e-01
    outer loop
      vertex   9.602363e+00 3.000000e+00 1.279844e+01
      vertex   9.379168e+00 0.000000e+00 1.292604e+01
      vertex   9.602363e+00 0.000000e+00 1.279844e+01
    endloop
  endfacet
  facet normal 6.038044e-01 -0.000000e+00 7.971325e-01
    outer loop
      vertex   9.602363e+00 0.000000e+00 1.279844e+01
      vertex   9.719378e+00 0.000000e+00 1.270980e+01
      vertex   9.602363e+00 3.000000e+00 1.279844e+01
    endloop
  endfacet
  facet normal 6.038044e-01 0.000000e+00 7.971325e-01
    outer loop
      vertex   9.602363e+00 3.000000e+00 1.279844e+01
      vertex   9.719378e+00 0.000000e+00 1.270980e+01
      vertex   9.719378e+00 3.000000e+00 1.270980e+01
    endloop
  endfacet
  facet normal 7.012650e-01 0.000000e+00 7.129007e-01
    outer loop
      vertex   9.719378e+00 3.000000e+00 1.270980e+01
      vertex   9.719378e+00 0.000000e+00 1.270980e+01
      vertex   9.902662e+00 3.000000e+00 1.252951e+01
    endloop
  endfacet
  facet normal 7.012650e-01 0.000000e+00 7.129007e-01
    outer loop
      vertex   9.902662e+00 3.000000e+00 1.252951e+01
      vertex   9.719378e+00 0.000000e+00 1.270980e+01
      vertex   9.902662e+00 0.000000e+00 1.252951e+01
    endloop
  endfacet
  facet normal 8.598526e-01 0.000000e+00 5.105424e-01
    outer loop
      vertex   9.902662e+00 3.000000e+00 1.252951e+01
      vertex   9.902662e+00 0.000000e+00 1.252951e+01
      vertex   1.003392e+01 3.000000e+00 1.230844e+01
    endloop
  endfacet
  facet normal 8.598526e-01 0.000000e+00 5.105424e-01
    outer loop
      vertex   1.003392e+01 3.000000e+00 1.230844e+01
      vertex   9.902662e+00 0.000000e+00 1.252951e+01
      vertex   1.003392e+01 0.000000e+00 1.230844e+01
    endloop
  endfacet
  facet normal 9.616049e-01 0.000000e+00 2.744377e-01
    outer loop
      vertex   1.003392e+01 3.000000e+00 1.230844e+01
      vertex   1.003392e+01 0.000000e+00 1.230844e+01
      vertex   1.010448e+01 3.000000e+00 1.206122e+01
    endloop
  endfacet
  facet normal 9.616049e-01 0.000000e+00 2.744377e-01
    outer loop
      vertex   1.010448e+01 3.000000e+00 1.206122e+01
      vertex   1.003392e+01 0.000000e+00 1.230844e+01
      vertex   1.010448e+01 0.000000e+00 1.206122e+01
    endloop
  endfacet
  facet normal 9.997961e-01 0.000000e+00 2.019305e-02
    outer loop
      vertex   1.010448e+01 3.000000e+00 1.206122e+01
      vertex   1.010448e+01 0.000000e+00 1.206122e+01
      vertex   1.010967e+01 3.000000e+00 1.180417e+01
    endloop
  endfacet
  facet normal 9.997961e-01 0.000000e+00 2.019305e-02
    outer loop
      vertex   1.010967e+01 3.000000e+00 1.180417e+01
      vertex   1.010448e+01 0.000000e+00 1.206122e+01
      vertex   1.010967e+01 0.000000e+00 1.180417e+01
    endloop
  endfacet
  facet normal 9.719019e-01 0.000000e+00 -2.353864e-01
    outer loop
      vertex   1.010967e+01 3.000000e+00 1.180417e+01
      vertex   1.010967e+01 0.000000e+00 1.180417e+01
      vertex   1.004915e+01 3.000000e+00 1.155430e+01
    endloop
  endfacet
  facet normal 9.719019e-01 0.000000e+00 -2.353864e-01
    outer loop
      vertex   1.004915e+01 3.000000e+00 1.155430e+01
      vertex   1.010967e+01 0.000000e+00 1.180417e+01
      vertex   1.004915e+01 0.000000e+00 1.155430e+01
    endloop
  endfacet
  facet normal 6.376173e-01 0.000000e+00 7.703533e-01
    outer loop
      vertex   9.909445e+00 3.000000e+00 9.532334e+00
      vertex   9.909445e+00 0.000000e+00 9.532334e+00
      vertex   1.008377e+01 3.000000e+00 9.388043e+00
    endloop
  endfacet
  facet normal 6.376173e-01 0.000000e+00 7.703533e-01
    outer loop
      vertex   1.008377e+01 3.000000e+00 9.388043e+00
      vertex   9.909445e+00 0.000000e+00 9.532334e+00
      vertex   1.008377e+01 0.000000e+00 9.388043e+00
    endloop
  endfacet
  facet normal 4.480817e-01 0.000000e+00 8.939926e-01
    outer loop
      vertex   1.008377e+01 3.000000e+00 9.388043e+00
      vertex   1.008377e+01 0.000000e+00 9.388043e+00
      vertex   1.028608e+01 3.000000e+00 9.286644e+00
    endloop
  endfacet
  facet normal 4.480817e-01 0.000000e+00 8.939926e-01
    outer loop
      vertex   1.028608e+01 3.000000e+00 9.286644e+00
      vertex   1.008377e+01 0.000000e+00 9.388043e+00
      vertex   1.028608e+01 0.000000e+00 9.286644e+00
    endloop
  endfacet
  facet normal 2.355997e-01 0.000000e+00 9.718502e-01
    outer loop
      vertex   1.028608e+01 3.000000e+00 9.286644e+00
      vertex   1.028608e+01 0.000000e+00 9.286644e+00
      vertex   1.050601e+01 3.000000e+00 9.233328e+00
    endloop
  endfacet
  facet normal 2.355997e-01 0.000000e+00 9.718502e-01
    outer loop
      vertex   1.050601e+01 3.000000e+00 9.233328e+00
      vertex   1.028608e+01 0.000000e+00 9.286644e+00
      vertex   1.050601e+01 0.000000e+00 9.233328e+00
    endloop
  endfacet
  facet normal 1.105258e-02 0.000000e+00 9.999389e-01
    outer loop
      vertex   1.050601e+01 3.000000e+00 9.233328e+00
      vertex   1.050601e+01 0.000000e+00 9.233328e+00
      vertex   1.073229e+01 3.000000e+00 9.230827e+00
    endloop
  endfacet
  facet normal 1.105258e-02 0.000000e+00 9.999389e-01
    outer loop
      vertex   1.073229e+01 3.000000e+00 9.230827e+00
      vertex   1.050601e+01 0.000000e+00 9.233328e+00
      vertex   1.073229e+01 0.000000e+00 9.230827e+00
    endloop
  endfacet
  facet normal -2.140606e-01 0.000000e+00 9.768204e-01
    outer loop
      vertex   1.073229e+01 3.000000e+00 9.230827e+00
      vertex   1.073229e+01 0.000000e+00 9.230827e+00
      vertex   1.095334e+01 3.000000e+00 9.279268e+00
    endloop
  endfacet
  facet normal -2.140606e-01 0.000000e+00 9.768204e-01
    outer loop
      vertex   1.095334e+01 3.000000e+00 9.279268e+00
      vertex   1.073229e+01 0.000000e+00 9.230827e+00
      vertex   1.095334e+01 0.000000e+00 9.279268e+00
    endloop
  endfacet
  facet normal -3.232117e-01 0.000000e+00 9.463267e-01
    outer loop
      vertex   1.095334e+01 0.000000e+00 9.279268e+00
      vertex   1.192197e+01 0.000000e+00 9.610097e+00
      vertex   1.095334e+01 3.000000e+00 9.279268e+00
    endloop
  endfacet
  facet normal -3.232117e-01 0.000000e+00 9.463267e-01
    outer loop
      vertex   1.095334e+01 3.000000e+00 9.279268e+00
      vertex   1.192197e+01 0.000000e+00 9.610097e+00
      vertex   1.192197e+01 3.000000e+00 9.610097e+00
    endloop
  endfacet
  facet normal 9.419733e-01 -0.000000e+00 3.356879e-01
    outer loop
      vertex   1.234669e+01 0.000000e+00 6.051582e+00
      vertex   1.234669e+01 3.000000e+00 6.051582e+00
      vertex   1.227073e+01 0.000000e+00 6.264748e+00
    endloop
  endfacet
  facet normal 9.419733e-01 -0.000000e+00 3.356879e-01
    outer loop
      vertex   1.227073e+01 0.000000e+00 6.264748e+00
      vertex   1.234669e+01 3.000000e+00 6.051582e+00
      vertex   1.227073e+01 3.000000e+00 6.264748e+00
    endloop
  endfacet
  facet normal 9.933312e-01 -0.000000e+00 1.152956e-01
    outer loop
      vertex   1.227073e+01 0.000000e+00 6.264748e+00
      vertex   1.227073e+01 3.000000e+00 6.264748e+00
      vertex   1.224464e+01 0.000000e+00 6.489536e+00
    endloop
  endfacet
  facet normal 9.933312e-01 -0.000000e+00 1.152956e-01
    outer loop
      vertex   1.224464e+01 0.000000e+00 6.489536e+00
      vertex   1.227073e+01 3.000000e+00 6.264748e+00
      vertex   1.224464e+01 3.000000e+00 6.489536e+00
    endloop
  endfacet
  facet normal 9.938203e-01 0.000000e+00 -1.110010e-01
    outer loop
      vertex   1.224464e+01 0.000000e+00 6.489536e+00
      vertex   1.224464e+01 3.000000e+00 6.489536e+00
      vertex   1.226976e+01 0.000000e+00 6.714435e+00
    endloop
  endfacet
  facet normal 9.938203e-01 0.000000e+00 -1.110010e-01
    outer loop
      vertex   1.226976e+01 0.000000e+00 6.714435e+00
      vertex   1.224464e+01 3.000000e+00 6.489536e+00
      vertex   1.226976e+01 3.000000e+00 6.714435e+00
    endloop
  endfacet
  facet normal 9.434154e-01 0.000000e+00 -3.316132e-01
    outer loop
      vertex   1.226976e+01 0.000000e+00 6.714435e+00
      vertex   1.226976e+01 3.000000e+00 6.714435e+00
      vertex   1.234480e+01 0.000000e+00 6.927927e+00
    endloop
  endfacet
  facet normal 9.434154e-01 0.000000e+00 -3.316132e-01
    outer loop
      vertex   1.234480e+01 0.000000e+00 6.927927e+00
      vertex   1.226976e+01 3.000000e+00 6.714435e+00
      vertex   1.234480e+01 3.000000e+00 6.927927e+00
    endloop
  endfacet
  facet normal 8.446979e-01 0.000000e+00 -5.352434e-01
    outer loop
      vertex   1.234480e+01 0.000000e+00 6.927927e+00
      vertex   1.234480e+01 3.000000e+00 6.927927e+00
      vertex   1.246592e+01 0.000000e+00 7.119079e+00
    endloop
  endfacet
  facet normal 8.446979e-01 0.000000e+00 -5.352434e-01
    outer loop
      vertex   1.246592e+01 0.000000e+00 7.119079e+00
      vertex   1.234480e+01 3.000000e+00 6.927927e+00
      vertex   1.246592e+01 3.000000e+00 7.119079e+00
    endloop
  endfacet
  facet normal 7.787113e-01 0.000000e+00 -6.273825e-01
    outer loop
      vertex   1.246592e+01 3.000000e+00 7.119079e+00
      vertex   1.310809e+01 3.000000e+00 7.916141e+00
      vertex   1.246592e+01 0.000000e+00 7.119079e+00
    endloop
  endfacet
  facet normal 7.787113e-01 0.000000e+00 -6.273825e-01
    outer loop
      vertex   1.246592e+01 0.000000e+00 7.119079e+00
      vertex   1.310809e+01 3.000000e+00 7.916141e+00
      vertex   1.310809e+01 0.000000e+00 7.916141e+00
    endloop
  endfacet
  facet normal -1.988812e-01 0.000000e+00 9.800236e-01
    outer loop
      vertex   1.192197e+01 3.000000e+00 9.610097e+00
      vertex   1.192197e+01 0.000000e+00 9.610097e+00
      vertex   1.217393e+01 3.000000e+00 9.661228e+00
    endloop
  endfacet
  facet normal -1.988812e-01 0.000000e+00 9.800236e-01
    outer loop
      vertex   1.217393e+01 3.000000e+00 9.661228e+00
      vertex   1.192197e+01 0.000000e+00 9.610097e+00
      vertex   1.217393e+01 0.000000e+00 9.661228e+00
    endloop
  endfacet
  facet normal 5.756250e-02 0.000000e+00 9.983419e-01
    outer loop
      vertex   1.217393e+01 3.000000e+00 9.661228e+00
      vertex   1.217393e+01 0.000000e+00 9.661228e+00
      vertex   1.243060e+01 3.000000e+00 9.646429e+00
    endloop
  endfacet
  facet normal 5.756250e-02 0.000000e+00 9.983419e-01
    outer loop
      vertex   1.243060e+01 3.000000e+00 9.646429e+00
      vertex   1.217393e+01 0.000000e+00 9.661228e+00
      vertex   1.243060e+01 0.000000e+00 9.646429e+00
    endloop
  endfacet
  facet normal 3.102014e-01 0.000000e+00 9.506709e-01
    outer loop
      vertex   1.243060e+01 3.000000e+00 9.646429e+00
      vertex   1.243060e+01 0.000000e+00 9.646429e+00
      vertex   1.267502e+01 3.000000e+00 9.566677e+00
    endloop
  endfacet
  facet normal 3.102014e-01 0.000000e+00 9.506709e-01
    outer loop
      vertex   1.267502e+01 3.000000e+00 9.566677e+00
      vertex   1.243060e+01 0.000000e+00 9.646429e+00
      vertex   1.267502e+01 0.000000e+00 9.566677e+00
    endloop
  endfacet
  facet normal 5.423362e-01 0.000000e+00 8.401615e-01
    outer loop
      vertex   1.267502e+01 3.000000e+00 9.566677e+00
      vertex   1.267502e+01 0.000000e+00 9.566677e+00
      vertex   1.289102e+01 3.000000e+00 9.427244e+00
    endloop
  endfacet
  facet normal 5.423362e-01 0.000000e+00 8.401615e-01
    outer loop
      vertex   1.289102e+01 3.000000e+00 9.427244e+00
      vertex   1.267502e+01 0.000000e+00 9.566677e+00
      vertex   1.289102e+01 0.000000e+00 9.427244e+00
    endloop
  endfacet
  facet normal 7.386233e-01 0.000000e+00 6.741184e-01
    outer loop
      vertex   1.289102e+01 3.000000e+00 9.427244e+00
      vertex   1.289102e+01 0.000000e+00 9.427244e+00
      vertex   1.306433e+01 3.000000e+00 9.237346e+00
    endloop
  endfacet
  facet normal 7.386233e-01 0.000000e+00 6.741184e-01
    outer loop
      vertex   1.306433e+01 3.000000e+00 9.237346e+00
      vertex   1.289102e+01 0.000000e+00 9.427244e+00
      vertex   1.306433e+01 0.000000e+00 9.237346e+00
    endloop
  endfacet
  facet normal 8.191520e-01 -0.000000e+00 5.735764e-01
    outer loop
      vertex   1.306433e+01 0.000000e+00 9.237346e+00
      vertex   1.314853e+01 0.000000e+00 9.117100e+00
      vertex   1.306433e+01 3.000000e+00 9.237346e+00
    endloop
  endfacet
  facet normal 8.191520e-01 0.000000e+00 5.735764e-01
    outer loop
      vertex   1.306433e+01 3.000000e+00 9.237346e+00
      vertex   1.314853e+01 0.000000e+00 9.117100e+00
      vertex   1.314853e+01 3.000000e+00 9.117100e+00
    endloop
  endfacet
  facet normal 8.860881e-01 0.000000e+00 4.635168e-01
    outer loop
      vertex   1.314853e+01 3.000000e+00 9.117100e+00
      vertex   1.314853e+01 0.000000e+00 9.117100e+00
      vertex   1.326770e+01 3.000000e+00 8.889289e+00
    endloop
  endfacet
  facet normal 8.860881e-01 0.000000e+00 4.635168e-01
    outer loop
      vertex   1.326770e+01 3.000000e+00 8.889289e+00
      vertex   1.314853e+01 0.000000e+00 9.117100e+00
      vertex   1.326770e+01 0.000000e+00 8.889289e+00
    endloop
  endfacet
  facet normal 9.749835e-01 0.000000e+00 2.222772e-01
    outer loop
      vertex   1.326770e+01 3.000000e+00 8.889289e+00
      vertex   1.326770e+01 0.000000e+00 8.889289e+00
      vertex   1.332485e+01 3.000000e+00 8.638624e+00
    endloop
  endfacet
  facet normal 9.749835e-01 0.000000e+00 2.222772e-01
    outer loop
      vertex   1.332485e+01 3.000000e+00 8.638624e+00
      vertex   1.326770e+01 0.000000e+00 8.889289e+00
      vertex   1.332485e+01 0.000000e+00 8.638624e+00
    endloop
  endfacet
  facet normal 9.994335e-01 0.000000e+00 -3.365466e-02
    outer loop
      vertex   1.332485e+01 3.000000e+00 8.638624e+00
      vertex   1.332485e+01 0.000000e+00 8.638624e+00
      vertex   1.331619e+01 3.000000e+00 8.381672e+00
    endloop
  endfacet
  facet normal 9.994335e-01 0.000000e+00 -3.365466e-02
    outer loop
      vertex   1.331619e+01 3.000000e+00 8.381672e+00
      vertex   1.332485e+01 0.000000e+00 8.638624e+00
      vertex   1.331619e+01 0.000000e+00 8.381672e+00
    endloop
  endfacet
  facet normal 9.578221e-01 0.000000e+00 -2.873620e-01
    outer loop
      vertex   1.331619e+01 3.000000e+00 8.381672e+00
      vertex   1.331619e+01 0.000000e+00 8.381672e+00
      vertex   1.324231e+01 3.000000e+00 8.135419e+00
    endloop
  endfacet
  facet normal 9.578221e-01 0.000000e+00 -2.873620e-01
    outer loop
      vertex   1.324231e+01 3.000000e+00 8.135419e+00
      vertex   1.331619e+01 0.000000e+00 8.381672e+00
      vertex   1.324231e+01 0.000000e+00 8.135419e+00
    endloop
  endfacet
  facet normal 8.528996e-01 0.000000e+00 -5.220750e-01
    outer loop
      vertex   1.324231e+01 3.000000e+00 8.135419e+00
      vertex   1.324231e+01 0.000000e+00 8.135419e+00
      vertex   1.310809e+01 3.000000e+00 7.916141e+00
    endloop
  endfacet
  facet normal 8.528996e-01 0.000000e+00 -5.220750e-01
    outer loop
      vertex   1.310809e+01 3.000000e+00 7.916141e+00
      vertex   1.324231e+01 0.000000e+00 8.135419e+00
      vertex   1.310809e+01 0.000000e+00 7.916141e+00
    endloop
  endfacet
  facet normal 8.431242e-01 0.000000e+00 5.377188e-01
    outer loop
      vertex   1.235509e+01 3.000000e+00 6.034426e+00
      vertex   1.235509e+01 0.000000e+00 6.034426e+00
      vertex   1.247677e+01 3.000000e+00 5.843629e+00
    endloop
  endfacet
  facet normal 8.431242e-01 0.000000e+00 5.377188e-01
    outer loop
      vertex   1.247677e+01 3.000000e+00 5.843629e+00
      vertex   1.235509e+01 0.000000e+00 6.034426e+00
      vertex   1.247677e+01 0.000000e+00 5.843629e+00
    endloop
  endfacet
  facet normal 7.006331e-01 0.000000e+00 7.135218e-01
    outer loop
      vertex   1.247677e+01 3.000000e+00 5.843629e+00
      vertex   1.247677e+01 0.000000e+00 5.843629e+00
      vertex   1.263824e+01 3.000000e+00 5.685078e+00
    endloop
  endfacet
  facet normal 7.006331e-01 0.000000e+00 7.135218e-01
    outer loop
      vertex   1.263824e+01 3.000000e+00 5.685078e+00
      vertex   1.247677e+01 0.000000e+00 5.843629e+00
      vertex   1.263824e+01 0.000000e+00 5.685078e+00
    endloop
  endfacet
  facet normal 5.222622e-01 0.000000e+00 8.527849e-01
    outer loop
      vertex   1.263824e+01 3.000000e+00 5.685078e+00
      vertex   1.263824e+01 0.000000e+00 5.685078e+00
      vertex   1.283122e+01 3.000000e+00 5.566892e+00
    endloop
  endfacet
  facet normal 5.222622e-01 0.000000e+00 8.527849e-01
    outer loop
      vertex   1.283122e+01 3.000000e+00 5.566892e+00
      vertex   1.263824e+01 0.000000e+00 5.685078e+00
      vertex   1.283122e+01 0.000000e+00 5.566892e+00
    endloop
  endfacet
  facet normal 3.171461e-01 0.000000e+00 9.483767e-01
    outer loop
      vertex   1.283122e+01 3.000000e+00 5.566892e+00
      vertex   1.283122e+01 0.000000e+00 5.566892e+00
      vertex   1.304584e+01 3.000000e+00 5.495122e+00
    endloop
  endfacet
  facet normal 3.171461e-01 -1.877882e-16 9.483767e-01
    outer loop
      vertex   1.304584e+01 3.000000e+00 5.495122e+00
      vertex   1.283122e+01 0.000000e+00 5.566892e+00
      vertex   1.304584e+01 0.000000e+00 5.495122e+00
    endloop
  endfacet
  facet normal 9.578883e-02 -5.671838e-17 9.954017e-01
    outer loop
      vertex   1.304584e+01 3.000000e+00 5.495122e+00
      vertex   1.304584e+01 0.000000e+00 5.495122e+00
      vertex   1.327109e+01 3.000000e+00 5.473446e+00
    endloop
  endfacet
  facet normal 9.578883e-02 0.000000e+00 9.954017e-01
    outer loop
      vertex   1.327109e+01 3.000000e+00 5.473446e+00
      vertex   1.304584e+01 0.000000e+00 5.495122e+00
      vertex   1.327109e+01 0.000000e+00 5.473446e+00
    endloop
  endfacet
  facet normal -1.745459e-02 0.000000e+00 9.998477e-01
    outer loop
      vertex   1.327109e+01 0.000000e+00 5.473446e+00
      vertex   1.429450e+01 0.000000e+00 5.491311e+00
      vertex   1.327109e+01 3.000000e+00 5.473446e+00
    endloop
  endfacet
  facet normal -1.745459e-02 0.000000e+00 9.998477e-01
    outer loop
      vertex   1.327109e+01 3.000000e+00 5.473446e+00
      vertex   1.429450e+01 0.000000e+00 5.491311e+00
      vertex   1.429450e+01 3.000000e+00 5.491311e+00
    endloop
  endfacet
  facet normal 9.995297e-01 -0.000000e+00 3.066465e-02
    outer loop
      vertex   1.360757e+01 0.000000e+00 1.973992e+00
      vertex   1.360757e+01 3.000000e+00 1.973992e+00
      vertex   1.360063e+01 0.000000e+00 2.200183e+00
    endloop
  endfacet
  facet normal 9.995297e-01 -0.000000e+00 3.066465e-02
    outer loop
      vertex   1.360063e+01 0.000000e+00 2.200183e+00
      vertex   1.360757e+01 3.000000e+00 1.973992e+00
      vertex   1.360063e+01 3.000000e+00 2.200183e+00
    endloop
  endfacet
  facet normal 9.808313e-01 0.000000e+00 -1.948587e-01
    outer loop
      vertex   1.360063e+01 0.000000e+00 2.200183e+00
      vertex   1.360063e+01 3.000000e+00 2.200183e+00
      vertex   1.364472e+01 0.000000e+00 2.422142e+00
    endloop
  endfacet
  facet normal 9.808313e-01 0.000000e+00 -1.948587e-01
    outer loop
      vertex   1.364472e+01 0.000000e+00 2.422142e+00
      vertex   1.360063e+01 3.000000e+00 2.200183e+00
      vertex   1.364472e+01 3.000000e+00 2.422142e+00
    endloop
  endfacet
  facet normal 9.119042e-01 0.000000e+00 -4.104032e-01
    outer loop
      vertex   1.364472e+01 0.000000e+00 2.422142e+00
      vertex   1.364472e+01 3.000000e+00 2.422142e+00
      vertex   1.373760e+01 0.000000e+00 2.628504e+00
    endloop
  endfacet
  facet normal 9.119042e-01 0.000000e+00 -4.104032e-01
    outer loop
      vertex   1.373760e+01 0.000000e+00 2.628504e+00
      vertex   1.364472e+01 3.000000e+00 2.422142e+00
      vertex   1.373760e+01 3.000000e+00 2.628504e+00
    endloop
  endfacet
  facet normal 7.962780e-01 0.000000e+00 -6.049308e-01
    outer loop
      vertex   1.373760e+01 0.000000e+00 2.628504e+00
      vertex   1.373760e+01 3.000000e+00 2.628504e+00
      vertex   1.387449e+01 0.000000e+00 2.808699e+00
    endloop
  endfacet
  facet normal 7.962780e-01 0.000000e+00 -6.049308e-01
    outer loop
      vertex   1.387449e+01 0.000000e+00 2.808699e+00
      vertex   1.373760e+01 3.000000e+00 2.628504e+00
      vertex   1.387449e+01 3.000000e+00 2.808699e+00
    endloop
  endfacet
  facet normal 6.398742e-01 0.000000e+00 -7.684797e-01
    outer loop
      vertex   1.387449e+01 0.000000e+00 2.808699e+00
      vertex   1.387449e+01 3.000000e+00 2.808699e+00
      vertex   1.404839e+01 0.000000e+00 2.953501e+00
    endloop
  endfacet
  facet normal 6.398742e-01 0.000000e+00 -7.684797e-01
    outer loop
      vertex   1.404839e+01 0.000000e+00 2.953501e+00
      vertex   1.387449e+01 3.000000e+00 2.808699e+00
      vertex   1.404839e+01 3.000000e+00 2.953501e+00
    endloop
  endfacet
  facet normal 5.488126e-01 0.000000e+00 -8.359454e-01
    outer loop
      vertex   1.404839e+01 3.000000e+00 2.953501e+00
      vertex   1.490404e+01 3.000000e+00 3.515246e+00
      vertex   1.404839e+01 0.000000e+00 2.953501e+00
    endloop
  endfacet
  facet normal 5.488126e-01 0.000000e+00 -8.359454e-01
    outer loop
      vertex   1.404839e+01 0.000000e+00 2.953501e+00
      vertex   1.490404e+01 3.000000e+00 3.515246e+00
      vertex   1.490404e+01 0.000000e+00 3.515246e+00
    endloop
  endfacet
  facet normal 1.112192e-01 0.000000e+00 9.937959e-01
    outer loop
      vertex   1.429450e+01 3.000000e+00 5.491311e+00
      vertex   1.429450e+01 0.000000e+00 5.491311e+00
      vertex   1.455001e+01 3.000000e+00 5.462717e+00
    endloop
  endfacet
  facet normal 1.112192e-01 0.000000e+00 9.937959e-01
    outer loop
      vertex   1.455001e+01 3.000000e+00 5.462717e+00
      vertex   1.429450e+01 0.000000e+00 5.491311e+00
      vertex   1.455001e+01 0.000000e+00 5.462717e+00
    endloop
  endfacet
  facet normal 3.609257e-01 0.000000e+00 9.325946e-01
    outer loop
      vertex   1.455001e+01 3.000000e+00 5.462717e+00
      vertex   1.455001e+01 0.000000e+00 5.462717e+00
      vertex   1.478977e+01 3.000000e+00 5.369924e+00
    endloop
  endfacet
  facet normal 3.609257e-01 0.000000e+00 9.325946e-01
    outer loop
      vertex   1.478977e+01 3.000000e+00 5.369924e+00
      vertex   1.455001e+01 0.000000e+00 5.462717e+00
      vertex   1.478977e+01 0.000000e+00 5.369924e+00
    endloop
  endfacet
  facet normal 5.867753e-01 0.000000e+00 8.097498e-01
    outer loop
      vertex   1.478977e+01 3.000000e+00 5.369924e+00
      vertex   1.478977e+01 0.000000e+00 5.369924e+00
      vertex   1.499796e+01 3.000000e+00 5.219066e+00
    endloop
  endfacet
  facet normal 5.867753e-01 0.000000e+00 8.097498e-01
    outer loop
      vertex   1.499796e+01 3.000000e+00 5.219066e+00
      vertex   1.478977e+01 0.000000e+00 5.369924e+00
      vertex   1.499796e+01 0.000000e+00 5.219066e+00
    endloop
  endfacet
  facet normal 7.738398e-01 0.000000e+00 6.333814e-01
    outer loop
      vertex   1.499796e+01 3.000000e+00 5.219066e+00
      vertex   1.499796e+01 0.000000e+00 5.219066e+00
      vertex   1.516080e+01 3.000000e+00 5.020114e+00
    endloop
  endfacet
  facet normal 7.738398e-01 0.000000e+00 6.333814e-01
    outer loop
      vertex   1.516080e+01 3.000000e+00 5.020114e+00
      vertex   1.499796e+01 0.000000e+00 5.219066e+00
      vertex   1.516080e+01 0.000000e+00 5.020114e+00
    endloop
  endfacet
  facet normal 9.097543e-01 0.000000e+00 4.151472e-01
    outer loop
      vertex   1.516080e+01 3.000000e+00 5.020114e+00
      vertex   1.516080e+01 0.000000e+00 5.020114e+00
      vertex   1.526753e+01 3.000000e+00 4.786219e+00
    endloop
  endfacet
  facet normal 9.097543e-01 0.000000e+00 4.151472e-01
    outer loop
      vertex   1.526753e+01 3.000000e+00 4.786219e+00
      vertex   1.516080e+01 0.000000e+00 5.020114e+00
      vertex   1.526753e+01 0.000000e+00 4.786219e+00
    endloop
  endfacet
  facet normal 9.555728e-01 -0.000000e+00 2.947552e-01
    outer loop
      vertex   1.526753e+01 0.000000e+00 4.786219e+00
      vertex   1.531080e+01 0.000000e+00 4.645947e+00
      vertex   1.526753e+01 3.000000e+00 4.786219e+00
    endloop
  endfacet
  facet normal 9.555728e-01 0.000000e+00 2.947552e-01
    outer loop
      vertex   1.526753e+01 3.000000e+00 4.786219e+00
      vertex   1.531080e+01 0.000000e+00 4.645947e+00
      vertex   1.531080e+01 3.000000e+00 4.645947e+00
    endloop
  endfacet
  facet normal 9.855350e-01 0.000000e+00 1.694722e-01
    outer loop
      vertex   1.531080e+01 3.000000e+00 4.645947e+00
      vertex   1.531080e+01 0.000000e+00 4.645947e+00
      vertex   1.535437e+01 3.000000e+00 4.392568e+00
    endloop
  endfacet
  facet normal 9.855350e-01 0.000000e+00 1.694722e-01
    outer loop
      vertex   1.535437e+01 3.000000e+00 4.392568e+00
      vertex   1.531080e+01 0.000000e+00 4.645947e+00
      vertex   1.535437e+01 0.000000e+00 4.392568e+00
    endloop
  endfacet
  facet normal 9.961729e-01 0.000000e+00 -8.740478e-02
    outer loop
      vertex   1.535437e+01 3.000000e+00 4.392568e+00
      vertex   1.535437e+01 0.000000e+00 4.392568e+00
      vertex   1.533190e+01 3.000000e+00 4.136455e+00
    endloop
  endfacet
  facet normal 9.961729e-01 0.000000e+00 -8.740478e-02
    outer loop
      vertex   1.533190e+01 3.000000e+00 4.136455e+00
      vertex   1.535437e+01 0.000000e+00 4.392568e+00
      vertex   1.533190e+01 0.000000e+00 4.136455e+00
    endloop
  endfacet
  facet normal 9.409648e-01 0.000000e+00 -3.385043e-01
    outer loop
      vertex   1.533190e+01 3.000000e+00 4.136455e+00
      vertex   1.533190e+01 0.000000e+00 4.136455e+00
      vertex   1.524487e+01 3.000000e+00 3.894536e+00
    endloop
  endfacet
  facet normal 9.409648e-01 0.000000e+00 -3.385043e-01
    outer loop
      vertex   1.524487e+01 3.000000e+00 3.894536e+00
      vertex   1.533190e+01 0.000000e+00 4.136455e+00
      vertex   1.524487e+01 0.000000e+00 3.894536e+00
    endloop
  endfacet
  facet normal 8.235600e-01 0.000000e+00 -5.672291e-01
    outer loop
      vertex   1.524487e+01 3.000000e+00 3.894536e+00
      vertex   1.524487e+01 0.000000e+00 3.894536e+00
      vertex   1.509904e+01 3.000000e+00 3.682801e+00
    endloop
  endfacet
  facet normal 8.235600e-01 0.000000e+00 -5.672291e-01
    outer loop
      vertex   1.509904e+01 3.000000e+00 3.682801e+00
      vertex   1.524487e+01 0.000000e+00 3.894536e+00
      vertex   1.509904e+01 0.000000e+00 3.682801e+00
    endloop
  endfacet
  facet normal 6.517188e-01 0.000000e+00 -7.584607e-01
    outer loop
      vertex   1.509904e+01 3.000000e+00 3.682801e+00
      vertex   1.509904e+01 0.000000e+00 3.682801e+00
      vertex   1.490404e+01 3.000000e+00 3.515246e+00
    endloop
  endfacet
  facet normal 6.517188e-01 0.000000e+00 -7.584607e-01
    outer loop
      vertex   1.490404e+01 3.000000e+00 3.515246e+00
      vertex   1.509904e+01 0.000000e+00 3.682801e+00
      vertex   1.490404e+01 0.000000e+00 3.515246e+00
    endloop
  endfacet
  facet normal 9.673946e-01 0.000000e+00 2.532741e-01
    outer loop
      vertex   1.361029e+01 3.000000e+00 1.955089e+00
      vertex   1.361029e+01 0.000000e+00 1.955089e+00
      vertex   1.366761e+01 3.000000e+00 1.736170e+00
    endloop
  endfacet
  facet normal 9.673946e-01 0.000000e+00 2.532741e-01
    outer loop
      vertex   1.366761e+01 3.000000e+00 1.736170e+00
      vertex   1.361029e+01 0.000000e+00 1.955089e+00
      vertex   1.366761e+01 0.000000e+00 1.736170e+00
    endloop
  endfacet
  facet normal 8.856771e-01 0.000000e+00 4.643017e-01
    outer loop
      vertex   1.366761e+01 3.000000e+00 1.736170e+00
      vertex   1.366761e+01 0.000000e+00 1.736170e+00
      vertex   1.377268e+01 3.000000e+00 1.535744e+00
    endloop
  endfacet
  facet normal 8.856771e-01 6.873046e-17 4.643017e-01
    outer loop
      vertex   1.377268e+01 3.000000e+00 1.535744e+00
      vertex   1.366761e+01 0.000000e+00 1.736170e+00
      vertex   1.377268e+01 0.000000e+00 1.535744e+00
    endloop
  endfacet
  facet normal 7.586038e-01 9.644911e-17 6.515522e-01
    outer loop
      vertex   1.377268e+01 3.000000e+00 1.535744e+00
      vertex   1.377268e+01 0.000000e+00 1.535744e+00
      vertex   1.392012e+01 3.000000e+00 1.364074e+00
    endloop
  endfacet
  facet normal 7.586038e-01 -4.009591e-16 6.515522e-01
    outer loop
      vertex   1.392012e+01 3.000000e+00 1.364074e+00
      vertex   1.377268e+01 0.000000e+00 1.535744e+00
      vertex   1.392012e+01 0.000000e+00 1.364074e+00
    endloop
  endfacet
  facet normal 5.926820e-01 -2.913240e-16 8.054365e-01
    outer loop
      vertex   1.392012e+01 3.000000e+00 1.364074e+00
      vertex   1.392012e+01 0.000000e+00 1.364074e+00
      vertex   1.410239e+01 3.000000e+00 1.229952e+00
    endloop
  endfacet
  facet normal 5.926820e-01 0.000000e+00 8.054365e-01
    outer loop
      vertex   1.410239e+01 3.000000e+00 1.229952e+00
      vertex   1.392012e+01 0.000000e+00 1.364074e+00
      vertex   1.410239e+01 0.000000e+00 1.229952e+00
    endloop
  endfacet
  facet normal 3.964088e-01 0.000000e+00 9.180741e-01
    outer loop
      vertex   1.410239e+01 3.000000e+00 1.229952e+00
      vertex   1.410239e+01 0.000000e+00 1.229952e+00
      vertex   1.431015e+01 3.000000e+00 1.140246e+00
    endloop
  endfacet
  facet normal 3.964088e-01 0.000000e+00 9.180741e-01
    outer loop
      vertex   1.431015e+01 3.000000e+00 1.140246e+00
      vertex   1.410239e+01 0.000000e+00 1.229952e+00
      vertex   1.431015e+01 0.000000e+00 1.140246e+00
    endloop
  endfacet
  facet normal 2.899843e-01 -0.000000e+00 9.570314e-01
    outer loop
      vertex   1.431015e+01 0.000000e+00 1.140246e+00
      vertex   1.528973e+01 0.000000e+00 8.434280e-01
      vertex   1.431015e+01 3.000000e+00 1.140246e+00
    endloop
  endfacet
  facet normal 2.899843e-01 0.000000e+00 9.570314e-01
    outer loop
      vertex   1.431015e+01 3.000000e+00 1.140246e+00
      vertex   1.528973e+01 0.000000e+00 8.434280e-01
      vertex   1.528973e+01 3.000000e+00 8.434280e-01
    endloop
  endfacet
  facet normal 9.607796e-01 0.000000e+00 -2.773132e-01
    outer loop
      vertex   1.355732e+01 0.000000e+00 -2.293795e+00
      vertex   1.355732e+01 3.000000e+00 -2.293795e+00
      vertex   1.362008e+01 0.000000e+00 -2.076373e+00
    endloop
  endfacet
  facet normal 9.607796e-01 -5.278452e-16 -2.773132e-01
    outer loop
      vertex   1.362008e+01 0.000000e+00 -2.076373e+00
      vertex   1.355732e+01 3.000000e+00 -2.293795e+00
      vertex   1.362008e+01 3.000000e+00 -2.076373e+00
    endloop
  endfacet
  facet normal 8.738265e-01 -4.454315e-16 -4.862379e-01
    outer loop
      vertex   1.362008e+01 0.000000e+00 -2.076373e+00
      vertex   1.362008e+01 3.000000e+00 -2.076373e+00
      vertex   1.373011e+01 0.000000e+00 -1.878629e+00
    endloop
  endfacet
  facet normal 8.738265e-01 3.598884e-17 -4.862379e-01
    outer loop
      vertex   1.373011e+01 0.000000e+00 -1.878629e+00
      vertex   1.362008e+01 3.000000e+00 -2.076373e+00
      vertex   1.373011e+01 3.000000e+00 -1.878629e+00
    endloop
  endfacet
  facet normal 7.421243e-01 4.960937e-17 -6.702623e-01
    outer loop
      vertex   1.373011e+01 0.000000e+00 -1.878629e+00
      vertex   1.373011e+01 3.000000e+00 -1.878629e+00
      vertex   1.388179e+01 0.000000e+00 -1.710688e+00
    endloop
  endfacet
  facet normal 7.421243e-01 0.000000e+00 -6.702623e-01
    outer loop
      vertex   1.388179e+01 0.000000e+00 -1.710688e+00
      vertex   1.373011e+01 3.000000e+00 -1.878629e+00
      vertex   1.388179e+01 3.000000e+00 -1.710688e+00
    endloop
  endfacet
  facet normal 5.724177e-01 0.000000e+00 -8.199622e-01
    outer loop
      vertex   1.388179e+01 0.000000e+00 -1.710688e+00
      vertex   1.388179e+01 3.000000e+00 -1.710688e+00
      vertex   1.406735e+01 0.000000e+00 -1.581152e+00
    endloop
  endfacet
  facet normal 5.724177e-01 6.068939e-17 -8.199622e-01
    outer loop
      vertex   1.406735e+01 0.000000e+00 -1.581152e+00
      vertex   1.388179e+01 3.000000e+00 -1.710688e+00
      vertex   1.406735e+01 3.000000e+00 -1.581152e+00
    endloop
  endfacet
  facet normal 3.733974e-01 6.866148e-17 -9.276715e-01
    outer loop
      vertex   1.406735e+01 0.000000e+00 -1.581152e+00
      vertex   1.406735e+01 3.000000e+00 -1.581152e+00
      vertex   1.427728e+01 0.000000e+00 -1.496653e+00
    endloop
  endfacet
  facet normal 3.733974e-01 0.000000e+00 -9.276715e-01
    outer loop
      vertex   1.427728e+01 0.000000e+00 -1.496653e+00
      vertex   1.406735e+01 3.000000e+00 -1.581152e+00
      vertex   1.427728e+01 3.000000e+00 -1.496653e+00
    endloop
  endfacet
  facet normal 2.660347e-01 0.000000e+00 -9.639634e-01
    outer loop
      vertex   1.427728e+01 3.000000e+00 -1.496653e+00
      vertex   1.526395e+01 3.000000e+00 -1.224349e+00
      vertex   1.427728e+01 0.000000e+00 -1.496653e+00
    endloop
  endfacet
  facet normal 2.660347e-01 0.000000e+00 -9.639634e-01
    outer loop
      vertex   1.427728e+01 0.000000e+00 -1.496653e+00
      vertex   1.526395e+01 3.000000e+00 -1.224349e+00
      vertex   1.526395e+01 0.000000e+00 -1.224349e+00
    endloop
  endfacet
  facet normal 4.106034e-01 0.000000e+00 9.118140e-01
    outer loop
      vertex   1.528973e+01 3.000000e+00 8.434280e-01
      vertex   1.528973e+01 0.000000e+00 8.434280e-01
      vertex   1.552416e+01 3.000000e+00 7.378630e-01
    endloop
  endfacet
  facet normal 4.106034e-01 0.000000e+00 9.118140e-01
    outer loop
      vertex   1.552416e+01 3.000000e+00 7.378630e-01
      vertex   1.528973e+01 0.000000e+00 8.434280e-01
      vertex   1.552416e+01 0.000000e+00 7.378630e-01
    endloop
  endfacet
  facet normal 6.295129e-01 0.000000e+00 7.769900e-01
    outer loop
      vertex   1.552416e+01 3.000000e+00 7.378630e-01
      vertex   1.552416e+01 0.000000e+00 7.378630e-01
      vertex   1.572392e+01 3.000000e+00 5.760171e-01
    endloop
  endfacet
  facet normal 6.295129e-01 -2.875441e-17 7.769900e-01
    outer loop
      vertex   1.572392e+01 3.000000e+00 5.760171e-01
      vertex   1.552416e+01 0.000000e+00 7.378630e-01
      vertex   1.572392e+01 0.000000e+00 5.760171e-01
    endloop
  endfacet
  facet normal 8.068124e-01 -2.186428e-17 5.908077e-01
    outer loop
      vertex   1.572392e+01 3.000000e+00 5.760171e-01
      vertex   1.572392e+01 0.000000e+00 5.760171e-01
      vertex   1.587582e+01 3.000000e+00 3.685879e-01
    endloop
  endfacet
  facet normal 8.068124e-01 -3.279642e-17 5.908077e-01
    outer loop
      vertex   1.587582e+01 3.000000e+00 3.685879e-01
      vertex   1.572392e+01 0.000000e+00 5.760171e-01
      vertex   1.587582e+01 0.000000e+00 3.685879e-01
    endloop
  endfacet
  facet normal 9.307824e-01 -2.029342e-17 3.655737e-01
    outer loop
      vertex   1.587582e+01 3.000000e+00 3.685879e-01
      vertex   1.587582e+01 0.000000e+00 3.685879e-01
      vertex   1.596980e+01 3.000000e+00 1.292865e-01
    endloop
  endfacet
  facet normal 9.307824e-01 -2.367565e-17 3.655737e-01
    outer loop
      vertex   1.596980e+01 3.000000e+00 1.292865e-01
      vertex   1.587582e+01 0.000000e+00 3.685879e-01
      vertex   1.596980e+01 0.000000e+00 1.292865e-01
    endloop
  endfacet
  facet normal 9.932287e-01 -7.523887e-18 1.161757e-01
    outer loop
      vertex   1.596980e+01 3.000000e+00 1.292865e-01
      vertex   1.596980e+01 0.000000e+00 1.292865e-01
      vertex   1.599967e+01 3.000000e+00 -1.260698e-01
    endloop
  endfacet
  facet normal 9.932287e-01 0.000000e+00 1.161757e-01
    outer loop
      vertex   1.599967e+01 3.000000e+00 -1.260698e-01
      vertex   1.596980e+01 0.000000e+00 1.292865e-01
      vertex   1.599967e+01 0.000000e+00 -1.260698e-01
    endloop
  endfacet
  facet normal 9.999223e-01 0.000000e+00 -1.246631e-02
    outer loop
      vertex   1.599967e+01 0.000000e+00 -1.260698e-01
      vertex   1.599784e+01 0.000000e+00 -2.728523e-01
      vertex   1.599967e+01 3.000000e+00 -1.260698e-01
    endloop
  endfacet
  facet normal 9.999223e-01 0.000000e+00 -1.246631e-02
    outer loop
      vertex   1.599967e+01 3.000000e+00 -1.260698e-01
      vertex   1.599784e+01 0.000000e+00 -2.728523e-01
      vertex   1.599784e+01 3.000000e+00 -2.728523e-01
    endloop
  endfacet
  facet normal 9.900236e-01 0.000000e+00 -1.409014e-01
    outer loop
      vertex   1.599784e+01 3.000000e+00 -2.728523e-01
      vertex   1.599784e+01 0.000000e+00 -2.728523e-01
      vertex   1.596162e+01 3.000000e+00 -5.273845e-01
    endloop
  endfacet
  facet normal 9.900236e-01 -1.042880e-17 -1.409014e-01
    outer loop
      vertex   1.596162e+01 3.000000e+00 -5.273845e-01
      vertex   1.599784e+01 0.000000e+00 -2.728523e-01
      vertex   1.596162e+01 0.000000e+00 -5.273845e-01
    endloop
  endfacet
  facet normal 9.213791e-01 -2.876700e-17 -3.886651e-01
    outer loop
      vertex   1.596162e+01 3.000000e+00 -5.273845e-01
      vertex   1.596162e+01 0.000000e+00 -5.273845e-01
      vertex   1.586169e+01 3.000000e+00 -7.642684e-01
    endloop
  endfacet
  facet normal 9.213791e-01 -4.315050e-17 -3.886651e-01
    outer loop
      vertex   1.586169e+01 3.000000e+00 -7.642684e-01
      vertex   1.596162e+01 0.000000e+00 -5.273845e-01
      vertex   1.586169e+01 0.000000e+00 -7.642684e-01
    endloop
  endfacet
  facet normal 7.918324e-01 -6.780559e-17 -6.107385e-01
    outer loop
      vertex   1.586169e+01 3.000000e+00 -7.642684e-01
      vertex   1.586169e+01 0.000000e+00 -7.642684e-01
      vertex   1.570467e+01 3.000000e+00 -9.678462e-01
    endloop
  endfacet
  facet normal 7.918324e-01 -4.520373e-17 -6.107385e-01
    outer loop
      vertex   1.570467e+01 3.000000e+00 -9.678462e-01
      vertex   1.586169e+01 0.000000e+00 -7.642684e-01
      vertex   1.570467e+01 0.000000e+00 -9.678462e-01
    endloop
  endfacet
  facet normal 6.099464e-01 -5.865254e-17 -7.924427e-01
    outer loop
      vertex   1.570467e+01 3.000000e+00 -9.678462e-01
      vertex   1.570467e+01 0.000000e+00 -9.678462e-01
      vertex   1.550094e+01 3.000000e+00 -1.124662e+00
    endloop
  endfacet
  facet normal 6.099464e-01 -5.865254e-17 -7.924427e-01
    outer loop
      vertex   1.550094e+01 3.000000e+00 -1.124662e+00
      vertex   1.570467e+01 0.000000e+00 -9.678462e-01
      vertex   1.550094e+01 0.000000e+00 -1.124662e+00
    endloop
  endfacet
  facet normal 3.877436e-01 -6.822448e-17 -9.217673e-01
    outer loop
      vertex   1.550094e+01 3.000000e+00 -1.124662e+00
      vertex   1.550094e+01 0.000000e+00 -1.124662e+00
      vertex   1.526395e+01 3.000000e+00 -1.224349e+00
    endloop
  endfacet
  facet normal 3.877436e-01 0.000000e+00 -9.217673e-01
    outer loop
      vertex   1.526395e+01 3.000000e+00 -1.224349e+00
      vertex   1.550094e+01 0.000000e+00 -1.124662e+00
      vertex   1.526395e+01 0.000000e+00 -1.224349e+00
    endloop
  endfacet
  facet normal 9.984546e-01 0.000000e+00 -5.557408e-02
    outer loop
      vertex   1.355412e+01 3.000000e+00 -2.312625e+00
      vertex   1.355412e+01 0.000000e+00 -2.312625e+00
      vertex   1.354155e+01 3.000000e+00 -2.538572e+00
    endloop
  endfacet
  facet normal 9.984546e-01 0.000000e+00 -5.557408e-02
    outer loop
      vertex   1.354155e+01 3.000000e+00 -2.538572e+00
      vertex   1.355412e+01 0.000000e+00 -2.312625e+00
      vertex   1.354155e+01 0.000000e+00 -2.538572e+00
    endloop
  endfacet
  facet normal 9.853844e-01 0.000000e+00 1.703453e-01
    outer loop
      vertex   1.354155e+01 3.000000e+00 -2.538572e+00
      vertex   1.354155e+01 0.000000e+00 -2.538572e+00
      vertex   1.358010e+01 3.000000e+00 -2.761562e+00
    endloop
  endfacet
  facet normal 9.853844e-01 0.000000e+00 1.703453e-01
    outer loop
      vertex   1.358010e+01 3.000000e+00 -2.761562e+00
      vertex   1.354155e+01 0.000000e+00 -2.538572e+00
      vertex   1.358010e+01 0.000000e+00 -2.761562e+00
    endloop
  endfacet
  facet normal 9.218524e-01 0.000000e+00 3.875412e-01
    outer loop
      vertex   1.358010e+01 3.000000e+00 -2.761562e+00
      vertex   1.358010e+01 0.000000e+00 -2.761562e+00
      vertex   1.366780e+01 3.000000e+00 -2.970175e+00
    endloop
  endfacet
  facet normal 9.218524e-01 0.000000e+00 3.875412e-01
    outer loop
      vertex   1.366780e+01 3.000000e+00 -2.970175e+00
      vertex   1.358010e+01 0.000000e+00 -2.761562e+00
      vertex   1.366780e+01 0.000000e+00 -2.970175e+00
    endloop
  endfacet
  facet normal 8.111119e-01 0.000000e+00 5.848910e-01
    outer loop
      vertex   1.366780e+01 3.000000e+00 -2.970175e+00
      vertex   1.366780e+01 0.000000e+00 -2.970175e+00
      vertex   1.380015e+01 3.000000e+00 -3.153727e+00
    endloop
  endfacet
  facet normal 8.111119e-01 0.000000e+00 5.848910e-01
    outer loop
      vertex   1.380015e+01 3.000000e+00 -3.153727e+00
      vertex   1.366780e+01 0.000000e+00 -2.970175e+00
      vertex   1.380015e+01 0.000000e+00 -3.153727e+00
    endloop
  endfacet
  facet normal 6.588340e-01 0.000000e+00 7.522883e-01
    outer loop
      vertex   1.380015e+01 3.000000e+00 -3.153727e+00
      vertex   1.380015e+01 0.000000e+00 -3.153727e+00
      vertex   1.397040e+01 3.000000e+00 -3.302819e+00
    endloop
  endfacet
  facet normal 6.588340e-01 0.000000e+00 7.522883e-01
    outer loop
      vertex   1.397040e+01 3.000000e+00 -3.302819e+00
      vertex   1.380015e+01 0.000000e+00 -3.153727e+00
      vertex   1.397040e+01 0.000000e+00 -3.302819e+00
    endloop
  endfacet
  facet normal 5.694827e-01 -0.000000e+00 8.220033e-01
    outer loop
      vertex   1.397040e+01 0.000000e+00 -3.302819e+00
      vertex   1.481177e+01 0.000000e+00 -3.885721e+00
      vertex   1.397040e+01 3.000000e+00 -3.302819e+00
    endloop
  endfacet
  facet normal 5.694827e-01 0.000000e+00 8.220033e-01
    outer loop
      vertex   1.397040e+01 3.000000e+00 -3.302819e+00
      vertex   1.481177e+01 0.000000e+00 -3.885721e+00
      vertex   1.481177e+01 3.000000e+00 -3.885721e+00
    endloop
  endfacet
  facet normal 8.294565e-01 0.000000e+00 -5.585714e-01
    outer loop
      vertex   1.220081e+01 0.000000e+00 -6.340571e+00
      vertex   1.220081e+01 3.000000e+00 -6.340571e+00
      vertex   1.232721e+01 0.000000e+00 -6.152868e+00
    endloop
  endfacet
  facet normal 8.294565e-01 0.000000e+00 -5.585714e-01
    outer loop
      vertex   1.232721e+01 0.000000e+00 -6.152868e+00
      vertex   1.220081e+01 3.000000e+00 -6.340571e+00
      vertex   1.232721e+01 3.000000e+00 -6.152868e+00
    endloop
  endfacet
  facet normal 6.826267e-01 0.000000e+00 -7.307672e-01
    outer loop
      vertex   1.232721e+01 0.000000e+00 -6.152868e+00
      vertex   1.232721e+01 3.000000e+00 -6.152868e+00
      vertex   1.249258e+01 0.000000e+00 -5.998391e+00
    endloop
  endfacet
  facet normal 6.826267e-01 0.000000e+00 -7.307672e-01
    outer loop
      vertex   1.249258e+01 0.000000e+00 -5.998391e+00
      vertex   1.232721e+01 3.000000e+00 -6.152868e+00
      vertex   1.249258e+01 3.000000e+00 -5.998391e+00
    endloop
  endfacet
  facet normal 5.008394e-01 0.000000e+00 -8.655402e-01
    outer loop
      vertex   1.249258e+01 0.000000e+00 -5.998391e+00
      vertex   1.249258e+01 3.000000e+00 -5.998391e+00
      vertex   1.268845e+01 0.000000e+00 -5.885053e+00
    endloop
  endfacet
  facet normal 5.008394e-01 0.000000e+00 -8.655402e-01
    outer loop
      vertex   1.268845e+01 0.000000e+00 -5.885053e+00
      vertex   1.249258e+01 3.000000e+00 -5.998391e+00
      vertex   1.268845e+01 3.000000e+00 -5.885053e+00
    endloop
  endfacet
  facet normal 2.934039e-01 0.000000e+00 -9.559886e-01
    outer loop
      vertex   1.268845e+01 0.000000e+00 -5.885053e+00
      vertex   1.268845e+01 3.000000e+00 -5.885053e+00
      vertex   1.290479e+01 0.000000e+00 -5.818656e+00
    endloop
  endfacet
  facet normal 2.934039e-01 0.000000e+00 -9.559886e-01
    outer loop
      vertex   1.290479e+01 0.000000e+00 -5.818656e+00
      vertex   1.268845e+01 3.000000e+00 -5.885053e+00
      vertex   1.290479e+01 3.000000e+00 -5.818656e+00
    endloop
  endfacet
  facet normal 7.094301e-02 0.000000e+00 -9.974804e-01
    outer loop
      vertex   1.290479e+01 0.000000e+00 -5.818656e+00
      vertex   1.290479e+01 3.000000e+00 -5.818656e+00
      vertex   1.313051e+01 0.000000e+00 -5.802602e+00
    endloop
  endfacet
  facet normal 7.094301e-02 0.000000e+00 -9.974804e-01
    outer loop
      vertex   1.313051e+01 0.000000e+00 -5.802602e+00
      vertex   1.290479e+01 3.000000e+00 -5.818656e+00
      vertex   1.313051e+01 3.000000e+00 -5.802602e+00
    endloop
  endfacet
  facet normal -4.237606e-02 -0.000000e+00 -9.991017e-01
    outer loop
      vertex   1.313051e+01 3.000000e+00 -5.802602e+00
      vertex   1.415316e+01 3.000000e+00 -5.845976e+00
      vertex   1.313051e+01 0.000000e+00 -5.802602e+00
    endloop
  endfacet
  facet normal -4.237606e-02 0.000000e+00 -9.991017e-01
    outer loop
      vertex   1.313051e+01 0.000000e+00 -5.802602e+00
      vertex   1.415316e+01 3.000000e+00 -5.845976e+00
      vertex   1.415316e+01 0.000000e+00 -5.845976e+00
    endloop
  endfacet
  facet normal 6.704252e-01 0.000000e+00 7.419772e-01
    outer loop
      vertex   1.481177e+01 3.000000e+00 -3.885721e+00
      vertex   1.481177e+01 0.000000e+00 -3.885721e+00
      vertex   1.500253e+01 3.000000e+00 -4.058086e+00
    endloop
  endfacet
  facet normal 6.704252e-01 0.000000e+00 7.419772e-01
    outer loop
      vertex   1.500253e+01 3.000000e+00 -4.058086e+00
      vertex   1.481177e+01 0.000000e+00 -3.885721e+00
      vertex   1.500253e+01 0.000000e+00 -4.058086e+00
    endloop
  endfacet
  facet normal 8.374455e-01 0.000000e+00 5.465209e-01
    outer loop
      vertex   1.500253e+01 3.000000e+00 -4.058086e+00
      vertex   1.500253e+01 0.000000e+00 -4.058086e+00
      vertex   1.514304e+01 3.000000e+00 -4.273391e+00
    endloop
  endfacet
  facet normal 8.374455e-01 -1.618027e-16 5.465209e-01
    outer loop
      vertex   1.514304e+01 3.000000e+00 -4.273391e+00
      vertex   1.500253e+01 0.000000e+00 -4.058086e+00
      vertex   1.514304e+01 0.000000e+00 -4.273391e+00
    endloop
  endfacet
  facet normal 9.491115e-01 -9.324104e-17 3.149402e-01
    outer loop
      vertex   1.514304e+01 3.000000e+00 -4.273391e+00
      vertex   1.514304e+01 0.000000e+00 -4.273391e+00
      vertex   1.522401e+01 3.000000e+00 -4.517404e+00
    endloop
  endfacet
  facet normal 9.491115e-01 0.000000e+00 3.149402e-01
    outer loop
      vertex   1.522401e+01 3.000000e+00 -4.517404e+00
      vertex   1.514304e+01 0.000000e+00 -4.273391e+00
      vertex   1.522401e+01 0.000000e+00 -4.517404e+00
    endloop
  endfacet
  facet normal 9.980423e-01 0.000000e+00 6.254233e-02
    outer loop
      vertex   1.522401e+01 3.000000e+00 -4.517404e+00
      vertex   1.522401e+01 0.000000e+00 -4.517404e+00
      vertex   1.524009e+01 3.000000e+00 -4.773998e+00
    endloop
  endfacet
  facet normal 9.980423e-01 0.000000e+00 6.254233e-02
    outer loop
      vertex   1.524009e+01 3.000000e+00 -4.773998e+00
      vertex   1.522401e+01 0.000000e+00 -4.517404e+00
      vertex   1.524009e+01 0.000000e+00 -4.773998e+00
    endloop
  endfacet
  facet normal 9.810036e-01 0.000000e+00 -1.939895e-01
    outer loop
      vertex   1.524009e+01 3.000000e+00 -4.773998e+00
      vertex   1.524009e+01 0.000000e+00 -4.773998e+00
      vertex   1.519021e+01 3.000000e+00 -5.026211e+00
    endloop
  endfacet
  facet normal 9.810036e-01 0.000000e+00 -1.939895e-01
    outer loop
      vertex   1.519021e+01 3.000000e+00 -5.026211e+00
      vertex   1.524009e+01 0.000000e+00 -4.773998e+00
      vertex   1.519021e+01 0.000000e+00 -5.026211e+00
    endloop
  endfacet
  facet normal 9.479273e-01 0.000000e+00 -3.184867e-01
    outer loop
      vertex   1.519021e+01 0.000000e+00 -5.026211e+00
      vertex   1.514346e+01 0.000000e+00 -5.165361e+00
      vertex   1.519021e+01 3.000000e+00 -5.026211e+00
    endloop
  endfacet
  facet normal 9.479273e-01 0.000000e+00 -3.184867e-01
    outer loop
      vertex   1.519021e+01 3.000000e+00 -5.026211e+00
      vertex   1.514346e+01 0.000000e+00 -5.165361e+00
      vertex   1.514346e+01 3.000000e+00 -5.165361e+00
    endloop
  endfacet
  facet normal 8.991216e-01 0.000000e+00 -4.376989e-01
    outer loop
      vertex   1.514346e+01 3.000000e+00 -5.165361e+00
      vertex   1.514346e+01 0.000000e+00 -5.165361e+00
      vertex   1.503093e+01 3.000000e+00 -5.396523e+00
    endloop
  endfacet
  facet normal 8.991216e-01 2.591698e-16 -4.376989e-01
    outer loop
      vertex   1.503093e+01 3.000000e+00 -5.396523e+00
      vertex   1.514346e+01 0.000000e+00 -5.165361e+00
      vertex   1.503093e+01 0.000000e+00 -5.396523e+00
    endloop
  endfacet
  facet normal 7.578086e-01 3.863439e-16 -6.524769e-01
    outer loop
      vertex   1.503093e+01 3.000000e+00 -5.396523e+00
      vertex   1.503093e+01 0.000000e+00 -5.396523e+00
      vertex   1.486318e+01 3.000000e+00 -5.591353e+00
    endloop
  endfacet
  facet normal 7.578086e-01 -2.555409e-16 -6.524769e-01
    outer loop
      vertex   1.486318e+01 3.000000e+00 -5.591353e+00
      vertex   1.503093e+01 0.000000e+00 -5.396523e+00
      vertex   1.486318e+01 0.000000e+00 -5.591353e+00
    endloop
  endfacet
  facet normal 5.664053e-01 -9.138878e-17 -8.241268e-01
    outer loop
      vertex   1.486318e+01 3.000000e+00 -5.591353e+00
      vertex   1.486318e+01 0.000000e+00 -5.591353e+00
      vertex   1.465130e+01 3.000000e+00 -5.736975e+00
    endloop
  endfacet
  facet normal 5.664053e-01 0.000000e+00 -8.241268e-01
    outer loop
      vertex   1.465130e+01 3.000000e+00 -5.736975e+00
      vertex   1.486318e+01 0.000000e+00 -5.591353e+00
      vertex   1.465130e+01 0.000000e+00 -5.736975e+00
    endloop
  endfacet
  facet normal 3.375633e-01 0.000000e+00 -9.413028e-01
    outer loop
      vertex   1.465130e+01 3.000000e+00 -5.736975e+00
      vertex   1.465130e+01 0.000000e+00 -5.736975e+00
      vertex   1.440929e+01 3.000000e+00 -5.823761e+00
    endloop
  endfacet
  facet normal 3.375633e-01 0.000000e+00 -9.413028e-01
    outer loop
      vertex   1.440929e+01 3.000000e+00 -5.823761e+00
      vertex   1.465130e+01 0.000000e+00 -5.736975e+00
      vertex   1.440929e+01 0.000000e+00 -5.823761e+00
    endloop
  endfacet
  facet normal 8.640861e-02 0.000000e+00 -9.962598e-01
    outer loop
      vertex   1.440929e+01 3.000000e+00 -5.823761e+00
      vertex   1.440929e+01 0.000000e+00 -5.823761e+00
      vertex   1.415316e+01 3.000000e+00 -5.845976e+00
    endloop
  endfacet
  facet normal 8.640861e-02 0.000000e+00 -9.962598e-01
    outer loop
      vertex   1.415316e+01 3.000000e+00 -5.845976e+00
      vertex   1.440929e+01 0.000000e+00 -5.823761e+00
      vertex   1.415316e+01 0.000000e+00 -5.845976e+00
    endloop
  endfacet
  facet normal 9.333116e-01 0.000000e+00 -3.590676e-01
    outer loop
      vertex   1.219199e+01 3.000000e+00 -6.357513e+00
      vertex   1.219199e+01 0.000000e+00 -6.357513e+00
      vertex   1.211073e+01 3.000000e+00 -6.568718e+00
    endloop
  endfacet
  facet normal 9.333116e-01 0.000000e+00 -3.590676e-01
    outer loop
      vertex   1.211073e+01 3.000000e+00 -6.568718e+00
      vertex   1.219199e+01 0.000000e+00 -6.357513e+00
      vertex   1.211073e+01 0.000000e+00 -6.568718e+00
    endloop
  endfacet
  facet normal 9.901481e-01 0.000000e+00 -1.400242e-01
    outer loop
      vertex   1.211073e+01 3.000000e+00 -6.568718e+00
      vertex   1.211073e+01 0.000000e+00 -6.568718e+00
      vertex   1.207904e+01 3.000000e+00 -6.792786e+00
    endloop
  endfacet
  facet normal 9.901481e-01 0.000000e+00 -1.400242e-01
    outer loop
      vertex   1.207904e+01 3.000000e+00 -6.792786e+00
      vertex   1.211073e+01 0.000000e+00 -6.568718e+00
      vertex   1.207904e+01 0.000000e+00 -6.792786e+00
    endloop
  endfacet
  facet normal 9.962787e-01 0.000000e+00 8.618989e-02
    outer loop
      vertex   1.207904e+01 3.000000e+00 -6.792786e+00
      vertex   1.207904e+01 0.000000e+00 -6.792786e+00
      vertex   1.209855e+01 3.000000e+00 -7.018241e+00
    endloop
  endfacet
  facet normal 9.962787e-01 0.000000e+00 8.618989e-02
    outer loop
      vertex   1.209855e+01 3.000000e+00 -7.018241e+00
      vertex   1.207904e+01 0.000000e+00 -6.792786e+00
      vertex   1.209855e+01 0.000000e+00 -7.018241e+00
    endloop
  endfacet
  facet normal 9.513895e-01 0.000000e+00 3.079902e-01
    outer loop
      vertex   1.209855e+01 3.000000e+00 -7.018241e+00
      vertex   1.209855e+01 0.000000e+00 -7.018241e+00
      vertex   1.216825e+01 3.000000e+00 -7.233538e+00
    endloop
  endfacet
  facet normal 9.513895e-01 0.000000e+00 3.079902e-01
    outer loop
      vertex   1.216825e+01 3.000000e+00 -7.233538e+00
      vertex   1.209855e+01 0.000000e+00 -7.018241e+00
      vertex   1.216825e+01 0.000000e+00 -7.233538e+00
    endloop
  endfacet
  facet normal 8.577793e-01 0.000000e+00 5.140181e-01
    outer loop
      vertex   1.216825e+01 3.000000e+00 -7.233538e+00
      vertex   1.216825e+01 0.000000e+00 -7.233538e+00
      vertex   1.228457e+01 3.000000e+00 -7.427651e+00
    endloop
  endfacet
  facet normal 8.577793e-01 0.000000e+00 5.140181e-01
    outer loop
      vertex   1.228457e+01 3.000000e+00 -7.427651e+00
      vertex   1.216825e+01 0.000000e+00 -7.233538e+00
      vertex   1.228457e+01 0.000000e+00 -7.427651e+00
    endloop
  endfacet
  facet normal 7.941103e-01 -0.000000e+00 6.077736e-01
    outer loop
      vertex   1.228457e+01 0.000000e+00 -7.427651e+00
      vertex   1.290666e+01 0.000000e+00 -8.240474e+00
      vertex   1.228457e+01 3.000000e+00 -7.427651e+00
    endloop
  endfacet
  facet normal 7.941103e-01 0.000000e+00 6.077736e-01
    outer loop
      vertex   1.228457e+01 3.000000e+00 -7.427651e+00
      vertex   1.290666e+01 0.000000e+00 -8.240474e+00
      vertex   1.290666e+01 3.000000e+00 -8.240474e+00
    endloop
  endfacet
  facet normal 6.182136e-01 0.000000e+00 -7.860101e-01
    outer loop
      vertex   9.668717e+00 0.000000e+00 -9.776421e+00
      vertex   9.668717e+00 3.000000e+00 -9.776421e+00
      vertex   9.846589e+00 0.000000e+00 -9.636521e+00
    endloop
  endfacet
  facet normal 6.182136e-01 0.000000e+00 -7.860101e-01
    outer loop
      vertex   9.846589e+00 0.000000e+00 -9.636521e+00
      vertex   9.668717e+00 3.000000e+00 -9.776421e+00
      vertex   9.846589e+00 3.000000e+00 -9.636521e+00
    endloop
  endfacet
  facet normal 4.256546e-01 0.000000e+00 -9.048857e-01
    outer loop
      vertex   9.846589e+00 0.000000e+00 -9.636521e+00
      vertex   9.846589e+00 3.000000e+00 -9.636521e+00
      vertex   1.005136e+01 0.000000e+00 -9.540197e+00
    endloop
  endfacet
  facet normal 4.256546e-01 0.000000e+00 -9.048857e-01
    outer loop
      vertex   1.005136e+01 0.000000e+00 -9.540197e+00
      vertex   9.846589e+00 3.000000e+00 -9.636521e+00
      vertex   1.005136e+01 3.000000e+00 -9.540197e+00
    endloop
  endfacet
  facet normal 2.112976e-01 0.000000e+00 -9.774218e-01
    outer loop
      vertex   1.005136e+01 0.000000e+00 -9.540197e+00
      vertex   1.005136e+01 3.000000e+00 -9.540197e+00
      vertex   1.027255e+01 0.000000e+00 -9.492380e+00
    endloop
  endfacet
  facet normal 2.112976e-01 0.000000e+00 -9.774218e-01
    outer loop
      vertex   1.027255e+01 0.000000e+00 -9.492380e+00
      vertex   1.005136e+01 3.000000e+00 -9.540197e+00
      vertex   1.027255e+01 3.000000e+00 -9.492380e+00
    endloop
  endfacet
  facet normal -1.388003e-02 0.000000e+00 -9.999037e-01
    outer loop
      vertex   1.027255e+01 0.000000e+00 -9.492380e+00
      vertex   1.027255e+01 3.000000e+00 -9.492380e+00
      vertex   1.049883e+01 0.000000e+00 -9.495521e+00
    endloop
  endfacet
  facet normal -1.388003e-02 0.000000e+00 -9.999037e-01
    outer loop
      vertex   1.049883e+01 0.000000e+00 -9.495521e+00
      vertex   1.027255e+01 3.000000e+00 -9.492380e+00
      vertex   1.049883e+01 3.000000e+00 -9.495521e+00
    endloop
  endfacet
  facet normal -2.383468e-01 0.000000e+00 -9.711801e-01
    outer loop
      vertex   1.049883e+01 0.000000e+00 -9.495521e+00
      vertex   1.049883e+01 3.000000e+00 -9.495521e+00
      vertex   1.071860e+01 0.000000e+00 -9.549459e+00
    endloop
  endfacet
  facet normal -2.383468e-01 0.000000e+00 -9.711801e-01
    outer loop
      vertex   1.071860e+01 0.000000e+00 -9.549459e+00
      vertex   1.049883e+01 3.000000e+00 -9.495521e+00
      vertex   1.071860e+01 3.000000e+00 -9.549459e+00
    endloop
  endfacet
  facet normal -3.467038e-01 -0.000000e+00 -9.379746e-01
    outer loop
      vertex   1.071860e+01 3.000000e+00 -9.549459e+00
      vertex   1.167868e+01 3.000000e+00 -9.904332e+00
      vertex   1.071860e+01 0.000000e+00 -9.549459e+00
    endloop
  endfacet
  facet normal -3.467038e-01 0.000000e+00 -9.379746e-01
    outer loop
      vertex   1.071860e+01 0.000000e+00 -9.549459e+00
      vertex   1.167868e+01 3.000000e+00 -9.904332e+00
      vertex   1.167868e+01 0.000000e+00 -9.904332e+00
    endloop
  endfacet
  facet normal 8.656502e-01 0.000000e+00 5.006493e-01
    outer loop
      vertex   1.290666e+01 3.000000e+00 -8.240474e+00
      vertex   1.290666e+01 0.000000e+00 -8.240474e+00
      vertex   1.303538e+01 3.000000e+00 -8.463030e+00
    endloop
  endfacet
  facet normal 8.656502e-01 0.000000e+00 5.006493e-01
    outer loop
      vertex   1.303538e+01 3.000000e+00 -8.463030e+00
      vertex   1.290666e+01 0.000000e+00 -8.240474e+00
      vertex   1.303538e+01 0.000000e+00 -8.463030e+00
    endloop
  endfacet
  facet normal 9.646885e-01 0.000000e+00 2.633935e-01
    outer loop
      vertex   1.303538e+01 3.000000e+00 -8.463030e+00
      vertex   1.303538e+01 0.000000e+00 -8.463030e+00
      vertex   1.310309e+01 3.000000e+00 -8.711049e+00
    endloop
  endfacet
  facet normal 9.646885e-01 0.000000e+00 2.633935e-01
    outer loop
      vertex   1.310309e+01 3.000000e+00 -8.711049e+00
      vertex   1.303538e+01 0.000000e+00 -8.463030e+00
      vertex   1.310309e+01 0.000000e+00 -8.711049e+00
    endloop
  endfacet
  facet normal 9.999619e-01 0.000000e+00 8.727629e-03
    outer loop
      vertex   1.310309e+01 3.000000e+00 -8.711049e+00
      vertex   1.310309e+01 0.000000e+00 -8.711049e+00
      vertex   1.310534e+01 3.000000e+00 -8.968136e+00
    endloop
  endfacet
  facet normal 9.999619e-01 0.000000e+00 8.727629e-03
    outer loop
      vertex   1.310534e+01 3.000000e+00 -8.968136e+00
      vertex   1.310309e+01 0.000000e+00 -8.711049e+00
      vertex   1.310534e+01 0.000000e+00 -8.968136e+00
    endloop
  endfacet
  facet normal 9.691389e-01 0.000000e+00 -2.465151e-01
    outer loop
      vertex   1.310534e+01 3.000000e+00 -8.968136e+00
      vertex   1.310534e+01 0.000000e+00 -8.968136e+00
      vertex   1.304196e+01 3.000000e+00 -9.217299e+00
    endloop
  endfacet
  facet normal 9.691389e-01 0.000000e+00 -2.465151e-01
    outer loop
      vertex   1.304196e+01 3.000000e+00 -9.217299e+00
      vertex   1.310534e+01 0.000000e+00 -8.968136e+00
      vertex   1.304196e+01 0.000000e+00 -9.217299e+00
    endloop
  endfacet
  facet normal 8.742569e-01 0.000000e+00 -4.854635e-01
    outer loop
      vertex   1.304196e+01 3.000000e+00 -9.217299e+00
      vertex   1.304196e+01 0.000000e+00 -9.217299e+00
      vertex   1.291715e+01 3.000000e+00 -9.442068e+00
    endloop
  endfacet
  facet normal 8.742569e-01 0.000000e+00 -4.854635e-01
    outer loop
      vertex   1.291715e+01 3.000000e+00 -9.442068e+00
      vertex   1.304196e+01 0.000000e+00 -9.217299e+00
      vertex   1.291715e+01 0.000000e+00 -9.442068e+00
    endloop
  endfacet
  facet normal 8.045978e-01 0.000000e+00 -5.938202e-01
    outer loop
      vertex   1.291715e+01 0.000000e+00 -9.442068e+00
      vertex   1.282998e+01 0.000000e+00 -9.560178e+00
      vertex   1.291715e+01 3.000000e+00 -9.442068e+00
    endloop
  endfacet
  facet normal 8.045978e-01 0.000000e+00 -5.938202e-01
    outer loop
      vertex   1.291715e+01 3.000000e+00 -9.442068e+00
      vertex   1.282998e+01 0.000000e+00 -9.560178e+00
      vertex   1.282998e+01 3.000000e+00 -9.560178e+00
    endloop
  endfacet
  facet normal 7.215875e-01 0.000000e+00 -6.923233e-01
    outer loop
      vertex   1.282998e+01 3.000000e+00 -9.560178e+00
      vertex   1.282998e+01 0.000000e+00 -9.560178e+00
      vertex   1.265199e+01 3.000000e+00 -9.745696e+00
    endloop
  endfacet
  facet normal 7.215875e-01 0.000000e+00 -6.923233e-01
    outer loop
      vertex   1.265199e+01 3.000000e+00 -9.745696e+00
      vertex   1.282998e+01 0.000000e+00 -9.560178e+00
      vertex   1.265199e+01 0.000000e+00 -9.745696e+00
    endloop
  endfacet
  facet normal 5.212219e-01 0.000000e+00 -8.534212e-01
    outer loop
      vertex   1.265199e+01 3.000000e+00 -9.745696e+00
      vertex   1.265199e+01 0.000000e+00 -9.745696e+00
      vertex   1.243257e+01 3.000000e+00 -9.879701e+00
    endloop
  endfacet
  facet normal 5.212219e-01 0.000000e+00 -8.534212e-01
    outer loop
      vertex   1.243257e+01 3.000000e+00 -9.879701e+00
      vertex   1.265199e+01 0.000000e+00 -9.745696e+00
      vertex   1.243257e+01 0.000000e+00 -9.879701e+00
    endloop
  endfacet
  facet normal 2.864041e-01 0.000000e+00 -9.581089e-01
    outer loop
      vertex   1.243257e+01 3.000000e+00 -9.879701e+00
      vertex   1.243257e+01 0.000000e+00 -9.879701e+00
      vertex   1.218625e+01 3.000000e+00 -9.953334e+00
    endloop
  endfacet
  facet normal 2.864041e-01 0.000000e+00 -9.581089e-01
    outer loop
      vertex   1.218625e+01 3.000000e+00 -9.953334e+00
      vertex   1.243257e+01 0.000000e+00 -9.879701e+00
      vertex   1.218625e+01 0.000000e+00 -9.953334e+00
    endloop
  endfacet
  facet normal 3.265525e-02 0.000000e+00 -9.994667e-01
    outer loop
      vertex   1.218625e+01 3.000000e+00 -9.953334e+00
      vertex   1.218625e+01 0.000000e+00 -9.953334e+00
      vertex   1.192929e+01 3.000000e+00 -9.961730e+00
    endloop
  endfacet
  facet normal 3.265525e-02 1.933579e-17 -9.994667e-01
    outer loop
      vertex   1.192929e+01 3.000000e+00 -9.961730e+00
      vertex   1.218625e+01 0.000000e+00 -9.953334e+00
      vertex   1.192929e+01 0.000000e+00 -9.961730e+00
    endloop
  endfacet
  facet normal -2.232520e-01 -1.321918e-16 -9.747608e-01
    outer loop
      vertex   1.192929e+01 3.000000e+00 -9.961730e+00
      vertex   1.192929e+01 0.000000e+00 -9.961730e+00
      vertex   1.167868e+01 3.000000e+00 -9.904332e+00
    endloop
  endfacet
  facet normal -2.232520e-01 -0.000000e+00 -9.747608e-01
    outer loop
      vertex   1.167868e+01 3.000000e+00 -9.904332e+00
      vertex   1.192929e+01 0.000000e+00 -9.961730e+00
      vertex   1.167868e+01 0.000000e+00 -9.904332e+00
    endloop
  endfacet
  facet normal 7.782422e-01 0.000000e+00 -6.279642e-01
    outer loop
      vertex   9.655128e+00 3.000000e+00 -9.789842e+00
      vertex   9.655128e+00 0.000000e+00 -9.789842e+00
      vertex   9.513021e+00 3.000000e+00 -9.965956e+00
    endloop
  endfacet
  facet normal 7.782422e-01 0.000000e+00 -6.279642e-01
    outer loop
      vertex   9.513021e+00 3.000000e+00 -9.965956e+00
      vertex   9.655128e+00 0.000000e+00 -9.789842e+00
      vertex   9.513021e+00 0.000000e+00 -9.965956e+00
    endloop
  endfacet
  facet normal 8.995091e-01 0.000000e+00 -4.369021e-01
    outer loop
      vertex   9.513021e+00 3.000000e+00 -9.965956e+00
      vertex   9.513021e+00 0.000000e+00 -9.965956e+00
      vertex   9.414152e+00 3.000000e+00 -1.016951e+01
    endloop
  endfacet
  facet normal 8.995091e-01 0.000000e+00 -4.369021e-01
    outer loop
      vertex   9.414152e+00 3.000000e+00 -1.016951e+01
      vertex   9.513021e+00 0.000000e+00 -9.965956e+00
      vertex   9.414152e+00 0.000000e+00 -1.016951e+01
    endloop
  endfacet
  facet normal 9.747117e-01 0.000000e+00 -2.234660e-01
    outer loop
      vertex   9.414152e+00 3.000000e+00 -1.016951e+01
      vertex   9.414152e+00 0.000000e+00 -1.016951e+01
      vertex   9.363582e+00 3.000000e+00 -1.039009e+01
    endloop
  endfacet
  facet normal 9.747117e-01 0.000000e+00 -2.234660e-01
    outer loop
      vertex   9.363582e+00 3.000000e+00 -1.039009e+01
      vertex   9.414152e+00 0.000000e+00 -1.016951e+01
      vertex   9.363582e+00 0.000000e+00 -1.039009e+01
    endloop
  endfacet
  facet normal 9.999990e-01 0.000000e+00 1.413835e-03
    outer loop
      vertex   9.363582e+00 3.000000e+00 -1.039009e+01
      vertex   9.363582e+00 0.000000e+00 -1.039009e+01
      vertex   9.363902e+00 3.000000e+00 -1.061638e+01
    endloop
  endfacet
  facet normal 9.999990e-01 0.000000e+00 1.413835e-03
    outer loop
      vertex   9.363902e+00 3.000000e+00 -1.061638e+01
      vertex   9.363582e+00 0.000000e+00 -1.039009e+01
      vertex   9.363902e+00 0.000000e+00 -1.061638e+01
    endloop
  endfacet
  facet normal 9.740759e-01 0.000000e+00 2.262213e-01
    outer loop
      vertex   9.363902e+00 3.000000e+00 -1.061638e+01
      vertex   9.363902e+00 0.000000e+00 -1.061638e+01
      vertex   9.415095e+00 3.000000e+00 -1.083681e+01
    endloop
  endfacet
  facet normal 9.740759e-01 0.000000e+00 2.262213e-01
    outer loop
      vertex   9.415095e+00 3.000000e+00 -1.083681e+01
      vertex   9.363902e+00 0.000000e+00 -1.061638e+01
      vertex   9.415095e+00 0.000000e+00 -1.083681e+01
    endloop
  endfacet
  facet normal 9.422239e-01 -0.000000e+00 3.349838e-01
    outer loop
      vertex   9.415095e+00 0.000000e+00 -1.083681e+01
      vertex   9.757973e+00 0.000000e+00 -1.180124e+01
      vertex   9.415095e+00 3.000000e+00 -1.083681e+01
    endloop
  endfacet
  facet normal 9.422239e-01 0.000000e+00 3.349838e-01
    outer loop
      vertex   9.415095e+00 3.000000e+00 -1.083681e+01
      vertex   9.757973e+00 0.000000e+00 -1.180124e+01
      vertex   9.757973e+00 3.000000e+00 -1.180124e+01
    endloop
  endfacet
  facet normal 3.474047e-01 0.000000e+00 -9.377153e-01
    outer loop
      vertex   6.205030e+00 0.000000e+00 -1.227029e+01
      vertex   6.205030e+00 3.000000e+00 -1.227029e+01
      vertex   6.417232e+00 0.000000e+00 -1.219168e+01
    endloop
  endfacet
  facet normal 3.474047e-01 0.000000e+00 -9.377153e-01
    outer loop
      vertex   6.417232e+00 0.000000e+00 -1.219168e+01
      vertex   6.205030e+00 3.000000e+00 -1.227029e+01
      vertex   6.417232e+00 3.000000e+00 -1.219168e+01
    endloop
  endfacet
  facet normal 1.276698e-01 0.000000e+00 -9.918167e-01
    outer loop
      vertex   6.417232e+00 0.000000e+00 -1.219168e+01
      vertex   6.417232e+00 3.000000e+00 -1.219168e+01
      vertex   6.641677e+00 0.000000e+00 -1.216279e+01
    endloop
  endfacet
  facet normal 1.276698e-01 0.000000e+00 -9.918167e-01
    outer loop
      vertex   6.641677e+00 0.000000e+00 -1.216279e+01
      vertex   6.417232e+00 3.000000e+00 -1.219168e+01
      vertex   6.641677e+00 3.000000e+00 -1.216279e+01
    endloop
  endfacet
  facet normal -9.860311e-02 0.000000e+00 -9.951268e-01
    outer loop
      vertex   6.641677e+00 0.000000e+00 -1.216279e+01
      vertex   6.641677e+00 3.000000e+00 -1.216279e+01
      vertex   6.866871e+00 0.000000e+00 -1.218510e+01
    endloop
  endfacet
  facet normal -9.860311e-02 0.000000e+00 -9.951268e-01
    outer loop
      vertex   6.866871e+00 0.000000e+00 -1.218510e+01
      vertex   6.641677e+00 3.000000e+00 -1.216279e+01
      vertex   6.866871e+00 3.000000e+00 -1.218510e+01
    endloop
  endfacet
  facet normal -3.198265e-01 0.000000e+00 -9.474761e-01
    outer loop
      vertex   6.866871e+00 0.000000e+00 -1.218510e+01
      vertex   6.866871e+00 3.000000e+00 -1.218510e+01
      vertex   7.081283e+00 0.000000e+00 -1.225748e+01
    endloop
  endfacet
  facet normal -3.198265e-01 0.000000e+00 -9.474761e-01
    outer loop
      vertex   7.081283e+00 0.000000e+00 -1.225748e+01
      vertex   6.866871e+00 3.000000e+00 -1.218510e+01
      vertex   7.081283e+00 3.000000e+00 -1.225748e+01
    endloop
  endfacet
  facet normal -5.246715e-01 0.000000e+00 -8.513048e-01
    outer loop
      vertex   7.081283e+00 0.000000e+00 -1.225748e+01
      vertex   7.081283e+00 3.000000e+00 -1.225748e+01
      vertex   7.273930e+00 0.000000e+00 -1.237621e+01
    endloop
  endfacet
  facet normal -5.246715e-01 0.000000e+00 -8.513048e-01
    outer loop
      vertex   7.273930e+00 0.000000e+00 -1.237621e+01
      vertex   7.081283e+00 3.000000e+00 -1.225748e+01
      vertex   7.273930e+00 3.000000e+00 -1.237621e+01
    endloop
  endfacet
  facet normal -6.176260e-01 -0.000000e+00 -7.864719e-01
    outer loop
      vertex   7.273930e+00 3.000000e+00 -1.237621e+01
      vertex   8.078935e+00 3.000000e+00 -1.300839e+01
      vertex   7.273930e+00 0.000000e+00 -1.237621e+01
    endloop
  endfacet
  facet normal -6.176260e-01 0.000000e+00 -7.864719e-01
    outer loop
      vertex   7.273930e+00 0.000000e+00 -1.237621e+01
      vertex   8.078935e+00 3.000000e+00 -1.300839e+01
      vertex   8.078935e+00 0.000000e+00 -1.300839e+01
    endloop
  endfacet
  facet normal 9.774681e-01 0.000000e+00 2.110830e-01
    outer loop
      vertex   9.757973e+00 3.000000e+00 -1.180124e+01
      vertex   9.757973e+00 0.000000e+00 -1.180124e+01
      vertex   9.812242e+00 3.000000e+00 -1.205255e+01
    endloop
  endfacet
  facet normal 9.774681e-01 0.000000e+00 2.110830e-01
    outer loop
      vertex   9.812242e+00 3.000000e+00 -1.205255e+01
      vertex   9.757973e+00 0.000000e+00 -1.180124e+01
      vertex   9.812242e+00 0.000000e+00 -1.205255e+01
    endloop
  endfacet
  facet normal 9.989819e-01 0.000000e+00 -4.511238e-02
    outer loop
      vertex   9.812242e+00 3.000000e+00 -1.205255e+01
      vertex   9.812242e+00 0.000000e+00 -1.205255e+01
      vertex   9.800643e+00 3.000000e+00 -1.230938e+01
    endloop
  endfacet
  facet normal 9.989819e-01 0.000000e+00 -4.511238e-02
    outer loop
      vertex   9.800643e+00 3.000000e+00 -1.230938e+01
      vertex   9.812242e+00 0.000000e+00 -1.205255e+01
      vertex   9.800643e+00 0.000000e+00 -1.230938e+01
    endloop
  endfacet
  facet normal 9.544641e-01 0.000000e+00 -2.983259e-01
    outer loop
      vertex   9.800643e+00 3.000000e+00 -1.230938e+01
      vertex   9.800643e+00 0.000000e+00 -1.230938e+01
      vertex   9.723945e+00 3.000000e+00 -1.255477e+01
    endloop
  endfacet
  facet normal 9.544641e-01 0.000000e+00 -2.983259e-01
    outer loop
      vertex   9.723945e+00 3.000000e+00 -1.255477e+01
      vertex   9.800643e+00 0.000000e+00 -1.230938e+01
      vertex   9.723945e+00 0.000000e+00 -1.255477e+01
    endloop
  endfacet
  facet normal 8.468572e-01 0.000000e+00 -5.318204e-01
    outer loop
      vertex   9.723945e+00 3.000000e+00 -1.255477e+01
      vertex   9.723945e+00 0.000000e+00 -1.255477e+01
      vertex   9.587215e+00 3.000000e+00 -1.277250e+01
    endloop
  endfacet
  facet normal 8.468572e-01 0.000000e+00 -5.318204e-01
    outer loop
      vertex   9.587215e+00 3.000000e+00 -1.277250e+01
      vertex   9.723945e+00 0.000000e+00 -1.255477e+01
      vertex   9.587215e+00 0.000000e+00 -1.277250e+01
    endloop
  endfacet
  facet normal 6.832739e-01 0.000000e+00 -7.301621e-01
    outer loop
      vertex   9.587215e+00 3.000000e+00 -1.277250e+01
      vertex   9.587215e+00 0.000000e+00 -1.277250e+01
      vertex   9.399493e+00 3.000000e+00 -1.294816e+01
    endloop
  endfacet
  facet normal 6.832739e-01 0.000000e+00 -7.301621e-01
    outer loop
      vertex   9.399493e+00 3.000000e+00 -1.294816e+01
      vertex   9.587215e+00 0.000000e+00 -1.277250e+01
      vertex   9.399493e+00 0.000000e+00 -1.294816e+01
    endloop
  endfacet
  facet normal 5.837437e-01 0.000000e+00 -8.119380e-01
    outer loop
      vertex   9.399493e+00 0.000000e+00 -1.294816e+01
      vertex   9.280305e+00 0.000000e+00 -1.303385e+01
      vertex   9.399493e+00 3.000000e+00 -1.294816e+01
    endloop
  endfacet
  facet normal 5.837437e-01 0.000000e+00 -8.119380e-01
    outer loop
      vertex   9.399493e+00 3.000000e+00 -1.294816e+01
      vertex   9.280305e+00 0.000000e+00 -1.303385e+01
      vertex   9.280305e+00 3.000000e+00 -1.303385e+01
    endloop
  endfacet
  facet normal 4.745270e-01 0.000000e+00 -8.802409e-01
    outer loop
      vertex   9.280305e+00 3.000000e+00 -1.303385e+01
      vertex   9.280305e+00 0.000000e+00 -1.303385e+01
      vertex   9.053998e+00 3.000000e+00 -1.315585e+01
    endloop
  endfacet
  facet normal 4.745270e-01 0.000000e+00 -8.802409e-01
    outer loop
      vertex   9.053998e+00 3.000000e+00 -1.315585e+01
      vertex   9.280305e+00 0.000000e+00 -1.303385e+01
      vertex   9.053998e+00 0.000000e+00 -1.315585e+01
    endloop
  endfacet
  facet normal 2.344144e-01 0.000000e+00 -9.721368e-01
    outer loop
      vertex   9.053998e+00 3.000000e+00 -1.315585e+01
      vertex   9.053998e+00 0.000000e+00 -1.315585e+01
      vertex   8.804064e+00 3.000000e+00 -1.321612e+01
    endloop
  endfacet
  facet normal 2.344144e-01 0.000000e+00 -9.721368e-01
    outer loop
      vertex   8.804064e+00 3.000000e+00 -1.321612e+01
      vertex   9.053998e+00 0.000000e+00 -1.315585e+01
      vertex   8.804064e+00 0.000000e+00 -1.321612e+01
    endloop
  endfacet
  facet normal -2.119279e-02 -0.000000e+00 -9.997754e-01
    outer loop
      vertex   8.804064e+00 3.000000e+00 -1.321612e+01
      vertex   8.804064e+00 0.000000e+00 -1.321612e+01
      vertex   8.547025e+00 3.000000e+00 -1.321067e+01
    endloop
  endfacet
  facet normal -2.119279e-02 -0.000000e+00 -9.997754e-01
    outer loop
      vertex   8.547025e+00 3.000000e+00 -1.321067e+01
      vertex   8.804064e+00 0.000000e+00 -1.321612e+01
      vertex   8.547025e+00 0.000000e+00 -1.321067e+01
    endloop
  endfacet
  facet normal -2.753991e-01 -0.000000e+00 -9.613300e-01
    outer loop
      vertex   8.547025e+00 3.000000e+00 -1.321067e+01
      vertex   8.547025e+00 0.000000e+00 -1.321067e+01
      vertex   8.299869e+00 3.000000e+00 -1.313987e+01
    endloop
  endfacet
  facet normal -2.753991e-01 -0.000000e+00 -9.613300e-01
    outer loop
      vertex   8.299869e+00 3.000000e+00 -1.313987e+01
      vertex   8.547025e+00 0.000000e+00 -1.321067e+01
      vertex   8.299869e+00 0.000000e+00 -1.313987e+01
    endloop
  endfacet
  facet normal -5.114019e-01 -0.000000e+00 -8.593417e-01
    outer loop
      vertex   8.299869e+00 3.000000e+00 -1.313987e+01
      vertex   8.299869e+00 0.000000e+00 -1.313987e+01
      vertex   8.078935e+00 3.000000e+00 -1.300839e+01
    endloop
  endfacet
  facet normal -5.114019e-01 -0.000000e+00 -8.593417e-01
    outer loop
      vertex   8.078935e+00 3.000000e+00 -1.300839e+01
      vertex   8.299869e+00 0.000000e+00 -1.313987e+01
      vertex   8.078935e+00 0.000000e+00 -1.300839e+01
    endloop
  endfacet
  facet normal 5.481877e-01 0.000000e+00 -8.363553e-01
    outer loop
      vertex   6.187979e+00 3.000000e+00 -1.227890e+01
      vertex   6.187979e+00 0.000000e+00 -1.227890e+01
      vertex   5.998715e+00 3.000000e+00 -1.240295e+01
    endloop
  endfacet
  facet normal 5.481877e-01 0.000000e+00 -8.363553e-01
    outer loop
      vertex   5.998715e+00 3.000000e+00 -1.240295e+01
      vertex   6.187979e+00 0.000000e+00 -1.227890e+01
      vertex   5.998715e+00 0.000000e+00 -1.240295e+01
    endloop
  endfacet
  facet normal 7.222006e-01 0.000000e+00 -6.916836e-01
    outer loop
      vertex   5.998715e+00 3.000000e+00 -1.240295e+01
      vertex   5.998715e+00 0.000000e+00 -1.240295e+01
      vertex   5.842188e+00 3.000000e+00 -1.256639e+01
    endloop
  endfacet
  facet normal 7.222006e-01 0.000000e+00 -6.916836e-01
    outer loop
      vertex   5.842188e+00 3.000000e+00 -1.256639e+01
      vertex   5.998715e+00 0.000000e+00 -1.240295e+01
      vertex   5.842188e+00 0.000000e+00 -1.256639e+01
    endloop
  endfacet
  facet normal 8.592294e-01 0.000000e+00 -5.115906e-01
    outer loop
      vertex   5.842188e+00 3.000000e+00 -1.256639e+01
      vertex   5.842188e+00 0.000000e+00 -1.256639e+01
      vertex   5.726417e+00 3.000000e+00 -1.276083e+01
    endloop
  endfacet
  facet normal 8.592294e-01 0.000000e+00 -5.115906e-01
    outer loop
      vertex   5.726417e+00 3.000000e+00 -1.276083e+01
      vertex   5.842188e+00 0.000000e+00 -1.256639e+01
      vertex   5.726417e+00 0.000000e+00 -1.276083e+01
    endloop
  endfacet
  facet normal 9.522566e-01 0.000000e+00 -3.052987e-01
    outer loop
      vertex   5.726417e+00 3.000000e+00 -1.276083e+01
      vertex   5.726417e+00 0.000000e+00 -1.276083e+01
      vertex   5.657329e+00 3.000000e+00 -1.297632e+01
    endloop
  endfacet
  facet normal 9.522566e-01 0.000000e+00 -3.052987e-01
    outer loop
      vertex   5.657329e+00 3.000000e+00 -1.297632e+01
      vertex   5.726417e+00 0.000000e+00 -1.276083e+01
      vertex   5.657329e+00 0.000000e+00 -1.297632e+01
    endloop
  endfacet
  facet normal 9.965185e-01 0.000000e+00 -8.337240e-02
    outer loop
      vertex   5.657329e+00 3.000000e+00 -1.297632e+01
      vertex   5.657329e+00 0.000000e+00 -1.297632e+01
      vertex   5.638462e+00 3.000000e+00 -1.320183e+01
    endloop
  endfacet
  facet normal 9.965185e-01 0.000000e+00 -8.337240e-02
    outer loop
      vertex   5.638462e+00 3.000000e+00 -1.320183e+01
      vertex   5.657329e+00 0.000000e+00 -1.297632e+01
      vertex   5.638462e+00 0.000000e+00 -1.320183e+01
    endloop
  endfacet
  facet normal 9.995524e-01 -0.000000e+00 2.991765e-02
    outer loop
      vertex   5.638462e+00 0.000000e+00 -1.320183e+01
      vertex   5.669084e+00 0.000000e+00 -1.422494e+01
      vertex   5.638462e+00 3.000000e+00 -1.320183e+01
    endloop
  endfacet
  facet normal 9.995524e-01 0.000000e+00 2.991765e-02
    outer loop
      vertex   5.638462e+00 3.000000e+00 -1.320183e+01
      vertex   5.669084e+00 0.000000e+00 -1.422494e+01
      vertex   5.669084e+00 3.000000e+00 -1.422494e+01
    endloop
  endfacet
  facet normal 4.312272e-02 0.000000e+00 -9.990698e-01
    outer loop
      vertex   2.143475e+00 0.000000e+00 -1.358190e+01
      vertex   2.143475e+00 3.000000e+00 -1.358190e+01
      vertex   2.369562e+00 0.000000e+00 -1.357214e+01
    endloop
  endfacet
  facet normal 4.312272e-02 0.000000e+00 -9.990698e-01
    outer loop
      vertex   2.369562e+00 0.000000e+00 -1.357214e+01
      vertex   2.143475e+00 3.000000e+00 -1.358190e+01
      vertex   2.369562e+00 3.000000e+00 -1.357214e+01
    endloop
  endfacet
  facet normal -1.826162e-01 0.000000e+00 -9.831843e-01
    outer loop
      vertex   2.369562e+00 0.000000e+00 -1.357214e+01
      vertex   2.369562e+00 3.000000e+00 -1.357214e+01
      vertex   2.592054e+00 0.000000e+00 -1.361347e+01
    endloop
  endfacet
  facet normal -1.826162e-01 -1.164324e-15 -9.831843e-01
    outer loop
      vertex   2.592054e+00 0.000000e+00 -1.361347e+01
      vertex   2.369562e+00 3.000000e+00 -1.357214e+01
      vertex   2.592054e+00 3.000000e+00 -1.361347e+01
    endloop
  endfacet
  facet normal -3.990032e-01 -1.085886e-15 -9.169495e-01
    outer loop
      vertex   2.592054e+00 0.000000e+00 -1.361347e+01
      vertex   2.592054e+00 3.000000e+00 -1.361347e+01
      vertex   2.799557e+00 0.000000e+00 -1.370376e+01
    endloop
  endfacet
  facet normal -3.990032e-01 0.000000e+00 -9.169495e-01
    outer loop
      vertex   2.799557e+00 0.000000e+00 -1.370376e+01
      vertex   2.592054e+00 3.000000e+00 -1.361347e+01
      vertex   2.799557e+00 3.000000e+00 -1.370376e+01
    endloop
  endfacet
  facet normal -5.949572e-01 0.000000e+00 -8.037574e-01
    outer loop
      vertex   2.799557e+00 0.000000e+00 -1.370376e+01
      vertex   2.799557e+00 3.000000e+00 -1.370376e+01
      vertex   2.981445e+00 0.000000e+00 -1.383840e+01
    endloop
  endfacet
  facet normal -5.949572e-01 0.000000e+00 -8.037574e-01
    outer loop
      vertex   2.981445e+00 0.000000e+00 -1.383840e+01
      vertex   2.799557e+00 3.000000e+00 -1.370376e+01
      vertex   2.981445e+00 3.000000e+00 -1.383840e+01
    endloop
  endfacet
  facet normal -7.604431e-01 0.000000e+00 -6.494046e-01
    outer loop
      vertex   2.981445e+00 0.000000e+00 -1.383840e+01
      vertex   2.981445e+00 3.000000e+00 -1.383840e+01
      vertex   3.128403e+00 0.000000e+00 -1.401048e+01
    endloop
  endfacet
  facet normal -7.604431e-01 0.000000e+00 -6.494046e-01
    outer loop
      vertex   3.128403e+00 0.000000e+00 -1.401048e+01
      vertex   2.981445e+00 3.000000e+00 -1.383840e+01
      vertex   3.128403e+00 3.000000e+00 -1.401048e+01
    endloop
  endfacet
  facet normal -8.290388e-01 -0.000000e+00 -5.591911e-01
    outer loop
      vertex   3.128403e+00 3.000000e+00 -1.401048e+01
      vertex   3.700771e+00 3.000000e+00 -1.485906e+01
      vertex   3.128403e+00 0.000000e+00 -1.401048e+01
    endloop
  endfacet
  facet normal -8.290388e-01 0.000000e+00 -5.591911e-01
    outer loop
      vertex   3.128403e+00 0.000000e+00 -1.401048e+01
      vertex   3.700771e+00 3.000000e+00 -1.485906e+01
      vertex   3.700771e+00 0.000000e+00 -1.485906e+01
    endloop
  endfacet
  facet normal 9.951052e-01 0.000000e+00 -9.882158e-02
    outer loop
      vertex   5.669084e+00 3.000000e+00 -1.422494e+01
      vertex   5.669084e+00 0.000000e+00 -1.422494e+01
      vertex   5.643678e+00 3.000000e+00 -1.448077e+01
    endloop
  endfacet
  facet normal 9.951052e-01 0.000000e+00 -9.882158e-02
    outer loop
      vertex   5.643678e+00 3.000000e+00 -1.448077e+01
      vertex   5.669084e+00 0.000000e+00 -1.422494e+01
      vertex   5.643678e+00 0.000000e+00 -1.448077e+01
    endloop
  endfacet
  facet normal 9.370215e-01 0.000000e+00 -3.492716e-01
    outer loop
      vertex   5.643678e+00 3.000000e+00 -1.448077e+01
      vertex   5.643678e+00 0.000000e+00 -1.448077e+01
      vertex   5.553881e+00 3.000000e+00 -1.472168e+01
    endloop
  endfacet
  facet normal 9.370215e-01 0.000000e+00 -3.492716e-01
    outer loop
      vertex   5.553881e+00 3.000000e+00 -1.472168e+01
      vertex   5.643678e+00 0.000000e+00 -1.448077e+01
      vertex   5.553881e+00 0.000000e+00 -1.472168e+01
    endloop
  endfacet
  facet normal 8.170018e-01 0.000000e+00 -5.766351e-01
    outer loop
      vertex   5.553881e+00 3.000000e+00 -1.472168e+01
      vertex   5.553881e+00 0.000000e+00 -1.472168e+01
      vertex   5.405630e+00 3.000000e+00 -1.493173e+01
    endloop
  endfacet
  facet normal 8.170018e-01 0.000000e+00 -5.766351e-01
    outer loop
      vertex   5.405630e+00 3.000000e+00 -1.493173e+01
      vertex   5.553881e+00 0.000000e+00 -1.472168e+01
      vertex   5.405630e+00 0.000000e+00 -1.493173e+01
    endloop
  endfacet
  facet normal 6.429791e-01 0.000000e+00 -7.658837e-01
    outer loop
      vertex   5.405630e+00 3.000000e+00 -1.493173e+01
      vertex   5.405630e+00 0.000000e+00 -1.493173e+01
      vertex   5.208723e+00 3.000000e+00 -1.509704e+01
    endloop
  endfacet
  facet normal 6.429791e-01 0.000000e+00 -7.658837e-01
    outer loop
      vertex   5.208723e+00 3.000000e+00 -1.509704e+01
      vertex   5.405630e+00 0.000000e+00 -1.493173e+01
      vertex   5.208723e+00 0.000000e+00 -1.509704e+01
    endloop
  endfacet
  facet normal 4.264562e-01 0.000000e+00 -9.045082e-01
    outer loop
      vertex   5.208723e+00 3.000000e+00 -1.509704e+01
      vertex   5.208723e+00 0.000000e+00 -1.509704e+01
      vertex   4.976177e+00 3.000000e+00 -1.520668e+01
    endloop
  endfacet
  facet normal 4.264562e-01 0.000000e+00 -9.045082e-01
    outer loop
      vertex   4.976177e+00 3.000000e+00 -1.520668e+01
      vertex   5.208723e+00 0.000000e+00 -1.509704e+01
      vertex   4.976177e+00 0.000000e+00 -1.520668e+01
    endloop
  endfacet
  facet normal 1.817450e-01 0.000000e+00 -9.833457e-01
    outer loop
      vertex   4.836455e+00 3.000000e+00 -1.525169e+01
      vertex   4.836455e+00 0.000000e+00 -1.525169e+01
      vertex   4.583640e+00 3.000000e+00 -1.529842e+01
    endloop
  endfacet
  facet normal 1.817450e-01 0.000000e+00 -9.833457e-01
    outer loop
      vertex   4.583640e+00 3.000000e+00 -1.529842e+01
      vertex   4.836455e+00 0.000000e+00 -1.525169e+01
      vertex   4.583640e+00 0.000000e+00 -1.529842e+01
    endloop
  endfacet
  facet normal -7.497938e-02 -0.000000e+00 -9.971851e-01
    outer loop
      vertex   4.583640e+00 3.000000e+00 -1.529842e+01
      vertex   4.583640e+00 0.000000e+00 -1.529842e+01
      vertex   4.327266e+00 3.000000e+00 -1.527914e+01
    endloop
  endfacet
  facet normal -7.497938e-02 -0.000000e+00 -9.971851e-01
    outer loop
      vertex   4.327266e+00 3.000000e+00 -1.527914e+01
      vertex   4.583640e+00 0.000000e+00 -1.529842e+01
      vertex   4.327266e+00 0.000000e+00 -1.527914e+01
    endloop
  endfacet
  facet normal -3.267477e-01 -0.000000e+00 -9.451116e-01
    outer loop
      vertex   4.327266e+00 3.000000e+00 -1.527914e+01
      vertex   4.327266e+00 0.000000e+00 -1.527914e+01
      vertex   4.084281e+00 3.000000e+00 -1.519513e+01
    endloop
  endfacet
  facet normal -3.267477e-01 -0.000000e+00 -9.451116e-01
    outer loop
      vertex   4.084281e+00 3.000000e+00 -1.519513e+01
      vertex   4.327266e+00 0.000000e+00 -1.527914e+01
      vertex   4.084281e+00 0.000000e+00 -1.519513e+01
    endloop
  endfacet
  facet normal -5.569183e-01 -0.000000e+00 -8.305673e-01
    outer loop
      vertex   4.084281e+00 3.000000e+00 -1.519513e+01
      vertex   4.084281e+00 0.000000e+00 -1.519513e+01
      vertex   3.870744e+00 3.000000e+00 -1.505195e+01
    endloop
  endfacet
  facet normal -5.569183e-01 -0.000000e+00 -8.305673e-01
    outer loop
      vertex   3.870744e+00 3.000000e+00 -1.505195e+01
      vertex   4.084281e+00 0.000000e+00 -1.519513e+01
      vertex   3.870744e+00 0.000000e+00 -1.505195e+01
    endloop
  endfacet
  facet normal -7.502772e-01 -0.000000e+00 -6.611233e-01
    outer loop
      vertex   3.870744e+00 3.000000e+00 -1.505195e+01
      vertex   3.870744e+00 0.000000e+00 -1.505195e+01
      vertex   3.700771e+00 3.000000e+00 -1.485906e+01
    endloop
  endfacet
  facet normal -7.502772e-01 -0.000000e+00 -6.611233e-01
    outer loop
      vertex   3.700771e+00 3.000000e+00 -1.485906e+01
      vertex   3.870744e+00 0.000000e+00 -1.505195e+01
      vertex   3.700771e+00 0.000000e+00 -1.485906e+01
    endloop
  endfacet
  facet normal -5.897988e-01 0.000000e+00 -8.075502e-01
    outer loop
      vertex   -1.355960e+01 0.000000e+00 3.413365e+00
      vertex   -1.471029e+01 0.000000e+00 4.253781e+00
      vertex   -1.355960e+01 3.000000e+00 3.413365e+00
    endloop
  endfacet
  facet normal -5.897988e-01 0.000000e+00 -8.075502e-01
    outer loop
      vertex   -1.355960e+01 3.000000e+00 3.413365e+00
      vertex   -1.471029e+01 0.000000e+00 4.253781e+00
      vertex   -1.471029e+01 3.000000e+00 4.253781e+00
    endloop
  endfacet
  facet normal 3.066447e-01 0.000000e+00 -9.518240e-01
    outer loop
      vertex   4.976177e+00 0.000000e+00 -1.520668e+01
      vertex   4.836455e+00 0.000000e+00 -1.525169e+01
      vertex   4.976177e+00 3.000000e+00 -1.520668e+01
    endloop
  endfacet
  facet normal 3.066447e-01 0.000000e+00 -9.518240e-01
    outer loop
      vertex   4.976177e+00 3.000000e+00 -1.520668e+01
      vertex   4.836455e+00 0.000000e+00 -1.525169e+01
      vertex   4.836455e+00 3.000000e+00 -1.525169e+01
    endloop
  endfacet
  facet normal 1.556604e-01 0.000000e+00 -9.878106e-01
    outer loop
      vertex   2.143475e+00 3.000000e+00 -1.358190e+01
      vertex   2.143475e+00 0.000000e+00 -1.358190e+01
      vertex   2.137186e+00 3.000000e+00 -1.358289e+01
    endloop
  endfacet
  facet normal 1.556604e-01 0.000000e+00 -9.878106e-01
    outer loop
      vertex   2.137186e+00 3.000000e+00 -1.358289e+01
      vertex   2.143475e+00 0.000000e+00 -1.358190e+01
      vertex   2.137186e+00 0.000000e+00 -1.358289e+01
    endloop
  endfacet
  facet normal 1.552030e-01 0.000000e+00 -9.878826e-01
    outer loop
      vertex   2.137186e+00 3.000000e+00 -1.358289e+01
      vertex   2.137186e+00 0.000000e+00 -1.358289e+01
      vertex   2.130897e+00 3.000000e+00 -1.358388e+01
    endloop
  endfacet
  facet normal 1.552030e-01 0.000000e+00 -9.878826e-01
    outer loop
      vertex   2.130897e+00 3.000000e+00 -1.358388e+01
      vertex   2.137186e+00 0.000000e+00 -1.358289e+01
      vertex   2.130897e+00 0.000000e+00 -1.358388e+01
    endloop
  endfacet
  facet normal 1.547456e-01 0.000000e+00 -9.879544e-01
    outer loop
      vertex   2.130897e+00 3.000000e+00 -1.358388e+01
      vertex   2.130897e+00 0.000000e+00 -1.358388e+01
      vertex   2.124607e+00 3.000000e+00 -1.358486e+01
    endloop
  endfacet
  facet normal 1.547456e-01 0.000000e+00 -9.879544e-01
    outer loop
      vertex   2.124607e+00 3.000000e+00 -1.358486e+01
      vertex   2.130897e+00 0.000000e+00 -1.358388e+01
      vertex   2.124607e+00 0.000000e+00 -1.358486e+01
    endloop
  endfacet
  facet normal 4.510683e-01 0.000000e+00 -8.924895e-01
    outer loop
      vertex   6.205030e+00 3.000000e+00 -1.227029e+01
      vertex   6.205030e+00 0.000000e+00 -1.227029e+01
      vertex   6.199347e+00 3.000000e+00 -1.227317e+01
    endloop
  endfacet
  facet normal 4.510683e-01 0.000000e+00 -8.924895e-01
    outer loop
      vertex   6.199347e+00 3.000000e+00 -1.227317e+01
      vertex   6.205030e+00 0.000000e+00 -1.227029e+01
      vertex   6.199347e+00 0.000000e+00 -1.227317e+01
    endloop
  endfacet
  facet normal 4.506550e-01 0.000000e+00 -8.926982e-01
    outer loop
      vertex   6.199347e+00 3.000000e+00 -1.227317e+01
      vertex   6.199347e+00 0.000000e+00 -1.227317e+01
      vertex   6.193664e+00 3.000000e+00 -1.227603e+01
    endloop
  endfacet
  facet normal 4.506550e-01 0.000000e+00 -8.926982e-01
    outer loop
      vertex   6.193664e+00 3.000000e+00 -1.227603e+01
      vertex   6.199347e+00 0.000000e+00 -1.227317e+01
      vertex   6.193664e+00 0.000000e+00 -1.227603e+01
    endloop
  endfacet
  facet normal 4.502416e-01 0.000000e+00 -8.929068e-01
    outer loop
      vertex   6.193664e+00 3.000000e+00 -1.227603e+01
      vertex   6.193664e+00 0.000000e+00 -1.227603e+01
      vertex   6.187979e+00 3.000000e+00 -1.227890e+01
    endloop
  endfacet
  facet normal 4.502416e-01 0.000000e+00 -8.929068e-01
    outer loop
      vertex   6.187979e+00 3.000000e+00 -1.227890e+01
      vertex   6.193664e+00 0.000000e+00 -1.227603e+01
      vertex   6.187979e+00 0.000000e+00 -1.227890e+01
    endloop
  endfacet
  facet normal 7.030148e-01 0.000000e+00 -7.111752e-01
    outer loop
      vertex   9.668717e+00 3.000000e+00 -9.776421e+00
      vertex   9.668717e+00 0.000000e+00 -9.776421e+00
      vertex   9.664190e+00 3.000000e+00 -9.780897e+00
    endloop
  endfacet
  facet normal 7.030148e-01 0.000000e+00 -7.111752e-01
    outer loop
      vertex   9.664190e+00 3.000000e+00 -9.780897e+00
      vertex   9.668717e+00 0.000000e+00 -9.776421e+00
      vertex   9.664190e+00 0.000000e+00 -9.780897e+00
    endloop
  endfacet
  facet normal 7.026855e-01 0.000000e+00 -7.115006e-01
    outer loop
      vertex   9.664190e+00 3.000000e+00 -9.780897e+00
      vertex   9.664190e+00 0.000000e+00 -9.780897e+00
      vertex   9.659660e+00 3.000000e+00 -9.785370e+00
    endloop
  endfacet
  facet normal 7.026855e-01 0.000000e+00 -7.115006e-01
    outer loop
      vertex   9.659660e+00 3.000000e+00 -9.785370e+00
      vertex   9.664190e+00 0.000000e+00 -9.780897e+00
      vertex   9.659660e+00 0.000000e+00 -9.785370e+00
    endloop
  endfacet
  facet normal 7.023559e-01 0.000000e+00 -7.118259e-01
    outer loop
      vertex   9.659660e+00 3.000000e+00 -9.785370e+00
      vertex   9.659660e+00 0.000000e+00 -9.785370e+00
      vertex   9.655128e+00 3.000000e+00 -9.789842e+00
    endloop
  endfacet
  facet normal 7.023559e-01 0.000000e+00 -7.118259e-01
    outer loop
      vertex   9.655128e+00 3.000000e+00 -9.789842e+00
      vertex   9.659660e+00 0.000000e+00 -9.785370e+00
      vertex   9.655128e+00 0.000000e+00 -9.789842e+00
    endloop
  endfacet
  facet normal 8.872245e-01 0.000000e+00 -4.613379e-01
    outer loop
      vertex   1.220081e+01 3.000000e+00 -6.340571e+00
      vertex   1.220081e+01 0.000000e+00 -6.340571e+00
      vertex   1.219787e+01 3.000000e+00 -6.346220e+00
    endloop
  endfacet
  facet normal 8.872245e-01 0.000000e+00 -4.613379e-01
    outer loop
      vertex   1.219787e+01 3.000000e+00 -6.346220e+00
      vertex   1.220081e+01 0.000000e+00 -6.340571e+00
      vertex   1.219787e+01 0.000000e+00 -6.346220e+00
    endloop
  endfacet
  facet normal 8.870108e-01 0.000000e+00 -4.617486e-01
    outer loop
      vertex   1.219787e+01 3.000000e+00 -6.346220e+00
      vertex   1.219787e+01 0.000000e+00 -6.346220e+00
      vertex   1.219493e+01 3.000000e+00 -6.351867e+00
    endloop
  endfacet
  facet normal 8.870108e-01 0.000000e+00 -4.617486e-01
    outer loop
      vertex   1.219493e+01 3.000000e+00 -6.351867e+00
      vertex   1.219787e+01 0.000000e+00 -6.346220e+00
      vertex   1.219493e+01 0.000000e+00 -6.351867e+00
    endloop
  endfacet
  facet normal 8.867969e-01 0.000000e+00 -4.621593e-01
    outer loop
      vertex   1.219493e+01 3.000000e+00 -6.351867e+00
      vertex   1.219493e+01 0.000000e+00 -6.351867e+00
      vertex   1.219199e+01 3.000000e+00 -6.357513e+00
    endloop
  endfacet
  facet normal 8.867969e-01 0.000000e+00 -4.621593e-01
    outer loop
      vertex   1.219199e+01 3.000000e+00 -6.357513e+00
      vertex   1.219493e+01 0.000000e+00 -6.351867e+00
      vertex   1.219199e+01 0.000000e+00 -6.357513e+00
    endloop
  endfacet
  facet normal 9.859485e-01 0.000000e+00 -1.670497e-01
    outer loop
      vertex   1.355732e+01 3.000000e+00 -2.293795e+00
      vertex   1.355732e+01 0.000000e+00 -2.293795e+00
      vertex   1.355626e+01 3.000000e+00 -2.300072e+00
    endloop
  endfacet
  facet normal 9.859485e-01 0.000000e+00 -1.670497e-01
    outer loop
      vertex   1.355626e+01 3.000000e+00 -2.300072e+00
      vertex   1.355732e+01 0.000000e+00 -2.293795e+00
      vertex   1.355626e+01 0.000000e+00 -2.300072e+00
    endloop
  endfacet
  facet normal 9.858710e-01 0.000000e+00 -1.675062e-01
    outer loop
      vertex   1.355626e+01 3.000000e+00 -2.300072e+00
      vertex   1.355626e+01 0.000000e+00 -2.300072e+00
      vertex   1.355519e+01 3.000000e+00 -2.306349e+00
    endloop
  endfacet
  facet normal 9.858710e-01 0.000000e+00 -1.675062e-01
    outer loop
      vertex   1.355519e+01 3.000000e+00 -2.306349e+00
      vertex   1.355626e+01 0.000000e+00 -2.300072e+00
      vertex   1.355519e+01 0.000000e+00 -2.306349e+00
    endloop
  endfacet
  facet normal 9.857934e-01 0.000000e+00 -1.679627e-01
    outer loop
      vertex   1.355519e+01 3.000000e+00 -2.306349e+00
      vertex   1.355519e+01 0.000000e+00 -2.306349e+00
      vertex   1.355412e+01 3.000000e+00 -2.312625e+00
    endloop
  endfacet
  facet normal 9.857934e-01 0.000000e+00 -1.679627e-01
    outer loop
      vertex   1.355412e+01 3.000000e+00 -2.312625e+00
      vertex   1.355519e+01 0.000000e+00 -2.306349e+00
      vertex   1.355412e+01 0.000000e+00 -2.312625e+00
    endloop
  endfacet
  facet normal 9.896744e-01 0.000000e+00 1.433340e-01
    outer loop
      vertex   1.360757e+01 3.000000e+00 1.973992e+00
      vertex   1.360757e+01 0.000000e+00 1.973992e+00
      vertex   1.360848e+01 3.000000e+00 1.967692e+00
    endloop
  endfacet
  facet normal 9.896744e-01 0.000000e+00 1.433340e-01
    outer loop
      vertex   1.360848e+01 3.000000e+00 1.967692e+00
      vertex   1.360757e+01 0.000000e+00 1.973992e+00
      vertex   1.360848e+01 0.000000e+00 1.967692e+00
    endloop
  endfacet
  facet normal 9.897406e-01 0.000000e+00 1.428757e-01
    outer loop
      vertex   1.360848e+01 3.000000e+00 1.967692e+00
      vertex   1.360848e+01 0.000000e+00 1.967692e+00
      vertex   1.360939e+01 3.000000e+00 1.961390e+00
    endloop
  endfacet
  facet normal 9.897406e-01 0.000000e+00 1.428757e-01
    outer loop
      vertex   1.360939e+01 3.000000e+00 1.961390e+00
      vertex   1.360848e+01 0.000000e+00 1.967692e+00
      vertex   1.360939e+01 0.000000e+00 1.961390e+00
    endloop
  endfacet
  facet normal 9.898067e-01 0.000000e+00 1.424174e-01
    outer loop
      vertex   1.360939e+01 3.000000e+00 1.961390e+00
      vertex   1.360939e+01 0.000000e+00 1.961390e+00
      vertex   1.361029e+01 3.000000e+00 1.955089e+00
    endloop
  endfacet
  facet normal 9.898067e-01 0.000000e+00 1.424174e-01
    outer loop
      vertex   1.361029e+01 3.000000e+00 1.955089e+00
      vertex   1.360939e+01 0.000000e+00 1.961390e+00
      vertex   1.361029e+01 0.000000e+00 1.955089e+00
    endloop
  endfacet
  facet normal 8.980433e-01 0.000000e+00 4.399072e-01
    outer loop
      vertex   1.234669e+01 3.000000e+00 6.051582e+00
      vertex   1.234669e+01 0.000000e+00 6.051582e+00
      vertex   1.234949e+01 3.000000e+00 6.045865e+00
    endloop
  endfacet
  facet normal 8.980433e-01 0.000000e+00 4.399072e-01
    outer loop
      vertex   1.234949e+01 3.000000e+00 6.045865e+00
      vertex   1.234669e+01 0.000000e+00 6.051582e+00
      vertex   1.234949e+01 0.000000e+00 6.045865e+00
    endloop
  endfacet
  facet normal 8.982468e-01 0.000000e+00 4.394913e-01
    outer loop
      vertex   1.234949e+01 3.000000e+00 6.045865e+00
      vertex   1.234949e+01 0.000000e+00 6.045865e+00
      vertex   1.235229e+01 3.000000e+00 6.040146e+00
    endloop
  endfacet
  facet normal 8.982468e-01 0.000000e+00 4.394913e-01
    outer loop
      vertex   1.235229e+01 3.000000e+00 6.040146e+00
      vertex   1.234949e+01 0.000000e+00 6.045865e+00
      vertex   1.235229e+01 0.000000e+00 6.040146e+00
    endloop
  endfacet
  facet normal 8.984502e-01 0.000000e+00 4.390753e-01
    outer loop
      vertex   1.235229e+01 3.000000e+00 6.040146e+00
      vertex   1.235229e+01 0.000000e+00 6.040146e+00
      vertex   1.235509e+01 3.000000e+00 6.034426e+00
    endloop
  endfacet
  facet normal 8.984502e-01 0.000000e+00 4.390753e-01
    outer loop
      vertex   1.235509e+01 3.000000e+00 6.034426e+00
      vertex   1.235229e+01 0.000000e+00 6.040146e+00
      vertex   1.235509e+01 0.000000e+00 6.034426e+00
    endloop
  endfacet
  facet normal 7.198839e-01 0.000000e+00 6.940945e-01
    outer loop
      vertex   9.896194e+00 3.000000e+00 9.546090e+00
      vertex   9.896194e+00 0.000000e+00 9.546090e+00
      vertex   9.900613e+00 3.000000e+00 9.541507e+00
    endloop
  endfacet
  facet normal 7.198839e-01 0.000000e+00 6.940945e-01
    outer loop
      vertex   9.900613e+00 3.000000e+00 9.541507e+00
      vertex   9.896194e+00 0.000000e+00 9.546090e+00
      vertex   9.900613e+00 0.000000e+00 9.541507e+00
    endloop
  endfacet
  facet normal 7.202052e-01 0.000000e+00 6.937611e-01
    outer loop
      vertex   9.900613e+00 3.000000e+00 9.541507e+00
      vertex   9.900613e+00 0.000000e+00 9.541507e+00
      vertex   9.905030e+00 3.000000e+00 9.536922e+00
    endloop
  endfacet
  facet normal 7.202052e-01 0.000000e+00 6.937611e-01
    outer loop
      vertex   9.905030e+00 3.000000e+00 9.536922e+00
      vertex   9.900613e+00 0.000000e+00 9.541507e+00
      vertex   9.905030e+00 0.000000e+00 9.536922e+00
    endloop
  endfacet
  facet normal 7.205264e-01 0.000000e+00 6.934275e-01
    outer loop
      vertex   9.905030e+00 3.000000e+00 9.536922e+00
      vertex   9.905030e+00 0.000000e+00 9.536922e+00
      vertex   9.909445e+00 3.000000e+00 9.532334e+00
    endloop
  endfacet
  facet normal 7.205264e-01 0.000000e+00 6.934275e-01
    outer loop
      vertex   9.909445e+00 3.000000e+00 9.532334e+00
      vertex   9.905030e+00 0.000000e+00 9.536922e+00
      vertex   9.909445e+00 0.000000e+00 9.532334e+00
    endloop
  endfacet
  facet normal 4.723624e-01 0.000000e+00 8.814044e-01
    outer loop
      vertex   6.492178e+00 3.000000e+00 1.212081e+01
      vertex   6.492178e+00 0.000000e+00 1.212081e+01
      vertex   6.497789e+00 3.000000e+00 1.211781e+01
    endloop
  endfacet
  facet normal 4.723624e-01 0.000000e+00 8.814044e-01
    outer loop
      vertex   6.497789e+00 3.000000e+00 1.211781e+01
      vertex   6.492178e+00 0.000000e+00 1.212081e+01
      vertex   6.497789e+00 0.000000e+00 1.211781e+01
    endloop
  endfacet
  facet normal 4.727705e-01 0.000000e+00 8.811856e-01
    outer loop
      vertex   6.497789e+00 3.000000e+00 1.211781e+01
      vertex   6.497789e+00 0.000000e+00 1.211781e+01
      vertex   6.503399e+00 3.000000e+00 1.211480e+01
    endloop
  endfacet
  facet normal 4.727705e-01 0.000000e+00 8.811856e-01
    outer loop
      vertex   6.503399e+00 3.000000e+00 1.211480e+01
      vertex   6.497789e+00 0.000000e+00 1.211781e+01
      vertex   6.503399e+00 0.000000e+00 1.211480e+01
    endloop
  endfacet
  facet normal 4.731784e-01 0.000000e+00 8.809666e-01
    outer loop
      vertex   6.503399e+00 3.000000e+00 1.211480e+01
      vertex   6.503399e+00 0.000000e+00 1.211480e+01
      vertex   6.509008e+00 3.000000e+00 1.211178e+01
    endloop
  endfacet
  facet normal 4.731784e-01 0.000000e+00 8.809666e-01
    outer loop
      vertex   6.509008e+00 3.000000e+00 1.211178e+01
      vertex   6.503399e+00 0.000000e+00 1.211480e+01
      vertex   6.509008e+00 0.000000e+00 1.211178e+01
    endloop
  endfacet
  facet normal 1.793279e-01 0.000000e+00 9.837894e-01
    outer loop
      vertex   2.462627e+00 3.000000e+00 1.352767e+01
      vertex   2.462627e+00 0.000000e+00 1.352767e+01
      vertex   2.468890e+00 3.000000e+00 1.352653e+01
    endloop
  endfacet
  facet normal 1.793279e-01 0.000000e+00 9.837894e-01
    outer loop
      vertex   2.468890e+00 3.000000e+00 1.352653e+01
      vertex   2.462627e+00 0.000000e+00 1.352767e+01
      vertex   2.468890e+00 0.000000e+00 1.352653e+01
    endloop
  endfacet
  facet normal 1.797834e-01 0.000000e+00 9.837062e-01
    outer loop
      vertex   2.468890e+00 3.000000e+00 1.352653e+01
      vertex   2.468890e+00 0.000000e+00 1.352653e+01
      vertex   2.475153e+00 3.000000e+00 1.352539e+01
    endloop
  endfacet
  facet normal 1.797834e-01 0.000000e+00 9.837062e-01
    outer loop
      vertex   2.475153e+00 3.000000e+00 1.352539e+01
      vertex   2.468890e+00 0.000000e+00 1.352653e+01
      vertex   2.475153e+00 0.000000e+00 1.352539e+01
    endloop
  endfacet
  facet normal 1.802388e-01 0.000000e+00 9.836229e-01
    outer loop
      vertex   2.475153e+00 3.000000e+00 1.352539e+01
      vertex   2.475153e+00 0.000000e+00 1.352539e+01
      vertex   2.481415e+00 3.000000e+00 1.352424e+01
    endloop
  endfacet
  facet normal 1.802388e-01 0.000000e+00 9.836229e-01
    outer loop
      vertex   2.481415e+00 3.000000e+00 1.352424e+01
      vertex   2.475153e+00 0.000000e+00 1.352539e+01
      vertex   2.481415e+00 0.000000e+00 1.352424e+01
    endloop
  endfacet
  facet normal -1.309852e-01 0.000000e+00 9.913843e-01
    outer loop
      vertex   -1.804203e+00 3.000000e+00 1.363112e+01
      vertex   -1.804203e+00 0.000000e+00 1.363112e+01
      vertex   -1.797891e+00 3.000000e+00 1.363195e+01
    endloop
  endfacet
  facet normal -1.309852e-01 0.000000e+00 9.913843e-01
    outer loop
      vertex   -1.797891e+00 3.000000e+00 1.363195e+01
      vertex   -1.804203e+00 0.000000e+00 1.363112e+01
      vertex   -1.797891e+00 0.000000e+00 1.363195e+01
    endloop
  endfacet
  facet normal -1.305262e-01 0.000000e+00 9.914449e-01
    outer loop
      vertex   -1.797891e+00 3.000000e+00 1.363195e+01
      vertex   -1.797891e+00 0.000000e+00 1.363195e+01
      vertex   -1.791579e+00 3.000000e+00 1.363278e+01
    endloop
  endfacet
  facet normal -1.305262e-01 0.000000e+00 9.914449e-01
    outer loop
      vertex   -1.791579e+00 3.000000e+00 1.363278e+01
      vertex   -1.797891e+00 0.000000e+00 1.363195e+01
      vertex   -1.791579e+00 0.000000e+00 1.363278e+01
    endloop
  endfacet
  facet normal -1.300671e-01 0.000000e+00 9.915052e-01
    outer loop
      vertex   -1.791579e+00 3.000000e+00 1.363278e+01
      vertex   -1.791579e+00 0.000000e+00 1.363278e+01
      vertex   -1.785267e+00 3.000000e+00 1.363361e+01
    endloop
  endfacet
  facet normal -1.300671e-01 0.000000e+00 9.915052e-01
    outer loop
      vertex   -1.785267e+00 3.000000e+00 1.363361e+01
      vertex   -1.791579e+00 0.000000e+00 1.363278e+01
      vertex   -1.785267e+00 0.000000e+00 1.363361e+01
    endloop
  endfacet
  facet normal -4.286777e-01 0.000000e+00 9.034575e-01
    outer loop
      vertex   -5.897194e+00 3.000000e+00 1.242118e+01
      vertex   -5.897194e+00 0.000000e+00 1.242118e+01
      vertex   -5.891442e+00 3.000000e+00 1.242390e+01
    endloop
  endfacet
  facet normal -4.286777e-01 0.000000e+00 9.034575e-01
    outer loop
      vertex   -5.891442e+00 3.000000e+00 1.242390e+01
      vertex   -5.897194e+00 0.000000e+00 1.242118e+01
      vertex   -5.891442e+00 0.000000e+00 1.242390e+01
    endloop
  endfacet
  facet normal -4.282593e-01 0.000000e+00 9.036559e-01
    outer loop
      vertex   -5.891442e+00 3.000000e+00 1.242390e+01
      vertex   -5.891442e+00 0.000000e+00 1.242390e+01
      vertex   -5.885689e+00 3.000000e+00 1.242663e+01
    endloop
  endfacet
  facet normal -4.282593e-01 0.000000e+00 9.036559e-01
    outer loop
      vertex   -5.885689e+00 3.000000e+00 1.242663e+01
      vertex   -5.891442e+00 0.000000e+00 1.242390e+01
      vertex   -5.885689e+00 0.000000e+00 1.242663e+01
    endloop
  endfacet
  facet normal -4.278409e-01 0.000000e+00 9.038541e-01
    outer loop
      vertex   -5.885689e+00 3.000000e+00 1.242663e+01
      vertex   -5.885689e+00 0.000000e+00 1.242663e+01
      vertex   -5.879935e+00 3.000000e+00 1.242936e+01
    endloop
  endfacet
  facet normal -4.278409e-01 0.000000e+00 9.038541e-01
    outer loop
      vertex   -5.879935e+00 3.000000e+00 1.242936e+01
      vertex   -5.885689e+00 0.000000e+00 1.242663e+01
      vertex   -5.879935e+00 0.000000e+00 1.242936e+01
    endloop
  endfacet
  facet normal -6.850662e-01 0.000000e+00 7.284808e-01
    outer loop
      vertex   -9.421979e+00 3.000000e+00 1.001443e+01
      vertex   -9.421979e+00 0.000000e+00 1.001443e+01
      vertex   -9.417341e+00 3.000000e+00 1.001879e+01
    endloop
  endfacet
  facet normal -6.850662e-01 0.000000e+00 7.284808e-01
    outer loop
      vertex   -9.417341e+00 3.000000e+00 1.001879e+01
      vertex   -9.421979e+00 0.000000e+00 1.001443e+01
      vertex   -9.417341e+00 0.000000e+00 1.001879e+01
    endloop
  endfacet
  facet normal -6.847288e-01 0.000000e+00 7.287979e-01
    outer loop
      vertex   -9.417341e+00 3.000000e+00 1.001879e+01
      vertex   -9.417341e+00 0.000000e+00 1.001879e+01
      vertex   -9.412701e+00 3.000000e+00 1.002315e+01
    endloop
  endfacet
  facet normal -6.847288e-01 0.000000e+00 7.287979e-01
    outer loop
      vertex   -9.412701e+00 3.000000e+00 1.002315e+01
      vertex   -9.417341e+00 0.000000e+00 1.001879e+01
      vertex   -9.412701e+00 0.000000e+00 1.002315e+01
    endloop
  endfacet
  facet normal -6.843913e-01 0.000000e+00 7.291149e-01
    outer loop
      vertex   -9.412701e+00 3.000000e+00 1.002315e+01
      vertex   -9.412701e+00 0.000000e+00 1.002315e+01
      vertex   -9.408059e+00 3.000000e+00 1.002751e+01
    endloop
  endfacet
  facet normal -6.843913e-01 0.000000e+00 7.291149e-01
    outer loop
      vertex   -9.408059e+00 3.000000e+00 1.002751e+01
      vertex   -9.412701e+00 0.000000e+00 1.002315e+01
      vertex   -9.408059e+00 0.000000e+00 1.002751e+01
    endloop
  endfacet
  facet normal -8.754473e-01 0.000000e+00 4.833136e-01
    outer loop
      vertex   -1.203894e+01 3.000000e+00 6.642775e+00
      vertex   -1.203894e+01 0.000000e+00 6.642775e+00
      vertex   -1.203586e+01 3.000000e+00 6.648348e+00
    endloop
  endfacet
  facet normal -8.754473e-01 0.000000e+00 4.833136e-01
    outer loop
      vertex   -1.203586e+01 3.000000e+00 6.648348e+00
      vertex   -1.203894e+01 0.000000e+00 6.642775e+00
      vertex   -1.203586e+01 0.000000e+00 6.648348e+00
    endloop
  endfacet
  facet normal -8.752234e-01 0.000000e+00 4.837189e-01
    outer loop
      vertex   -1.203586e+01 3.000000e+00 6.648348e+00
      vertex   -1.203586e+01 0.000000e+00 6.648348e+00
      vertex   -1.203278e+01 3.000000e+00 6.653921e+00
    endloop
  endfacet
  facet normal -8.752234e-01 0.000000e+00 4.837189e-01
    outer loop
      vertex   -1.203278e+01 3.000000e+00 6.653921e+00
      vertex   -1.203586e+01 0.000000e+00 6.648348e+00
      vertex   -1.203278e+01 0.000000e+00 6.653921e+00
    endloop
  endfacet
  facet normal -8.749994e-01 0.000000e+00 4.841241e-01
    outer loop
      vertex   -1.203278e+01 3.000000e+00 6.653921e+00
      vertex   -1.203278e+01 0.000000e+00 6.653921e+00
      vertex   -1.202970e+01 3.000000e+00 6.659491e+00
    endloop
  endfacet
  facet normal -8.749994e-01 0.000000e+00 4.841241e-01
    outer loop
      vertex   -1.202970e+01 3.000000e+00 6.659491e+00
      vertex   -1.203278e+01 0.000000e+00 6.653921e+00
      vertex   -1.202970e+01 0.000000e+00 6.659491e+00
    endloop
  endfacet
  facet normal 2.653143e-01 0.000000e+00 -9.641620e-01
    outer loop
      vertex   2.124607e+00 3.000000e+00 -1.358486e+01
      vertex   2.124607e+00 0.000000e+00 -1.358486e+01
      vertex   1.906420e+00 3.000000e+00 -1.364490e+01
    endloop
  endfacet
  facet normal 2.653143e-01 0.000000e+00 -9.641620e-01
    outer loop
      vertex   1.906420e+00 3.000000e+00 -1.364490e+01
      vertex   2.124607e+00 0.000000e+00 -1.358486e+01
      vertex   1.906420e+00 0.000000e+00 -1.364490e+01
    endloop
  endfacet
  facet normal 4.753068e-01 0.000000e+00 -8.798201e-01
    outer loop
      vertex   1.906420e+00 3.000000e+00 -1.364490e+01
      vertex   1.906420e+00 0.000000e+00 -1.364490e+01
      vertex   1.707319e+00 3.000000e+00 -1.375246e+01
    endloop
  endfacet
  facet normal 4.753068e-01 0.000000e+00 -8.798201e-01
    outer loop
      vertex   1.707319e+00 3.000000e+00 -1.375246e+01
      vertex   1.906420e+00 0.000000e+00 -1.364490e+01
      vertex   1.707319e+00 0.000000e+00 -1.375246e+01
    endloop
  endfacet
  facet normal 6.609586e-01 0.000000e+00 -7.504224e-01
    outer loop
      vertex   1.707319e+00 3.000000e+00 -1.375246e+01
      vertex   1.707319e+00 0.000000e+00 -1.375246e+01
      vertex   1.537501e+00 3.000000e+00 -1.390204e+01
    endloop
  endfacet
  facet normal 6.609586e-01 0.000000e+00 -7.504224e-01
    outer loop
      vertex   1.537501e+00 3.000000e+00 -1.390204e+01
      vertex   1.707319e+00 0.000000e+00 -1.375246e+01
      vertex   1.537501e+00 0.000000e+00 -1.390204e+01
    endloop
  endfacet
  facet normal 8.127625e-01 0.000000e+00 -5.825951e-01
    outer loop
      vertex   1.537501e+00 3.000000e+00 -1.390204e+01
      vertex   1.537501e+00 0.000000e+00 -1.390204e+01
      vertex   1.405661e+00 3.000000e+00 -1.408596e+01
    endloop
  endfacet
  facet normal 8.127625e-01 0.000000e+00 -5.825951e-01
    outer loop
      vertex   1.405661e+00 3.000000e+00 -1.408596e+01
      vertex   1.537501e+00 0.000000e+00 -1.390204e+01
      vertex   1.405661e+00 0.000000e+00 -1.408596e+01
    endloop
  endfacet
  facet normal 9.229445e-01 0.000000e+00 -3.849330e-01
    outer loop
      vertex   1.405661e+00 3.000000e+00 -1.408596e+01
      vertex   1.405661e+00 0.000000e+00 -1.408596e+01
      vertex   1.318552e+00 3.000000e+00 -1.429482e+01
    endloop
  endfacet
  facet normal 9.229445e-01 0.000000e+00 -3.849330e-01
    outer loop
      vertex   1.318552e+00 3.000000e+00 -1.429482e+01
      vertex   1.405661e+00 0.000000e+00 -1.408596e+01
      vertex   1.318552e+00 0.000000e+00 -1.429482e+01
    endloop
  endfacet
  facet normal 9.605721e-01 0.000000e+00 -2.780311e-01
    outer loop
      vertex   1.318552e+00 0.000000e+00 -1.429482e+01
      vertex   1.033969e+00 0.000000e+00 -1.527803e+01
      vertex   1.318552e+00 3.000000e+00 -1.429482e+01
    endloop
  endfacet
  facet normal 9.605721e-01 0.000000e+00 -2.780311e-01
    outer loop
      vertex   1.318552e+00 3.000000e+00 -1.429482e+01
      vertex   1.033969e+00 0.000000e+00 -1.527803e+01
      vertex   1.033969e+00 3.000000e+00 -1.527803e+01
    endloop
  endfacet
  facet normal -2.653143e-01 0.000000e+00 -9.641620e-01
    outer loop
      vertex   -2.124607e+00 0.000000e+00 -1.358486e+01
      vertex   -2.124607e+00 3.000000e+00 -1.358486e+01
      vertex   -1.906420e+00 0.000000e+00 -1.364490e+01
    endloop
  endfacet
  facet normal -2.653143e-01 0.000000e+00 -9.641620e-01
    outer loop
      vertex   -1.906420e+00 0.000000e+00 -1.364490e+01
      vertex   -2.124607e+00 3.000000e+00 -1.358486e+01
      vertex   -1.906420e+00 3.000000e+00 -1.364490e+01
    endloop
  endfacet
  facet normal -4.753068e-01 0.000000e+00 -8.798201e-01
    outer loop
      vertex   -1.906420e+00 0.000000e+00 -1.364490e+01
      vertex   -1.906420e+00 3.000000e+00 -1.364490e+01
      vertex   -1.707319e+00 0.000000e+00 -1.375246e+01
    endloop
  endfacet
  facet normal -4.753068e-01 0.000000e+00 -8.798201e-01
    outer loop
      vertex   -1.707319e+00 0.000000e+00 -1.375246e+01
      vertex   -1.906420e+00 3.000000e+00 -1.364490e+01
      vertex   -1.707319e+00 3.000000e+00 -1.375246e+01
    endloop
  endfacet
  facet normal -6.609586e-01 0.000000e+00 -7.504224e-01
    outer loop
      vertex   -1.707319e+00 0.000000e+00 -1.375246e+01
      vertex   -1.707319e+00 3.000000e+00 -1.375246e+01
      vertex   -1.537501e+00 0.000000e+00 -1.390204e+01
    endloop
  endfacet
  facet normal -6.609586e-01 0.000000e+00 -7.504224e-01
    outer loop
      vertex   -1.537501e+00 0.000000e+00 -1.390204e+01
      vertex   -1.707319e+00 3.000000e+00 -1.375246e+01
      vertex   -1.537501e+00 3.000000e+00 -1.390204e+01
    endloop
  endfacet
  facet normal -8.127625e-01 0.000000e+00 -5.825951e-01
    outer loop
      vertex   -1.537501e+00 0.000000e+00 -1.390204e+01
      vertex   -1.537501e+00 3.000000e+00 -1.390204e+01
      vertex   -1.405661e+00 0.000000e+00 -1.408596e+01
    endloop
  endfacet
  facet normal -8.127625e-01 6.015651e-17 -5.825951e-01
    outer loop
      vertex   -1.405661e+00 0.000000e+00 -1.408596e+01
      vertex   -1.537501e+00 3.000000e+00 -1.390204e+01
      vertex   -1.405661e+00 3.000000e+00 -1.408596e+01
    endloop
  endfacet
  facet normal -9.229445e-01 6.831162e-17 -3.849330e-01
    outer loop
      vertex   -1.405661e+00 0.000000e+00 -1.408596e+01
      vertex   -1.405661e+00 3.000000e+00 -1.408596e+01
      vertex   -1.318552e+00 0.000000e+00 -1.429482e+01
    endloop
  endfacet
  facet normal -9.229445e-01 0.000000e+00 -3.849330e-01
    outer loop
      vertex   -1.318552e+00 0.000000e+00 -1.429482e+01
      vertex   -1.405661e+00 3.000000e+00 -1.408596e+01
      vertex   -1.318552e+00 3.000000e+00 -1.429482e+01
    endloop
  endfacet
  facet normal -9.605721e-01 -0.000000e+00 -2.780311e-01
    outer loop
      vertex   -1.318552e+00 3.000000e+00 -1.429482e+01
      vertex   -1.033969e+00 3.000000e+00 -1.527803e+01
      vertex   -1.318552e+00 0.000000e+00 -1.429482e+01
    endloop
  endfacet
  facet normal -9.605721e-01 0.000000e+00 -2.780311e-01
    outer loop
      vertex   -1.318552e+00 0.000000e+00 -1.429482e+01
      vertex   -1.033969e+00 3.000000e+00 -1.527803e+01
      vertex   -1.033969e+00 0.000000e+00 -1.527803e+01
    endloop
  endfacet
  facet normal 9.168619e-01 0.000000e+00 -3.992045e-01
    outer loop
      vertex   1.033969e+00 3.000000e+00 -1.527803e+01
      vertex   1.033969e+00 0.000000e+00 -1.527803e+01
      vertex   9.313347e-01 3.000000e+00 -1.551375e+01
    endloop
  endfacet
  facet normal 9.168619e-01 0.000000e+00 -3.992045e-01
    outer loop
      vertex   9.313347e-01 3.000000e+00 -1.551375e+01
      vertex   1.033969e+00 0.000000e+00 -1.527803e+01
      vertex   9.313347e-01 0.000000e+00 -1.551375e+01
    endloop
  endfacet
  facet normal 7.847773e-01 0.000000e+00 -6.197778e-01
    outer loop
      vertex   9.313347e-01 3.000000e+00 -1.551375e+01
      vertex   9.313347e-01 0.000000e+00 -1.551375e+01
      vertex   7.719916e-01 3.000000e+00 -1.571552e+01
    endloop
  endfacet
  facet normal 7.847773e-01 -3.669822e-16 -6.197778e-01
    outer loop
      vertex   7.719916e-01 3.000000e+00 -1.571552e+01
      vertex   9.313347e-01 0.000000e+00 -1.551375e+01
      vertex   7.719916e-01 0.000000e+00 -1.571552e+01
    endloop
  endfacet
  facet normal 6.008198e-01 -4.733307e-16 -7.993845e-01
    outer loop
      vertex   7.719916e-01 3.000000e+00 -1.571552e+01
      vertex   7.719916e-01 0.000000e+00 -1.571552e+01
      vertex   5.664722e-01 3.000000e+00 -1.586999e+01
    endloop
  endfacet
  facet normal 6.008198e-01 2.223480e-17 -7.993845e-01
    outer loop
      vertex   5.664722e-01 3.000000e+00 -1.586999e+01
      vertex   7.719916e-01 0.000000e+00 -1.571552e+01
      vertex   5.664722e-01 0.000000e+00 -1.586999e+01
    endloop
  endfacet
  facet normal 3.771487e-01 1.395731e-17 -9.261527e-01
    outer loop
      vertex   5.664722e-01 3.000000e+00 -1.586999e+01
      vertex   5.664722e-01 0.000000e+00 -1.586999e+01
      vertex   3.283610e-01 3.000000e+00 -1.596695e+01
    endloop
  endfacet
  facet normal 3.771487e-01 2.093596e-17 -9.261527e-01
    outer loop
      vertex   3.283610e-01 3.000000e+00 -1.596695e+01
      vertex   5.664722e-01 0.000000e+00 -1.586999e+01
      vertex   3.283610e-01 0.000000e+00 -1.596695e+01
    endloop
  endfacet
  facet normal 1.285486e-01 7.135878e-18 -9.917032e-01
    outer loop
      vertex   3.283610e-01 3.000000e+00 -1.596695e+01
      vertex   3.283610e-01 0.000000e+00 -1.596695e+01
      vertex   7.339698e-02 3.000000e+00 -1.600000e+01
    endloop
  endfacet
  facet normal 1.285486e-01 0.000000e+00 -9.917032e-01
    outer loop
      vertex   7.339698e-02 3.000000e+00 -1.600000e+01
      vertex   3.283610e-01 0.000000e+00 -1.596695e+01
      vertex   7.339698e-02 0.000000e+00 -1.600000e+01
    endloop
  endfacet
  facet normal -1.285486e-01 -0.000000e+00 -9.917032e-01
    outer loop
      vertex   -7.339698e-02 3.000000e+00 -1.600000e+01
      vertex   -7.339698e-02 0.000000e+00 -1.600000e+01
      vertex   -3.283610e-01 3.000000e+00 -1.596695e+01
    endloop
  endfacet
  facet normal -1.285486e-01 -7.135878e-18 -9.917032e-01
    outer loop
      vertex   -3.283610e-01 3.000000e+00 -1.596695e+01
      vertex   -7.339698e-02 0.000000e+00 -1.600000e+01
      vertex   -3.283610e-01 0.000000e+00 -1.596695e+01
    endloop
  endfacet
  facet normal -3.771487e-01 -2.093596e-17 -9.261527e-01
    outer loop
      vertex   -3.283610e-01 3.000000e+00 -1.596695e+01
      vertex   -3.283610e-01 0.000000e+00 -1.596695e+01
      vertex   -5.664722e-01 3.000000e+00 -1.586999e+01
    endloop
  endfacet
  facet normal -3.771487e-01 -1.395731e-17 -9.261527e-01
    outer loop
      vertex   -5.664722e-01 3.000000e+00 -1.586999e+01
      vertex   -3.283610e-01 0.000000e+00 -1.596695e+01
      vertex   -5.664722e-01 0.000000e+00 -1.586999e+01
    endloop
  endfacet
  facet normal -6.008198e-01 -2.223480e-17 -7.993845e-01
    outer loop
      vertex   -5.664722e-01 3.000000e+00 -1.586999e+01
      vertex   -5.664722e-01 0.000000e+00 -1.586999e+01
      vertex   -7.719916e-01 3.000000e+00 -1.571552e+01
    endloop
  endfacet
  facet normal -6.008198e-01 4.733307e-16 -7.993845e-01
    outer loop
      vertex   -7.719916e-01 3.000000e+00 -1.571552e+01
      vertex   -5.664722e-01 0.000000e+00 -1.586999e+01
      vertex   -7.719916e-01 0.000000e+00 -1.571552e+01
    endloop
  endfacet
  facet normal -7.847773e-01 3.669822e-16 -6.197778e-01
    outer loop
      vertex   -7.719916e-01 3.000000e+00 -1.571552e+01
      vertex   -7.719916e-01 0.000000e+00 -1.571552e+01
      vertex   -9.313347e-01 3.000000e+00 -1.551375e+01
    endloop
  endfacet
  facet normal -7.847773e-01 -0.000000e+00 -6.197778e-01
    outer loop
      vertex   -9.313347e-01 3.000000e+00 -1.551375e+01
      vertex   -7.719916e-01 0.000000e+00 -1.571552e+01
      vertex   -9.313347e-01 0.000000e+00 -1.551375e+01
    endloop
  endfacet
  facet normal -9.168619e-01 -0.000000e+00 -3.992045e-01
    outer loop
      vertex   -9.313347e-01 3.000000e+00 -1.551375e+01
      vertex   -9.313347e-01 0.000000e+00 -1.551375e+01
      vertex   -1.033969e+00 3.000000e+00 -1.527803e+01
    endloop
  endfacet
  facet normal -9.168619e-01 -0.000000e+00 -3.992045e-01
    outer loop
      vertex   -1.033969e+00 3.000000e+00 -1.527803e+01
      vertex   -9.313347e-01 0.000000e+00 -1.551375e+01
      vertex   -1.033969e+00 0.000000e+00 -1.527803e+01
    endloop
  endfacet
  facet normal 0.000000e+00 0.000000e+00 -1.000000e+00
    outer loop
      vertex   7.339698e-02 0.000000e+00 -1.600000e+01
      vertex   -7.339698e-02 0.000000e+00 -1.600000e+01
      vertex   7.339698e-02 3.000000e+00 -1.600000e+01
    endloop
  endfacet
  facet normal -0.000000e+00 0.000000e+00 -1.000000e+00
    outer loop
      vertex   7.339698e-02 3.000000e+00 -1.600000e+01
      vertex   -7.339698e-02 0.000000e+00 -1.600000e+01
      vertex   -7.339698e-02 3.000000e+00 -1.600000e+01
    endloop
  endfacet
  facet normal -1.907971e-01 -0.000000e+00 -9.816295e-01
    outer loop
      vertex   -2.124607e+00 3.000000e+00 -1.358486e+01
      vertex   -2.124607e+00 0.000000e+00 -1.358486e+01
      vertex   -3.118753e+00 3.000000e+00 -1.339163e+01
    endloop
  endfacet
  facet normal -1.907971e-01 -0.000000e+00 -9.816295e-01
    outer loop
      vertex   -3.118753e+00 3.000000e+00 -1.339163e+01
      vertex   -2.124607e+00 0.000000e+00 -1.358486e+01
      vertex   -3.118753e+00 0.000000e+00 -1.339163e+01
    endloop
  endfacet
  facet normal -2.625321e-01 -0.000000e+00 -9.649233e-01
    outer loop
      vertex   -3.118753e+00 3.000000e+00 -1.339163e+01
      vertex   -3.118753e+00 0.000000e+00 -1.339163e+01
      vertex   -4.095981e+00 3.000000e+00 -1.312575e+01
    endloop
  endfacet
  facet normal -2.625321e-01 -0.000000e+00 -9.649233e-01
    outer loop
      vertex   -4.095981e+00 3.000000e+00 -1.312575e+01
      vertex   -3.118753e+00 0.000000e+00 -1.339163e+01
      vertex   -4.095981e+00 0.000000e+00 -1.312575e+01
    endloop
  endfacet
  facet normal -3.328428e-01 -0.000000e+00 -9.429823e-01
    outer loop
      vertex   -4.095981e+00 3.000000e+00 -1.312575e+01
      vertex   -4.095981e+00 0.000000e+00 -1.312575e+01
      vertex   -5.050987e+00 3.000000e+00 -1.278867e+01
    endloop
  endfacet
  facet normal -3.328428e-01 -0.000000e+00 -9.429823e-01
    outer loop
      vertex   -5.050987e+00 3.000000e+00 -1.278867e+01
      vertex   -4.095981e+00 0.000000e+00 -1.312575e+01
      vertex   -5.050987e+00 0.000000e+00 -1.278867e+01
    endloop
  endfacet
  facet normal -4.013478e-01 -0.000000e+00 -9.159257e-01
    outer loop
      vertex   -5.050987e+00 3.000000e+00 -1.278867e+01
      vertex   -5.050987e+00 0.000000e+00 -1.278867e+01
      vertex   -5.978592e+00 3.000000e+00 -1.238220e+01
    endloop
  endfacet
  facet normal -4.013478e-01 -0.000000e+00 -9.159257e-01
    outer loop
      vertex   -5.978592e+00 3.000000e+00 -1.238220e+01
      vertex   -5.050987e+00 0.000000e+00 -1.278867e+01
      vertex   -5.978592e+00 0.000000e+00 -1.238220e+01
    endloop
  endfacet
  facet normal -4.676756e-01 -0.000000e+00 -8.839002e-01
    outer loop
      vertex   -5.978592e+00 3.000000e+00 -1.238220e+01
      vertex   -5.978592e+00 0.000000e+00 -1.238220e+01
      vertex   -6.873763e+00 3.000000e+00 -1.190856e+01
    endloop
  endfacet
  facet normal -4.676756e-01 -0.000000e+00 -8.839002e-01
    outer loop
      vertex   -6.873763e+00 3.000000e+00 -1.190856e+01
      vertex   -5.978592e+00 0.000000e+00 -1.238220e+01
      vertex   -6.873763e+00 0.000000e+00 -1.190856e+01
    endloop
  endfacet
  facet normal -5.314662e-01 -0.000000e+00 -8.470795e-01
    outer loop
      vertex   -6.873763e+00 3.000000e+00 -1.190856e+01
      vertex   -6.873763e+00 0.000000e+00 -1.190856e+01
      vertex   -7.731643e+00 3.000000e+00 -1.137032e+01
    endloop
  endfacet
  facet normal -5.314662e-01 -0.000000e+00 -8.470795e-01
    outer loop
      vertex   -7.731643e+00 3.000000e+00 -1.137032e+01
      vertex   -6.873763e+00 0.000000e+00 -1.190856e+01
      vertex   -7.731643e+00 0.000000e+00 -1.137032e+01
    endloop
  endfacet
  facet normal -5.923736e-01 -0.000000e+00 -8.056634e-01
    outer loop
      vertex   -7.731643e+00 3.000000e+00 -1.137032e+01
      vertex   -7.731643e+00 0.000000e+00 -1.137032e+01
      vertex   -8.547580e+00 3.000000e+00 -1.077039e+01
    endloop
  endfacet
  facet normal -5.923736e-01 -0.000000e+00 -8.056634e-01
    outer loop
      vertex   -8.547580e+00 3.000000e+00 -1.077039e+01
      vertex   -7.731643e+00 0.000000e+00 -1.137032e+01
      vertex   -8.547580e+00 0.000000e+00 -1.077039e+01
    endloop
  endfacet
  facet normal -6.500674e-01 -0.000000e+00 -7.598766e-01
    outer loop
      vertex   -8.547580e+00 3.000000e+00 -1.077039e+01
      vertex   -8.547580e+00 0.000000e+00 -1.077039e+01
      vertex   -9.317146e+00 3.000000e+00 -1.011204e+01
    endloop
  endfacet
  facet normal -6.500674e-01 -0.000000e+00 -7.598766e-01
    outer loop
      vertex   -9.317146e+00 3.000000e+00 -1.011204e+01
      vertex   -8.547580e+00 0.000000e+00 -1.077039e+01
      vertex   -9.317146e+00 0.000000e+00 -1.011204e+01
    endloop
  endfacet
  facet normal -7.042345e-01 -0.000000e+00 -7.099674e-01
    outer loop
      vertex   -9.317146e+00 3.000000e+00 -1.011204e+01
      vertex   -9.317146e+00 0.000000e+00 -1.011204e+01
      vertex   -1.003617e+01 3.000000e+00 -9.398823e+00
    endloop
  endfacet
  facet normal -7.042345e-01 -0.000000e+00 -7.099674e-01
    outer loop
      vertex   -1.003617e+01 3.000000e+00 -9.398823e+00
      vertex   -9.317146e+00 0.000000e+00 -1.011204e+01
      vertex   -1.003617e+01 0.000000e+00 -9.398823e+00
    endloop
  endfacet
  facet normal -7.545812e-01 -0.000000e+00 -6.562067e-01
    outer loop
      vertex   -1.003617e+01 3.000000e+00 -9.398823e+00
      vertex   -1.003617e+01 0.000000e+00 -9.398823e+00
      vertex   -1.070074e+01 3.000000e+00 -8.634620e+00
    endloop
  endfacet
  facet normal -7.545812e-01 -0.000000e+00 -6.562067e-01
    outer loop
      vertex   -1.070074e+01 3.000000e+00 -8.634620e+00
      vertex   -1.003617e+01 0.000000e+00 -9.398823e+00
      vertex   -1.070074e+01 0.000000e+00 -8.634620e+00
    endloop
  endfacet
  facet normal -8.008342e-01 -0.000000e+00 -5.988861e-01
    outer loop
      vertex   -1.070074e+01 3.000000e+00 -8.634620e+00
      vertex   -1.070074e+01 0.000000e+00 -8.634620e+00
      vertex   -1.130726e+01 3.000000e+00 -7.823574e+00
    endloop
  endfacet
  facet normal -8.008342e-01 -0.000000e+00 -5.988861e-01
    outer loop
      vertex   -1.130726e+01 3.000000e+00 -7.823574e+00
      vertex   -1.070074e+01 0.000000e+00 -8.634620e+00
      vertex   -1.130726e+01 0.000000e+00 -7.823574e+00
    endloop
  endfacet
  facet normal -8.427428e-01 -0.000000e+00 -5.383164e-01
    outer loop
      vertex   -1.130726e+01 3.000000e+00 -7.823574e+00
      vertex   -1.130726e+01 0.000000e+00 -7.823574e+00
      vertex   -1.185244e+01 3.000000e+00 -6.970086e+00
    endloop
  endfacet
  facet normal -8.427428e-01 -0.000000e+00 -5.383164e-01
    outer loop
      vertex   -1.185244e+01 3.000000e+00 -6.970086e+00
      vertex   -1.130726e+01 0.000000e+00 -7.823574e+00
      vertex   -1.185244e+01 0.000000e+00 -6.970086e+00
    endloop
  endfacet
  facet normal -8.800794e-01 -0.000000e+00 -4.748265e-01
    outer loop
      vertex   -1.185244e+01 3.000000e+00 -6.970086e+00
      vertex   -1.185244e+01 0.000000e+00 -6.970086e+00
      vertex   -1.233332e+01 3.000000e+00 -6.078784e+00
    endloop
  endfacet
  facet normal -8.800794e-01 -0.000000e+00 -4.748265e-01
    outer loop
      vertex   -1.233332e+01 3.000000e+00 -6.078784e+00
      vertex   -1.185244e+01 0.000000e+00 -6.970086e+00
      vertex   -1.233332e+01 0.000000e+00 -6.078784e+00
    endloop
  endfacet
  facet normal -9.126417e-01 -0.000000e+00 -4.087605e-01
    outer loop
      vertex   -1.233332e+01 3.000000e+00 -6.078784e+00
      vertex   -1.233332e+01 0.000000e+00 -6.078784e+00
      vertex   -1.274730e+01 3.000000e+00 -5.154505e+00
    endloop
  endfacet
  facet normal -9.126417e-01 -0.000000e+00 -4.087605e-01
    outer loop
      vertex   -1.274730e+01 3.000000e+00 -5.154505e+00
      vertex   -1.233332e+01 0.000000e+00 -6.078784e+00
      vertex   -1.274730e+01 0.000000e+00 -5.154505e+00
    endloop
  endfacet
  facet normal -9.402528e-01 -0.000000e+00 -3.404771e-01
    outer loop
      vertex   -1.274730e+01 3.000000e+00 -5.154505e+00
      vertex   -1.274730e+01 0.000000e+00 -5.154505e+00
      vertex   -1.309212e+01 3.000000e+00 -4.202263e+00
    endloop
  endfacet
  facet normal -9.402528e-01 -0.000000e+00 -3.404771e-01
    outer loop
      vertex   -1.309212e+01 3.000000e+00 -4.202263e+00
      vertex   -1.274730e+01 0.000000e+00 -5.154505e+00
      vertex   -1.309212e+01 0.000000e+00 -4.202263e+00
    endloop
  endfacet
  facet normal -9.627631e-01 -0.000000e+00 -2.703466e-01
    outer loop
      vertex   -1.309212e+01 3.000000e+00 -4.202263e+00
      vertex   -1.309212e+01 0.000000e+00 -4.202263e+00
      vertex   -1.336591e+01 3.000000e+00 -3.227224e+00
    endloop
  endfacet
  facet normal -9.627631e-01 -0.000000e+00 -2.703466e-01
    outer loop
      vertex   -1.336591e+01 3.000000e+00 -3.227224e+00
      vertex   -1.309212e+01 0.000000e+00 -4.202263e+00
      vertex   -1.336591e+01 0.000000e+00 -3.227224e+00
    endloop
  endfacet
  facet normal 9.967573e-01 -0.000000e+00 8.046657e-02
    outer loop
      vertex   -2.961151e+00 0.000000e+00 -4.812338e-01
      vertex   -2.961151e+00 3.000000e+00 -4.812338e-01
      vertex   -3.000000e+00 0.000000e+00 3.673940e-16
    endloop
  endfacet
  facet normal 9.967573e-01 -5.034994e-18 8.046657e-02
    outer loop
      vertex   -3.000000e+00 0.000000e+00 3.673940e-16
      vertex   -2.961151e+00 3.000000e+00 -4.812338e-01
      vertex   -3.000000e+00 3.000000e+00 5.551115e-16
    endloop
  endfacet
  facet normal 9.967573e-01 5.034994e-18 -8.046657e-02
    outer loop
      vertex   -3.000000e+00 0.000000e+00 3.673940e-16
      vertex   -3.000000e+00 3.000000e+00 5.551115e-16
      vertex   -2.961151e+00 0.000000e+00 4.812338e-01
    endloop
  endfacet
  facet normal 9.967573e-01 0.000000e+00 -8.046657e-02
    outer loop
      vertex   -2.961151e+00 0.000000e+00 4.812338e-01
      vertex   -3.000000e+00 3.000000e+00 5.551115e-16
      vertex   -2.961151e+00 3.000000e+00 4.812338e-01
    endloop
  endfacet
  facet normal 9.709418e-01 0.000000e+00 -2.393157e-01
    outer loop
      vertex   -2.961151e+00 0.000000e+00 4.812338e-01
      vertex   -2.961151e+00 3.000000e+00 4.812338e-01
      vertex   -2.845609e+00 0.000000e+00 9.500040e-01
    endloop
  endfacet
  facet normal 9.709418e-01 0.000000e+00 -2.393157e-01
    outer loop
      vertex   -2.845609e+00 0.000000e+00 9.500040e-01
      vertex   -2.961151e+00 3.000000e+00 4.812338e-01
      vertex   -2.845609e+00 3.000000e+00 9.500040e-01
    endloop
  endfacet
  facet normal 9.199794e-01 0.000000e+00 -3.919666e-01
    outer loop
      vertex   -2.845609e+00 0.000000e+00 9.500040e-01
      vertex   -2.845609e+00 3.000000e+00 9.500040e-01
      vertex   -2.656368e+00 0.000000e+00 1.394170e+00
    endloop
  endfacet
  facet normal 9.199794e-01 0.000000e+00 -3.919666e-01
    outer loop
      vertex   -2.656368e+00 0.000000e+00 1.394170e+00
      vertex   -2.845609e+00 3.000000e+00 9.500040e-01
      vertex   -2.656368e+00 3.000000e+00 1.394170e+00
    endloop
  endfacet
  facet normal 8.451901e-01 0.000000e+00 -5.344658e-01
    outer loop
      vertex   -2.656368e+00 0.000000e+00 1.394170e+00
      vertex   -2.656368e+00 3.000000e+00 1.394170e+00
      vertex   -2.398328e+00 0.000000e+00 1.802227e+00
    endloop
  endfacet
  facet normal 8.451901e-01 0.000000e+00 -5.344658e-01
    outer loop
      vertex   -2.398328e+00 0.000000e+00 1.802227e+00
      vertex   -2.656368e+00 3.000000e+00 1.394170e+00
      vertex   -2.398328e+00 3.000000e+00 1.802227e+00
    endloop
  endfacet
  facet normal 7.485107e-01 0.000000e+00 -6.631227e-01
    outer loop
      vertex   -2.398328e+00 0.000000e+00 1.802227e+00
      vertex   -2.398328e+00 3.000000e+00 1.802227e+00
      vertex   -2.078173e+00 0.000000e+00 2.163607e+00
    endloop
  endfacet
  facet normal 7.485107e-01 0.000000e+00 -6.631227e-01
    outer loop
      vertex   -2.078173e+00 0.000000e+00 2.163607e+00
      vertex   -2.398328e+00 3.000000e+00 1.802227e+00
      vertex   -2.078173e+00 3.000000e+00 2.163607e+00
    endloop
  endfacet
  facet normal 6.324454e-01 0.000000e+00 -7.746050e-01
    outer loop
      vertex   -2.078173e+00 0.000000e+00 2.163607e+00
      vertex   -2.078173e+00 3.000000e+00 2.163607e+00
      vertex   -1.704194e+00 0.000000e+00 2.468952e+00
    endloop
  endfacet
  facet normal 6.324454e-01 0.000000e+00 -7.746050e-01
    outer loop
      vertex   -1.704194e+00 0.000000e+00 2.468952e+00
      vertex   -2.078173e+00 3.000000e+00 2.163607e+00
      vertex   -1.704194e+00 3.000000e+00 2.468952e+00
    endloop
  endfacet
  facet normal 5.000000e-01 0.000000e+00 -8.660254e-01
    outer loop
      vertex   -1.704194e+00 0.000000e+00 2.468952e+00
      vertex   -1.704194e+00 3.000000e+00 2.468952e+00
      vertex   -1.286078e+00 0.000000e+00 2.710351e+00
    endloop
  endfacet
  facet normal 5.000000e-01 0.000000e+00 -8.660254e-01
    outer loop
      vertex   -1.286078e+00 0.000000e+00 2.710351e+00
      vertex   -1.704194e+00 3.000000e+00 2.468952e+00
      vertex   -1.286078e+00 3.000000e+00 2.710351e+00
    endloop
  endfacet
  facet normal 3.546049e-01 0.000000e+00 -9.350162e-01
    outer loop
      vertex   -1.286078e+00 0.000000e+00 2.710351e+00
      vertex   -1.286078e+00 3.000000e+00 2.710351e+00
      vertex   -8.346524e-01 0.000000e+00 2.881554e+00
    endloop
  endfacet
  facet normal 3.546049e-01 0.000000e+00 -9.350162e-01
    outer loop
      vertex   -8.346524e-01 0.000000e+00 2.881554e+00
      vertex   -1.286078e+00 3.000000e+00 2.710351e+00
      vertex   -8.346524e-01 3.000000e+00 2.881554e+00
    endloop
  endfacet
  facet normal 2.000257e-01 0.000000e+00 -9.797907e-01
    outer loop
      vertex   -8.346524e-01 0.000000e+00 2.881554e+00
      vertex   -8.346524e-01 3.000000e+00 2.881554e+00
      vertex   -3.616100e-01 0.000000e+00 2.978127e+00
    endloop
  endfacet
  facet normal 2.000257e-01 0.000000e+00 -9.797907e-01
    outer loop
      vertex   -3.616100e-01 0.000000e+00 2.978127e+00
      vertex   -8.346524e-01 3.000000e+00 2.881554e+00
      vertex   -3.616100e-01 3.000000e+00 2.978127e+00
    endloop
  endfacet
  facet normal 4.026594e-02 0.000000e+00 -9.991890e-01
    outer loop
      vertex   -3.616100e-01 0.000000e+00 2.978127e+00
      vertex   -3.616100e-01 3.000000e+00 2.978127e+00
      vertex   1.207978e-01 0.000000e+00 2.997567e+00
    endloop
  endfacet
  facet normal 4.026594e-02 0.000000e+00 -9.991890e-01
    outer loop
      vertex   1.207978e-01 0.000000e+00 2.997567e+00
      vertex   -3.616100e-01 3.000000e+00 2.978127e+00
      vertex   1.207978e-01 3.000000e+00 2.997567e+00
    endloop
  endfacet
  facet normal -1.205367e-01 0.000000e+00 -9.927089e-01
    outer loop
      vertex   1.207978e-01 0.000000e+00 2.997567e+00
      vertex   1.207978e-01 3.000000e+00 2.997567e+00
      vertex   6.000771e-01 0.000000e+00 2.939372e+00
    endloop
  endfacet
  facet normal -1.205367e-01 0.000000e+00 -9.927089e-01
    outer loop
      vertex   6.000771e-01 0.000000e+00 2.939372e+00
      vertex   1.207978e-01 3.000000e+00 2.997567e+00
      vertex   6.000771e-01 3.000000e+00 2.939372e+00
    endloop
  endfacet
  facet normal -2.782175e-01 0.000000e+00 -9.605181e-01
    outer loop
      vertex   6.000771e-01 0.000000e+00 2.939372e+00
      vertex   6.000771e-01 3.000000e+00 2.939372e+00
      vertex   1.063815e+00 0.000000e+00 2.805049e+00
    endloop
  endfacet
  facet normal -2.782175e-01 0.000000e+00 -9.605181e-01
    outer loop
      vertex   1.063815e+00 0.000000e+00 2.805049e+00
      vertex   6.000771e-01 3.000000e+00 2.939372e+00
      vertex   1.063815e+00 3.000000e+00 2.805049e+00
    endloop
  endfacet
  facet normal -4.286926e-01 0.000000e+00 -9.034504e-01
    outer loop
      vertex   1.063815e+00 0.000000e+00 2.805049e+00
      vertex   1.063815e+00 3.000000e+00 2.805049e+00
      vertex   1.500000e+00 0.000000e+00 2.598076e+00
    endloop
  endfacet
  facet normal -4.286926e-01 0.000000e+00 -9.034504e-01
    outer loop
      vertex   1.500000e+00 0.000000e+00 2.598076e+00
      vertex   1.063815e+00 3.000000e+00 2.805049e+00
      vertex   1.500000e+00 3.000000e+00 2.598076e+00
    endloop
  endfacet
  facet normal -5.680647e-01 0.000000e+00 -8.229839e-01
    outer loop
      vertex   1.500000e+00 0.000000e+00 2.598076e+00
      vertex   1.500000e+00 3.000000e+00 2.598076e+00
      vertex   1.897336e+00 0.000000e+00 2.323815e+00
    endloop
  endfacet
  facet normal -5.680647e-01 0.000000e+00 -8.229839e-01
    outer loop
      vertex   1.897336e+00 0.000000e+00 2.323815e+00
      vertex   1.500000e+00 3.000000e+00 2.598076e+00
      vertex   1.897336e+00 3.000000e+00 2.323815e+00
    endloop
  endfacet
  facet normal -6.927244e-01 0.000000e+00 -7.212024e-01
    outer loop
      vertex   1.897336e+00 0.000000e+00 2.323815e+00
      vertex   1.897336e+00 3.000000e+00 2.323815e+00
      vertex   2.245532e+00 0.000000e+00 1.989368e+00
    endloop
  endfacet
  facet normal -6.927244e-01 0.000000e+00 -7.212024e-01
    outer loop
      vertex   2.245532e+00 0.000000e+00 1.989368e+00
      vertex   1.897336e+00 3.000000e+00 2.323815e+00
      vertex   2.245532e+00 3.000000e+00 1.989368e+00
    endloop
  endfacet
  facet normal -7.994428e-01 0.000000e+00 -6.007423e-01
    outer loop
      vertex   2.245532e+00 0.000000e+00 1.989368e+00
      vertex   2.245532e+00 3.000000e+00 1.989368e+00
      vertex   2.535570e+00 0.000000e+00 1.603397e+00
    endloop
  endfacet
  facet normal -7.994428e-01 0.000000e+00 -6.007423e-01
    outer loop
      vertex   2.535570e+00 0.000000e+00 1.603397e+00
      vertex   2.245532e+00 3.000000e+00 1.989368e+00
      vertex   2.535570e+00 3.000000e+00 1.603397e+00
    endloop
  endfacet
  facet normal -8.854560e-01 0.000000e+00 -4.647232e-01
    outer loop
      vertex   2.535570e+00 0.000000e+00 1.603397e+00
      vertex   2.535570e+00 3.000000e+00 1.603397e+00
      vertex   2.759938e+00 0.000000e+00 1.175900e+00
    endloop
  endfacet
  facet normal -8.854560e-01 0.000000e+00 -4.647232e-01
    outer loop
      vertex   2.759938e+00 0.000000e+00 1.175900e+00
      vertex   2.535570e+00 3.000000e+00 1.603397e+00
      vertex   2.759938e+00 3.000000e+00 1.175900e+00
    endloop
  endfacet
  facet normal -9.485364e-01 0.000000e+00 -3.166680e-01
    outer loop
      vertex   2.759938e+00 0.000000e+00 1.175900e+00
      vertex   2.759938e+00 3.000000e+00 1.175900e+00
      vertex   2.912825e+00 0.000000e+00 7.179470e-01
    endloop
  endfacet
  facet normal -9.485364e-01 0.000000e+00 -3.166680e-01
    outer loop
      vertex   2.912825e+00 0.000000e+00 7.179470e-01
      vertex   2.759938e+00 3.000000e+00 1.175900e+00
      vertex   2.912825e+00 3.000000e+00 7.179470e-01
    endloop
  endfacet
  facet normal -9.870503e-01 0.000000e+00 -1.604113e-01
    outer loop
      vertex   2.912825e+00 0.000000e+00 7.179470e-01
      vertex   2.912825e+00 3.000000e+00 7.179470e-01
      vertex   2.990272e+00 0.000000e+00 2.413997e-01
    endloop
  endfacet
  facet normal -9.870503e-01 0.000000e+00 -1.604113e-01
    outer loop
      vertex   2.990272e+00 0.000000e+00 2.413997e-01
      vertex   2.912825e+00 3.000000e+00 7.179470e-01
      vertex   2.990272e+00 3.000000e+00 2.413997e-01
    endloop
  endfacet
  facet normal -1.000000e+00 0.000000e+00 0.000000e+00
    outer loop
      vertex   2.990272e+00 0.000000e+00 2.413997e-01
      vertex   2.990272e+00 3.000000e+00 2.413997e-01
      vertex   2.990272e+00 0.000000e+00 -2.413997e-01
    endloop
  endfacet
  facet normal -1.000000e+00 0.000000e+00 0.000000e+00
    outer loop
      vertex   2.990272e+00 0.000000e+00 -2.413997e-01
      vertex   2.990272e+00 3.000000e+00 2.413997e-01
      vertex   2.990272e+00 3.000000e+00 -2.413997e-01
    endloop
  endfacet
  facet normal -9.870503e-01 0.000000e+00 1.604113e-01
    outer loop
      vertex   2.990272e+00 0.000000e+00 -2.413997e-01
      vertex   2.990272e+00 3.000000e+00 -2.413997e-01
      vertex   2.912825e+00 0.000000e+00 -7.179470e-01
    endloop
  endfacet
  facet normal -9.870503e-01 0.000000e+00 1.604113e-01
    outer loop
      vertex   2.912825e+00 0.000000e+00 -7.179470e-01
      vertex   2.990272e+00 3.000000e+00 -2.413997e-01
      vertex   2.912825e+00 3.000000e+00 -7.179470e-01
    endloop
  endfacet
  facet normal -9.485364e-01 0.000000e+00 3.166680e-01
    outer loop
      vertex   2.912825e+00 0.000000e+00 -7.179470e-01
      vertex   2.912825e+00 3.000000e+00 -7.179470e-01
      vertex   2.759938e+00 0.000000e+00 -1.175900e+00
    endloop
  endfacet
  facet normal -9.485364e-01 0.000000e+00 3.166680e-01
    outer loop
      vertex   2.759938e+00 0.000000e+00 -1.175900e+00
      vertex   2.912825e+00 3.000000e+00 -7.179470e-01
      vertex   2.759938e+00 3.000000e+00 -1.175900e+00
    endloop
  endfacet
  facet normal -8.854560e-01 0.000000e+00 4.647232e-01
    outer loop
      vertex   2.759938e+00 0.000000e+00 -1.175900e+00
      vertex   2.759938e+00 3.000000e+00 -1.175900e+00
      vertex   2.535570e+00 0.000000e+00 -1.603397e+00
    endloop
  endfacet
  facet normal -8.854560e-01 0.000000e+00 4.647232e-01
    outer loop
      vertex   2.535570e+00 0.000000e+00 -1.603397e+00
      vertex   2.759938e+00 3.000000e+00 -1.175900e+00
      vertex   2.535570e+00 3.000000e+00 -1.603397e+00
    endloop
  endfacet
  facet normal -7.994428e-01 0.000000e+00 6.007423e-01
    outer loop
      vertex   2.535570e+00 0.000000e+00 -1.603397e+00
      vertex   2.535570e+00 3.000000e+00 -1.603397e+00
      vertex   2.245532e+00 0.000000e+00 -1.989368e+00
    endloop
  endfacet
  facet normal -7.994428e-01 0.000000e+00 6.007423e-01
    outer loop
      vertex   2.245532e+00 0.000000e+00 -1.989368e+00
      vertex   2.535570e+00 3.000000e+00 -1.603397e+00
      vertex   2.245532e+00 3.000000e+00 -1.989368e+00
    endloop
  endfacet
  facet normal -6.927244e-01 0.000000e+00 7.212024e-01
    outer loop
      vertex   2.245532e+00 0.000000e+00 -1.989368e+00
      vertex   2.245532e+00 3.000000e+00 -1.989368e+00
      vertex   1.897336e+00 0.000000e+00 -2.323815e+00
    endloop
  endfacet
  facet normal -6.927244e-01 0.000000e+00 7.212024e-01
    outer loop
      vertex   1.897336e+00 0.000000e+00 -2.323815e+00
      vertex   2.245532e+00 3.000000e+00 -1.989368e+00
      vertex   1.897336e+00 3.000000e+00 -2.323815e+00
    endloop
  endfacet
  facet normal -5.680647e-01 0.000000e+00 8.229839e-01
    outer loop
      vertex   1.897336e+00 0.000000e+00 -2.323815e+00
      vertex   1.897336e+00 3.000000e+00 -2.323815e+00
      vertex   1.500000e+00 0.000000e+00 -2.598076e+00
    endloop
  endfacet
  facet normal -5.680647e-01 0.000000e+00 8.229839e-01
    outer loop
      vertex   1.500000e+00 0.000000e+00 -2.598076e+00
      vertex   1.897336e+00 3.000000e+00 -2.323815e+00
      vertex   1.500000e+00 3.000000e+00 -2.598076e+00
    endloop
  endfacet
  facet normal -4.286926e-01 0.000000e+00 9.034504e-01
    outer loop
      vertex   1.500000e+00 0.000000e+00 -2.598076e+00
      vertex   1.500000e+00 3.000000e+00 -2.598076e+00
      vertex   1.063815e+00 0.000000e+00 -2.805049e+00
    endloop
  endfacet
  facet normal -4.286926e-01 0.000000e+00 9.034504e-01
    outer loop
      vertex   1.063815e+00 0.000000e+00 -2.805049e+00
      vertex   1.500000e+00 3.000000e+00 -2.598076e+00
      vertex   1.063815e+00 3.000000e+00 -2.805049e+00
    endloop
  endfacet
  facet normal -2.782175e-01 0.000000e+00 9.605181e-01
    outer loop
      vertex   1.063815e+00 0.000000e+00 -2.805049e+00
      vertex   1.063815e+00 3.000000e+00 -2.805049e+00
      vertex   6.000771e-01 0.000000e+00 -2.939372e+00
    endloop
  endfacet
  facet normal -2.782175e-01 0.000000e+00 9.605181e-01
    outer loop
      vertex   6.000771e-01 0.000000e+00 -2.939372e+00
      vertex   1.063815e+00 3.000000e+00 -2.805049e+00
      vertex   6.000771e-01 3.000000e+00 -2.939372e+00
    endloop
  endfacet
  facet normal -1.205367e-01 0.000000e+00 9.927089e-01
    outer loop
      vertex   6.000771e-01 0.000000e+00 -2.939372e+00
      vertex   6.000771e-01 3.000000e+00 -2.939372e+00
      vertex   1.207978e-01 0.000000e+00 -2.997567e+00
    endloop
  endfacet
  facet normal -1.205367e-01 0.000000e+00 9.927089e-01
    outer loop
      vertex   1.207978e-01 0.000000e+00 -2.997567e+00
      vertex   6.000771e-01 3.000000e+00 -2.939372e+00
      vertex   1.207978e-01 3.000000e+00 -2.997567e+00
    endloop
  endfacet
  facet normal 4.026594e-02 -0.000000e+00 9.991890e-01
    outer loop
      vertex   1.207978e-01 0.000000e+00 -2.997567e+00
      vertex   1.207978e-01 3.000000e+00 -2.997567e+00
      vertex   -3.616100e-01 0.000000e+00 -2.978127e+00
    endloop
  endfacet
  facet normal 4.026594e-02 -0.000000e+00 9.991890e-01
    outer loop
      vertex   -3.616100e-01 0.000000e+00 -2.978127e+00
      vertex   1.207978e-01 3.000000e+00 -2.997567e+00
      vertex   -3.616100e-01 3.000000e+00 -2.978127e+00
    endloop
  endfacet
  facet normal 2.000257e-01 -0.000000e+00 9.797907e-01
    outer loop
      vertex   -3.616100e-01 0.000000e+00 -2.978127e+00
      vertex   -3.616100e-01 3.000000e+00 -2.978127e+00
      vertex   -8.346524e-01 0.000000e+00 -2.881554e+00
    endloop
  endfacet
  facet normal 2.000257e-01 -0.000000e+00 9.797907e-01
    outer loop
      vertex   -8.346524e-01 0.000000e+00 -2.881554e+00
      vertex   -3.616100e-01 3.000000e+00 -2.978127e+00
      vertex   -8.346524e-01 3.000000e+00 -2.881554e+00
    endloop
  endfacet
  facet normal 3.546049e-01 -0.000000e+00 9.350162e-01
    outer loop
      vertex   -8.346524e-01 0.000000e+00 -2.881554e+00
      vertex   -8.346524e-01 3.000000e+00 -2.881554e+00
      vertex   -1.286078e+00 0.000000e+00 -2.710351e+00
    endloop
  endfacet
  facet normal 3.546049e-01 -0.000000e+00 9.350162e-01
    outer loop
      vertex   -1.286078e+00 0.000000e+00 -2.710351e+00
      vertex   -8.346524e-01 3.000000e+00 -2.881554e+00
      vertex   -1.286078e+00 3.000000e+00 -2.710351e+00
    endloop
  endfacet
  facet normal 5.000000e-01 -0.000000e+00 8.660254e-01
    outer loop
      vertex   -1.286078e+00 0.000000e+00 -2.710351e+00
      vertex   -1.286078e+00 3.000000e+00 -2.710351e+00
      vertex   -1.704194e+00 0.000000e+00 -2.468952e+00
    endloop
  endfacet
  facet normal 5.000000e-01 -0.000000e+00 8.660254e-01
    outer loop
      vertex   -1.704194e+00 0.000000e+00 -2.468952e+00
      vertex   -1.286078e+00 3.000000e+00 -2.710351e+00
      vertex   -1.704194e+00 3.000000e+00 -2.468952e+00
    endloop
  endfacet
  facet normal 6.324454e-01 -0.000000e+00 7.746050e-01
    outer loop
      vertex   -1.704194e+00 0.000000e+00 -2.468952e+00
      vertex   -1.704194e+00 3.000000e+00 -2.468952e+00
      vertex   -2.078173e+00 0.000000e+00 -2.163607e+00
    endloop
  endfacet
  facet normal 6.324454e-01 -0.000000e+00 7.746050e-01
    outer loop
      vertex   -2.078173e+00 0.000000e+00 -2.163607e+00
      vertex   -1.704194e+00 3.000000e+00 -2.468952e+00
      vertex   -2.078173e+00 3.000000e+00 -2.163607e+00
    endloop
  endfacet
  facet normal 7.485107e-01 -0.000000e+00 6.631227e-01
    outer loop
      vertex   -2.078173e+00 0.000000e+00 -2.163607e+00
      vertex   -2.078173e+00 3.000000e+00 -2.163607e+00
      vertex   -2.398328e+00 0.000000e+00 -1.802227e+00
    endloop
  endfacet
  facet normal 7.485107e-01 -0.000000e+00 6.631227e-01
    outer loop
      vertex   -2.398328e+00 0.000000e+00 -1.802227e+00
      vertex   -2.078173e+00 3.000000e+00 -2.163607e+00
      vertex   -2.398328e+00 3.000000e+00 -1.802227e+00
    endloop
  endfacet
  facet normal 8.451901e-01 -0.000000e+00 5.344658e-01
    outer loop
      vertex   -2.398328e+00 0.000000e+00 -1.802227e+00
      vertex   -2.398328e+00 3.000000e+00 -1.802227e+00
      vertex   -2.656368e+00 0.000000e+00 -1.394170e+00
    endloop
  endfacet
  facet normal 8.451901e-01 -0.000000e+00 5.344658e-01
    outer loop
      vertex   -2.656368e+00 0.000000e+00 -1.394170e+00
      vertex   -2.398328e+00 3.000000e+00 -1.802227e+00
      vertex   -2.656368e+00 3.000000e+00 -1.394170e+00
    endloop
  endfacet
  facet normal 9.199794e-01 -0.000000e+00 3.919666e-01
    outer loop
      vertex   -2.656368e+00 0.000000e+00 -1.394170e+00
      vertex   -2.656368e+00 3.000000e+00 -1.394170e+00
      vertex   -2.845609e+00 0.000000e+00 -9.500040e-01
    endloop
  endfacet
  facet normal 9.199794e-01 -0.000000e+00 3.919666e-01
    outer loop
      vertex   -2.845609e+00 0.000000e+00 -9.500040e-01
      vertex   -2.656368e+00 3.000000e+00 -1.394170e+00
      vertex   -2.845609e+00 3.000000e+00 -9.500040e-01
    endloop
  endfacet
  facet normal 9.709418e-01 -0.000000e+00 2.393157e-01
    outer loop
      vertex   -2.845609e+00 0.000000e+00 -9.500040e-01
      vertex   -2.845609e+00 3.000000e+00 -9.500040e-01
      vertex   -2.961151e+00 0.000000e+00 -4.812338e-01
    endloop
  endfacet
  facet normal 9.709418e-01 -0.000000e+00 2.393157e-01
    outer loop
      vertex   -2.961151e+00 0.000000e+00 -4.812338e-01
      vertex   -2.845609e+00 3.000000e+00 -9.500040e-01
      vertex   -2.961151e+00 3.000000e+00 -4.812338e-01
    endloop
  endfacet
  facet normal 9.951847e-01 -0.000000e+00 9.801714e-02
    outer loop
      vertex   -3.571157e+01 0.000000e+00 -3.901806e-01
      vertex   -3.571157e+01 3.000000e+00 -3.901806e-01
      vertex   -3.575000e+01 0.000000e+00 2.449294e-16
    endloop
  endfacet
  facet normal 9.951847e-01 8.002425e-18 9.801714e-02
    outer loop
      vertex   -3.575000e+01 0.000000e+00 2.449294e-16
      vertex   -3.571157e+01 3.000000e+00 -3.901806e-01
      vertex   -3.575000e+01 3.000000e+00 0.000000e+00
    endloop
  endfacet
  facet normal 9.951847e-01 -8.002425e-18 -9.801714e-02
    outer loop
      vertex   -3.575000e+01 0.000000e+00 2.449294e-16
      vertex   -3.575000e+01 3.000000e+00 0.000000e+00
      vertex   -3.571157e+01 0.000000e+00 3.901806e-01
    endloop
  endfacet
  facet normal 9.951847e-01 0.000000e+00 -9.801714e-02
    outer loop
      vertex   -3.571157e+01 0.000000e+00 3.901806e-01
      vertex   -3.575000e+01 3.000000e+00 0.000000e+00
      vertex   -3.571157e+01 3.000000e+00 3.901806e-01
    endloop
  endfacet
  facet normal 9.569403e-01 0.000000e+00 -2.902847e-01
    outer loop
      vertex   -3.571157e+01 0.000000e+00 3.901806e-01
      vertex   -3.571157e+01 3.000000e+00 3.901806e-01
      vertex   -3.559776e+01 0.000000e+00 7.653669e-01
    endloop
  endfacet
  facet normal 9.569403e-01 0.000000e+00 -2.902847e-01
    outer loop
      vertex   -3.559776e+01 0.000000e+00 7.653669e-01
      vertex   -3.571157e+01 3.000000e+00 3.901806e-01
      vertex   -3.559776e+01 3.000000e+00 7.653669e-01
    endloop
  endfacet
  facet normal 8.819213e-01 0.000000e+00 -4.713967e-01
    outer loop
      vertex   -3.559776e+01 0.000000e+00 7.653669e-01
      vertex   -3.559776e+01 3.000000e+00 7.653669e-01
      vertex   -3.541294e+01 0.000000e+00 1.111140e+00
    endloop
  endfacet
  facet normal 8.819213e-01 0.000000e+00 -4.713967e-01
    outer loop
      vertex   -3.541294e+01 0.000000e+00 1.111140e+00
      vertex   -3.559776e+01 3.000000e+00 7.653669e-01
      vertex   -3.541294e+01 3.000000e+00 1.111140e+00
    endloop
  endfacet
  facet normal 7.730105e-01 0.000000e+00 -6.343933e-01
    outer loop
      vertex   -3.541294e+01 0.000000e+00 1.111140e+00
      vertex   -3.541294e+01 3.000000e+00 1.111140e+00
      vertex   -3.516421e+01 0.000000e+00 1.414214e+00
    endloop
  endfacet
  facet normal 7.730105e-01 0.000000e+00 -6.343933e-01
    outer loop
      vertex   -3.516421e+01 0.000000e+00 1.414214e+00
      vertex   -3.541294e+01 3.000000e+00 1.111140e+00
      vertex   -3.516421e+01 3.000000e+00 1.414214e+00
    endloop
  endfacet
  facet normal 6.343933e-01 0.000000e+00 -7.730105e-01
    outer loop
      vertex   -3.516421e+01 0.000000e+00 1.414214e+00
      vertex   -3.516421e+01 3.000000e+00 1.414214e+00
      vertex   -3.486114e+01 0.000000e+00 1.662939e+00
    endloop
  endfacet
  facet normal 6.343933e-01 0.000000e+00 -7.730105e-01
    outer loop
      vertex   -3.486114e+01 0.000000e+00 1.662939e+00
      vertex   -3.516421e+01 3.000000e+00 1.414214e+00
      vertex   -3.486114e+01 3.000000e+00 1.662939e+00
    endloop
  endfacet
  facet normal 4.713967e-01 0.000000e+00 -8.819213e-01
    outer loop
      vertex   -3.486114e+01 0.000000e+00 1.662939e+00
      vertex   -3.486114e+01 3.000000e+00 1.662939e+00
      vertex   -3.451537e+01 0.000000e+00 1.847759e+00
    endloop
  endfacet
  facet normal 4.713967e-01 0.000000e+00 -8.819213e-01
    outer loop
      vertex   -3.451537e+01 0.000000e+00 1.847759e+00
      vertex   -3.486114e+01 3.000000e+00 1.662939e+00
      vertex   -3.451537e+01 3.000000e+00 1.847759e+00
    endloop
  endfacet
  facet normal 2.902847e-01 0.000000e+00 -9.569403e-01
    outer loop
      vertex   -3.451537e+01 0.000000e+00 1.847759e+00
      vertex   -3.451537e+01 3.000000e+00 1.847759e+00
      vertex   -3.414018e+01 0.000000e+00 1.961571e+00
    endloop
  endfacet
  facet normal 2.902847e-01 0.000000e+00 -9.569403e-01
    outer loop
      vertex   -3.414018e+01 0.000000e+00 1.961571e+00
      vertex   -3.451537e+01 3.000000e+00 1.847759e+00
      vertex   -3.414018e+01 3.000000e+00 1.961571e+00
    endloop
  endfacet
  facet normal 9.801714e-02 0.000000e+00 -9.951847e-01
    outer loop
      vertex   -3.414018e+01 0.000000e+00 1.961571e+00
      vertex   -3.414018e+01 3.000000e+00 1.961571e+00
      vertex   -3.375000e+01 0.000000e+00 2.000000e+00
    endloop
  endfacet
  facet normal 9.801714e-02 0.000000e+00 -9.951847e-01
    outer loop
      vertex   -3.375000e+01 0.000000e+00 2.000000e+00
      vertex   -3.414018e+01 3.000000e+00 1.961571e+00
      vertex   -3.375000e+01 3.000000e+00 2.000000e+00
    endloop
  endfacet
  facet normal -9.801714e-02 0.000000e+00 -9.951847e-01
    outer loop
      vertex   -3.375000e+01 0.000000e+00 2.000000e+00
      vertex   -3.375000e+01 3.000000e+00 2.000000e+00
      vertex   -3.335982e+01 0.000000e+00 1.961571e+00
    endloop
  endfacet
  facet normal -9.801714e-02 0.000000e+00 -9.951847e-01
    outer loop
      vertex   -3.335982e+01 0.000000e+00 1.961571e+00
      vertex   -3.375000e+01 3.000000e+00 2.000000e+00
      vertex   -3.335982e+01 3.000000e+00 1.961571e+00
    endloop
  endfacet
  facet normal -2.902847e-01 0.000000e+00 -9.569403e-01
    outer loop
      vertex   -3.335982e+01 0.000000e+00 1.961571e+00
      vertex   -3.335982e+01 3.000000e+00 1.961571e+00
      vertex   -3.298463e+01 0.000000e+00 1.847759e+00
    endloop
  endfacet
  facet normal -2.902847e-01 0.000000e+00 -9.569403e-01
    outer loop
      vertex   -3.298463e+01 0.000000e+00 1.847759e+00
      vertex   -3.335982e+01 3.000000e+00 1.961571e+00
      vertex   -3.298463e+01 3.000000e+00 1.847759e+00
    endloop
  endfacet
  facet normal -4.713967e-01 0.000000e+00 -8.819213e-01
    outer loop
      vertex   -3.298463e+01 0.000000e+00 1.847759e+00
      vertex   -3.298463e+01 3.000000e+00 1.847759e+00
      vertex   -3.263886e+01 0.000000e+00 1.662939e+00
    endloop
  endfacet
  facet normal -4.713967e-01 0.000000e+00 -8.819213e-01
    outer loop
      vertex   -3.263886e+01 0.000000e+00 1.662939e+00
      vertex   -3.298463e+01 3.000000e+00 1.847759e+00
      vertex   -3.263886e+01 3.000000e+00 1.662939e+00
    endloop
  endfacet
  facet normal -6.343933e-01 0.000000e+00 -7.730105e-01
    outer loop
      vertex   -3.263886e+01 0.000000e+00 1.662939e+00
      vertex   -3.263886e+01 3.000000e+00 1.662939e+00
      vertex   -3.233579e+01 0.000000e+00 1.414214e+00
    endloop
  endfacet
  facet normal -6.343933e-01 0.000000e+00 -7.730105e-01
    outer loop
      vertex   -3.233579e+01 0.000000e+00 1.414214e+00
      vertex   -3.263886e+01 3.000000e+00 1.662939e+00
      vertex   -3.233579e+01 3.000000e+00 1.414214e+00
    endloop
  endfacet
  facet normal -7.730105e-01 0.000000e+00 -6.343933e-01
    outer loop
      vertex   -3.233579e+01 0.000000e+00 1.414214e+00
      vertex   -3.233579e+01 3.000000e+00 1.414214e+00
      vertex   -3.208706e+01 0.000000e+00 1.111140e+00
    endloop
  endfacet
  facet normal -7.730105e-01 0.000000e+00 -6.343933e-01
    outer loop
      vertex   -3.208706e+01 0.000000e+00 1.111140e+00
      vertex   -3.233579e+01 3.000000e+00 1.414214e+00
      vertex   -3.208706e+01 3.000000e+00 1.111140e+00
    endloop
  endfacet
  facet normal -8.819213e-01 0.000000e+00 -4.713967e-01
    outer loop
      vertex   -3.208706e+01 0.000000e+00 1.111140e+00
      vertex   -3.208706e+01 3.000000e+00 1.111140e+00
      vertex   -3.190224e+01 0.000000e+00 7.653669e-01
    endloop
  endfacet
  facet normal -8.819213e-01 0.000000e+00 -4.713967e-01
    outer loop
      vertex   -3.190224e+01 0.000000e+00 7.653669e-01
      vertex   -3.208706e+01 3.000000e+00 1.111140e+00
      vertex   -3.190224e+01 3.000000e+00 7.653669e-01
    endloop
  endfacet
  facet normal -9.569403e-01 0.000000e+00 -2.902847e-01
    outer loop
      vertex   -3.190224e+01 0.000000e+00 7.653669e-01
      vertex   -3.190224e+01 3.000000e+00 7.653669e-01
      vertex   -3.178843e+01 0.000000e+00 3.901806e-01
    endloop
  endfacet
  facet normal -9.569403e-01 0.000000e+00 -2.902847e-01
    outer loop
      vertex   -3.178843e+01 0.000000e+00 3.901806e-01
      vertex   -3.190224e+01 3.000000e+00 7.653669e-01
      vertex   -3.178843e+01 3.000000e+00 3.901806e-01
    endloop
  endfacet
  facet normal -9.951847e-01 0.000000e+00 -9.801714e-02
    outer loop
      vertex   -3.178843e+01 0.000000e+00 3.901806e-01
      vertex   -3.178843e+01 3.000000e+00 3.901806e-01
      vertex   -3.175000e+01 0.000000e+00 0.000000e+00
    endloop
  endfacet
  facet normal -9.951847e-01 0.000000e+00 -9.801714e-02
    outer loop
      vertex   -3.175000e+01 0.000000e+00 0.000000e+00
      vertex   -3.178843e+01 3.000000e+00 3.901806e-01
      vertex   -3.175000e+01 3.000000e+00 0.000000e+00
    endloop
  endfacet
  facet normal -9.951847e-01 0.000000e+00 9.801714e-02
    outer loop
      vertex   -3.175000e+01 0.000000e+00 0.000000e+00
      vertex   -3.175000e+01 3.000000e+00 0.000000e+00
      vertex   -3.178843e+01 0.000000e+00 -3.901806e-01
    endloop
  endfacet
  facet normal -9.951847e-01 0.000000e+00 9.801714e-02
    outer loop
      vertex   -3.178843e+01 0.000000e+00 -3.901806e-01
      vertex   -3.175000e+01 3.000000e+00 0.000000e+00
      vertex   -3.178843e+01 3.000000e+00 -3.901806e-01
    endloop
  endfacet
  facet normal -9.569403e-01 0.000000e+00 2.902847e-01
    outer loop
      vertex   -3.178843e+01 0.000000e+00 -3.901806e-01
      vertex   -3.178843e+01 3.000000e+00 -3.901806e-01
      vertex   -3.190224e+01 0.000000e+00 -7.653669e-01
    endloop
  endfacet
  facet normal -9.569403e-01 0.000000e+00 2.902847e-01
    outer loop
      vertex   -3.190224e+01 0.000000e+00 -7.653669e-01
      vertex   -3.178843e+01 3.000000e+00 -3.901806e-01
      vertex   -3.190224e+01 3.000000e+00 -7.653669e-01
    endloop
  endfacet
  facet normal -8.819213e-01 0.000000e+00 4.713967e-01
    outer loop
      vertex   -3.190224e+01 0.000000e+00 -7.653669e-01
      vertex   -3.190224e+01 3.000000e+00 -7.653669e-01
      vertex   -3.208706e+01 0.000000e+00 -1.111140e+00
    endloop
  endfacet
  facet normal -8.819213e-01 0.000000e+00 4.713967e-01
    outer loop
      vertex   -3.208706e+01 0.000000e+00 -1.111140e+00
      vertex   -3.190224e+01 3.000000e+00 -7.653669e-01
      vertex   -3.208706e+01 3.000000e+00 -1.111140e+00
    endloop
  endfacet
  facet normal -7.730105e-01 0.000000e+00 6.343933e-01
    outer loop
      vertex   -3.208706e+01 0.000000e+00 -1.111140e+00
      vertex   -3.208706e+01 3.000000e+00 -1.111140e+00
      vertex   -3.233579e+01 0.000000e+00 -1.414214e+00
    endloop
  endfacet
  facet normal -7.730105e-01 0.000000e+00 6.343933e-01
    outer loop
      vertex   -3.233579e+01 0.000000e+00 -1.414214e+00
      vertex   -3.208706e+01 3.000000e+00 -1.111140e+00
      vertex   -3.233579e+01 3.000000e+00 -1.414214e+00
    endloop
  endfacet
  facet normal -6.343933e-01 0.000000e+00 7.730105e-01
    outer loop
      vertex   -3.233579e+01 0.000000e+00 -1.414214e+00
      vertex   -3.233579e+01 3.000000e+00 -1.414214e+00
      vertex   -3.263886e+01 0.000000e+00 -1.662939e+00
    endloop
  endfacet
  facet normal -6.343933e-01 0.000000e+00 7.730105e-01
    outer loop
      vertex   -3.263886e+01 0.000000e+00 -1.662939e+00
      vertex   -3.233579e+01 3.000000e+00 -1.414214e+00
      vertex   -3.263886e+01 3.000000e+00 -1.662939e+00
    endloop
  endfacet
  facet normal -4.713967e-01 0.000000e+00 8.819213e-01
    outer loop
      vertex   -3.263886e+01 0.000000e+00 -1.662939e+00
      vertex   -3.263886e+01 3.000000e+00 -1.662939e+00
      vertex   -3.298463e+01 0.000000e+00 -1.847759e+00
    endloop
  endfacet
  facet normal -4.713967e-01 0.000000e+00 8.819213e-01
    outer loop
      vertex   -3.298463e+01 0.000000e+00 -1.847759e+00
      vertex   -3.263886e+01 3.000000e+00 -1.662939e+00
      vertex   -3.298463e+01 3.000000e+00 -1.847759e+00
    endloop
  endfacet
  facet normal -2.902847e-01 0.000000e+00 9.569403e-01
    outer loop
      vertex   -3.298463e+01 0.000000e+00 -1.847759e+00
      vertex   -3.298463e+01 3.000000e+00 -1.847759e+00
      vertex   -3.335982e+01 0.000000e+00 -1.961571e+00
    endloop
  endfacet
  facet normal -2.902847e-01 0.000000e+00 9.569403e-01
    outer loop
      vertex   -3.335982e+01 0.000000e+00 -1.961571e+00
      vertex   -3.298463e+01 3.000000e+00 -1.847759e+00
      vertex   -3.335982e+01 3.000000e+00 -1.961571e+00
    endloop
  endfacet
  facet normal -9.801714e-02 0.000000e+00 9.951847e-01
    outer loop
      vertex   -3.335982e+01 0.000000e+00 -1.961571e+00
      vertex   -3.335982e+01 3.000000e+00 -1.961571e+00
      vertex   -3.375000e+01 0.000000e+00 -2.000000e+00
    endloop
  endfacet
  facet normal -9.801714e-02 0.000000e+00 9.951847e-01
    outer loop
      vertex   -3.375000e+01 0.000000e+00 -2.000000e+00
      vertex   -3.335982e+01 3.000000e+00 -1.961571e+00
      vertex   -3.375000e+01 3.000000e+00 -2.000000e+00
    endloop
  endfacet
  facet normal 9.801714e-02 -0.000000e+00 9.951847e-01
    outer loop
      vertex   -3.375000e+01 0.000000e+00 -2.000000e+00
      vertex   -3.375000e+01 3.000000e+00 -2.000000e+00
      vertex   -3.414018e+01 0.000000e+00 -1.961571e+00
    endloop
  endfacet
  facet normal 9.801714e-02 -0.000000e+00 9.951847e-01
    outer loop
      vertex   -3.414018e+01 0.000000e+00 -1.961571e+00
      vertex   -3.375000e+01 3.000000e+00 -2.000000e+00
      vertex   -3.414018e+01 3.000000e+00 -1.961571e+00
    endloop
  endfacet
  facet normal 2.902847e-01 -0.000000e+00 9.569403e-01
    outer loop
      vertex   -3.414018e+01 0.000000e+00 -1.961571e+00
      vertex   -3.414018e+01 3.000000e+00 -1.961571e+00
      vertex   -3.451537e+01 0.000000e+00 -1.847759e+00
    endloop
  endfacet
  facet normal 2.902847e-01 -0.000000e+00 9.569403e-01
    outer loop
      vertex   -3.451537e+01 0.000000e+00 -1.847759e+00
      vertex   -3.414018e+01 3.000000e+00 -1.961571e+00
      vertex   -3.451537e+01 3.000000e+00 -1.847759e+00
    endloop
  endfacet
  facet normal 4.713967e-01 -0.000000e+00 8.819213e-01
    outer loop
      vertex   -3.451537e+01 0.000000e+00 -1.847759e+00
      vertex   -3.451537e+01 3.000000e+00 -1.847759e+00
      vertex   -3.486114e+01 0.000000e+00 -1.662939e+00
    endloop
  endfacet
  facet normal 4.713967e-01 -0.000000e+00 8.819213e-01
    outer loop
      vertex   -3.486114e+01 0.000000e+00 -1.662939e+00
      vertex   -3.451537e+01 3.000000e+00 -1.847759e+00
      vertex   -3.486114e+01 3.000000e+00 -1.662939e+00
    endloop
  endfacet
  facet normal 6.343933e-01 -0.000000e+00 7.730105e-01
    outer loop
      vertex   -3.486114e+01 0.000000e+00 -1.662939e+00
      vertex   -3.486114e+01 3.000000e+00 -1.662939e+00
      vertex   -3.516421e+01 0.000000e+00 -1.414214e+00
    endloop
  endfacet
  facet normal 6.343933e-01 -0.000000e+00 7.730105e-01
    outer loop
      vertex   -3.516421e+01 0.000000e+00 -1.414214e+00
      vertex   -3.486114e+01 3.000000e+00 -1.662939e+00
      vertex   -3.516421e+01 3.000000e+00 -1.414214e+00
    endloop
  endfacet
  facet normal 7.730105e-01 -0.000000e+00 6.343933e-01
    outer loop
      vertex   -3.516421e+01 0.000000e+00 -1.414214e+00
      vertex   -3.516421e+01 3.000000e+00 -1.414214e+00
      vertex   -3.541294e+01 0.000000e+00 -1.111140e+00
    endloop
  endfacet
  facet normal 7.730105e-01 -0.000000e+00 6.343933e-01
    outer loop
      vertex   -3.541294e+01 0.000000e+00 -1.111140e+00
      vertex   -3.516421e+01 3.000000e+00 -1.414214e+00
      vertex   -3.541294e+01 3.000000e+00 -1.111140e+00
    endloop
  endfacet
  facet normal 8.819213e-01 -0.000000e+00 4.713967e-01
    outer loop
      vertex   -3.541294e+01 0.000000e+00 -1.111140e+00
      vertex   -3.541294e+01 3.000000e+00 -1.111140e+00
      vertex   -3.559776e+01 0.000000e+00 -7.653669e-01
    endloop
  endfacet
  facet normal 8.819213e-01 -0.000000e+00 4.713967e-01
    outer loop
      vertex   -3.559776e+01 0.000000e+00 -7.653669e-01
      vertex   -3.541294e+01 3.000000e+00 -1.111140e+00
      vertex   -3.559776e+01 3.000000e+00 -7.653669e-01
    endloop
  endfacet
  facet normal 9.569403e-01 -0.000000e+00 2.902847e-01
    outer loop
      vertex   -3.559776e+01 0.000000e+00 -7.653669e-01
      vertex   -3.559776e+01 3.000000e+00 -7.653669e-01
      vertex   -3.571157e+01 0.000000e+00 -3.901806e-01
    endloop
  endfacet
  facet normal 9.569403e-01 -0.000000e+00 2.902847e-01
    outer loop
      vertex   -3.571157e+01 0.000000e+00 -3.901806e-01
      vertex   -3.559776e+01 3.000000e+00 -7.653669e-01
      vertex   -3.571157e+01 3.000000e+00 -3.901806e-01
    endloop
  endfacet
  facet normal 1.974183e-02 0.000000e+00 9.998051e-01
    outer loop
      vertex   -1.375000e+01 3.000000e+00 3.250000e+00
      vertex   -1.375000e+01 0.000000e+00 3.250000e+00
      vertex   -1.362170e+01 3.000000e+00 3.247467e+00
    endloop
  endfacet
  facet normal 1.974183e-02 0.000000e+00 9.998051e-01
    outer loop
      vertex   -1.362170e+01 3.000000e+00 3.247467e+00
      vertex   -1.375000e+01 0.000000e+00 3.250000e+00
      vertex   -1.362170e+01 0.000000e+00 3.247467e+00
    endloop
  endfacet
  facet normal 5.919471e-02 0.000000e+00 9.982465e-01
    outer loop
      vertex   -1.362170e+01 3.000000e+00 3.247467e+00
      vertex   -1.362170e+01 0.000000e+00 3.247467e+00
      vertex   -1.349361e+01 3.000000e+00 3.239871e+00
    endloop
  endfacet
  facet normal 5.919471e-02 0.000000e+00 9.982465e-01
    outer loop
      vertex   -1.349361e+01 3.000000e+00 3.239871e+00
      vertex   -1.362170e+01 0.000000e+00 3.247467e+00
      vertex   -1.349361e+01 0.000000e+00 3.239871e+00
    endloop
  endfacet
  facet normal 9.855531e-02 0.000000e+00 9.951316e-01
    outer loop
      vertex   -1.349361e+01 3.000000e+00 3.239871e+00
      vertex   -1.349361e+01 0.000000e+00 3.239871e+00
      vertex   -1.336591e+01 3.000000e+00 3.227224e+00
    endloop
  endfacet
  facet normal 9.855531e-02 0.000000e+00 9.951316e-01
    outer loop
      vertex   -1.336591e+01 3.000000e+00 3.227224e+00
      vertex   -1.349361e+01 0.000000e+00 3.239871e+00
      vertex   -1.336591e+01 0.000000e+00 3.227224e+00
    endloop
  endfacet
  facet normal 0.000000e+00 0.000000e+00 1.000000e+00
    outer loop
      vertex   -3.375000e+01 0.000000e+00 3.250000e+00
      vertex   -1.375000e+01 0.000000e+00 3.250000e+00
      vertex   -3.375000e+01 3.000000e+00 3.250000e+00
    endloop
  endfacet
  facet normal -0.000000e+00 0.000000e+00 1.000000e+00
    outer loop
      vertex   -3.375000e+01 3.000000e+00 3.250000e+00
      vertex   -1.375000e+01 0.000000e+00 3.250000e+00
      vertex   -1.375000e+01 3.000000e+00 3.250000e+00
    endloop
  endfacet
  facet normal -7.473009e-02 -0.000000e+00 -9.972038e-01
    outer loop
      vertex   -3.375000e+01 3.000000e+00 -3.250000e+00
      vertex   -3.375000e+01 0.000000e+00 -3.250000e+00
      vertex   -3.423439e+01 3.000000e+00 -3.213700e+00
    endloop
  endfacet
  facet normal -7.473009e-02 -0.000000e+00 -9.972038e-01
    outer loop
      vertex   -3.423439e+01 3.000000e+00 -3.213700e+00
      vertex   -3.375000e+01 0.000000e+00 -3.250000e+00
      vertex   -3.423439e+01 0.000000e+00 -3.213700e+00
    endloop
  endfacet
  facet normal -2.225209e-01 -0.000000e+00 -9.749279e-01
    outer loop
      vertex   -3.423439e+01 3.000000e+00 -3.213700e+00
      vertex   -3.423439e+01 0.000000e+00 -3.213700e+00
      vertex   -3.470795e+01 3.000000e+00 -3.105612e+00
    endloop
  endfacet
  facet normal -2.225209e-01 -0.000000e+00 -9.749279e-01
    outer loop
      vertex   -3.470795e+01 3.000000e+00 -3.105612e+00
      vertex   -3.423439e+01 0.000000e+00 -3.213700e+00
      vertex   -3.470795e+01 0.000000e+00 -3.105612e+00
    endloop
  endfacet
  facet normal -3.653410e-01 -0.000000e+00 -9.308737e-01
    outer loop
      vertex   -3.470795e+01 3.000000e+00 -3.105612e+00
      vertex   -3.470795e+01 0.000000e+00 -3.105612e+00
      vertex   -3.516012e+01 3.000000e+00 -2.928149e+00
    endloop
  endfacet
  facet normal -3.653410e-01 -0.000000e+00 -9.308737e-01
    outer loop
      vertex   -3.516012e+01 3.000000e+00 -2.928149e+00
      vertex   -3.470795e+01 0.000000e+00 -3.105612e+00
      vertex   -3.516012e+01 0.000000e+00 -2.928149e+00
    endloop
  endfacet
  facet normal -5.000000e-01 -0.000000e+00 -8.660254e-01
    outer loop
      vertex   -3.516012e+01 3.000000e+00 -2.928149e+00
      vertex   -3.516012e+01 0.000000e+00 -2.928149e+00
      vertex   -3.558079e+01 3.000000e+00 -2.685276e+00
    endloop
  endfacet
  facet normal -5.000000e-01 -0.000000e+00 -8.660254e-01
    outer loop
      vertex   -3.558079e+01 3.000000e+00 -2.685276e+00
      vertex   -3.516012e+01 0.000000e+00 -2.928149e+00
      vertex   -3.558079e+01 0.000000e+00 -2.685276e+00
    endloop
  endfacet
  facet normal -6.234898e-01 -0.000000e+00 -7.818315e-01
    outer loop
      vertex   -3.558079e+01 3.000000e+00 -2.685276e+00
      vertex   -3.558079e+01 0.000000e+00 -2.685276e+00
      vertex   -3.596056e+01 3.000000e+00 -2.382419e+00
    endloop
  endfacet
  facet normal -6.234898e-01 -0.000000e+00 -7.818315e-01
    outer loop
      vertex   -3.596056e+01 3.000000e+00 -2.382419e+00
      vertex   -3.558079e+01 0.000000e+00 -2.685276e+00
      vertex   -3.596056e+01 0.000000e+00 -2.382419e+00
    endloop
  endfacet
  facet normal -7.330519e-01 -0.000000e+00 -6.801727e-01
    outer loop
      vertex   -3.596056e+01 3.000000e+00 -2.382419e+00
      vertex   -3.596056e+01 0.000000e+00 -2.382419e+00
      vertex   -3.629095e+01 3.000000e+00 -2.026342e+00
    endloop
  endfacet
  facet normal -7.330519e-01 -0.000000e+00 -6.801727e-01
    outer loop
      vertex   -3.629095e+01 3.000000e+00 -2.026342e+00
      vertex   -3.596056e+01 0.000000e+00 -2.382419e+00
      vertex   -3.629095e+01 0.000000e+00 -2.026342e+00
    endloop
  endfacet
  facet normal -8.262388e-01 -0.000000e+00 -5.633201e-01
    outer loop
      vertex   -3.629095e+01 3.000000e+00 -2.026342e+00
      vertex   -3.629095e+01 0.000000e+00 -2.026342e+00
      vertex   -3.656458e+01 3.000000e+00 -1.625000e+00
    endloop
  endfacet
  facet normal -8.262388e-01 -0.000000e+00 -5.633201e-01
    outer loop
      vertex   -3.656458e+01 3.000000e+00 -1.625000e+00
      vertex   -3.629095e+01 0.000000e+00 -2.026342e+00
      vertex   -3.656458e+01 0.000000e+00 -1.625000e+00
    endloop
  endfacet
  facet normal -9.009689e-01 -0.000000e+00 -4.338837e-01
    outer loop
      vertex   -3.656458e+01 3.000000e+00 -1.625000e+00
      vertex   -3.656458e+01 0.000000e+00 -1.625000e+00
      vertex   -3.677534e+01 3.000000e+00 -1.187358e+00
    endloop
  endfacet
  facet normal -9.009689e-01 -0.000000e+00 -4.338837e-01
    outer loop
      vertex   -3.677534e+01 3.000000e+00 -1.187358e+00
      vertex   -3.656458e+01 0.000000e+00 -1.625000e+00
      vertex   -3.677534e+01 0.000000e+00 -1.187358e+00
    endloop
  endfacet
  facet normal -9.555728e-01 -0.000000e+00 -2.947552e-01
    outer loop
      vertex   -3.677534e+01 3.000000e+00 -1.187358e+00
      vertex   -3.677534e+01 0.000000e+00 -1.187358e+00
      vertex   -3.691852e+01 3.000000e+00 -7.231930e-01
    endloop
  endfacet
  facet normal -9.555728e-01 -0.000000e+00 -2.947552e-01
    outer loop
      vertex   -3.691852e+01 3.000000e+00 -7.231930e-01
      vertex   -3.677534e+01 0.000000e+00 -1.187358e+00
      vertex   -3.691852e+01 0.000000e+00 -7.231930e-01
    endloop
  endfacet
  facet normal -9.888308e-01 -0.000000e+00 -1.490423e-01
    outer loop
      vertex   -3.691852e+01 3.000000e+00 -7.231930e-01
      vertex   -3.691852e+01 0.000000e+00 -7.231930e-01
      vertex   -3.699091e+01 3.000000e+00 -2.428728e-01
    endloop
  endfacet
  facet normal -9.888308e-01 -0.000000e+00 -1.490423e-01
    outer loop
      vertex   -3.699091e+01 3.000000e+00 -2.428728e-01
      vertex   -3.691852e+01 0.000000e+00 -7.231930e-01
      vertex   -3.699091e+01 0.000000e+00 -2.428728e-01
    endloop
  endfacet
  facet normal -1.000000e+00 0.000000e+00 0.000000e+00
    outer loop
      vertex   -3.699091e+01 3.000000e+00 -2.428728e-01
      vertex   -3.699091e+01 0.000000e+00 -2.428728e-01
      vertex   -3.699091e+01 3.000000e+00 2.428728e-01
    endloop
  endfacet
  facet normal -1.000000e+00 -0.000000e+00 0.000000e+00
    outer loop
      vertex   -3.699091e+01 3.000000e+00 2.428728e-01
      vertex   -3.699091e+01 0.000000e+00 -2.428728e-01
      vertex   -3.699091e+01 0.000000e+00 2.428728e-01
    endloop
  endfacet
  facet normal -9.888308e-01 0.000000e+00 1.490423e-01
    outer loop
      vertex   -3.699091e+01 3.000000e+00 2.428728e-01
      vertex   -3.699091e+01 0.000000e+00 2.428728e-01
      vertex   -3.691852e+01 3.000000e+00 7.231930e-01
    endloop
  endfacet
  facet normal -9.888308e-01 0.000000e+00 1.490423e-01
    outer loop
      vertex   -3.691852e+01 3.000000e+00 7.231930e-01
      vertex   -3.699091e+01 0.000000e+00 2.428728e-01
      vertex   -3.691852e+01 0.000000e+00 7.231930e-01
    endloop
  endfacet
  facet normal -9.555728e-01 0.000000e+00 2.947552e-01
    outer loop
      vertex   -3.691852e+01 3.000000e+00 7.231930e-01
      vertex   -3.691852e+01 0.000000e+00 7.231930e-01
      vertex   -3.677534e+01 3.000000e+00 1.187358e+00
    endloop
  endfacet
  facet normal -9.555728e-01 0.000000e+00 2.947552e-01
    outer loop
      vertex   -3.677534e+01 3.000000e+00 1.187358e+00
      vertex   -3.691852e+01 0.000000e+00 7.231930e-01
      vertex   -3.677534e+01 0.000000e+00 1.187358e+00
    endloop
  endfacet
  facet normal -9.009689e-01 0.000000e+00 4.338837e-01
    outer loop
      vertex   -3.677534e+01 3.000000e+00 1.187358e+00
      vertex   -3.677534e+01 0.000000e+00 1.187358e+00
      vertex   -3.656458e+01 3.000000e+00 1.625000e+00
    endloop
  endfacet
  facet normal -9.009689e-01 0.000000e+00 4.338837e-01
    outer loop
      vertex   -3.656458e+01 3.000000e+00 1.625000e+00
      vertex   -3.677534e+01 0.000000e+00 1.187358e+00
      vertex   -3.656458e+01 0.000000e+00 1.625000e+00
    endloop
  endfacet
  facet normal -8.262388e-01 0.000000e+00 5.633201e-01
    outer loop
      vertex   -3.656458e+01 3.000000e+00 1.625000e+00
      vertex   -3.656458e+01 0.000000e+00 1.625000e+00
      vertex   -3.629095e+01 3.000000e+00 2.026342e+00
    endloop
  endfacet
  facet normal -8.262388e-01 0.000000e+00 5.633201e-01
    outer loop
      vertex   -3.629095e+01 3.000000e+00 2.026342e+00
      vertex   -3.656458e+01 0.000000e+00 1.625000e+00
      vertex   -3.629095e+01 0.000000e+00 2.026342e+00
    endloop
  endfacet
  facet normal -7.330519e-01 0.000000e+00 6.801727e-01
    outer loop
      vertex   -3.629095e+01 3.000000e+00 2.026342e+00
      vertex   -3.629095e+01 0.000000e+00 2.026342e+00
      vertex   -3.596056e+01 3.000000e+00 2.382419e+00
    endloop
  endfacet
  facet normal -7.330519e-01 0.000000e+00 6.801727e-01
    outer loop
      vertex   -3.596056e+01 3.000000e+00 2.382419e+00
      vertex   -3.629095e+01 0.000000e+00 2.026342e+00
      vertex   -3.596056e+01 0.000000e+00 2.382419e+00
    endloop
  endfacet
  facet normal -6.234898e-01 0.000000e+00 7.818315e-01
    outer loop
      vertex   -3.596056e+01 3.000000e+00 2.382419e+00
      vertex   -3.596056e+01 0.000000e+00 2.382419e+00
      vertex   -3.558079e+01 3.000000e+00 2.685276e+00
    endloop
  endfacet
  facet normal -6.234898e-01 0.000000e+00 7.818315e-01
    outer loop
      vertex   -3.558079e+01 3.000000e+00 2.685276e+00
      vertex   -3.596056e+01 0.000000e+00 2.382419e+00
      vertex   -3.558079e+01 0.000000e+00 2.685276e+00
    endloop
  endfacet
  facet normal -5.000000e-01 0.000000e+00 8.660254e-01
    outer loop
      vertex   -3.558079e+01 3.000000e+00 2.685276e+00
      vertex   -3.558079e+01 0.000000e+00 2.685276e+00
      vertex   -3.516012e+01 3.000000e+00 2.928149e+00
    endloop
  endfacet
  facet normal -5.000000e-01 0.000000e+00 8.660254e-01
    outer loop
      vertex   -3.516012e+01 3.000000e+00 2.928149e+00
      vertex   -3.558079e+01 0.000000e+00 2.685276e+00
      vertex   -3.516012e+01 0.000000e+00 2.928149e+00
    endloop
  endfacet
  facet normal -3.653410e-01 0.000000e+00 9.308737e-01
    outer loop
      vertex   -3.516012e+01 3.000000e+00 2.928149e+00
      vertex   -3.516012e+01 0.000000e+00 2.928149e+00
      vertex   -3.470795e+01 3.000000e+00 3.105612e+00
    endloop
  endfacet
  facet normal -3.653410e-01 0.000000e+00 9.308737e-01
    outer loop
      vertex   -3.470795e+01 3.000000e+00 3.105612e+00
      vertex   -3.516012e+01 0.000000e+00 2.928149e+00
      vertex   -3.470795e+01 0.000000e+00 3.105612e+00
    endloop
  endfacet
  facet normal -2.225209e-01 0.000000e+00 9.749279e-01
    outer loop
      vertex   -3.470795e+01 3.000000e+00 3.105612e+00
      vertex   -3.470795e+01 0.000000e+00 3.105612e+00
      vertex   -3.423439e+01 3.000000e+00 3.213700e+00
    endloop
  endfacet
  facet normal -2.225209e-01 0.000000e+00 9.749279e-01
    outer loop
      vertex   -3.423439e+01 3.000000e+00 3.213700e+00
      vertex   -3.470795e+01 0.000000e+00 3.105612e+00
      vertex   -3.423439e+01 0.000000e+00 3.213700e+00
    endloop
  endfacet
  facet normal -7.473009e-02 0.000000e+00 9.972038e-01
    outer loop
      vertex   -3.423439e+01 3.000000e+00 3.213700e+00
      vertex   -3.423439e+01 0.000000e+00 3.213700e+00
      vertex   -3.375000e+01 3.000000e+00 3.250000e+00
    endloop
  endfacet
  facet normal -7.473009e-02 0.000000e+00 9.972038e-01
    outer loop
      vertex   -3.375000e+01 3.000000e+00 3.250000e+00
      vertex   -3.423439e+01 0.000000e+00 3.213700e+00
      vertex   -3.375000e+01 0.000000e+00 3.250000e+00
    endloop
  endfacet
  facet normal -5.329071e-16 0.000000e+00 -1.000000e+00
    outer loop
      vertex   -1.375000e+01 0.000000e+00 -3.250000e+00
      vertex   -3.375000e+01 0.000000e+00 -3.250000e+00
      vertex   -1.375000e+01 3.000000e+00 -3.250000e+00
    endloop
  endfacet
  facet normal -5.329071e-16 0.000000e+00 -1.000000e+00
    outer loop
      vertex   -1.375000e+01 3.000000e+00 -3.250000e+00
      vertex   -3.375000e+01 0.000000e+00 -3.250000e+00
      vertex   -3.375000e+01 3.000000e+00 -3.250000e+00
    endloop
  endfacet
  facet normal 9.855531e-02 0.000000e+00 -9.951316e-01
    outer loop
      vertex   -1.336591e+01 3.000000e+00 -3.227224e+00
      vertex   -1.336591e+01 0.000000e+00 -3.227224e+00
      vertex   -1.349361e+01 3.000000e+00 -3.239871e+00
    endloop
  endfacet
  facet normal 9.855531e-02 0.000000e+00 -9.951316e-01
    outer loop
      vertex   -1.349361e+01 3.000000e+00 -3.239871e+00
      vertex   -1.336591e+01 0.000000e+00 -3.227224e+00
      vertex   -1.349361e+01 0.000000e+00 -3.239871e+00
    endloop
  endfacet
  facet normal 5.919471e-02 0.000000e+00 -9.982465e-01
    outer loop
      vertex   -1.349361e+01 3.000000e+00 -3.239871e+00
      vertex   -1.349361e+01 0.000000e+00 -3.239871e+00
      vertex   -1.362170e+01 3.000000e+00 -3.247467e+00
    endloop
  endfacet
  facet normal 5.919471e-02 0.000000e+00 -9.982465e-01
    outer loop
      vertex   -1.362170e+01 3.000000e+00 -3.247467e+00
      vertex   -1.349361e+01 0.000000e+00 -3.239871e+00
      vertex   -1.362170e+01 0.000000e+00 -3.247467e+00
    endloop
  endfacet
  facet normal 1.974183e-02 0.000000e+00 -9.998051e-01
    outer loop
      vertex   -1.362170e+01 3.000000e+00 -3.247467e+00
      vertex   -1.362170e+01 0.000000e+00 -3.247467e+00
      vertex   -1.375000e+01 3.000000e+00 -3.250000e+00
    endloop
  endfacet
  facet normal 1.974183e-02 0.000000e+00 -9.998051e-01
    outer loop
      vertex   -1.375000e+01 3.000000e+00 -3.250000e+00
      vertex   -1.362170e+01 0.000000e+00 -3.247467e+00
      vertex   -1.375000e+01 0.000000e+00 -3.250000e+00
    endloop
  endfacet
  facet normal 0.000000e+00 -1.000000e+00 -0.000000e+00
    outer loop
      vertex   -1.500998e+01 0.000000e+00 5.541293e+00
      vertex   -1.506019e+01 0.000000e+00 5.403352e+00
      vertex   -1.298177e+01 0.000000e+00 6.128151e+00
    endloop
  endfacet
  facet normal 0.000000e+00 -1.000000e+00 0.000000e+00
    outer loop
      vertex   -1.298177e+01 0.000000e+00 6.128151e+00
      vertex   -1.506019e+01 0.000000e+00 5.403352e+00
      vertex   -1.511633e+01 0.000000e+00 5.152460e+00
    endloop
  endfacet
  facet normal 0.000000e+00 -1.000000e+00 0.000000e+00
    outer loop
      vertex   -1.298177e+01 0.000000e+00 6.128151e+00
      vertex   -1.511633e+01 0.000000e+00 5.152460e+00
      vertex   -1.510665e+01 0.000000e+00 4.895545e+00
    endloop
  endfacet
  facet normal 0.000000e+00 -1.000000e+00 0.000000e+00
    outer loop
      vertex   -1.510665e+01 0.000000e+00 4.895545e+00
      vertex   -1.503179e+01 0.000000e+00 4.649589e+00
      vertex   -1.298177e+01 0.000000e+00 6.128151e+00
    endloop
  endfacet
  facet normal 0.000000e+00 -1.000000e+00 0.000000e+00
    outer loop
      vertex   -1.298177e+01 0.000000e+00 6.128151e+00
      vertex   -1.503179e+01 0.000000e+00 4.649589e+00
      vertex   -1.489670e+01 0.000000e+00 4.430848e+00
    endloop
  endfacet
  facet normal 0.000000e+00 -1.000000e+00 0.000000e+00
    outer loop
      vertex   -1.298177e+01 0.000000e+00 6.128151e+00
      vertex   -1.489670e+01 0.000000e+00 4.430848e+00
      vertex   -1.471029e+01 0.000000e+00 4.253781e+00
    endloop
  endfacet
  facet normal 0.000000e+00 -1.000000e+00 -0.000000e+00
    outer loop
      vertex   -1.298177e+01 0.000000e+00 6.128151e+00
      vertex   -1.471029e+01 0.000000e+00 4.253781e+00
      vertex   -1.275571e+01 0.000000e+00 6.138573e+00
    endloop
  endfacet
  facet normal 0.000000e+00 -1.000000e+00 0.000000e+00
    outer loop
      vertex   -1.275571e+01 0.000000e+00 6.138573e+00
      vertex   -1.471029e+01 0.000000e+00 4.253781e+00
      vertex   -1.355960e+01 0.000000e+00 3.413365e+00
    endloop
  endfacet
  facet normal 0.000000e+00 -1.000000e+00 -0.000000e+00
    outer loop
      vertex   -1.275571e+01 0.000000e+00 6.138573e+00
      vertex   -1.355960e+01 0.000000e+00 3.413365e+00
      vertex   -1.253779e+01 0.000000e+00 6.199555e+00
    endloop
  endfacet
  facet normal 0.000000e+00 -1.000000e+00 0.000000e+00
    outer loop
      vertex   -1.253779e+01 0.000000e+00 6.199555e+00
      vertex   -1.355960e+01 0.000000e+00 3.413365e+00
      vertex   -1.348954e+01 0.000000e+00 3.357208e+00
    endloop
  endfacet
  facet normal 0.000000e+00 -1.000000e+00 0.000000e+00
    outer loop
      vertex   -1.253779e+01 0.000000e+00 6.199555e+00
      vertex   -1.348954e+01 0.000000e+00 3.357208e+00
      vertex   -1.342480e+01 0.000000e+00 3.294994e+00
    endloop
  endfacet
  facet normal 0.000000e+00 -1.000000e+00 0.000000e+00
    outer loop
      vertex   -1.342480e+01 0.000000e+00 3.294994e+00
      vertex   -1.336591e+01 0.000000e+00 3.227224e+00
      vertex   -1.253779e+01 0.000000e+00 6.199555e+00
    endloop
  endfacet
  facet normal 0.000000e+00 -1.000000e+00 -0.000000e+00
    outer loop
      vertex   -1.253779e+01 0.000000e+00 6.199555e+00
      vertex   -1.336591e+01 0.000000e+00 3.227224e+00
      vertex   -1.233915e+01 0.000000e+00 6.307975e+00
    endloop
  endfacet
  facet normal 0.000000e+00 -1.000000e+00 -0.000000e+00
    outer loop
      vertex   -1.233915e+01 0.000000e+00 6.307975e+00
      vertex   -1.336591e+01 0.000000e+00 3.227224e+00
      vertex   -2.078173e+00 0.000000e+00 2.163607e+00
    endloop
  endfacet
  facet normal 0.000000e+00 -1.000000e+00 0.000000e+00
    outer loop
      vertex   -1.233915e+01 0.000000e+00 6.307975e+00
      vertex   -2.078173e+00 0.000000e+00 2.163607e+00
      vertex   -1.216998e+01 0.000000e+00 6.458281e+00
    endloop
  endfacet
  facet normal 0.000000e+00 -1.000000e+00 0.000000e+00
    outer loop
      vertex   -1.216998e+01 0.000000e+00 6.458281e+00
      vertex   -2.078173e+00 0.000000e+00 2.163607e+00
      vertex   -1.704194e+00 0.000000e+00 2.468952e+00
    endloop
  endfacet
  facet normal 0.000000e+00 -1.000000e+00 0.000000e+00
    outer loop
      vertex   -1.216998e+01 0.000000e+00 6.458281e+00
      vertex   -1.704194e+00 0.000000e+00 2.468952e+00
      vertex   -1.203894e+01 0.000000e+00 6.642775e+00
    endloop
  endfacet
  facet normal 0.000000e+00 -1.000000e+00 0.000000e+00
    outer loop
      vertex   -1.203894e+01 0.000000e+00 6.642775e+00
      vertex   -1.704194e+00 0.000000e+00 2.468952e+00
      vertex   -1.286078e+00 0.000000e+00 2.710351e+00
    endloop
  endfacet
  facet normal 0.000000e+00 -1.000000e+00 0.000000e+00
    outer loop
      vertex   -1.203894e+01 0.000000e+00 6.642775e+00
      vertex   -1.286078e+00 0.000000e+00 2.710351e+00
      vertex   -1.203586e+01 0.000000e+00 6.648348e+00
    endloop
  endfacet
  facet normal 0.000000e+00 -1.000000e+00 0.000000e+00
    outer loop
      vertex   -1.203586e+01 0.000000e+00 6.648348e+00
      vertex   -1.286078e+00 0.000000e+00 2.710351e+00
      vertex   -1.203278e+01 0.000000e+00 6.653921e+00
    endloop
  endfacet
  facet normal 0.000000e+00 -1.000000e+00 0.000000e+00
    outer loop
      vertex   -1.203278e+01 0.000000e+00 6.653921e+00
      vertex   -1.286078e+00 0.000000e+00 2.710351e+00
      vertex   -1.202970e+01 0.000000e+00 6.659491e+00
    endloop
  endfacet
  facet normal 0.000000e+00 -1.000000e+00 0.000000e+00
    outer loop
      vertex   -1.202970e+01 0.000000e+00 6.659491e+00
      vertex   -1.286078e+00 0.000000e+00 2.710351e+00
      vertex   -1.194320e+01 0.000000e+00 6.868606e+00
    endloop
  endfacet
  facet normal 0.000000e+00 -1.000000e+00 0.000000e+00
    outer loop
      vertex   -1.194320e+01 0.000000e+00 6.868606e+00
      vertex   -1.286078e+00 0.000000e+00 2.710351e+00
      vertex   -8.346524e-01 0.000000e+00 2.881554e+00
    endloop
  endfacet
  facet normal 0.000000e+00 -1.000000e+00 0.000000e+00
    outer loop
      vertex   -1.194320e+01 0.000000e+00 6.868606e+00
      vertex   -8.346524e-01 0.000000e+00 2.881554e+00
      vertex   -1.190594e+01 0.000000e+00 7.091814e+00
    endloop
  endfacet
  facet normal 0.000000e+00 -1.000000e+00 0.000000e+00
    outer loop
      vertex   -1.190594e+01 0.000000e+00 7.091814e+00
      vertex   -8.346524e-01 0.000000e+00 2.881554e+00
      vertex   -9.603284e+00 0.000000e+00 9.879008e+00
    endloop
  endfacet
  facet normal 0.000000e+00 -1.000000e+00 0.000000e+00
    outer loop
      vertex   -1.190594e+01 0.000000e+00 7.091814e+00
      vertex   -9.603284e+00 0.000000e+00 9.879008e+00
      vertex   -9.810394e+00 0.000000e+00 9.787819e+00
    endloop
  endfacet
  facet normal -0.000000e+00 -1.000000e+00 -0.000000e+00
    outer loop
      vertex   -1.349361e+01 0.000000e+00 3.239871e+00
      vertex   -1.375000e+01 0.000000e+00 3.250000e+00
      vertex   -1.336591e+01 0.000000e+00 3.227224e+00
    endloop
  endfacet
  facet normal -0.000000e+00 -1.000000e+00 0.000000e+00
    outer loop
      vertex   -1.336591e+01 0.000000e+00 3.227224e+00
      vertex   -1.375000e+01 0.000000e+00 3.250000e+00
      vertex   -1.375000e+01 0.000000e+00 -3.250000e+00
    endloop
  endfacet
  facet normal 0.000000e+00 -1.000000e+00 -0.000000e+00
    outer loop
      vertex   -1.336591e+01 0.000000e+00 3.227224e+00
      vertex   -1.375000e+01 0.000000e+00 -3.250000e+00
      vertex   -1.336591e+01 0.000000e+00 -3.227224e+00
    endloop
  endfacet
  facet normal 0.000000e+00 -1.000000e+00 0.000000e+00
    outer loop
      vertex   -1.336591e+01 0.000000e+00 -3.227224e+00
      vertex   -1.375000e+01 0.000000e+00 -3.250000e+00
      vertex   -1.349361e+01 0.000000e+00 -3.239871e+00
    endloop
  endfacet
  facet normal 0.000000e+00 -1.000000e+00 0.000000e+00
    outer loop
      vertex   -1.349361e+01 0.000000e+00 -3.239871e+00
      vertex   -1.375000e+01 0.000000e+00 -3.250000e+00
      vertex   -1.362170e+01 0.000000e+00 -3.247467e+00
    endloop
  endfacet
  facet normal 0.000000e+00 -1.000000e+00 0.000000e+00
    outer loop
      vertex   -1.349361e+01 0.000000e+00 3.239871e+00
      vertex   -1.362170e+01 0.000000e+00 3.247467e+00
      vertex   -1.375000e+01 0.000000e+00 3.250000e+00
    endloop
  endfacet
  facet normal 0.000000e+00 -1.000000e+00 0.000000e+00
    outer loop
      vertex   -3.375000e+01 0.000000e+00 3.250000e+00
      vertex   -3.233579e+01 0.000000e+00 1.414214e+00
      vertex   -1.375000e+01 0.000000e+00 3.250000e+00
    endloop
  endfacet
  facet normal 0.000000e+00 -1.000000e+00 0.000000e+00
    outer loop
      vertex   -1.375000e+01 0.000000e+00 3.250000e+00
      vertex   -3.233579e+01 0.000000e+00 1.414214e+00
      vertex   -3.208706e+01 0.000000e+00 1.111140e+00
    endloop
  endfacet
  facet normal 0.000000e+00 -1.000000e+00 0.000000e+00
    outer loop
      vertex   -1.375000e+01 0.000000e+00 3.250000e+00
      vertex   -3.208706e+01 0.000000e+00 1.111140e+00
      vertex   -3.190224e+01 0.000000e+00 7.653669e-01
    endloop
  endfacet
  facet normal 0.000000e+00 -1.000000e+00 0.000000e+00
    outer loop
      vertex   -3.423439e+01 0.000000e+00 3.213700e+00
      vertex   -3.375000e+01 0.000000e+00 2.000000e+00
      vertex   -3.375000e+01 0.000000e+00 3.250000e+00
    endloop
  endfacet
  facet normal 0.000000e+00 -1.000000e+00 0.000000e+00
    outer loop
      vertex   -3.375000e+01 0.000000e+00 3.250000e+00
      vertex   -3.375000e+01 0.000000e+00 2.000000e+00
      vertex   -3.335982e+01 0.000000e+00 1.961571e+00
    endloop
  endfacet
  facet normal 0.000000e+00 -1.000000e+00 0.000000e+00
    outer loop
      vertex   -3.375000e+01 0.000000e+00 3.250000e+00
      vertex   -3.335982e+01 0.000000e+00 1.961571e+00
      vertex   -3.298463e+01 0.000000e+00 1.847759e+00
    endloop
  endfacet
  facet normal -0.000000e+00 -1.000000e+00 0.000000e+00
    outer loop
      vertex   -3.375000e+01 0.000000e+00 2.000000e+00
      vertex   -3.423439e+01 0.000000e+00 3.213700e+00
      vertex   -3.414018e+01 0.000000e+00 1.961571e+00
    endloop
  endfacet
  facet normal 0.000000e+00 -1.000000e+00 0.000000e+00
    outer loop
      vertex   -3.414018e+01 0.000000e+00 1.961571e+00
      vertex   -3.423439e+01 0.000000e+00 3.213700e+00
      vertex   -3.470795e+01 0.000000e+00 3.105612e+00
    endloop
  endfacet
  facet normal 0.000000e+00 -1.000000e+00 0.000000e+00
    outer loop
      vertex   -3.414018e+01 0.000000e+00 1.961571e+00
      vertex   -3.470795e+01 0.000000e+00 3.105612e+00
      vertex   -3.516012e+01 0.000000e+00 2.928149e+00
    endloop
  endfacet
  facet normal -0.000000e+00 -1.000000e+00 0.000000e+00
    outer loop
      vertex   -3.414018e+01 0.000000e+00 1.961571e+00
      vertex   -3.516012e+01 0.000000e+00 2.928149e+00
      vertex   -3.451537e+01 0.000000e+00 1.847759e+00
    endloop
  endfacet
  facet normal 0.000000e+00 -1.000000e+00 0.000000e+00
    outer loop
      vertex   -3.451537e+01 0.000000e+00 1.847759e+00
      vertex   -3.516012e+01 0.000000e+00 2.928149e+00
      vertex   -3.558079e+01 0.000000e+00 2.685276e+00
    endloop
  endfacet
  facet normal 0.000000e+00 -1.000000e+00 0.000000e+00
    outer loop
      vertex   -3.451537e+01 0.000000e+00 1.847759e+00
      vertex   -3.558079e+01 0.000000e+00 2.685276e+00
      vertex   -3.596056e+01 0.000000e+00 2.382419e+00
    endloop
  endfacet
  facet normal -0.000000e+00 -1.000000e+00 0.000000e+00
    outer loop
      vertex   -3.451537e+01 0.000000e+00 1.847759e+00
      vertex   -3.596056e+01 0.000000e+00 2.382419e+00
      vertex   -3.486114e+01 0.000000e+00 1.662939e+00
    endloop
  endfacet
  facet normal 0.000000e+00 -1.000000e+00 0.000000e+00
    outer loop
      vertex   -3.486114e+01 0.000000e+00 1.662939e+00
      vertex   -3.596056e+01 0.000000e+00 2.382419e+00
      vertex   -3.629095e+01 0.000000e+00 2.026342e+00
    endloop
  endfacet
  facet normal -0.000000e+00 -1.000000e+00 0.000000e+00
    outer loop
      vertex   -3.486114e+01 0.000000e+00 1.662939e+00
      vertex   -3.629095e+01 0.000000e+00 2.026342e+00
      vertex   -3.516421e+01 0.000000e+00 1.414214e+00
    endloop
  endfacet
  facet normal 0.000000e+00 -1.000000e+00 0.000000e+00
    outer loop
      vertex   -3.516421e+01 0.000000e+00 1.414214e+00
      vertex   -3.629095e+01 0.000000e+00 2.026342e+00
      vertex   -3.656458e+01 0.000000e+00 1.625000e+00
    endloop
  endfacet
  facet normal -0.000000e+00 -1.000000e+00 0.000000e+00
    outer loop
      vertex   -3.516421e+01 0.000000e+00 1.414214e+00
      vertex   -3.656458e+01 0.000000e+00 1.625000e+00
      vertex   -3.541294e+01 0.000000e+00 1.111140e+00
    endloop
  endfacet
  facet normal 0.000000e+00 -1.000000e+00 0.000000e+00
    outer loop
      vertex   -3.541294e+01 0.000000e+00 1.111140e+00
      vertex   -3.656458e+01 0.000000e+00 1.625000e+00
      vertex   -3.677534e+01 0.000000e+00 1.187358e+00
    endloop
  endfacet
  facet normal -0.000000e+00 -1.000000e+00 0.000000e+00
    outer loop
      vertex   -3.541294e+01 0.000000e+00 1.111140e+00
      vertex   -3.677534e+01 0.000000e+00 1.187358e+00
      vertex   -3.559776e+01 0.000000e+00 7.653669e-01
    endloop
  endfacet
  facet normal -0.000000e+00 -1.000000e+00 0.000000e+00
    outer loop
      vertex   -3.559776e+01 0.000000e+00 7.653669e-01
      vertex   -3.677534e+01 0.000000e+00 1.187358e+00
      vertex   -3.691852e+01 0.000000e+00 7.231930e-01
    endloop
  endfacet
  facet normal 0.000000e+00 -1.000000e+00 0.000000e+00
    outer loop
      vertex   -3.559776e+01 0.000000e+00 7.653669e-01
      vertex   -3.691852e+01 0.000000e+00 7.231930e-01
      vertex   -3.571157e+01 0.000000e+00 3.901806e-01
    endloop
  endfacet
  facet normal -0.000000e+00 -1.000000e+00 0.000000e+00
    outer loop
      vertex   -3.571157e+01 0.000000e+00 3.901806e-01
      vertex   -3.691852e+01 0.000000e+00 7.231930e-01
      vertex   -3.699091e+01 0.000000e+00 2.428728e-01
    endloop
  endfacet
  facet normal 0.000000e+00 -1.000000e+00 0.000000e+00
    outer loop
      vertex   -3.571157e+01 0.000000e+00 3.901806e-01
      vertex   -3.699091e+01 0.000000e+00 2.428728e-01
      vertex   -3.575000e+01 0.000000e+00 2.449294e-16
    endloop
  endfacet
  facet normal -0.000000e+00 -1.000000e+00 0.000000e+00
    outer loop
      vertex   -3.575000e+01 0.000000e+00 2.449294e-16
      vertex   -3.699091e+01 0.000000e+00 2.428728e-01
      vertex   -3.699091e+01 0.000000e+00 -2.428728e-01
    endloop
  endfacet
  facet normal 0.000000e+00 -1.000000e+00 0.000000e+00
    outer loop
      vertex   -3.575000e+01 0.000000e+00 2.449294e-16
      vertex   -3.699091e+01 0.000000e+00 -2.428728e-01
      vertex   -3.691852e+01 0.000000e+00 -7.231930e-01
    endloop
  endfacet
  facet normal 0.000000e+00 -1.000000e+00 0.000000e+00
    outer loop
      vertex   -3.691852e+01 0.000000e+00 -7.231930e-01
      vertex   -3.677534e+01 0.000000e+00 -1.187358e+00
      vertex   -3.575000e+01 0.000000e+00 2.449294e-16
    endloop
  endfacet
  facet normal 0.000000e+00 -1.000000e+00 0.000000e+00
    outer loop
      vertex   -3.575000e+01 0.000000e+00 2.449294e-16
      vertex   -3.677534e+01 0.000000e+00 -1.187358e+00
      vertex   -3.656458e+01 0.000000e+00 -1.625000e+00
    endloop
  endfacet
  facet normal 0.000000e+00 -1.000000e+00 0.000000e+00
    outer loop
      vertex   -3.575000e+01 0.000000e+00 2.449294e-16
      vertex   -3.656458e+01 0.000000e+00 -1.625000e+00
      vertex   -3.629095e+01 0.000000e+00 -2.026342e+00
    endloop
  endfacet
  facet normal 0.000000e+00 -1.000000e+00 0.000000e+00
    outer loop
      vertex   -3.629095e+01 0.000000e+00 -2.026342e+00
      vertex   -3.596056e+01 0.000000e+00 -2.382419e+00
      vertex   -3.575000e+01 0.000000e+00 2.449294e-16
    endloop
  endfacet
  facet normal 0.000000e+00 -1.000000e+00 -0.000000e+00
    outer loop
      vertex   -3.575000e+01 0.000000e+00 2.449294e-16
      vertex   -3.596056e+01 0.000000e+00 -2.382419e+00
      vertex   -3.571157e+01 0.000000e+00 -3.901806e-01
    endloop
  endfacet
  facet normal 0.000000e+00 -1.000000e+00 -0.000000e+00
    outer loop
      vertex   -3.571157e+01 0.000000e+00 -3.901806e-01
      vertex   -3.596056e+01 0.000000e+00 -2.382419e+00
      vertex   -3.559776e+01 0.000000e+00 -7.653669e-01
    endloop
  endfacet
  facet normal 0.000000e+00 -1.000000e+00 -0.000000e+00
    outer loop
      vertex   -3.559776e+01 0.000000e+00 -7.653669e-01
      vertex   -3.596056e+01 0.000000e+00 -2.382419e+00
      vertex   -3.541294e+01 0.000000e+00 -1.111140e+00
    endloop
  endfacet
  facet normal 0.000000e+00 -1.000000e+00 -0.000000e+00
    outer loop
      vertex   -3.541294e+01 0.000000e+00 -1.111140e+00
      vertex   -3.596056e+01 0.000000e+00 -2.382419e+00
      vertex   -3.516421e+01 0.000000e+00 -1.414214e+00
    endloop
  endfacet
  facet normal 0.000000e+00 -1.000000e+00 -0.000000e+00
    outer loop
      vertex   -3.516421e+01 0.000000e+00 -1.414214e+00
      vertex   -3.596056e+01 0.000000e+00 -2.382419e+00
      vertex   -3.486114e+01 0.000000e+00 -1.662939e+00
    endloop
  endfacet
  facet normal 0.000000e+00 -1.000000e+00 -0.000000e+00
    outer loop
      vertex   -3.486114e+01 0.000000e+00 -1.662939e+00
      vertex   -3.596056e+01 0.000000e+00 -2.382419e+00
      vertex   -3.451537e+01 0.000000e+00 -1.847759e+00
    endloop
  endfacet
  facet normal 0.000000e+00 -1.000000e+00 0.000000e+00
    outer loop
      vertex   -3.451537e+01 0.000000e+00 -1.847759e+00
      vertex   -3.596056e+01 0.000000e+00 -2.382419e+00
      vertex   -3.558079e+01 0.000000e+00 -2.685276e+00
    endloop
  endfacet
  facet normal 0.000000e+00 -1.000000e+00 0.000000e+00
    outer loop
      vertex   -3.451537e+01 0.000000e+00 -1.847759e+00
      vertex   -3.558079e+01 0.000000e+00 -2.685276e+00
      vertex   -3.516012e+01 0.000000e+00 -2.928149e+00
    endloop
  endfacet
  facet normal 0.000000e+00 -1.000000e+00 -0.000000e+00
    outer loop
      vertex   -3.451537e+01 0.000000e+00 -1.847759e+00
      vertex   -3.516012e+01 0.000000e+00 -2.928149e+00
      vertex   -3.414018e+01 0.000000e+00 -1.961571e+00
    endloop
  endfacet
  facet normal 0.000000e+00 -1.000000e+00 0.000000e+00
    outer loop
      vertex   -3.414018e+01 0.000000e+00 -1.961571e+00
      vertex   -3.516012e+01 0.000000e+00 -2.928149e+00
      vertex   -3.470795e+01 0.000000e+00 -3.105612e+00
    endloop
  endfacet
  facet normal 0.000000e+00 -1.000000e+00 0.000000e+00
    outer loop
      vertex   -3.414018e+01 0.000000e+00 -1.961571e+00
      vertex   -3.470795e+01 0.000000e+00 -3.105612e+00
      vertex   -3.423439e+01 0.000000e+00 -3.213700e+00
    endloop
  endfacet
  facet normal 0.000000e+00 -1.000000e+00 -0.000000e+00
    outer loop
      vertex   -3.414018e+01 0.000000e+00 -1.961571e+00
      vertex   -3.423439e+01 0.000000e+00 -3.213700e+00
      vertex   -3.375000e+01 0.000000e+00 -2.000000e+00
    endloop
  endfacet
  facet normal 0.000000e+00 -1.000000e+00 -0.000000e+00
    outer loop
      vertex   -3.375000e+01 0.000000e+00 -2.000000e+00
      vertex   -3.423439e+01 0.000000e+00 -3.213700e+00
      vertex   -3.375000e+01 0.000000e+00 -3.250000e+00
    endloop
  endfacet
  facet normal 0.000000e+00 -1.000000e+00 0.000000e+00
    outer loop
      vertex   -3.375000e+01 0.000000e+00 -2.000000e+00
      vertex   -3.375000e+01 0.000000e+00 -3.250000e+00
      vertex   -3.335982e+01 0.000000e+00 -1.961571e+00
    endloop
  endfacet
  facet normal 0.000000e+00 -1.000000e+00 -0.000000e+00
    outer loop
      vertex   -3.335982e+01 0.000000e+00 -1.961571e+00
      vertex   -3.375000e+01 0.000000e+00 -3.250000e+00
      vertex   -3.298463e+01 0.000000e+00 -1.847759e+00
    endloop
  endfacet
  facet normal 0.000000e+00 -1.000000e+00 -0.000000e+00
    outer loop
      vertex   -3.298463e+01 0.000000e+00 -1.847759e+00
      vertex   -3.375000e+01 0.000000e+00 -3.250000e+00
      vertex   -3.263886e+01 0.000000e+00 -1.662939e+00
    endloop
  endfacet
  facet normal 0.000000e+00 -1.000000e+00 -0.000000e+00
    outer loop
      vertex   -3.263886e+01 0.000000e+00 -1.662939e+00
      vertex   -3.375000e+01 0.000000e+00 -3.250000e+00
      vertex   -3.233579e+01 0.000000e+00 -1.414214e+00
    endloop
  endfacet
  facet normal 0.000000e+00 -1.000000e+00 -0.000000e+00
    outer loop
      vertex   -3.233579e+01 0.000000e+00 -1.414214e+00
      vertex   -3.375000e+01 0.000000e+00 -3.250000e+00
      vertex   -1.375000e+01 0.000000e+00 -3.250000e+00
    endloop
  endfacet
  facet normal 0.000000e+00 -1.000000e+00 0.000000e+00
    outer loop
      vertex   -3.233579e+01 0.000000e+00 -1.414214e+00
      vertex   -1.375000e+01 0.000000e+00 -3.250000e+00
      vertex   -3.208706e+01 0.000000e+00 -1.111140e+00
    endloop
  endfacet
  facet normal 0.000000e+00 -1.000000e+00 0.000000e+00
    outer loop
      vertex   -3.208706e+01 0.000000e+00 -1.111140e+00
      vertex   -1.375000e+01 0.000000e+00 -3.250000e+00
      vertex   -3.190224e+01 0.000000e+00 -7.653669e-01
    endloop
  endfacet
  facet normal 0.000000e+00 -1.000000e+00 0.000000e+00
    outer loop
      vertex   -3.190224e+01 0.000000e+00 -7.653669e-01
      vertex   -1.375000e+01 0.000000e+00 -3.250000e+00
      vertex   -3.178843e+01 0.000000e+00 -3.901806e-01
    endloop
  endfacet
  facet normal 0.000000e+00 -1.000000e+00 0.000000e+00
    outer loop
      vertex   -3.178843e+01 0.000000e+00 -3.901806e-01
      vertex   -1.375000e+01 0.000000e+00 -3.250000e+00
      vertex   -3.175000e+01 0.000000e+00 0.000000e+00
    endloop
  endfacet
  facet normal 0.000000e+00 -1.000000e+00 0.000000e+00
    outer loop
      vertex   -3.175000e+01 0.000000e+00 0.000000e+00
      vertex   -1.375000e+01 0.000000e+00 -3.250000e+00
      vertex   -1.375000e+01 0.000000e+00 3.250000e+00
    endloop
  endfacet
  facet normal 0.000000e+00 -1.000000e+00 0.000000e+00
    outer loop
      vertex   -3.175000e+01 0.000000e+00 0.000000e+00
      vertex   -1.375000e+01 0.000000e+00 3.250000e+00
      vertex   -3.178843e+01 0.000000e+00 3.901806e-01
    endloop
  endfacet
  facet normal 0.000000e+00 -1.000000e+00 0.000000e+00
    outer loop
      vertex   -3.178843e+01 0.000000e+00 3.901806e-01
      vertex   -1.375000e+01 0.000000e+00 3.250000e+00
      vertex   -3.190224e+01 0.000000e+00 7.653669e-01
    endloop
  endfacet
  facet normal 0.000000e+00 -1.000000e+00 0.000000e+00
    outer loop
      vertex   -1.336591e+01 0.000000e+00 3.227224e+00
      vertex   -1.336591e+01 0.000000e+00 -3.227224e+00
      vertex   -3.000000e+00 0.000000e+00 3.673940e-16
    endloop
  endfacet
  facet normal 0.000000e+00 -1.000000e+00 0.000000e+00
    outer loop
      vertex   -3.000000e+00 0.000000e+00 3.673940e-16
      vertex   -1.336591e+01 0.000000e+00 -3.227224e+00
      vertex   -1.309212e+01 0.000000e+00 -4.202263e+00
    endloop
  endfacet
  facet normal 0.000000e+00 -1.000000e+00 0.000000e+00
    outer loop
      vertex   -3.000000e+00 0.000000e+00 3.673940e-16
      vertex   -1.309212e+01 0.000000e+00 -4.202263e+00
      vertex   -1.274730e+01 0.000000e+00 -5.154505e+00
    endloop
  endfacet
  facet normal 0.000000e+00 -1.000000e+00 0.000000e+00
    outer loop
      vertex   -1.274730e+01 0.000000e+00 -5.154505e+00
      vertex   -1.233332e+01 0.000000e+00 -6.078784e+00
      vertex   -3.000000e+00 0.000000e+00 3.673940e-16
    endloop
  endfacet
  facet normal 0.000000e+00 -1.000000e+00 0.000000e+00
    outer loop
      vertex   -3.000000e+00 0.000000e+00 3.673940e-16
      vertex   -1.233332e+01 0.000000e+00 -6.078784e+00
      vertex   -1.185244e+01 0.000000e+00 -6.970086e+00
    endloop
  endfacet
  facet normal 0.000000e+00 -1.000000e+00 0.000000e+00
    outer loop
      vertex   -3.000000e+00 0.000000e+00 3.673940e-16
      vertex   -1.185244e+01 0.000000e+00 -6.970086e+00
      vertex   -1.130726e+01 0.000000e+00 -7.823574e+00
    endloop
  endfacet
  facet normal 0.000000e+00 -1.000000e+00 0.000000e+00
    outer loop
      vertex   -1.130726e+01 0.000000e+00 -7.823574e+00
      vertex   -1.070074e+01 0.000000e+00 -8.634620e+00
      vertex   -3.000000e+00 0.000000e+00 3.673940e-16
    endloop
  endfacet
  facet normal 0.000000e+00 -1.000000e+00 0.000000e+00
    outer loop
      vertex   -3.000000e+00 0.000000e+00 3.673940e-16
      vertex   -1.070074e+01 0.000000e+00 -8.634620e+00
      vertex   -1.003617e+01 0.000000e+00 -9.398823e+00
    endloop
  endfacet
  facet normal 0.000000e+00 -1.000000e+00 0.000000e+00
    outer loop
      vertex   -3.000000e+00 0.000000e+00 3.673940e-16
      vertex   -1.003617e+01 0.000000e+00 -9.398823e+00
      vertex   -9.317146e+00 0.000000e+00 -1.011204e+01
    endloop
  endfacet
  facet normal 0.000000e+00 -1.000000e+00 0.000000e+00
    outer loop
      vertex   -9.317146e+00 0.000000e+00 -1.011204e+01
      vertex   -8.547580e+00 0.000000e+00 -1.077039e+01
      vertex   -3.000000e+00 0.000000e+00 3.673940e-16
    endloop
  endfacet
  facet normal 0.000000e+00 -1.000000e+00 0.000000e+00
    outer loop
      vertex   -3.000000e+00 0.000000e+00 3.673940e-16
      vertex   -8.547580e+00 0.000000e+00 -1.077039e+01
      vertex   -7.731643e+00 0.000000e+00 -1.137032e+01
    endloop
  endfacet
  facet normal 0.000000e+00 -1.000000e+00 0.000000e+00
    outer loop
      vertex   -3.000000e+00 0.000000e+00 3.673940e-16
      vertex   -7.731643e+00 0.000000e+00 -1.137032e+01
      vertex   -6.873763e+00 0.000000e+00 -1.190856e+01
    endloop
  endfacet
  facet normal 0.000000e+00 -1.000000e+00 0.000000e+00
    outer loop
      vertex   -6.873763e+00 0.000000e+00 -1.190856e+01
      vertex   -5.978592e+00 0.000000e+00 -1.238220e+01
      vertex   -3.000000e+00 0.000000e+00 3.673940e-16
    endloop
  endfacet
  facet normal 0.000000e+00 -1.000000e+00 0.000000e+00
    outer loop
      vertex   -3.000000e+00 0.000000e+00 3.673940e-16
      vertex   -5.978592e+00 0.000000e+00 -1.238220e+01
      vertex   -5.050987e+00 0.000000e+00 -1.278867e+01
    endloop
  endfacet
  facet normal 0.000000e+00 -1.000000e+00 0.000000e+00
    outer loop
      vertex   -3.000000e+00 0.000000e+00 3.673940e-16
      vertex   -5.050987e+00 0.000000e+00 -1.278867e+01
      vertex   -4.095981e+00 0.000000e+00 -1.312575e+01
    endloop
  endfacet
  facet normal 0.000000e+00 -1.000000e+00 0.000000e+00
    outer loop
      vertex   -4.095981e+00 0.000000e+00 -1.312575e+01
      vertex   -3.118753e+00 0.000000e+00 -1.339163e+01
      vertex   -3.000000e+00 0.000000e+00 3.673940e-16
    endloop
  endfacet
  facet normal 0.000000e+00 -1.000000e+00 -0.000000e+00
    outer loop
      vertex   -3.000000e+00 0.000000e+00 3.673940e-16
      vertex   -3.118753e+00 0.000000e+00 -1.339163e+01
      vertex   -2.961151e+00 0.000000e+00 -4.812338e-01
    endloop
  endfacet
  facet normal 0.000000e+00 -1.000000e+00 -0.000000e+00
    outer loop
      vertex   -2.961151e+00 0.000000e+00 -4.812338e-01
      vertex   -3.118753e+00 0.000000e+00 -1.339163e+01
      vertex   -2.845609e+00 0.000000e+00 -9.500040e-01
    endloop
  endfacet
  facet normal 0.000000e+00 -1.000000e+00 -0.000000e+00
    outer loop
      vertex   -2.845609e+00 0.000000e+00 -9.500040e-01
      vertex   -3.118753e+00 0.000000e+00 -1.339163e+01
      vertex   -2.656368e+00 0.000000e+00 -1.394170e+00
    endloop
  endfacet
  facet normal 0.000000e+00 -1.000000e+00 -0.000000e+00
    outer loop
      vertex   -2.656368e+00 0.000000e+00 -1.394170e+00
      vertex   -3.118753e+00 0.000000e+00 -1.339163e+01
      vertex   -2.398328e+00 0.000000e+00 -1.802227e+00
    endloop
  endfacet
  facet normal 0.000000e+00 -1.000000e+00 -0.000000e+00
    outer loop
      vertex   -2.398328e+00 0.000000e+00 -1.802227e+00
      vertex   -3.118753e+00 0.000000e+00 -1.339163e+01
      vertex   -2.078173e+00 0.000000e+00 -2.163607e+00
    endloop
  endfacet
  facet normal 0.000000e+00 -1.000000e+00 -0.000000e+00
    outer loop
      vertex   -2.078173e+00 0.000000e+00 -2.163607e+00
      vertex   -3.118753e+00 0.000000e+00 -1.339163e+01
      vertex   -1.704194e+00 0.000000e+00 -2.468952e+00
    endloop
  endfacet
  facet normal 0.000000e+00 -1.000000e+00 -0.000000e+00
    outer loop
      vertex   -1.704194e+00 0.000000e+00 -2.468952e+00
      vertex   -3.118753e+00 0.000000e+00 -1.339163e+01
      vertex   -1.286078e+00 0.000000e+00 -2.710351e+00
    endloop
  endfacet
  facet normal 0.000000e+00 -1.000000e+00 -0.000000e+00
    outer loop
      vertex   -1.286078e+00 0.000000e+00 -2.710351e+00
      vertex   -3.118753e+00 0.000000e+00 -1.339163e+01
      vertex   -8.346524e-01 0.000000e+00 -2.881554e+00
    endloop
  endfacet
  facet normal 0.000000e+00 -1.000000e+00 -0.000000e+00
    outer loop
      vertex   -8.346524e-01 0.000000e+00 -2.881554e+00
      vertex   -3.118753e+00 0.000000e+00 -1.339163e+01
      vertex   -3.616100e-01 0.000000e+00 -2.978127e+00
    endloop
  endfacet
  facet normal 0.000000e+00 -1.000000e+00 -0.000000e+00
    outer loop
      vertex   -3.616100e-01 0.000000e+00 -2.978127e+00
      vertex   -3.118753e+00 0.000000e+00 -1.339163e+01
      vertex   1.207978e-01 0.000000e+00 -2.997567e+00
    endloop
  endfacet
  facet normal 0.000000e+00 -1.000000e+00 0.000000e+00
    outer loop
      vertex   1.207978e-01 0.000000e+00 -2.997567e+00
      vertex   -3.118753e+00 0.000000e+00 -1.339163e+01
      vertex   -2.124607e+00 0.000000e+00 -1.358486e+01
    endloop
  endfacet
  facet normal 0.000000e+00 -1.000000e+00 -0.000000e+00
    outer loop
      vertex   1.207978e-01 0.000000e+00 -2.997567e+00
      vertex   -2.124607e+00 0.000000e+00 -1.358486e+01
      vertex   2.143475e+00 0.000000e+00 -1.358190e+01
    endloop
  endfacet
  facet normal 0.000000e+00 -1.000000e+00 0.000000e+00
    outer loop
      vertex   2.143475e+00 0.000000e+00 -1.358190e+01
      vertex   -2.124607e+00 0.000000e+00 -1.358486e+01
      vertex   2.137186e+00 0.000000e+00 -1.358289e+01
    endloop
  endfacet
  facet normal 0.000000e+00 -1.000000e+00 0.000000e+00
    outer loop
      vertex   2.137186e+00 0.000000e+00 -1.358289e+01
      vertex   -2.124607e+00 0.000000e+00 -1.358486e+01
      vertex   2.130897e+00 0.000000e+00 -1.358388e+01
    endloop
  endfacet
  facet normal 0.000000e+00 -1.000000e+00 0.000000e+00
    outer loop
      vertex   2.130897e+00 0.000000e+00 -1.358388e+01
      vertex   -2.124607e+00 0.000000e+00 -1.358486e+01
      vertex   2.124607e+00 0.000000e+00 -1.358486e+01
    endloop
  endfacet
  facet normal -0.000000e+00 -1.000000e+00 0.000000e+00
    outer loop
      vertex   2.124607e+00 0.000000e+00 -1.358486e+01
      vertex   -2.124607e+00 0.000000e+00 -1.358486e+01
      vertex   -1.906420e+00 0.000000e+00 -1.364490e+01
    endloop
  endfacet
  facet normal 0.000000e+00 -1.000000e+00 0.000000e+00
    outer loop
      vertex   2.124607e+00 0.000000e+00 -1.358486e+01
      vertex   -1.906420e+00 0.000000e+00 -1.364490e+01
      vertex   1.906420e+00 0.000000e+00 -1.364490e+01
    endloop
  endfacet
  facet normal -0.000000e+00 -1.000000e+00 0.000000e+00
    outer loop
      vertex   1.906420e+00 0.000000e+00 -1.364490e+01
      vertex   -1.906420e+00 0.000000e+00 -1.364490e+01
      vertex   -1.707319e+00 0.000000e+00 -1.375246e+01
    endloop
  endfacet
  facet normal 0.000000e+00 -1.000000e+00 0.000000e+00
    outer loop
      vertex   1.906420e+00 0.000000e+00 -1.364490e+01
      vertex   -1.707319e+00 0.000000e+00 -1.375246e+01
      vertex   1.707319e+00 0.000000e+00 -1.375246e+01
    endloop
  endfacet
  facet normal -0.000000e+00 -1.000000e+00 0.000000e+00
    outer loop
      vertex   1.707319e+00 0.000000e+00 -1.375246e+01
      vertex   -1.707319e+00 0.000000e+00 -1.375246e+01
      vertex   -1.537501e+00 0.000000e+00 -1.390204e+01
    endloop
  endfacet
  facet normal 0.000000e+00 -1.000000e+00 0.000000e+00
    outer loop
      vertex   1.707319e+00 0.000000e+00 -1.375246e+01
      vertex   -1.537501e+00 0.000000e+00 -1.390204e+01
      vertex   1.537501e+00 0.000000e+00 -1.390204e+01
    endloop
  endfacet
  facet normal -0.000000e+00 -1.000000e+00 0.000000e+00
    outer loop
      vertex   1.537501e+00 0.000000e+00 -1.390204e+01
      vertex   -1.537501e+00 0.000000e+00 -1.390204e+01
      vertex   -1.405661e+00 0.000000e+00 -1.408596e+01
    endloop
  endfacet
  facet normal 0.000000e+00 -1.000000e+00 0.000000e+00
    outer loop
      vertex   1.537501e+00 0.000000e+00 -1.390204e+01
      vertex   -1.405661e+00 0.000000e+00 -1.408596e+01
      vertex   1.405661e+00 0.000000e+00 -1.408596e+01
    endloop
  endfacet
  facet normal -0.000000e+00 -1.000000e+00 0.000000e+00
    outer loop
      vertex   1.405661e+00 0.000000e+00 -1.408596e+01
      vertex   -1.405661e+00 0.000000e+00 -1.408596e+01
      vertex   -1.318552e+00 0.000000e+00 -1.429482e+01
    endloop
  endfacet
  facet normal 0.000000e+00 -1.000000e+00 0.000000e+00
    outer loop
      vertex   1.405661e+00 0.000000e+00 -1.408596e+01
      vertex   -1.318552e+00 0.000000e+00 -1.429482e+01
      vertex   1.318552e+00 0.000000e+00 -1.429482e+01
    endloop
  endfacet
  facet normal -0.000000e+00 -1.000000e+00 0.000000e+00
    outer loop
      vertex   1.318552e+00 0.000000e+00 -1.429482e+01
      vertex   -1.318552e+00 0.000000e+00 -1.429482e+01
      vertex   -1.033969e+00 0.000000e+00 -1.527803e+01
    endloop
  endfacet
  facet normal 0.000000e+00 -1.000000e+00 0.000000e+00
    outer loop
      vertex   1.318552e+00 0.000000e+00 -1.429482e+01
      vertex   -1.033969e+00 0.000000e+00 -1.527803e+01
      vertex   1.033969e+00 0.000000e+00 -1.527803e+01
    endloop
  endfacet
  facet normal -0.000000e+00 -1.000000e+00 0.000000e+00
    outer loop
      vertex   1.033969e+00 0.000000e+00 -1.527803e+01
      vertex   -1.033969e+00 0.000000e+00 -1.527803e+01
      vertex   -9.313347e-01 0.000000e+00 -1.551375e+01
    endloop
  endfacet
  facet normal 0.000000e+00 -1.000000e+00 0.000000e+00
    outer loop
      vertex   1.033969e+00 0.000000e+00 -1.527803e+01
      vertex   -9.313347e-01 0.000000e+00 -1.551375e+01
      vertex   9.313347e-01 0.000000e+00 -1.551375e+01
    endloop
  endfacet
  facet normal -0.000000e+00 -1.000000e+00 0.000000e+00
    outer loop
      vertex   9.313347e-01 0.000000e+00 -1.551375e+01
      vertex   -9.313347e-01 0.000000e+00 -1.551375e+01
      vertex   -7.719916e-01 0.000000e+00 -1.571552e+01
    endloop
  endfacet
  facet normal 0.000000e+00 -1.000000e+00 0.000000e+00
    outer loop
      vertex   9.313347e-01 0.000000e+00 -1.551375e+01
      vertex   -7.719916e-01 0.000000e+00 -1.571552e+01
      vertex   7.719916e-01 0.000000e+00 -1.571552e+01
    endloop
  endfacet
  facet normal 0.000000e+00 -1.000000e+00 0.000000e+00
    outer loop
      vertex   7.719916e-01 0.000000e+00 -1.571552e+01
      vertex   -7.719916e-01 0.000000e+00 -1.571552e+01
      vertex   -5.664722e-01 0.000000e+00 -1.586999e+01
    endloop
  endfacet
  facet normal 0.000000e+00 -1.000000e+00 0.000000e+00
    outer loop
      vertex   7.719916e-01 0.000000e+00 -1.571552e+01
      vertex   -5.664722e-01 0.000000e+00 -1.586999e+01
      vertex   -3.283610e-01 0.000000e+00 -1.596695e+01
    endloop
  endfacet
  facet normal 0.000000e+00 -1.000000e+00 0.000000e+00
    outer loop
      vertex   -3.283610e-01 0.000000e+00 -1.596695e+01
      vertex   -7.339698e-02 0.000000e+00 -1.600000e+01
      vertex   7.719916e-01 0.000000e+00 -1.571552e+01
    endloop
  endfacet
  facet normal 0.000000e+00 -1.000000e+00 0.000000e+00
    outer loop
      vertex   7.719916e-01 0.000000e+00 -1.571552e+01
      vertex   -7.339698e-02 0.000000e+00 -1.600000e+01
      vertex   7.339698e-02 0.000000e+00 -1.600000e+01
    endloop
  endfacet
  facet normal 0.000000e+00 -1.000000e+00 0.000000e+00
    outer loop
      vertex   7.719916e-01 0.000000e+00 -1.571552e+01
      vertex   7.339698e-02 0.000000e+00 -1.600000e+01
      vertex   5.664722e-01 0.000000e+00 -1.586999e+01
    endloop
  endfacet
  facet normal 0.000000e+00 -1.000000e+00 0.000000e+00
    outer loop
      vertex   5.664722e-01 0.000000e+00 -1.586999e+01
      vertex   7.339698e-02 0.000000e+00 -1.600000e+01
      vertex   3.283610e-01 0.000000e+00 -1.596695e+01
    endloop
  endfacet
  facet normal 0.000000e+00 -1.000000e+00 0.000000e+00
    outer loop
      vertex   2.143475e+00 0.000000e+00 -1.358190e+01
      vertex   2.369562e+00 0.000000e+00 -1.357214e+01
      vertex   1.207978e-01 0.000000e+00 -2.997567e+00
    endloop
  endfacet
  facet normal 0.000000e+00 -1.000000e+00 0.000000e+00
    outer loop
      vertex   1.207978e-01 0.000000e+00 -2.997567e+00
      vertex   2.369562e+00 0.000000e+00 -1.357214e+01
      vertex   6.000771e-01 0.000000e+00 -2.939372e+00
    endloop
  endfacet
  facet normal 0.000000e+00 -1.000000e+00 0.000000e+00
    outer loop
      vertex   6.000771e-01 0.000000e+00 -2.939372e+00
      vertex   2.369562e+00 0.000000e+00 -1.357214e+01
      vertex   5.638462e+00 0.000000e+00 -1.320183e+01
    endloop
  endfacet
  facet normal 0.000000e+00 -1.000000e+00 0.000000e+00
    outer loop
      vertex   6.000771e-01 0.000000e+00 -2.939372e+00
      vertex   5.638462e+00 0.000000e+00 -1.320183e+01
      vertex   1.063815e+00 0.000000e+00 -2.805049e+00
    endloop
  endfacet
  facet normal 0.000000e+00 -1.000000e+00 0.000000e+00
    outer loop
      vertex   1.063815e+00 0.000000e+00 -2.805049e+00
      vertex   5.638462e+00 0.000000e+00 -1.320183e+01
      vertex   1.500000e+00 0.000000e+00 -2.598076e+00
    endloop
  endfacet
  facet normal 0.000000e+00 -1.000000e+00 0.000000e+00
    outer loop
      vertex   1.500000e+00 0.000000e+00 -2.598076e+00
      vertex   5.638462e+00 0.000000e+00 -1.320183e+01
      vertex   1.897336e+00 0.000000e+00 -2.323815e+00
    endloop
  endfacet
  facet normal 0.000000e+00 -1.000000e+00 0.000000e+00
    outer loop
      vertex   1.897336e+00 0.000000e+00 -2.323815e+00
      vertex   5.638462e+00 0.000000e+00 -1.320183e+01
      vertex   2.245532e+00 0.000000e+00 -1.989368e+00
    endloop
  endfacet
  facet normal 0.000000e+00 -1.000000e+00 0.000000e+00
    outer loop
      vertex   2.245532e+00 0.000000e+00 -1.989368e+00
      vertex   5.638462e+00 0.000000e+00 -1.320183e+01
      vertex   2.535570e+00 0.000000e+00 -1.603397e+00
    endloop
  endfacet
  facet normal 0.000000e+00 -1.000000e+00 0.000000e+00
    outer loop
      vertex   2.535570e+00 0.000000e+00 -1.603397e+00
      vertex   5.638462e+00 0.000000e+00 -1.320183e+01
      vertex   2.759938e+00 0.000000e+00 -1.175900e+00
    endloop
  endfacet
  facet normal 0.000000e+00 -1.000000e+00 0.000000e+00
    outer loop
      vertex   2.759938e+00 0.000000e+00 -1.175900e+00
      vertex   5.638462e+00 0.000000e+00 -1.320183e+01
      vertex   2.912825e+00 0.000000e+00 -7.179470e-01
    endloop
  endfacet
  facet normal 0.000000e+00 -1.000000e+00 0.000000e+00
    outer loop
      vertex   2.912825e+00 0.000000e+00 -7.179470e-01
      vertex   5.638462e+00 0.000000e+00 -1.320183e+01
      vertex   2.990272e+00 0.000000e+00 -2.413997e-01
    endloop
  endfacet
  facet normal 0.000000e+00 -1.000000e+00 0.000000e+00
    outer loop
      vertex   2.990272e+00 0.000000e+00 -2.413997e-01
      vertex   5.638462e+00 0.000000e+00 -1.320183e+01
      vertex   2.990272e+00 0.000000e+00 2.413997e-01
    endloop
  endfacet
  facet normal 0.000000e+00 -1.000000e+00 0.000000e+00
    outer loop
      vertex   2.990272e+00 0.000000e+00 2.413997e-01
      vertex   5.638462e+00 0.000000e+00 -1.320183e+01
      vertex   5.583484e+00 0.000000e+00 1.496249e+01
    endloop
  endfacet
  facet normal 0.000000e+00 -1.000000e+00 0.000000e+00
    outer loop
      vertex   2.990272e+00 0.000000e+00 2.413997e-01
      vertex   5.583484e+00 0.000000e+00 1.496249e+01
      vertex   2.912825e+00 0.000000e+00 7.179470e-01
    endloop
  endfacet
  facet normal 0.000000e+00 -1.000000e+00 0.000000e+00
    outer loop
      vertex   2.912825e+00 0.000000e+00 7.179470e-01
      vertex   5.583484e+00 0.000000e+00 1.496249e+01
      vertex   2.759938e+00 0.000000e+00 1.175900e+00
    endloop
  endfacet
  facet normal 0.000000e+00 -1.000000e+00 0.000000e+00
    outer loop
      vertex   2.759938e+00 0.000000e+00 1.175900e+00
      vertex   5.583484e+00 0.000000e+00 1.496249e+01
      vertex   2.535570e+00 0.000000e+00 1.603397e+00
    endloop
  endfacet
  facet normal 0.000000e+00 -1.000000e+00 0.000000e+00
    outer loop
      vertex   2.535570e+00 0.000000e+00 1.603397e+00
      vertex   5.583484e+00 0.000000e+00 1.496249e+01
      vertex   2.245532e+00 0.000000e+00 1.989368e+00
    endloop
  endfacet
  facet normal 0.000000e+00 -1.000000e+00 0.000000e+00
    outer loop
      vertex   2.245532e+00 0.000000e+00 1.989368e+00
      vertex   5.583484e+00 0.000000e+00 1.496249e+01
      vertex   1.897336e+00 0.000000e+00 2.323815e+00
    endloop
  endfacet
  facet normal 0.000000e+00 -1.000000e+00 0.000000e+00
    outer loop
      vertex   1.897336e+00 0.000000e+00 2.323815e+00
      vertex   5.583484e+00 0.000000e+00 1.496249e+01
      vertex   3.140331e+00 0.000000e+00 1.362971e+01
    endloop
  endfacet
  facet normal 0.000000e+00 -1.000000e+00 0.000000e+00
    outer loop
      vertex   1.897336e+00 0.000000e+00 2.323815e+00
      vertex   3.140331e+00 0.000000e+00 1.362971e+01
      vertex   1.500000e+00 0.000000e+00 2.598076e+00
    endloop
  endfacet
  facet normal 0.000000e+00 -1.000000e+00 0.000000e+00
    outer loop
      vertex   1.500000e+00 0.000000e+00 2.598076e+00
      vertex   3.140331e+00 0.000000e+00 1.362971e+01
      vertex   2.930641e+00 0.000000e+00 1.354461e+01
    endloop
  endfacet
  facet normal 0.000000e+00 -1.000000e+00 0.000000e+00
    outer loop
      vertex   1.500000e+00 0.000000e+00 2.598076e+00
      vertex   2.930641e+00 0.000000e+00 1.354461e+01
      vertex   1.063815e+00 0.000000e+00 2.805049e+00
    endloop
  endfacet
  facet normal 0.000000e+00 -1.000000e+00 0.000000e+00
    outer loop
      vertex   1.063815e+00 0.000000e+00 2.805049e+00
      vertex   2.930641e+00 0.000000e+00 1.354461e+01
      vertex   2.707188e+00 0.000000e+00 1.350885e+01
    endloop
  endfacet
  facet normal 0.000000e+00 -1.000000e+00 0.000000e+00
    outer loop
      vertex   1.063815e+00 0.000000e+00 2.805049e+00
      vertex   2.707188e+00 0.000000e+00 1.350885e+01
      vertex   6.000771e-01 0.000000e+00 2.939372e+00
    endloop
  endfacet
  facet normal 0.000000e+00 -1.000000e+00 0.000000e+00
    outer loop
      vertex   6.000771e-01 0.000000e+00 2.939372e+00
      vertex   2.707188e+00 0.000000e+00 1.350885e+01
      vertex   1.207978e-01 0.000000e+00 2.997567e+00
    endloop
  endfacet
  facet normal 0.000000e+00 -1.000000e+00 0.000000e+00
    outer loop
      vertex   1.207978e-01 0.000000e+00 2.997567e+00
      vertex   2.707188e+00 0.000000e+00 1.350885e+01
      vertex   2.481415e+00 0.000000e+00 1.352424e+01
    endloop
  endfacet
  facet normal 0.000000e+00 -1.000000e+00 0.000000e+00
    outer loop
      vertex   1.207978e-01 0.000000e+00 2.997567e+00
      vertex   2.481415e+00 0.000000e+00 1.352424e+01
      vertex   -1.804203e+00 0.000000e+00 1.363112e+01
    endloop
  endfacet
  facet normal 0.000000e+00 -1.000000e+00 0.000000e+00
    outer loop
      vertex   -1.804203e+00 0.000000e+00 1.363112e+01
      vertex   2.481415e+00 0.000000e+00 1.352424e+01
      vertex   2.475153e+00 0.000000e+00 1.352539e+01
    endloop
  endfacet
  facet normal 0.000000e+00 -1.000000e+00 0.000000e+00
    outer loop
      vertex   -1.804203e+00 0.000000e+00 1.363112e+01
      vertex   2.475153e+00 0.000000e+00 1.352539e+01
      vertex   2.468890e+00 0.000000e+00 1.352653e+01
    endloop
  endfacet
  facet normal 0.000000e+00 -1.000000e+00 0.000000e+00
    outer loop
      vertex   2.369562e+00 0.000000e+00 -1.357214e+01
      vertex   2.592054e+00 0.000000e+00 -1.361347e+01
      vertex   5.638462e+00 0.000000e+00 -1.320183e+01
    endloop
  endfacet
  facet normal 0.000000e+00 -1.000000e+00 0.000000e+00
    outer loop
      vertex   5.638462e+00 0.000000e+00 -1.320183e+01
      vertex   2.592054e+00 0.000000e+00 -1.361347e+01
      vertex   2.799557e+00 0.000000e+00 -1.370376e+01
    endloop
  endfacet
  facet normal 0.000000e+00 -1.000000e+00 0.000000e+00
    outer loop
      vertex   5.638462e+00 0.000000e+00 -1.320183e+01
      vertex   2.799557e+00 0.000000e+00 -1.370376e+01
      vertex   2.981445e+00 0.000000e+00 -1.383840e+01
    endloop
  endfacet
  facet normal 0.000000e+00 -1.000000e+00 0.000000e+00
    outer loop
      vertex   2.981445e+00 0.000000e+00 -1.383840e+01
      vertex   3.128403e+00 0.000000e+00 -1.401048e+01
      vertex   5.638462e+00 0.000000e+00 -1.320183e+01
    endloop
  endfacet
  facet normal 0.000000e+00 -1.000000e+00 -0.000000e+00
    outer loop
      vertex   5.638462e+00 0.000000e+00 -1.320183e+01
      vertex   3.128403e+00 0.000000e+00 -1.401048e+01
      vertex   5.669084e+00 0.000000e+00 -1.422494e+01
    endloop
  endfacet
  facet normal -0.000000e+00 -1.000000e+00 0.000000e+00
    outer loop
      vertex   5.669084e+00 0.000000e+00 -1.422494e+01
      vertex   3.128403e+00 0.000000e+00 -1.401048e+01
      vertex   3.700771e+00 0.000000e+00 -1.485906e+01
    endloop
  endfacet
  facet normal 0.000000e+00 -1.000000e+00 0.000000e+00
    outer loop
      vertex   5.669084e+00 0.000000e+00 -1.422494e+01
      vertex   3.700771e+00 0.000000e+00 -1.485906e+01
      vertex   5.643678e+00 0.000000e+00 -1.448077e+01
    endloop
  endfacet
  facet normal 0.000000e+00 -1.000000e+00 0.000000e+00
    outer loop
      vertex   5.643678e+00 0.000000e+00 -1.448077e+01
      vertex   3.700771e+00 0.000000e+00 -1.485906e+01
      vertex   5.553881e+00 0.000000e+00 -1.472168e+01
    endloop
  endfacet
  facet normal 0.000000e+00 -1.000000e+00 0.000000e+00
    outer loop
      vertex   5.553881e+00 0.000000e+00 -1.472168e+01
      vertex   3.700771e+00 0.000000e+00 -1.485906e+01
      vertex   5.405630e+00 0.000000e+00 -1.493173e+01
    endloop
  endfacet
  facet normal -0.000000e+00 -1.000000e+00 0.000000e+00
    outer loop
      vertex   5.405630e+00 0.000000e+00 -1.493173e+01
      vertex   3.700771e+00 0.000000e+00 -1.485906e+01
      vertex   5.208723e+00 0.000000e+00 -1.509704e+01
    endloop
  endfacet
  facet normal 0.000000e+00 -1.000000e+00 0.000000e+00
    outer loop
      vertex   5.208723e+00 0.000000e+00 -1.509704e+01
      vertex   3.700771e+00 0.000000e+00 -1.485906e+01
      vertex   3.870744e+00 0.000000e+00 -1.505195e+01
    endloop
  endfacet
  facet normal -0.000000e+00 -1.000000e+00 0.000000e+00
    outer loop
      vertex   5.208723e+00 0.000000e+00 -1.509704e+01
      vertex   3.870744e+00 0.000000e+00 -1.505195e+01
      vertex   4.976177e+00 0.000000e+00 -1.520668e+01
    endloop
  endfacet
  facet normal -0.000000e+00 -1.000000e+00 0.000000e+00
    outer loop
      vertex   4.976177e+00 0.000000e+00 -1.520668e+01
      vertex   3.870744e+00 0.000000e+00 -1.505195e+01
      vertex   4.836455e+00 0.000000e+00 -1.525169e+01
    endloop
  endfacet
  facet normal 0.000000e+00 -1.000000e+00 0.000000e+00
    outer loop
      vertex   4.836455e+00 0.000000e+00 -1.525169e+01
      vertex   3.870744e+00 0.000000e+00 -1.505195e+01
      vertex   4.084281e+00 0.000000e+00 -1.519513e+01
    endloop
  endfacet
  facet normal -0.000000e+00 -1.000000e+00 0.000000e+00
    outer loop
      vertex   4.836455e+00 0.000000e+00 -1.525169e+01
      vertex   4.084281e+00 0.000000e+00 -1.519513e+01
      vertex   4.327266e+00 0.000000e+00 -1.527914e+01
    endloop
  endfacet
  facet normal 0.000000e+00 -1.000000e+00 0.000000e+00
    outer loop
      vertex   4.327266e+00 0.000000e+00 -1.527914e+01
      vertex   4.583640e+00 0.000000e+00 -1.529842e+01
      vertex   4.836455e+00 0.000000e+00 -1.525169e+01
    endloop
  endfacet
  facet normal 0.000000e+00 -1.000000e+00 0.000000e+00
    outer loop
      vertex   5.638462e+00 0.000000e+00 -1.320183e+01
      vertex   5.657329e+00 0.000000e+00 -1.297632e+01
      vertex   5.583484e+00 0.000000e+00 1.496249e+01
    endloop
  endfacet
  facet normal 0.000000e+00 -1.000000e+00 0.000000e+00
    outer loop
      vertex   5.583484e+00 0.000000e+00 1.496249e+01
      vertex   5.657329e+00 0.000000e+00 -1.297632e+01
      vertex   5.979079e+00 0.000000e+00 1.283125e+01
    endloop
  endfacet
  facet normal 0.000000e+00 -1.000000e+00 0.000000e+00
    outer loop
      vertex   5.583484e+00 0.000000e+00 1.496249e+01
      vertex   5.979079e+00 0.000000e+00 1.283125e+01
      vertex   5.965840e+00 0.000000e+00 1.305716e+01
    endloop
  endfacet
  facet normal 0.000000e+00 -1.000000e+00 -0.000000e+00
    outer loop
      vertex   5.979079e+00 0.000000e+00 1.283125e+01
      vertex   5.657329e+00 0.000000e+00 -1.297632e+01
      vertex   6.042773e+00 0.000000e+00 1.261410e+01
    endloop
  endfacet
  facet normal 0.000000e+00 -1.000000e+00 0.000000e+00
    outer loop
      vertex   6.042773e+00 0.000000e+00 1.261410e+01
      vertex   5.657329e+00 0.000000e+00 -1.297632e+01
      vertex   5.726417e+00 0.000000e+00 -1.276083e+01
    endloop
  endfacet
  facet normal 0.000000e+00 -1.000000e+00 -0.000000e+00
    outer loop
      vertex   6.042773e+00 0.000000e+00 1.261410e+01
      vertex   5.726417e+00 0.000000e+00 -1.276083e+01
      vertex   6.153661e+00 0.000000e+00 1.241683e+01
    endloop
  endfacet
  facet normal 0.000000e+00 -1.000000e+00 0.000000e+00
    outer loop
      vertex   6.153661e+00 0.000000e+00 1.241683e+01
      vertex   5.726417e+00 0.000000e+00 -1.276083e+01
      vertex   5.842188e+00 0.000000e+00 -1.256639e+01
    endloop
  endfacet
  facet normal 0.000000e+00 -1.000000e+00 -0.000000e+00
    outer loop
      vertex   6.153661e+00 0.000000e+00 1.241683e+01
      vertex   5.842188e+00 0.000000e+00 -1.256639e+01
      vertex   6.306064e+00 0.000000e+00 1.224955e+01
    endloop
  endfacet
  facet normal 0.000000e+00 -1.000000e+00 0.000000e+00
    outer loop
      vertex   6.306064e+00 0.000000e+00 1.224955e+01
      vertex   5.842188e+00 0.000000e+00 -1.256639e+01
      vertex   5.998715e+00 0.000000e+00 -1.240295e+01
    endloop
  endfacet
  facet normal 0.000000e+00 -1.000000e+00 -0.000000e+00
    outer loop
      vertex   6.306064e+00 0.000000e+00 1.224955e+01
      vertex   5.998715e+00 0.000000e+00 -1.240295e+01
      vertex   6.492178e+00 0.000000e+00 1.212081e+01
    endloop
  endfacet
  facet normal 0.000000e+00 -1.000000e+00 0.000000e+00
    outer loop
      vertex   6.492178e+00 0.000000e+00 1.212081e+01
      vertex   5.998715e+00 0.000000e+00 -1.240295e+01
      vertex   6.187979e+00 0.000000e+00 -1.227890e+01
    endloop
  endfacet
  facet normal 0.000000e+00 -1.000000e+00 -0.000000e+00
    outer loop
      vertex   6.492178e+00 0.000000e+00 1.212081e+01
      vertex   6.187979e+00 0.000000e+00 -1.227890e+01
      vertex   9.896194e+00 0.000000e+00 9.546090e+00
    endloop
  endfacet
  facet normal 0.000000e+00 -1.000000e+00 -0.000000e+00
    outer loop
      vertex   9.896194e+00 0.000000e+00 9.546090e+00
      vertex   6.187979e+00 0.000000e+00 -1.227890e+01
      vertex   1.224464e+01 0.000000e+00 6.489536e+00
    endloop
  endfacet
  facet normal 0.000000e+00 -1.000000e+00 0.000000e+00
    outer loop
      vertex   9.896194e+00 0.000000e+00 9.546090e+00
      vertex   1.224464e+01 0.000000e+00 6.489536e+00
      vertex   9.900613e+00 0.000000e+00 9.541507e+00
    endloop
  endfacet
  facet normal 0.000000e+00 -1.000000e+00 0.000000e+00
    outer loop
      vertex   9.900613e+00 0.000000e+00 9.541507e+00
      vertex   1.224464e+01 0.000000e+00 6.489536e+00
      vertex   9.905030e+00 0.000000e+00 9.536922e+00
    endloop
  endfacet
  facet normal 0.000000e+00 -1.000000e+00 0.000000e+00
    outer loop
      vertex   9.905030e+00 0.000000e+00 9.536922e+00
      vertex   1.224464e+01 0.000000e+00 6.489536e+00
      vertex   9.909445e+00 0.000000e+00 9.532334e+00
    endloop
  endfacet
  facet normal 0.000000e+00 -1.000000e+00 0.000000e+00
    outer loop
      vertex   9.909445e+00 0.000000e+00 9.532334e+00
      vertex   1.224464e+01 0.000000e+00 6.489536e+00
      vertex   1.008377e+01 0.000000e+00 9.388043e+00
    endloop
  endfacet
  facet normal 0.000000e+00 -1.000000e+00 0.000000e+00
    outer loop
      vertex   1.008377e+01 0.000000e+00 9.388043e+00
      vertex   1.224464e+01 0.000000e+00 6.489536e+00
      vertex   1.028608e+01 0.000000e+00 9.286644e+00
    endloop
  endfacet
  facet normal 0.000000e+00 -1.000000e+00 0.000000e+00
    outer loop
      vertex   1.028608e+01 0.000000e+00 9.286644e+00
      vertex   1.224464e+01 0.000000e+00 6.489536e+00
      vertex   1.226976e+01 0.000000e+00 6.714435e+00
    endloop
  endfacet
  facet normal 0.000000e+00 -1.000000e+00 0.000000e+00
    outer loop
      vertex   1.028608e+01 0.000000e+00 9.286644e+00
      vertex   1.226976e+01 0.000000e+00 6.714435e+00
      vertex   1.234480e+01 0.000000e+00 6.927927e+00
    endloop
  endfacet
  facet normal -0.000000e+00 -1.000000e+00 0.000000e+00
    outer loop
      vertex   6.193664e+00 0.000000e+00 -1.227603e+01
      vertex   9.655128e+00 0.000000e+00 -9.789842e+00
      vertex   6.187979e+00 0.000000e+00 -1.227890e+01
    endloop
  endfacet
  facet normal 0.000000e+00 -1.000000e+00 0.000000e+00
    outer loop
      vertex   6.187979e+00 0.000000e+00 -1.227890e+01
      vertex   9.655128e+00 0.000000e+00 -9.789842e+00
      vertex   9.659660e+00 0.000000e+00 -9.785370e+00
    endloop
  endfacet
  facet normal 0.000000e+00 -1.000000e+00 0.000000e+00
    outer loop
      vertex   6.187979e+00 0.000000e+00 -1.227890e+01
      vertex   9.659660e+00 0.000000e+00 -9.785370e+00
      vertex   9.664190e+00 0.000000e+00 -9.780897e+00
    endloop
  endfacet
  facet normal 0.000000e+00 -1.000000e+00 0.000000e+00
    outer loop
      vertex   6.193664e+00 0.000000e+00 -1.227603e+01
      vertex   6.199347e+00 0.000000e+00 -1.227317e+01
      vertex   9.655128e+00 0.000000e+00 -9.789842e+00
    endloop
  endfacet
  facet normal 0.000000e+00 -1.000000e+00 0.000000e+00
    outer loop
      vertex   9.655128e+00 0.000000e+00 -9.789842e+00
      vertex   6.199347e+00 0.000000e+00 -1.227317e+01
      vertex   6.205030e+00 0.000000e+00 -1.227029e+01
    endloop
  endfacet
  facet normal 0.000000e+00 -1.000000e+00 0.000000e+00
    outer loop
      vertex   9.655128e+00 0.000000e+00 -9.789842e+00
      vertex   6.205030e+00 0.000000e+00 -1.227029e+01
      vertex   9.513021e+00 0.000000e+00 -9.965956e+00
    endloop
  endfacet
  facet normal 0.000000e+00 -1.000000e+00 0.000000e+00
    outer loop
      vertex   9.513021e+00 0.000000e+00 -9.965956e+00
      vertex   6.205030e+00 0.000000e+00 -1.227029e+01
      vertex   6.417232e+00 0.000000e+00 -1.219168e+01
    endloop
  endfacet
  facet normal 0.000000e+00 -1.000000e+00 0.000000e+00
    outer loop
      vertex   9.513021e+00 0.000000e+00 -9.965956e+00
      vertex   6.417232e+00 0.000000e+00 -1.219168e+01
      vertex   9.414152e+00 0.000000e+00 -1.016951e+01
    endloop
  endfacet
  facet normal 0.000000e+00 -1.000000e+00 0.000000e+00
    outer loop
      vertex   9.414152e+00 0.000000e+00 -1.016951e+01
      vertex   6.417232e+00 0.000000e+00 -1.219168e+01
      vertex   9.363582e+00 0.000000e+00 -1.039009e+01
    endloop
  endfacet
  facet normal 0.000000e+00 -1.000000e+00 0.000000e+00
    outer loop
      vertex   9.363582e+00 0.000000e+00 -1.039009e+01
      vertex   6.417232e+00 0.000000e+00 -1.219168e+01
      vertex   6.641677e+00 0.000000e+00 -1.216279e+01
    endloop
  endfacet
  facet normal 0.000000e+00 -1.000000e+00 0.000000e+00
    outer loop
      vertex   9.363582e+00 0.000000e+00 -1.039009e+01
      vertex   6.641677e+00 0.000000e+00 -1.216279e+01
      vertex   6.866871e+00 0.000000e+00 -1.218510e+01
    endloop
  endfacet
  facet normal 0.000000e+00 -1.000000e+00 0.000000e+00
    outer loop
      vertex   6.866871e+00 0.000000e+00 -1.218510e+01
      vertex   7.081283e+00 0.000000e+00 -1.225748e+01
      vertex   9.363582e+00 0.000000e+00 -1.039009e+01
    endloop
  endfacet
  facet normal 0.000000e+00 -1.000000e+00 0.000000e+00
    outer loop
      vertex   9.363582e+00 0.000000e+00 -1.039009e+01
      vertex   7.081283e+00 0.000000e+00 -1.225748e+01
      vertex   7.273930e+00 0.000000e+00 -1.237621e+01
    endloop
  endfacet
  facet normal 0.000000e+00 -1.000000e+00 0.000000e+00
    outer loop
      vertex   9.363582e+00 0.000000e+00 -1.039009e+01
      vertex   7.273930e+00 0.000000e+00 -1.237621e+01
      vertex   9.280305e+00 0.000000e+00 -1.303385e+01
    endloop
  endfacet
  facet normal 0.000000e+00 -1.000000e+00 0.000000e+00
    outer loop
      vertex   9.280305e+00 0.000000e+00 -1.303385e+01
      vertex   7.273930e+00 0.000000e+00 -1.237621e+01
      vertex   8.078935e+00 0.000000e+00 -1.300839e+01
    endloop
  endfacet
  facet normal -0.000000e+00 -1.000000e+00 0.000000e+00
    outer loop
      vertex   9.280305e+00 0.000000e+00 -1.303385e+01
      vertex   8.078935e+00 0.000000e+00 -1.300839e+01
      vertex   8.299869e+00 0.000000e+00 -1.313987e+01
    endloop
  endfacet
  facet normal 0.000000e+00 -1.000000e+00 0.000000e+00
    outer loop
      vertex   9.280305e+00 0.000000e+00 -1.303385e+01
      vertex   8.299869e+00 0.000000e+00 -1.313987e+01
      vertex   9.053998e+00 0.000000e+00 -1.315585e+01
    endloop
  endfacet
  facet normal -0.000000e+00 -1.000000e+00 0.000000e+00
    outer loop
      vertex   9.053998e+00 0.000000e+00 -1.315585e+01
      vertex   8.299869e+00 0.000000e+00 -1.313987e+01
      vertex   8.547025e+00 0.000000e+00 -1.321067e+01
    endloop
  endfacet
  facet normal 0.000000e+00 -1.000000e+00 0.000000e+00
    outer loop
      vertex   9.053998e+00 0.000000e+00 -1.315585e+01
      vertex   8.547025e+00 0.000000e+00 -1.321067e+01
      vertex   8.804064e+00 0.000000e+00 -1.321612e+01
    endloop
  endfacet
  facet normal -0.000000e+00 -1.000000e+00 0.000000e+00
    outer loop
      vertex   9.399493e+00 0.000000e+00 -1.294816e+01
      vertex   9.800643e+00 0.000000e+00 -1.230938e+01
      vertex   9.280305e+00 0.000000e+00 -1.303385e+01
    endloop
  endfacet
  facet normal 0.000000e+00 -1.000000e+00 0.000000e+00
    outer loop
      vertex   9.280305e+00 0.000000e+00 -1.303385e+01
      vertex   9.800643e+00 0.000000e+00 -1.230938e+01
      vertex   9.812242e+00 0.000000e+00 -1.205255e+01
    endloop
  endfacet
  facet normal 0.000000e+00 -1.000000e+00 0.000000e+00
    outer loop
      vertex   9.280305e+00 0.000000e+00 -1.303385e+01
      vertex   9.812242e+00 0.000000e+00 -1.205255e+01
      vertex   9.757973e+00 0.000000e+00 -1.180124e+01
    endloop
  endfacet
  facet normal -0.000000e+00 -1.000000e+00 0.000000e+00
    outer loop
      vertex   9.587215e+00 0.000000e+00 -1.277250e+01
      vertex   9.723945e+00 0.000000e+00 -1.255477e+01
      vertex   9.399493e+00 0.000000e+00 -1.294816e+01
    endloop
  endfacet
  facet normal 0.000000e+00 -1.000000e+00 0.000000e+00
    outer loop
      vertex   9.399493e+00 0.000000e+00 -1.294816e+01
      vertex   9.723945e+00 0.000000e+00 -1.255477e+01
      vertex   9.800643e+00 0.000000e+00 -1.230938e+01
    endloop
  endfacet
  facet normal -0.000000e+00 -1.000000e+00 0.000000e+00
    outer loop
      vertex   9.757973e+00 0.000000e+00 -1.180124e+01
      vertex   9.415095e+00 0.000000e+00 -1.083681e+01
      vertex   9.280305e+00 0.000000e+00 -1.303385e+01
    endloop
  endfacet
  facet normal 0.000000e+00 -1.000000e+00 0.000000e+00
    outer loop
      vertex   9.280305e+00 0.000000e+00 -1.303385e+01
      vertex   9.415095e+00 0.000000e+00 -1.083681e+01
      vertex   9.363902e+00 0.000000e+00 -1.061638e+01
    endloop
  endfacet
  facet normal 0.000000e+00 -1.000000e+00 0.000000e+00
    outer loop
      vertex   9.280305e+00 0.000000e+00 -1.303385e+01
      vertex   9.363902e+00 0.000000e+00 -1.061638e+01
      vertex   9.363582e+00 0.000000e+00 -1.039009e+01
    endloop
  endfacet
  facet normal -0.000000e+00 -1.000000e+00 0.000000e+00
    outer loop
      vertex   9.664190e+00 0.000000e+00 -9.780897e+00
      vertex   9.668717e+00 0.000000e+00 -9.776421e+00
      vertex   6.187979e+00 0.000000e+00 -1.227890e+01
    endloop
  endfacet
  facet normal 0.000000e+00 -1.000000e+00 0.000000e+00
    outer loop
      vertex   6.187979e+00 0.000000e+00 -1.227890e+01
      vertex   9.668717e+00 0.000000e+00 -9.776421e+00
      vertex   1.219199e+01 0.000000e+00 -6.357513e+00
    endloop
  endfacet
  facet normal 0.000000e+00 -1.000000e+00 0.000000e+00
    outer loop
      vertex   6.187979e+00 0.000000e+00 -1.227890e+01
      vertex   1.219199e+01 0.000000e+00 -6.357513e+00
      vertex   1.219493e+01 0.000000e+00 -6.351867e+00
    endloop
  endfacet
  facet normal 0.000000e+00 -1.000000e+00 0.000000e+00
    outer loop
      vertex   1.219199e+01 0.000000e+00 -6.357513e+00
      vertex   9.668717e+00 0.000000e+00 -9.776421e+00
      vertex   1.211073e+01 0.000000e+00 -6.568718e+00
    endloop
  endfacet
  facet normal 0.000000e+00 -1.000000e+00 0.000000e+00
    outer loop
      vertex   1.211073e+01 0.000000e+00 -6.568718e+00
      vertex   9.668717e+00 0.000000e+00 -9.776421e+00
      vertex   9.846589e+00 0.000000e+00 -9.636521e+00
    endloop
  endfacet
  facet normal 0.000000e+00 -1.000000e+00 0.000000e+00
    outer loop
      vertex   1.211073e+01 0.000000e+00 -6.568718e+00
      vertex   9.846589e+00 0.000000e+00 -9.636521e+00
      vertex   1.207904e+01 0.000000e+00 -6.792786e+00
    endloop
  endfacet
  facet normal 0.000000e+00 -1.000000e+00 0.000000e+00
    outer loop
      vertex   1.207904e+01 0.000000e+00 -6.792786e+00
      vertex   9.846589e+00 0.000000e+00 -9.636521e+00
      vertex   1.005136e+01 0.000000e+00 -9.540197e+00
    endloop
  endfacet
  facet normal 0.000000e+00 -1.000000e+00 0.000000e+00
    outer loop
      vertex   1.207904e+01 0.000000e+00 -6.792786e+00
      vertex   1.005136e+01 0.000000e+00 -9.540197e+00
      vertex   1.027255e+01 0.000000e+00 -9.492380e+00
    endloop
  endfacet
  facet normal 0.000000e+00 -1.000000e+00 0.000000e+00
    outer loop
      vertex   1.027255e+01 0.000000e+00 -9.492380e+00
      vertex   1.049883e+01 0.000000e+00 -9.495521e+00
      vertex   1.207904e+01 0.000000e+00 -6.792786e+00
    endloop
  endfacet
  facet normal 0.000000e+00 -1.000000e+00 0.000000e+00
    outer loop
      vertex   1.207904e+01 0.000000e+00 -6.792786e+00
      vertex   1.049883e+01 0.000000e+00 -9.495521e+00
      vertex   1.071860e+01 0.000000e+00 -9.549459e+00
    endloop
  endfacet
  facet normal 0.000000e+00 -1.000000e+00 0.000000e+00
    outer loop
      vertex   1.207904e+01 0.000000e+00 -6.792786e+00
      vertex   1.071860e+01 0.000000e+00 -9.549459e+00
      vertex   1.167868e+01 0.000000e+00 -9.904332e+00
    endloop
  endfacet
  facet normal 0.000000e+00 -1.000000e+00 0.000000e+00
    outer loop
      vertex   1.167868e+01 0.000000e+00 -9.904332e+00
      vertex   1.192929e+01 0.000000e+00 -9.961730e+00
      vertex   1.207904e+01 0.000000e+00 -6.792786e+00
    endloop
  endfacet
  facet normal 0.000000e+00 -1.000000e+00 -0.000000e+00
    outer loop
      vertex   1.207904e+01 0.000000e+00 -6.792786e+00
      vertex   1.192929e+01 0.000000e+00 -9.961730e+00
      vertex   1.209855e+01 0.000000e+00 -7.018241e+00
    endloop
  endfacet
  facet normal 0.000000e+00 -1.000000e+00 -0.000000e+00
    outer loop
      vertex   1.209855e+01 0.000000e+00 -7.018241e+00
      vertex   1.192929e+01 0.000000e+00 -9.961730e+00
      vertex   1.216825e+01 0.000000e+00 -7.233538e+00
    endloop
  endfacet
  facet normal 0.000000e+00 -1.000000e+00 -0.000000e+00
    outer loop
      vertex   1.216825e+01 0.000000e+00 -7.233538e+00
      vertex   1.192929e+01 0.000000e+00 -9.961730e+00
      vertex   1.228457e+01 0.000000e+00 -7.427651e+00
    endloop
  endfacet
  facet normal 0.000000e+00 -1.000000e+00 -0.000000e+00
    outer loop
      vertex   1.228457e+01 0.000000e+00 -7.427651e+00
      vertex   1.192929e+01 0.000000e+00 -9.961730e+00
      vertex   1.290666e+01 0.000000e+00 -8.240474e+00
    endloop
  endfacet
  facet normal 0.000000e+00 -1.000000e+00 -0.000000e+00
    outer loop
      vertex   1.290666e+01 0.000000e+00 -8.240474e+00
      vertex   1.192929e+01 0.000000e+00 -9.961730e+00
      vertex   1.303538e+01 0.000000e+00 -8.463030e+00
    endloop
  endfacet
  facet normal 0.000000e+00 -1.000000e+00 -0.000000e+00
    outer loop
      vertex   1.303538e+01 0.000000e+00 -8.463030e+00
      vertex   1.192929e+01 0.000000e+00 -9.961730e+00
      vertex   1.310309e+01 0.000000e+00 -8.711049e+00
    endloop
  endfacet
  facet normal 0.000000e+00 -1.000000e+00 -0.000000e+00
    outer loop
      vertex   1.310309e+01 0.000000e+00 -8.711049e+00
      vertex   1.192929e+01 0.000000e+00 -9.961730e+00
      vertex   1.310534e+01 0.000000e+00 -8.968136e+00
    endloop
  endfacet
  facet normal 0.000000e+00 -1.000000e+00 0.000000e+00
    outer loop
      vertex   1.310534e+01 0.000000e+00 -8.968136e+00
      vertex   1.192929e+01 0.000000e+00 -9.961730e+00
      vertex   1.304196e+01 0.000000e+00 -9.217299e+00
    endloop
  endfacet
  facet normal 0.000000e+00 -1.000000e+00 0.000000e+00
    outer loop
      vertex   1.304196e+01 0.000000e+00 -9.217299e+00
      vertex   1.192929e+01 0.000000e+00 -9.961730e+00
      vertex   1.291715e+01 0.000000e+00 -9.442068e+00
    endloop
  endfacet
  facet normal 0.000000e+00 -1.000000e+00 0.000000e+00
    outer loop
      vertex   1.291715e+01 0.000000e+00 -9.442068e+00
      vertex   1.192929e+01 0.000000e+00 -9.961730e+00
      vertex   1.282998e+01 0.000000e+00 -9.560178e+00
    endloop
  endfacet
  facet normal 0.000000e+00 -1.000000e+00 0.000000e+00
    outer loop
      vertex   1.282998e+01 0.000000e+00 -9.560178e+00
      vertex   1.192929e+01 0.000000e+00 -9.961730e+00
      vertex   1.265199e+01 0.000000e+00 -9.745696e+00
    endloop
  endfacet
  facet normal 0.000000e+00 -1.000000e+00 0.000000e+00
    outer loop
      vertex   1.265199e+01 0.000000e+00 -9.745696e+00
      vertex   1.192929e+01 0.000000e+00 -9.961730e+00
      vertex   1.243257e+01 0.000000e+00 -9.879701e+00
    endloop
  endfacet
  facet normal 0.000000e+00 -1.000000e+00 0.000000e+00
    outer loop
      vertex   1.243257e+01 0.000000e+00 -9.879701e+00
      vertex   1.192929e+01 0.000000e+00 -9.961730e+00
      vertex   1.218625e+01 0.000000e+00 -9.953334e+00
    endloop
  endfacet
  facet normal -0.000000e+00 -1.000000e+00 0.000000e+00
    outer loop
      vertex   1.219493e+01 0.000000e+00 -6.351867e+00
      vertex   1.219787e+01 0.000000e+00 -6.346220e+00
      vertex   6.187979e+00 0.000000e+00 -1.227890e+01
    endloop
  endfacet
  facet normal 0.000000e+00 -1.000000e+00 0.000000e+00
    outer loop
      vertex   6.187979e+00 0.000000e+00 -1.227890e+01
      vertex   1.219787e+01 0.000000e+00 -6.346220e+00
      vertex   1.220081e+01 0.000000e+00 -6.340571e+00
    endloop
  endfacet
  facet normal 0.000000e+00 -1.000000e+00 0.000000e+00
    outer loop
      vertex   6.187979e+00 0.000000e+00 -1.227890e+01
      vertex   1.220081e+01 0.000000e+00 -6.340571e+00
      vertex   1.224464e+01 0.000000e+00 6.489536e+00
    endloop
  endfacet
  facet normal 0.000000e+00 -1.000000e+00 -0.000000e+00
    outer loop
      vertex   1.224464e+01 0.000000e+00 6.489536e+00
      vertex   1.220081e+01 0.000000e+00 -6.340571e+00
      vertex   1.227073e+01 0.000000e+00 6.264748e+00
    endloop
  endfacet
  facet normal 0.000000e+00 -1.000000e+00 -0.000000e+00
    outer loop
      vertex   1.227073e+01 0.000000e+00 6.264748e+00
      vertex   1.220081e+01 0.000000e+00 -6.340571e+00
      vertex   1.234669e+01 0.000000e+00 6.051582e+00
    endloop
  endfacet
  facet normal 0.000000e+00 -1.000000e+00 -0.000000e+00
    outer loop
      vertex   1.234669e+01 0.000000e+00 6.051582e+00
      vertex   1.220081e+01 0.000000e+00 -6.340571e+00
      vertex   1.360757e+01 0.000000e+00 1.973992e+00
    endloop
  endfacet
  facet normal 0.000000e+00 -1.000000e+00 0.000000e+00
    outer loop
      vertex   1.234669e+01 0.000000e+00 6.051582e+00
      vertex   1.360757e+01 0.000000e+00 1.973992e+00
      vertex   1.234949e+01 0.000000e+00 6.045865e+00
    endloop
  endfacet
  facet normal 0.000000e+00 -1.000000e+00 0.000000e+00
    outer loop
      vertex   1.234949e+01 0.000000e+00 6.045865e+00
      vertex   1.360757e+01 0.000000e+00 1.973992e+00
      vertex   1.235229e+01 0.000000e+00 6.040146e+00
    endloop
  endfacet
  facet normal 0.000000e+00 -1.000000e+00 0.000000e+00
    outer loop
      vertex   1.235229e+01 0.000000e+00 6.040146e+00
      vertex   1.360757e+01 0.000000e+00 1.973992e+00
      vertex   1.235509e+01 0.000000e+00 6.034426e+00
    endloop
  endfacet
  facet normal 0.000000e+00 -1.000000e+00 0.000000e+00
    outer loop
      vertex   1.235509e+01 0.000000e+00 6.034426e+00
      vertex   1.360757e+01 0.000000e+00 1.973992e+00
      vertex   1.247677e+01 0.000000e+00 5.843629e+00
    endloop
  endfacet
  facet normal 0.000000e+00 -1.000000e+00 0.000000e+00
    outer loop
      vertex   1.247677e+01 0.000000e+00 5.843629e+00
      vertex   1.360757e+01 0.000000e+00 1.973992e+00
      vertex   1.263824e+01 0.000000e+00 5.685078e+00
    endloop
  endfacet
  facet normal 0.000000e+00 -1.000000e+00 0.000000e+00
    outer loop
      vertex   1.263824e+01 0.000000e+00 5.685078e+00
      vertex   1.360757e+01 0.000000e+00 1.973992e+00
      vertex   1.283122e+01 0.000000e+00 5.566892e+00
    endloop
  endfacet
  facet normal 0.000000e+00 -1.000000e+00 0.000000e+00
    outer loop
      vertex   1.283122e+01 0.000000e+00 5.566892e+00
      vertex   1.360757e+01 0.000000e+00 1.973992e+00
      vertex   1.360063e+01 0.000000e+00 2.200183e+00
    endloop
  endfacet
  facet normal 0.000000e+00 -1.000000e+00 0.000000e+00
    outer loop
      vertex   1.283122e+01 0.000000e+00 5.566892e+00
      vertex   1.360063e+01 0.000000e+00 2.200183e+00
      vertex   1.364472e+01 0.000000e+00 2.422142e+00
    endloop
  endfacet
  facet normal -0.000000e+00 -1.000000e+00 0.000000e+00
    outer loop
      vertex   1.232721e+01 0.000000e+00 -6.152868e+00
      vertex   1.354155e+01 0.000000e+00 -2.538572e+00
      vertex   1.220081e+01 0.000000e+00 -6.340571e+00
    endloop
  endfacet
  facet normal 0.000000e+00 -1.000000e+00 0.000000e+00
    outer loop
      vertex   1.220081e+01 0.000000e+00 -6.340571e+00
      vertex   1.354155e+01 0.000000e+00 -2.538572e+00
      vertex   1.355412e+01 0.000000e+00 -2.312625e+00
    endloop
  endfacet
  facet normal 0.000000e+00 -1.000000e+00 0.000000e+00
    outer loop
      vertex   1.220081e+01 0.000000e+00 -6.340571e+00
      vertex   1.355412e+01 0.000000e+00 -2.312625e+00
      vertex   1.360757e+01 0.000000e+00 1.973992e+00
    endloop
  endfacet
  facet normal 0.000000e+00 -1.000000e+00 -0.000000e+00
    outer loop
      vertex   1.360757e+01 0.000000e+00 1.973992e+00
      vertex   1.355412e+01 0.000000e+00 -2.312625e+00
      vertex   1.360848e+01 0.000000e+00 1.967692e+00
    endloop
  endfacet
  facet normal 0.000000e+00 -1.000000e+00 -0.000000e+00
    outer loop
      vertex   1.360848e+01 0.000000e+00 1.967692e+00
      vertex   1.355412e+01 0.000000e+00 -2.312625e+00
      vertex   1.360939e+01 0.000000e+00 1.961390e+00
    endloop
  endfacet
  facet normal 0.000000e+00 -1.000000e+00 -0.000000e+00
    outer loop
      vertex   1.360939e+01 0.000000e+00 1.961390e+00
      vertex   1.355412e+01 0.000000e+00 -2.312625e+00
      vertex   1.361029e+01 0.000000e+00 1.955089e+00
    endloop
  endfacet
  facet normal 0.000000e+00 -1.000000e+00 0.000000e+00
    outer loop
      vertex   1.361029e+01 0.000000e+00 1.955089e+00
      vertex   1.355412e+01 0.000000e+00 -2.312625e+00
      vertex   1.355519e+01 0.000000e+00 -2.306349e+00
    endloop
  endfacet
  facet normal 0.000000e+00 -1.000000e+00 0.000000e+00
    outer loop
      vertex   1.361029e+01 0.000000e+00 1.955089e+00
      vertex   1.355519e+01 0.000000e+00 -2.306349e+00
      vertex   1.355626e+01 0.000000e+00 -2.300072e+00
    endloop
  endfacet
  facet normal 0.000000e+00 -1.000000e+00 -0.000000e+00
    outer loop
      vertex   1.354155e+01 0.000000e+00 -2.538572e+00
      vertex   1.232721e+01 0.000000e+00 -6.152868e+00
      vertex   1.358010e+01 0.000000e+00 -2.761562e+00
    endloop
  endfacet
  facet normal 0.000000e+00 -1.000000e+00 0.000000e+00
    outer loop
      vertex   1.358010e+01 0.000000e+00 -2.761562e+00
      vertex   1.232721e+01 0.000000e+00 -6.152868e+00
      vertex   1.249258e+01 0.000000e+00 -5.998391e+00
    endloop
  endfacet
  facet normal 0.000000e+00 -1.000000e+00 -0.000000e+00
    outer loop
      vertex   1.358010e+01 0.000000e+00 -2.761562e+00
      vertex   1.249258e+01 0.000000e+00 -5.998391e+00
      vertex   1.366780e+01 0.000000e+00 -2.970175e+00
    endloop
  endfacet
  facet normal 0.000000e+00 -1.000000e+00 0.000000e+00
    outer loop
      vertex   1.366780e+01 0.000000e+00 -2.970175e+00
      vertex   1.249258e+01 0.000000e+00 -5.998391e+00
      vertex   1.268845e+01 0.000000e+00 -5.885053e+00
    endloop
  endfacet
  facet normal 0.000000e+00 -1.000000e+00 -0.000000e+00
    outer loop
      vertex   1.366780e+01 0.000000e+00 -2.970175e+00
      vertex   1.268845e+01 0.000000e+00 -5.885053e+00
      vertex   1.380015e+01 0.000000e+00 -3.153727e+00
    endloop
  endfacet
  facet normal 0.000000e+00 -1.000000e+00 -0.000000e+00
    outer loop
      vertex   1.380015e+01 0.000000e+00 -3.153727e+00
      vertex   1.268845e+01 0.000000e+00 -5.885053e+00
      vertex   1.397040e+01 0.000000e+00 -3.302819e+00
    endloop
  endfacet
  facet normal 0.000000e+00 -1.000000e+00 0.000000e+00
    outer loop
      vertex   1.397040e+01 0.000000e+00 -3.302819e+00
      vertex   1.268845e+01 0.000000e+00 -5.885053e+00
      vertex   1.290479e+01 0.000000e+00 -5.818656e+00
    endloop
  endfacet
  facet normal 0.000000e+00 -1.000000e+00 0.000000e+00
    outer loop
      vertex   1.397040e+01 0.000000e+00 -3.302819e+00
      vertex   1.290479e+01 0.000000e+00 -5.818656e+00
      vertex   1.313051e+01 0.000000e+00 -5.802602e+00
    endloop
  endfacet
  facet normal 0.000000e+00 -1.000000e+00 0.000000e+00
    outer loop
      vertex   1.415316e+01 0.000000e+00 -5.845976e+00
      vertex   1.503093e+01 0.000000e+00 -5.396523e+00
      vertex   1.313051e+01 0.000000e+00 -5.802602e+00
    endloop
  endfacet
  facet normal 0.000000e+00 -1.000000e+00 0.000000e+00
    outer loop
      vertex   1.313051e+01 0.000000e+00 -5.802602e+00
      vertex   1.503093e+01 0.000000e+00 -5.396523e+00
      vertex   1.514346e+01 0.000000e+00 -5.165361e+00
    endloop
  endfacet
  facet normal 0.000000e+00 -1.000000e+00 0.000000e+00
    outer loop
      vertex   1.313051e+01 0.000000e+00 -5.802602e+00
      vertex   1.514346e+01 0.000000e+00 -5.165361e+00
      vertex   1.519021e+01 0.000000e+00 -5.026211e+00
    endloop
  endfacet
  facet normal -0.000000e+00 -1.000000e+00 0.000000e+00
    outer loop
      vertex   1.440929e+01 0.000000e+00 -5.823761e+00
      vertex   1.465130e+01 0.000000e+00 -5.736975e+00
      vertex   1.415316e+01 0.000000e+00 -5.845976e+00
    endloop
  endfacet
  facet normal 0.000000e+00 -1.000000e+00 0.000000e+00
    outer loop
      vertex   1.415316e+01 0.000000e+00 -5.845976e+00
      vertex   1.465130e+01 0.000000e+00 -5.736975e+00
      vertex   1.486318e+01 0.000000e+00 -5.591353e+00
    endloop
  endfacet
  facet normal 0.000000e+00 -1.000000e+00 0.000000e+00
    outer loop
      vertex   1.415316e+01 0.000000e+00 -5.845976e+00
      vertex   1.486318e+01 0.000000e+00 -5.591353e+00
      vertex   1.503093e+01 0.000000e+00 -5.396523e+00
    endloop
  endfacet
  facet normal -0.000000e+00 -1.000000e+00 0.000000e+00
    outer loop
      vertex   1.519021e+01 0.000000e+00 -5.026211e+00
      vertex   1.524009e+01 0.000000e+00 -4.773998e+00
      vertex   1.313051e+01 0.000000e+00 -5.802602e+00
    endloop
  endfacet
  facet normal 0.000000e+00 -1.000000e+00 0.000000e+00
    outer loop
      vertex   1.313051e+01 0.000000e+00 -5.802602e+00
      vertex   1.524009e+01 0.000000e+00 -4.773998e+00
      vertex   1.522401e+01 0.000000e+00 -4.517404e+00
    endloop
  endfacet
  facet normal 0.000000e+00 -1.000000e+00 0.000000e+00
    outer loop
      vertex   1.313051e+01 0.000000e+00 -5.802602e+00
      vertex   1.522401e+01 0.000000e+00 -4.517404e+00
      vertex   1.514304e+01 0.000000e+00 -4.273391e+00
    endloop
  endfacet
  facet normal -0.000000e+00 -1.000000e+00 0.000000e+00
    outer loop
      vertex   1.514304e+01 0.000000e+00 -4.273391e+00
      vertex   1.500253e+01 0.000000e+00 -4.058086e+00
      vertex   1.313051e+01 0.000000e+00 -5.802602e+00
    endloop
  endfacet
  facet normal 0.000000e+00 -1.000000e+00 0.000000e+00
    outer loop
      vertex   1.313051e+01 0.000000e+00 -5.802602e+00
      vertex   1.500253e+01 0.000000e+00 -4.058086e+00
      vertex   1.481177e+01 0.000000e+00 -3.885721e+00
    endloop
  endfacet
  facet normal 0.000000e+00 -1.000000e+00 0.000000e+00
    outer loop
      vertex   1.313051e+01 0.000000e+00 -5.802602e+00
      vertex   1.481177e+01 0.000000e+00 -3.885721e+00
      vertex   1.397040e+01 0.000000e+00 -3.302819e+00
    endloop
  endfacet
  facet normal 0.000000e+00 -1.000000e+00 0.000000e+00
    outer loop
      vertex   1.355626e+01 0.000000e+00 -2.300072e+00
      vertex   1.355732e+01 0.000000e+00 -2.293795e+00
      vertex   1.361029e+01 0.000000e+00 1.955089e+00
    endloop
  endfacet
  facet normal 0.000000e+00 -1.000000e+00 -0.000000e+00
    outer loop
      vertex   1.361029e+01 0.000000e+00 1.955089e+00
      vertex   1.355732e+01 0.000000e+00 -2.293795e+00
      vertex   1.366761e+01 0.000000e+00 1.736170e+00
    endloop
  endfacet
  facet normal 0.000000e+00 -1.000000e+00 0.000000e+00
    outer loop
      vertex   1.366761e+01 0.000000e+00 1.736170e+00
      vertex   1.355732e+01 0.000000e+00 -2.293795e+00
      vertex   1.362008e+01 0.000000e+00 -2.076373e+00
    endloop
  endfacet
  facet normal 0.000000e+00 -1.000000e+00 -0.000000e+00
    outer loop
      vertex   1.366761e+01 0.000000e+00 1.736170e+00
      vertex   1.362008e+01 0.000000e+00 -2.076373e+00
      vertex   1.377268e+01 0.000000e+00 1.535744e+00
    endloop
  endfacet
  facet normal 0.000000e+00 -1.000000e+00 0.000000e+00
    outer loop
      vertex   1.377268e+01 0.000000e+00 1.535744e+00
      vertex   1.362008e+01 0.000000e+00 -2.076373e+00
      vertex   1.373011e+01 0.000000e+00 -1.878629e+00
    endloop
  endfacet
  facet normal 0.000000e+00 -1.000000e+00 -0.000000e+00
    outer loop
      vertex   1.377268e+01 0.000000e+00 1.535744e+00
      vertex   1.373011e+01 0.000000e+00 -1.878629e+00
      vertex   1.392012e+01 0.000000e+00 1.364074e+00
    endloop
  endfacet
  facet normal 0.000000e+00 -1.000000e+00 0.000000e+00
    outer loop
      vertex   1.392012e+01 0.000000e+00 1.364074e+00
      vertex   1.373011e+01 0.000000e+00 -1.878629e+00
      vertex   1.388179e+01 0.000000e+00 -1.710688e+00
    endloop
  endfacet
  facet normal 0.000000e+00 -1.000000e+00 -0.000000e+00
    outer loop
      vertex   1.392012e+01 0.000000e+00 1.364074e+00
      vertex   1.388179e+01 0.000000e+00 -1.710688e+00
      vertex   1.410239e+01 0.000000e+00 1.229952e+00
    endloop
  endfacet
  facet normal 0.000000e+00 -1.000000e+00 0.000000e+00
    outer loop
      vertex   1.410239e+01 0.000000e+00 1.229952e+00
      vertex   1.388179e+01 0.000000e+00 -1.710688e+00
      vertex   1.406735e+01 0.000000e+00 -1.581152e+00
    endloop
  endfacet
  facet normal 0.000000e+00 -1.000000e+00 -0.000000e+00
    outer loop
      vertex   1.410239e+01 0.000000e+00 1.229952e+00
      vertex   1.406735e+01 0.000000e+00 -1.581152e+00
      vertex   1.431015e+01 0.000000e+00 1.140246e+00
    endloop
  endfacet
  facet normal 0.000000e+00 -1.000000e+00 0.000000e+00
    outer loop
      vertex   1.431015e+01 0.000000e+00 1.140246e+00
      vertex   1.406735e+01 0.000000e+00 -1.581152e+00
      vertex   1.427728e+01 0.000000e+00 -1.496653e+00
    endloop
  endfacet
  facet normal 0.000000e+00 -1.000000e+00 -0.000000e+00
    outer loop
      vertex   1.431015e+01 0.000000e+00 1.140246e+00
      vertex   1.427728e+01 0.000000e+00 -1.496653e+00
      vertex   1.528973e+01 0.000000e+00 8.434280e-01
    endloop
  endfacet
  facet normal 0.000000e+00 -1.000000e+00 0.000000e+00
    outer loop
      vertex   1.528973e+01 0.000000e+00 8.434280e-01
      vertex   1.427728e+01 0.000000e+00 -1.496653e+00
      vertex   1.526395e+01 0.000000e+00 -1.224349e+00
    endloop
  endfacet
  facet normal 0.000000e+00 -1.000000e+00 -0.000000e+00
    outer loop
      vertex   1.528973e+01 0.000000e+00 8.434280e-01
      vertex   1.526395e+01 0.000000e+00 -1.224349e+00
      vertex   1.599967e+01 0.000000e+00 -1.260698e-01
    endloop
  endfacet
  facet normal 0.000000e+00 -1.000000e+00 0.000000e+00
    outer loop
      vertex   1.599967e+01 0.000000e+00 -1.260698e-01
      vertex   1.526395e+01 0.000000e+00 -1.224349e+00
      vertex   1.599784e+01 0.000000e+00 -2.728523e-01
    endloop
  endfacet
  facet normal 0.000000e+00 -1.000000e+00 0.000000e+00
    outer loop
      vertex   1.599784e+01 0.000000e+00 -2.728523e-01
      vertex   1.526395e+01 0.000000e+00 -1.224349e+00
      vertex   1.596162e+01 0.000000e+00 -5.273845e-01
    endloop
  endfacet
  facet normal 0.000000e+00 -1.000000e+00 0.000000e+00
    outer loop
      vertex   1.596162e+01 0.000000e+00 -5.273845e-01
      vertex   1.526395e+01 0.000000e+00 -1.224349e+00
      vertex   1.586169e+01 0.000000e+00 -7.642684e-01
    endloop
  endfacet
  facet normal 0.000000e+00 -1.000000e+00 0.000000e+00
    outer loop
      vertex   1.586169e+01 0.000000e+00 -7.642684e-01
      vertex   1.526395e+01 0.000000e+00 -1.224349e+00
      vertex   1.570467e+01 0.000000e+00 -9.678462e-01
    endloop
  endfacet
  facet normal 0.000000e+00 -1.000000e+00 0.000000e+00
    outer loop
      vertex   1.570467e+01 0.000000e+00 -9.678462e-01
      vertex   1.526395e+01 0.000000e+00 -1.224349e+00
      vertex   1.550094e+01 0.000000e+00 -1.124662e+00
    endloop
  endfacet
  facet normal 0.000000e+00 -1.000000e+00 0.000000e+00
    outer loop
      vertex   1.599967e+01 0.000000e+00 -1.260698e-01
      vertex   1.596980e+01 0.000000e+00 1.292865e-01
      vertex   1.528973e+01 0.000000e+00 8.434280e-01
    endloop
  endfacet
  facet normal 0.000000e+00 -1.000000e+00 0.000000e+00
    outer loop
      vertex   1.528973e+01 0.000000e+00 8.434280e-01
      vertex   1.596980e+01 0.000000e+00 1.292865e-01
      vertex   1.587582e+01 0.000000e+00 3.685879e-01
    endloop
  endfacet
  facet normal 0.000000e+00 -1.000000e+00 0.000000e+00
    outer loop
      vertex   1.528973e+01 0.000000e+00 8.434280e-01
      vertex   1.587582e+01 0.000000e+00 3.685879e-01
      vertex   1.572392e+01 0.000000e+00 5.760171e-01
    endloop
  endfacet
  facet normal 0.000000e+00 -1.000000e+00 0.000000e+00
    outer loop
      vertex   1.572392e+01 0.000000e+00 5.760171e-01
      vertex   1.552416e+01 0.000000e+00 7.378630e-01
      vertex   1.528973e+01 0.000000e+00 8.434280e-01
    endloop
  endfacet
  facet normal 0.000000e+00 -1.000000e+00 0.000000e+00
    outer loop
      vertex   1.364472e+01 0.000000e+00 2.422142e+00
      vertex   1.373760e+01 0.000000e+00 2.628504e+00
      vertex   1.283122e+01 0.000000e+00 5.566892e+00
    endloop
  endfacet
  facet normal 0.000000e+00 -1.000000e+00 0.000000e+00
    outer loop
      vertex   1.283122e+01 0.000000e+00 5.566892e+00
      vertex   1.373760e+01 0.000000e+00 2.628504e+00
      vertex   1.387449e+01 0.000000e+00 2.808699e+00
    endloop
  endfacet
  facet normal 0.000000e+00 -1.000000e+00 0.000000e+00
    outer loop
      vertex   1.283122e+01 0.000000e+00 5.566892e+00
      vertex   1.387449e+01 0.000000e+00 2.808699e+00
      vertex   1.304584e+01 0.000000e+00 5.495122e+00
    endloop
  endfacet
  facet normal 0.000000e+00 -1.000000e+00 0.000000e+00
    outer loop
      vertex   1.304584e+01 0.000000e+00 5.495122e+00
      vertex   1.387449e+01 0.000000e+00 2.808699e+00
      vertex   1.404839e+01 0.000000e+00 2.953501e+00
    endloop
  endfacet
  facet normal 0.000000e+00 -1.000000e+00 0.000000e+00
    outer loop
      vertex   1.304584e+01 0.000000e+00 5.495122e+00
      vertex   1.404839e+01 0.000000e+00 2.953501e+00
      vertex   1.327109e+01 0.000000e+00 5.473446e+00
    endloop
  endfacet
  facet normal 0.000000e+00 -1.000000e+00 0.000000e+00
    outer loop
      vertex   1.327109e+01 0.000000e+00 5.473446e+00
      vertex   1.404839e+01 0.000000e+00 2.953501e+00
      vertex   1.490404e+01 0.000000e+00 3.515246e+00
    endloop
  endfacet
  facet normal 0.000000e+00 -1.000000e+00 0.000000e+00
    outer loop
      vertex   1.327109e+01 0.000000e+00 5.473446e+00
      vertex   1.490404e+01 0.000000e+00 3.515246e+00
      vertex   1.509904e+01 0.000000e+00 3.682801e+00
    endloop
  endfacet
  facet normal 0.000000e+00 -1.000000e+00 0.000000e+00
    outer loop
      vertex   1.509904e+01 0.000000e+00 3.682801e+00
      vertex   1.524487e+01 0.000000e+00 3.894536e+00
      vertex   1.327109e+01 0.000000e+00 5.473446e+00
    endloop
  endfacet
  facet normal 0.000000e+00 -1.000000e+00 0.000000e+00
    outer loop
      vertex   1.327109e+01 0.000000e+00 5.473446e+00
      vertex   1.524487e+01 0.000000e+00 3.894536e+00
      vertex   1.533190e+01 0.000000e+00 4.136455e+00
    endloop
  endfacet
  facet normal 0.000000e+00 -1.000000e+00 0.000000e+00
    outer loop
      vertex   1.327109e+01 0.000000e+00 5.473446e+00
      vertex   1.533190e+01 0.000000e+00 4.136455e+00
      vertex   1.535437e+01 0.000000e+00 4.392568e+00
    endloop
  endfacet
  facet normal 0.000000e+00 -1.000000e+00 0.000000e+00
    outer loop
      vertex   1.535437e+01 0.000000e+00 4.392568e+00
      vertex   1.531080e+01 0.000000e+00 4.645947e+00
      vertex   1.327109e+01 0.000000e+00 5.473446e+00
    endloop
  endfacet
  facet normal 0.000000e+00 -1.000000e+00 0.000000e+00
    outer loop
      vertex   1.327109e+01 0.000000e+00 5.473446e+00
      vertex   1.531080e+01 0.000000e+00 4.645947e+00
      vertex   1.526753e+01 0.000000e+00 4.786219e+00
    endloop
  endfacet
  facet normal 0.000000e+00 -1.000000e+00 0.000000e+00
    outer loop
      vertex   1.327109e+01 0.000000e+00 5.473446e+00
      vertex   1.526753e+01 0.000000e+00 4.786219e+00
      vertex   1.516080e+01 0.000000e+00 5.020114e+00
    endloop
  endfacet
  facet normal 0.000000e+00 -1.000000e+00 0.000000e+00
    outer loop
      vertex   1.327109e+01 0.000000e+00 5.473446e+00
      vertex   1.516080e+01 0.000000e+00 5.020114e+00
      vertex   1.429450e+01 0.000000e+00 5.491311e+00
    endloop
  endfacet
  facet normal 0.000000e+00 -1.000000e+00 0.000000e+00
    outer loop
      vertex   1.429450e+01 0.000000e+00 5.491311e+00
      vertex   1.516080e+01 0.000000e+00 5.020114e+00
      vertex   1.499796e+01 0.000000e+00 5.219066e+00
    endloop
  endfacet
  facet normal 0.000000e+00 -1.000000e+00 0.000000e+00
    outer loop
      vertex   1.429450e+01 0.000000e+00 5.491311e+00
      vertex   1.499796e+01 0.000000e+00 5.219066e+00
      vertex   1.478977e+01 0.000000e+00 5.369924e+00
    endloop
  endfacet
  facet normal 0.000000e+00 -1.000000e+00 0.000000e+00
    outer loop
      vertex   1.478977e+01 0.000000e+00 5.369924e+00
      vertex   1.455001e+01 0.000000e+00 5.462717e+00
      vertex   1.429450e+01 0.000000e+00 5.491311e+00
    endloop
  endfacet
  facet normal 0.000000e+00 -1.000000e+00 0.000000e+00
    outer loop
      vertex   1.028608e+01 0.000000e+00 9.286644e+00
      vertex   1.234480e+01 0.000000e+00 6.927927e+00
      vertex   1.050601e+01 0.000000e+00 9.233328e+00
    endloop
  endfacet
  facet normal 0.000000e+00 -1.000000e+00 0.000000e+00
    outer loop
      vertex   1.050601e+01 0.000000e+00 9.233328e+00
      vertex   1.234480e+01 0.000000e+00 6.927927e+00
      vertex   1.246592e+01 0.000000e+00 7.119079e+00
    endloop
  endfacet
  facet normal 0.000000e+00 -1.000000e+00 0.000000e+00
    outer loop
      vertex   1.050601e+01 0.000000e+00 9.233328e+00
      vertex   1.246592e+01 0.000000e+00 7.119079e+00
      vertex   1.073229e+01 0.000000e+00 9.230827e+00
    endloop
  endfacet
  facet normal 0.000000e+00 -1.000000e+00 0.000000e+00
    outer loop
      vertex   1.073229e+01 0.000000e+00 9.230827e+00
      vertex   1.246592e+01 0.000000e+00 7.119079e+00
      vertex   1.310809e+01 0.000000e+00 7.916141e+00
    endloop
  endfacet
  facet normal 0.000000e+00 -1.000000e+00 0.000000e+00
    outer loop
      vertex   1.073229e+01 0.000000e+00 9.230827e+00
      vertex   1.310809e+01 0.000000e+00 7.916141e+00
      vertex   1.095334e+01 0.000000e+00 9.279268e+00
    endloop
  endfacet
  facet normal 0.000000e+00 -1.000000e+00 0.000000e+00
    outer loop
      vertex   1.095334e+01 0.000000e+00 9.279268e+00
      vertex   1.310809e+01 0.000000e+00 7.916141e+00
      vertex   1.324231e+01 0.000000e+00 8.135419e+00
    endloop
  endfacet
  facet normal 0.000000e+00 -1.000000e+00 0.000000e+00
    outer loop
      vertex   1.095334e+01 0.000000e+00 9.279268e+00
      vertex   1.324231e+01 0.000000e+00 8.135419e+00
      vertex   1.331619e+01 0.000000e+00 8.381672e+00
    endloop
  endfacet
  facet normal 0.000000e+00 -1.000000e+00 0.000000e+00
    outer loop
      vertex   1.331619e+01 0.000000e+00 8.381672e+00
      vertex   1.332485e+01 0.000000e+00 8.638624e+00
      vertex   1.095334e+01 0.000000e+00 9.279268e+00
    endloop
  endfacet
  facet normal 0.000000e+00 -1.000000e+00 0.000000e+00
    outer loop
      vertex   1.095334e+01 0.000000e+00 9.279268e+00
      vertex   1.332485e+01 0.000000e+00 8.638624e+00
      vertex   1.326770e+01 0.000000e+00 8.889289e+00
    endloop
  endfacet
  facet normal 0.000000e+00 -1.000000e+00 0.000000e+00
    outer loop
      vertex   1.095334e+01 0.000000e+00 9.279268e+00
      vertex   1.326770e+01 0.000000e+00 8.889289e+00
      vertex   1.314853e+01 0.000000e+00 9.117100e+00
    endloop
  endfacet
  facet normal 0.000000e+00 -1.000000e+00 0.000000e+00
    outer loop
      vertex   1.095334e+01 0.000000e+00 9.279268e+00
      vertex   1.314853e+01 0.000000e+00 9.117100e+00
      vertex   1.192197e+01 0.000000e+00 9.610097e+00
    endloop
  endfacet
  facet normal 0.000000e+00 -1.000000e+00 0.000000e+00
    outer loop
      vertex   1.192197e+01 0.000000e+00 9.610097e+00
      vertex   1.314853e+01 0.000000e+00 9.117100e+00
      vertex   1.306433e+01 0.000000e+00 9.237346e+00
    endloop
  endfacet
  facet normal 0.000000e+00 -1.000000e+00 0.000000e+00
    outer loop
      vertex   1.192197e+01 0.000000e+00 9.610097e+00
      vertex   1.306433e+01 0.000000e+00 9.237346e+00
      vertex   1.289102e+01 0.000000e+00 9.427244e+00
    endloop
  endfacet
  facet normal 0.000000e+00 -1.000000e+00 0.000000e+00
    outer loop
      vertex   1.289102e+01 0.000000e+00 9.427244e+00
      vertex   1.267502e+01 0.000000e+00 9.566677e+00
      vertex   1.192197e+01 0.000000e+00 9.610097e+00
    endloop
  endfacet
  facet normal 0.000000e+00 -1.000000e+00 0.000000e+00
    outer loop
      vertex   1.192197e+01 0.000000e+00 9.610097e+00
      vertex   1.267502e+01 0.000000e+00 9.566677e+00
      vertex   1.243060e+01 0.000000e+00 9.646429e+00
    endloop
  endfacet
  facet normal 0.000000e+00 -1.000000e+00 0.000000e+00
    outer loop
      vertex   1.192197e+01 0.000000e+00 9.610097e+00
      vertex   1.243060e+01 0.000000e+00 9.646429e+00
      vertex   1.217393e+01 0.000000e+00 9.661228e+00
    endloop
  endfacet
  facet normal -0.000000e+00 -1.000000e+00 -0.000000e+00
    outer loop
      vertex   9.758523e+00 0.000000e+00 9.725692e+00
      vertex   6.509008e+00 0.000000e+00 1.211178e+01
      vertex   9.896194e+00 0.000000e+00 9.546090e+00
    endloop
  endfacet
  facet normal 0.000000e+00 -1.000000e+00 0.000000e+00
    outer loop
      vertex   9.896194e+00 0.000000e+00 9.546090e+00
      vertex   6.509008e+00 0.000000e+00 1.211178e+01
      vertex   6.503399e+00 0.000000e+00 1.211480e+01
    endloop
  endfacet
  facet normal 0.000000e+00 -1.000000e+00 0.000000e+00
    outer loop
      vertex   9.896194e+00 0.000000e+00 9.546090e+00
      vertex   6.503399e+00 0.000000e+00 1.211480e+01
      vertex   6.497789e+00 0.000000e+00 1.211781e+01
    endloop
  endfacet
  facet normal 0.000000e+00 -1.000000e+00 0.000000e+00
    outer loop
      vertex   6.509008e+00 0.000000e+00 1.211178e+01
      vertex   9.758523e+00 0.000000e+00 9.725692e+00
      vertex   6.719184e+00 0.000000e+00 1.202790e+01
    endloop
  endfacet
  facet normal 0.000000e+00 -1.000000e+00 0.000000e+00
    outer loop
      vertex   6.719184e+00 0.000000e+00 1.202790e+01
      vertex   9.758523e+00 0.000000e+00 9.725692e+00
      vertex   9.664759e+00 0.000000e+00 9.931650e+00
    endloop
  endfacet
  facet normal 0.000000e+00 -1.000000e+00 0.000000e+00
    outer loop
      vertex   6.719184e+00 0.000000e+00 1.202790e+01
      vertex   9.664759e+00 0.000000e+00 9.931650e+00
      vertex   9.619704e+00 0.000000e+00 1.015342e+01
    endloop
  endfacet
  facet normal -0.000000e+00 -1.000000e+00 0.000000e+00
    outer loop
      vertex   9.625665e+00 0.000000e+00 1.037964e+01
      vertex   9.602363e+00 0.000000e+00 1.279844e+01
      vertex   9.619704e+00 0.000000e+00 1.015342e+01
    endloop
  endfacet
  facet normal 0.000000e+00 -1.000000e+00 0.000000e+00
    outer loop
      vertex   9.619704e+00 0.000000e+00 1.015342e+01
      vertex   9.602363e+00 0.000000e+00 1.279844e+01
      vertex   7.580217e+00 0.000000e+00 1.219102e+01
    endloop
  endfacet
  facet normal 0.000000e+00 -1.000000e+00 0.000000e+00
    outer loop
      vertex   9.619704e+00 0.000000e+00 1.015342e+01
      vertex   7.580217e+00 0.000000e+00 1.219102e+01
      vertex   7.384669e+00 0.000000e+00 1.207712e+01
    endloop
  endfacet
  facet normal 0.000000e+00 -1.000000e+00 0.000000e+00
    outer loop
      vertex   9.625665e+00 0.000000e+00 1.037964e+01
      vertex   9.682338e+00 0.000000e+00 1.059872e+01
      vertex   9.602363e+00 0.000000e+00 1.279844e+01
    endloop
  endfacet
  facet normal 0.000000e+00 -1.000000e+00 0.000000e+00
    outer loop
      vertex   9.602363e+00 0.000000e+00 1.279844e+01
      vertex   9.682338e+00 0.000000e+00 1.059872e+01
      vertex   1.004915e+01 0.000000e+00 1.155430e+01
    endloop
  endfacet
  facet normal 0.000000e+00 -1.000000e+00 0.000000e+00
    outer loop
      vertex   9.602363e+00 0.000000e+00 1.279844e+01
      vertex   1.004915e+01 0.000000e+00 1.155430e+01
      vertex   1.010967e+01 0.000000e+00 1.180417e+01
    endloop
  endfacet
  facet normal 0.000000e+00 -1.000000e+00 0.000000e+00
    outer loop
      vertex   1.010967e+01 0.000000e+00 1.180417e+01
      vertex   1.010448e+01 0.000000e+00 1.206122e+01
      vertex   9.602363e+00 0.000000e+00 1.279844e+01
    endloop
  endfacet
  facet normal 0.000000e+00 -1.000000e+00 0.000000e+00
    outer loop
      vertex   9.602363e+00 0.000000e+00 1.279844e+01
      vertex   1.010448e+01 0.000000e+00 1.206122e+01
      vertex   9.719378e+00 0.000000e+00 1.270980e+01
    endloop
  endfacet
  facet normal 0.000000e+00 -1.000000e+00 0.000000e+00
    outer loop
      vertex   9.719378e+00 0.000000e+00 1.270980e+01
      vertex   1.010448e+01 0.000000e+00 1.206122e+01
      vertex   1.003392e+01 0.000000e+00 1.230844e+01
    endloop
  endfacet
  facet normal 0.000000e+00 -1.000000e+00 0.000000e+00
    outer loop
      vertex   9.719378e+00 0.000000e+00 1.270980e+01
      vertex   1.003392e+01 0.000000e+00 1.230844e+01
      vertex   9.902662e+00 0.000000e+00 1.252951e+01
    endloop
  endfacet
  facet normal 0.000000e+00 -1.000000e+00 0.000000e+00
    outer loop
      vertex   7.580217e+00 0.000000e+00 1.219102e+01
      vertex   9.602363e+00 0.000000e+00 1.279844e+01
      vertex   8.400732e+00 0.000000e+00 1.280293e+01
    endloop
  endfacet
  facet normal 0.000000e+00 -1.000000e+00 0.000000e+00
    outer loop
      vertex   8.400732e+00 0.000000e+00 1.280293e+01
      vertex   9.602363e+00 0.000000e+00 1.279844e+01
      vertex   9.379168e+00 0.000000e+00 1.292604e+01
    endloop
  endfacet
  facet normal 0.000000e+00 -1.000000e+00 0.000000e+00
    outer loop
      vertex   8.400732e+00 0.000000e+00 1.280293e+01
      vertex   9.379168e+00 0.000000e+00 1.292604e+01
      vertex   8.624876e+00 0.000000e+00 1.292886e+01
    endloop
  endfacet
  facet normal 0.000000e+00 -1.000000e+00 0.000000e+00
    outer loop
      vertex   8.624876e+00 0.000000e+00 1.292886e+01
      vertex   9.379168e+00 0.000000e+00 1.292604e+01
      vertex   9.130815e+00 0.000000e+00 1.299252e+01
    endloop
  endfacet
  facet normal 0.000000e+00 -1.000000e+00 0.000000e+00
    outer loop
      vertex   8.624876e+00 0.000000e+00 1.292886e+01
      vertex   9.130815e+00 0.000000e+00 1.299252e+01
      vertex   8.873719e+00 0.000000e+00 1.299348e+01
    endloop
  endfacet
  facet normal 0.000000e+00 -1.000000e+00 -0.000000e+00
    outer loop
      vertex   7.384669e+00 0.000000e+00 1.207712e+01
      vertex   7.168520e+00 0.000000e+00 1.201012e+01
      vertex   9.619704e+00 0.000000e+00 1.015342e+01
    endloop
  endfacet
  facet normal 0.000000e+00 -1.000000e+00 0.000000e+00
    outer loop
      vertex   9.619704e+00 0.000000e+00 1.015342e+01
      vertex   7.168520e+00 0.000000e+00 1.201012e+01
      vertex   6.942839e+00 0.000000e+00 1.199342e+01
    endloop
  endfacet
  facet normal 0.000000e+00 -1.000000e+00 0.000000e+00
    outer loop
      vertex   9.619704e+00 0.000000e+00 1.015342e+01
      vertex   6.942839e+00 0.000000e+00 1.199342e+01
      vertex   6.719184e+00 0.000000e+00 1.202790e+01
    endloop
  endfacet
  facet normal -0.000000e+00 -1.000000e+00 -0.000000e+00
    outer loop
      vertex   6.497789e+00 0.000000e+00 1.211781e+01
      vertex   6.492178e+00 0.000000e+00 1.212081e+01
      vertex   9.896194e+00 0.000000e+00 9.546090e+00
    endloop
  endfacet
  facet normal 0.000000e+00 -1.000000e+00 0.000000e+00
    outer loop
      vertex   5.583484e+00 0.000000e+00 1.496249e+01
      vertex   5.965840e+00 0.000000e+00 1.305716e+01
      vertex   5.919176e+00 0.000000e+00 1.457864e+01
    endloop
  endfacet
  facet normal 0.000000e+00 -1.000000e+00 0.000000e+00
    outer loop
      vertex   5.919176e+00 0.000000e+00 1.457864e+01
      vertex   5.965840e+00 0.000000e+00 1.305716e+01
      vertex   6.021960e+00 0.000000e+00 1.407918e+01
    endloop
  endfacet
  facet normal 0.000000e+00 -1.000000e+00 0.000000e+00
    outer loop
      vertex   5.919176e+00 0.000000e+00 1.457864e+01
      vertex   6.021960e+00 0.000000e+00 1.407918e+01
      vertex   6.002939e+00 0.000000e+00 1.433557e+01
    endloop
  endfacet
  facet normal 0.000000e+00 -1.000000e+00 0.000000e+00
    outer loop
      vertex   5.919176e+00 0.000000e+00 1.457864e+01
      vertex   5.776208e+00 0.000000e+00 1.479232e+01
      vertex   5.583484e+00 0.000000e+00 1.496249e+01
    endloop
  endfacet
  facet normal 0.000000e+00 -1.000000e+00 -0.000000e+00
    outer loop
      vertex   5.353743e+00 0.000000e+00 1.507789e+01
      vertex   4.070068e+00 0.000000e+00 1.476218e+01
      vertex   5.583484e+00 0.000000e+00 1.496249e+01
    endloop
  endfacet
  facet normal 0.000000e+00 -1.000000e+00 0.000000e+00
    outer loop
      vertex   5.583484e+00 0.000000e+00 1.496249e+01
      vertex   4.070068e+00 0.000000e+00 1.476218e+01
      vertex   3.476722e+00 0.000000e+00 1.392814e+01
    endloop
  endfacet
  facet normal 0.000000e+00 -1.000000e+00 0.000000e+00
    outer loop
      vertex   5.583484e+00 0.000000e+00 1.496249e+01
      vertex   3.476722e+00 0.000000e+00 1.392814e+01
      vertex   3.325519e+00 0.000000e+00 1.375977e+01
    endloop
  endfacet
  facet normal 0.000000e+00 -1.000000e+00 0.000000e+00
    outer loop
      vertex   4.070068e+00 0.000000e+00 1.476218e+01
      vertex   5.353743e+00 0.000000e+00 1.507789e+01
      vertex   4.244797e+00 0.000000e+00 1.495077e+01
    endloop
  endfacet
  facet normal 0.000000e+00 -1.000000e+00 0.000000e+00
    outer loop
      vertex   4.244797e+00 0.000000e+00 1.495077e+01
      vertex   5.353743e+00 0.000000e+00 1.507789e+01
      vertex   5.215187e+00 0.000000e+00 1.512637e+01
    endloop
  endfacet
  facet normal 0.000000e+00 -1.000000e+00 0.000000e+00
    outer loop
      vertex   4.244797e+00 0.000000e+00 1.495077e+01
      vertex   5.215187e+00 0.000000e+00 1.512637e+01
      vertex   4.461836e+00 0.000000e+00 1.508859e+01
    endloop
  endfacet
  facet normal 0.000000e+00 -1.000000e+00 0.000000e+00
    outer loop
      vertex   4.461836e+00 0.000000e+00 1.508859e+01
      vertex   5.215187e+00 0.000000e+00 1.512637e+01
      vertex   4.706841e+00 0.000000e+00 1.516651e+01
    endloop
  endfacet
  facet normal 0.000000e+00 -1.000000e+00 0.000000e+00
    outer loop
      vertex   4.706841e+00 0.000000e+00 1.516651e+01
      vertex   5.215187e+00 0.000000e+00 1.512637e+01
      vertex   4.963615e+00 0.000000e+00 1.517939e+01
    endloop
  endfacet
  facet normal 0.000000e+00 -1.000000e+00 -0.000000e+00
    outer loop
      vertex   3.325519e+00 0.000000e+00 1.375977e+01
      vertex   3.140331e+00 0.000000e+00 1.362971e+01
      vertex   5.583484e+00 0.000000e+00 1.496249e+01
    endloop
  endfacet
  facet normal 0.000000e+00 -1.000000e+00 0.000000e+00
    outer loop
      vertex   2.468890e+00 0.000000e+00 1.352653e+01
      vertex   2.462627e+00 0.000000e+00 1.352767e+01
      vertex   -1.804203e+00 0.000000e+00 1.363112e+01
    endloop
  endfacet
  facet normal 0.000000e+00 -1.000000e+00 0.000000e+00
    outer loop
      vertex   -1.804203e+00 0.000000e+00 1.363112e+01
      vertex   2.462627e+00 0.000000e+00 1.352767e+01
      vertex   -1.797891e+00 0.000000e+00 1.363195e+01
    endloop
  endfacet
  facet normal 0.000000e+00 -1.000000e+00 0.000000e+00
    outer loop
      vertex   -1.797891e+00 0.000000e+00 1.363195e+01
      vertex   2.462627e+00 0.000000e+00 1.352767e+01
      vertex   -1.791579e+00 0.000000e+00 1.363278e+01
    endloop
  endfacet
  facet normal 0.000000e+00 -1.000000e+00 0.000000e+00
    outer loop
      vertex   -1.791579e+00 0.000000e+00 1.363278e+01
      vertex   2.462627e+00 0.000000e+00 1.352767e+01
      vertex   -1.785267e+00 0.000000e+00 1.363361e+01
    endloop
  endfacet
  facet normal 0.000000e+00 -1.000000e+00 0.000000e+00
    outer loop
      vertex   -1.785267e+00 0.000000e+00 1.363361e+01
      vertex   2.462627e+00 0.000000e+00 1.352767e+01
      vertex   2.246004e+00 0.000000e+00 1.359313e+01
    endloop
  endfacet
  facet normal 0.000000e+00 -1.000000e+00 0.000000e+00
    outer loop
      vertex   -1.785267e+00 0.000000e+00 1.363361e+01
      vertex   2.246004e+00 0.000000e+00 1.359313e+01
      vertex   -1.565650e+00 0.000000e+00 1.368819e+01
    endloop
  endfacet
  facet normal 0.000000e+00 -1.000000e+00 0.000000e+00
    outer loop
      vertex   -1.565650e+00 0.000000e+00 1.368819e+01
      vertex   2.246004e+00 0.000000e+00 1.359313e+01
      vertex   2.049647e+00 0.000000e+00 1.370563e+01
    endloop
  endfacet
  facet normal 0.000000e+00 -1.000000e+00 0.000000e+00
    outer loop
      vertex   -1.565650e+00 0.000000e+00 1.368819e+01
      vertex   2.049647e+00 0.000000e+00 1.370563e+01
      vertex   -1.363930e+00 0.000000e+00 1.379076e+01
    endloop
  endfacet
  facet normal 0.000000e+00 -1.000000e+00 0.000000e+00
    outer loop
      vertex   -1.363930e+00 0.000000e+00 1.379076e+01
      vertex   2.049647e+00 0.000000e+00 1.370563e+01
      vertex   1.883610e+00 0.000000e+00 1.385939e+01
    endloop
  endfacet
  facet normal 0.000000e+00 -1.000000e+00 0.000000e+00
    outer loop
      vertex   -1.363930e+00 0.000000e+00 1.379076e+01
      vertex   1.883610e+00 0.000000e+00 1.385939e+01
      vertex   -1.190435e+00 0.000000e+00 1.393605e+01
    endloop
  endfacet
  facet normal 0.000000e+00 -1.000000e+00 0.000000e+00
    outer loop
      vertex   -1.190435e+00 0.000000e+00 1.393605e+01
      vertex   1.883610e+00 0.000000e+00 1.385939e+01
      vertex   1.756397e+00 0.000000e+00 1.404654e+01
    endloop
  endfacet
  facet normal 0.000000e+00 -1.000000e+00 0.000000e+00
    outer loop
      vertex   -1.190435e+00 0.000000e+00 1.393605e+01
      vertex   1.756397e+00 0.000000e+00 1.404654e+01
      vertex   -1.054051e+00 0.000000e+00 1.411663e+01
    endloop
  endfacet
  facet normal 0.000000e+00 -1.000000e+00 0.000000e+00
    outer loop
      vertex   -1.054051e+00 0.000000e+00 1.411663e+01
      vertex   1.756397e+00 0.000000e+00 1.404654e+01
      vertex   1.674522e+00 0.000000e+00 1.425751e+01
    endloop
  endfacet
  facet normal 0.000000e+00 -1.000000e+00 0.000000e+00
    outer loop
      vertex   -1.054051e+00 0.000000e+00 1.411663e+01
      vertex   1.674522e+00 0.000000e+00 1.425751e+01
      vertex   -9.617622e-01 0.000000e+00 1.432325e+01
    endloop
  endfacet
  facet normal 0.000000e+00 -1.000000e+00 0.000000e+00
    outer loop
      vertex   -9.617622e-01 0.000000e+00 1.432325e+01
      vertex   1.674522e+00 0.000000e+00 1.425751e+01
      vertex   1.414540e+00 0.000000e+00 1.524750e+01
    endloop
  endfacet
  facet normal 0.000000e+00 -1.000000e+00 0.000000e+00
    outer loop
      vertex   -9.617622e-01 0.000000e+00 1.432325e+01
      vertex   1.414540e+00 0.000000e+00 1.524750e+01
      vertex   -6.527558e-01 0.000000e+00 1.529906e+01
    endloop
  endfacet
  facet normal 0.000000e+00 -1.000000e+00 0.000000e+00
    outer loop
      vertex   -6.527558e-01 0.000000e+00 1.529906e+01
      vertex   1.414540e+00 0.000000e+00 1.524750e+01
      vertex   1.317814e+00 0.000000e+00 1.548571e+01
    endloop
  endfacet
  facet normal 0.000000e+00 -1.000000e+00 0.000000e+00
    outer loop
      vertex   -6.527558e-01 0.000000e+00 1.529906e+01
      vertex   1.317814e+00 0.000000e+00 1.548571e+01
      vertex   -5.442766e-01 0.000000e+00 1.553215e+01
    endloop
  endfacet
  facet normal 0.000000e+00 -1.000000e+00 0.000000e+00
    outer loop
      vertex   -5.442766e-01 0.000000e+00 1.553215e+01
      vertex   1.317814e+00 0.000000e+00 1.548571e+01
      vertex   1.163550e+00 0.000000e+00 1.569139e+01
    endloop
  endfacet
  facet normal 0.000000e+00 -1.000000e+00 0.000000e+00
    outer loop
      vertex   -5.442766e-01 0.000000e+00 1.553215e+01
      vertex   1.163550e+00 0.000000e+00 1.569139e+01
      vertex   -3.799530e-01 0.000000e+00 1.572988e+01
    endloop
  endfacet
  facet normal 0.000000e+00 -1.000000e+00 0.000000e+00
    outer loop
      vertex   -3.799530e-01 0.000000e+00 1.572988e+01
      vertex   1.163550e+00 0.000000e+00 1.569139e+01
      vertex   -1.706464e-01 0.000000e+00 1.587918e+01
    endloop
  endfacet
  facet normal 0.000000e+00 -1.000000e+00 0.000000e+00
    outer loop
      vertex   -1.706464e-01 0.000000e+00 1.587918e+01
      vertex   1.163550e+00 0.000000e+00 1.569139e+01
      vertex   6.980818e-02 0.000000e+00 1.597017e+01
    endloop
  endfacet
  facet normal 0.000000e+00 -1.000000e+00 0.000000e+00
    outer loop
      vertex   6.980818e-02 0.000000e+00 1.597017e+01
      vertex   1.163550e+00 0.000000e+00 1.569139e+01
      vertex   3.255169e-01 0.000000e+00 1.599686e+01
    endloop
  endfacet
  facet normal 0.000000e+00 -1.000000e+00 0.000000e+00
    outer loop
      vertex   3.255169e-01 0.000000e+00 1.599686e+01
      vertex   1.163550e+00 0.000000e+00 1.569139e+01
      vertex   9.619459e-01 0.000000e+00 1.585093e+01
    endloop
  endfacet
  facet normal 0.000000e+00 -1.000000e+00 0.000000e+00
    outer loop
      vertex   3.255169e-01 0.000000e+00 1.599686e+01
      vertex   9.619459e-01 0.000000e+00 1.585093e+01
      vertex   4.722652e-01 0.000000e+00 1.599320e+01
    endloop
  endfacet
  facet normal 0.000000e+00 -1.000000e+00 0.000000e+00
    outer loop
      vertex   4.722652e-01 0.000000e+00 1.599320e+01
      vertex   9.619459e-01 0.000000e+00 1.585093e+01
      vertex   7.263261e-01 0.000000e+00 1.595380e+01
    endloop
  endfacet
  facet normal 0.000000e+00 -1.000000e+00 -0.000000e+00
    outer loop
      vertex   -2.030462e+00 0.000000e+00 1.362700e+01
      vertex   -5.687636e+00 0.000000e+00 1.254865e+01
      vertex   -1.804203e+00 0.000000e+00 1.363112e+01
    endloop
  endfacet
  facet normal 0.000000e+00 -1.000000e+00 0.000000e+00
    outer loop
      vertex   -1.804203e+00 0.000000e+00 1.363112e+01
      vertex   -5.687636e+00 0.000000e+00 1.254865e+01
      vertex   -5.879935e+00 0.000000e+00 1.242936e+01
    endloop
  endfacet
  facet normal 0.000000e+00 -1.000000e+00 -0.000000e+00
    outer loop
      vertex   -1.804203e+00 0.000000e+00 1.363112e+01
      vertex   -5.879935e+00 0.000000e+00 1.242936e+01
      vertex   1.207978e-01 0.000000e+00 2.997567e+00
    endloop
  endfacet
  facet normal 0.000000e+00 -1.000000e+00 0.000000e+00
    outer loop
      vertex   1.207978e-01 0.000000e+00 2.997567e+00
      vertex   -5.879935e+00 0.000000e+00 1.242936e+01
      vertex   -5.885689e+00 0.000000e+00 1.242663e+01
    endloop
  endfacet
  facet normal 0.000000e+00 -1.000000e+00 0.000000e+00
    outer loop
      vertex   1.207978e-01 0.000000e+00 2.997567e+00
      vertex   -5.885689e+00 0.000000e+00 1.242663e+01
      vertex   -5.891442e+00 0.000000e+00 1.242390e+01
    endloop
  endfacet
  facet normal 0.000000e+00 -1.000000e+00 0.000000e+00
    outer loop
      vertex   -5.687636e+00 0.000000e+00 1.254865e+01
      vertex   -2.030462e+00 0.000000e+00 1.362700e+01
      vertex   -5.527084e+00 0.000000e+00 1.270813e+01
    endloop
  endfacet
  facet normal 0.000000e+00 -1.000000e+00 0.000000e+00
    outer loop
      vertex   -5.527084e+00 0.000000e+00 1.270813e+01
      vertex   -2.030462e+00 0.000000e+00 1.362700e+01
      vertex   -2.251855e+00 0.000000e+00 1.367386e+01
    endloop
  endfacet
  facet normal 0.000000e+00 -1.000000e+00 0.000000e+00
    outer loop
      vertex   -5.527084e+00 0.000000e+00 1.270813e+01
      vertex   -2.251855e+00 0.000000e+00 1.367386e+01
      vertex   -5.406501e+00 0.000000e+00 1.289962e+01
    endloop
  endfacet
  facet normal 0.000000e+00 -1.000000e+00 0.000000e+00
    outer loop
      vertex   -5.406501e+00 0.000000e+00 1.289962e+01
      vertex   -2.251855e+00 0.000000e+00 1.367386e+01
      vertex   -5.332062e+00 0.000000e+00 1.311333e+01
    endloop
  endfacet
  facet normal 0.000000e+00 -1.000000e+00 0.000000e+00
    outer loop
      vertex   -5.332062e+00 0.000000e+00 1.311333e+01
      vertex   -2.251855e+00 0.000000e+00 1.367386e+01
      vertex   -2.457042e+00 0.000000e+00 1.376930e+01
    endloop
  endfacet
  facet normal 0.000000e+00 -1.000000e+00 0.000000e+00
    outer loop
      vertex   -5.332062e+00 0.000000e+00 1.311333e+01
      vertex   -2.457042e+00 0.000000e+00 1.376930e+01
      vertex   -5.307579e+00 0.000000e+00 1.333830e+01
    endloop
  endfacet
  facet normal 0.000000e+00 -1.000000e+00 0.000000e+00
    outer loop
      vertex   -5.307579e+00 0.000000e+00 1.333830e+01
      vertex   -2.457042e+00 0.000000e+00 1.376930e+01
      vertex   -2.635517e+00 0.000000e+00 1.390843e+01
    endloop
  endfacet
  facet normal 0.000000e+00 -1.000000e+00 0.000000e+00
    outer loop
      vertex   -5.307579e+00 0.000000e+00 1.333830e+01
      vertex   -2.635517e+00 0.000000e+00 1.390843e+01
      vertex   -2.778140e+00 0.000000e+00 1.408412e+01
    endloop
  endfacet
  facet normal 0.000000e+00 -1.000000e+00 0.000000e+00
    outer loop
      vertex   -5.307579e+00 0.000000e+00 1.333830e+01
      vertex   -2.778140e+00 0.000000e+00 1.408412e+01
      vertex   -5.312685e+00 0.000000e+00 1.436185e+01
    endloop
  endfacet
  facet normal 0.000000e+00 -1.000000e+00 0.000000e+00
    outer loop
      vertex   -5.312685e+00 0.000000e+00 1.436185e+01
      vertex   -2.778140e+00 0.000000e+00 1.408412e+01
      vertex   -3.329174e+00 0.000000e+00 1.494670e+01
    endloop
  endfacet
  facet normal 0.000000e+00 -1.000000e+00 0.000000e+00
    outer loop
      vertex   -5.312685e+00 0.000000e+00 1.436185e+01
      vertex   -3.329174e+00 0.000000e+00 1.494670e+01
      vertex   -5.280908e+00 0.000000e+00 1.461697e+01
    endloop
  endfacet
  facet normal 0.000000e+00 -1.000000e+00 0.000000e+00
    outer loop
      vertex   -5.280908e+00 0.000000e+00 1.461697e+01
      vertex   -3.329174e+00 0.000000e+00 1.494670e+01
      vertex   -5.185133e+00 0.000000e+00 1.485557e+01
    endloop
  endfacet
  facet normal 0.000000e+00 -1.000000e+00 0.000000e+00
    outer loop
      vertex   -5.185133e+00 0.000000e+00 1.485557e+01
      vertex   -3.329174e+00 0.000000e+00 1.494670e+01
      vertex   -5.031691e+00 0.000000e+00 1.506185e+01
    endloop
  endfacet
  facet normal 0.000000e+00 -1.000000e+00 0.000000e+00
    outer loop
      vertex   -5.031691e+00 0.000000e+00 1.506185e+01
      vertex   -3.329174e+00 0.000000e+00 1.494670e+01
      vertex   -4.830725e+00 0.000000e+00 1.522220e+01
    endloop
  endfacet
  facet normal 0.000000e+00 -1.000000e+00 0.000000e+00
    outer loop
      vertex   -4.830725e+00 0.000000e+00 1.522220e+01
      vertex   -3.329174e+00 0.000000e+00 1.494670e+01
      vertex   -3.494286e+00 0.000000e+00 1.514377e+01
    endloop
  endfacet
  facet normal 0.000000e+00 -1.000000e+00 0.000000e+00
    outer loop
      vertex   -4.830725e+00 0.000000e+00 1.522220e+01
      vertex   -3.494286e+00 0.000000e+00 1.514377e+01
      vertex   -4.595517e+00 0.000000e+00 1.532601e+01
    endloop
  endfacet
  facet normal 0.000000e+00 -1.000000e+00 0.000000e+00
    outer loop
      vertex   -4.595517e+00 0.000000e+00 1.532601e+01
      vertex   -3.494286e+00 0.000000e+00 1.514377e+01
      vertex   -4.454716e+00 0.000000e+00 1.536753e+01
    endloop
  endfacet
  facet normal 0.000000e+00 -1.000000e+00 0.000000e+00
    outer loop
      vertex   -4.454716e+00 0.000000e+00 1.536753e+01
      vertex   -3.494286e+00 0.000000e+00 1.514377e+01
      vertex   -3.704186e+00 0.000000e+00 1.529224e+01
    endloop
  endfacet
  facet normal 0.000000e+00 -1.000000e+00 0.000000e+00
    outer loop
      vertex   -4.454716e+00 0.000000e+00 1.536753e+01
      vertex   -3.704186e+00 0.000000e+00 1.529224e+01
      vertex   -3.945002e+00 0.000000e+00 1.538227e+01
    endloop
  endfacet
  facet normal -0.000000e+00 -1.000000e+00 0.000000e+00
    outer loop
      vertex   -3.945002e+00 0.000000e+00 1.538227e+01
      vertex   -4.200815e+00 0.000000e+00 1.540794e+01
      vertex   -4.454716e+00 0.000000e+00 1.536753e+01
    endloop
  endfacet
  facet normal 0.000000e+00 -1.000000e+00 -0.000000e+00
    outer loop
      vertex   -5.891442e+00 0.000000e+00 1.242390e+01
      vertex   -5.897194e+00 0.000000e+00 1.242118e+01
      vertex   1.207978e-01 0.000000e+00 2.997567e+00
    endloop
  endfacet
  facet normal -0.000000e+00 -1.000000e+00 0.000000e+00
    outer loop
      vertex   1.207978e-01 0.000000e+00 2.997567e+00
      vertex   -5.897194e+00 0.000000e+00 1.242118e+01
      vertex   -3.616100e-01 0.000000e+00 2.978127e+00
    endloop
  endfacet
  facet normal 0.000000e+00 -1.000000e+00 0.000000e+00
    outer loop
      vertex   -3.616100e-01 0.000000e+00 2.978127e+00
      vertex   -5.897194e+00 0.000000e+00 1.242118e+01
      vertex   -9.261606e+00 0.000000e+00 1.020002e+01
    endloop
  endfacet
  facet normal 0.000000e+00 -1.000000e+00 0.000000e+00
    outer loop
      vertex   -3.616100e-01 0.000000e+00 2.978127e+00
      vertex   -9.261606e+00 0.000000e+00 1.020002e+01
      vertex   -9.408059e+00 0.000000e+00 1.002751e+01
    endloop
  endfacet
  facet normal 0.000000e+00 -1.000000e+00 0.000000e+00
    outer loop
      vertex   -5.897194e+00 0.000000e+00 1.242118e+01
      vertex   -6.111290e+00 0.000000e+00 1.234787e+01
      vertex   -9.261606e+00 0.000000e+00 1.020002e+01
    endloop
  endfacet
  facet normal 0.000000e+00 -1.000000e+00 0.000000e+00
    outer loop
      vertex   -9.261606e+00 0.000000e+00 1.020002e+01
      vertex   -6.111290e+00 0.000000e+00 1.234787e+01
      vertex   -9.157693e+00 0.000000e+00 1.040105e+01
    endloop
  endfacet
  facet normal 0.000000e+00 -1.000000e+00 0.000000e+00
    outer loop
      vertex   -9.157693e+00 0.000000e+00 1.040105e+01
      vertex   -6.111290e+00 0.000000e+00 1.234787e+01
      vertex   -9.101640e+00 0.000000e+00 1.062030e+01
    endloop
  endfacet
  facet normal 0.000000e+00 -1.000000e+00 0.000000e+00
    outer loop
      vertex   -9.101640e+00 0.000000e+00 1.062030e+01
      vertex   -6.111290e+00 0.000000e+00 1.234787e+01
      vertex   -6.336386e+00 0.000000e+00 1.232459e+01
    endloop
  endfacet
  facet normal 0.000000e+00 -1.000000e+00 0.000000e+00
    outer loop
      vertex   -9.101640e+00 0.000000e+00 1.062030e+01
      vertex   -6.336386e+00 0.000000e+00 1.232459e+01
      vertex   -9.096318e+00 0.000000e+00 1.084653e+01
    endloop
  endfacet
  facet normal 0.000000e+00 -1.000000e+00 0.000000e+00
    outer loop
      vertex   -9.096318e+00 0.000000e+00 1.084653e+01
      vertex   -6.336386e+00 0.000000e+00 1.232459e+01
      vertex   -6.560954e+00 0.000000e+00 1.235251e+01
    endloop
  endfacet
  facet normal 0.000000e+00 -1.000000e+00 0.000000e+00
    outer loop
      vertex   -9.096318e+00 0.000000e+00 1.084653e+01
      vertex   -6.560954e+00 0.000000e+00 1.235251e+01
      vertex   -9.142000e+00 0.000000e+00 1.106817e+01
    endloop
  endfacet
  facet normal 0.000000e+00 -1.000000e+00 0.000000e+00
    outer loop
      vertex   -9.142000e+00 0.000000e+00 1.106817e+01
      vertex   -6.560954e+00 0.000000e+00 1.235251e+01
      vertex   -6.773494e+00 0.000000e+00 1.243021e+01
    endloop
  endfacet
  facet normal 0.000000e+00 -1.000000e+00 0.000000e+00
    outer loop
      vertex   -9.142000e+00 0.000000e+00 1.106817e+01
      vertex   -6.773494e+00 0.000000e+00 1.243021e+01
      vertex   -9.460727e+00 0.000000e+00 1.204085e+01
    endloop
  endfacet
  facet normal 0.000000e+00 -1.000000e+00 0.000000e+00
    outer loop
      vertex   -9.460727e+00 0.000000e+00 1.204085e+01
      vertex   -6.773494e+00 0.000000e+00 1.243021e+01
      vertex   -6.963122e+00 0.000000e+00 1.255370e+01
    endloop
  endfacet
  facet normal 0.000000e+00 -1.000000e+00 0.000000e+00
    outer loop
      vertex   -9.460727e+00 0.000000e+00 1.204085e+01
      vertex   -6.963122e+00 0.000000e+00 1.255370e+01
      vertex   -9.508713e+00 0.000000e+00 1.229343e+01
    endloop
  endfacet
  facet normal 0.000000e+00 -1.000000e+00 0.000000e+00
    outer loop
      vertex   -9.508713e+00 0.000000e+00 1.229343e+01
      vertex   -6.963122e+00 0.000000e+00 1.255370e+01
      vertex   -9.490716e+00 0.000000e+00 1.254989e+01
    endloop
  endfacet
  facet normal 0.000000e+00 -1.000000e+00 0.000000e+00
    outer loop
      vertex   -9.490716e+00 0.000000e+00 1.254989e+01
      vertex   -6.963122e+00 0.000000e+00 1.255370e+01
      vertex   -7.752116e+00 0.000000e+00 1.320576e+01
    endloop
  endfacet
  facet normal 0.000000e+00 -1.000000e+00 0.000000e+00
    outer loop
      vertex   -9.490716e+00 0.000000e+00 1.254989e+01
      vertex   -7.752116e+00 0.000000e+00 1.320576e+01
      vertex   -9.407923e+00 0.000000e+00 1.279329e+01
    endloop
  endfacet
  facet normal 0.000000e+00 -1.000000e+00 0.000000e+00
    outer loop
      vertex   -9.407923e+00 0.000000e+00 1.279329e+01
      vertex   -7.752116e+00 0.000000e+00 1.320576e+01
      vertex   -9.265808e+00 0.000000e+00 1.300754e+01
    endloop
  endfacet
  facet normal 0.000000e+00 -1.000000e+00 0.000000e+00
    outer loop
      vertex   -9.265808e+00 0.000000e+00 1.300754e+01
      vertex   -7.752116e+00 0.000000e+00 1.320576e+01
      vertex   -9.073764e+00 0.000000e+00 1.317847e+01
    endloop
  endfacet
  facet normal 0.000000e+00 -1.000000e+00 0.000000e+00
    outer loop
      vertex   -9.073764e+00 0.000000e+00 1.317847e+01
      vertex   -7.752116e+00 0.000000e+00 1.320576e+01
      vertex   -8.952477e+00 0.000000e+00 1.326117e+01
    endloop
  endfacet
  facet normal 0.000000e+00 -1.000000e+00 0.000000e+00
    outer loop
      vertex   -8.952477e+00 0.000000e+00 1.326117e+01
      vertex   -7.752116e+00 0.000000e+00 1.320576e+01
      vertex   -7.969704e+00 0.000000e+00 1.334270e+01
    endloop
  endfacet
  facet normal 0.000000e+00 -1.000000e+00 0.000000e+00
    outer loop
      vertex   -8.952477e+00 0.000000e+00 1.326117e+01
      vertex   -7.969704e+00 0.000000e+00 1.334270e+01
      vertex   -8.723199e+00 0.000000e+00 1.337749e+01
    endloop
  endfacet
  facet normal 0.000000e+00 -1.000000e+00 0.000000e+00
    outer loop
      vertex   -8.723199e+00 0.000000e+00 1.337749e+01
      vertex   -7.969704e+00 0.000000e+00 1.334270e+01
      vertex   -8.215017e+00 0.000000e+00 1.341965e+01
    endloop
  endfacet
  facet normal 0.000000e+00 -1.000000e+00 0.000000e+00
    outer loop
      vertex   -8.723199e+00 0.000000e+00 1.337749e+01
      vertex   -8.215017e+00 0.000000e+00 1.341965e+01
      vertex   -8.471841e+00 0.000000e+00 1.343150e+01
    endloop
  endfacet
  facet normal 0.000000e+00 -1.000000e+00 -0.000000e+00
    outer loop
      vertex   -9.408059e+00 0.000000e+00 1.002751e+01
      vertex   -9.412701e+00 0.000000e+00 1.002315e+01
      vertex   -3.616100e-01 0.000000e+00 2.978127e+00
    endloop
  endfacet
  facet normal 0.000000e+00 -1.000000e+00 0.000000e+00
    outer loop
      vertex   -3.616100e-01 0.000000e+00 2.978127e+00
      vertex   -9.412701e+00 0.000000e+00 1.002315e+01
      vertex   -9.417341e+00 0.000000e+00 1.001879e+01
    endloop
  endfacet
  facet normal 0.000000e+00 -1.000000e+00 0.000000e+00
    outer loop
      vertex   -3.616100e-01 0.000000e+00 2.978127e+00
      vertex   -9.417341e+00 0.000000e+00 1.001879e+01
      vertex   -9.421979e+00 0.000000e+00 1.001443e+01
    endloop
  endfacet
  facet normal -0.000000e+00 -1.000000e+00 0.000000e+00
    outer loop
      vertex   -3.616100e-01 0.000000e+00 2.978127e+00
      vertex   -9.421979e+00 0.000000e+00 1.001443e+01
      vertex   -8.346524e-01 0.000000e+00 2.881554e+00
    endloop
  endfacet
  facet normal 0.000000e+00 -1.000000e+00 0.000000e+00
    outer loop
      vertex   -8.346524e-01 0.000000e+00 2.881554e+00
      vertex   -9.421979e+00 0.000000e+00 1.001443e+01
      vertex   -9.603284e+00 0.000000e+00 9.879008e+00
    endloop
  endfacet
  facet normal 0.000000e+00 -1.000000e+00 -0.000000e+00
    outer loop
      vertex   -1.003271e+01 0.000000e+00 9.745532e+00
      vertex   -1.198413e+01 0.000000e+00 7.534652e+00
      vertex   -9.810394e+00 0.000000e+00 9.787819e+00
    endloop
  endfacet
  facet normal 0.000000e+00 -1.000000e+00 0.000000e+00
    outer loop
      vertex   -9.810394e+00 0.000000e+00 9.787819e+00
      vertex   -1.198413e+01 0.000000e+00 7.534652e+00
      vertex   -1.191982e+01 0.000000e+00 7.317685e+00
    endloop
  endfacet
  facet normal 0.000000e+00 -1.000000e+00 0.000000e+00
    outer loop
      vertex   -9.810394e+00 0.000000e+00 9.787819e+00
      vertex   -1.191982e+01 0.000000e+00 7.317685e+00
      vertex   -1.190594e+01 0.000000e+00 7.091814e+00
    endloop
  endfacet
  facet normal 0.000000e+00 -1.000000e+00 0.000000e+00
    outer loop
      vertex   -1.198413e+01 0.000000e+00 7.534652e+00
      vertex   -1.003271e+01 0.000000e+00 9.745532e+00
      vertex   -1.209557e+01 0.000000e+00 7.731605e+00
    endloop
  endfacet
  facet normal 0.000000e+00 -1.000000e+00 0.000000e+00
    outer loop
      vertex   -1.209557e+01 0.000000e+00 7.731605e+00
      vertex   -1.003271e+01 0.000000e+00 9.745532e+00
      vertex   -1.025883e+01 0.000000e+00 9.754313e+00
    endloop
  endfacet
  facet normal 0.000000e+00 -1.000000e+00 0.000000e+00
    outer loop
      vertex   -1.209557e+01 0.000000e+00 7.731605e+00
      vertex   -1.025883e+01 0.000000e+00 9.754313e+00
      vertex   -1.269721e+01 0.000000e+00 8.559685e+00
    endloop
  endfacet
  facet normal 0.000000e+00 -1.000000e+00 0.000000e+00
    outer loop
      vertex   -1.269721e+01 0.000000e+00 8.559685e+00
      vertex   -1.025883e+01 0.000000e+00 9.754313e+00
      vertex   -1.047719e+01 0.000000e+00 9.813713e+00
    endloop
  endfacet
  facet normal 0.000000e+00 -1.000000e+00 0.000000e+00
    outer loop
      vertex   -1.269721e+01 0.000000e+00 8.559685e+00
      vertex   -1.047719e+01 0.000000e+00 9.813713e+00
      vertex   -1.282034e+01 0.000000e+00 8.785381e+00
    endloop
  endfacet
  facet normal 0.000000e+00 -1.000000e+00 0.000000e+00
    outer loop
      vertex   -1.282034e+01 0.000000e+00 8.785381e+00
      vertex   -1.047719e+01 0.000000e+00 9.813713e+00
      vertex   -1.288185e+01 0.000000e+00 9.035011e+00
    endloop
  endfacet
  facet normal 0.000000e+00 -1.000000e+00 0.000000e+00
    outer loop
      vertex   -1.288185e+01 0.000000e+00 9.035011e+00
      vertex   -1.047719e+01 0.000000e+00 9.813713e+00
      vertex   -1.287768e+01 0.000000e+00 9.292074e+00
    endloop
  endfacet
  facet normal 0.000000e+00 -1.000000e+00 0.000000e+00
    outer loop
      vertex   -1.287768e+01 0.000000e+00 9.292074e+00
      vertex   -1.047719e+01 0.000000e+00 9.813713e+00
      vertex   -1.280811e+01 0.000000e+00 9.539579e+00
    endloop
  endfacet
  facet normal 0.000000e+00 -1.000000e+00 0.000000e+00
    outer loop
      vertex   -1.280811e+01 0.000000e+00 9.539579e+00
      vertex   -1.047719e+01 0.000000e+00 9.813713e+00
      vertex   -1.267774e+01 0.000000e+00 9.761167e+00
    endloop
  endfacet
  facet normal 0.000000e+00 -1.000000e+00 0.000000e+00
    outer loop
      vertex   -1.267774e+01 0.000000e+00 9.761167e+00
      vertex   -1.047719e+01 0.000000e+00 9.813713e+00
      vertex   -1.142813e+01 0.000000e+00 1.019241e+01
    endloop
  endfacet
  facet normal 0.000000e+00 -1.000000e+00 0.000000e+00
    outer loop
      vertex   -1.267774e+01 0.000000e+00 9.761167e+00
      vertex   -1.142813e+01 0.000000e+00 1.019241e+01
      vertex   -1.258765e+01 0.000000e+00 9.877067e+00
    endloop
  endfacet
  facet normal 0.000000e+00 -1.000000e+00 0.000000e+00
    outer loop
      vertex   -1.258765e+01 0.000000e+00 9.877067e+00
      vertex   -1.142813e+01 0.000000e+00 1.019241e+01
      vertex   -1.240509e+01 0.000000e+00 1.005809e+01
    endloop
  endfacet
  facet normal 0.000000e+00 -1.000000e+00 0.000000e+00
    outer loop
      vertex   -1.240509e+01 0.000000e+00 1.005809e+01
      vertex   -1.142813e+01 0.000000e+00 1.019241e+01
      vertex   -1.218240e+01 0.000000e+00 1.018658e+01
    endloop
  endfacet
  facet normal 0.000000e+00 -1.000000e+00 0.000000e+00
    outer loop
      vertex   -1.218240e+01 0.000000e+00 1.018658e+01
      vertex   -1.142813e+01 0.000000e+00 1.019241e+01
      vertex   -1.193432e+01 0.000000e+00 1.025405e+01
    endloop
  endfacet
  facet normal 0.000000e+00 -1.000000e+00 0.000000e+00
    outer loop
      vertex   -1.193432e+01 0.000000e+00 1.025405e+01
      vertex   -1.142813e+01 0.000000e+00 1.019241e+01
      vertex   -1.167723e+01 0.000000e+00 1.025604e+01
    endloop
  endfacet
  facet normal 0.000000e+00 -1.000000e+00 0.000000e+00
    outer loop
      vertex   -1.500998e+01 0.000000e+00 5.541293e+00
      vertex   -1.298177e+01 0.000000e+00 6.128151e+00
      vertex   -1.489172e+01 0.000000e+00 5.769577e+00
    endloop
  endfacet
  facet normal 0.000000e+00 -1.000000e+00 0.000000e+00
    outer loop
      vertex   -1.489172e+01 0.000000e+00 5.769577e+00
      vertex   -1.298177e+01 0.000000e+00 6.128151e+00
      vertex   -1.400301e+01 0.000000e+00 6.197007e+00
    endloop
  endfacet
  facet normal 0.000000e+00 -1.000000e+00 0.000000e+00
    outer loop
      vertex   -1.489172e+01 0.000000e+00 5.769577e+00
      vertex   -1.400301e+01 0.000000e+00 6.197007e+00
      vertex   -1.471916e+01 0.000000e+00 5.960165e+00
    endloop
  endfacet
  facet normal 0.000000e+00 -1.000000e+00 0.000000e+00
    outer loop
      vertex   -1.471916e+01 0.000000e+00 5.960165e+00
      vertex   -1.400301e+01 0.000000e+00 6.197007e+00
      vertex   -1.450372e+01 0.000000e+00 6.100458e+00
    endloop
  endfacet
  facet normal 0.000000e+00 -1.000000e+00 0.000000e+00
    outer loop
      vertex   -1.450372e+01 0.000000e+00 6.100458e+00
      vertex   -1.400301e+01 0.000000e+00 6.197007e+00
      vertex   -1.425962e+01 0.000000e+00 6.181185e+00
    endloop
  endfacet
  facet normal 0.000000e+00 -1.000000e+00 0.000000e+00
    outer loop
      vertex   -3.298463e+01 0.000000e+00 1.847759e+00
      vertex   -3.263886e+01 0.000000e+00 1.662939e+00
      vertex   -3.375000e+01 0.000000e+00 3.250000e+00
    endloop
  endfacet
  facet normal 0.000000e+00 -1.000000e+00 0.000000e+00
    outer loop
      vertex   -3.375000e+01 0.000000e+00 3.250000e+00
      vertex   -3.263886e+01 0.000000e+00 1.662939e+00
      vertex   -3.233579e+01 0.000000e+00 1.414214e+00
    endloop
  endfacet
  facet normal 0.000000e+00 -1.000000e+00 0.000000e+00
    outer loop
      vertex   -3.000000e+00 0.000000e+00 3.673940e-16
      vertex   -2.961151e+00 0.000000e+00 4.812338e-01
      vertex   -1.336591e+01 0.000000e+00 3.227224e+00
    endloop
  endfacet
  facet normal 0.000000e+00 -1.000000e+00 0.000000e+00
    outer loop
      vertex   -1.336591e+01 0.000000e+00 3.227224e+00
      vertex   -2.961151e+00 0.000000e+00 4.812338e-01
      vertex   -2.845609e+00 0.000000e+00 9.500040e-01
    endloop
  endfacet
  facet normal 0.000000e+00 -1.000000e+00 0.000000e+00
    outer loop
      vertex   -1.336591e+01 0.000000e+00 3.227224e+00
      vertex   -2.845609e+00 0.000000e+00 9.500040e-01
      vertex   -2.656368e+00 0.000000e+00 1.394170e+00
    endloop
  endfacet
  facet normal 0.000000e+00 -1.000000e+00 0.000000e+00
    outer loop
      vertex   -2.656368e+00 0.000000e+00 1.394170e+00
      vertex   -2.398328e+00 0.000000e+00 1.802227e+00
      vertex   -1.336591e+01 0.000000e+00 3.227224e+00
    endloop
  endfacet
  facet normal 0.000000e+00 -1.000000e+00 0.000000e+00
    outer loop
      vertex   -1.336591e+01 0.000000e+00 3.227224e+00
      vertex   -2.398328e+00 0.000000e+00 1.802227e+00
      vertex   -2.078173e+00 0.000000e+00 2.163607e+00
    endloop
  endfacet
endsolid
