solid ASCII
  facet normal -9.914449e-01 0.000000e+00 -1.305262e-01
    outer loop
      vertex   7.462385e+01 1.955142e+00 8.277176e+01
      vertex   7.462385e+01 6.155142e+00 8.277176e+01
      vertex   7.465963e+01 1.955142e+00 8.250000e+01
    endloop
  endfacet
  facet normal -9.914449e-01 0.000000e+00 -1.305262e-01
    outer loop
      vertex   7.465963e+01 1.955142e+00 8.250000e+01
      vertex   7.462385e+01 6.155142e+00 8.277176e+01
      vertex   7.465963e+01 6.155142e+00 8.250000e+01
    endloop
  endfacet
  facet normal -9.914449e-01 0.000000e+00 1.305262e-01
    outer loop
      vertex   7.465963e+01 1.955142e+00 8.250000e+01
      vertex   7.465963e+01 6.155142e+00 8.250000e+01
      vertex   7.462385e+01 1.955142e+00 8.222824e+01
    endloop
  endfacet
  facet normal -9.914449e-01 0.000000e+00 1.305262e-01
    outer loop
      vertex   7.462385e+01 1.955142e+00 8.222824e+01
      vertex   7.465963e+01 6.155142e+00 8.250000e+01
      vertex   7.462385e+01 6.155142e+00 8.222824e+01
    endloop
  endfacet
  facet normal -9.238795e-01 0.000000e+00 3.826834e-01
    outer loop
      vertex   7.462385e+01 1.955142e+00 8.222824e+01
      vertex   7.462385e+01 6.155142e+00 8.222824e+01
      vertex   7.451895e+01 1.955142e+00 8.197500e+01
    endloop
  endfacet
  facet normal -9.238795e-01 0.000000e+00 3.826834e-01
    outer loop
      vertex   7.451895e+01 1.955142e+00 8.197500e+01
      vertex   7.462385e+01 6.155142e+00 8.222824e+01
      vertex   7.451895e+01 6.155142e+00 8.197500e+01
    endloop
  endfacet
  facet normal -7.933533e-01 0.000000e+00 6.087614e-01
    outer loop
      vertex   7.451895e+01 1.955142e+00 8.197500e+01
      vertex   7.451895e+01 6.155142e+00 8.197500e+01
      vertex   7.435209e+01 1.955142e+00 8.175754e+01
    endloop
  endfacet
  facet normal -7.933533e-01 0.000000e+00 6.087614e-01
    outer loop
      vertex   7.435209e+01 1.955142e+00 8.175754e+01
      vertex   7.451895e+01 6.155142e+00 8.197500e+01
      vertex   7.435209e+01 6.155142e+00 8.175754e+01
    endloop
  endfacet
  facet normal -6.087614e-01 0.000000e+00 7.933533e-01
    outer loop
      vertex   7.435209e+01 1.955142e+00 8.175754e+01
      vertex   7.435209e+01 6.155142e+00 8.175754e+01
      vertex   7.413463e+01 1.955142e+00 8.159067e+01
    endloop
  endfacet
  facet normal -6.087614e-01 0.000000e+00 7.933533e-01
    outer loop
      vertex   7.413463e+01 1.955142e+00 8.159067e+01
      vertex   7.435209e+01 6.155142e+00 8.175754e+01
      vertex   7.413463e+01 6.155142e+00 8.159067e+01
    endloop
  endfacet
  facet normal -3.826834e-01 0.000000e+00 9.238795e-01
    outer loop
      vertex   7.413463e+01 1.955142e+00 8.159067e+01
      vertex   7.413463e+01 6.155142e+00 8.159067e+01
      vertex   7.388139e+01 1.955142e+00 8.148578e+01
    endloop
  endfacet
  facet normal -3.826834e-01 0.000000e+00 9.238795e-01
    outer loop
      vertex   7.388139e+01 1.955142e+00 8.148578e+01
      vertex   7.413463e+01 6.155142e+00 8.159067e+01
      vertex   7.388139e+01 6.155142e+00 8.148578e+01
    endloop
  endfacet
  facet normal -1.305262e-01 0.000000e+00 9.914449e-01
    outer loop
      vertex   7.388139e+01 1.955142e+00 8.148578e+01
      vertex   7.388139e+01 6.155142e+00 8.148578e+01
      vertex   7.360963e+01 1.955142e+00 8.145000e+01
    endloop
  endfacet
  facet normal -1.305262e-01 0.000000e+00 9.914449e-01
    outer loop
      vertex   7.360963e+01 1.955142e+00 8.145000e+01
      vertex   7.388139e+01 6.155142e+00 8.148578e+01
      vertex   7.360963e+01 6.155142e+00 8.145000e+01
    endloop
  endfacet
  facet normal 1.305262e-01 -0.000000e+00 9.914449e-01
    outer loop
      vertex   7.360963e+01 1.955142e+00 8.145000e+01
      vertex   7.360963e+01 6.155142e+00 8.145000e+01
      vertex   7.333787e+01 1.955142e+00 8.148578e+01
    endloop
  endfacet
  facet normal 1.305262e-01 -0.000000e+00 9.914449e-01
    outer loop
      vertex   7.333787e+01 1.955142e+00 8.148578e+01
      vertex   7.360963e+01 6.155142e+00 8.145000e+01
      vertex   7.333787e+01 6.155142e+00 8.148578e+01
    endloop
  endfacet
  facet normal 3.826834e-01 -0.000000e+00 9.238795e-01
    outer loop
      vertex   7.333787e+01 1.955142e+00 8.148578e+01
      vertex   7.333787e+01 6.155142e+00 8.148578e+01
      vertex   7.308463e+01 1.955142e+00 8.159067e+01
    endloop
  endfacet
  facet normal 3.826834e-01 -0.000000e+00 9.238795e-01
    outer loop
      vertex   7.308463e+01 1.955142e+00 8.159067e+01
      vertex   7.333787e+01 6.155142e+00 8.148578e+01
      vertex   7.308463e+01 6.155142e+00 8.159067e+01
    endloop
  endfacet
  facet normal 6.087614e-01 -0.000000e+00 7.933533e-01
    outer loop
      vertex   7.308463e+01 1.955142e+00 8.159067e+01
      vertex   7.308463e+01 6.155142e+00 8.159067e+01
      vertex   7.286717e+01 1.955142e+00 8.175754e+01
    endloop
  endfacet
  facet normal 6.087614e-01 -0.000000e+00 7.933533e-01
    outer loop
      vertex   7.286717e+01 1.955142e+00 8.175754e+01
      vertex   7.308463e+01 6.155142e+00 8.159067e+01
      vertex   7.286717e+01 6.155142e+00 8.175754e+01
    endloop
  endfacet
  facet normal 7.933533e-01 -0.000000e+00 6.087614e-01
    outer loop
      vertex   7.286717e+01 1.955142e+00 8.175754e+01
      vertex   7.286717e+01 6.155142e+00 8.175754e+01
      vertex   7.270030e+01 1.955142e+00 8.197500e+01
    endloop
  endfacet
  facet normal 7.933533e-01 -0.000000e+00 6.087614e-01
    outer loop
      vertex   7.270030e+01 1.955142e+00 8.197500e+01
      vertex   7.286717e+01 6.155142e+00 8.175754e+01
      vertex   7.270030e+01 6.155142e+00 8.197500e+01
    endloop
  endfacet
  facet normal 9.238795e-01 -0.000000e+00 3.826834e-01
    outer loop
      vertex   7.270030e+01 1.955142e+00 8.197500e+01
      vertex   7.270030e+01 6.155142e+00 8.197500e+01
      vertex   7.259541e+01 1.955142e+00 8.222824e+01
    endloop
  endfacet
  facet normal 9.238795e-01 -0.000000e+00 3.826834e-01
    outer loop
      vertex   7.259541e+01 1.955142e+00 8.222824e+01
      vertex   7.270030e+01 6.155142e+00 8.197500e+01
      vertex   7.259541e+01 6.155142e+00 8.222824e+01
    endloop
  endfacet
  facet normal 9.914449e-01 -0.000000e+00 1.305262e-01
    outer loop
      vertex   7.259541e+01 1.955142e+00 8.222824e+01
      vertex   7.259541e+01 6.155142e+00 8.222824e+01
      vertex   7.255963e+01 1.955142e+00 8.250000e+01
    endloop
  endfacet
  facet normal 9.914449e-01 -0.000000e+00 1.305262e-01
    outer loop
      vertex   7.255963e+01 1.955142e+00 8.250000e+01
      vertex   7.259541e+01 6.155142e+00 8.222824e+01
      vertex   7.255963e+01 6.155142e+00 8.250000e+01
    endloop
  endfacet
  facet normal 9.914449e-01 0.000000e+00 -1.305262e-01
    outer loop
      vertex   7.255963e+01 1.955142e+00 8.250000e+01
      vertex   7.255963e+01 6.155142e+00 8.250000e+01
      vertex   7.259541e+01 1.955142e+00 8.277176e+01
    endloop
  endfacet
  facet normal 9.914449e-01 0.000000e+00 -1.305262e-01
    outer loop
      vertex   7.259541e+01 1.955142e+00 8.277176e+01
      vertex   7.255963e+01 6.155142e+00 8.250000e+01
      vertex   7.259541e+01 6.155142e+00 8.277176e+01
    endloop
  endfacet
  facet normal 9.238795e-01 0.000000e+00 -3.826834e-01
    outer loop
      vertex   7.259541e+01 1.955142e+00 8.277176e+01
      vertex   7.259541e+01 6.155142e+00 8.277176e+01
      vertex   7.270030e+01 1.955142e+00 8.302500e+01
    endloop
  endfacet
  facet normal 9.238795e-01 0.000000e+00 -3.826834e-01
    outer loop
      vertex   7.270030e+01 1.955142e+00 8.302500e+01
      vertex   7.259541e+01 6.155142e+00 8.277176e+01
      vertex   7.270030e+01 6.155142e+00 8.302500e+01
    endloop
  endfacet
  facet normal 7.933533e-01 0.000000e+00 -6.087614e-01
    outer loop
      vertex   7.270030e+01 1.955142e+00 8.302500e+01
      vertex   7.270030e+01 6.155142e+00 8.302500e+01
      vertex   7.286717e+01 1.955142e+00 8.324246e+01
    endloop
  endfacet
  facet normal 7.933533e-01 0.000000e+00 -6.087614e-01
    outer loop
      vertex   7.286717e+01 1.955142e+00 8.324246e+01
      vertex   7.270030e+01 6.155142e+00 8.302500e+01
      vertex   7.286717e+01 6.155142e+00 8.324246e+01
    endloop
  endfacet
  facet normal 6.087614e-01 0.000000e+00 -7.933533e-01
    outer loop
      vertex   7.286717e+01 1.955142e+00 8.324246e+01
      vertex   7.286717e+01 6.155142e+00 8.324246e+01
      vertex   7.308463e+01 1.955142e+00 8.340933e+01
    endloop
  endfacet
  facet normal 6.087614e-01 0.000000e+00 -7.933533e-01
    outer loop
      vertex   7.308463e+01 1.955142e+00 8.340933e+01
      vertex   7.286717e+01 6.155142e+00 8.324246e+01
      vertex   7.308463e+01 6.155142e+00 8.340933e+01
    endloop
  endfacet
  facet normal 3.826834e-01 0.000000e+00 -9.238795e-01
    outer loop
      vertex   7.308463e+01 1.955142e+00 8.340933e+01
      vertex   7.308463e+01 6.155142e+00 8.340933e+01
      vertex   7.333787e+01 1.955142e+00 8.351422e+01
    endloop
  endfacet
  facet normal 3.826834e-01 0.000000e+00 -9.238795e-01
    outer loop
      vertex   7.333787e+01 1.955142e+00 8.351422e+01
      vertex   7.308463e+01 6.155142e+00 8.340933e+01
      vertex   7.333787e+01 6.155142e+00 8.351422e+01
    endloop
  endfacet
  facet normal 1.305262e-01 0.000000e+00 -9.914449e-01
    outer loop
      vertex   7.333787e+01 1.955142e+00 8.351422e+01
      vertex   7.333787e+01 6.155142e+00 8.351422e+01
      vertex   7.360963e+01 1.955142e+00 8.355000e+01
    endloop
  endfacet
  facet normal 1.305262e-01 0.000000e+00 -9.914449e-01
    outer loop
      vertex   7.360963e+01 1.955142e+00 8.355000e+01
      vertex   7.333787e+01 6.155142e+00 8.351422e+01
      vertex   7.360963e+01 6.155142e+00 8.355000e+01
    endloop
  endfacet
  facet normal -1.305262e-01 0.000000e+00 -9.914449e-01
    outer loop
      vertex   7.360963e+01 1.955142e+00 8.355000e+01
      vertex   7.360963e+01 6.155142e+00 8.355000e+01
      vertex   7.388139e+01 1.955142e+00 8.351422e+01
    endloop
  endfacet
  facet normal -1.305262e-01 0.000000e+00 -9.914449e-01
    outer loop
      vertex   7.388139e+01 1.955142e+00 8.351422e+01
      vertex   7.360963e+01 6.155142e+00 8.355000e+01
      vertex   7.388139e+01 6.155142e+00 8.351422e+01
    endloop
  endfacet
  facet normal -3.826834e-01 0.000000e+00 -9.238795e-01
    outer loop
      vertex   7.388139e+01 1.955142e+00 8.351422e+01
      vertex   7.388139e+01 6.155142e+00 8.351422e+01
      vertex   7.413463e+01 1.955142e+00 8.340933e+01
    endloop
  endfacet
  facet normal -3.826834e-01 0.000000e+00 -9.238795e-01
    outer loop
      vertex   7.413463e+01 1.955142e+00 8.340933e+01
      vertex   7.388139e+01 6.155142e+00 8.351422e+01
      vertex   7.413463e+01 6.155142e+00 8.340933e+01
    endloop
  endfacet
  facet normal -6.087614e-01 0.000000e+00 -7.933533e-01
    outer loop
      vertex   7.413463e+01 1.955142e+00 8.340933e+01
      vertex   7.413463e+01 6.155142e+00 8.340933e+01
      vertex   7.435209e+01 1.955142e+00 8.324246e+01
    endloop
  endfacet
  facet normal -6.087614e-01 0.000000e+00 -7.933533e-01
    outer loop
      vertex   7.435209e+01 1.955142e+00 8.324246e+01
      vertex   7.413463e+01 6.155142e+00 8.340933e+01
      vertex   7.435209e+01 6.155142e+00 8.324246e+01
    endloop
  endfacet
  facet normal -7.933533e-01 0.000000e+00 -6.087614e-01
    outer loop
      vertex   7.435209e+01 1.955142e+00 8.324246e+01
      vertex   7.435209e+01 6.155142e+00 8.324246e+01
      vertex   7.451895e+01 1.955142e+00 8.302500e+01
    endloop
  endfacet
  facet normal -7.933533e-01 0.000000e+00 -6.087614e-01
    outer loop
      vertex   7.451895e+01 1.955142e+00 8.302500e+01
      vertex   7.435209e+01 6.155142e+00 8.324246e+01
      vertex   7.451895e+01 6.155142e+00 8.302500e+01
    endloop
  endfacet
  facet normal -9.238795e-01 0.000000e+00 -3.826834e-01
    outer loop
      vertex   7.451895e+01 1.955142e+00 8.302500e+01
      vertex   7.451895e+01 6.155142e+00 8.302500e+01
      vertex   7.462385e+01 1.955142e+00 8.277176e+01
    endloop
  endfacet
  facet normal -9.238795e-01 0.000000e+00 -3.826834e-01
    outer loop
      vertex   7.462385e+01 1.955142e+00 8.277176e+01
      vertex   7.451895e+01 6.155142e+00 8.302500e+01
      vertex   7.462385e+01 6.155142e+00 8.277176e+01
    endloop
  endfacet
  facet normal -9.914449e-01 0.000000e+00 1.305262e-01
    outer loop
      vertex   7.462385e+01 1.035514e+01 8.222824e+01
      vertex   7.462385e+01 6.155142e+00 8.222824e+01
      vertex   7.465963e+01 1.035514e+01 8.250000e+01
    endloop
  endfacet
  facet normal -9.914449e-01 0.000000e+00 1.305262e-01
    outer loop
      vertex   7.465963e+01 1.035514e+01 8.250000e+01
      vertex   7.462385e+01 6.155142e+00 8.222824e+01
      vertex   7.465963e+01 6.155142e+00 8.250000e+01
    endloop
  endfacet
  facet normal -9.914449e-01 -0.000000e+00 -1.305262e-01
    outer loop
      vertex   7.465963e+01 1.035514e+01 8.250000e+01
      vertex   7.465963e+01 6.155142e+00 8.250000e+01
      vertex   7.462385e+01 1.035514e+01 8.277176e+01
    endloop
  endfacet
  facet normal -9.914449e-01 -0.000000e+00 -1.305262e-01
    outer loop
      vertex   7.462385e+01 1.035514e+01 8.277176e+01
      vertex   7.465963e+01 6.155142e+00 8.250000e+01
      vertex   7.462385e+01 6.155142e+00 8.277176e+01
    endloop
  endfacet
  facet normal -9.238795e-01 -0.000000e+00 -3.826834e-01
    outer loop
      vertex   7.462385e+01 1.035514e+01 8.277176e+01
      vertex   7.462385e+01 6.155142e+00 8.277176e+01
      vertex   7.451895e+01 1.035514e+01 8.302500e+01
    endloop
  endfacet
  facet normal -9.238795e-01 -0.000000e+00 -3.826834e-01
    outer loop
      vertex   7.451895e+01 1.035514e+01 8.302500e+01
      vertex   7.462385e+01 6.155142e+00 8.277176e+01
      vertex   7.451895e+01 6.155142e+00 8.302500e+01
    endloop
  endfacet
  facet normal -7.933533e-01 -0.000000e+00 -6.087614e-01
    outer loop
      vertex   7.451895e+01 1.035514e+01 8.302500e+01
      vertex   7.451895e+01 6.155142e+00 8.302500e+01
      vertex   7.435209e+01 1.035514e+01 8.324246e+01
    endloop
  endfacet
  facet normal -7.933533e-01 -0.000000e+00 -6.087614e-01
    outer loop
      vertex   7.435209e+01 1.035514e+01 8.324246e+01
      vertex   7.451895e+01 6.155142e+00 8.302500e+01
      vertex   7.435209e+01 6.155142e+00 8.324246e+01
    endloop
  endfacet
  facet normal -6.087614e-01 -0.000000e+00 -7.933533e-01
    outer loop
      vertex   7.435209e+01 1.035514e+01 8.324246e+01
      vertex   7.435209e+01 6.155142e+00 8.324246e+01
      vertex   7.413463e+01 1.035514e+01 8.340933e+01
    endloop
  endfacet
  facet normal -6.087614e-01 -0.000000e+00 -7.933533e-01
    outer loop
      vertex   7.413463e+01 1.035514e+01 8.340933e+01
      vertex   7.435209e+01 6.155142e+00 8.324246e+01
      vertex   7.413463e+01 6.155142e+00 8.340933e+01
    endloop
  endfacet
  facet normal -3.826834e-01 -0.000000e+00 -9.238795e-01
    outer loop
      vertex   7.413463e+01 1.035514e+01 8.340933e+01
      vertex   7.413463e+01 6.155142e+00 8.340933e+01
      vertex   7.388139e+01 1.035514e+01 8.351422e+01
    endloop
  endfacet
  facet normal -3.826834e-01 -0.000000e+00 -9.238795e-01
    outer loop
      vertex   7.388139e+01 1.035514e+01 8.351422e+01
      vertex   7.413463e+01 6.155142e+00 8.340933e+01
      vertex   7.388139e+01 6.155142e+00 8.351422e+01
    endloop
  endfacet
  facet normal -1.305262e-01 -0.000000e+00 -9.914449e-01
    outer loop
      vertex   7.388139e+01 1.035514e+01 8.351422e+01
      vertex   7.388139e+01 6.155142e+00 8.351422e+01
      vertex   7.360963e+01 1.035514e+01 8.355000e+01
    endloop
  endfacet
  facet normal -1.305262e-01 -0.000000e+00 -9.914449e-01
    outer loop
      vertex   7.360963e+01 1.035514e+01 8.355000e+01
      vertex   7.388139e+01 6.155142e+00 8.351422e+01
      vertex   7.360963e+01 6.155142e+00 8.355000e+01
    endloop
  endfacet
  facet normal 1.305262e-01 0.000000e+00 -9.914449e-01
    outer loop
      vertex   7.360963e+01 1.035514e+01 8.355000e+01
      vertex   7.360963e+01 6.155142e+00 8.355000e+01
      vertex   7.333787e+01 1.035514e+01 8.351422e+01
    endloop
  endfacet
  facet normal 1.305262e-01 0.000000e+00 -9.914449e-01
    outer loop
      vertex   7.333787e+01 1.035514e+01 8.351422e+01
      vertex   7.360963e+01 6.155142e+00 8.355000e+01
      vertex   7.333787e+01 6.155142e+00 8.351422e+01
    endloop
  endfacet
  facet normal 3.826834e-01 0.000000e+00 -9.238795e-01
    outer loop
      vertex   7.333787e+01 1.035514e+01 8.351422e+01
      vertex   7.333787e+01 6.155142e+00 8.351422e+01
      vertex   7.308463e+01 1.035514e+01 8.340933e+01
    endloop
  endfacet
  facet normal 3.826834e-01 0.000000e+00 -9.238795e-01
    outer loop
      vertex   7.308463e+01 1.035514e+01 8.340933e+01
      vertex   7.333787e+01 6.155142e+00 8.351422e+01
      vertex   7.308463e+01 6.155142e+00 8.340933e+01
    endloop
  endfacet
  facet normal 6.087614e-01 0.000000e+00 -7.933533e-01
    outer loop
      vertex   7.308463e+01 1.035514e+01 8.340933e+01
      vertex   7.308463e+01 6.155142e+00 8.340933e+01
      vertex   7.286717e+01 1.035514e+01 8.324246e+01
    endloop
  endfacet
  facet normal 6.087614e-01 0.000000e+00 -7.933533e-01
    outer loop
      vertex   7.286717e+01 1.035514e+01 8.324246e+01
      vertex   7.308463e+01 6.155142e+00 8.340933e+01
      vertex   7.286717e+01 6.155142e+00 8.324246e+01
    endloop
  endfacet
  facet normal 7.933533e-01 0.000000e+00 -6.087614e-01
    outer loop
      vertex   7.286717e+01 1.035514e+01 8.324246e+01
      vertex   7.286717e+01 6.155142e+00 8.324246e+01
      vertex   7.270030e+01 1.035514e+01 8.302500e+01
    endloop
  endfacet
  facet normal 7.933533e-01 0.000000e+00 -6.087614e-01
    outer loop
      vertex   7.270030e+01 1.035514e+01 8.302500e+01
      vertex   7.286717e+01 6.155142e+00 8.324246e+01
      vertex   7.270030e+01 6.155142e+00 8.302500e+01
    endloop
  endfacet
  facet normal 9.238795e-01 0.000000e+00 -3.826834e-01
    outer loop
      vertex   7.270030e+01 1.035514e+01 8.302500e+01
      vertex   7.270030e+01 6.155142e+00 8.302500e+01
      vertex   7.259541e+01 1.035514e+01 8.277176e+01
    endloop
  endfacet
  facet normal 9.238795e-01 0.000000e+00 -3.826834e-01
    outer loop
      vertex   7.259541e+01 1.035514e+01 8.277176e+01
      vertex   7.270030e+01 6.155142e+00 8.302500e+01
      vertex   7.259541e+01 6.155142e+00 8.277176e+01
    endloop
  endfacet
  facet normal 9.914449e-01 0.000000e+00 -1.305262e-01
    outer loop
      vertex   7.259541e+01 1.035514e+01 8.277176e+01
      vertex   7.259541e+01 6.155142e+00 8.277176e+01
      vertex   7.255963e+01 1.035514e+01 8.250000e+01
    endloop
  endfacet
  facet normal 9.914449e-01 0.000000e+00 -1.305262e-01
    outer loop
      vertex   7.255963e+01 1.035514e+01 8.250000e+01
      vertex   7.259541e+01 6.155142e+00 8.277176e+01
      vertex   7.255963e+01 6.155142e+00 8.250000e+01
    endloop
  endfacet
  facet normal 9.914449e-01 0.000000e+00 1.305262e-01
    outer loop
      vertex   7.255963e+01 1.035514e+01 8.250000e+01
      vertex   7.255963e+01 6.155142e+00 8.250000e+01
      vertex   7.259541e+01 1.035514e+01 8.222824e+01
    endloop
  endfacet
  facet normal 9.914449e-01 0.000000e+00 1.305262e-01
    outer loop
      vertex   7.259541e+01 1.035514e+01 8.222824e+01
      vertex   7.255963e+01 6.155142e+00 8.250000e+01
      vertex   7.259541e+01 6.155142e+00 8.222824e+01
    endloop
  endfacet
  facet normal 9.238795e-01 0.000000e+00 3.826834e-01
    outer loop
      vertex   7.259541e+01 1.035514e+01 8.222824e+01
      vertex   7.259541e+01 6.155142e+00 8.222824e+01
      vertex   7.270030e+01 1.035514e+01 8.197500e+01
    endloop
  endfacet
  facet normal 9.238795e-01 0.000000e+00 3.826834e-01
    outer loop
      vertex   7.270030e+01 1.035514e+01 8.197500e+01
      vertex   7.259541e+01 6.155142e+00 8.222824e+01
      vertex   7.270030e+01 6.155142e+00 8.197500e+01
    endloop
  endfacet
  facet normal 7.933533e-01 0.000000e+00 6.087614e-01
    outer loop
      vertex   7.270030e+01 1.035514e+01 8.197500e+01
      vertex   7.270030e+01 6.155142e+00 8.197500e+01
      vertex   7.286717e+01 1.035514e+01 8.175754e+01
    endloop
  endfacet
  facet normal 7.933533e-01 0.000000e+00 6.087614e-01
    outer loop
      vertex   7.286717e+01 1.035514e+01 8.175754e+01
      vertex   7.270030e+01 6.155142e+00 8.197500e+01
      vertex   7.286717e+01 6.155142e+00 8.175754e+01
    endloop
  endfacet
  facet normal 6.087614e-01 0.000000e+00 7.933533e-01
    outer loop
      vertex   7.286717e+01 1.035514e+01 8.175754e+01
      vertex   7.286717e+01 6.155142e+00 8.175754e+01
      vertex   7.308463e+01 1.035514e+01 8.159067e+01
    endloop
  endfacet
  facet normal 6.087614e-01 0.000000e+00 7.933533e-01
    outer loop
      vertex   7.308463e+01 1.035514e+01 8.159067e+01
      vertex   7.286717e+01 6.155142e+00 8.175754e+01
      vertex   7.308463e+01 6.155142e+00 8.159067e+01
    endloop
  endfacet
  facet normal 3.826834e-01 0.000000e+00 9.238795e-01
    outer loop
      vertex   7.308463e+01 1.035514e+01 8.159067e+01
      vertex   7.308463e+01 6.155142e+00 8.159067e+01
      vertex   7.333787e+01 1.035514e+01 8.148578e+01
    endloop
  endfacet
  facet normal 3.826834e-01 0.000000e+00 9.238795e-01
    outer loop
      vertex   7.333787e+01 1.035514e+01 8.148578e+01
      vertex   7.308463e+01 6.155142e+00 8.159067e+01
      vertex   7.333787e+01 6.155142e+00 8.148578e+01
    endloop
  endfacet
  facet normal 1.305262e-01 0.000000e+00 9.914449e-01
    outer loop
      vertex   7.333787e+01 1.035514e+01 8.148578e+01
      vertex   7.333787e+01 6.155142e+00 8.148578e+01
      vertex   7.360963e+01 1.035514e+01 8.145000e+01
    endloop
  endfacet
  facet normal 1.305262e-01 0.000000e+00 9.914449e-01
    outer loop
      vertex   7.360963e+01 1.035514e+01 8.145000e+01
      vertex   7.333787e+01 6.155142e+00 8.148578e+01
      vertex   7.360963e+01 6.155142e+00 8.145000e+01
    endloop
  endfacet
  facet normal -1.305262e-01 0.000000e+00 9.914449e-01
    outer loop
      vertex   7.360963e+01 1.035514e+01 8.145000e+01
      vertex   7.360963e+01 6.155142e+00 8.145000e+01
      vertex   7.388139e+01 1.035514e+01 8.148578e+01
    endloop
  endfacet
  facet normal -1.305262e-01 0.000000e+00 9.914449e-01
    outer loop
      vertex   7.388139e+01 1.035514e+01 8.148578e+01
      vertex   7.360963e+01 6.155142e+00 8.145000e+01
      vertex   7.388139e+01 6.155142e+00 8.148578e+01
    endloop
  endfacet
  facet normal -3.826834e-01 0.000000e+00 9.238795e-01
    outer loop
      vertex   7.388139e+01 1.035514e+01 8.148578e+01
      vertex   7.388139e+01 6.155142e+00 8.148578e+01
      vertex   7.413463e+01 1.035514e+01 8.159067e+01
    endloop
  endfacet
  facet normal -3.826834e-01 0.000000e+00 9.238795e-01
    outer loop
      vertex   7.413463e+01 1.035514e+01 8.159067e+01
      vertex   7.388139e+01 6.155142e+00 8.148578e+01
      vertex   7.413463e+01 6.155142e+00 8.159067e+01
    endloop
  endfacet
  facet normal -6.087614e-01 0.000000e+00 7.933533e-01
    outer loop
      vertex   7.413463e+01 1.035514e+01 8.159067e+01
      vertex   7.413463e+01 6.155142e+00 8.159067e+01
      vertex   7.435209e+01 1.035514e+01 8.175754e+01
    endloop
  endfacet
  facet normal -6.087614e-01 0.000000e+00 7.933533e-01
    outer loop
      vertex   7.435209e+01 1.035514e+01 8.175754e+01
      vertex   7.413463e+01 6.155142e+00 8.159067e+01
      vertex   7.435209e+01 6.155142e+00 8.175754e+01
    endloop
  endfacet
  facet normal -7.933533e-01 0.000000e+00 6.087614e-01
    outer loop
      vertex   7.435209e+01 1.035514e+01 8.175754e+01
      vertex   7.435209e+01 6.155142e+00 8.175754e+01
      vertex   7.451895e+01 1.035514e+01 8.197500e+01
    endloop
  endfacet
  facet normal -7.933533e-01 0.000000e+00 6.087614e-01
    outer loop
      vertex   7.451895e+01 1.035514e+01 8.197500e+01
      vertex   7.435209e+01 6.155142e+00 8.175754e+01
      vertex   7.451895e+01 6.155142e+00 8.197500e+01
    endloop
  endfacet
  facet normal -9.238795e-01 0.000000e+00 3.826834e-01
    outer loop
      vertex   7.451895e+01 1.035514e+01 8.197500e+01
      vertex   7.451895e+01 6.155142e+00 8.197500e+01
      vertex   7.462385e+01 1.035514e+01 8.222824e+01
    endloop
  endfacet
  facet normal -9.238795e-01 0.000000e+00 3.826834e-01
    outer loop
      vertex   7.462385e+01 1.035514e+01 8.222824e+01
      vertex   7.451895e+01 6.155142e+00 8.197500e+01
      vertex   7.462385e+01 6.155142e+00 8.222824e+01
    endloop
  endfacet
  facet normal -0.000000e+00 -2.955858e-14 -1.000000e+00
    outer loop
      vertex   7.970963e+01 5.555142e+00 7.660000e+01
      vertex   7.970963e+01 -6.948577e-01 7.660000e+01
      vertex   6.750963e+01 5.555142e+00 7.660000e+01
    endloop
  endfacet
  facet normal 2.329648e-15 -2.501110e-14 -1.000000e+00
    outer loop
      vertex   6.750963e+01 5.555142e+00 7.660000e+01
      vertex   7.970963e+01 -6.948577e-01 7.660000e+01
      vertex   6.750963e+01 -6.948577e-01 7.660000e+01
    endloop
  endfacet
  facet normal -6.488044e-15 -9.914449e-01 1.305262e-01
    outer loop
      vertex   7.970963e+01 1.980698e+00 8.429411e+01
      vertex   7.564296e+01 1.980698e+00 8.429411e+01
      vertex   7.970963e+01 1.955142e+00 8.410000e+01
    endloop
  endfacet
  facet normal 2.250625e-15 -9.914449e-01 1.305262e-01
    outer loop
      vertex   7.970963e+01 1.955142e+00 8.410000e+01
      vertex   7.564296e+01 1.980698e+00 8.429411e+01
      vertex   7.157629e+01 1.980698e+00 8.429411e+01
    endloop
  endfacet
  facet normal 4.026641e-15 -9.914449e-01 1.305262e-01
    outer loop
      vertex   7.970963e+01 1.955142e+00 8.410000e+01
      vertex   7.157629e+01 1.980698e+00 8.429411e+01
      vertex   6.750963e+01 1.955142e+00 8.410000e+01
    endloop
  endfacet
  facet normal 2.869383e-15 -9.914449e-01 1.305262e-01
    outer loop
      vertex   6.750963e+01 1.955142e+00 8.410000e+01
      vertex   7.157629e+01 1.980698e+00 8.429411e+01
      vertex   6.750963e+01 1.980698e+00 8.429411e+01
    endloop
  endfacet
  facet normal 2.673578e-15 -9.238795e-01 3.826834e-01
    outer loop
      vertex   6.750963e+01 1.980698e+00 8.429411e+01
      vertex   7.157629e+01 1.980698e+00 8.429411e+01
      vertex   6.750963e+01 2.055623e+00 8.447500e+01
    endloop
  endfacet
  facet normal 1.816015e-15 -9.238795e-01 3.826834e-01
    outer loop
      vertex   6.750963e+01 2.055623e+00 8.447500e+01
      vertex   7.157629e+01 1.980698e+00 8.429411e+01
      vertex   7.157629e+01 2.055623e+00 8.447500e+01
    endloop
  endfacet
  facet normal 1.559448e-15 -7.933533e-01 6.087614e-01
    outer loop
      vertex   6.750963e+01 2.055623e+00 8.447500e+01
      vertex   7.157629e+01 2.055623e+00 8.447500e+01
      vertex   6.750963e+01 2.174812e+00 8.463033e+01
    endloop
  endfacet
  facet normal 2.252536e-15 -7.933533e-01 6.087614e-01
    outer loop
      vertex   6.750963e+01 2.174812e+00 8.463033e+01
      vertex   7.157629e+01 2.055623e+00 8.447500e+01
      vertex   7.157629e+01 2.174812e+00 8.463033e+01
    endloop
  endfacet
  facet normal 1.728431e-15 -6.087614e-01 7.933533e-01
    outer loop
      vertex   6.750963e+01 2.174812e+00 8.463033e+01
      vertex   7.157629e+01 2.174812e+00 8.463033e+01
      vertex   6.750963e+01 2.330142e+00 8.474952e+01
    endloop
  endfacet
  facet normal 4.653469e-16 -6.087614e-01 7.933533e-01
    outer loop
      vertex   6.750963e+01 2.330142e+00 8.474952e+01
      vertex   7.157629e+01 2.174812e+00 8.463033e+01
      vertex   7.157629e+01 2.330142e+00 8.474952e+01
    endloop
  endfacet
  facet normal 2.925293e-16 -3.826834e-01 9.238795e-01
    outer loop
      vertex   6.750963e+01 2.330142e+00 8.474952e+01
      vertex   7.157629e+01 2.330142e+00 8.474952e+01
      vertex   6.750963e+01 2.511028e+00 8.482444e+01
    endloop
  endfacet
  facet normal 0.000000e+00 -3.826834e-01 9.238795e-01
    outer loop
      vertex   6.750963e+01 2.511028e+00 8.482444e+01
      vertex   7.157629e+01 2.330142e+00 8.474952e+01
      vertex   7.157629e+01 2.511028e+00 8.482444e+01
    endloop
  endfacet
  facet normal 0.000000e+00 -1.305262e-01 9.914449e-01
    outer loop
      vertex   6.750963e+01 2.511028e+00 8.482444e+01
      vertex   7.157629e+01 2.511028e+00 8.482444e+01
      vertex   6.750963e+01 2.705142e+00 8.485000e+01
    endloop
  endfacet
  facet normal -3.365043e-15 -1.305262e-01 9.914449e-01
    outer loop
      vertex   6.750963e+01 2.705142e+00 8.485000e+01
      vertex   7.157629e+01 2.511028e+00 8.482444e+01
      vertex   7.564296e+01 2.511028e+00 8.482444e+01
    endloop
  endfacet
  facet normal -2.309718e-15 -1.305262e-01 9.914449e-01
    outer loop
      vertex   6.750963e+01 2.705142e+00 8.485000e+01
      vertex   7.564296e+01 2.511028e+00 8.482444e+01
      vertex   7.970963e+01 2.705142e+00 8.485000e+01
    endloop
  endfacet
  facet normal -3.563307e-15 -1.305262e-01 9.914449e-01
    outer loop
      vertex   7.970963e+01 2.705142e+00 8.485000e+01
      vertex   7.564296e+01 2.511028e+00 8.482444e+01
      vertex   7.970963e+01 2.511028e+00 8.482444e+01
    endloop
  endfacet
  facet normal -3.521001e-15 -3.826834e-01 9.238795e-01
    outer loop
      vertex   7.970963e+01 2.511028e+00 8.482444e+01
      vertex   7.564296e+01 2.511028e+00 8.482444e+01
      vertex   7.970963e+01 2.330142e+00 8.474952e+01
    endloop
  endfacet
  facet normal -3.938900e-15 -3.826834e-01 9.238795e-01
    outer loop
      vertex   7.970963e+01 2.330142e+00 8.474952e+01
      vertex   7.564296e+01 2.511028e+00 8.482444e+01
      vertex   7.564296e+01 2.330142e+00 8.474952e+01
    endloop
  endfacet
  facet normal -3.902480e-15 -6.087614e-01 7.933533e-01
    outer loop
      vertex   7.970963e+01 2.330142e+00 8.474952e+01
      vertex   7.564296e+01 2.330142e+00 8.474952e+01
      vertex   7.970963e+01 2.174812e+00 8.463033e+01
    endloop
  endfacet
  facet normal -1.110914e-14 -6.087614e-01 7.933533e-01
    outer loop
      vertex   7.970963e+01 2.174812e+00 8.463033e+01
      vertex   7.564296e+01 2.330142e+00 8.474952e+01
      vertex   7.564296e+01 2.174812e+00 8.463033e+01
    endloop
  endfacet
  facet normal -1.002061e-14 -7.933533e-01 6.087614e-01
    outer loop
      vertex   7.970963e+01 2.174812e+00 8.463033e+01
      vertex   7.564296e+01 2.174812e+00 8.463033e+01
      vertex   7.970963e+01 2.055623e+00 8.447500e+01
    endloop
  endfacet
  facet normal -5.592739e-15 -7.933533e-01 6.087614e-01
    outer loop
      vertex   7.970963e+01 2.055623e+00 8.447500e+01
      vertex   7.564296e+01 2.174812e+00 8.463033e+01
      vertex   7.564296e+01 2.055623e+00 8.447500e+01
    endloop
  endfacet
  facet normal -5.372866e-15 -9.238795e-01 3.826834e-01
    outer loop
      vertex   7.970963e+01 2.055623e+00 8.447500e+01
      vertex   7.564296e+01 2.055623e+00 8.447500e+01
      vertex   7.970963e+01 1.980698e+00 8.429411e+01
    endloop
  endfacet
  facet normal -7.870375e-15 -9.238795e-01 3.826834e-01
    outer loop
      vertex   7.970963e+01 1.980698e+00 8.429411e+01
      vertex   7.564296e+01 2.055623e+00 8.447500e+01
      vertex   7.564296e+01 1.980698e+00 8.429411e+01
    endloop
  endfacet
  facet normal 1.185227e-15 -9.238795e-01 3.826834e-01
    outer loop
      vertex   7.157629e+01 2.055623e+00 8.447500e+01
      vertex   7.157629e+01 1.980698e+00 8.429411e+01
      vertex   7.564296e+01 1.980698e+00 8.429411e+01
    endloop
  endfacet
  facet normal 8.822975e-16 -9.238795e-01 3.826834e-01
    outer loop
      vertex   7.157629e+01 2.055623e+00 8.447500e+01
      vertex   7.564296e+01 1.980698e+00 8.429411e+01
      vertex   7.564296e+01 2.055623e+00 8.447500e+01
    endloop
  endfacet
  facet normal -2.222301e-16 -7.933533e-01 6.087614e-01
    outer loop
      vertex   7.157629e+01 2.174812e+00 8.463033e+01
      vertex   7.157629e+01 2.055623e+00 8.447500e+01
      vertex   7.564296e+01 2.055623e+00 8.447500e+01
    endloop
  endfacet
  facet normal 1.386176e-15 -7.933533e-01 6.087614e-01
    outer loop
      vertex   7.157629e+01 2.174812e+00 8.463033e+01
      vertex   7.564296e+01 2.055623e+00 8.447500e+01
      vertex   7.564296e+01 2.174812e+00 8.463033e+01
    endloop
  endfacet
  facet normal 1.063219e-15 -6.087614e-01 7.933533e-01
    outer loop
      vertex   7.157629e+01 2.330142e+00 8.474952e+01
      vertex   7.157629e+01 2.174812e+00 8.463033e+01
      vertex   7.564296e+01 2.174812e+00 8.463033e+01
    endloop
  endfacet
  facet normal -2.107570e-15 -6.087614e-01 7.933533e-01
    outer loop
      vertex   7.157629e+01 2.330142e+00 8.474952e+01
      vertex   7.564296e+01 2.174812e+00 8.463033e+01
      vertex   7.564296e+01 2.330142e+00 8.474952e+01
    endloop
  endfacet
  facet normal -2.810557e-15 -3.826834e-01 9.238795e-01
    outer loop
      vertex   7.157629e+01 2.511028e+00 8.482444e+01
      vertex   7.157629e+01 2.330142e+00 8.474952e+01
      vertex   7.564296e+01 2.330142e+00 8.474952e+01
    endloop
  endfacet
  facet normal -2.935942e-15 -3.826834e-01 9.238795e-01
    outer loop
      vertex   7.157629e+01 2.511028e+00 8.482444e+01
      vertex   7.564296e+01 2.330142e+00 8.474952e+01
      vertex   7.564296e+01 2.511028e+00 8.482444e+01
    endloop
  endfacet
  facet normal -2.329648e-15 0.000000e+00 1.000000e+00
    outer loop
      vertex   7.970963e+01 2.705142e+00 8.485000e+01
      vertex   7.970963e+01 6.355142e+00 8.485000e+01
      vertex   6.750963e+01 2.705142e+00 8.485000e+01
    endloop
  endfacet
  facet normal -2.329648e-15 0.000000e+00 1.000000e+00
    outer loop
      vertex   6.750963e+01 2.705142e+00 8.485000e+01
      vertex   7.970963e+01 6.355142e+00 8.485000e+01
      vertex   6.750963e+01 6.355142e+00 8.485000e+01
    endloop
  endfacet
  facet normal 9.961947e-01 3.539195e-15 8.715574e-02
    outer loop
      vertex   7.970963e+01 6.355142e+00 9.345000e+01
      vertex   7.970963e+01 1.035514e+01 9.345000e+01
      vertex   7.967165e+01 6.355142e+00 9.388412e+01
    endloop
  endfacet
  facet normal 9.961947e-01 3.539195e-15 8.715574e-02
    outer loop
      vertex   7.967165e+01 6.355142e+00 9.388412e+01
      vertex   7.970963e+01 1.035514e+01 9.345000e+01
      vertex   7.967165e+01 1.035514e+01 9.388412e+01
    endloop
  endfacet
  facet normal 9.659258e-01 3.431658e-15 2.588190e-01
    outer loop
      vertex   7.967165e+01 6.355142e+00 9.388412e+01
      vertex   7.967165e+01 1.035514e+01 9.388412e+01
      vertex   7.955886e+01 6.355142e+00 9.430505e+01
    endloop
  endfacet
  facet normal 9.659258e-01 3.431658e-15 2.588190e-01
    outer loop
      vertex   7.955886e+01 6.355142e+00 9.430505e+01
      vertex   7.967165e+01 1.035514e+01 9.388412e+01
      vertex   7.955886e+01 1.035514e+01 9.430505e+01
    endloop
  endfacet
  facet normal 9.063078e-01 3.219852e-15 4.226183e-01
    outer loop
      vertex   7.955886e+01 6.355142e+00 9.430505e+01
      vertex   7.955886e+01 1.035514e+01 9.430505e+01
      vertex   7.937469e+01 6.355142e+00 9.470000e+01
    endloop
  endfacet
  facet normal 9.063078e-01 3.219852e-15 4.226183e-01
    outer loop
      vertex   7.937469e+01 6.355142e+00 9.470000e+01
      vertex   7.955886e+01 1.035514e+01 9.430505e+01
      vertex   7.937469e+01 1.035514e+01 9.470000e+01
    endloop
  endfacet
  facet normal 8.191520e-01 2.910213e-15 5.735764e-01
    outer loop
      vertex   7.937469e+01 6.355142e+00 9.470000e+01
      vertex   7.937469e+01 1.035514e+01 9.470000e+01
      vertex   7.912474e+01 6.355142e+00 9.505697e+01
    endloop
  endfacet
  facet normal 8.191520e-01 2.910213e-15 5.735764e-01
    outer loop
      vertex   7.912474e+01 6.355142e+00 9.505697e+01
      vertex   7.937469e+01 1.035514e+01 9.470000e+01
      vertex   7.912474e+01 1.035514e+01 9.505697e+01
    endloop
  endfacet
  facet normal 7.071068e-01 2.512148e-15 7.071068e-01
    outer loop
      vertex   7.912474e+01 6.355142e+00 9.505697e+01
      vertex   7.912474e+01 1.035514e+01 9.505697e+01
      vertex   7.881660e+01 6.355142e+00 9.536511e+01
    endloop
  endfacet
  facet normal 7.071068e-01 2.512148e-15 7.071068e-01
    outer loop
      vertex   7.881660e+01 6.355142e+00 9.536511e+01
      vertex   7.912474e+01 1.035514e+01 9.505697e+01
      vertex   7.881660e+01 1.035514e+01 9.536511e+01
    endloop
  endfacet
  facet normal 5.735764e-01 2.037753e-15 8.191520e-01
    outer loop
      vertex   7.881660e+01 6.355142e+00 9.536511e+01
      vertex   7.881660e+01 1.035514e+01 9.536511e+01
      vertex   7.845963e+01 6.355142e+00 9.561506e+01
    endloop
  endfacet
  facet normal 5.735764e-01 -0.000000e+00 8.191520e-01
    outer loop
      vertex   7.845963e+01 6.355142e+00 9.561506e+01
      vertex   7.881660e+01 1.035514e+01 9.536511e+01
      vertex   7.845963e+01 1.035514e+01 9.561506e+01
    endloop
  endfacet
  facet normal 4.226183e-01 -0.000000e+00 9.063078e-01
    outer loop
      vertex   7.845963e+01 6.355142e+00 9.561506e+01
      vertex   7.845963e+01 1.035514e+01 9.561506e+01
      vertex   7.806468e+01 6.355142e+00 9.579923e+01
    endloop
  endfacet
  facet normal 4.226183e-01 -0.000000e+00 9.063078e-01
    outer loop
      vertex   7.806468e+01 6.355142e+00 9.579923e+01
      vertex   7.845963e+01 1.035514e+01 9.561506e+01
      vertex   7.806468e+01 1.035514e+01 9.579923e+01
    endloop
  endfacet
  facet normal 2.588190e-01 -0.000000e+00 9.659258e-01
    outer loop
      vertex   7.806468e+01 6.355142e+00 9.579923e+01
      vertex   7.806468e+01 1.035514e+01 9.579923e+01
      vertex   7.764375e+01 6.355142e+00 9.591202e+01
    endloop
  endfacet
  facet normal 2.588190e-01 -0.000000e+00 9.659258e-01
    outer loop
      vertex   7.764375e+01 6.355142e+00 9.591202e+01
      vertex   7.806468e+01 1.035514e+01 9.579923e+01
      vertex   7.764375e+01 1.035514e+01 9.591202e+01
    endloop
  endfacet
  facet normal 8.715574e-02 -0.000000e+00 9.961947e-01
    outer loop
      vertex   7.764375e+01 6.355142e+00 9.591202e+01
      vertex   7.764375e+01 1.035514e+01 9.591202e+01
      vertex   7.720963e+01 6.355142e+00 9.595000e+01
    endloop
  endfacet
  facet normal 8.715574e-02 3.096394e-16 9.961947e-01
    outer loop
      vertex   7.720963e+01 6.355142e+00 9.595000e+01
      vertex   7.764375e+01 1.035514e+01 9.591202e+01
      vertex   7.720963e+01 1.035514e+01 9.595000e+01
    endloop
  endfacet
  facet normal 0.000000e+00 0.000000e+00 1.000000e+00
    outer loop
      vertex   7.720963e+01 6.355142e+00 9.595000e+01
      vertex   7.720963e+01 1.035514e+01 9.595000e+01
      vertex   7.680963e+01 6.355142e+00 9.595000e+01
    endloop
  endfacet
  facet normal 0.000000e+00 0.000000e+00 1.000000e+00
    outer loop
      vertex   7.680963e+01 6.355142e+00 9.595000e+01
      vertex   7.720963e+01 1.035514e+01 9.595000e+01
      vertex   7.680963e+01 1.035514e+01 9.595000e+01
    endloop
  endfacet
  facet normal -9.961947e-01 -3.539195e-15 8.715574e-02
    outer loop
      vertex   6.750963e+01 1.035514e+01 9.345000e+01
      vertex   6.750963e+01 6.355142e+00 9.345000e+01
      vertex   6.754761e+01 1.035514e+01 9.388412e+01
    endloop
  endfacet
  facet normal -9.961947e-01 -7.078389e-15 8.715574e-02
    outer loop
      vertex   6.754761e+01 1.035514e+01 9.388412e+01
      vertex   6.750963e+01 6.355142e+00 9.345000e+01
      vertex   6.754761e+01 6.355142e+00 9.388412e+01
    endloop
  endfacet
  facet normal -9.659258e-01 -6.863316e-15 2.588190e-01
    outer loop
      vertex   6.754761e+01 1.035514e+01 9.388412e+01
      vertex   6.754761e+01 6.355142e+00 9.388412e+01
      vertex   6.766040e+01 1.035514e+01 9.430505e+01
    endloop
  endfacet
  facet normal -9.659258e-01 -3.431658e-15 2.588190e-01
    outer loop
      vertex   6.766040e+01 1.035514e+01 9.430505e+01
      vertex   6.754761e+01 6.355142e+00 9.388412e+01
      vertex   6.766040e+01 6.355142e+00 9.430505e+01
    endloop
  endfacet
  facet normal -9.063078e-01 -3.219852e-15 4.226183e-01
    outer loop
      vertex   6.766040e+01 1.035514e+01 9.430505e+01
      vertex   6.766040e+01 6.355142e+00 9.430505e+01
      vertex   6.784456e+01 1.035514e+01 9.470000e+01
    endloop
  endfacet
  facet normal -9.063078e-01 0.000000e+00 4.226183e-01
    outer loop
      vertex   6.784456e+01 1.035514e+01 9.470000e+01
      vertex   6.766040e+01 6.355142e+00 9.430505e+01
      vertex   6.784456e+01 6.355142e+00 9.470000e+01
    endloop
  endfacet
  facet normal -8.191520e-01 0.000000e+00 5.735764e-01
    outer loop
      vertex   6.784456e+01 1.035514e+01 9.470000e+01
      vertex   6.784456e+01 6.355142e+00 9.470000e+01
      vertex   6.809452e+01 1.035514e+01 9.505697e+01
    endloop
  endfacet
  facet normal -8.191520e-01 0.000000e+00 5.735764e-01
    outer loop
      vertex   6.809452e+01 1.035514e+01 9.505697e+01
      vertex   6.784456e+01 6.355142e+00 9.470000e+01
      vertex   6.809452e+01 6.355142e+00 9.505697e+01
    endloop
  endfacet
  facet normal -7.071068e-01 0.000000e+00 7.071068e-01
    outer loop
      vertex   6.809452e+01 1.035514e+01 9.505697e+01
      vertex   6.809452e+01 6.355142e+00 9.505697e+01
      vertex   6.840266e+01 1.035514e+01 9.536511e+01
    endloop
  endfacet
  facet normal -7.071068e-01 -2.512148e-15 7.071068e-01
    outer loop
      vertex   6.840266e+01 1.035514e+01 9.536511e+01
      vertex   6.809452e+01 6.355142e+00 9.505697e+01
      vertex   6.840266e+01 6.355142e+00 9.536511e+01
    endloop
  endfacet
  facet normal -5.735764e-01 -2.037753e-15 8.191520e-01
    outer loop
      vertex   6.840266e+01 1.035514e+01 9.536511e+01
      vertex   6.840266e+01 6.355142e+00 9.536511e+01
      vertex   6.875963e+01 1.035514e+01 9.561506e+01
    endloop
  endfacet
  facet normal -5.735764e-01 -2.037753e-15 8.191520e-01
    outer loop
      vertex   6.875963e+01 1.035514e+01 9.561506e+01
      vertex   6.840266e+01 6.355142e+00 9.536511e+01
      vertex   6.875963e+01 6.355142e+00 9.561506e+01
    endloop
  endfacet
  facet normal -4.226183e-01 -1.501442e-15 9.063078e-01
    outer loop
      vertex   6.875963e+01 1.035514e+01 9.561506e+01
      vertex   6.875963e+01 6.355142e+00 9.561506e+01
      vertex   6.915458e+01 1.035514e+01 9.579923e+01
    endloop
  endfacet
  facet normal -4.226183e-01 0.000000e+00 9.063078e-01
    outer loop
      vertex   6.915458e+01 1.035514e+01 9.579923e+01
      vertex   6.875963e+01 6.355142e+00 9.561506e+01
      vertex   6.915458e+01 6.355142e+00 9.579923e+01
    endloop
  endfacet
  facet normal -2.588190e-01 0.000000e+00 9.659258e-01
    outer loop
      vertex   6.915458e+01 1.035514e+01 9.579923e+01
      vertex   6.915458e+01 6.355142e+00 9.579923e+01
      vertex   6.957551e+01 1.035514e+01 9.591202e+01
    endloop
  endfacet
  facet normal -2.588190e-01 -9.195100e-16 9.659258e-01
    outer loop
      vertex   6.957551e+01 1.035514e+01 9.591202e+01
      vertex   6.915458e+01 6.355142e+00 9.579923e+01
      vertex   6.957551e+01 6.355142e+00 9.591202e+01
    endloop
  endfacet
  facet normal -8.715574e-02 -3.096394e-16 9.961947e-01
    outer loop
      vertex   6.957551e+01 1.035514e+01 9.591202e+01
      vertex   6.957551e+01 6.355142e+00 9.591202e+01
      vertex   7.000963e+01 1.035514e+01 9.595000e+01
    endloop
  endfacet
  facet normal -8.715574e-02 -3.096394e-16 9.961947e-01
    outer loop
      vertex   7.000963e+01 1.035514e+01 9.595000e+01
      vertex   6.957551e+01 6.355142e+00 9.591202e+01
      vertex   7.000963e+01 6.355142e+00 9.595000e+01
    endloop
  endfacet
  facet normal -0.000000e+00 0.000000e+00 1.000000e+00
    outer loop
      vertex   7.000963e+01 1.035514e+01 9.595000e+01
      vertex   7.000963e+01 6.355142e+00 9.595000e+01
      vertex   7.040963e+01 1.035514e+01 9.595000e+01
    endloop
  endfacet
  facet normal 0.000000e+00 0.000000e+00 1.000000e+00
    outer loop
      vertex   7.040963e+01 1.035514e+01 9.595000e+01
      vertex   7.000963e+01 6.355142e+00 9.595000e+01
      vertex   7.040963e+01 6.355142e+00 9.595000e+01
    endloop
  endfacet
  facet normal -9.972038e-01 0.000000e+00 7.473009e-02
    outer loop
      vertex   7.680963e+01 6.355142e+00 9.595000e+01
      vertex   7.680963e+01 1.035514e+01 9.595000e+01
      vertex   7.677389e+01 6.355142e+00 9.547306e+01
    endloop
  endfacet
  facet normal -9.972038e-01 0.000000e+00 7.473009e-02
    outer loop
      vertex   7.677389e+01 6.355142e+00 9.547306e+01
      vertex   7.680963e+01 1.035514e+01 9.595000e+01
      vertex   7.677389e+01 1.035514e+01 9.547306e+01
    endloop
  endfacet
  facet normal -9.749279e-01 0.000000e+00 2.225209e-01
    outer loop
      vertex   7.677389e+01 6.355142e+00 9.547306e+01
      vertex   7.677389e+01 1.035514e+01 9.547306e+01
      vertex   7.666746e+01 1.035514e+01 9.500678e+01
    endloop
  endfacet
  facet normal -9.749279e-01 0.000000e+00 2.225209e-01
    outer loop
      vertex   7.677389e+01 6.355142e+00 9.547306e+01
      vertex   7.666746e+01 1.035514e+01 9.500678e+01
      vertex   7.666746e+01 6.355142e+00 9.500678e+01
    endloop
  endfacet
  facet normal -9.308737e-01 0.000000e+00 3.653410e-01
    outer loop
      vertex   7.666746e+01 6.355142e+00 9.500678e+01
      vertex   7.666746e+01 1.035514e+01 9.500678e+01
      vertex   7.649273e+01 1.035514e+01 9.456157e+01
    endloop
  endfacet
  facet normal -9.308737e-01 0.000000e+00 3.653410e-01
    outer loop
      vertex   7.666746e+01 6.355142e+00 9.500678e+01
      vertex   7.649273e+01 1.035514e+01 9.456157e+01
      vertex   7.649273e+01 6.355142e+00 9.456157e+01
    endloop
  endfacet
  facet normal -8.660254e-01 0.000000e+00 5.000000e-01
    outer loop
      vertex   7.649273e+01 6.355142e+00 9.456157e+01
      vertex   7.649273e+01 1.035514e+01 9.456157e+01
      vertex   7.625359e+01 1.035514e+01 9.414738e+01
    endloop
  endfacet
  facet normal -8.660254e-01 0.000000e+00 5.000000e-01
    outer loop
      vertex   7.649273e+01 6.355142e+00 9.456157e+01
      vertex   7.625359e+01 1.035514e+01 9.414738e+01
      vertex   7.625359e+01 6.355142e+00 9.414738e+01
    endloop
  endfacet
  facet normal -7.818315e-01 0.000000e+00 6.234898e-01
    outer loop
      vertex   7.625359e+01 6.355142e+00 9.414738e+01
      vertex   7.625359e+01 1.035514e+01 9.414738e+01
      vertex   7.595539e+01 1.035514e+01 9.377345e+01
    endloop
  endfacet
  facet normal -7.818315e-01 4.425013e-15 6.234898e-01
    outer loop
      vertex   7.625359e+01 6.355142e+00 9.414738e+01
      vertex   7.595539e+01 1.035514e+01 9.377345e+01
      vertex   7.595539e+01 6.355142e+00 9.377345e+01
    endloop
  endfacet
  facet normal -6.801727e-01 5.208647e-15 7.330519e-01
    outer loop
      vertex   7.595539e+01 6.355142e+00 9.377345e+01
      vertex   7.595539e+01 1.035514e+01 9.377345e+01
      vertex   7.560480e+01 1.035514e+01 9.344814e+01
    endloop
  endfacet
  facet normal -6.801727e-01 0.000000e+00 7.330519e-01
    outer loop
      vertex   7.595539e+01 6.355142e+00 9.377345e+01
      vertex   7.560480e+01 1.035514e+01 9.344814e+01
      vertex   7.560480e+01 6.355142e+00 9.344814e+01
    endloop
  endfacet
  facet normal -5.633201e-01 0.000000e+00 8.262388e-01
    outer loop
      vertex   7.560480e+01 6.355142e+00 9.344814e+01
      vertex   7.560480e+01 1.035514e+01 9.344814e+01
      vertex   7.520963e+01 1.035514e+01 9.317872e+01
    endloop
  endfacet
  facet normal -5.633201e-01 0.000000e+00 8.262388e-01
    outer loop
      vertex   7.560480e+01 6.355142e+00 9.344814e+01
      vertex   7.520963e+01 1.035514e+01 9.317872e+01
      vertex   7.520963e+01 6.355142e+00 9.317872e+01
    endloop
  endfacet
  facet normal -4.338837e-01 0.000000e+00 9.009689e-01
    outer loop
      vertex   7.520963e+01 6.355142e+00 9.317872e+01
      vertex   7.520963e+01 1.035514e+01 9.317872e+01
      vertex   7.477872e+01 1.035514e+01 9.297120e+01
    endloop
  endfacet
  facet normal -4.338837e-01 0.000000e+00 9.009689e-01
    outer loop
      vertex   7.520963e+01 6.355142e+00 9.317872e+01
      vertex   7.477872e+01 1.035514e+01 9.297120e+01
      vertex   7.477872e+01 6.355142e+00 9.297120e+01
    endloop
  endfacet
  facet normal -2.947552e-01 0.000000e+00 9.555728e-01
    outer loop
      vertex   7.477872e+01 6.355142e+00 9.297120e+01
      vertex   7.477872e+01 1.035514e+01 9.297120e+01
      vertex   7.432170e+01 1.035514e+01 9.283023e+01
    endloop
  endfacet
  facet normal -2.947552e-01 0.000000e+00 9.555728e-01
    outer loop
      vertex   7.477872e+01 6.355142e+00 9.297120e+01
      vertex   7.432170e+01 1.035514e+01 9.283023e+01
      vertex   7.432170e+01 6.355142e+00 9.283023e+01
    endloop
  endfacet
  facet normal -1.490423e-01 0.000000e+00 9.888308e-01
    outer loop
      vertex   7.432170e+01 6.355142e+00 9.283023e+01
      vertex   7.432170e+01 1.035514e+01 9.283023e+01
      vertex   7.384876e+01 1.035514e+01 9.275895e+01
    endloop
  endfacet
  facet normal -1.490423e-01 0.000000e+00 9.888308e-01
    outer loop
      vertex   7.432170e+01 6.355142e+00 9.283023e+01
      vertex   7.384876e+01 1.035514e+01 9.275895e+01
      vertex   7.384876e+01 6.355142e+00 9.275895e+01
    endloop
  endfacet
  facet normal 0.000000e+00 -0.000000e+00 1.000000e+00
    outer loop
      vertex   7.384876e+01 6.355142e+00 9.275895e+01
      vertex   7.384876e+01 1.035514e+01 9.275895e+01
      vertex   7.337049e+01 1.035514e+01 9.275895e+01
    endloop
  endfacet
  facet normal 0.000000e+00 0.000000e+00 1.000000e+00
    outer loop
      vertex   7.384876e+01 6.355142e+00 9.275895e+01
      vertex   7.337049e+01 1.035514e+01 9.275895e+01
      vertex   7.337049e+01 6.355142e+00 9.275895e+01
    endloop
  endfacet
  facet normal 1.490423e-01 -0.000000e+00 9.888308e-01
    outer loop
      vertex   7.337049e+01 6.355142e+00 9.275895e+01
      vertex   7.337049e+01 1.035514e+01 9.275895e+01
      vertex   7.289756e+01 1.035514e+01 9.283023e+01
    endloop
  endfacet
  facet normal 1.490423e-01 0.000000e+00 9.888308e-01
    outer loop
      vertex   7.337049e+01 6.355142e+00 9.275895e+01
      vertex   7.289756e+01 1.035514e+01 9.283023e+01
      vertex   7.289756e+01 6.355142e+00 9.283023e+01
    endloop
  endfacet
  facet normal 2.947552e-01 -0.000000e+00 9.555728e-01
    outer loop
      vertex   7.289756e+01 6.355142e+00 9.283023e+01
      vertex   7.289756e+01 1.035514e+01 9.283023e+01
      vertex   7.244054e+01 1.035514e+01 9.297120e+01
    endloop
  endfacet
  facet normal 2.947552e-01 0.000000e+00 9.555728e-01
    outer loop
      vertex   7.289756e+01 6.355142e+00 9.283023e+01
      vertex   7.244054e+01 1.035514e+01 9.297120e+01
      vertex   7.244054e+01 6.355142e+00 9.297120e+01
    endloop
  endfacet
  facet normal 4.338837e-01 -0.000000e+00 9.009689e-01
    outer loop
      vertex   7.244054e+01 6.355142e+00 9.297120e+01
      vertex   7.244054e+01 1.035514e+01 9.297120e+01
      vertex   7.200963e+01 1.035514e+01 9.317872e+01
    endloop
  endfacet
  facet normal 4.338837e-01 0.000000e+00 9.009689e-01
    outer loop
      vertex   7.244054e+01 6.355142e+00 9.297120e+01
      vertex   7.200963e+01 1.035514e+01 9.317872e+01
      vertex   7.200963e+01 6.355142e+00 9.317872e+01
    endloop
  endfacet
  facet normal 5.633201e-01 -0.000000e+00 8.262388e-01
    outer loop
      vertex   7.200963e+01 6.355142e+00 9.317872e+01
      vertex   7.200963e+01 1.035514e+01 9.317872e+01
      vertex   7.161446e+01 1.035514e+01 9.344814e+01
    endloop
  endfacet
  facet normal 5.633201e-01 0.000000e+00 8.262388e-01
    outer loop
      vertex   7.200963e+01 6.355142e+00 9.317872e+01
      vertex   7.161446e+01 1.035514e+01 9.344814e+01
      vertex   7.161446e+01 6.355142e+00 9.344814e+01
    endloop
  endfacet
  facet normal 6.801727e-01 -0.000000e+00 7.330519e-01
    outer loop
      vertex   7.161446e+01 6.355142e+00 9.344814e+01
      vertex   7.161446e+01 1.035514e+01 9.344814e+01
      vertex   7.126386e+01 1.035514e+01 9.377345e+01
    endloop
  endfacet
  facet normal 6.801727e-01 0.000000e+00 7.330519e-01
    outer loop
      vertex   7.161446e+01 6.355142e+00 9.344814e+01
      vertex   7.126386e+01 1.035514e+01 9.377345e+01
      vertex   7.126386e+01 6.355142e+00 9.377345e+01
    endloop
  endfacet
  facet normal 7.818315e-01 -0.000000e+00 6.234898e-01
    outer loop
      vertex   7.126386e+01 6.355142e+00 9.377345e+01
      vertex   7.126386e+01 1.035514e+01 9.377345e+01
      vertex   7.096566e+01 1.035514e+01 9.414738e+01
    endloop
  endfacet
  facet normal 7.818315e-01 0.000000e+00 6.234898e-01
    outer loop
      vertex   7.126386e+01 6.355142e+00 9.377345e+01
      vertex   7.096566e+01 1.035514e+01 9.414738e+01
      vertex   7.096566e+01 6.355142e+00 9.414738e+01
    endloop
  endfacet
  facet normal 8.660254e-01 -0.000000e+00 5.000000e-01
    outer loop
      vertex   7.096566e+01 6.355142e+00 9.414738e+01
      vertex   7.096566e+01 1.035514e+01 9.414738e+01
      vertex   7.072653e+01 1.035514e+01 9.456157e+01
    endloop
  endfacet
  facet normal 8.660254e-01 0.000000e+00 5.000000e-01
    outer loop
      vertex   7.096566e+01 6.355142e+00 9.414738e+01
      vertex   7.072653e+01 1.035514e+01 9.456157e+01
      vertex   7.072653e+01 6.355142e+00 9.456157e+01
    endloop
  endfacet
  facet normal 9.308737e-01 -0.000000e+00 3.653410e-01
    outer loop
      vertex   7.072653e+01 6.355142e+00 9.456157e+01
      vertex   7.072653e+01 1.035514e+01 9.456157e+01
      vertex   7.055180e+01 1.035514e+01 9.500678e+01
    endloop
  endfacet
  facet normal 9.308737e-01 0.000000e+00 3.653410e-01
    outer loop
      vertex   7.072653e+01 6.355142e+00 9.456157e+01
      vertex   7.055180e+01 1.035514e+01 9.500678e+01
      vertex   7.055180e+01 6.355142e+00 9.500678e+01
    endloop
  endfacet
  facet normal 9.749279e-01 -0.000000e+00 2.225209e-01
    outer loop
      vertex   7.055180e+01 6.355142e+00 9.500678e+01
      vertex   7.055180e+01 1.035514e+01 9.500678e+01
      vertex   7.044537e+01 1.035514e+01 9.547306e+01
    endloop
  endfacet
  facet normal 9.749279e-01 0.000000e+00 2.225209e-01
    outer loop
      vertex   7.055180e+01 6.355142e+00 9.500678e+01
      vertex   7.044537e+01 1.035514e+01 9.547306e+01
      vertex   7.044537e+01 6.355142e+00 9.547306e+01
    endloop
  endfacet
  facet normal 9.972038e-01 -0.000000e+00 7.473009e-02
    outer loop
      vertex   7.044537e+01 6.355142e+00 9.547306e+01
      vertex   7.044537e+01 1.035514e+01 9.547306e+01
      vertex   7.040963e+01 6.355142e+00 9.595000e+01
    endloop
  endfacet
  facet normal 9.972038e-01 -0.000000e+00 7.473009e-02
    outer loop
      vertex   7.040963e+01 6.355142e+00 9.595000e+01
      vertex   7.044537e+01 1.035514e+01 9.547306e+01
      vertex   7.040963e+01 1.035514e+01 9.595000e+01
    endloop
  endfacet
  facet normal -1.164824e-15 0.000000e+00 1.000000e+00
    outer loop
      vertex   6.750963e+01 1.955142e+00 8.005000e+01
      vertex   6.750963e+01 -6.948577e-01 8.005000e+01
      vertex   7.970963e+01 1.955142e+00 8.005000e+01
    endloop
  endfacet
  facet normal -1.164824e-15 -6.246471e-30 1.000000e+00
    outer loop
      vertex   7.970963e+01 1.955142e+00 8.005000e+01
      vertex   6.750963e+01 -6.948577e-01 8.005000e+01
      vertex   7.970963e+01 -6.948577e-01 8.005000e+01
    endloop
  endfacet
  facet normal 3.376691e-15 -1.000000e+00 4.445498e-16
    outer loop
      vertex   7.462385e+01 1.955142e+00 8.277176e+01
      vertex   7.465963e+01 1.955142e+00 8.250000e+01
      vertex   7.970963e+01 1.955142e+00 8.410000e+01
    endloop
  endfacet
  facet normal 3.670647e-15 -1.000000e+00 -4.832499e-16
    outer loop
      vertex   7.970963e+01 1.955142e+00 8.410000e+01
      vertex   7.465963e+01 1.955142e+00 8.250000e+01
      vertex   7.462385e+01 1.955142e+00 8.222824e+01
    endloop
  endfacet
  facet normal 3.492793e-15 -1.000000e+00 2.451139e-29
    outer loop
      vertex   7.970963e+01 1.955142e+00 8.410000e+01
      vertex   7.462385e+01 1.955142e+00 8.222824e+01
      vertex   7.970963e+01 1.955142e+00 8.005000e+01
    endloop
  endfacet
  facet normal 2.966511e-15 -1.000000e+00 -1.228769e-15
    outer loop
      vertex   7.970963e+01 1.955142e+00 8.005000e+01
      vertex   7.462385e+01 1.955142e+00 8.222824e+01
      vertex   7.451895e+01 1.955142e+00 8.197500e+01
    endloop
  endfacet
  facet normal 2.664091e-15 -1.000000e+00 -2.044229e-15
    outer loop
      vertex   7.970963e+01 1.955142e+00 8.005000e+01
      vertex   7.451895e+01 1.955142e+00 8.197500e+01
      vertex   7.435209e+01 1.955142e+00 8.175754e+01
    endloop
  endfacet
  facet normal 2.342600e-15 -1.000000e+00 -3.052935e-15
    outer loop
      vertex   7.435209e+01 1.955142e+00 8.175754e+01
      vertex   7.413463e+01 1.955142e+00 8.159067e+01
      vertex   7.970963e+01 1.955142e+00 8.005000e+01
    endloop
  endfacet
  facet normal 1.911188e-15 -1.000000e+00 -4.614017e-15
    outer loop
      vertex   7.970963e+01 1.955142e+00 8.005000e+01
      vertex   7.413463e+01 1.955142e+00 8.159067e+01
      vertex   7.388139e+01 1.955142e+00 8.148578e+01
    endloop
  endfacet
  facet normal 1.061522e-15 -1.000000e+00 -8.063060e-15
    outer loop
      vertex   7.970963e+01 1.955142e+00 8.005000e+01
      vertex   7.388139e+01 1.955142e+00 8.148578e+01
      vertex   7.360963e+01 1.955142e+00 8.145000e+01
    endloop
  endfacet
  facet normal 2.912060e-15 -1.000000e+00 -1.005012e-27
    outer loop
      vertex   7.970963e+01 1.955142e+00 8.005000e+01
      vertex   7.360963e+01 1.955142e+00 8.145000e+01
      vertex   6.750963e+01 1.955142e+00 8.005000e+01
    endloop
  endfacet
  facet normal 1.061522e-15 -1.000000e+00 8.063060e-15
    outer loop
      vertex   6.750963e+01 1.955142e+00 8.005000e+01
      vertex   7.360963e+01 1.955142e+00 8.145000e+01
      vertex   7.333787e+01 1.955142e+00 8.148578e+01
    endloop
  endfacet
  facet normal 1.911188e-15 -1.000000e+00 4.614017e-15
    outer loop
      vertex   6.750963e+01 1.955142e+00 8.005000e+01
      vertex   7.333787e+01 1.955142e+00 8.148578e+01
      vertex   7.308463e+01 1.955142e+00 8.159067e+01
    endloop
  endfacet
  facet normal 2.342600e-15 -1.000000e+00 3.052935e-15
    outer loop
      vertex   7.308463e+01 1.955142e+00 8.159067e+01
      vertex   7.286717e+01 1.955142e+00 8.175754e+01
      vertex   6.750963e+01 1.955142e+00 8.005000e+01
    endloop
  endfacet
  facet normal 2.664091e-15 -1.000000e+00 2.044229e-15
    outer loop
      vertex   6.750963e+01 1.955142e+00 8.005000e+01
      vertex   7.286717e+01 1.955142e+00 8.175754e+01
      vertex   7.270030e+01 1.955142e+00 8.197500e+01
    endloop
  endfacet
  facet normal 2.966511e-15 -1.000000e+00 1.228769e-15
    outer loop
      vertex   6.750963e+01 1.955142e+00 8.005000e+01
      vertex   7.270030e+01 1.955142e+00 8.197500e+01
      vertex   7.259541e+01 1.955142e+00 8.222824e+01
    endloop
  endfacet
  facet normal 5.371346e-15 -1.000000e+00 -4.386066e-15
    outer loop
      vertex   6.750963e+01 1.955142e+00 8.005000e+01
      vertex   7.259541e+01 1.955142e+00 8.222824e+01
      vertex   6.750963e+01 1.955142e+00 8.410000e+01
    endloop
  endfacet
  facet normal 7.341294e-15 -1.000000e+00 9.664997e-16
    outer loop
      vertex   6.750963e+01 1.955142e+00 8.410000e+01
      vertex   7.259541e+01 1.955142e+00 8.222824e+01
      vertex   7.255963e+01 1.955142e+00 8.250000e+01
    endloop
  endfacet
  facet normal 6.753382e-15 -1.000000e+00 -8.890996e-16
    outer loop
      vertex   6.750963e+01 1.955142e+00 8.410000e+01
      vertex   7.255963e+01 1.955142e+00 8.250000e+01
      vertex   7.259541e+01 1.955142e+00 8.277176e+01
    endloop
  endfacet
  facet normal 6.303661e-15 -1.000000e+00 -2.611062e-15
    outer loop
      vertex   7.259541e+01 1.955142e+00 8.277176e+01
      vertex   7.270030e+01 1.955142e+00 8.302500e+01
      vertex   6.750963e+01 1.955142e+00 8.410000e+01
    endloop
  endfacet
  facet normal 5.905884e-15 -1.000000e+00 -4.531744e-15
    outer loop
      vertex   6.750963e+01 1.955142e+00 8.410000e+01
      vertex   7.270030e+01 1.955142e+00 8.302500e+01
      vertex   7.286717e+01 1.955142e+00 8.324246e+01
    endloop
  endfacet
  facet normal 5.486729e-15 -1.000000e+00 -7.150445e-15
    outer loop
      vertex   6.750963e+01 1.955142e+00 8.410000e+01
      vertex   7.286717e+01 1.955142e+00 8.324246e+01
      vertex   7.308463e+01 1.955142e+00 8.340933e+01
    endloop
  endfacet
  facet normal 4.905415e-15 -1.000000e+00 -1.184272e-14
    outer loop
      vertex   7.308463e+01 1.955142e+00 8.340933e+01
      vertex   7.333787e+01 1.955142e+00 8.351422e+01
      vertex   6.750963e+01 1.955142e+00 8.410000e+01
    endloop
  endfacet
  facet normal 3.456732e-15 -1.000000e+00 -2.625649e-14
    outer loop
      vertex   6.750963e+01 1.955142e+00 8.410000e+01
      vertex   7.333787e+01 1.955142e+00 8.351422e+01
      vertex   7.360963e+01 1.955142e+00 8.355000e+01
    endloop
  endfacet
  facet normal 4.368091e-15 -1.000000e+00 -1.614870e-14
    outer loop
      vertex   6.750963e+01 1.955142e+00 8.410000e+01
      vertex   7.360963e+01 1.955142e+00 8.355000e+01
      vertex   7.970963e+01 1.955142e+00 8.410000e+01
    endloop
  endfacet
  facet normal 1.728366e-15 -1.000000e+00 1.312824e-14
    outer loop
      vertex   7.970963e+01 1.955142e+00 8.410000e+01
      vertex   7.360963e+01 1.955142e+00 8.355000e+01
      vertex   7.388139e+01 1.955142e+00 8.351422e+01
    endloop
  endfacet
  facet normal 2.452707e-15 -1.000000e+00 5.921359e-15
    outer loop
      vertex   7.970963e+01 1.955142e+00 8.410000e+01
      vertex   7.388139e+01 1.955142e+00 8.351422e+01
      vertex   7.413463e+01 1.955142e+00 8.340933e+01
    endloop
  endfacet
  facet normal 2.743365e-15 -1.000000e+00 3.575222e-15
    outer loop
      vertex   7.413463e+01 1.955142e+00 8.340933e+01
      vertex   7.435209e+01 1.955142e+00 8.324246e+01
      vertex   7.970963e+01 1.955142e+00 8.410000e+01
    endloop
  endfacet
  facet normal 2.952942e-15 -1.000000e+00 2.265872e-15
    outer loop
      vertex   7.970963e+01 1.955142e+00 8.410000e+01
      vertex   7.435209e+01 1.955142e+00 8.324246e+01
      vertex   7.451895e+01 1.955142e+00 8.302500e+01
    endloop
  endfacet
  facet normal 3.151831e-15 -1.000000e+00 1.305531e-15
    outer loop
      vertex   7.970963e+01 1.955142e+00 8.410000e+01
      vertex   7.451895e+01 1.955142e+00 8.302500e+01
      vertex   7.462385e+01 1.955142e+00 8.277176e+01
    endloop
  endfacet
  facet normal 1.681025e-15 -1.000000e+00 8.330776e-15
    outer loop
      vertex   7.967165e+01 6.355142e+00 9.388412e+01
      vertex   7.625359e+01 6.355142e+00 9.414738e+01
      vertex   7.970963e+01 6.355142e+00 9.345000e+01
    endloop
  endfacet
  facet normal 0.000000e+00 -1.000000e+00 0.000000e+00
    outer loop
      vertex   7.970963e+01 6.355142e+00 9.345000e+01
      vertex   7.625359e+01 6.355142e+00 9.414738e+01
      vertex   7.595539e+01 6.355142e+00 9.377345e+01
    endloop
  endfacet
  facet normal -0.000000e+00 -1.000000e+00 0.000000e+00
    outer loop
      vertex   7.970963e+01 6.355142e+00 9.345000e+01
      vertex   7.595539e+01 6.355142e+00 9.377345e+01
      vertex   7.560480e+01 6.355142e+00 9.344814e+01
    endloop
  endfacet
  facet normal 9.951451e-16 -1.000000e+00 -5.745473e-16
    outer loop
      vertex   7.625359e+01 6.355142e+00 9.414738e+01
      vertex   7.967165e+01 6.355142e+00 9.388412e+01
      vertex   7.649273e+01 6.355142e+00 9.456157e+01
    endloop
  endfacet
  facet normal 7.083696e-16 -1.000000e+00 -1.920232e-15
    outer loop
      vertex   7.649273e+01 6.355142e+00 9.456157e+01
      vertex   7.967165e+01 6.355142e+00 9.388412e+01
      vertex   7.955886e+01 6.355142e+00 9.430505e+01
    endloop
  endfacet
  facet normal 7.085185e-16 -1.000000e+00 -1.918452e-15
    outer loop
      vertex   7.649273e+01 6.355142e+00 9.456157e+01
      vertex   7.955886e+01 6.355142e+00 9.430505e+01
      vertex   7.937469e+01 6.355142e+00 9.470000e+01
    endloop
  endfacet
  facet normal 8.275579e-16 -1.000000e+00 -4.396759e-15
    outer loop
      vertex   7.937469e+01 6.355142e+00 9.470000e+01
      vertex   7.912474e+01 6.355142e+00 9.505697e+01
      vertex   7.649273e+01 6.355142e+00 9.456157e+01
    endloop
  endfacet
  facet normal 0.000000e+00 -1.000000e+00 0.000000e+00
    outer loop
      vertex   7.649273e+01 6.355142e+00 9.456157e+01
      vertex   7.912474e+01 6.355142e+00 9.505697e+01
      vertex   7.881660e+01 6.355142e+00 9.536511e+01
    endloop
  endfacet
  facet normal 0.000000e+00 -1.000000e+00 0.000000e+00
    outer loop
      vertex   7.649273e+01 6.355142e+00 9.456157e+01
      vertex   7.881660e+01 6.355142e+00 9.536511e+01
      vertex   7.666746e+01 6.355142e+00 9.500678e+01
    endloop
  endfacet
  facet normal 4.785175e-16 -1.000000e+00 -2.869996e-15
    outer loop
      vertex   7.666746e+01 6.355142e+00 9.500678e+01
      vertex   7.881660e+01 6.355142e+00 9.536511e+01
      vertex   7.845963e+01 6.355142e+00 9.561506e+01
    endloop
  endfacet
  facet normal 6.605071e-16 -1.000000e+00 -3.406190e-15
    outer loop
      vertex   7.666746e+01 6.355142e+00 9.500678e+01
      vertex   7.845963e+01 6.355142e+00 9.561506e+01
      vertex   7.806468e+01 6.355142e+00 9.579923e+01
    endloop
  endfacet
  facet normal 1.025103e-15 -1.000000e+00 -4.049034e-15
    outer loop
      vertex   7.806468e+01 6.355142e+00 9.579923e+01
      vertex   7.764375e+01 6.355142e+00 9.591202e+01
      vertex   7.666746e+01 6.355142e+00 9.500678e+01
    endloop
  endfacet
  facet normal -3.461904e-15 -1.000000e+00 7.901571e-16
    outer loop
      vertex   7.666746e+01 6.355142e+00 9.500678e+01
      vertex   7.764375e+01 6.355142e+00 9.591202e+01
      vertex   7.677389e+01 6.355142e+00 9.547306e+01
    endloop
  endfacet
  facet normal -5.683486e-15 -1.000000e+00 5.192591e-15
    outer loop
      vertex   7.677389e+01 6.355142e+00 9.547306e+01
      vertex   7.764375e+01 6.355142e+00 9.591202e+01
      vertex   7.720963e+01 6.355142e+00 9.595000e+01
    endloop
  endfacet
  facet normal 0.000000e+00 -1.000000e+00 0.000000e+00
    outer loop
      vertex   7.677389e+01 6.355142e+00 9.547306e+01
      vertex   7.720963e+01 6.355142e+00 9.595000e+01
      vertex   7.680963e+01 6.355142e+00 9.595000e+01
    endloop
  endfacet
  facet normal 0.000000e+00 -1.000000e+00 -0.000000e+00
    outer loop
      vertex   7.560480e+01 6.355142e+00 9.344814e+01
      vertex   7.520963e+01 6.355142e+00 9.317872e+01
      vertex   7.970963e+01 6.355142e+00 9.345000e+01
    endloop
  endfacet
  facet normal -1.245200e-17 -1.000000e+00 2.065531e-16
    outer loop
      vertex   7.970963e+01 6.355142e+00 9.345000e+01
      vertex   7.520963e+01 6.355142e+00 9.317872e+01
      vertex   7.970963e+01 6.355142e+00 8.485000e+01
    endloop
  endfacet
  facet normal -8.150384e-17 -1.000000e+00 1.692445e-16
    outer loop
      vertex   7.970963e+01 6.355142e+00 8.485000e+01
      vertex   7.520963e+01 6.355142e+00 9.317872e+01
      vertex   7.477872e+01 6.355142e+00 9.297120e+01
    endloop
  endfacet
  facet normal -5.682668e-17 -1.000000e+00 1.842276e-16
    outer loop
      vertex   7.970963e+01 6.355142e+00 8.485000e+01
      vertex   7.477872e+01 6.355142e+00 9.297120e+01
      vertex   7.432170e+01 6.355142e+00 9.283023e+01
    endloop
  endfacet
  facet normal -3.045185e-17 -1.000000e+00 2.020348e-16
    outer loop
      vertex   7.432170e+01 6.355142e+00 9.283023e+01
      vertex   7.384876e+01 6.355142e+00 9.275895e+01
      vertex   7.970963e+01 6.355142e+00 8.485000e+01
    endloop
  endfacet
  facet normal -5.232411e-31 -1.000000e+00 2.246009e-16
    outer loop
      vertex   7.970963e+01 6.355142e+00 8.485000e+01
      vertex   7.384876e+01 6.355142e+00 9.275895e+01
      vertex   6.750963e+01 6.355142e+00 8.485000e+01
    endloop
  endfacet
  facet normal 0.000000e+00 -1.000000e+00 2.246009e-16
    outer loop
      vertex   6.750963e+01 6.355142e+00 8.485000e+01
      vertex   7.384876e+01 6.355142e+00 9.275895e+01
      vertex   7.337049e+01 6.355142e+00 9.275895e+01
    endloop
  endfacet
  facet normal 3.045185e-17 -1.000000e+00 2.020348e-16
    outer loop
      vertex   6.750963e+01 6.355142e+00 8.485000e+01
      vertex   7.337049e+01 6.355142e+00 9.275895e+01
      vertex   7.289756e+01 6.355142e+00 9.283023e+01
    endloop
  endfacet
  facet normal 5.682668e-17 -1.000000e+00 1.842276e-16
    outer loop
      vertex   7.289756e+01 6.355142e+00 9.283023e+01
      vertex   7.244054e+01 6.355142e+00 9.297120e+01
      vertex   6.750963e+01 6.355142e+00 8.485000e+01
    endloop
  endfacet
  facet normal 8.150384e-17 -1.000000e+00 1.692445e-16
    outer loop
      vertex   6.750963e+01 6.355142e+00 8.485000e+01
      vertex   7.244054e+01 6.355142e+00 9.297120e+01
      vertex   7.200963e+01 6.355142e+00 9.317872e+01
    endloop
  endfacet
  facet normal 1.245200e-17 -1.000000e+00 2.065531e-16
    outer loop
      vertex   6.750963e+01 6.355142e+00 8.485000e+01
      vertex   7.200963e+01 6.355142e+00 9.317872e+01
      vertex   6.750963e+01 6.355142e+00 9.345000e+01
    endloop
  endfacet
  facet normal 0.000000e+00 -1.000000e+00 0.000000e+00
    outer loop
      vertex   6.750963e+01 6.355142e+00 9.345000e+01
      vertex   7.200963e+01 6.355142e+00 9.317872e+01
      vertex   7.161446e+01 6.355142e+00 9.344814e+01
    endloop
  endfacet
  facet normal 0.000000e+00 -1.000000e+00 0.000000e+00
    outer loop
      vertex   6.750963e+01 6.355142e+00 9.345000e+01
      vertex   7.161446e+01 6.355142e+00 9.344814e+01
      vertex   7.126386e+01 6.355142e+00 9.377345e+01
    endloop
  endfacet
  facet normal -0.000000e+00 -1.000000e+00 0.000000e+00
    outer loop
      vertex   7.126386e+01 6.355142e+00 9.377345e+01
      vertex   7.096566e+01 6.355142e+00 9.414738e+01
      vertex   6.750963e+01 6.355142e+00 9.345000e+01
    endloop
  endfacet
  facet normal 1.260768e-15 -1.000000e+00 -6.248082e-15
    outer loop
      vertex   6.750963e+01 6.355142e+00 9.345000e+01
      vertex   7.096566e+01 6.355142e+00 9.414738e+01
      vertex   6.754761e+01 6.355142e+00 9.388412e+01
    endloop
  endfacet
  facet normal 7.463588e-16 -1.000000e+00 4.309105e-16
    outer loop
      vertex   6.754761e+01 6.355142e+00 9.388412e+01
      vertex   7.096566e+01 6.355142e+00 9.414738e+01
      vertex   7.072653e+01 6.355142e+00 9.456157e+01
    endloop
  endfacet
  facet normal 4.120530e-16 -1.000000e+00 1.999629e-15
    outer loop
      vertex   6.754761e+01 6.355142e+00 9.388412e+01
      vertex   7.072653e+01 6.355142e+00 9.456157e+01
      vertex   6.766040e+01 6.355142e+00 9.430505e+01
    endloop
  endfacet
  facet normal 4.070848e-16 -1.000000e+00 2.059013e-15
    outer loop
      vertex   6.766040e+01 6.355142e+00 9.430505e+01
      vertex   7.072653e+01 6.355142e+00 9.456157e+01
      vertex   6.784456e+01 6.355142e+00 9.470000e+01
    endloop
  endfacet
  facet normal 4.137789e-16 -1.000000e+00 2.198379e-15
    outer loop
      vertex   6.784456e+01 6.355142e+00 9.470000e+01
      vertex   7.072653e+01 6.355142e+00 9.456157e+01
      vertex   6.809452e+01 6.355142e+00 9.505697e+01
    endloop
  endfacet
  facet normal 0.000000e+00 -1.000000e+00 0.000000e+00
    outer loop
      vertex   6.809452e+01 6.355142e+00 9.505697e+01
      vertex   7.072653e+01 6.355142e+00 9.456157e+01
      vertex   6.840266e+01 6.355142e+00 9.536511e+01
    endloop
  endfacet
  facet normal 0.000000e+00 -1.000000e+00 0.000000e+00
    outer loop
      vertex   6.840266e+01 6.355142e+00 9.536511e+01
      vertex   7.072653e+01 6.355142e+00 9.456157e+01
      vertex   7.055180e+01 6.355142e+00 9.500678e+01
    endloop
  endfacet
  facet normal 9.570349e-16 -1.000000e+00 5.739993e-15
    outer loop
      vertex   6.840266e+01 6.355142e+00 9.536511e+01
      vertex   7.055180e+01 6.355142e+00 9.500678e+01
      vertex   6.875963e+01 6.355142e+00 9.561506e+01
    endloop
  endfacet
  facet normal 3.736860e-16 -1.000000e+00 4.021280e-15
    outer loop
      vertex   6.875963e+01 6.355142e+00 9.561506e+01
      vertex   7.055180e+01 6.355142e+00 9.500678e+01
      vertex   6.915458e+01 6.355142e+00 9.579923e+01
    endloop
  endfacet
  facet normal 8.211436e-16 -1.000000e+00 4.810222e-15
    outer loop
      vertex   6.915458e+01 6.355142e+00 9.579923e+01
      vertex   7.055180e+01 6.355142e+00 9.500678e+01
      vertex   6.957551e+01 6.355142e+00 9.591202e+01
    endloop
  endfacet
  facet normal -4.615873e-15 -1.000000e+00 -1.053543e-15
    outer loop
      vertex   6.957551e+01 6.355142e+00 9.591202e+01
      vertex   7.055180e+01 6.355142e+00 9.500678e+01
      vertex   7.044537e+01 6.355142e+00 9.547306e+01
    endloop
  endfacet
  facet normal -7.577981e-15 -1.000000e+00 -6.923455e-15
    outer loop
      vertex   6.957551e+01 6.355142e+00 9.591202e+01
      vertex   7.044537e+01 6.355142e+00 9.547306e+01
      vertex   7.000963e+01 6.355142e+00 9.595000e+01
    endloop
  endfacet
  facet normal 0.000000e+00 -1.000000e+00 0.000000e+00
    outer loop
      vertex   7.000963e+01 6.355142e+00 9.595000e+01
      vertex   7.044537e+01 6.355142e+00 9.547306e+01
      vertex   7.040963e+01 6.355142e+00 9.595000e+01
    endloop
  endfacet
  facet normal 2.957561e-15 -1.000000e+00 2.445709e-14
    outer loop
      vertex   6.750963e+01 -6.948577e-01 8.005000e+01
      vertex   6.750963e+01 -6.948577e-01 7.660000e+01
      vertex   7.970963e+01 -6.948577e-01 8.005000e+01
    endloop
  endfacet
  facet normal 4.550094e-17 -1.000000e+00 3.475481e-14
    outer loop
      vertex   7.970963e+01 -6.948577e-01 8.005000e+01
      vertex   6.750963e+01 -6.948577e-01 7.660000e+01
      vertex   7.970963e+01 -6.948577e-01 7.660000e+01
    endloop
  endfacet
  facet normal -1.000000e+00 1.136868e-14 -3.794504e-13
    outer loop
      vertex   6.750963e+01 -6.948577e-01 7.660000e+01
      vertex   6.750963e+01 1.955142e+00 8.005000e+01
      vertex   6.750963e+01 5.555142e+00 7.660000e+01
    endloop
  endfacet
  facet normal -1.000000e+00 3.212329e-13 -5.611383e-14
    outer loop
      vertex   6.750963e+01 5.555142e+00 7.660000e+01
      vertex   6.750963e+01 1.955142e+00 8.005000e+01
      vertex   6.750963e+01 2.705142e+00 8.485000e+01
    endloop
  endfacet
  facet normal -1.000000e+00 0.000000e+00 -1.670852e-13
    outer loop
      vertex   6.750963e+01 5.555142e+00 7.660000e+01
      vertex   6.750963e+01 2.705142e+00 8.485000e+01
      vertex   6.750963e+01 6.355142e+00 8.485000e+01
    endloop
  endfacet
  facet normal -1.000000e+00 0.000000e+00 -3.707179e-13
    outer loop
      vertex   6.750963e+01 -6.948577e-01 7.660000e+01
      vertex   6.750963e+01 -6.948577e-01 8.005000e+01
      vertex   6.750963e+01 1.955142e+00 8.005000e+01
    endloop
  endfacet
  facet normal -1.000000e+00 -5.622074e-14 -3.508853e-15
    outer loop
      vertex   6.750963e+01 1.955142e+00 8.410000e+01
      vertex   6.750963e+01 2.174812e+00 8.463033e+01
      vertex   6.750963e+01 1.955142e+00 8.005000e+01
    endloop
  endfacet
  facet normal -1.000000e+00 4.943308e-15 -6.442244e-15
    outer loop
      vertex   6.750963e+01 1.955142e+00 8.005000e+01
      vertex   6.750963e+01 2.174812e+00 8.463033e+01
      vertex   6.750963e+01 2.330142e+00 8.474952e+01
    endloop
  endfacet
  facet normal -1.000000e+00 2.590706e-15 -6.254518e-15
    outer loop
      vertex   6.750963e+01 1.955142e+00 8.005000e+01
      vertex   6.750963e+01 2.330142e+00 8.474952e+01
      vertex   6.750963e+01 2.511028e+00 8.482444e+01
    endloop
  endfacet
  facet normal -1.000000e+00 2.590898e-13 -1.073185e-13
    outer loop
      vertex   6.750963e+01 1.980698e+00 8.429411e+01
      vertex   6.750963e+01 2.055623e+00 8.447500e+01
      vertex   6.750963e+01 1.955142e+00 8.410000e+01
    endloop
  endfacet
  facet normal -1.000000e+00 7.588566e-14 -5.822911e-14
    outer loop
      vertex   6.750963e+01 1.955142e+00 8.410000e+01
      vertex   6.750963e+01 2.055623e+00 8.447500e+01
      vertex   6.750963e+01 2.174812e+00 8.463033e+01
    endloop
  endfacet
  facet normal -1.000000e+00 7.959118e-16 -6.045551e-15
    outer loop
      vertex   6.750963e+01 2.511028e+00 8.482444e+01
      vertex   6.750963e+01 2.705142e+00 8.485000e+01
      vertex   6.750963e+01 1.955142e+00 8.005000e+01
    endloop
  endfacet
  facet normal -1.000000e+00 -3.552714e-15 -1.652425e-15
    outer loop
      vertex   6.750963e+01 6.355142e+00 9.345000e+01
      vertex   6.750963e+01 1.035514e+01 9.345000e+01
      vertex   6.750963e+01 6.355142e+00 8.485000e+01
    endloop
  endfacet
  facet normal -1.000000e+00 4.448781e-13 -2.102249e-13
    outer loop
      vertex   6.750963e+01 6.355142e+00 8.485000e+01
      vertex   6.750963e+01 1.035514e+01 9.345000e+01
      vertex   6.750963e+01 5.555142e+00 7.660000e+01
    endloop
  endfacet
  facet normal -1.000000e+00 -2.001075e-13 -2.649014e-14
    outer loop
      vertex   6.750963e+01 1.035514e+01 9.345000e+01
      vertex   6.750963e+01 1.035514e+01 4.195000e+01
      vertex   6.750963e+01 5.555142e+00 7.660000e+01
    endloop
  endfacet
  facet normal -1.000000e+00 -2.960595e-15 8.202514e-16
    outer loop
      vertex   6.750963e+01 5.555142e+00 7.660000e+01
      vertex   6.750963e+01 1.035514e+01 4.195000e+01
      vertex   6.750963e+01 5.555142e+00 4.195000e+01
    endloop
  endfacet
  facet normal 1.575369e-13 -1.000000e+00 -4.871559e-14
    outer loop
      vertex   7.410230e+01 5.555142e+00 5.675318e+01
      vertex   7.428045e+01 5.555142e+00 5.660000e+01
      vertex   7.970963e+01 5.555142e+00 7.660000e+01
    endloop
  endfacet
  facet normal -1.981582e-13 -1.000000e+00 4.784103e-14
    outer loop
      vertex   7.970963e+01 5.555142e+00 7.660000e+01
      vertex   7.428045e+01 5.555142e+00 5.660000e+01
      vertex   7.441288e+01 5.555142e+00 5.640593e+01
    endloop
  endfacet
  facet normal -6.747828e-15 -1.000000e+00 -2.364420e-15
    outer loop
      vertex   7.970963e+01 5.555142e+00 7.660000e+01
      vertex   7.441288e+01 5.555142e+00 5.640593e+01
      vertex   7.449058e+01 5.555142e+00 5.618421e+01
    endloop
  endfacet
  facet normal -1.235439e-14 -1.000000e+00 -9.311683e-16
    outer loop
      vertex   7.449058e+01 5.555142e+00 5.618421e+01
      vertex   7.450823e+01 5.555142e+00 5.594992e+01
      vertex   7.970963e+01 5.555142e+00 7.660000e+01
    endloop
  endfacet
  facet normal -8.869041e-15 -1.000000e+00 -1.809068e-15
    outer loop
      vertex   7.970963e+01 5.555142e+00 7.660000e+01
      vertex   7.450823e+01 5.555142e+00 5.594992e+01
      vertex   7.653778e+01 5.555142e+00 4.600000e+01
    endloop
  endfacet
  facet normal -3.076570e-15 -1.000000e+00 -2.409488e-15
    outer loop
      vertex   7.970963e+01 5.555142e+00 7.660000e+01
      vertex   7.653778e+01 5.555142e+00 4.600000e+01
      vertex   7.970963e+01 5.555142e+00 4.195000e+01
    endloop
  endfacet
  facet normal 0.000000e+00 -1.000000e+00 0.000000e+00
    outer loop
      vertex   7.970963e+01 5.555142e+00 4.195000e+01
      vertex   7.653778e+01 5.555142e+00 4.600000e+01
      vertex   7.718383e+01 5.555142e+00 4.298094e+01
    endloop
  endfacet
  facet normal 0.000000e+00 -1.000000e+00 0.000000e+00
    outer loop
      vertex   7.970963e+01 5.555142e+00 4.195000e+01
      vertex   7.718383e+01 5.555142e+00 4.298094e+01
      vertex   7.734799e+01 5.555142e+00 4.247043e+01
    endloop
  endfacet
  facet normal 0.000000e+00 -1.000000e+00 0.000000e+00
    outer loop
      vertex   7.446465e+01 5.555142e+00 5.571905e+01
      vertex   7.447896e+01 5.555142e+00 5.223294e+01
      vertex   7.450823e+01 5.555142e+00 5.594992e+01
    endloop
  endfacet
  facet normal 0.000000e+00 -1.000000e+00 -0.000000e+00
    outer loop
      vertex   7.450823e+01 5.555142e+00 5.594992e+01
      vertex   7.447896e+01 5.555142e+00 5.223294e+01
      vertex   7.450963e+01 5.555142e+00 5.200000e+01
    endloop
  endfacet
  facet normal 0.000000e+00 -1.000000e+00 0.000000e+00
    outer loop
      vertex   7.450823e+01 5.555142e+00 5.594992e+01
      vertex   7.450963e+01 5.555142e+00 5.200000e+01
      vertex   7.653778e+01 5.555142e+00 4.600000e+01
    endloop
  endfacet
  facet normal 0.000000e+00 -1.000000e+00 0.000000e+00
    outer loop
      vertex   7.653778e+01 5.555142e+00 4.600000e+01
      vertex   7.450963e+01 5.555142e+00 5.200000e+01
      vertex   7.450963e+01 5.555142e+00 4.800000e+01
    endloop
  endfacet
  facet normal 0.000000e+00 -1.000000e+00 0.000000e+00
    outer loop
      vertex   7.653778e+01 5.555142e+00 4.600000e+01
      vertex   7.450963e+01 5.555142e+00 4.800000e+01
      vertex   7.447896e+01 5.555142e+00 4.776706e+01
    endloop
  endfacet
  facet normal 0.000000e+00 -1.000000e+00 0.000000e+00
    outer loop
      vertex   7.447896e+01 5.555142e+00 5.223294e+01
      vertex   7.446465e+01 5.555142e+00 5.571905e+01
      vertex   7.438905e+01 5.555142e+00 5.245000e+01
    endloop
  endfacet
  facet normal 0.000000e+00 -1.000000e+00 0.000000e+00
    outer loop
      vertex   7.438905e+01 5.555142e+00 5.245000e+01
      vertex   7.446465e+01 5.555142e+00 5.571905e+01
      vertex   7.436280e+01 5.555142e+00 5.550733e+01
    endloop
  endfacet
  facet normal 0.000000e+00 -1.000000e+00 0.000000e+00
    outer loop
      vertex   7.438905e+01 5.555142e+00 5.245000e+01
      vertex   7.436280e+01 5.555142e+00 5.550733e+01
      vertex   7.424602e+01 5.555142e+00 5.263640e+01
    endloop
  endfacet
  facet normal 0.000000e+00 -1.000000e+00 0.000000e+00
    outer loop
      vertex   7.424602e+01 5.555142e+00 5.263640e+01
      vertex   7.436280e+01 5.555142e+00 5.550733e+01
      vertex   7.420963e+01 5.555142e+00 5.532918e+01
    endloop
  endfacet
  facet normal 0.000000e+00 -1.000000e+00 0.000000e+00
    outer loop
      vertex   7.424602e+01 5.555142e+00 5.263640e+01
      vertex   7.420963e+01 5.555142e+00 5.532918e+01
      vertex   7.405963e+01 5.555142e+00 5.277942e+01
    endloop
  endfacet
  facet normal 0.000000e+00 -1.000000e+00 0.000000e+00
    outer loop
      vertex   7.405963e+01 5.555142e+00 5.277942e+01
      vertex   7.420963e+01 5.555142e+00 5.532918e+01
      vertex   7.401556e+01 5.555142e+00 5.519675e+01
    endloop
  endfacet
  facet normal 0.000000e+00 -1.000000e+00 0.000000e+00
    outer loop
      vertex   7.405963e+01 5.555142e+00 5.277942e+01
      vertex   7.401556e+01 5.555142e+00 5.519675e+01
      vertex   7.384257e+01 5.555142e+00 5.286933e+01
    endloop
  endfacet
  facet normal 0.000000e+00 -1.000000e+00 0.000000e+00
    outer loop
      vertex   7.384257e+01 5.555142e+00 5.286933e+01
      vertex   7.401556e+01 5.555142e+00 5.519675e+01
      vertex   7.379383e+01 5.555142e+00 5.511905e+01
    endloop
  endfacet
  facet normal 0.000000e+00 -1.000000e+00 0.000000e+00
    outer loop
      vertex   7.384257e+01 5.555142e+00 5.286933e+01
      vertex   7.379383e+01 5.555142e+00 5.511905e+01
      vertex   7.360963e+01 5.555142e+00 5.290000e+01
    endloop
  endfacet
  facet normal 0.000000e+00 -1.000000e+00 0.000000e+00
    outer loop
      vertex   7.360963e+01 5.555142e+00 5.290000e+01
      vertex   7.379383e+01 5.555142e+00 5.511905e+01
      vertex   7.355955e+01 5.555142e+00 5.510139e+01
    endloop
  endfacet
  facet normal -0.000000e+00 -1.000000e+00 0.000000e+00
    outer loop
      vertex   7.360963e+01 5.555142e+00 5.290000e+01
      vertex   7.355955e+01 5.555142e+00 5.510139e+01
      vertex   7.337669e+01 5.555142e+00 5.286933e+01
    endloop
  endfacet
  facet normal 0.000000e+00 -1.000000e+00 0.000000e+00
    outer loop
      vertex   7.337669e+01 5.555142e+00 5.286933e+01
      vertex   7.355955e+01 5.555142e+00 5.510139e+01
      vertex   7.332868e+01 5.555142e+00 5.514497e+01
    endloop
  endfacet
  facet normal -0.000000e+00 -1.000000e+00 0.000000e+00
    outer loop
      vertex   7.337669e+01 5.555142e+00 5.286933e+01
      vertex   7.332868e+01 5.555142e+00 5.514497e+01
      vertex   7.315963e+01 5.555142e+00 5.277942e+01
    endloop
  endfacet
  facet normal 0.000000e+00 -1.000000e+00 0.000000e+00
    outer loop
      vertex   7.315963e+01 5.555142e+00 5.277942e+01
      vertex   7.332868e+01 5.555142e+00 5.514497e+01
      vertex   7.311696e+01 5.555142e+00 5.524682e+01
    endloop
  endfacet
  facet normal -0.000000e+00 -1.000000e+00 0.000000e+00
    outer loop
      vertex   7.315963e+01 5.555142e+00 5.277942e+01
      vertex   7.311696e+01 5.555142e+00 5.524682e+01
      vertex   7.297323e+01 5.555142e+00 5.263640e+01
    endloop
  endfacet
  facet normal 0.000000e+00 -1.000000e+00 0.000000e+00
    outer loop
      vertex   7.297323e+01 5.555142e+00 5.263640e+01
      vertex   7.311696e+01 5.555142e+00 5.524682e+01
      vertex   7.293881e+01 5.555142e+00 5.540000e+01
    endloop
  endfacet
  facet normal -0.000000e+00 -1.000000e+00 0.000000e+00
    outer loop
      vertex   7.297323e+01 5.555142e+00 5.263640e+01
      vertex   7.293881e+01 5.555142e+00 5.540000e+01
      vertex   7.283021e+01 5.555142e+00 5.245000e+01
    endloop
  endfacet
  facet normal 0.000000e+00 -1.000000e+00 0.000000e+00
    outer loop
      vertex   7.283021e+01 5.555142e+00 5.245000e+01
      vertex   7.293881e+01 5.555142e+00 5.540000e+01
      vertex   7.280637e+01 5.555142e+00 5.559407e+01
    endloop
  endfacet
  facet normal -0.000000e+00 -1.000000e+00 0.000000e+00
    outer loop
      vertex   7.283021e+01 5.555142e+00 5.245000e+01
      vertex   7.280637e+01 5.555142e+00 5.559407e+01
      vertex   7.274029e+01 5.555142e+00 5.223294e+01
    endloop
  endfacet
  facet normal 0.000000e+00 -1.000000e+00 0.000000e+00
    outer loop
      vertex   7.274029e+01 5.555142e+00 5.223294e+01
      vertex   7.280637e+01 5.555142e+00 5.559407e+01
      vertex   7.272868e+01 5.555142e+00 5.581579e+01
    endloop
  endfacet
  facet normal -0.000000e+00 -1.000000e+00 0.000000e+00
    outer loop
      vertex   7.274029e+01 5.555142e+00 5.223294e+01
      vertex   7.272868e+01 5.555142e+00 5.581579e+01
      vertex   7.270963e+01 5.555142e+00 5.200000e+01
    endloop
  endfacet
  facet normal 0.000000e+00 -1.000000e+00 0.000000e+00
    outer loop
      vertex   7.270963e+01 5.555142e+00 5.200000e+01
      vertex   7.272868e+01 5.555142e+00 5.581579e+01
      vertex   7.271102e+01 5.555142e+00 5.605008e+01
    endloop
  endfacet
  facet normal -0.000000e+00 -1.000000e+00 0.000000e+00
    outer loop
      vertex   7.270963e+01 5.555142e+00 5.200000e+01
      vertex   7.271102e+01 5.555142e+00 5.605008e+01
      vertex   7.068148e+01 5.555142e+00 4.600000e+01
    endloop
  endfacet
  facet normal 8.928035e-15 -1.000000e+00 -1.802953e-15
    outer loop
      vertex   7.068148e+01 5.555142e+00 4.600000e+01
      vertex   7.271102e+01 5.555142e+00 5.605008e+01
      vertex   6.750963e+01 5.555142e+00 7.660000e+01
    endloop
  endfacet
  facet normal 3.076570e-15 -1.000000e+00 -2.409488e-15
    outer loop
      vertex   7.068148e+01 5.555142e+00 4.600000e+01
      vertex   6.750963e+01 5.555142e+00 7.660000e+01
      vertex   6.750963e+01 5.555142e+00 4.195000e+01
    endloop
  endfacet
  facet normal 9.194281e-15 -1.000000e+00 -1.735563e-15
    outer loop
      vertex   7.271102e+01 5.555142e+00 5.605008e+01
      vertex   7.275460e+01 5.555142e+00 5.628095e+01
      vertex   6.750963e+01 5.555142e+00 7.660000e+01
    endloop
  endfacet
  facet normal 5.558740e-15 -1.000000e+00 -2.674009e-15
    outer loop
      vertex   6.750963e+01 5.555142e+00 7.660000e+01
      vertex   7.275460e+01 5.555142e+00 5.628095e+01
      vertex   7.285645e+01 5.555142e+00 5.649267e+01
    endloop
  endfacet
  facet normal 3.688390e-15 -1.000000e+00 -3.171361e-15
    outer loop
      vertex   6.750963e+01 5.555142e+00 7.660000e+01
      vertex   7.285645e+01 5.555142e+00 5.649267e+01
      vertex   7.300963e+01 5.555142e+00 5.667082e+01
    endloop
  endfacet
  facet normal 2.405754e-15 -1.000000e+00 -3.525340e-15
    outer loop
      vertex   7.300963e+01 5.555142e+00 5.667082e+01
      vertex   7.320369e+01 5.555142e+00 5.680325e+01
      vertex   6.750963e+01 5.555142e+00 7.660000e+01
    endloop
  endfacet
  facet normal 1.342434e-15 -1.000000e+00 -3.831178e-15
    outer loop
      vertex   6.750963e+01 5.555142e+00 7.660000e+01
      vertex   7.320369e+01 5.555142e+00 5.680325e+01
      vertex   7.342542e+01 5.555142e+00 5.688095e+01
    endloop
  endfacet
  facet normal 3.120599e-16 -1.000000e+00 -4.140295e-15
    outer loop
      vertex   6.750963e+01 5.555142e+00 7.660000e+01
      vertex   7.342542e+01 5.555142e+00 5.688095e+01
      vertex   7.365971e+01 5.555142e+00 5.689861e+01
    endloop
  endfacet
  facet normal 0.000000e+00 -1.000000e+00 -4.237709e-15
    outer loop
      vertex   6.750963e+01 5.555142e+00 7.660000e+01
      vertex   7.365971e+01 5.555142e+00 5.689861e+01
      vertex   7.970963e+01 5.555142e+00 7.660000e+01
    endloop
  endfacet
  facet normal -7.561047e-16 -1.000000e+00 -4.005523e-15
    outer loop
      vertex   7.970963e+01 5.555142e+00 7.660000e+01
      vertex   7.365971e+01 5.555142e+00 5.689861e+01
      vertex   7.389058e+01 5.555142e+00 5.685503e+01
    endloop
  endfacet
  facet normal -1.781474e-15 -1.000000e+00 -3.703336e-15
    outer loop
      vertex   7.970963e+01 5.555142e+00 7.660000e+01
      vertex   7.389058e+01 5.555142e+00 5.685503e+01
      vertex   7.410230e+01 5.555142e+00 5.675318e+01
    endloop
  endfacet
  facet normal 0.000000e+00 -1.000000e+00 0.000000e+00
    outer loop
      vertex   6.754735e+01 5.555142e+00 4.127821e+01
      vertex   6.766006e+01 5.555142e+00 4.061487e+01
      vertex   6.750963e+01 5.555142e+00 4.195000e+01
    endloop
  endfacet
  facet normal 0.000000e+00 -1.000000e+00 0.000000e+00
    outer loop
      vertex   6.750963e+01 5.555142e+00 4.195000e+01
      vertex   6.766006e+01 5.555142e+00 4.061487e+01
      vertex   6.784633e+01 5.555142e+00 3.996833e+01
    endloop
  endfacet
  facet normal 0.000000e+00 -1.000000e+00 0.000000e+00
    outer loop
      vertex   6.750963e+01 5.555142e+00 4.195000e+01
      vertex   6.784633e+01 5.555142e+00 3.996833e+01
      vertex   6.977964e+01 5.555142e+00 4.194206e+01
    endloop
  endfacet
  facet normal 0.000000e+00 -1.000000e+00 0.000000e+00
    outer loop
      vertex   6.977964e+01 5.555142e+00 4.194206e+01
      vertex   6.784633e+01 5.555142e+00 3.996833e+01
      vertex   6.810381e+01 5.555142e+00 3.934670e+01
    endloop
  endfacet
  facet normal 0.000000e+00 -1.000000e+00 0.000000e+00
    outer loop
      vertex   6.977964e+01 5.555142e+00 4.194206e+01
      vertex   6.810381e+01 5.555142e+00 3.934670e+01
      vertex   6.976232e+01 5.555142e+00 4.140608e+01
    endloop
  endfacet
  facet normal 0.000000e+00 -1.000000e+00 0.000000e+00
    outer loop
      vertex   6.976232e+01 5.555142e+00 4.140608e+01
      vertex   6.810381e+01 5.555142e+00 3.934670e+01
      vertex   6.842928e+01 5.555142e+00 3.875781e+01
    endloop
  endfacet
  facet normal 0.000000e+00 -1.000000e+00 0.000000e+00
    outer loop
      vertex   6.976232e+01 5.555142e+00 4.140608e+01
      vertex   6.842928e+01 5.555142e+00 3.875781e+01
      vertex   6.881864e+01 5.555142e+00 3.820906e+01
    endloop
  endfacet
  facet normal 0.000000e+00 -1.000000e+00 -0.000000e+00
    outer loop
      vertex   6.976232e+01 5.555142e+00 4.140608e+01
      vertex   6.881864e+01 5.555142e+00 3.820906e+01
      vertex   6.981964e+01 5.555142e+00 4.087289e+01
    endloop
  endfacet
  facet normal 0.000000e+00 -1.000000e+00 0.000000e+00
    outer loop
      vertex   6.981964e+01 5.555142e+00 4.087289e+01
      vertex   6.881864e+01 5.555142e+00 3.820906e+01
      vertex   6.926699e+01 5.555142e+00 3.770736e+01
    endloop
  endfacet
  facet normal 0.000000e+00 -1.000000e+00 -0.000000e+00
    outer loop
      vertex   6.981964e+01 5.555142e+00 4.087289e+01
      vertex   6.926699e+01 5.555142e+00 3.770736e+01
      vertex   6.995049e+01 5.555142e+00 4.035284e+01
    endloop
  endfacet
  facet normal 0.000000e+00 -1.000000e+00 0.000000e+00
    outer loop
      vertex   6.995049e+01 5.555142e+00 4.035284e+01
      vertex   6.926699e+01 5.555142e+00 3.770736e+01
      vertex   6.976869e+01 5.555142e+00 3.725901e+01
    endloop
  endfacet
  facet normal 0.000000e+00 -1.000000e+00 -0.000000e+00
    outer loop
      vertex   6.995049e+01 5.555142e+00 4.035284e+01
      vertex   6.976869e+01 5.555142e+00 3.725901e+01
      vertex   7.015233e+01 5.555142e+00 3.985602e+01
    endloop
  endfacet
  facet normal 0.000000e+00 -1.000000e+00 -0.000000e+00
    outer loop
      vertex   7.015233e+01 5.555142e+00 3.985602e+01
      vertex   6.976869e+01 5.555142e+00 3.725901e+01
      vertex   7.042124e+01 5.555142e+00 3.939206e+01
    endloop
  endfacet
  facet normal 0.000000e+00 -1.000000e+00 0.000000e+00
    outer loop
      vertex   7.042124e+01 5.555142e+00 3.939206e+01
      vertex   6.976869e+01 5.555142e+00 3.725901e+01
      vertex   7.031744e+01 5.555142e+00 3.686965e+01
    endloop
  endfacet
  facet normal 0.000000e+00 -1.000000e+00 -0.000000e+00
    outer loop
      vertex   7.042124e+01 5.555142e+00 3.939206e+01
      vertex   7.031744e+01 5.555142e+00 3.686965e+01
      vertex   7.075201e+01 5.555142e+00 3.896997e+01
    endloop
  endfacet
  facet normal 0.000000e+00 -1.000000e+00 -0.000000e+00
    outer loop
      vertex   7.075201e+01 5.555142e+00 3.896997e+01
      vertex   7.031744e+01 5.555142e+00 3.686965e+01
      vertex   7.090633e+01 5.555142e+00 3.654419e+01
    endloop
  endfacet
  facet normal 0.000000e+00 -1.000000e+00 0.000000e+00
    outer loop
      vertex   7.075201e+01 5.555142e+00 3.896997e+01
      vertex   7.090633e+01 5.555142e+00 3.654419e+01
      vertex   7.113823e+01 5.555142e+00 3.859794e+01
    endloop
  endfacet
  facet normal 0.000000e+00 -1.000000e+00 -0.000000e+00
    outer loop
      vertex   7.113823e+01 5.555142e+00 3.859794e+01
      vertex   7.090633e+01 5.555142e+00 3.654419e+01
      vertex   7.152795e+01 5.555142e+00 3.628670e+01
    endloop
  endfacet
  facet normal 0.000000e+00 -1.000000e+00 0.000000e+00
    outer loop
      vertex   7.113823e+01 5.555142e+00 3.859794e+01
      vertex   7.152795e+01 5.555142e+00 3.628670e+01
      vertex   7.157239e+01 5.555142e+00 3.828317e+01
    endloop
  endfacet
  facet normal 0.000000e+00 -1.000000e+00 -0.000000e+00
    outer loop
      vertex   7.157239e+01 5.555142e+00 3.828317e+01
      vertex   7.152795e+01 5.555142e+00 3.628670e+01
      vertex   7.204608e+01 5.555142e+00 3.803179e+01
    endloop
  endfacet
  facet normal 0.000000e+00 -1.000000e+00 -0.000000e+00
    outer loop
      vertex   7.204608e+01 5.555142e+00 3.803179e+01
      vertex   7.152795e+01 5.555142e+00 3.628670e+01
      vertex   7.217450e+01 5.555142e+00 3.610043e+01
    endloop
  endfacet
  facet normal 0.000000e+00 -1.000000e+00 0.000000e+00
    outer loop
      vertex   7.204608e+01 5.555142e+00 3.803179e+01
      vertex   7.217450e+01 5.555142e+00 3.610043e+01
      vertex   7.255010e+01 5.555142e+00 3.784866e+01
    endloop
  endfacet
  facet normal 0.000000e+00 -1.000000e+00 -0.000000e+00
    outer loop
      vertex   7.255010e+01 5.555142e+00 3.784866e+01
      vertex   7.217450e+01 5.555142e+00 3.610043e+01
      vertex   7.283784e+01 5.555142e+00 3.598773e+01
    endloop
  endfacet
  facet normal 0.000000e+00 -1.000000e+00 0.000000e+00
    outer loop
      vertex   7.255010e+01 5.555142e+00 3.784866e+01
      vertex   7.283784e+01 5.555142e+00 3.598773e+01
      vertex   7.307467e+01 5.555142e+00 3.773735e+01
    endloop
  endfacet
  facet normal 0.000000e+00 -1.000000e+00 -0.000000e+00
    outer loop
      vertex   7.307467e+01 5.555142e+00 3.773735e+01
      vertex   7.283784e+01 5.555142e+00 3.598773e+01
      vertex   7.350963e+01 5.555142e+00 3.595000e+01
    endloop
  endfacet
  facet normal 0.000000e+00 -1.000000e+00 0.000000e+00
    outer loop
      vertex   7.307467e+01 5.555142e+00 3.773735e+01
      vertex   7.350963e+01 5.555142e+00 3.595000e+01
      vertex   7.360963e+01 5.555142e+00 3.770000e+01
    endloop
  endfacet
  facet normal 0.000000e+00 -1.000000e+00 -0.000000e+00
    outer loop
      vertex   7.360963e+01 5.555142e+00 3.770000e+01
      vertex   7.350963e+01 5.555142e+00 3.595000e+01
      vertex   7.370963e+01 5.555142e+00 3.595000e+01
    endloop
  endfacet
  facet normal 0.000000e+00 -1.000000e+00 0.000000e+00
    outer loop
      vertex   7.360963e+01 5.555142e+00 3.770000e+01
      vertex   7.370963e+01 5.555142e+00 3.595000e+01
      vertex   7.414458e+01 5.555142e+00 3.773735e+01
    endloop
  endfacet
  facet normal 0.000000e+00 -1.000000e+00 -0.000000e+00
    outer loop
      vertex   7.414458e+01 5.555142e+00 3.773735e+01
      vertex   7.370963e+01 5.555142e+00 3.595000e+01
      vertex   7.438141e+01 5.555142e+00 3.598773e+01
    endloop
  endfacet
  facet normal 0.000000e+00 -1.000000e+00 0.000000e+00
    outer loop
      vertex   7.414458e+01 5.555142e+00 3.773735e+01
      vertex   7.438141e+01 5.555142e+00 3.598773e+01
      vertex   7.466916e+01 5.555142e+00 3.784866e+01
    endloop
  endfacet
  facet normal 0.000000e+00 -1.000000e+00 -0.000000e+00
    outer loop
      vertex   7.466916e+01 5.555142e+00 3.784866e+01
      vertex   7.438141e+01 5.555142e+00 3.598773e+01
      vertex   7.504475e+01 5.555142e+00 3.610043e+01
    endloop
  endfacet
  facet normal 0.000000e+00 -1.000000e+00 0.000000e+00
    outer loop
      vertex   7.466916e+01 5.555142e+00 3.784866e+01
      vertex   7.504475e+01 5.555142e+00 3.610043e+01
      vertex   7.517318e+01 5.555142e+00 3.803179e+01
    endloop
  endfacet
  facet normal 0.000000e+00 -1.000000e+00 -0.000000e+00
    outer loop
      vertex   7.517318e+01 5.555142e+00 3.803179e+01
      vertex   7.504475e+01 5.555142e+00 3.610043e+01
      vertex   7.569130e+01 5.555142e+00 3.628670e+01
    endloop
  endfacet
  facet normal 0.000000e+00 -1.000000e+00 0.000000e+00
    outer loop
      vertex   7.517318e+01 5.555142e+00 3.803179e+01
      vertex   7.569130e+01 5.555142e+00 3.628670e+01
      vertex   7.564687e+01 5.555142e+00 3.828317e+01
    endloop
  endfacet
  facet normal 0.000000e+00 -1.000000e+00 0.000000e+00
    outer loop
      vertex   7.564687e+01 5.555142e+00 3.828317e+01
      vertex   7.569130e+01 5.555142e+00 3.628670e+01
      vertex   7.608103e+01 5.555142e+00 3.859794e+01
    endloop
  endfacet
  facet normal 0.000000e+00 -1.000000e+00 -0.000000e+00
    outer loop
      vertex   7.608103e+01 5.555142e+00 3.859794e+01
      vertex   7.569130e+01 5.555142e+00 3.628670e+01
      vertex   7.631293e+01 5.555142e+00 3.654419e+01
    endloop
  endfacet
  facet normal 0.000000e+00 -1.000000e+00 0.000000e+00
    outer loop
      vertex   7.608103e+01 5.555142e+00 3.859794e+01
      vertex   7.631293e+01 5.555142e+00 3.654419e+01
      vertex   7.646724e+01 5.555142e+00 3.896997e+01
    endloop
  endfacet
  facet normal 0.000000e+00 -1.000000e+00 -0.000000e+00
    outer loop
      vertex   7.646724e+01 5.555142e+00 3.896997e+01
      vertex   7.631293e+01 5.555142e+00 3.654419e+01
      vertex   7.690182e+01 5.555142e+00 3.686965e+01
    endloop
  endfacet
  facet normal 0.000000e+00 -1.000000e+00 0.000000e+00
    outer loop
      vertex   7.646724e+01 5.555142e+00 3.896997e+01
      vertex   7.690182e+01 5.555142e+00 3.686965e+01
      vertex   7.679802e+01 5.555142e+00 3.939206e+01
    endloop
  endfacet
  facet normal 0.000000e+00 -1.000000e+00 0.000000e+00
    outer loop
      vertex   7.679802e+01 5.555142e+00 3.939206e+01
      vertex   7.690182e+01 5.555142e+00 3.686965e+01
      vertex   7.745057e+01 5.555142e+00 3.725901e+01
    endloop
  endfacet
  facet normal 0.000000e+00 -1.000000e+00 0.000000e+00
    outer loop
      vertex   7.679802e+01 5.555142e+00 3.939206e+01
      vertex   7.745057e+01 5.555142e+00 3.725901e+01
      vertex   7.706693e+01 5.555142e+00 3.985602e+01
    endloop
  endfacet
  facet normal 0.000000e+00 -1.000000e+00 0.000000e+00
    outer loop
      vertex   7.706693e+01 5.555142e+00 3.985602e+01
      vertex   7.745057e+01 5.555142e+00 3.725901e+01
      vertex   7.726877e+01 5.555142e+00 4.035284e+01
    endloop
  endfacet
  facet normal 0.000000e+00 -1.000000e+00 0.000000e+00
    outer loop
      vertex   7.726877e+01 5.555142e+00 4.035284e+01
      vertex   7.745057e+01 5.555142e+00 3.725901e+01
      vertex   7.795227e+01 5.555142e+00 3.770736e+01
    endloop
  endfacet
  facet normal 0.000000e+00 -1.000000e+00 0.000000e+00
    outer loop
      vertex   7.726877e+01 5.555142e+00 4.035284e+01
      vertex   7.795227e+01 5.555142e+00 3.770736e+01
      vertex   7.739962e+01 5.555142e+00 4.087289e+01
    endloop
  endfacet
  facet normal 0.000000e+00 -1.000000e+00 0.000000e+00
    outer loop
      vertex   7.739962e+01 5.555142e+00 4.087289e+01
      vertex   7.795227e+01 5.555142e+00 3.770736e+01
      vertex   7.840062e+01 5.555142e+00 3.820906e+01
    endloop
  endfacet
  facet normal 0.000000e+00 -1.000000e+00 0.000000e+00
    outer loop
      vertex   7.739962e+01 5.555142e+00 4.087289e+01
      vertex   7.840062e+01 5.555142e+00 3.820906e+01
      vertex   7.745694e+01 5.555142e+00 4.140608e+01
    endloop
  endfacet
  facet normal 0.000000e+00 -1.000000e+00 0.000000e+00
    outer loop
      vertex   7.745694e+01 5.555142e+00 4.140608e+01
      vertex   7.840062e+01 5.555142e+00 3.820906e+01
      vertex   7.878997e+01 5.555142e+00 3.875781e+01
    endloop
  endfacet
  facet normal 0.000000e+00 -1.000000e+00 0.000000e+00
    outer loop
      vertex   7.745694e+01 5.555142e+00 4.140608e+01
      vertex   7.878997e+01 5.555142e+00 3.875781e+01
      vertex   7.911544e+01 5.555142e+00 3.934670e+01
    endloop
  endfacet
  facet normal 0.000000e+00 -1.000000e+00 0.000000e+00
    outer loop
      vertex   7.745694e+01 5.555142e+00 4.140608e+01
      vertex   7.911544e+01 5.555142e+00 3.934670e+01
      vertex   7.743961e+01 5.555142e+00 4.194206e+01
    endloop
  endfacet
  facet normal 0.000000e+00 -1.000000e+00 0.000000e+00
    outer loop
      vertex   7.743961e+01 5.555142e+00 4.194206e+01
      vertex   7.911544e+01 5.555142e+00 3.934670e+01
      vertex   7.937293e+01 5.555142e+00 3.996833e+01
    endloop
  endfacet
  facet normal 0.000000e+00 -1.000000e+00 0.000000e+00
    outer loop
      vertex   7.743961e+01 5.555142e+00 4.194206e+01
      vertex   7.937293e+01 5.555142e+00 3.996833e+01
      vertex   7.970963e+01 5.555142e+00 4.195000e+01
    endloop
  endfacet
  facet normal 0.000000e+00 -1.000000e+00 0.000000e+00
    outer loop
      vertex   7.970963e+01 5.555142e+00 4.195000e+01
      vertex   7.937293e+01 5.555142e+00 3.996833e+01
      vertex   7.955920e+01 5.555142e+00 4.061487e+01
    endloop
  endfacet
  facet normal 0.000000e+00 -1.000000e+00 0.000000e+00
    outer loop
      vertex   7.970963e+01 5.555142e+00 4.195000e+01
      vertex   7.955920e+01 5.555142e+00 4.061487e+01
      vertex   7.967190e+01 5.555142e+00 4.127821e+01
    endloop
  endfacet
  facet normal 0.000000e+00 -1.000000e+00 0.000000e+00
    outer loop
      vertex   7.653778e+01 5.555142e+00 4.600000e+01
      vertex   7.447896e+01 5.555142e+00 4.776706e+01
      vertex   7.420963e+01 5.555142e+00 4.600000e+01
    endloop
  endfacet
  facet normal 0.000000e+00 -1.000000e+00 0.000000e+00
    outer loop
      vertex   7.420963e+01 5.555142e+00 4.600000e+01
      vertex   7.447896e+01 5.555142e+00 4.776706e+01
      vertex   7.438905e+01 5.555142e+00 4.755000e+01
    endloop
  endfacet
  facet normal 0.000000e+00 -1.000000e+00 0.000000e+00
    outer loop
      vertex   7.420963e+01 5.555142e+00 4.600000e+01
      vertex   7.438905e+01 5.555142e+00 4.755000e+01
      vertex   7.418918e+01 5.555142e+00 4.615529e+01
    endloop
  endfacet
  facet normal 0.000000e+00 -1.000000e+00 0.000000e+00
    outer loop
      vertex   7.418918e+01 5.555142e+00 4.615529e+01
      vertex   7.438905e+01 5.555142e+00 4.755000e+01
      vertex   7.424602e+01 5.555142e+00 4.736360e+01
    endloop
  endfacet
  facet normal 0.000000e+00 -1.000000e+00 0.000000e+00
    outer loop
      vertex   7.418918e+01 5.555142e+00 4.615529e+01
      vertex   7.424602e+01 5.555142e+00 4.736360e+01
      vertex   7.412924e+01 5.555142e+00 4.630000e+01
    endloop
  endfacet
  facet normal 0.000000e+00 -1.000000e+00 0.000000e+00
    outer loop
      vertex   7.412924e+01 5.555142e+00 4.630000e+01
      vertex   7.424602e+01 5.555142e+00 4.736360e+01
      vertex   7.405963e+01 5.555142e+00 4.722058e+01
    endloop
  endfacet
  facet normal 0.000000e+00 -1.000000e+00 0.000000e+00
    outer loop
      vertex   7.412924e+01 5.555142e+00 4.630000e+01
      vertex   7.405963e+01 5.555142e+00 4.722058e+01
      vertex   7.403389e+01 5.555142e+00 4.642426e+01
    endloop
  endfacet
  facet normal 0.000000e+00 -1.000000e+00 0.000000e+00
    outer loop
      vertex   7.403389e+01 5.555142e+00 4.642426e+01
      vertex   7.405963e+01 5.555142e+00 4.722058e+01
      vertex   7.390963e+01 5.555142e+00 4.651962e+01
    endloop
  endfacet
  facet normal 0.000000e+00 -1.000000e+00 0.000000e+00
    outer loop
      vertex   7.390963e+01 5.555142e+00 4.651962e+01
      vertex   7.405963e+01 5.555142e+00 4.722058e+01
      vertex   7.384257e+01 5.555142e+00 4.713067e+01
    endloop
  endfacet
  facet normal 0.000000e+00 -1.000000e+00 0.000000e+00
    outer loop
      vertex   7.390963e+01 5.555142e+00 4.651962e+01
      vertex   7.384257e+01 5.555142e+00 4.713067e+01
      vertex   7.376492e+01 5.555142e+00 4.657956e+01
    endloop
  endfacet
  facet normal 0.000000e+00 -1.000000e+00 0.000000e+00
    outer loop
      vertex   7.376492e+01 5.555142e+00 4.657956e+01
      vertex   7.384257e+01 5.555142e+00 4.713067e+01
      vertex   7.360963e+01 5.555142e+00 4.710000e+01
    endloop
  endfacet
  facet normal 0.000000e+00 -1.000000e+00 0.000000e+00
    outer loop
      vertex   7.376492e+01 5.555142e+00 4.657956e+01
      vertex   7.360963e+01 5.555142e+00 4.710000e+01
      vertex   7.360963e+01 5.555142e+00 4.660000e+01
    endloop
  endfacet
  facet normal -0.000000e+00 -1.000000e+00 0.000000e+00
    outer loop
      vertex   7.360963e+01 5.555142e+00 4.660000e+01
      vertex   7.360963e+01 5.555142e+00 4.710000e+01
      vertex   7.345434e+01 5.555142e+00 4.657956e+01
    endloop
  endfacet
  facet normal 0.000000e+00 -1.000000e+00 0.000000e+00
    outer loop
      vertex   7.345434e+01 5.555142e+00 4.657956e+01
      vertex   7.360963e+01 5.555142e+00 4.710000e+01
      vertex   7.337669e+01 5.555142e+00 4.713067e+01
    endloop
  endfacet
  facet normal -0.000000e+00 -1.000000e+00 0.000000e+00
    outer loop
      vertex   7.345434e+01 5.555142e+00 4.657956e+01
      vertex   7.337669e+01 5.555142e+00 4.713067e+01
      vertex   7.330963e+01 5.555142e+00 4.651962e+01
    endloop
  endfacet
  facet normal 0.000000e+00 -1.000000e+00 0.000000e+00
    outer loop
      vertex   7.330963e+01 5.555142e+00 4.651962e+01
      vertex   7.337669e+01 5.555142e+00 4.713067e+01
      vertex   7.315963e+01 5.555142e+00 4.722058e+01
    endloop
  endfacet
  facet normal -0.000000e+00 -1.000000e+00 0.000000e+00
    outer loop
      vertex   7.330963e+01 5.555142e+00 4.651962e+01
      vertex   7.315963e+01 5.555142e+00 4.722058e+01
      vertex   7.318536e+01 5.555142e+00 4.642426e+01
    endloop
  endfacet
  facet normal -0.000000e+00 -1.000000e+00 0.000000e+00
    outer loop
      vertex   7.318536e+01 5.555142e+00 4.642426e+01
      vertex   7.315963e+01 5.555142e+00 4.722058e+01
      vertex   7.309001e+01 5.555142e+00 4.630000e+01
    endloop
  endfacet
  facet normal 0.000000e+00 -1.000000e+00 0.000000e+00
    outer loop
      vertex   7.309001e+01 5.555142e+00 4.630000e+01
      vertex   7.315963e+01 5.555142e+00 4.722058e+01
      vertex   7.297323e+01 5.555142e+00 4.736360e+01
    endloop
  endfacet
  facet normal -0.000000e+00 -1.000000e+00 0.000000e+00
    outer loop
      vertex   7.309001e+01 5.555142e+00 4.630000e+01
      vertex   7.297323e+01 5.555142e+00 4.736360e+01
      vertex   7.303007e+01 5.555142e+00 4.615529e+01
    endloop
  endfacet
  facet normal 0.000000e+00 -1.000000e+00 0.000000e+00
    outer loop
      vertex   7.303007e+01 5.555142e+00 4.615529e+01
      vertex   7.297323e+01 5.555142e+00 4.736360e+01
      vertex   7.283021e+01 5.555142e+00 4.755000e+01
    endloop
  endfacet
  facet normal -0.000000e+00 -1.000000e+00 0.000000e+00
    outer loop
      vertex   7.303007e+01 5.555142e+00 4.615529e+01
      vertex   7.283021e+01 5.555142e+00 4.755000e+01
      vertex   7.300963e+01 5.555142e+00 4.600000e+01
    endloop
  endfacet
  facet normal 0.000000e+00 -1.000000e+00 0.000000e+00
    outer loop
      vertex   7.300963e+01 5.555142e+00 4.600000e+01
      vertex   7.283021e+01 5.555142e+00 4.755000e+01
      vertex   7.274029e+01 5.555142e+00 4.776706e+01
    endloop
  endfacet
  facet normal 0.000000e+00 -1.000000e+00 0.000000e+00
    outer loop
      vertex   7.300963e+01 5.555142e+00 4.600000e+01
      vertex   7.274029e+01 5.555142e+00 4.776706e+01
      vertex   7.068148e+01 5.555142e+00 4.600000e+01
    endloop
  endfacet
  facet normal 0.000000e+00 -1.000000e+00 0.000000e+00
    outer loop
      vertex   7.068148e+01 5.555142e+00 4.600000e+01
      vertex   7.274029e+01 5.555142e+00 4.776706e+01
      vertex   7.270963e+01 5.555142e+00 4.800000e+01
    endloop
  endfacet
  facet normal 0.000000e+00 -1.000000e+00 0.000000e+00
    outer loop
      vertex   7.068148e+01 5.555142e+00 4.600000e+01
      vertex   7.270963e+01 5.555142e+00 4.800000e+01
      vertex   7.270963e+01 5.555142e+00 5.200000e+01
    endloop
  endfacet
  facet normal 0.000000e+00 -1.000000e+00 0.000000e+00
    outer loop
      vertex   7.270963e+01 5.555142e+00 5.200000e+01
      vertex   7.270963e+01 5.555142e+00 4.800000e+01
      vertex   7.274029e+01 5.555142e+00 5.176706e+01
    endloop
  endfacet
  facet normal 0.000000e+00 -1.000000e+00 0.000000e+00
    outer loop
      vertex   7.274029e+01 5.555142e+00 5.176706e+01
      vertex   7.270963e+01 5.555142e+00 4.800000e+01
      vertex   7.274029e+01 5.555142e+00 4.823294e+01
    endloop
  endfacet
  facet normal 0.000000e+00 -1.000000e+00 -0.000000e+00
    outer loop
      vertex   7.274029e+01 5.555142e+00 5.176706e+01
      vertex   7.274029e+01 5.555142e+00 4.823294e+01
      vertex   7.283021e+01 5.555142e+00 5.155000e+01
    endloop
  endfacet
  facet normal 0.000000e+00 -1.000000e+00 0.000000e+00
    outer loop
      vertex   7.283021e+01 5.555142e+00 5.155000e+01
      vertex   7.274029e+01 5.555142e+00 4.823294e+01
      vertex   7.283021e+01 5.555142e+00 4.845000e+01
    endloop
  endfacet
  facet normal 0.000000e+00 -1.000000e+00 -0.000000e+00
    outer loop
      vertex   7.283021e+01 5.555142e+00 5.155000e+01
      vertex   7.283021e+01 5.555142e+00 4.845000e+01
      vertex   7.297323e+01 5.555142e+00 5.136360e+01
    endloop
  endfacet
  facet normal 0.000000e+00 -1.000000e+00 0.000000e+00
    outer loop
      vertex   7.297323e+01 5.555142e+00 5.136360e+01
      vertex   7.283021e+01 5.555142e+00 4.845000e+01
      vertex   7.297323e+01 5.555142e+00 4.863640e+01
    endloop
  endfacet
  facet normal 0.000000e+00 -1.000000e+00 -0.000000e+00
    outer loop
      vertex   7.297323e+01 5.555142e+00 5.136360e+01
      vertex   7.297323e+01 5.555142e+00 4.863640e+01
      vertex   7.315963e+01 5.555142e+00 5.122058e+01
    endloop
  endfacet
  facet normal 0.000000e+00 -1.000000e+00 0.000000e+00
    outer loop
      vertex   7.315963e+01 5.555142e+00 5.122058e+01
      vertex   7.297323e+01 5.555142e+00 4.863640e+01
      vertex   7.315963e+01 5.555142e+00 4.877942e+01
    endloop
  endfacet
  facet normal 0.000000e+00 -1.000000e+00 -0.000000e+00
    outer loop
      vertex   7.315963e+01 5.555142e+00 5.122058e+01
      vertex   7.315963e+01 5.555142e+00 4.877942e+01
      vertex   7.337669e+01 5.555142e+00 5.113067e+01
    endloop
  endfacet
  facet normal 0.000000e+00 -1.000000e+00 0.000000e+00
    outer loop
      vertex   7.337669e+01 5.555142e+00 5.113067e+01
      vertex   7.315963e+01 5.555142e+00 4.877942e+01
      vertex   7.337669e+01 5.555142e+00 4.886933e+01
    endloop
  endfacet
  facet normal 0.000000e+00 -1.000000e+00 -0.000000e+00
    outer loop
      vertex   7.337669e+01 5.555142e+00 5.113067e+01
      vertex   7.337669e+01 5.555142e+00 4.886933e+01
      vertex   7.360963e+01 5.555142e+00 5.110000e+01
    endloop
  endfacet
  facet normal 0.000000e+00 -1.000000e+00 -0.000000e+00
    outer loop
      vertex   7.360963e+01 5.555142e+00 5.110000e+01
      vertex   7.337669e+01 5.555142e+00 4.886933e+01
      vertex   7.360963e+01 5.555142e+00 4.890000e+01
    endloop
  endfacet
  facet normal 0.000000e+00 -1.000000e+00 0.000000e+00
    outer loop
      vertex   7.360963e+01 5.555142e+00 5.110000e+01
      vertex   7.360963e+01 5.555142e+00 4.890000e+01
      vertex   7.384257e+01 5.555142e+00 5.113067e+01
    endloop
  endfacet
  facet normal 0.000000e+00 -1.000000e+00 0.000000e+00
    outer loop
      vertex   7.384257e+01 5.555142e+00 5.113067e+01
      vertex   7.360963e+01 5.555142e+00 4.890000e+01
      vertex   7.384257e+01 5.555142e+00 4.886933e+01
    endloop
  endfacet
  facet normal 0.000000e+00 -1.000000e+00 -0.000000e+00
    outer loop
      vertex   7.384257e+01 5.555142e+00 5.113067e+01
      vertex   7.384257e+01 5.555142e+00 4.886933e+01
      vertex   7.405963e+01 5.555142e+00 5.122058e+01
    endloop
  endfacet
  facet normal 0.000000e+00 -1.000000e+00 0.000000e+00
    outer loop
      vertex   7.405963e+01 5.555142e+00 5.122058e+01
      vertex   7.384257e+01 5.555142e+00 4.886933e+01
      vertex   7.405963e+01 5.555142e+00 4.877942e+01
    endloop
  endfacet
  facet normal 0.000000e+00 -1.000000e+00 -0.000000e+00
    outer loop
      vertex   7.405963e+01 5.555142e+00 5.122058e+01
      vertex   7.405963e+01 5.555142e+00 4.877942e+01
      vertex   7.424602e+01 5.555142e+00 5.136360e+01
    endloop
  endfacet
  facet normal 0.000000e+00 -1.000000e+00 0.000000e+00
    outer loop
      vertex   7.424602e+01 5.555142e+00 5.136360e+01
      vertex   7.405963e+01 5.555142e+00 4.877942e+01
      vertex   7.424602e+01 5.555142e+00 4.863640e+01
    endloop
  endfacet
  facet normal 0.000000e+00 -1.000000e+00 -0.000000e+00
    outer loop
      vertex   7.424602e+01 5.555142e+00 5.136360e+01
      vertex   7.424602e+01 5.555142e+00 4.863640e+01
      vertex   7.438905e+01 5.555142e+00 5.155000e+01
    endloop
  endfacet
  facet normal 0.000000e+00 -1.000000e+00 0.000000e+00
    outer loop
      vertex   7.438905e+01 5.555142e+00 5.155000e+01
      vertex   7.424602e+01 5.555142e+00 4.863640e+01
      vertex   7.438905e+01 5.555142e+00 4.845000e+01
    endloop
  endfacet
  facet normal 0.000000e+00 -1.000000e+00 -0.000000e+00
    outer loop
      vertex   7.438905e+01 5.555142e+00 5.155000e+01
      vertex   7.438905e+01 5.555142e+00 4.845000e+01
      vertex   7.447896e+01 5.555142e+00 5.176706e+01
    endloop
  endfacet
  facet normal 0.000000e+00 -1.000000e+00 0.000000e+00
    outer loop
      vertex   7.447896e+01 5.555142e+00 5.176706e+01
      vertex   7.438905e+01 5.555142e+00 4.845000e+01
      vertex   7.447896e+01 5.555142e+00 4.823294e+01
    endloop
  endfacet
  facet normal 0.000000e+00 -1.000000e+00 -0.000000e+00
    outer loop
      vertex   7.447896e+01 5.555142e+00 5.176706e+01
      vertex   7.447896e+01 5.555142e+00 4.823294e+01
      vertex   7.450963e+01 5.555142e+00 5.200000e+01
    endloop
  endfacet
  facet normal 0.000000e+00 -1.000000e+00 -0.000000e+00
    outer loop
      vertex   7.450963e+01 5.555142e+00 5.200000e+01
      vertex   7.447896e+01 5.555142e+00 4.823294e+01
      vertex   7.450963e+01 5.555142e+00 4.800000e+01
    endloop
  endfacet
  facet normal 0.000000e+00 -1.000000e+00 0.000000e+00
    outer loop
      vertex   7.665201e+01 5.555142e+00 4.390932e+01
      vertex   7.695033e+01 5.555142e+00 4.346369e+01
      vertex   7.653778e+01 5.555142e+00 4.600000e+01
    endloop
  endfacet
  facet normal 0.000000e+00 -1.000000e+00 0.000000e+00
    outer loop
      vertex   7.653778e+01 5.555142e+00 4.600000e+01
      vertex   7.695033e+01 5.555142e+00 4.346369e+01
      vertex   7.718383e+01 5.555142e+00 4.298094e+01
    endloop
  endfacet
  facet normal 0.000000e+00 -1.000000e+00 0.000000e+00
    outer loop
      vertex   7.734799e+01 5.555142e+00 4.247043e+01
      vertex   7.743961e+01 5.555142e+00 4.194206e+01
      vertex   7.970963e+01 5.555142e+00 4.195000e+01
    endloop
  endfacet
  facet normal 0.000000e+00 -1.000000e+00 0.000000e+00
    outer loop
      vertex   6.977964e+01 5.555142e+00 4.194206e+01
      vertex   6.987127e+01 5.555142e+00 4.247043e+01
      vertex   6.750963e+01 5.555142e+00 4.195000e+01
    endloop
  endfacet
  facet normal 0.000000e+00 -1.000000e+00 0.000000e+00
    outer loop
      vertex   6.750963e+01 5.555142e+00 4.195000e+01
      vertex   6.987127e+01 5.555142e+00 4.247043e+01
      vertex   7.003543e+01 5.555142e+00 4.298094e+01
    endloop
  endfacet
  facet normal 0.000000e+00 -1.000000e+00 0.000000e+00
    outer loop
      vertex   6.750963e+01 5.555142e+00 4.195000e+01
      vertex   7.003543e+01 5.555142e+00 4.298094e+01
      vertex   7.068148e+01 5.555142e+00 4.600000e+01
    endloop
  endfacet
  facet normal 0.000000e+00 -1.000000e+00 0.000000e+00
    outer loop
      vertex   7.068148e+01 5.555142e+00 4.600000e+01
      vertex   7.003543e+01 5.555142e+00 4.298094e+01
      vertex   7.026893e+01 5.555142e+00 4.346369e+01
    endloop
  endfacet
  facet normal 0.000000e+00 -1.000000e+00 0.000000e+00
    outer loop
      vertex   7.068148e+01 5.555142e+00 4.600000e+01
      vertex   7.026893e+01 5.555142e+00 4.346369e+01
      vertex   7.056724e+01 5.555142e+00 4.390932e+01
    endloop
  endfacet
  facet normal 9.985104e-01 0.000000e+00 -5.456098e-02
    outer loop
      vertex   7.068148e+01 5.555142e+00 4.600000e+01
      vertex   7.056724e+01 5.555142e+00 4.390932e+01
      vertex   7.068148e+01 8.955142e+00 4.600000e+01
    endloop
  endfacet
  facet normal 9.985104e-01 0.000000e+00 -5.456098e-02
    outer loop
      vertex   7.068148e+01 8.955142e+00 4.600000e+01
      vertex   7.056724e+01 5.555142e+00 4.390932e+01
      vertex   7.056724e+01 1.035514e+01 4.390932e+01
    endloop
  endfacet
  facet normal 9.985104e-01 -9.377467e-16 -5.456098e-02
    outer loop
      vertex   7.068148e+01 8.955142e+00 4.600000e+01
      vertex   7.056724e+01 1.035514e+01 4.390932e+01
      vertex   7.121320e+01 1.035514e+01 5.573095e+01
    endloop
  endfacet
  facet normal 9.985104e-01 0.000000e+00 -5.456098e-02
    outer loop
      vertex   7.121320e+01 1.035514e+01 5.573095e+01
      vertex   7.121320e+01 8.955142e+00 5.573095e+01
      vertex   7.068148e+01 8.955142e+00 4.600000e+01
    endloop
  endfacet
  facet normal -8.309901e-01 0.000000e+00 -5.562873e-01
    outer loop
      vertex   7.665201e+01 5.555142e+00 4.390932e+01
      vertex   7.665201e+01 1.035514e+01 4.390932e+01
      vertex   7.695033e+01 5.555142e+00 4.346369e+01
    endloop
  endfacet
  facet normal -8.309901e-01 -8.234706e-16 -5.562873e-01
    outer loop
      vertex   7.695033e+01 5.555142e+00 4.346369e+01
      vertex   7.665201e+01 1.035514e+01 4.390932e+01
      vertex   7.695033e+01 1.035514e+01 4.346369e+01
    endloop
  endfacet
  facet normal -9.002248e-01 -6.445591e-16 -4.354254e-01
    outer loop
      vertex   7.695033e+01 5.555142e+00 4.346369e+01
      vertex   7.695033e+01 1.035514e+01 4.346369e+01
      vertex   7.718383e+01 5.555142e+00 4.298094e+01
    endloop
  endfacet
  facet normal -9.002248e-01 0.000000e+00 -4.354254e-01
    outer loop
      vertex   7.718383e+01 5.555142e+00 4.298094e+01
      vertex   7.695033e+01 1.035514e+01 4.346369e+01
      vertex   7.718383e+01 1.035514e+01 4.298094e+01
    endloop
  endfacet
  facet normal -9.519943e-01 0.000000e+00 -3.061158e-01
    outer loop
      vertex   7.718383e+01 5.555142e+00 4.298094e+01
      vertex   7.718383e+01 1.035514e+01 4.298094e+01
      vertex   7.734799e+01 5.555142e+00 4.247043e+01
    endloop
  endfacet
  facet normal -9.519943e-01 0.000000e+00 -3.061158e-01
    outer loop
      vertex   7.734799e+01 5.555142e+00 4.247043e+01
      vertex   7.718383e+01 1.035514e+01 4.298094e+01
      vertex   7.734799e+01 1.035514e+01 4.247043e+01
    endloop
  endfacet
  facet normal -9.852941e-01 0.000000e+00 -1.708672e-01
    outer loop
      vertex   7.734799e+01 5.555142e+00 4.247043e+01
      vertex   7.734799e+01 1.035514e+01 4.247043e+01
      vertex   7.743961e+01 5.555142e+00 4.194206e+01
    endloop
  endfacet
  facet normal -9.852941e-01 0.000000e+00 -1.708672e-01
    outer loop
      vertex   7.743961e+01 5.555142e+00 4.194206e+01
      vertex   7.734799e+01 1.035514e+01 4.247043e+01
      vertex   7.743961e+01 1.035514e+01 4.194206e+01
    endloop
  endfacet
  facet normal -9.994781e-01 0.000000e+00 -3.230368e-02
    outer loop
      vertex   7.743961e+01 5.555142e+00 4.194206e+01
      vertex   7.743961e+01 1.035514e+01 4.194206e+01
      vertex   7.745694e+01 5.555142e+00 4.140608e+01
    endloop
  endfacet
  facet normal -9.994781e-01 0.000000e+00 -3.230368e-02
    outer loop
      vertex   7.745694e+01 5.555142e+00 4.140608e+01
      vertex   7.743961e+01 1.035514e+01 4.194206e+01
      vertex   7.745694e+01 1.035514e+01 4.140608e+01
    endloop
  endfacet
  facet normal -9.942712e-01 0.000000e+00 1.068866e-01
    outer loop
      vertex   7.745694e+01 5.555142e+00 4.140608e+01
      vertex   7.745694e+01 1.035514e+01 4.140608e+01
      vertex   7.739962e+01 5.555142e+00 4.087289e+01
    endloop
  endfacet
  facet normal -9.942712e-01 1.582240e-16 1.068866e-01
    outer loop
      vertex   7.739962e+01 5.555142e+00 4.087289e+01
      vertex   7.745694e+01 1.035514e+01 4.140608e+01
      vertex   7.739962e+01 1.035514e+01 4.087289e+01
    endloop
  endfacet
  facet normal -9.697744e-01 3.611973e-16 2.440032e-01
    outer loop
      vertex   7.739962e+01 5.555142e+00 4.087289e+01
      vertex   7.739962e+01 1.035514e+01 4.087289e+01
      vertex   7.726877e+01 5.555142e+00 4.035284e+01
    endloop
  endfacet
  facet normal -9.697744e-01 0.000000e+00 2.440032e-01
    outer loop
      vertex   7.726877e+01 5.555142e+00 4.035284e+01
      vertex   7.739962e+01 1.035514e+01 4.087289e+01
      vertex   7.726877e+01 1.035514e+01 4.035284e+01
    endloop
  endfacet
  facet normal -9.264630e-01 0.000000e+00 3.763858e-01
    outer loop
      vertex   7.726877e+01 5.555142e+00 4.035284e+01
      vertex   7.726877e+01 1.035514e+01 4.035284e+01
      vertex   7.706693e+01 5.555142e+00 3.985602e+01
    endloop
  endfacet
  facet normal -9.264630e-01 0.000000e+00 3.763858e-01
    outer loop
      vertex   7.706693e+01 5.555142e+00 3.985602e+01
      vertex   7.726877e+01 1.035514e+01 4.035284e+01
      vertex   7.706693e+01 1.035514e+01 3.985602e+01
    endloop
  endfacet
  facet normal -8.651772e-01 0.000000e+00 5.014662e-01
    outer loop
      vertex   7.706693e+01 5.555142e+00 3.985602e+01
      vertex   7.706693e+01 1.035514e+01 3.985602e+01
      vertex   7.679802e+01 5.555142e+00 3.939206e+01
    endloop
  endfacet
  facet normal -8.651772e-01 0.000000e+00 5.014662e-01
    outer loop
      vertex   7.679802e+01 5.555142e+00 3.939206e+01
      vertex   7.706693e+01 1.035514e+01 3.985602e+01
      vertex   7.679802e+01 1.035514e+01 3.939206e+01
    endloop
  endfacet
  facet normal -7.871061e-01 0.000000e+00 6.168176e-01
    outer loop
      vertex   7.679802e+01 5.555142e+00 3.939206e+01
      vertex   7.679802e+01 1.035514e+01 3.939206e+01
      vertex   7.646724e+01 5.555142e+00 3.896997e+01
    endloop
  endfacet
  facet normal -7.871061e-01 -1.417229e-15 6.168176e-01
    outer loop
      vertex   7.646724e+01 5.555142e+00 3.896997e+01
      vertex   7.679802e+01 1.035514e+01 3.939206e+01
      vertex   7.646724e+01 1.035514e+01 3.896997e+01
    endloop
  endfacet
  facet normal -6.937643e-01 -9.878416e-16 7.202021e-01
    outer loop
      vertex   7.646724e+01 5.555142e+00 3.896997e+01
      vertex   7.646724e+01 1.035514e+01 3.896997e+01
      vertex   7.608103e+01 5.555142e+00 3.859794e+01
    endloop
  endfacet
  facet normal -6.937643e-01 0.000000e+00 7.202021e-01
    outer loop
      vertex   7.608103e+01 5.555142e+00 3.859794e+01
      vertex   7.646724e+01 1.035514e+01 3.896997e+01
      vertex   7.608103e+01 1.035514e+01 3.859794e+01
    endloop
  endfacet
  facet normal -5.869627e-01 0.000000e+00 8.096140e-01
    outer loop
      vertex   7.608103e+01 5.555142e+00 3.859794e+01
      vertex   7.608103e+01 1.035514e+01 3.859794e+01
      vertex   7.564687e+01 5.555142e+00 3.828317e+01
    endloop
  endfacet
  facet normal -5.869627e-01 -1.737759e-15 8.096140e-01
    outer loop
      vertex   7.564687e+01 5.555142e+00 3.828317e+01
      vertex   7.608103e+01 1.035514e+01 3.859794e+01
      vertex   7.564687e+01 1.035514e+01 3.828317e+01
    endloop
  endfacet
  facet normal -4.687735e-01 -1.387848e-15 8.833184e-01
    outer loop
      vertex   7.564687e+01 5.555142e+00 3.828317e+01
      vertex   7.564687e+01 1.035514e+01 3.828317e+01
      vertex   7.517318e+01 5.555142e+00 3.803179e+01
    endloop
  endfacet
  facet normal -4.687735e-01 0.000000e+00 8.833184e-01
    outer loop
      vertex   7.517318e+01 5.555142e+00 3.803179e+01
      vertex   7.564687e+01 1.035514e+01 3.828317e+01
      vertex   7.517318e+01 1.035514e+01 3.803179e+01
    endloop
  endfacet
  facet normal -3.414895e-01 0.000000e+00 9.398856e-01
    outer loop
      vertex   7.517318e+01 5.555142e+00 3.803179e+01
      vertex   7.517318e+01 1.035514e+01 3.803179e+01
      vertex   7.466916e+01 5.555142e+00 3.784866e+01
    endloop
  endfacet
  facet normal -3.414895e-01 0.000000e+00 9.398856e-01
    outer loop
      vertex   7.466916e+01 5.555142e+00 3.784866e+01
      vertex   7.517318e+01 1.035514e+01 3.803179e+01
      vertex   7.466916e+01 1.035514e+01 3.784866e+01
    endloop
  endfacet
  facet normal -2.075803e-01 0.000000e+00 9.782180e-01
    outer loop
      vertex   7.466916e+01 5.555142e+00 3.784866e+01
      vertex   7.466916e+01 1.035514e+01 3.784866e+01
      vertex   7.414458e+01 5.555142e+00 3.773735e+01
    endloop
  endfacet
  facet normal -2.075803e-01 0.000000e+00 9.782180e-01
    outer loop
      vertex   7.414458e+01 5.555142e+00 3.773735e+01
      vertex   7.466916e+01 1.035514e+01 3.784866e+01
      vertex   7.414458e+01 1.035514e+01 3.773735e+01
    endloop
  endfacet
  facet normal -6.964382e-02 0.000000e+00 9.975719e-01
    outer loop
      vertex   7.414458e+01 5.555142e+00 3.773735e+01
      vertex   7.414458e+01 1.035514e+01 3.773735e+01
      vertex   7.360963e+01 5.555142e+00 3.770000e+01
    endloop
  endfacet
  facet normal -6.964382e-02 0.000000e+00 9.975719e-01
    outer loop
      vertex   7.360963e+01 5.555142e+00 3.770000e+01
      vertex   7.414458e+01 1.035514e+01 3.773735e+01
      vertex   7.360963e+01 1.035514e+01 3.770000e+01
    endloop
  endfacet
  facet normal 6.964382e-02 -0.000000e+00 9.975719e-01
    outer loop
      vertex   7.360963e+01 5.555142e+00 3.770000e+01
      vertex   7.360963e+01 1.035514e+01 3.770000e+01
      vertex   7.307467e+01 5.555142e+00 3.773735e+01
    endloop
  endfacet
  facet normal 6.964382e-02 2.061871e-16 9.975719e-01
    outer loop
      vertex   7.307467e+01 5.555142e+00 3.773735e+01
      vertex   7.360963e+01 1.035514e+01 3.770000e+01
      vertex   7.307467e+01 1.035514e+01 3.773735e+01
    endloop
  endfacet
  facet normal 2.075803e-01 6.145612e-16 9.782180e-01
    outer loop
      vertex   7.307467e+01 5.555142e+00 3.773735e+01
      vertex   7.307467e+01 1.035514e+01 3.773735e+01
      vertex   7.255010e+01 5.555142e+00 3.784866e+01
    endloop
  endfacet
  facet normal 2.075803e-01 -0.000000e+00 9.782180e-01
    outer loop
      vertex   7.255010e+01 5.555142e+00 3.784866e+01
      vertex   7.307467e+01 1.035514e+01 3.773735e+01
      vertex   7.255010e+01 1.035514e+01 3.784866e+01
    endloop
  endfacet
  facet normal 3.414895e-01 -0.000000e+00 9.398856e-01
    outer loop
      vertex   7.255010e+01 5.555142e+00 3.784866e+01
      vertex   7.255010e+01 1.035514e+01 3.784866e+01
      vertex   7.204608e+01 5.555142e+00 3.803179e+01
    endloop
  endfacet
  facet normal 3.414895e-01 1.011012e-15 9.398856e-01
    outer loop
      vertex   7.204608e+01 5.555142e+00 3.803179e+01
      vertex   7.255010e+01 1.035514e+01 3.784866e+01
      vertex   7.204608e+01 1.035514e+01 3.803179e+01
    endloop
  endfacet
  facet normal 4.687735e-01 1.387848e-15 8.833184e-01
    outer loop
      vertex   7.204608e+01 5.555142e+00 3.803179e+01
      vertex   7.204608e+01 1.035514e+01 3.803179e+01
      vertex   7.157239e+01 5.555142e+00 3.828317e+01
    endloop
  endfacet
  facet normal 4.687735e-01 -0.000000e+00 8.833184e-01
    outer loop
      vertex   7.157239e+01 5.555142e+00 3.828317e+01
      vertex   7.204608e+01 1.035514e+01 3.803179e+01
      vertex   7.157239e+01 1.035514e+01 3.828317e+01
    endloop
  endfacet
  facet normal 5.869627e-01 -0.000000e+00 8.096140e-01
    outer loop
      vertex   7.157239e+01 5.555142e+00 3.828317e+01
      vertex   7.157239e+01 1.035514e+01 3.828317e+01
      vertex   7.113823e+01 5.555142e+00 3.859794e+01
    endloop
  endfacet
  facet normal 5.869627e-01 -0.000000e+00 8.096140e-01
    outer loop
      vertex   7.113823e+01 5.555142e+00 3.859794e+01
      vertex   7.157239e+01 1.035514e+01 3.828317e+01
      vertex   7.113823e+01 1.035514e+01 3.859794e+01
    endloop
  endfacet
  facet normal 6.937643e-01 -0.000000e+00 7.202021e-01
    outer loop
      vertex   7.113823e+01 5.555142e+00 3.859794e+01
      vertex   7.113823e+01 1.035514e+01 3.859794e+01
      vertex   7.075201e+01 5.555142e+00 3.896997e+01
    endloop
  endfacet
  facet normal 6.937643e-01 -0.000000e+00 7.202021e-01
    outer loop
      vertex   7.075201e+01 5.555142e+00 3.896997e+01
      vertex   7.113823e+01 1.035514e+01 3.859794e+01
      vertex   7.075201e+01 1.035514e+01 3.896997e+01
    endloop
  endfacet
  facet normal 7.871061e-01 -0.000000e+00 6.168176e-01
    outer loop
      vertex   7.075201e+01 5.555142e+00 3.896997e+01
      vertex   7.075201e+01 1.035514e+01 3.896997e+01
      vertex   7.042124e+01 5.555142e+00 3.939206e+01
    endloop
  endfacet
  facet normal 7.871061e-01 -0.000000e+00 6.168176e-01
    outer loop
      vertex   7.042124e+01 5.555142e+00 3.939206e+01
      vertex   7.075201e+01 1.035514e+01 3.896997e+01
      vertex   7.042124e+01 1.035514e+01 3.939206e+01
    endloop
  endfacet
  facet normal 8.651772e-01 -0.000000e+00 5.014662e-01
    outer loop
      vertex   7.042124e+01 5.555142e+00 3.939206e+01
      vertex   7.042124e+01 1.035514e+01 3.939206e+01
      vertex   7.015233e+01 5.555142e+00 3.985602e+01
    endloop
  endfacet
  facet normal 8.651772e-01 -0.000000e+00 5.014662e-01
    outer loop
      vertex   7.015233e+01 5.555142e+00 3.985602e+01
      vertex   7.042124e+01 1.035514e+01 3.939206e+01
      vertex   7.015233e+01 1.035514e+01 3.985602e+01
    endloop
  endfacet
  facet normal 9.264630e-01 -0.000000e+00 3.763858e-01
    outer loop
      vertex   7.015233e+01 5.555142e+00 3.985602e+01
      vertex   7.015233e+01 1.035514e+01 3.985602e+01
      vertex   6.995049e+01 5.555142e+00 4.035284e+01
    endloop
  endfacet
  facet normal 9.264630e-01 -0.000000e+00 3.763858e-01
    outer loop
      vertex   6.995049e+01 5.555142e+00 4.035284e+01
      vertex   7.015233e+01 1.035514e+01 3.985602e+01
      vertex   6.995049e+01 1.035514e+01 4.035284e+01
    endloop
  endfacet
  facet normal 9.697744e-01 -0.000000e+00 2.440032e-01
    outer loop
      vertex   6.995049e+01 5.555142e+00 4.035284e+01
      vertex   6.995049e+01 1.035514e+01 4.035284e+01
      vertex   6.981964e+01 5.555142e+00 4.087289e+01
    endloop
  endfacet
  facet normal 9.697744e-01 -0.000000e+00 2.440032e-01
    outer loop
      vertex   6.981964e+01 5.555142e+00 4.087289e+01
      vertex   6.995049e+01 1.035514e+01 4.035284e+01
      vertex   6.981964e+01 1.035514e+01 4.087289e+01
    endloop
  endfacet
  facet normal 9.942712e-01 -0.000000e+00 1.068866e-01
    outer loop
      vertex   6.981964e+01 5.555142e+00 4.087289e+01
      vertex   6.981964e+01 1.035514e+01 4.087289e+01
      vertex   6.976232e+01 5.555142e+00 4.140608e+01
    endloop
  endfacet
  facet normal 9.942712e-01 -0.000000e+00 1.068866e-01
    outer loop
      vertex   6.976232e+01 5.555142e+00 4.140608e+01
      vertex   6.981964e+01 1.035514e+01 4.087289e+01
      vertex   6.976232e+01 1.035514e+01 4.140608e+01
    endloop
  endfacet
  facet normal 9.994781e-01 0.000000e+00 -3.230368e-02
    outer loop
      vertex   6.976232e+01 5.555142e+00 4.140608e+01
      vertex   6.976232e+01 1.035514e+01 4.140608e+01
      vertex   6.977964e+01 5.555142e+00 4.194206e+01
    endloop
  endfacet
  facet normal 9.994781e-01 9.563809e-17 -3.230368e-02
    outer loop
      vertex   6.977964e+01 5.555142e+00 4.194206e+01
      vertex   6.976232e+01 1.035514e+01 4.140608e+01
      vertex   6.977964e+01 1.035514e+01 4.194206e+01
    endloop
  endfacet
  facet normal 9.852941e-01 5.058687e-16 -1.708672e-01
    outer loop
      vertex   6.977964e+01 5.555142e+00 4.194206e+01
      vertex   6.977964e+01 1.035514e+01 4.194206e+01
      vertex   6.987127e+01 5.555142e+00 4.247043e+01
    endloop
  endfacet
  facet normal 9.852941e-01 0.000000e+00 -1.708672e-01
    outer loop
      vertex   6.987127e+01 5.555142e+00 4.247043e+01
      vertex   6.977964e+01 1.035514e+01 4.194206e+01
      vertex   6.987127e+01 1.035514e+01 4.247043e+01
    endloop
  endfacet
  facet normal 9.519943e-01 0.000000e+00 -3.061158e-01
    outer loop
      vertex   6.987127e+01 5.555142e+00 4.247043e+01
      vertex   6.987127e+01 1.035514e+01 4.247043e+01
      vertex   7.003543e+01 5.555142e+00 4.298094e+01
    endloop
  endfacet
  facet normal 9.519943e-01 0.000000e+00 -3.061158e-01
    outer loop
      vertex   7.003543e+01 5.555142e+00 4.298094e+01
      vertex   6.987127e+01 1.035514e+01 4.247043e+01
      vertex   7.003543e+01 1.035514e+01 4.298094e+01
    endloop
  endfacet
  facet normal 9.002248e-01 0.000000e+00 -4.354254e-01
    outer loop
      vertex   7.003543e+01 5.555142e+00 4.298094e+01
      vertex   7.003543e+01 1.035514e+01 4.298094e+01
      vertex   7.026893e+01 5.555142e+00 4.346369e+01
    endloop
  endfacet
  facet normal 9.002248e-01 3.309760e-15 -4.354254e-01
    outer loop
      vertex   7.026893e+01 5.555142e+00 4.346369e+01
      vertex   7.003543e+01 1.035514e+01 4.298094e+01
      vertex   7.026893e+01 1.035514e+01 4.346369e+01
    endloop
  endfacet
  facet normal 8.309901e-01 3.283695e-15 -5.562873e-01
    outer loop
      vertex   7.026893e+01 5.555142e+00 4.346369e+01
      vertex   7.026893e+01 1.035514e+01 4.346369e+01
      vertex   7.056724e+01 5.555142e+00 4.390932e+01
    endloop
  endfacet
  facet normal 8.309901e-01 0.000000e+00 -5.562873e-01
    outer loop
      vertex   7.056724e+01 5.555142e+00 4.390932e+01
      vertex   7.026893e+01 1.035514e+01 4.346369e+01
      vertex   7.056724e+01 1.035514e+01 4.390932e+01
    endloop
  endfacet
  facet normal -9.896819e-01 -0.000000e+00 -1.432820e-01
    outer loop
      vertex   7.600605e+01 1.035514e+01 5.573095e+01
      vertex   7.600605e+01 8.955142e+00 5.573095e+01
      vertex   7.594479e+01 1.035514e+01 5.615407e+01
    endloop
  endfacet
  facet normal -9.896819e-01 -0.000000e+00 -1.432820e-01
    outer loop
      vertex   7.594479e+01 1.035514e+01 5.615407e+01
      vertex   7.600605e+01 8.955142e+00 5.573095e+01
      vertex   7.594479e+01 8.955142e+00 5.615407e+01
    endloop
  endfacet
  facet normal -9.485556e-01 -0.000000e+00 -3.166107e-01
    outer loop
      vertex   7.594479e+01 1.035514e+01 5.615407e+01
      vertex   7.594479e+01 8.955142e+00 5.615407e+01
      vertex   7.580943e+01 1.035514e+01 5.655962e+01
    endloop
  endfacet
  facet normal -9.485556e-01 -0.000000e+00 -3.166107e-01
    outer loop
      vertex   7.580943e+01 1.035514e+01 5.655962e+01
      vertex   7.594479e+01 8.955142e+00 5.615407e+01
      vertex   7.580943e+01 8.955142e+00 5.655962e+01
    endloop
  endfacet
  facet normal -8.773275e-01 -0.000000e+00 -4.798921e-01
    outer loop
      vertex   7.580943e+01 1.035514e+01 5.655962e+01
      vertex   7.580943e+01 8.955142e+00 5.655962e+01
      vertex   7.560426e+01 1.035514e+01 5.693471e+01
    endloop
  endfacet
  facet normal -8.773275e-01 -0.000000e+00 -4.798921e-01
    outer loop
      vertex   7.560426e+01 1.035514e+01 5.693471e+01
      vertex   7.580943e+01 8.955142e+00 5.655962e+01
      vertex   7.560426e+01 8.955142e+00 5.693471e+01
    endloop
  endfacet
  facet normal -7.782582e-01 -0.000000e+00 -6.279444e-01
    outer loop
      vertex   7.560426e+01 1.035514e+01 5.693471e+01
      vertex   7.560426e+01 8.955142e+00 5.693471e+01
      vertex   7.533579e+01 1.035514e+01 5.726744e+01
    endloop
  endfacet
  facet normal -7.782582e-01 -0.000000e+00 -6.279444e-01
    outer loop
      vertex   7.533579e+01 1.035514e+01 5.726744e+01
      vertex   7.560426e+01 8.955142e+00 5.693471e+01
      vertex   7.533579e+01 8.955142e+00 5.726744e+01
    endloop
  endfacet
  facet normal -6.544914e-01 -0.000000e+00 -7.560694e-01
    outer loop
      vertex   7.533579e+01 1.035514e+01 5.726744e+01
      vertex   7.533579e+01 8.955142e+00 5.726744e+01
      vertex   7.501254e+01 1.035514e+01 5.754726e+01
    endloop
  endfacet
  facet normal -6.544914e-01 -0.000000e+00 -7.560694e-01
    outer loop
      vertex   7.501254e+01 1.035514e+01 5.754726e+01
      vertex   7.533579e+01 8.955142e+00 5.726744e+01
      vertex   7.501254e+01 8.955142e+00 5.754726e+01
    endloop
  endfacet
  facet normal -5.099549e-01 -0.000000e+00 -8.602012e-01
    outer loop
      vertex   7.501254e+01 1.035514e+01 5.754726e+01
      vertex   7.501254e+01 8.955142e+00 5.754726e+01
      vertex   7.464477e+01 1.035514e+01 5.776529e+01
    endloop
  endfacet
  facet normal -5.099549e-01 -0.000000e+00 -8.602012e-01
    outer loop
      vertex   7.464477e+01 1.035514e+01 5.776529e+01
      vertex   7.501254e+01 8.955142e+00 5.754726e+01
      vertex   7.464477e+01 8.955142e+00 5.776529e+01
    endloop
  endfacet
  facet normal -3.492353e-01 -0.000000e+00 -9.370351e-01
    outer loop
      vertex   7.464477e+01 1.035514e+01 5.776529e+01
      vertex   7.464477e+01 8.955142e+00 5.776529e+01
      vertex   7.424415e+01 1.035514e+01 5.791460e+01
    endloop
  endfacet
  facet normal -3.492353e-01 -0.000000e+00 -9.370351e-01
    outer loop
      vertex   7.424415e+01 1.035514e+01 5.791460e+01
      vertex   7.464477e+01 8.955142e+00 5.776529e+01
      vertex   7.424415e+01 8.955142e+00 5.791460e+01
    endloop
  endfacet
  facet normal -1.774330e-01 -0.000000e+00 -9.841329e-01
    outer loop
      vertex   7.424415e+01 1.035514e+01 5.791460e+01
      vertex   7.424415e+01 8.955142e+00 5.791460e+01
      vertex   7.382340e+01 1.035514e+01 5.799046e+01
    endloop
  endfacet
  facet normal -1.774330e-01 -0.000000e+00 -9.841329e-01
    outer loop
      vertex   7.382340e+01 1.035514e+01 5.799046e+01
      vertex   7.424415e+01 8.955142e+00 5.791460e+01
      vertex   7.382340e+01 8.955142e+00 5.799046e+01
    endloop
  endfacet
  facet normal -0.000000e+00 -0.000000e+00 -1.000000e+00
    outer loop
      vertex   7.382340e+01 1.035514e+01 5.799046e+01
      vertex   7.382340e+01 8.955142e+00 5.799046e+01
      vertex   7.339586e+01 1.035514e+01 5.799046e+01
    endloop
  endfacet
  facet normal 0.000000e+00 0.000000e+00 -1.000000e+00
    outer loop
      vertex   7.339586e+01 1.035514e+01 5.799046e+01
      vertex   7.382340e+01 8.955142e+00 5.799046e+01
      vertex   7.339586e+01 8.955142e+00 5.799046e+01
    endloop
  endfacet
  facet normal 1.774330e-01 0.000000e+00 -9.841329e-01
    outer loop
      vertex   7.339586e+01 1.035514e+01 5.799046e+01
      vertex   7.339586e+01 8.955142e+00 5.799046e+01
      vertex   7.297510e+01 1.035514e+01 5.791460e+01
    endloop
  endfacet
  facet normal 1.774330e-01 0.000000e+00 -9.841329e-01
    outer loop
      vertex   7.297510e+01 1.035514e+01 5.791460e+01
      vertex   7.339586e+01 8.955142e+00 5.799046e+01
      vertex   7.297510e+01 8.955142e+00 5.791460e+01
    endloop
  endfacet
  facet normal 3.492353e-01 0.000000e+00 -9.370351e-01
    outer loop
      vertex   7.297510e+01 1.035514e+01 5.791460e+01
      vertex   7.297510e+01 8.955142e+00 5.791460e+01
      vertex   7.257449e+01 1.035514e+01 5.776529e+01
    endloop
  endfacet
  facet normal 3.492353e-01 0.000000e+00 -9.370351e-01
    outer loop
      vertex   7.257449e+01 1.035514e+01 5.776529e+01
      vertex   7.297510e+01 8.955142e+00 5.791460e+01
      vertex   7.257449e+01 8.955142e+00 5.776529e+01
    endloop
  endfacet
  facet normal 5.099549e-01 0.000000e+00 -8.602012e-01
    outer loop
      vertex   7.257449e+01 1.035514e+01 5.776529e+01
      vertex   7.257449e+01 8.955142e+00 5.776529e+01
      vertex   7.220672e+01 1.035514e+01 5.754726e+01
    endloop
  endfacet
  facet normal 5.099549e-01 0.000000e+00 -8.602012e-01
    outer loop
      vertex   7.220672e+01 1.035514e+01 5.754726e+01
      vertex   7.257449e+01 8.955142e+00 5.776529e+01
      vertex   7.220672e+01 8.955142e+00 5.754726e+01
    endloop
  endfacet
  facet normal 6.544914e-01 0.000000e+00 -7.560694e-01
    outer loop
      vertex   7.220672e+01 1.035514e+01 5.754726e+01
      vertex   7.220672e+01 8.955142e+00 5.754726e+01
      vertex   7.188347e+01 1.035514e+01 5.726744e+01
    endloop
  endfacet
  facet normal 6.544914e-01 0.000000e+00 -7.560694e-01
    outer loop
      vertex   7.188347e+01 1.035514e+01 5.726744e+01
      vertex   7.220672e+01 8.955142e+00 5.754726e+01
      vertex   7.188347e+01 8.955142e+00 5.726744e+01
    endloop
  endfacet
  facet normal 7.782582e-01 0.000000e+00 -6.279444e-01
    outer loop
      vertex   7.188347e+01 1.035514e+01 5.726744e+01
      vertex   7.188347e+01 8.955142e+00 5.726744e+01
      vertex   7.161500e+01 1.035514e+01 5.693471e+01
    endloop
  endfacet
  facet normal 7.782582e-01 0.000000e+00 -6.279444e-01
    outer loop
      vertex   7.161500e+01 1.035514e+01 5.693471e+01
      vertex   7.188347e+01 8.955142e+00 5.726744e+01
      vertex   7.161500e+01 8.955142e+00 5.693471e+01
    endloop
  endfacet
  facet normal 8.773275e-01 0.000000e+00 -4.798921e-01
    outer loop
      vertex   7.161500e+01 1.035514e+01 5.693471e+01
      vertex   7.161500e+01 8.955142e+00 5.693471e+01
      vertex   7.140982e+01 1.035514e+01 5.655962e+01
    endloop
  endfacet
  facet normal 8.773275e-01 0.000000e+00 -4.798921e-01
    outer loop
      vertex   7.140982e+01 1.035514e+01 5.655962e+01
      vertex   7.161500e+01 8.955142e+00 5.693471e+01
      vertex   7.140982e+01 8.955142e+00 5.655962e+01
    endloop
  endfacet
  facet normal 9.485556e-01 0.000000e+00 -3.166107e-01
    outer loop
      vertex   7.140982e+01 1.035514e+01 5.655962e+01
      vertex   7.140982e+01 8.955142e+00 5.655962e+01
      vertex   7.127446e+01 1.035514e+01 5.615407e+01
    endloop
  endfacet
  facet normal 9.485556e-01 0.000000e+00 -3.166107e-01
    outer loop
      vertex   7.127446e+01 1.035514e+01 5.615407e+01
      vertex   7.140982e+01 8.955142e+00 5.655962e+01
      vertex   7.127446e+01 8.955142e+00 5.615407e+01
    endloop
  endfacet
  facet normal 9.896819e-01 0.000000e+00 -1.432820e-01
    outer loop
      vertex   7.127446e+01 1.035514e+01 5.615407e+01
      vertex   7.127446e+01 8.955142e+00 5.615407e+01
      vertex   7.121320e+01 1.035514e+01 5.573095e+01
    endloop
  endfacet
  facet normal 9.896819e-01 0.000000e+00 -1.432820e-01
    outer loop
      vertex   7.121320e+01 1.035514e+01 5.573095e+01
      vertex   7.127446e+01 8.955142e+00 5.615407e+01
      vertex   7.121320e+01 8.955142e+00 5.573095e+01
    endloop
  endfacet
  facet normal -9.985104e-01 0.000000e+00 -5.456098e-02
    outer loop
      vertex   7.653778e+01 5.555142e+00 4.600000e+01
      vertex   7.653778e+01 8.955142e+00 4.600000e+01
      vertex   7.665201e+01 5.555142e+00 4.390932e+01
    endloop
  endfacet
  facet normal -9.985104e-01 0.000000e+00 -5.456098e-02
    outer loop
      vertex   7.665201e+01 5.555142e+00 4.390932e+01
      vertex   7.653778e+01 8.955142e+00 4.600000e+01
      vertex   7.665201e+01 1.035514e+01 4.390932e+01
    endloop
  endfacet
  facet normal -9.985104e-01 2.130025e-15 -5.456098e-02
    outer loop
      vertex   7.665201e+01 1.035514e+01 4.390932e+01
      vertex   7.653778e+01 8.955142e+00 4.600000e+01
      vertex   7.600605e+01 1.035514e+01 5.573095e+01
    endloop
  endfacet
  facet normal -9.985104e-01 -0.000000e+00 -5.456098e-02
    outer loop
      vertex   7.600605e+01 1.035514e+01 5.573095e+01
      vertex   7.653778e+01 8.955142e+00 4.600000e+01
      vertex   7.600605e+01 8.955142e+00 5.573095e+01
    endloop
  endfacet
  facet normal -0.000000e+00 1.000000e+00 0.000000e+00
    outer loop
      vertex   7.447896e+01 8.955142e+00 5.223294e+01
      vertex   7.600605e+01 8.955142e+00 5.573095e+01
      vertex   7.450963e+01 8.955142e+00 5.200000e+01
    endloop
  endfacet
  facet normal -0.000000e+00 1.000000e+00 0.000000e+00
    outer loop
      vertex   7.450963e+01 8.955142e+00 5.200000e+01
      vertex   7.600605e+01 8.955142e+00 5.573095e+01
      vertex   7.653778e+01 8.955142e+00 4.600000e+01
    endloop
  endfacet
  facet normal 0.000000e+00 1.000000e+00 0.000000e+00
    outer loop
      vertex   7.450963e+01 8.955142e+00 5.200000e+01
      vertex   7.653778e+01 8.955142e+00 4.600000e+01
      vertex   7.447896e+01 8.955142e+00 5.176706e+01
    endloop
  endfacet
  facet normal 0.000000e+00 1.000000e+00 0.000000e+00
    outer loop
      vertex   7.447896e+01 8.955142e+00 5.176706e+01
      vertex   7.653778e+01 8.955142e+00 4.600000e+01
      vertex   7.447896e+01 8.955142e+00 4.823294e+01
    endloop
  endfacet
  facet normal 0.000000e+00 1.000000e+00 0.000000e+00
    outer loop
      vertex   7.447896e+01 8.955142e+00 5.176706e+01
      vertex   7.447896e+01 8.955142e+00 4.823294e+01
      vertex   7.438905e+01 8.955142e+00 4.845000e+01
    endloop
  endfacet
  facet normal 0.000000e+00 1.000000e+00 -0.000000e+00
    outer loop
      vertex   7.447896e+01 8.955142e+00 5.223294e+01
      vertex   7.438905e+01 8.955142e+00 5.245000e+01
      vertex   7.600605e+01 8.955142e+00 5.573095e+01
    endloop
  endfacet
  facet normal 0.000000e+00 1.000000e+00 0.000000e+00
    outer loop
      vertex   7.600605e+01 8.955142e+00 5.573095e+01
      vertex   7.438905e+01 8.955142e+00 5.245000e+01
      vertex   7.438905e+01 8.955142e+00 5.555000e+01
    endloop
  endfacet
  facet normal 0.000000e+00 1.000000e+00 0.000000e+00
    outer loop
      vertex   7.600605e+01 8.955142e+00 5.573095e+01
      vertex   7.438905e+01 8.955142e+00 5.555000e+01
      vertex   7.447896e+01 8.955142e+00 5.576706e+01
    endloop
  endfacet
  facet normal 0.000000e+00 1.000000e+00 0.000000e+00
    outer loop
      vertex   7.438905e+01 8.955142e+00 5.555000e+01
      vertex   7.438905e+01 8.955142e+00 5.245000e+01
      vertex   7.424602e+01 8.955142e+00 5.536360e+01
    endloop
  endfacet
  facet normal 0.000000e+00 1.000000e+00 0.000000e+00
    outer loop
      vertex   7.424602e+01 8.955142e+00 5.536360e+01
      vertex   7.438905e+01 8.955142e+00 5.245000e+01
      vertex   7.424602e+01 8.955142e+00 5.263640e+01
    endloop
  endfacet
  facet normal 0.000000e+00 1.000000e+00 0.000000e+00
    outer loop
      vertex   7.424602e+01 8.955142e+00 5.536360e+01
      vertex   7.424602e+01 8.955142e+00 5.263640e+01
      vertex   7.405963e+01 8.955142e+00 5.522058e+01
    endloop
  endfacet
  facet normal 0.000000e+00 1.000000e+00 0.000000e+00
    outer loop
      vertex   7.405963e+01 8.955142e+00 5.522058e+01
      vertex   7.424602e+01 8.955142e+00 5.263640e+01
      vertex   7.405963e+01 8.955142e+00 5.277942e+01
    endloop
  endfacet
  facet normal 0.000000e+00 1.000000e+00 0.000000e+00
    outer loop
      vertex   7.405963e+01 8.955142e+00 5.522058e+01
      vertex   7.405963e+01 8.955142e+00 5.277942e+01
      vertex   7.384257e+01 8.955142e+00 5.513067e+01
    endloop
  endfacet
  facet normal 0.000000e+00 1.000000e+00 0.000000e+00
    outer loop
      vertex   7.384257e+01 8.955142e+00 5.513067e+01
      vertex   7.405963e+01 8.955142e+00 5.277942e+01
      vertex   7.384257e+01 8.955142e+00 5.286933e+01
    endloop
  endfacet
  facet normal 0.000000e+00 1.000000e+00 0.000000e+00
    outer loop
      vertex   7.384257e+01 8.955142e+00 5.513067e+01
      vertex   7.384257e+01 8.955142e+00 5.286933e+01
      vertex   7.360963e+01 8.955142e+00 5.510000e+01
    endloop
  endfacet
  facet normal 0.000000e+00 1.000000e+00 0.000000e+00
    outer loop
      vertex   7.360963e+01 8.955142e+00 5.510000e+01
      vertex   7.384257e+01 8.955142e+00 5.286933e+01
      vertex   7.360963e+01 8.955142e+00 5.290000e+01
    endloop
  endfacet
  facet normal 0.000000e+00 1.000000e+00 0.000000e+00
    outer loop
      vertex   7.360963e+01 8.955142e+00 5.510000e+01
      vertex   7.360963e+01 8.955142e+00 5.290000e+01
      vertex   7.337669e+01 8.955142e+00 5.286933e+01
    endloop
  endfacet
  facet normal 0.000000e+00 1.000000e+00 0.000000e+00
    outer loop
      vertex   7.360963e+01 8.955142e+00 5.510000e+01
      vertex   7.337669e+01 8.955142e+00 5.286933e+01
      vertex   7.337669e+01 8.955142e+00 5.513067e+01
    endloop
  endfacet
  facet normal 0.000000e+00 1.000000e+00 0.000000e+00
    outer loop
      vertex   7.337669e+01 8.955142e+00 5.513067e+01
      vertex   7.337669e+01 8.955142e+00 5.286933e+01
      vertex   7.315963e+01 8.955142e+00 5.277942e+01
    endloop
  endfacet
  facet normal 0.000000e+00 1.000000e+00 0.000000e+00
    outer loop
      vertex   7.337669e+01 8.955142e+00 5.513067e+01
      vertex   7.315963e+01 8.955142e+00 5.277942e+01
      vertex   7.315963e+01 8.955142e+00 5.522058e+01
    endloop
  endfacet
  facet normal 0.000000e+00 1.000000e+00 0.000000e+00
    outer loop
      vertex   7.315963e+01 8.955142e+00 5.522058e+01
      vertex   7.315963e+01 8.955142e+00 5.277942e+01
      vertex   7.297323e+01 8.955142e+00 5.263640e+01
    endloop
  endfacet
  facet normal 0.000000e+00 1.000000e+00 0.000000e+00
    outer loop
      vertex   7.315963e+01 8.955142e+00 5.522058e+01
      vertex   7.297323e+01 8.955142e+00 5.263640e+01
      vertex   7.297323e+01 8.955142e+00 5.536360e+01
    endloop
  endfacet
  facet normal 0.000000e+00 1.000000e+00 0.000000e+00
    outer loop
      vertex   7.297323e+01 8.955142e+00 5.536360e+01
      vertex   7.297323e+01 8.955142e+00 5.263640e+01
      vertex   7.283021e+01 8.955142e+00 5.245000e+01
    endloop
  endfacet
  facet normal 0.000000e+00 1.000000e+00 0.000000e+00
    outer loop
      vertex   7.297323e+01 8.955142e+00 5.536360e+01
      vertex   7.283021e+01 8.955142e+00 5.245000e+01
      vertex   7.283021e+01 8.955142e+00 5.555000e+01
    endloop
  endfacet
  facet normal 0.000000e+00 1.000000e+00 0.000000e+00
    outer loop
      vertex   7.283021e+01 8.955142e+00 5.555000e+01
      vertex   7.283021e+01 8.955142e+00 5.245000e+01
      vertex   7.121320e+01 8.955142e+00 5.573095e+01
    endloop
  endfacet
  facet normal 0.000000e+00 1.000000e+00 0.000000e+00
    outer loop
      vertex   7.283021e+01 8.955142e+00 5.555000e+01
      vertex   7.121320e+01 8.955142e+00 5.573095e+01
      vertex   7.274029e+01 8.955142e+00 5.576706e+01
    endloop
  endfacet
  facet normal 0.000000e+00 1.000000e+00 0.000000e+00
    outer loop
      vertex   7.274029e+01 8.955142e+00 5.576706e+01
      vertex   7.121320e+01 8.955142e+00 5.573095e+01
      vertex   7.270963e+01 8.955142e+00 5.600000e+01
    endloop
  endfacet
  facet normal 0.000000e+00 1.000000e+00 0.000000e+00
    outer loop
      vertex   7.270963e+01 8.955142e+00 5.600000e+01
      vertex   7.121320e+01 8.955142e+00 5.573095e+01
      vertex   7.127446e+01 8.955142e+00 5.615407e+01
    endloop
  endfacet
  facet normal 0.000000e+00 1.000000e+00 0.000000e+00
    outer loop
      vertex   7.270963e+01 8.955142e+00 5.600000e+01
      vertex   7.127446e+01 8.955142e+00 5.615407e+01
      vertex   7.140982e+01 8.955142e+00 5.655962e+01
    endloop
  endfacet
  facet normal 0.000000e+00 1.000000e+00 0.000000e+00
    outer loop
      vertex   7.283021e+01 8.955142e+00 5.245000e+01
      vertex   7.274029e+01 8.955142e+00 5.223294e+01
      vertex   7.121320e+01 8.955142e+00 5.573095e+01
    endloop
  endfacet
  facet normal 0.000000e+00 1.000000e+00 0.000000e+00
    outer loop
      vertex   7.121320e+01 8.955142e+00 5.573095e+01
      vertex   7.274029e+01 8.955142e+00 5.223294e+01
      vertex   7.270963e+01 8.955142e+00 5.200000e+01
    endloop
  endfacet
  facet normal 0.000000e+00 1.000000e+00 0.000000e+00
    outer loop
      vertex   7.121320e+01 8.955142e+00 5.573095e+01
      vertex   7.270963e+01 8.955142e+00 5.200000e+01
      vertex   7.068148e+01 8.955142e+00 4.600000e+01
    endloop
  endfacet
  facet normal 0.000000e+00 1.000000e+00 0.000000e+00
    outer loop
      vertex   7.068148e+01 8.955142e+00 4.600000e+01
      vertex   7.270963e+01 8.955142e+00 5.200000e+01
      vertex   7.274029e+01 8.955142e+00 5.176706e+01
    endloop
  endfacet
  facet normal 0.000000e+00 1.000000e+00 0.000000e+00
    outer loop
      vertex   7.068148e+01 8.955142e+00 4.600000e+01
      vertex   7.274029e+01 8.955142e+00 5.176706e+01
      vertex   7.274029e+01 8.955142e+00 4.823294e+01
    endloop
  endfacet
  facet normal 0.000000e+00 1.000000e+00 0.000000e+00
    outer loop
      vertex   7.274029e+01 8.955142e+00 4.823294e+01
      vertex   7.274029e+01 8.955142e+00 5.176706e+01
      vertex   7.283021e+01 8.955142e+00 4.845000e+01
    endloop
  endfacet
  facet normal 0.000000e+00 1.000000e+00 -0.000000e+00
    outer loop
      vertex   7.283021e+01 8.955142e+00 4.845000e+01
      vertex   7.274029e+01 8.955142e+00 5.176706e+01
      vertex   7.283021e+01 8.955142e+00 5.155000e+01
    endloop
  endfacet
  facet normal 0.000000e+00 1.000000e+00 0.000000e+00
    outer loop
      vertex   7.283021e+01 8.955142e+00 4.845000e+01
      vertex   7.283021e+01 8.955142e+00 5.155000e+01
      vertex   7.297323e+01 8.955142e+00 4.863640e+01
    endloop
  endfacet
  facet normal 0.000000e+00 1.000000e+00 -0.000000e+00
    outer loop
      vertex   7.297323e+01 8.955142e+00 4.863640e+01
      vertex   7.283021e+01 8.955142e+00 5.155000e+01
      vertex   7.297323e+01 8.955142e+00 5.136360e+01
    endloop
  endfacet
  facet normal 0.000000e+00 1.000000e+00 0.000000e+00
    outer loop
      vertex   7.297323e+01 8.955142e+00 4.863640e+01
      vertex   7.297323e+01 8.955142e+00 5.136360e+01
      vertex   7.315963e+01 8.955142e+00 5.122058e+01
    endloop
  endfacet
  facet normal 0.000000e+00 1.000000e+00 0.000000e+00
    outer loop
      vertex   7.297323e+01 8.955142e+00 4.863640e+01
      vertex   7.315963e+01 8.955142e+00 5.122058e+01
      vertex   7.315963e+01 8.955142e+00 4.877942e+01
    endloop
  endfacet
  facet normal 0.000000e+00 1.000000e+00 0.000000e+00
    outer loop
      vertex   7.315963e+01 8.955142e+00 4.877942e+01
      vertex   7.315963e+01 8.955142e+00 5.122058e+01
      vertex   7.337669e+01 8.955142e+00 5.113067e+01
    endloop
  endfacet
  facet normal 0.000000e+00 1.000000e+00 0.000000e+00
    outer loop
      vertex   7.315963e+01 8.955142e+00 4.877942e+01
      vertex   7.337669e+01 8.955142e+00 5.113067e+01
      vertex   7.337669e+01 8.955142e+00 4.886933e+01
    endloop
  endfacet
  facet normal 0.000000e+00 1.000000e+00 0.000000e+00
    outer loop
      vertex   7.337669e+01 8.955142e+00 4.886933e+01
      vertex   7.337669e+01 8.955142e+00 5.113067e+01
      vertex   7.360963e+01 8.955142e+00 5.110000e+01
    endloop
  endfacet
  facet normal 0.000000e+00 1.000000e+00 0.000000e+00
    outer loop
      vertex   7.337669e+01 8.955142e+00 4.886933e+01
      vertex   7.360963e+01 8.955142e+00 5.110000e+01
      vertex   7.360963e+01 8.955142e+00 4.890000e+01
    endloop
  endfacet
  facet normal -0.000000e+00 1.000000e+00 0.000000e+00
    outer loop
      vertex   7.360963e+01 8.955142e+00 4.890000e+01
      vertex   7.360963e+01 8.955142e+00 5.110000e+01
      vertex   7.384257e+01 8.955142e+00 4.886933e+01
    endloop
  endfacet
  facet normal 0.000000e+00 1.000000e+00 -0.000000e+00
    outer loop
      vertex   7.384257e+01 8.955142e+00 4.886933e+01
      vertex   7.360963e+01 8.955142e+00 5.110000e+01
      vertex   7.384257e+01 8.955142e+00 5.113067e+01
    endloop
  endfacet
  facet normal -0.000000e+00 1.000000e+00 0.000000e+00
    outer loop
      vertex   7.384257e+01 8.955142e+00 4.886933e+01
      vertex   7.384257e+01 8.955142e+00 5.113067e+01
      vertex   7.405963e+01 8.955142e+00 4.877942e+01
    endloop
  endfacet
  facet normal 0.000000e+00 1.000000e+00 -0.000000e+00
    outer loop
      vertex   7.405963e+01 8.955142e+00 4.877942e+01
      vertex   7.384257e+01 8.955142e+00 5.113067e+01
      vertex   7.405963e+01 8.955142e+00 5.122058e+01
    endloop
  endfacet
  facet normal -0.000000e+00 1.000000e+00 0.000000e+00
    outer loop
      vertex   7.405963e+01 8.955142e+00 4.877942e+01
      vertex   7.405963e+01 8.955142e+00 5.122058e+01
      vertex   7.424602e+01 8.955142e+00 4.863640e+01
    endloop
  endfacet
  facet normal 0.000000e+00 1.000000e+00 -0.000000e+00
    outer loop
      vertex   7.424602e+01 8.955142e+00 4.863640e+01
      vertex   7.405963e+01 8.955142e+00 5.122058e+01
      vertex   7.424602e+01 8.955142e+00 5.136360e+01
    endloop
  endfacet
  facet normal 0.000000e+00 1.000000e+00 0.000000e+00
    outer loop
      vertex   7.424602e+01 8.955142e+00 4.863640e+01
      vertex   7.424602e+01 8.955142e+00 5.136360e+01
      vertex   7.438905e+01 8.955142e+00 5.155000e+01
    endloop
  endfacet
  facet normal -0.000000e+00 1.000000e+00 0.000000e+00
    outer loop
      vertex   7.424602e+01 8.955142e+00 4.863640e+01
      vertex   7.438905e+01 8.955142e+00 5.155000e+01
      vertex   7.438905e+01 8.955142e+00 4.845000e+01
    endloop
  endfacet
  facet normal 0.000000e+00 1.000000e+00 0.000000e+00
    outer loop
      vertex   7.438905e+01 8.955142e+00 4.845000e+01
      vertex   7.438905e+01 8.955142e+00 5.155000e+01
      vertex   7.447896e+01 8.955142e+00 5.176706e+01
    endloop
  endfacet
  facet normal -0.000000e+00 1.000000e+00 0.000000e+00
    outer loop
      vertex   7.447896e+01 8.955142e+00 4.776706e+01
      vertex   7.450963e+01 8.955142e+00 4.800000e+01
      vertex   7.653778e+01 8.955142e+00 4.600000e+01
    endloop
  endfacet
  facet normal 0.000000e+00 1.000000e+00 0.000000e+00
    outer loop
      vertex   7.653778e+01 8.955142e+00 4.600000e+01
      vertex   7.450963e+01 8.955142e+00 4.800000e+01
      vertex   7.447896e+01 8.955142e+00 4.823294e+01
    endloop
  endfacet
  facet normal 0.000000e+00 1.000000e+00 0.000000e+00
    outer loop
      vertex   7.274029e+01 8.955142e+00 4.823294e+01
      vertex   7.270963e+01 8.955142e+00 4.800000e+01
      vertex   7.068148e+01 8.955142e+00 4.600000e+01
    endloop
  endfacet
  facet normal 0.000000e+00 1.000000e+00 0.000000e+00
    outer loop
      vertex   7.068148e+01 8.955142e+00 4.600000e+01
      vertex   7.270963e+01 8.955142e+00 4.800000e+01
      vertex   7.274029e+01 8.955142e+00 4.776706e+01
    endloop
  endfacet
  facet normal 0.000000e+00 1.000000e+00 0.000000e+00
    outer loop
      vertex   7.068148e+01 8.955142e+00 4.600000e+01
      vertex   7.274029e+01 8.955142e+00 4.776706e+01
      vertex   7.300963e+01 8.955142e+00 4.600000e+01
    endloop
  endfacet
  facet normal 0.000000e+00 1.000000e+00 0.000000e+00
    outer loop
      vertex   7.300963e+01 8.955142e+00 4.600000e+01
      vertex   7.274029e+01 8.955142e+00 4.776706e+01
      vertex   7.283021e+01 8.955142e+00 4.755000e+01
    endloop
  endfacet
  facet normal 0.000000e+00 1.000000e+00 -0.000000e+00
    outer loop
      vertex   7.300963e+01 8.955142e+00 4.600000e+01
      vertex   7.283021e+01 8.955142e+00 4.755000e+01
      vertex   7.303007e+01 8.955142e+00 4.615529e+01
    endloop
  endfacet
  facet normal 0.000000e+00 1.000000e+00 0.000000e+00
    outer loop
      vertex   7.303007e+01 8.955142e+00 4.615529e+01
      vertex   7.283021e+01 8.955142e+00 4.755000e+01
      vertex   7.297323e+01 8.955142e+00 4.736360e+01
    endloop
  endfacet
  facet normal 0.000000e+00 1.000000e+00 -0.000000e+00
    outer loop
      vertex   7.303007e+01 8.955142e+00 4.615529e+01
      vertex   7.297323e+01 8.955142e+00 4.736360e+01
      vertex   7.309001e+01 8.955142e+00 4.630000e+01
    endloop
  endfacet
  facet normal 0.000000e+00 1.000000e+00 -0.000000e+00
    outer loop
      vertex   7.309001e+01 8.955142e+00 4.630000e+01
      vertex   7.297323e+01 8.955142e+00 4.736360e+01
      vertex   7.315963e+01 8.955142e+00 4.722058e+01
    endloop
  endfacet
  facet normal 0.000000e+00 1.000000e+00 0.000000e+00
    outer loop
      vertex   7.309001e+01 8.955142e+00 4.630000e+01
      vertex   7.315963e+01 8.955142e+00 4.722058e+01
      vertex   7.318536e+01 8.955142e+00 4.642426e+01
    endloop
  endfacet
  facet normal 0.000000e+00 1.000000e+00 -0.000000e+00
    outer loop
      vertex   7.318536e+01 8.955142e+00 4.642426e+01
      vertex   7.315963e+01 8.955142e+00 4.722058e+01
      vertex   7.330963e+01 8.955142e+00 4.651962e+01
    endloop
  endfacet
  facet normal 0.000000e+00 1.000000e+00 -0.000000e+00
    outer loop
      vertex   7.330963e+01 8.955142e+00 4.651962e+01
      vertex   7.315963e+01 8.955142e+00 4.722058e+01
      vertex   7.337669e+01 8.955142e+00 4.713067e+01
    endloop
  endfacet
  facet normal 0.000000e+00 1.000000e+00 0.000000e+00
    outer loop
      vertex   7.330963e+01 8.955142e+00 4.651962e+01
      vertex   7.337669e+01 8.955142e+00 4.713067e+01
      vertex   7.345434e+01 8.955142e+00 4.657956e+01
    endloop
  endfacet
  facet normal 0.000000e+00 1.000000e+00 -0.000000e+00
    outer loop
      vertex   7.345434e+01 8.955142e+00 4.657956e+01
      vertex   7.337669e+01 8.955142e+00 4.713067e+01
      vertex   7.360963e+01 8.955142e+00 4.710000e+01
    endloop
  endfacet
  facet normal 0.000000e+00 1.000000e+00 0.000000e+00
    outer loop
      vertex   7.345434e+01 8.955142e+00 4.657956e+01
      vertex   7.360963e+01 8.955142e+00 4.710000e+01
      vertex   7.360963e+01 8.955142e+00 4.660000e+01
    endloop
  endfacet
  facet normal -0.000000e+00 1.000000e+00 0.000000e+00
    outer loop
      vertex   7.360963e+01 8.955142e+00 4.660000e+01
      vertex   7.360963e+01 8.955142e+00 4.710000e+01
      vertex   7.376492e+01 8.955142e+00 4.657956e+01
    endloop
  endfacet
  facet normal 0.000000e+00 1.000000e+00 -0.000000e+00
    outer loop
      vertex   7.376492e+01 8.955142e+00 4.657956e+01
      vertex   7.360963e+01 8.955142e+00 4.710000e+01
      vertex   7.384257e+01 8.955142e+00 4.713067e+01
    endloop
  endfacet
  facet normal -0.000000e+00 1.000000e+00 0.000000e+00
    outer loop
      vertex   7.376492e+01 8.955142e+00 4.657956e+01
      vertex   7.384257e+01 8.955142e+00 4.713067e+01
      vertex   7.390963e+01 8.955142e+00 4.651962e+01
    endloop
  endfacet
  facet normal 0.000000e+00 1.000000e+00 -0.000000e+00
    outer loop
      vertex   7.390963e+01 8.955142e+00 4.651962e+01
      vertex   7.384257e+01 8.955142e+00 4.713067e+01
      vertex   7.405963e+01 8.955142e+00 4.722058e+01
    endloop
  endfacet
  facet normal -0.000000e+00 1.000000e+00 0.000000e+00
    outer loop
      vertex   7.390963e+01 8.955142e+00 4.651962e+01
      vertex   7.405963e+01 8.955142e+00 4.722058e+01
      vertex   7.403389e+01 8.955142e+00 4.642426e+01
    endloop
  endfacet
  facet normal -0.000000e+00 1.000000e+00 0.000000e+00
    outer loop
      vertex   7.403389e+01 8.955142e+00 4.642426e+01
      vertex   7.405963e+01 8.955142e+00 4.722058e+01
      vertex   7.412924e+01 8.955142e+00 4.630000e+01
    endloop
  endfacet
  facet normal 0.000000e+00 1.000000e+00 -0.000000e+00
    outer loop
      vertex   7.412924e+01 8.955142e+00 4.630000e+01
      vertex   7.405963e+01 8.955142e+00 4.722058e+01
      vertex   7.424602e+01 8.955142e+00 4.736360e+01
    endloop
  endfacet
  facet normal -0.000000e+00 1.000000e+00 0.000000e+00
    outer loop
      vertex   7.412924e+01 8.955142e+00 4.630000e+01
      vertex   7.424602e+01 8.955142e+00 4.736360e+01
      vertex   7.418918e+01 8.955142e+00 4.615529e+01
    endloop
  endfacet
  facet normal 0.000000e+00 1.000000e+00 0.000000e+00
    outer loop
      vertex   7.418918e+01 8.955142e+00 4.615529e+01
      vertex   7.424602e+01 8.955142e+00 4.736360e+01
      vertex   7.438905e+01 8.955142e+00 4.755000e+01
    endloop
  endfacet
  facet normal -0.000000e+00 1.000000e+00 0.000000e+00
    outer loop
      vertex   7.418918e+01 8.955142e+00 4.615529e+01
      vertex   7.438905e+01 8.955142e+00 4.755000e+01
      vertex   7.420963e+01 8.955142e+00 4.600000e+01
    endloop
  endfacet
  facet normal 0.000000e+00 1.000000e+00 0.000000e+00
    outer loop
      vertex   7.420963e+01 8.955142e+00 4.600000e+01
      vertex   7.438905e+01 8.955142e+00 4.755000e+01
      vertex   7.447896e+01 8.955142e+00 4.776706e+01
    endloop
  endfacet
  facet normal 0.000000e+00 1.000000e+00 0.000000e+00
    outer loop
      vertex   7.420963e+01 8.955142e+00 4.600000e+01
      vertex   7.447896e+01 8.955142e+00 4.776706e+01
      vertex   7.653778e+01 8.955142e+00 4.600000e+01
    endloop
  endfacet
  facet normal -0.000000e+00 1.000000e+00 0.000000e+00
    outer loop
      vertex   7.447896e+01 8.955142e+00 5.623294e+01
      vertex   7.533579e+01 8.955142e+00 5.726744e+01
      vertex   7.450963e+01 8.955142e+00 5.600000e+01
    endloop
  endfacet
  facet normal 0.000000e+00 1.000000e+00 0.000000e+00
    outer loop
      vertex   7.450963e+01 8.955142e+00 5.600000e+01
      vertex   7.533579e+01 8.955142e+00 5.726744e+01
      vertex   7.560426e+01 8.955142e+00 5.693471e+01
    endloop
  endfacet
  facet normal 0.000000e+00 1.000000e+00 0.000000e+00
    outer loop
      vertex   7.450963e+01 8.955142e+00 5.600000e+01
      vertex   7.560426e+01 8.955142e+00 5.693471e+01
      vertex   7.580943e+01 8.955142e+00 5.655962e+01
    endloop
  endfacet
  facet normal 0.000000e+00 1.000000e+00 0.000000e+00
    outer loop
      vertex   7.533579e+01 8.955142e+00 5.726744e+01
      vertex   7.447896e+01 8.955142e+00 5.623294e+01
      vertex   7.501254e+01 8.955142e+00 5.754726e+01
    endloop
  endfacet
  facet normal 0.000000e+00 1.000000e+00 0.000000e+00
    outer loop
      vertex   7.501254e+01 8.955142e+00 5.754726e+01
      vertex   7.447896e+01 8.955142e+00 5.623294e+01
      vertex   7.438905e+01 8.955142e+00 5.645000e+01
    endloop
  endfacet
  facet normal 0.000000e+00 1.000000e+00 0.000000e+00
    outer loop
      vertex   7.501254e+01 8.955142e+00 5.754726e+01
      vertex   7.438905e+01 8.955142e+00 5.645000e+01
      vertex   7.464477e+01 8.955142e+00 5.776529e+01
    endloop
  endfacet
  facet normal 0.000000e+00 1.000000e+00 0.000000e+00
    outer loop
      vertex   7.464477e+01 8.955142e+00 5.776529e+01
      vertex   7.438905e+01 8.955142e+00 5.645000e+01
      vertex   7.424602e+01 8.955142e+00 5.663640e+01
    endloop
  endfacet
  facet normal 0.000000e+00 1.000000e+00 0.000000e+00
    outer loop
      vertex   7.464477e+01 8.955142e+00 5.776529e+01
      vertex   7.424602e+01 8.955142e+00 5.663640e+01
      vertex   7.424415e+01 8.955142e+00 5.791460e+01
    endloop
  endfacet
  facet normal 0.000000e+00 1.000000e+00 0.000000e+00
    outer loop
      vertex   7.424415e+01 8.955142e+00 5.791460e+01
      vertex   7.424602e+01 8.955142e+00 5.663640e+01
      vertex   7.405963e+01 8.955142e+00 5.677942e+01
    endloop
  endfacet
  facet normal 0.000000e+00 1.000000e+00 0.000000e+00
    outer loop
      vertex   7.424415e+01 8.955142e+00 5.791460e+01
      vertex   7.405963e+01 8.955142e+00 5.677942e+01
      vertex   7.384257e+01 8.955142e+00 5.686933e+01
    endloop
  endfacet
  facet normal 0.000000e+00 1.000000e+00 0.000000e+00
    outer loop
      vertex   7.424415e+01 8.955142e+00 5.791460e+01
      vertex   7.384257e+01 8.955142e+00 5.686933e+01
      vertex   7.382340e+01 8.955142e+00 5.799046e+01
    endloop
  endfacet
  facet normal 0.000000e+00 1.000000e+00 0.000000e+00
    outer loop
      vertex   7.382340e+01 8.955142e+00 5.799046e+01
      vertex   7.384257e+01 8.955142e+00 5.686933e+01
      vertex   7.360963e+01 8.955142e+00 5.690000e+01
    endloop
  endfacet
  facet normal 0.000000e+00 1.000000e+00 0.000000e+00
    outer loop
      vertex   7.382340e+01 8.955142e+00 5.799046e+01
      vertex   7.360963e+01 8.955142e+00 5.690000e+01
      vertex   7.339586e+01 8.955142e+00 5.799046e+01
    endloop
  endfacet
  facet normal 0.000000e+00 1.000000e+00 0.000000e+00
    outer loop
      vertex   7.339586e+01 8.955142e+00 5.799046e+01
      vertex   7.360963e+01 8.955142e+00 5.690000e+01
      vertex   7.337669e+01 8.955142e+00 5.686933e+01
    endloop
  endfacet
  facet normal 0.000000e+00 1.000000e+00 0.000000e+00
    outer loop
      vertex   7.339586e+01 8.955142e+00 5.799046e+01
      vertex   7.337669e+01 8.955142e+00 5.686933e+01
      vertex   7.297510e+01 8.955142e+00 5.791460e+01
    endloop
  endfacet
  facet normal 0.000000e+00 1.000000e+00 0.000000e+00
    outer loop
      vertex   7.297510e+01 8.955142e+00 5.791460e+01
      vertex   7.337669e+01 8.955142e+00 5.686933e+01
      vertex   7.315963e+01 8.955142e+00 5.677942e+01
    endloop
  endfacet
  facet normal 0.000000e+00 1.000000e+00 0.000000e+00
    outer loop
      vertex   7.297510e+01 8.955142e+00 5.791460e+01
      vertex   7.315963e+01 8.955142e+00 5.677942e+01
      vertex   7.297323e+01 8.955142e+00 5.663640e+01
    endloop
  endfacet
  facet normal 0.000000e+00 1.000000e+00 0.000000e+00
    outer loop
      vertex   7.297510e+01 8.955142e+00 5.791460e+01
      vertex   7.297323e+01 8.955142e+00 5.663640e+01
      vertex   7.257449e+01 8.955142e+00 5.776529e+01
    endloop
  endfacet
  facet normal 0.000000e+00 1.000000e+00 0.000000e+00
    outer loop
      vertex   7.257449e+01 8.955142e+00 5.776529e+01
      vertex   7.297323e+01 8.955142e+00 5.663640e+01
      vertex   7.283021e+01 8.955142e+00 5.645000e+01
    endloop
  endfacet
  facet normal 0.000000e+00 1.000000e+00 0.000000e+00
    outer loop
      vertex   7.257449e+01 8.955142e+00 5.776529e+01
      vertex   7.283021e+01 8.955142e+00 5.645000e+01
      vertex   7.220672e+01 8.955142e+00 5.754726e+01
    endloop
  endfacet
  facet normal 0.000000e+00 1.000000e+00 0.000000e+00
    outer loop
      vertex   7.220672e+01 8.955142e+00 5.754726e+01
      vertex   7.283021e+01 8.955142e+00 5.645000e+01
      vertex   7.274029e+01 8.955142e+00 5.623294e+01
    endloop
  endfacet
  facet normal 0.000000e+00 1.000000e+00 0.000000e+00
    outer loop
      vertex   7.220672e+01 8.955142e+00 5.754726e+01
      vertex   7.274029e+01 8.955142e+00 5.623294e+01
      vertex   7.188347e+01 8.955142e+00 5.726744e+01
    endloop
  endfacet
  facet normal 0.000000e+00 1.000000e+00 0.000000e+00
    outer loop
      vertex   7.188347e+01 8.955142e+00 5.726744e+01
      vertex   7.274029e+01 8.955142e+00 5.623294e+01
      vertex   7.270963e+01 8.955142e+00 5.600000e+01
    endloop
  endfacet
  facet normal 0.000000e+00 1.000000e+00 0.000000e+00
    outer loop
      vertex   7.188347e+01 8.955142e+00 5.726744e+01
      vertex   7.270963e+01 8.955142e+00 5.600000e+01
      vertex   7.161500e+01 8.955142e+00 5.693471e+01
    endloop
  endfacet
  facet normal 0.000000e+00 1.000000e+00 0.000000e+00
    outer loop
      vertex   7.161500e+01 8.955142e+00 5.693471e+01
      vertex   7.270963e+01 8.955142e+00 5.600000e+01
      vertex   7.140982e+01 8.955142e+00 5.655962e+01
    endloop
  endfacet
  facet normal -0.000000e+00 1.000000e+00 0.000000e+00
    outer loop
      vertex   7.447896e+01 8.955142e+00 5.576706e+01
      vertex   7.450963e+01 8.955142e+00 5.600000e+01
      vertex   7.600605e+01 8.955142e+00 5.573095e+01
    endloop
  endfacet
  facet normal 0.000000e+00 1.000000e+00 0.000000e+00
    outer loop
      vertex   7.600605e+01 8.955142e+00 5.573095e+01
      vertex   7.450963e+01 8.955142e+00 5.600000e+01
      vertex   7.594479e+01 8.955142e+00 5.615407e+01
    endloop
  endfacet
  facet normal 0.000000e+00 1.000000e+00 0.000000e+00
    outer loop
      vertex   7.594479e+01 8.955142e+00 5.615407e+01
      vertex   7.450963e+01 8.955142e+00 5.600000e+01
      vertex   7.580943e+01 8.955142e+00 5.655962e+01
    endloop
  endfacet
  facet normal 0.000000e+00 0.000000e+00 -1.000000e+00
    outer loop
      vertex   7.068148e+01 8.955142e+00 4.600000e+01
      vertex   7.300963e+01 8.955142e+00 4.600000e+01
      vertex   7.068148e+01 5.555142e+00 4.600000e+01
    endloop
  endfacet
  facet normal 0.000000e+00 0.000000e+00 -1.000000e+00
    outer loop
      vertex   7.068148e+01 5.555142e+00 4.600000e+01
      vertex   7.300963e+01 8.955142e+00 4.600000e+01
      vertex   7.300963e+01 5.555142e+00 4.600000e+01
    endloop
  endfacet
  facet normal 9.914449e-01 0.000000e+00 -1.305262e-01
    outer loop
      vertex   7.300963e+01 5.555142e+00 4.600000e+01
      vertex   7.300963e+01 8.955142e+00 4.600000e+01
      vertex   7.303007e+01 5.555142e+00 4.615529e+01
    endloop
  endfacet
  facet normal 9.914449e-01 0.000000e+00 -1.305262e-01
    outer loop
      vertex   7.303007e+01 5.555142e+00 4.615529e+01
      vertex   7.300963e+01 8.955142e+00 4.600000e+01
      vertex   7.303007e+01 8.955142e+00 4.615529e+01
    endloop
  endfacet
  facet normal 9.238795e-01 0.000000e+00 -3.826834e-01
    outer loop
      vertex   7.303007e+01 5.555142e+00 4.615529e+01
      vertex   7.303007e+01 8.955142e+00 4.615529e+01
      vertex   7.309001e+01 5.555142e+00 4.630000e+01
    endloop
  endfacet
  facet normal 9.238795e-01 0.000000e+00 -3.826834e-01
    outer loop
      vertex   7.309001e+01 5.555142e+00 4.630000e+01
      vertex   7.303007e+01 8.955142e+00 4.615529e+01
      vertex   7.309001e+01 8.955142e+00 4.630000e+01
    endloop
  endfacet
  facet normal 7.933533e-01 0.000000e+00 -6.087614e-01
    outer loop
      vertex   7.309001e+01 5.555142e+00 4.630000e+01
      vertex   7.309001e+01 8.955142e+00 4.630000e+01
      vertex   7.318536e+01 5.555142e+00 4.642426e+01
    endloop
  endfacet
  facet normal 7.933533e-01 0.000000e+00 -6.087614e-01
    outer loop
      vertex   7.318536e+01 5.555142e+00 4.642426e+01
      vertex   7.309001e+01 8.955142e+00 4.630000e+01
      vertex   7.318536e+01 8.955142e+00 4.642426e+01
    endloop
  endfacet
  facet normal 6.087614e-01 0.000000e+00 -7.933533e-01
    outer loop
      vertex   7.318536e+01 5.555142e+00 4.642426e+01
      vertex   7.318536e+01 8.955142e+00 4.642426e+01
      vertex   7.330963e+01 5.555142e+00 4.651962e+01
    endloop
  endfacet
  facet normal 6.087614e-01 0.000000e+00 -7.933533e-01
    outer loop
      vertex   7.330963e+01 5.555142e+00 4.651962e+01
      vertex   7.318536e+01 8.955142e+00 4.642426e+01
      vertex   7.330963e+01 8.955142e+00 4.651962e+01
    endloop
  endfacet
  facet normal 3.826834e-01 0.000000e+00 -9.238795e-01
    outer loop
      vertex   7.330963e+01 5.555142e+00 4.651962e+01
      vertex   7.330963e+01 8.955142e+00 4.651962e+01
      vertex   7.345434e+01 5.555142e+00 4.657956e+01
    endloop
  endfacet
  facet normal 3.826834e-01 0.000000e+00 -9.238795e-01
    outer loop
      vertex   7.345434e+01 5.555142e+00 4.657956e+01
      vertex   7.330963e+01 8.955142e+00 4.651962e+01
      vertex   7.345434e+01 8.955142e+00 4.657956e+01
    endloop
  endfacet
  facet normal 1.305262e-01 0.000000e+00 -9.914449e-01
    outer loop
      vertex   7.345434e+01 5.555142e+00 4.657956e+01
      vertex   7.345434e+01 8.955142e+00 4.657956e+01
      vertex   7.360963e+01 5.555142e+00 4.660000e+01
    endloop
  endfacet
  facet normal 1.305262e-01 0.000000e+00 -9.914449e-01
    outer loop
      vertex   7.360963e+01 5.555142e+00 4.660000e+01
      vertex   7.345434e+01 8.955142e+00 4.657956e+01
      vertex   7.360963e+01 8.955142e+00 4.660000e+01
    endloop
  endfacet
  facet normal -1.305262e-01 0.000000e+00 -9.914449e-01
    outer loop
      vertex   7.360963e+01 5.555142e+00 4.660000e+01
      vertex   7.360963e+01 8.955142e+00 4.660000e+01
      vertex   7.376492e+01 5.555142e+00 4.657956e+01
    endloop
  endfacet
  facet normal -1.305262e-01 0.000000e+00 -9.914449e-01
    outer loop
      vertex   7.376492e+01 5.555142e+00 4.657956e+01
      vertex   7.360963e+01 8.955142e+00 4.660000e+01
      vertex   7.376492e+01 8.955142e+00 4.657956e+01
    endloop
  endfacet
  facet normal -3.826834e-01 0.000000e+00 -9.238795e-01
    outer loop
      vertex   7.376492e+01 5.555142e+00 4.657956e+01
      vertex   7.376492e+01 8.955142e+00 4.657956e+01
      vertex   7.390963e+01 5.555142e+00 4.651962e+01
    endloop
  endfacet
  facet normal -3.826834e-01 0.000000e+00 -9.238795e-01
    outer loop
      vertex   7.390963e+01 5.555142e+00 4.651962e+01
      vertex   7.376492e+01 8.955142e+00 4.657956e+01
      vertex   7.390963e+01 8.955142e+00 4.651962e+01
    endloop
  endfacet
  facet normal -6.087614e-01 0.000000e+00 -7.933533e-01
    outer loop
      vertex   7.390963e+01 5.555142e+00 4.651962e+01
      vertex   7.390963e+01 8.955142e+00 4.651962e+01
      vertex   7.403389e+01 5.555142e+00 4.642426e+01
    endloop
  endfacet
  facet normal -6.087614e-01 0.000000e+00 -7.933533e-01
    outer loop
      vertex   7.403389e+01 5.555142e+00 4.642426e+01
      vertex   7.390963e+01 8.955142e+00 4.651962e+01
      vertex   7.403389e+01 8.955142e+00 4.642426e+01
    endloop
  endfacet
  facet normal -7.933533e-01 0.000000e+00 -6.087614e-01
    outer loop
      vertex   7.403389e+01 5.555142e+00 4.642426e+01
      vertex   7.403389e+01 8.955142e+00 4.642426e+01
      vertex   7.412924e+01 5.555142e+00 4.630000e+01
    endloop
  endfacet
  facet normal -7.933533e-01 0.000000e+00 -6.087614e-01
    outer loop
      vertex   7.412924e+01 5.555142e+00 4.630000e+01
      vertex   7.403389e+01 8.955142e+00 4.642426e+01
      vertex   7.412924e+01 8.955142e+00 4.630000e+01
    endloop
  endfacet
  facet normal -9.238795e-01 0.000000e+00 -3.826834e-01
    outer loop
      vertex   7.412924e+01 5.555142e+00 4.630000e+01
      vertex   7.412924e+01 8.955142e+00 4.630000e+01
      vertex   7.418918e+01 5.555142e+00 4.615529e+01
    endloop
  endfacet
  facet normal -9.238795e-01 0.000000e+00 -3.826834e-01
    outer loop
      vertex   7.418918e+01 5.555142e+00 4.615529e+01
      vertex   7.412924e+01 8.955142e+00 4.630000e+01
      vertex   7.418918e+01 8.955142e+00 4.615529e+01
    endloop
  endfacet
  facet normal -9.914449e-01 0.000000e+00 -1.305262e-01
    outer loop
      vertex   7.418918e+01 5.555142e+00 4.615529e+01
      vertex   7.418918e+01 8.955142e+00 4.615529e+01
      vertex   7.420963e+01 5.555142e+00 4.600000e+01
    endloop
  endfacet
  facet normal -9.914449e-01 0.000000e+00 -1.305262e-01
    outer loop
      vertex   7.420963e+01 5.555142e+00 4.600000e+01
      vertex   7.418918e+01 8.955142e+00 4.615529e+01
      vertex   7.420963e+01 8.955142e+00 4.600000e+01
    endloop
  endfacet
  facet normal 0.000000e+00 0.000000e+00 -1.000000e+00
    outer loop
      vertex   7.420963e+01 8.955142e+00 4.600000e+01
      vertex   7.653778e+01 8.955142e+00 4.600000e+01
      vertex   7.420963e+01 5.555142e+00 4.600000e+01
    endloop
  endfacet
  facet normal 0.000000e+00 0.000000e+00 -1.000000e+00
    outer loop
      vertex   7.420963e+01 5.555142e+00 4.600000e+01
      vertex   7.653778e+01 8.955142e+00 4.600000e+01
      vertex   7.653778e+01 5.555142e+00 4.600000e+01
    endloop
  endfacet
  facet normal -9.914449e-01 0.000000e+00 -1.305262e-01
    outer loop
      vertex   7.447896e+01 5.555142e+00 5.223294e+01
      vertex   7.447896e+01 8.955142e+00 5.223294e+01
      vertex   7.450963e+01 5.555142e+00 5.200000e+01
    endloop
  endfacet
  facet normal -9.914449e-01 0.000000e+00 -1.305262e-01
    outer loop
      vertex   7.450963e+01 5.555142e+00 5.200000e+01
      vertex   7.447896e+01 8.955142e+00 5.223294e+01
      vertex   7.450963e+01 8.955142e+00 5.200000e+01
    endloop
  endfacet
  facet normal -9.914449e-01 0.000000e+00 1.305262e-01
    outer loop
      vertex   7.450963e+01 5.555142e+00 5.200000e+01
      vertex   7.450963e+01 8.955142e+00 5.200000e+01
      vertex   7.447896e+01 5.555142e+00 5.176706e+01
    endloop
  endfacet
  facet normal -9.914449e-01 0.000000e+00 1.305262e-01
    outer loop
      vertex   7.447896e+01 5.555142e+00 5.176706e+01
      vertex   7.450963e+01 8.955142e+00 5.200000e+01
      vertex   7.447896e+01 8.955142e+00 5.176706e+01
    endloop
  endfacet
  facet normal -9.238795e-01 0.000000e+00 3.826834e-01
    outer loop
      vertex   7.447896e+01 5.555142e+00 5.176706e+01
      vertex   7.447896e+01 8.955142e+00 5.176706e+01
      vertex   7.438905e+01 5.555142e+00 5.155000e+01
    endloop
  endfacet
  facet normal -9.238795e-01 0.000000e+00 3.826834e-01
    outer loop
      vertex   7.438905e+01 5.555142e+00 5.155000e+01
      vertex   7.447896e+01 8.955142e+00 5.176706e+01
      vertex   7.438905e+01 8.955142e+00 5.155000e+01
    endloop
  endfacet
  facet normal -7.933533e-01 0.000000e+00 6.087614e-01
    outer loop
      vertex   7.438905e+01 5.555142e+00 5.155000e+01
      vertex   7.438905e+01 8.955142e+00 5.155000e+01
      vertex   7.424602e+01 5.555142e+00 5.136360e+01
    endloop
  endfacet
  facet normal -7.933533e-01 0.000000e+00 6.087614e-01
    outer loop
      vertex   7.424602e+01 5.555142e+00 5.136360e+01
      vertex   7.438905e+01 8.955142e+00 5.155000e+01
      vertex   7.424602e+01 8.955142e+00 5.136360e+01
    endloop
  endfacet
  facet normal -6.087614e-01 0.000000e+00 7.933533e-01
    outer loop
      vertex   7.424602e+01 5.555142e+00 5.136360e+01
      vertex   7.424602e+01 8.955142e+00 5.136360e+01
      vertex   7.405963e+01 5.555142e+00 5.122058e+01
    endloop
  endfacet
  facet normal -6.087614e-01 0.000000e+00 7.933533e-01
    outer loop
      vertex   7.405963e+01 5.555142e+00 5.122058e+01
      vertex   7.424602e+01 8.955142e+00 5.136360e+01
      vertex   7.405963e+01 8.955142e+00 5.122058e+01
    endloop
  endfacet
  facet normal -3.826834e-01 0.000000e+00 9.238795e-01
    outer loop
      vertex   7.405963e+01 5.555142e+00 5.122058e+01
      vertex   7.405963e+01 8.955142e+00 5.122058e+01
      vertex   7.384257e+01 5.555142e+00 5.113067e+01
    endloop
  endfacet
  facet normal -3.826834e-01 1.930753e-15 9.238795e-01
    outer loop
      vertex   7.384257e+01 5.555142e+00 5.113067e+01
      vertex   7.405963e+01 8.955142e+00 5.122058e+01
      vertex   7.384257e+01 8.955142e+00 5.113067e+01
    endloop
  endfacet
  facet normal -1.305262e-01 2.071953e-15 9.914449e-01
    outer loop
      vertex   7.384257e+01 5.555142e+00 5.113067e+01
      vertex   7.384257e+01 8.955142e+00 5.113067e+01
      vertex   7.360963e+01 5.555142e+00 5.110000e+01
    endloop
  endfacet
  facet normal -1.305262e-01 0.000000e+00 9.914449e-01
    outer loop
      vertex   7.360963e+01 5.555142e+00 5.110000e+01
      vertex   7.384257e+01 8.955142e+00 5.113067e+01
      vertex   7.360963e+01 8.955142e+00 5.110000e+01
    endloop
  endfacet
  facet normal 1.305262e-01 -0.000000e+00 9.914449e-01
    outer loop
      vertex   7.360963e+01 5.555142e+00 5.110000e+01
      vertex   7.360963e+01 8.955142e+00 5.110000e+01
      vertex   7.337669e+01 5.555142e+00 5.113067e+01
    endloop
  endfacet
  facet normal 1.305262e-01 -0.000000e+00 9.914449e-01
    outer loop
      vertex   7.337669e+01 5.555142e+00 5.113067e+01
      vertex   7.360963e+01 8.955142e+00 5.110000e+01
      vertex   7.337669e+01 8.955142e+00 5.113067e+01
    endloop
  endfacet
  facet normal 3.826834e-01 -0.000000e+00 9.238795e-01
    outer loop
      vertex   7.337669e+01 5.555142e+00 5.113067e+01
      vertex   7.337669e+01 8.955142e+00 5.113067e+01
      vertex   7.315963e+01 5.555142e+00 5.122058e+01
    endloop
  endfacet
  facet normal 3.826834e-01 -0.000000e+00 9.238795e-01
    outer loop
      vertex   7.315963e+01 5.555142e+00 5.122058e+01
      vertex   7.337669e+01 8.955142e+00 5.113067e+01
      vertex   7.315963e+01 8.955142e+00 5.122058e+01
    endloop
  endfacet
  facet normal 6.087614e-01 -0.000000e+00 7.933533e-01
    outer loop
      vertex   7.315963e+01 5.555142e+00 5.122058e+01
      vertex   7.315963e+01 8.955142e+00 5.122058e+01
      vertex   7.297323e+01 5.555142e+00 5.136360e+01
    endloop
  endfacet
  facet normal 6.087614e-01 -0.000000e+00 7.933533e-01
    outer loop
      vertex   7.297323e+01 5.555142e+00 5.136360e+01
      vertex   7.315963e+01 8.955142e+00 5.122058e+01
      vertex   7.297323e+01 8.955142e+00 5.136360e+01
    endloop
  endfacet
  facet normal 7.933533e-01 -0.000000e+00 6.087614e-01
    outer loop
      vertex   7.297323e+01 5.555142e+00 5.136360e+01
      vertex   7.297323e+01 8.955142e+00 5.136360e+01
      vertex   7.283021e+01 5.555142e+00 5.155000e+01
    endloop
  endfacet
  facet normal 7.933533e-01 -0.000000e+00 6.087614e-01
    outer loop
      vertex   7.283021e+01 5.555142e+00 5.155000e+01
      vertex   7.297323e+01 8.955142e+00 5.136360e+01
      vertex   7.283021e+01 8.955142e+00 5.155000e+01
    endloop
  endfacet
  facet normal 9.238795e-01 -0.000000e+00 3.826834e-01
    outer loop
      vertex   7.283021e+01 5.555142e+00 5.155000e+01
      vertex   7.283021e+01 8.955142e+00 5.155000e+01
      vertex   7.274029e+01 5.555142e+00 5.176706e+01
    endloop
  endfacet
  facet normal 9.238795e-01 -0.000000e+00 3.826834e-01
    outer loop
      vertex   7.274029e+01 5.555142e+00 5.176706e+01
      vertex   7.283021e+01 8.955142e+00 5.155000e+01
      vertex   7.274029e+01 8.955142e+00 5.176706e+01
    endloop
  endfacet
  facet normal 9.914449e-01 -0.000000e+00 1.305262e-01
    outer loop
      vertex   7.274029e+01 5.555142e+00 5.176706e+01
      vertex   7.274029e+01 8.955142e+00 5.176706e+01
      vertex   7.270963e+01 5.555142e+00 5.200000e+01
    endloop
  endfacet
  facet normal 9.914449e-01 -0.000000e+00 1.305262e-01
    outer loop
      vertex   7.270963e+01 5.555142e+00 5.200000e+01
      vertex   7.274029e+01 8.955142e+00 5.176706e+01
      vertex   7.270963e+01 8.955142e+00 5.200000e+01
    endloop
  endfacet
  facet normal 9.914449e-01 0.000000e+00 -1.305262e-01
    outer loop
      vertex   7.270963e+01 5.555142e+00 5.200000e+01
      vertex   7.270963e+01 8.955142e+00 5.200000e+01
      vertex   7.274029e+01 5.555142e+00 5.223294e+01
    endloop
  endfacet
  facet normal 9.914449e-01 0.000000e+00 -1.305262e-01
    outer loop
      vertex   7.274029e+01 5.555142e+00 5.223294e+01
      vertex   7.270963e+01 8.955142e+00 5.200000e+01
      vertex   7.274029e+01 8.955142e+00 5.223294e+01
    endloop
  endfacet
  facet normal 9.238795e-01 0.000000e+00 -3.826834e-01
    outer loop
      vertex   7.274029e+01 5.555142e+00 5.223294e+01
      vertex   7.274029e+01 8.955142e+00 5.223294e+01
      vertex   7.283021e+01 5.555142e+00 5.245000e+01
    endloop
  endfacet
  facet normal 9.238795e-01 0.000000e+00 -3.826834e-01
    outer loop
      vertex   7.283021e+01 5.555142e+00 5.245000e+01
      vertex   7.274029e+01 8.955142e+00 5.223294e+01
      vertex   7.283021e+01 8.955142e+00 5.245000e+01
    endloop
  endfacet
  facet normal 7.933533e-01 0.000000e+00 -6.087614e-01
    outer loop
      vertex   7.283021e+01 5.555142e+00 5.245000e+01
      vertex   7.283021e+01 8.955142e+00 5.245000e+01
      vertex   7.297323e+01 5.555142e+00 5.263640e+01
    endloop
  endfacet
  facet normal 7.933533e-01 0.000000e+00 -6.087614e-01
    outer loop
      vertex   7.297323e+01 5.555142e+00 5.263640e+01
      vertex   7.283021e+01 8.955142e+00 5.245000e+01
      vertex   7.297323e+01 8.955142e+00 5.263640e+01
    endloop
  endfacet
  facet normal 6.087614e-01 0.000000e+00 -7.933533e-01
    outer loop
      vertex   7.297323e+01 5.555142e+00 5.263640e+01
      vertex   7.297323e+01 8.955142e+00 5.263640e+01
      vertex   7.315963e+01 5.555142e+00 5.277942e+01
    endloop
  endfacet
  facet normal 6.087614e-01 0.000000e+00 -7.933533e-01
    outer loop
      vertex   7.315963e+01 5.555142e+00 5.277942e+01
      vertex   7.297323e+01 8.955142e+00 5.263640e+01
      vertex   7.315963e+01 8.955142e+00 5.277942e+01
    endloop
  endfacet
  facet normal 3.826834e-01 0.000000e+00 -9.238795e-01
    outer loop
      vertex   7.315963e+01 5.555142e+00 5.277942e+01
      vertex   7.315963e+01 8.955142e+00 5.277942e+01
      vertex   7.337669e+01 5.555142e+00 5.286933e+01
    endloop
  endfacet
  facet normal 3.826834e-01 0.000000e+00 -9.238795e-01
    outer loop
      vertex   7.337669e+01 5.555142e+00 5.286933e+01
      vertex   7.315963e+01 8.955142e+00 5.277942e+01
      vertex   7.337669e+01 8.955142e+00 5.286933e+01
    endloop
  endfacet
  facet normal 1.305262e-01 0.000000e+00 -9.914449e-01
    outer loop
      vertex   7.337669e+01 5.555142e+00 5.286933e+01
      vertex   7.337669e+01 8.955142e+00 5.286933e+01
      vertex   7.360963e+01 5.555142e+00 5.290000e+01
    endloop
  endfacet
  facet normal 1.305262e-01 0.000000e+00 -9.914449e-01
    outer loop
      vertex   7.360963e+01 5.555142e+00 5.290000e+01
      vertex   7.337669e+01 8.955142e+00 5.286933e+01
      vertex   7.360963e+01 8.955142e+00 5.290000e+01
    endloop
  endfacet
  facet normal -1.305262e-01 0.000000e+00 -9.914449e-01
    outer loop
      vertex   7.360963e+01 5.555142e+00 5.290000e+01
      vertex   7.360963e+01 8.955142e+00 5.290000e+01
      vertex   7.384257e+01 5.555142e+00 5.286933e+01
    endloop
  endfacet
  facet normal -1.305262e-01 -2.071953e-15 -9.914449e-01
    outer loop
      vertex   7.384257e+01 5.555142e+00 5.286933e+01
      vertex   7.360963e+01 8.955142e+00 5.290000e+01
      vertex   7.384257e+01 8.955142e+00 5.286933e+01
    endloop
  endfacet
  facet normal -3.826834e-01 -1.930753e-15 -9.238795e-01
    outer loop
      vertex   7.384257e+01 5.555142e+00 5.286933e+01
      vertex   7.384257e+01 8.955142e+00 5.286933e+01
      vertex   7.405963e+01 5.555142e+00 5.277942e+01
    endloop
  endfacet
  facet normal -3.826834e-01 0.000000e+00 -9.238795e-01
    outer loop
      vertex   7.405963e+01 5.555142e+00 5.277942e+01
      vertex   7.384257e+01 8.955142e+00 5.286933e+01
      vertex   7.405963e+01 8.955142e+00 5.277942e+01
    endloop
  endfacet
  facet normal -6.087614e-01 0.000000e+00 -7.933533e-01
    outer loop
      vertex   7.405963e+01 5.555142e+00 5.277942e+01
      vertex   7.405963e+01 8.955142e+00 5.277942e+01
      vertex   7.424602e+01 5.555142e+00 5.263640e+01
    endloop
  endfacet
  facet normal -6.087614e-01 0.000000e+00 -7.933533e-01
    outer loop
      vertex   7.424602e+01 5.555142e+00 5.263640e+01
      vertex   7.405963e+01 8.955142e+00 5.277942e+01
      vertex   7.424602e+01 8.955142e+00 5.263640e+01
    endloop
  endfacet
  facet normal -7.933533e-01 0.000000e+00 -6.087614e-01
    outer loop
      vertex   7.424602e+01 5.555142e+00 5.263640e+01
      vertex   7.424602e+01 8.955142e+00 5.263640e+01
      vertex   7.438905e+01 5.555142e+00 5.245000e+01
    endloop
  endfacet
  facet normal -7.933533e-01 0.000000e+00 -6.087614e-01
    outer loop
      vertex   7.438905e+01 5.555142e+00 5.245000e+01
      vertex   7.424602e+01 8.955142e+00 5.263640e+01
      vertex   7.438905e+01 8.955142e+00 5.245000e+01
    endloop
  endfacet
  facet normal -9.238795e-01 0.000000e+00 -3.826834e-01
    outer loop
      vertex   7.438905e+01 5.555142e+00 5.245000e+01
      vertex   7.438905e+01 8.955142e+00 5.245000e+01
      vertex   7.447896e+01 5.555142e+00 5.223294e+01
    endloop
  endfacet
  facet normal -9.238795e-01 0.000000e+00 -3.826834e-01
    outer loop
      vertex   7.447896e+01 5.555142e+00 5.223294e+01
      vertex   7.438905e+01 8.955142e+00 5.245000e+01
      vertex   7.447896e+01 8.955142e+00 5.223294e+01
    endloop
  endfacet
  facet normal -9.914449e-01 0.000000e+00 -1.305262e-01
    outer loop
      vertex   7.447896e+01 5.555142e+00 4.823294e+01
      vertex   7.447896e+01 8.955142e+00 4.823294e+01
      vertex   7.450963e+01 5.555142e+00 4.800000e+01
    endloop
  endfacet
  facet normal -9.914449e-01 0.000000e+00 -1.305262e-01
    outer loop
      vertex   7.450963e+01 5.555142e+00 4.800000e+01
      vertex   7.447896e+01 8.955142e+00 4.823294e+01
      vertex   7.450963e+01 8.955142e+00 4.800000e+01
    endloop
  endfacet
  facet normal -9.914449e-01 0.000000e+00 1.305262e-01
    outer loop
      vertex   7.450963e+01 5.555142e+00 4.800000e+01
      vertex   7.450963e+01 8.955142e+00 4.800000e+01
      vertex   7.447896e+01 5.555142e+00 4.776706e+01
    endloop
  endfacet
  facet normal -9.914449e-01 0.000000e+00 1.305262e-01
    outer loop
      vertex   7.447896e+01 5.555142e+00 4.776706e+01
      vertex   7.450963e+01 8.955142e+00 4.800000e+01
      vertex   7.447896e+01 8.955142e+00 4.776706e+01
    endloop
  endfacet
  facet normal -9.238795e-01 0.000000e+00 3.826834e-01
    outer loop
      vertex   7.447896e+01 5.555142e+00 4.776706e+01
      vertex   7.447896e+01 8.955142e+00 4.776706e+01
      vertex   7.438905e+01 5.555142e+00 4.755000e+01
    endloop
  endfacet
  facet normal -9.238795e-01 0.000000e+00 3.826834e-01
    outer loop
      vertex   7.438905e+01 5.555142e+00 4.755000e+01
      vertex   7.447896e+01 8.955142e+00 4.776706e+01
      vertex   7.438905e+01 8.955142e+00 4.755000e+01
    endloop
  endfacet
  facet normal -7.933533e-01 0.000000e+00 6.087614e-01
    outer loop
      vertex   7.438905e+01 5.555142e+00 4.755000e+01
      vertex   7.438905e+01 8.955142e+00 4.755000e+01
      vertex   7.424602e+01 5.555142e+00 4.736360e+01
    endloop
  endfacet
  facet normal -7.933533e-01 0.000000e+00 6.087614e-01
    outer loop
      vertex   7.424602e+01 5.555142e+00 4.736360e+01
      vertex   7.438905e+01 8.955142e+00 4.755000e+01
      vertex   7.424602e+01 8.955142e+00 4.736360e+01
    endloop
  endfacet
  facet normal -6.087614e-01 0.000000e+00 7.933533e-01
    outer loop
      vertex   7.424602e+01 5.555142e+00 4.736360e+01
      vertex   7.424602e+01 8.955142e+00 4.736360e+01
      vertex   7.405963e+01 5.555142e+00 4.722058e+01
    endloop
  endfacet
  facet normal -6.087614e-01 0.000000e+00 7.933533e-01
    outer loop
      vertex   7.405963e+01 5.555142e+00 4.722058e+01
      vertex   7.424602e+01 8.955142e+00 4.736360e+01
      vertex   7.405963e+01 8.955142e+00 4.722058e+01
    endloop
  endfacet
  facet normal -3.826834e-01 0.000000e+00 9.238795e-01
    outer loop
      vertex   7.405963e+01 5.555142e+00 4.722058e+01
      vertex   7.405963e+01 8.955142e+00 4.722058e+01
      vertex   7.384257e+01 5.555142e+00 4.713067e+01
    endloop
  endfacet
  facet normal -3.826834e-01 1.930753e-15 9.238795e-01
    outer loop
      vertex   7.384257e+01 5.555142e+00 4.713067e+01
      vertex   7.405963e+01 8.955142e+00 4.722058e+01
      vertex   7.384257e+01 8.955142e+00 4.713067e+01
    endloop
  endfacet
  facet normal -1.305262e-01 2.071953e-15 9.914449e-01
    outer loop
      vertex   7.384257e+01 5.555142e+00 4.713067e+01
      vertex   7.384257e+01 8.955142e+00 4.713067e+01
      vertex   7.360963e+01 5.555142e+00 4.710000e+01
    endloop
  endfacet
  facet normal -1.305262e-01 0.000000e+00 9.914449e-01
    outer loop
      vertex   7.360963e+01 5.555142e+00 4.710000e+01
      vertex   7.384257e+01 8.955142e+00 4.713067e+01
      vertex   7.360963e+01 8.955142e+00 4.710000e+01
    endloop
  endfacet
  facet normal 1.305262e-01 -0.000000e+00 9.914449e-01
    outer loop
      vertex   7.360963e+01 5.555142e+00 4.710000e+01
      vertex   7.360963e+01 8.955142e+00 4.710000e+01
      vertex   7.337669e+01 5.555142e+00 4.713067e+01
    endloop
  endfacet
  facet normal 1.305262e-01 -0.000000e+00 9.914449e-01
    outer loop
      vertex   7.337669e+01 5.555142e+00 4.713067e+01
      vertex   7.360963e+01 8.955142e+00 4.710000e+01
      vertex   7.337669e+01 8.955142e+00 4.713067e+01
    endloop
  endfacet
  facet normal 3.826834e-01 -0.000000e+00 9.238795e-01
    outer loop
      vertex   7.337669e+01 5.555142e+00 4.713067e+01
      vertex   7.337669e+01 8.955142e+00 4.713067e+01
      vertex   7.315963e+01 5.555142e+00 4.722058e+01
    endloop
  endfacet
  facet normal 3.826834e-01 -0.000000e+00 9.238795e-01
    outer loop
      vertex   7.315963e+01 5.555142e+00 4.722058e+01
      vertex   7.337669e+01 8.955142e+00 4.713067e+01
      vertex   7.315963e+01 8.955142e+00 4.722058e+01
    endloop
  endfacet
  facet normal 6.087614e-01 -0.000000e+00 7.933533e-01
    outer loop
      vertex   7.315963e+01 5.555142e+00 4.722058e+01
      vertex   7.315963e+01 8.955142e+00 4.722058e+01
      vertex   7.297323e+01 5.555142e+00 4.736360e+01
    endloop
  endfacet
  facet normal 6.087614e-01 -0.000000e+00 7.933533e-01
    outer loop
      vertex   7.297323e+01 5.555142e+00 4.736360e+01
      vertex   7.315963e+01 8.955142e+00 4.722058e+01
      vertex   7.297323e+01 8.955142e+00 4.736360e+01
    endloop
  endfacet
  facet normal 7.933533e-01 -0.000000e+00 6.087614e-01
    outer loop
      vertex   7.297323e+01 5.555142e+00 4.736360e+01
      vertex   7.297323e+01 8.955142e+00 4.736360e+01
      vertex   7.283021e+01 5.555142e+00 4.755000e+01
    endloop
  endfacet
  facet normal 7.933533e-01 -0.000000e+00 6.087614e-01
    outer loop
      vertex   7.283021e+01 5.555142e+00 4.755000e+01
      vertex   7.297323e+01 8.955142e+00 4.736360e+01
      vertex   7.283021e+01 8.955142e+00 4.755000e+01
    endloop
  endfacet
  facet normal 9.238795e-01 -0.000000e+00 3.826834e-01
    outer loop
      vertex   7.283021e+01 5.555142e+00 4.755000e+01
      vertex   7.283021e+01 8.955142e+00 4.755000e+01
      vertex   7.274029e+01 5.555142e+00 4.776706e+01
    endloop
  endfacet
  facet normal 9.238795e-01 -0.000000e+00 3.826834e-01
    outer loop
      vertex   7.274029e+01 5.555142e+00 4.776706e+01
      vertex   7.283021e+01 8.955142e+00 4.755000e+01
      vertex   7.274029e+01 8.955142e+00 4.776706e+01
    endloop
  endfacet
  facet normal 9.914449e-01 -0.000000e+00 1.305262e-01
    outer loop
      vertex   7.274029e+01 5.555142e+00 4.776706e+01
      vertex   7.274029e+01 8.955142e+00 4.776706e+01
      vertex   7.270963e+01 5.555142e+00 4.800000e+01
    endloop
  endfacet
  facet normal 9.914449e-01 -0.000000e+00 1.305262e-01
    outer loop
      vertex   7.270963e+01 5.555142e+00 4.800000e+01
      vertex   7.274029e+01 8.955142e+00 4.776706e+01
      vertex   7.270963e+01 8.955142e+00 4.800000e+01
    endloop
  endfacet
  facet normal 9.914449e-01 0.000000e+00 -1.305262e-01
    outer loop
      vertex   7.270963e+01 5.555142e+00 4.800000e+01
      vertex   7.270963e+01 8.955142e+00 4.800000e+01
      vertex   7.274029e+01 5.555142e+00 4.823294e+01
    endloop
  endfacet
  facet normal 9.914449e-01 0.000000e+00 -1.305262e-01
    outer loop
      vertex   7.274029e+01 5.555142e+00 4.823294e+01
      vertex   7.270963e+01 8.955142e+00 4.800000e+01
      vertex   7.274029e+01 8.955142e+00 4.823294e+01
    endloop
  endfacet
  facet normal 9.238795e-01 0.000000e+00 -3.826834e-01
    outer loop
      vertex   7.274029e+01 5.555142e+00 4.823294e+01
      vertex   7.274029e+01 8.955142e+00 4.823294e+01
      vertex   7.283021e+01 5.555142e+00 4.845000e+01
    endloop
  endfacet
  facet normal 9.238795e-01 0.000000e+00 -3.826834e-01
    outer loop
      vertex   7.283021e+01 5.555142e+00 4.845000e+01
      vertex   7.274029e+01 8.955142e+00 4.823294e+01
      vertex   7.283021e+01 8.955142e+00 4.845000e+01
    endloop
  endfacet
  facet normal 7.933533e-01 0.000000e+00 -6.087614e-01
    outer loop
      vertex   7.283021e+01 5.555142e+00 4.845000e+01
      vertex   7.283021e+01 8.955142e+00 4.845000e+01
      vertex   7.297323e+01 5.555142e+00 4.863640e+01
    endloop
  endfacet
  facet normal 7.933533e-01 0.000000e+00 -6.087614e-01
    outer loop
      vertex   7.297323e+01 5.555142e+00 4.863640e+01
      vertex   7.283021e+01 8.955142e+00 4.845000e+01
      vertex   7.297323e+01 8.955142e+00 4.863640e+01
    endloop
  endfacet
  facet normal 6.087614e-01 0.000000e+00 -7.933533e-01
    outer loop
      vertex   7.297323e+01 5.555142e+00 4.863640e+01
      vertex   7.297323e+01 8.955142e+00 4.863640e+01
      vertex   7.315963e+01 5.555142e+00 4.877942e+01
    endloop
  endfacet
  facet normal 6.087614e-01 0.000000e+00 -7.933533e-01
    outer loop
      vertex   7.315963e+01 5.555142e+00 4.877942e+01
      vertex   7.297323e+01 8.955142e+00 4.863640e+01
      vertex   7.315963e+01 8.955142e+00 4.877942e+01
    endloop
  endfacet
  facet normal 3.826834e-01 0.000000e+00 -9.238795e-01
    outer loop
      vertex   7.315963e+01 5.555142e+00 4.877942e+01
      vertex   7.315963e+01 8.955142e+00 4.877942e+01
      vertex   7.337669e+01 5.555142e+00 4.886933e+01
    endloop
  endfacet
  facet normal 3.826834e-01 0.000000e+00 -9.238795e-01
    outer loop
      vertex   7.337669e+01 5.555142e+00 4.886933e+01
      vertex   7.315963e+01 8.955142e+00 4.877942e+01
      vertex   7.337669e+01 8.955142e+00 4.886933e+01
    endloop
  endfacet
  facet normal 1.305262e-01 0.000000e+00 -9.914449e-01
    outer loop
      vertex   7.337669e+01 5.555142e+00 4.886933e+01
      vertex   7.337669e+01 8.955142e+00 4.886933e+01
      vertex   7.360963e+01 5.555142e+00 4.890000e+01
    endloop
  endfacet
  facet normal 1.305262e-01 0.000000e+00 -9.914449e-01
    outer loop
      vertex   7.360963e+01 5.555142e+00 4.890000e+01
      vertex   7.337669e+01 8.955142e+00 4.886933e+01
      vertex   7.360963e+01 8.955142e+00 4.890000e+01
    endloop
  endfacet
  facet normal -1.305262e-01 0.000000e+00 -9.914449e-01
    outer loop
      vertex   7.360963e+01 5.555142e+00 4.890000e+01
      vertex   7.360963e+01 8.955142e+00 4.890000e+01
      vertex   7.384257e+01 5.555142e+00 4.886933e+01
    endloop
  endfacet
  facet normal -1.305262e-01 -2.071953e-15 -9.914449e-01
    outer loop
      vertex   7.384257e+01 5.555142e+00 4.886933e+01
      vertex   7.360963e+01 8.955142e+00 4.890000e+01
      vertex   7.384257e+01 8.955142e+00 4.886933e+01
    endloop
  endfacet
  facet normal -3.826834e-01 -1.930753e-15 -9.238795e-01
    outer loop
      vertex   7.384257e+01 5.555142e+00 4.886933e+01
      vertex   7.384257e+01 8.955142e+00 4.886933e+01
      vertex   7.405963e+01 5.555142e+00 4.877942e+01
    endloop
  endfacet
  facet normal -3.826834e-01 0.000000e+00 -9.238795e-01
    outer loop
      vertex   7.405963e+01 5.555142e+00 4.877942e+01
      vertex   7.384257e+01 8.955142e+00 4.886933e+01
      vertex   7.405963e+01 8.955142e+00 4.877942e+01
    endloop
  endfacet
  facet normal -6.087614e-01 0.000000e+00 -7.933533e-01
    outer loop
      vertex   7.405963e+01 5.555142e+00 4.877942e+01
      vertex   7.405963e+01 8.955142e+00 4.877942e+01
      vertex   7.424602e+01 5.555142e+00 4.863640e+01
    endloop
  endfacet
  facet normal -6.087614e-01 0.000000e+00 -7.933533e-01
    outer loop
      vertex   7.424602e+01 5.555142e+00 4.863640e+01
      vertex   7.405963e+01 8.955142e+00 4.877942e+01
      vertex   7.424602e+01 8.955142e+00 4.863640e+01
    endloop
  endfacet
  facet normal -7.933533e-01 0.000000e+00 -6.087614e-01
    outer loop
      vertex   7.424602e+01 5.555142e+00 4.863640e+01
      vertex   7.424602e+01 8.955142e+00 4.863640e+01
      vertex   7.438905e+01 5.555142e+00 4.845000e+01
    endloop
  endfacet
  facet normal -7.933533e-01 0.000000e+00 -6.087614e-01
    outer loop
      vertex   7.438905e+01 5.555142e+00 4.845000e+01
      vertex   7.424602e+01 8.955142e+00 4.863640e+01
      vertex   7.438905e+01 8.955142e+00 4.845000e+01
    endloop
  endfacet
  facet normal -9.238795e-01 0.000000e+00 -3.826834e-01
    outer loop
      vertex   7.438905e+01 5.555142e+00 4.845000e+01
      vertex   7.438905e+01 8.955142e+00 4.845000e+01
      vertex   7.447896e+01 5.555142e+00 4.823294e+01
    endloop
  endfacet
  facet normal -9.238795e-01 0.000000e+00 -3.826834e-01
    outer loop
      vertex   7.447896e+01 5.555142e+00 4.823294e+01
      vertex   7.438905e+01 8.955142e+00 4.845000e+01
      vertex   7.447896e+01 8.955142e+00 4.823294e+01
    endloop
  endfacet
  facet normal -6.519612e-01 1.515905e-03 -7.582508e-01
    outer loop
      vertex   7.410230e+01 5.555142e+00 5.675318e+01
      vertex   7.424602e+01 8.955142e+00 5.663640e+01
      vertex   7.428045e+01 5.555142e+00 5.660000e+01
    endloop
  endfacet
  facet normal -7.933524e-01 -1.515905e-03 -6.087607e-01
    outer loop
      vertex   7.428045e+01 5.555142e+00 5.660000e+01
      vertex   7.424602e+01 8.955142e+00 5.663640e+01
      vertex   7.438905e+01 8.955142e+00 5.645000e+01
    endloop
  endfacet
  facet normal -8.259959e-01 1.515905e-03 -5.636741e-01
    outer loop
      vertex   7.428045e+01 5.555142e+00 5.660000e+01
      vertex   7.438905e+01 8.955142e+00 5.645000e+01
      vertex   7.441288e+01 5.555142e+00 5.640593e+01
    endloop
  endfacet
  facet normal -9.238785e-01 -1.515905e-03 -3.826830e-01
    outer loop
      vertex   7.441288e+01 5.555142e+00 5.640593e+01
      vertex   7.438905e+01 8.955142e+00 5.645000e+01
      vertex   7.447896e+01 8.955142e+00 5.623294e+01
    endloop
  endfacet
  facet normal -9.437403e-01 1.515905e-03 -3.306839e-01
    outer loop
      vertex   7.441288e+01 5.555142e+00 5.640593e+01
      vertex   7.447896e+01 8.955142e+00 5.623294e+01
      vertex   7.449058e+01 5.555142e+00 5.618421e+01
    endloop
  endfacet
  facet normal -9.914437e-01 -1.515905e-03 -1.305260e-01
    outer loop
      vertex   7.449058e+01 5.555142e+00 5.618421e+01
      vertex   7.447896e+01 8.955142e+00 5.623294e+01
      vertex   7.450963e+01 8.955142e+00 5.600000e+01
    endloop
  endfacet
  facet normal -9.971705e-01 1.515905e-03 -7.515816e-02
    outer loop
      vertex   7.449058e+01 5.555142e+00 5.618421e+01
      vertex   7.450963e+01 8.955142e+00 5.600000e+01
      vertex   7.450823e+01 5.555142e+00 5.594992e+01
    endloop
  endfacet
  facet normal -9.914437e-01 -1.515905e-03 1.305260e-01
    outer loop
      vertex   7.450823e+01 5.555142e+00 5.594992e+01
      vertex   7.450963e+01 8.955142e+00 5.600000e+01
      vertex   7.447896e+01 8.955142e+00 5.576706e+01
    endloop
  endfacet
  facet normal -9.826451e-01 1.515905e-03 1.854895e-01
    outer loop
      vertex   7.450823e+01 5.555142e+00 5.594992e+01
      vertex   7.447896e+01 8.955142e+00 5.576706e+01
      vertex   7.446465e+01 5.555142e+00 5.571905e+01
    endloop
  endfacet
  facet normal -9.238785e-01 -1.515905e-03 3.826830e-01
    outer loop
      vertex   7.446465e+01 5.555142e+00 5.571905e+01
      vertex   7.447896e+01 8.955142e+00 5.576706e+01
      vertex   7.438905e+01 8.955142e+00 5.555000e+01
    endloop
  endfacet
  facet normal -9.011540e-01 1.515905e-03 4.334964e-01
    outer loop
      vertex   7.446465e+01 5.555142e+00 5.571905e+01
      vertex   7.438905e+01 8.955142e+00 5.555000e+01
      vertex   7.436280e+01 5.555142e+00 5.550733e+01
    endloop
  endfacet
  facet normal -7.933524e-01 -1.515905e-03 6.087607e-01
    outer loop
      vertex   7.436280e+01 5.555142e+00 5.550733e+01
      vertex   7.438905e+01 8.955142e+00 5.555000e+01
      vertex   7.424602e+01 8.955142e+00 5.536360e+01
    endloop
  endfacet
  facet normal -7.582508e-01 1.515905e-03 6.519612e-01
    outer loop
      vertex   7.436280e+01 5.555142e+00 5.550733e+01
      vertex   7.424602e+01 8.955142e+00 5.536360e+01
      vertex   7.420963e+01 5.555142e+00 5.532918e+01
    endloop
  endfacet
  facet normal -6.087607e-01 -1.515905e-03 7.933524e-01
    outer loop
      vertex   7.420963e+01 5.555142e+00 5.532918e+01
      vertex   7.424602e+01 8.955142e+00 5.536360e+01
      vertex   7.405963e+01 8.955142e+00 5.522058e+01
    endloop
  endfacet
  facet normal -5.636741e-01 1.515905e-03 8.259959e-01
    outer loop
      vertex   7.420963e+01 5.555142e+00 5.532918e+01
      vertex   7.405963e+01 8.955142e+00 5.522058e+01
      vertex   7.401556e+01 5.555142e+00 5.519675e+01
    endloop
  endfacet
  facet normal -3.826830e-01 -1.515905e-03 9.238785e-01
    outer loop
      vertex   7.401556e+01 5.555142e+00 5.519675e+01
      vertex   7.405963e+01 8.955142e+00 5.522058e+01
      vertex   7.384257e+01 8.955142e+00 5.513067e+01
    endloop
  endfacet
  facet normal -3.306839e-01 1.515905e-03 9.437403e-01
    outer loop
      vertex   7.401556e+01 5.555142e+00 5.519675e+01
      vertex   7.384257e+01 8.955142e+00 5.513067e+01
      vertex   7.379383e+01 5.555142e+00 5.511905e+01
    endloop
  endfacet
  facet normal -1.305260e-01 -1.515905e-03 9.914437e-01
    outer loop
      vertex   7.379383e+01 5.555142e+00 5.511905e+01
      vertex   7.384257e+01 8.955142e+00 5.513067e+01
      vertex   7.360963e+01 8.955142e+00 5.510000e+01
    endloop
  endfacet
  facet normal -7.515816e-02 1.515905e-03 9.971705e-01
    outer loop
      vertex   7.379383e+01 5.555142e+00 5.511905e+01
      vertex   7.360963e+01 8.955142e+00 5.510000e+01
      vertex   7.355955e+01 5.555142e+00 5.510139e+01
    endloop
  endfacet
  facet normal 1.305260e-01 -1.515905e-03 9.914437e-01
    outer loop
      vertex   7.355955e+01 5.555142e+00 5.510139e+01
      vertex   7.360963e+01 8.955142e+00 5.510000e+01
      vertex   7.337669e+01 8.955142e+00 5.513067e+01
    endloop
  endfacet
  facet normal 1.854895e-01 1.515905e-03 9.826451e-01
    outer loop
      vertex   7.355955e+01 5.555142e+00 5.510139e+01
      vertex   7.337669e+01 8.955142e+00 5.513067e+01
      vertex   7.332868e+01 5.555142e+00 5.514497e+01
    endloop
  endfacet
  facet normal 3.826830e-01 -1.515905e-03 9.238785e-01
    outer loop
      vertex   7.332868e+01 5.555142e+00 5.514497e+01
      vertex   7.337669e+01 8.955142e+00 5.513067e+01
      vertex   7.315963e+01 8.955142e+00 5.522058e+01
    endloop
  endfacet
  facet normal 4.334964e-01 1.515905e-03 9.011540e-01
    outer loop
      vertex   7.332868e+01 5.555142e+00 5.514497e+01
      vertex   7.315963e+01 8.955142e+00 5.522058e+01
      vertex   7.311696e+01 5.555142e+00 5.524682e+01
    endloop
  endfacet
  facet normal 6.087607e-01 -1.515905e-03 7.933524e-01
    outer loop
      vertex   7.311696e+01 5.555142e+00 5.524682e+01
      vertex   7.315963e+01 8.955142e+00 5.522058e+01
      vertex   7.297323e+01 8.955142e+00 5.536360e+01
    endloop
  endfacet
  facet normal 6.519612e-01 1.515905e-03 7.582508e-01
    outer loop
      vertex   7.311696e+01 5.555142e+00 5.524682e+01
      vertex   7.297323e+01 8.955142e+00 5.536360e+01
      vertex   7.293881e+01 5.555142e+00 5.540000e+01
    endloop
  endfacet
  facet normal 7.933524e-01 -1.515905e-03 6.087607e-01
    outer loop
      vertex   7.293881e+01 5.555142e+00 5.540000e+01
      vertex   7.297323e+01 8.955142e+00 5.536360e+01
      vertex   7.283021e+01 8.955142e+00 5.555000e+01
    endloop
  endfacet
  facet normal 8.259959e-01 1.515905e-03 5.636741e-01
    outer loop
      vertex   7.293881e+01 5.555142e+00 5.540000e+01
      vertex   7.283021e+01 8.955142e+00 5.555000e+01
      vertex   7.280637e+01 5.555142e+00 5.559407e+01
    endloop
  endfacet
  facet normal 9.238785e-01 -1.515905e-03 3.826830e-01
    outer loop
      vertex   7.280637e+01 5.555142e+00 5.559407e+01
      vertex   7.283021e+01 8.955142e+00 5.555000e+01
      vertex   7.274029e+01 8.955142e+00 5.576706e+01
    endloop
  endfacet
  facet normal 9.437403e-01 1.515905e-03 3.306839e-01
    outer loop
      vertex   7.280637e+01 5.555142e+00 5.559407e+01
      vertex   7.274029e+01 8.955142e+00 5.576706e+01
      vertex   7.272868e+01 5.555142e+00 5.581579e+01
    endloop
  endfacet
  facet normal 9.914437e-01 -1.515905e-03 1.305260e-01
    outer loop
      vertex   7.272868e+01 5.555142e+00 5.581579e+01
      vertex   7.274029e+01 8.955142e+00 5.576706e+01
      vertex   7.270963e+01 8.955142e+00 5.600000e+01
    endloop
  endfacet
  facet normal 9.971705e-01 1.515905e-03 7.515816e-02
    outer loop
      vertex   7.272868e+01 5.555142e+00 5.581579e+01
      vertex   7.270963e+01 8.955142e+00 5.600000e+01
      vertex   7.271102e+01 5.555142e+00 5.605008e+01
    endloop
  endfacet
  facet normal 9.914437e-01 -1.515905e-03 -1.305260e-01
    outer loop
      vertex   7.271102e+01 5.555142e+00 5.605008e+01
      vertex   7.270963e+01 8.955142e+00 5.600000e+01
      vertex   7.274029e+01 8.955142e+00 5.623294e+01
    endloop
  endfacet
  facet normal 9.826451e-01 1.515905e-03 -1.854895e-01
    outer loop
      vertex   7.271102e+01 5.555142e+00 5.605008e+01
      vertex   7.274029e+01 8.955142e+00 5.623294e+01
      vertex   7.275460e+01 5.555142e+00 5.628095e+01
    endloop
  endfacet
  facet normal 9.238785e-01 -1.515905e-03 -3.826830e-01
    outer loop
      vertex   7.275460e+01 5.555142e+00 5.628095e+01
      vertex   7.274029e+01 8.955142e+00 5.623294e+01
      vertex   7.283021e+01 8.955142e+00 5.645000e+01
    endloop
  endfacet
  facet normal 9.011540e-01 1.515905e-03 -4.334964e-01
    outer loop
      vertex   7.275460e+01 5.555142e+00 5.628095e+01
      vertex   7.283021e+01 8.955142e+00 5.645000e+01
      vertex   7.285645e+01 5.555142e+00 5.649267e+01
    endloop
  endfacet
  facet normal 7.933524e-01 -1.515905e-03 -6.087607e-01
    outer loop
      vertex   7.285645e+01 5.555142e+00 5.649267e+01
      vertex   7.283021e+01 8.955142e+00 5.645000e+01
      vertex   7.297323e+01 8.955142e+00 5.663640e+01
    endloop
  endfacet
  facet normal 7.582508e-01 1.515905e-03 -6.519612e-01
    outer loop
      vertex   7.285645e+01 5.555142e+00 5.649267e+01
      vertex   7.297323e+01 8.955142e+00 5.663640e+01
      vertex   7.300963e+01 5.555142e+00 5.667082e+01
    endloop
  endfacet
  facet normal 6.087607e-01 -1.515905e-03 -7.933524e-01
    outer loop
      vertex   7.300963e+01 5.555142e+00 5.667082e+01
      vertex   7.297323e+01 8.955142e+00 5.663640e+01
      vertex   7.315963e+01 8.955142e+00 5.677942e+01
    endloop
  endfacet
  facet normal 5.636741e-01 1.515905e-03 -8.259959e-01
    outer loop
      vertex   7.300963e+01 5.555142e+00 5.667082e+01
      vertex   7.315963e+01 8.955142e+00 5.677942e+01
      vertex   7.320369e+01 5.555142e+00 5.680325e+01
    endloop
  endfacet
  facet normal 3.826830e-01 -1.515905e-03 -9.238785e-01
    outer loop
      vertex   7.320369e+01 5.555142e+00 5.680325e+01
      vertex   7.315963e+01 8.955142e+00 5.677942e+01
      vertex   7.337669e+01 8.955142e+00 5.686933e+01
    endloop
  endfacet
  facet normal 3.306839e-01 1.515905e-03 -9.437403e-01
    outer loop
      vertex   7.320369e+01 5.555142e+00 5.680325e+01
      vertex   7.337669e+01 8.955142e+00 5.686933e+01
      vertex   7.342542e+01 5.555142e+00 5.688095e+01
    endloop
  endfacet
  facet normal 1.305260e-01 -1.515905e-03 -9.914437e-01
    outer loop
      vertex   7.342542e+01 5.555142e+00 5.688095e+01
      vertex   7.337669e+01 8.955142e+00 5.686933e+01
      vertex   7.360963e+01 8.955142e+00 5.690000e+01
    endloop
  endfacet
  facet normal 7.515816e-02 1.515905e-03 -9.971705e-01
    outer loop
      vertex   7.342542e+01 5.555142e+00 5.688095e+01
      vertex   7.360963e+01 8.955142e+00 5.690000e+01
      vertex   7.365971e+01 5.555142e+00 5.689861e+01
    endloop
  endfacet
  facet normal -1.305260e-01 -1.515905e-03 -9.914437e-01
    outer loop
      vertex   7.365971e+01 5.555142e+00 5.689861e+01
      vertex   7.360963e+01 8.955142e+00 5.690000e+01
      vertex   7.384257e+01 8.955142e+00 5.686933e+01
    endloop
  endfacet
  facet normal -1.854895e-01 1.515905e-03 -9.826451e-01
    outer loop
      vertex   7.365971e+01 5.555142e+00 5.689861e+01
      vertex   7.384257e+01 8.955142e+00 5.686933e+01
      vertex   7.389058e+01 5.555142e+00 5.685503e+01
    endloop
  endfacet
  facet normal -3.826830e-01 -1.515905e-03 -9.238785e-01
    outer loop
      vertex   7.389058e+01 5.555142e+00 5.685503e+01
      vertex   7.384257e+01 8.955142e+00 5.686933e+01
      vertex   7.405963e+01 8.955142e+00 5.677942e+01
    endloop
  endfacet
  facet normal -4.334964e-01 1.515905e-03 -9.011540e-01
    outer loop
      vertex   7.389058e+01 5.555142e+00 5.685503e+01
      vertex   7.405963e+01 8.955142e+00 5.677942e+01
      vertex   7.410230e+01 5.555142e+00 5.675318e+01
    endloop
  endfacet
  facet normal -6.087607e-01 -1.515905e-03 -7.933524e-01
    outer loop
      vertex   7.410230e+01 5.555142e+00 5.675318e+01
      vertex   7.405963e+01 8.955142e+00 5.677942e+01
      vertex   7.424602e+01 8.955142e+00 5.663640e+01
    endloop
  endfacet
  facet normal 1.000000e+00 2.960595e-15 -4.101257e-16
    outer loop
      vertex   7.970963e+01 5.555142e+00 4.195000e+01
      vertex   7.970963e+01 1.035514e+01 4.195000e+01
      vertex   7.970963e+01 5.555142e+00 7.660000e+01
    endloop
  endfacet
  facet normal 1.000000e+00 1.971469e-13 2.649014e-14
    outer loop
      vertex   7.970963e+01 5.555142e+00 7.660000e+01
      vertex   7.970963e+01 1.035514e+01 4.195000e+01
      vertex   7.970963e+01 1.035514e+01 9.345000e+01
    endloop
  endfacet
  facet normal 1.000000e+00 -4.310318e-13 2.054372e-13
    outer loop
      vertex   7.970963e+01 5.555142e+00 7.660000e+01
      vertex   7.970963e+01 1.035514e+01 9.345000e+01
      vertex   7.970963e+01 6.355142e+00 8.485000e+01
    endloop
  endfacet
  facet normal 1.000000e+00 3.552714e-15 3.304850e-15
    outer loop
      vertex   7.970963e+01 6.355142e+00 8.485000e+01
      vertex   7.970963e+01 1.035514e+01 9.345000e+01
      vertex   7.970963e+01 6.355142e+00 9.345000e+01
    endloop
  endfacet
  facet normal 1.000000e+00 0.000000e+00 1.636401e-13
    outer loop
      vertex   7.970963e+01 6.355142e+00 8.485000e+01
      vertex   7.970963e+01 2.705142e+00 8.485000e+01
      vertex   7.970963e+01 5.555142e+00 7.660000e+01
    endloop
  endfacet
  facet normal 1.000000e+00 -3.261684e-13 5.096381e-14
    outer loop
      vertex   7.970963e+01 5.555142e+00 7.660000e+01
      vertex   7.970963e+01 2.705142e+00 8.485000e+01
      vertex   7.970963e+01 1.955142e+00 8.005000e+01
    endloop
  endfacet
  facet normal 1.000000e+00 -9.094947e-15 3.818230e-13
    outer loop
      vertex   7.970963e+01 5.555142e+00 7.660000e+01
      vertex   7.970963e+01 1.955142e+00 8.005000e+01
      vertex   7.970963e+01 -6.948577e-01 7.660000e+01
    endloop
  endfacet
  facet normal 1.000000e+00 5.362587e-15 3.707179e-13
    outer loop
      vertex   7.970963e+01 -6.948577e-01 7.660000e+01
      vertex   7.970963e+01 1.955142e+00 8.005000e+01
      vertex   7.970963e+01 -6.948577e-01 8.005000e+01
    endloop
  endfacet
  facet normal 1.000000e+00 -1.494926e-13 2.335821e-14
    outer loop
      vertex   7.970963e+01 2.705142e+00 8.485000e+01
      vertex   7.970963e+01 2.511028e+00 8.482444e+01
      vertex   7.970963e+01 1.955142e+00 8.005000e+01
    endloop
  endfacet
  facet normal 1.000000e+00 -2.590706e-15 6.254518e-15
    outer loop
      vertex   7.970963e+01 1.955142e+00 8.005000e+01
      vertex   7.970963e+01 2.511028e+00 8.482444e+01
      vertex   7.970963e+01 2.330142e+00 8.474952e+01
    endloop
  endfacet
  facet normal 1.000000e+00 -4.943308e-15 6.442244e-15
    outer loop
      vertex   7.970963e+01 1.955142e+00 8.005000e+01
      vertex   7.970963e+01 2.330142e+00 8.474952e+01
      vertex   7.970963e+01 2.174812e+00 8.463033e+01
    endloop
  endfacet
  facet normal 1.000000e+00 -1.694224e-14 7.017706e-15
    outer loop
      vertex   7.970963e+01 1.955142e+00 8.005000e+01
      vertex   7.970963e+01 2.174812e+00 8.463033e+01
      vertex   7.970963e+01 1.955142e+00 8.410000e+01
    endloop
  endfacet
  facet normal 1.000000e+00 0.000000e+00 0.000000e+00
    outer loop
      vertex   7.970963e+01 1.955142e+00 8.410000e+01
      vertex   7.970963e+01 2.174812e+00 8.463033e+01
      vertex   7.970963e+01 2.055623e+00 8.447500e+01
    endloop
  endfacet
  facet normal 1.000000e+00 0.000000e+00 0.000000e+00
    outer loop
      vertex   7.970963e+01 1.955142e+00 8.410000e+01
      vertex   7.970963e+01 2.055623e+00 8.447500e+01
      vertex   7.970963e+01 1.980698e+00 8.429411e+01
    endloop
  endfacet
  facet normal 5.607045e-02 -1.477969e-15 -9.984268e-01
    outer loop
      vertex   7.370963e+01 5.555142e+00 3.595000e+01
      vertex   7.370963e+01 1.035514e+01 3.595000e+01
      vertex   7.438141e+01 5.555142e+00 3.598773e+01
    endloop
  endfacet
  facet normal 5.607045e-02 0.000000e+00 -9.984268e-01
    outer loop
      vertex   7.438141e+01 5.555142e+00 3.598773e+01
      vertex   7.370963e+01 1.035514e+01 3.595000e+01
      vertex   7.438141e+01 1.035514e+01 3.598773e+01
    endloop
  endfacet
  facet normal 1.675062e-01 0.000000e+00 -9.858710e-01
    outer loop
      vertex   7.438141e+01 5.555142e+00 3.598773e+01
      vertex   7.438141e+01 1.035514e+01 3.598773e+01
      vertex   7.504475e+01 5.555142e+00 3.610043e+01
    endloop
  endfacet
  facet normal 1.675062e-01 0.000000e+00 -9.858710e-01
    outer loop
      vertex   7.504475e+01 5.555142e+00 3.610043e+01
      vertex   7.438141e+01 1.035514e+01 3.598773e+01
      vertex   7.504475e+01 1.035514e+01 3.610043e+01
    endloop
  endfacet
  facet normal 2.768355e-01 0.000000e+00 -9.609173e-01
    outer loop
      vertex   7.504475e+01 5.555142e+00 3.610043e+01
      vertex   7.504475e+01 1.035514e+01 3.610043e+01
      vertex   7.569130e+01 5.555142e+00 3.628670e+01
    endloop
  endfacet
  facet normal 2.768355e-01 0.000000e+00 -9.609173e-01
    outer loop
      vertex   7.569130e+01 5.555142e+00 3.628670e+01
      vertex   7.504475e+01 1.035514e+01 3.610043e+01
      vertex   7.569130e+01 1.035514e+01 3.628670e+01
    endloop
  endfacet
  facet normal 3.826834e-01 0.000000e+00 -9.238795e-01
    outer loop
      vertex   7.569130e+01 5.555142e+00 3.628670e+01
      vertex   7.569130e+01 1.035514e+01 3.628670e+01
      vertex   7.631293e+01 5.555142e+00 3.654419e+01
    endloop
  endfacet
  facet normal 3.826834e-01 0.000000e+00 -9.238795e-01
    outer loop
      vertex   7.631293e+01 5.555142e+00 3.654419e+01
      vertex   7.569130e+01 1.035514e+01 3.628670e+01
      vertex   7.631293e+01 1.035514e+01 3.654419e+01
    endloop
  endfacet
  facet normal 4.837189e-01 0.000000e+00 -8.752234e-01
    outer loop
      vertex   7.631293e+01 5.555142e+00 3.654419e+01
      vertex   7.631293e+01 1.035514e+01 3.654419e+01
      vertex   7.690182e+01 5.555142e+00 3.686965e+01
    endloop
  endfacet
  facet normal 4.837189e-01 1.295591e-15 -8.752234e-01
    outer loop
      vertex   7.690182e+01 5.555142e+00 3.686965e+01
      vertex   7.631293e+01 1.035514e+01 3.654419e+01
      vertex   7.690182e+01 1.035514e+01 3.686965e+01
    endloop
  endfacet
  facet normal 5.786713e-01 1.207273e-15 -8.155609e-01
    outer loop
      vertex   7.690182e+01 5.555142e+00 3.686965e+01
      vertex   7.690182e+01 1.035514e+01 3.686965e+01
      vertex   7.745057e+01 5.555142e+00 3.725901e+01
    endloop
  endfacet
  facet normal 5.786713e-01 -1.713211e-15 -8.155609e-01
    outer loop
      vertex   7.745057e+01 5.555142e+00 3.725901e+01
      vertex   7.690182e+01 1.035514e+01 3.686965e+01
      vertex   7.745057e+01 1.035514e+01 3.725901e+01
    endloop
  endfacet
  facet normal 6.663466e-01 -1.972782e-15 -7.456422e-01
    outer loop
      vertex   7.745057e+01 5.555142e+00 3.725901e+01
      vertex   7.745057e+01 1.035514e+01 3.725901e+01
      vertex   7.795227e+01 5.555142e+00 3.770736e+01
    endloop
  endfacet
  facet normal 6.663466e-01 0.000000e+00 -7.456422e-01
    outer loop
      vertex   7.795227e+01 5.555142e+00 3.770736e+01
      vertex   7.745057e+01 1.035514e+01 3.725901e+01
      vertex   7.795227e+01 1.035514e+01 3.770736e+01
    endloop
  endfacet
  facet normal 7.456422e-01 0.000000e+00 -6.663466e-01
    outer loop
      vertex   7.795227e+01 5.555142e+00 3.770736e+01
      vertex   7.795227e+01 1.035514e+01 3.770736e+01
      vertex   7.840062e+01 5.555142e+00 3.820906e+01
    endloop
  endfacet
  facet normal 7.456422e-01 9.863911e-16 -6.663466e-01
    outer loop
      vertex   7.840062e+01 5.555142e+00 3.820906e+01
      vertex   7.795227e+01 1.035514e+01 3.770736e+01
      vertex   7.840062e+01 1.035514e+01 3.820906e+01
    endloop
  endfacet
  facet normal 8.155609e-01 8.566056e-16 -5.786713e-01
    outer loop
      vertex   7.840062e+01 5.555142e+00 3.820906e+01
      vertex   7.840062e+01 1.035514e+01 3.820906e+01
      vertex   7.878997e+01 5.555142e+00 3.875781e+01
    endloop
  endfacet
  facet normal 8.155609e-01 8.566056e-16 -5.786713e-01
    outer loop
      vertex   7.878997e+01 5.555142e+00 3.875781e+01
      vertex   7.840062e+01 1.035514e+01 3.820906e+01
      vertex   7.878997e+01 1.035514e+01 3.875781e+01
    endloop
  endfacet
  facet normal 8.752234e-01 7.160478e-16 -4.837189e-01
    outer loop
      vertex   7.878997e+01 5.555142e+00 3.875781e+01
      vertex   7.878997e+01 1.035514e+01 3.875781e+01
      vertex   7.911544e+01 5.555142e+00 3.934670e+01
    endloop
  endfacet
  facet normal 8.752234e-01 7.160478e-16 -4.837189e-01
    outer loop
      vertex   7.911544e+01 5.555142e+00 3.934670e+01
      vertex   7.878997e+01 1.035514e+01 3.875781e+01
      vertex   7.911544e+01 1.035514e+01 3.934670e+01
    endloop
  endfacet
  facet normal 9.238795e-01 5.664853e-16 -3.826834e-01
    outer loop
      vertex   7.911544e+01 5.555142e+00 3.934670e+01
      vertex   7.911544e+01 1.035514e+01 3.934670e+01
      vertex   7.937293e+01 5.555142e+00 3.996833e+01
    endloop
  endfacet
  facet normal 9.238795e-01 0.000000e+00 -3.826834e-01
    outer loop
      vertex   7.937293e+01 5.555142e+00 3.996833e+01
      vertex   7.911544e+01 1.035514e+01 3.934670e+01
      vertex   7.937293e+01 1.035514e+01 3.996833e+01
    endloop
  endfacet
  facet normal 9.609173e-01 0.000000e+00 -2.768355e-01
    outer loop
      vertex   7.937293e+01 5.555142e+00 3.996833e+01
      vertex   7.937293e+01 1.035514e+01 3.996833e+01
      vertex   7.955920e+01 5.555142e+00 4.061487e+01
    endloop
  endfacet
  facet normal 9.609173e-01 0.000000e+00 -2.768355e-01
    outer loop
      vertex   7.955920e+01 5.555142e+00 4.061487e+01
      vertex   7.937293e+01 1.035514e+01 3.996833e+01
      vertex   7.955920e+01 1.035514e+01 4.061487e+01
    endloop
  endfacet
  facet normal 9.858710e-01 0.000000e+00 -1.675062e-01
    outer loop
      vertex   7.955920e+01 5.555142e+00 4.061487e+01
      vertex   7.955920e+01 1.035514e+01 4.061487e+01
      vertex   7.967190e+01 5.555142e+00 4.127821e+01
    endloop
  endfacet
  facet normal 9.858710e-01 0.000000e+00 -1.675062e-01
    outer loop
      vertex   7.967190e+01 5.555142e+00 4.127821e+01
      vertex   7.955920e+01 1.035514e+01 4.061487e+01
      vertex   7.967190e+01 1.035514e+01 4.127821e+01
    endloop
  endfacet
  facet normal 9.984268e-01 0.000000e+00 -5.607045e-02
    outer loop
      vertex   7.967190e+01 5.555142e+00 4.127821e+01
      vertex   7.967190e+01 1.035514e+01 4.127821e+01
      vertex   7.970963e+01 5.555142e+00 4.195000e+01
    endloop
  endfacet
  facet normal 9.984268e-01 2.955937e-15 -5.607045e-02
    outer loop
      vertex   7.970963e+01 5.555142e+00 4.195000e+01
      vertex   7.967190e+01 1.035514e+01 4.127821e+01
      vertex   7.970963e+01 1.035514e+01 4.195000e+01
    endloop
  endfacet
  facet normal 7.443302e-16 1.000000e+00 9.799293e-17
    outer loop
      vertex   7.462385e+01 1.035514e+01 8.277176e+01
      vertex   7.560480e+01 1.035514e+01 9.344814e+01
      vertex   7.465963e+01 1.035514e+01 8.250000e+01
    endloop
  endfacet
  facet normal -1.636574e-16 1.000000e+00 1.763807e-16
    outer loop
      vertex   7.465963e+01 1.035514e+01 8.250000e+01
      vertex   7.560480e+01 1.035514e+01 9.344814e+01
      vertex   7.595539e+01 1.035514e+01 9.377345e+01
    endloop
  endfacet
  facet normal -2.308603e-16 1.000000e+00 1.841050e-16
    outer loop
      vertex   7.465963e+01 1.035514e+01 8.250000e+01
      vertex   7.595539e+01 1.035514e+01 9.377345e+01
      vertex   7.625359e+01 1.035514e+01 9.414738e+01
    endloop
  endfacet
  facet normal 4.055964e-16 1.000000e+00 1.680035e-16
    outer loop
      vertex   7.451895e+01 1.035514e+01 8.302500e+01
      vertex   7.477872e+01 1.035514e+01 9.297120e+01
      vertex   7.462385e+01 1.035514e+01 8.277176e+01
    endloop
  endfacet
  facet normal -8.448987e-17 1.000000e+00 1.754450e-16
    outer loop
      vertex   7.462385e+01 1.035514e+01 8.277176e+01
      vertex   7.477872e+01 1.035514e+01 9.297120e+01
      vertex   7.520963e+01 1.035514e+01 9.317872e+01
    endloop
  endfacet
  facet normal -1.210182e-16 1.000000e+00 1.775011e-16
    outer loop
      vertex   7.462385e+01 1.035514e+01 8.277176e+01
      vertex   7.520963e+01 1.035514e+01 9.317872e+01
      vertex   7.560480e+01 1.035514e+01 9.344814e+01
    endloop
  endfacet
  facet normal 2.250902e-16 1.000000e+00 1.727178e-16
    outer loop
      vertex   7.451895e+01 1.035514e+01 8.302500e+01
      vertex   7.435209e+01 1.035514e+01 8.324246e+01
      vertex   7.477872e+01 1.035514e+01 9.297120e+01
    endloop
  endfacet
  facet normal -5.709339e-17 1.000000e+00 1.850922e-16
    outer loop
      vertex   7.477872e+01 1.035514e+01 9.297120e+01
      vertex   7.435209e+01 1.035514e+01 8.324246e+01
      vertex   7.432170e+01 1.035514e+01 9.283023e+01
    endloop
  endfacet
  facet normal 1.425118e-16 1.000000e+00 1.857250e-16
    outer loop
      vertex   7.432170e+01 1.035514e+01 9.283023e+01
      vertex   7.435209e+01 1.035514e+01 8.324246e+01
      vertex   7.413463e+01 1.035514e+01 8.340933e+01
    endloop
  endfacet
  facet normal -2.850538e-17 1.000000e+00 1.891208e-16
    outer loop
      vertex   7.432170e+01 1.035514e+01 9.283023e+01
      vertex   7.413463e+01 1.035514e+01 8.340933e+01
      vertex   7.384876e+01 1.035514e+01 9.275895e+01
    endloop
  endfacet
  facet normal 7.970687e-17 1.000000e+00 1.924294e-16
    outer loop
      vertex   7.384876e+01 1.035514e+01 9.275895e+01
      vertex   7.413463e+01 1.035514e+01 8.340933e+01
      vertex   7.388139e+01 1.035514e+01 8.351422e+01
    endloop
  endfacet
  facet normal 2.530854e-17 1.000000e+00 1.922374e-16
    outer loop
      vertex   7.384876e+01 1.035514e+01 9.275895e+01
      vertex   7.388139e+01 1.035514e+01 8.351422e+01
      vertex   7.360963e+01 1.035514e+01 8.355000e+01
    endloop
  endfacet
  facet normal 0.000000e+00 1.000000e+00 1.928947e-16
    outer loop
      vertex   7.384876e+01 1.035514e+01 9.275895e+01
      vertex   7.360963e+01 1.035514e+01 8.355000e+01
      vertex   7.337049e+01 1.035514e+01 9.275895e+01
    endloop
  endfacet
  facet normal -2.530854e-17 1.000000e+00 1.922374e-16
    outer loop
      vertex   7.337049e+01 1.035514e+01 9.275895e+01
      vertex   7.360963e+01 1.035514e+01 8.355000e+01
      vertex   7.333787e+01 1.035514e+01 8.351422e+01
    endloop
  endfacet
  facet normal -7.970687e-17 1.000000e+00 1.924294e-16
    outer loop
      vertex   7.337049e+01 1.035514e+01 9.275895e+01
      vertex   7.333787e+01 1.035514e+01 8.351422e+01
      vertex   7.308463e+01 1.035514e+01 8.340933e+01
    endloop
  endfacet
  facet normal 2.850538e-17 1.000000e+00 1.891208e-16
    outer loop
      vertex   7.337049e+01 1.035514e+01 9.275895e+01
      vertex   7.308463e+01 1.035514e+01 8.340933e+01
      vertex   7.289756e+01 1.035514e+01 9.283023e+01
    endloop
  endfacet
  facet normal -1.425118e-16 1.000000e+00 1.857250e-16
    outer loop
      vertex   7.289756e+01 1.035514e+01 9.283023e+01
      vertex   7.308463e+01 1.035514e+01 8.340933e+01
      vertex   7.286717e+01 1.035514e+01 8.324246e+01
    endloop
  endfacet
  facet normal 5.709339e-17 1.000000e+00 1.850922e-16
    outer loop
      vertex   7.289756e+01 1.035514e+01 9.283023e+01
      vertex   7.286717e+01 1.035514e+01 8.324246e+01
      vertex   7.244054e+01 1.035514e+01 9.297120e+01
    endloop
  endfacet
  facet normal -2.250902e-16 1.000000e+00 1.727178e-16
    outer loop
      vertex   7.244054e+01 1.035514e+01 9.297120e+01
      vertex   7.286717e+01 1.035514e+01 8.324246e+01
      vertex   7.270030e+01 1.035514e+01 8.302500e+01
    endloop
  endfacet
  facet normal -4.055964e-16 1.000000e+00 1.680035e-16
    outer loop
      vertex   7.244054e+01 1.035514e+01 9.297120e+01
      vertex   7.270030e+01 1.035514e+01 8.302500e+01
      vertex   7.259541e+01 1.035514e+01 8.277176e+01
    endloop
  endfacet
  facet normal -7.443302e-16 1.000000e+00 9.799293e-17
    outer loop
      vertex   7.255963e+01 1.035514e+01 8.250000e+01
      vertex   7.161446e+01 1.035514e+01 9.344814e+01
      vertex   7.259541e+01 1.035514e+01 8.277176e+01
    endloop
  endfacet
  facet normal 1.210182e-16 1.000000e+00 1.775011e-16
    outer loop
      vertex   7.259541e+01 1.035514e+01 8.277176e+01
      vertex   7.161446e+01 1.035514e+01 9.344814e+01
      vertex   7.200963e+01 1.035514e+01 9.317872e+01
    endloop
  endfacet
  facet normal 8.448987e-17 1.000000e+00 1.754450e-16
    outer loop
      vertex   7.259541e+01 1.035514e+01 8.277176e+01
      vertex   7.200963e+01 1.035514e+01 9.317872e+01
      vertex   7.244054e+01 1.035514e+01 9.297120e+01
    endloop
  endfacet
  facet normal 0.000000e+00 1.000000e+00 0.000000e+00
    outer loop
      vertex   7.259541e+01 1.035514e+01 8.222824e+01
      vertex   7.140982e+01 1.035514e+01 5.655962e+01
      vertex   7.255963e+01 1.035514e+01 8.250000e+01
    endloop
  endfacet
  facet normal 0.000000e+00 1.000000e+00 0.000000e+00
    outer loop
      vertex   7.255963e+01 1.035514e+01 8.250000e+01
      vertex   7.140982e+01 1.035514e+01 5.655962e+01
      vertex   7.127446e+01 1.035514e+01 5.615407e+01
    endloop
  endfacet
  facet normal -3.181072e-16 1.000000e+00 1.551741e-17
    outer loop
      vertex   7.255963e+01 1.035514e+01 8.250000e+01
      vertex   7.127446e+01 1.035514e+01 5.615407e+01
      vertex   6.750963e+01 1.035514e+01 9.345000e+01
    endloop
  endfacet
  facet normal -1.938327e-16 1.000000e+00 2.806228e-17
    outer loop
      vertex   6.750963e+01 1.035514e+01 9.345000e+01
      vertex   7.127446e+01 1.035514e+01 5.615407e+01
      vertex   7.121320e+01 1.035514e+01 5.573095e+01
    endloop
  endfacet
  facet normal -1.283456e-16 1.000000e+00 3.449237e-17
    outer loop
      vertex   6.750963e+01 1.035514e+01 9.345000e+01
      vertex   7.121320e+01 1.035514e+01 5.573095e+01
      vertex   6.750963e+01 1.035514e+01 4.195000e+01
    endloop
  endfacet
  facet normal 0.000000e+00 1.000000e+00 0.000000e+00
    outer loop
      vertex   6.750963e+01 1.035514e+01 4.195000e+01
      vertex   7.121320e+01 1.035514e+01 5.573095e+01
      vertex   7.003543e+01 1.035514e+01 4.298094e+01
    endloop
  endfacet
  facet normal 0.000000e+00 1.000000e+00 0.000000e+00
    outer loop
      vertex   6.750963e+01 1.035514e+01 4.195000e+01
      vertex   7.003543e+01 1.035514e+01 4.298094e+01
      vertex   6.987127e+01 1.035514e+01 4.247043e+01
    endloop
  endfacet
  facet normal 0.000000e+00 1.000000e+00 0.000000e+00
    outer loop
      vertex   7.270030e+01 1.035514e+01 8.197500e+01
      vertex   7.188347e+01 1.035514e+01 5.726744e+01
      vertex   7.259541e+01 1.035514e+01 8.222824e+01
    endloop
  endfacet
  facet normal 0.000000e+00 1.000000e+00 0.000000e+00
    outer loop
      vertex   7.259541e+01 1.035514e+01 8.222824e+01
      vertex   7.188347e+01 1.035514e+01 5.726744e+01
      vertex   7.161500e+01 1.035514e+01 5.693471e+01
    endloop
  endfacet
  facet normal 0.000000e+00 1.000000e+00 0.000000e+00
    outer loop
      vertex   7.259541e+01 1.035514e+01 8.222824e+01
      vertex   7.161500e+01 1.035514e+01 5.693471e+01
      vertex   7.140982e+01 1.035514e+01 5.655962e+01
    endloop
  endfacet
  facet normal 0.000000e+00 1.000000e+00 0.000000e+00
    outer loop
      vertex   7.286717e+01 1.035514e+01 8.175754e+01
      vertex   7.257449e+01 1.035514e+01 5.776529e+01
      vertex   7.270030e+01 1.035514e+01 8.197500e+01
    endloop
  endfacet
  facet normal 0.000000e+00 1.000000e+00 0.000000e+00
    outer loop
      vertex   7.270030e+01 1.035514e+01 8.197500e+01
      vertex   7.257449e+01 1.035514e+01 5.776529e+01
      vertex   7.220672e+01 1.035514e+01 5.754726e+01
    endloop
  endfacet
  facet normal 0.000000e+00 1.000000e+00 0.000000e+00
    outer loop
      vertex   7.270030e+01 1.035514e+01 8.197500e+01
      vertex   7.220672e+01 1.035514e+01 5.754726e+01
      vertex   7.188347e+01 1.035514e+01 5.726744e+01
    endloop
  endfacet
  facet normal 0.000000e+00 1.000000e+00 0.000000e+00
    outer loop
      vertex   7.257449e+01 1.035514e+01 5.776529e+01
      vertex   7.286717e+01 1.035514e+01 8.175754e+01
      vertex   7.297510e+01 1.035514e+01 5.791460e+01
    endloop
  endfacet
  facet normal 0.000000e+00 1.000000e+00 -0.000000e+00
    outer loop
      vertex   7.297510e+01 1.035514e+01 5.791460e+01
      vertex   7.286717e+01 1.035514e+01 8.175754e+01
      vertex   7.308463e+01 1.035514e+01 8.159067e+01
    endloop
  endfacet
  facet normal 0.000000e+00 1.000000e+00 0.000000e+00
    outer loop
      vertex   7.297510e+01 1.035514e+01 5.791460e+01
      vertex   7.308463e+01 1.035514e+01 8.159067e+01
      vertex   7.333787e+01 1.035514e+01 8.148578e+01
    endloop
  endfacet
  facet normal 0.000000e+00 1.000000e+00 0.000000e+00
    outer loop
      vertex   7.297510e+01 1.035514e+01 5.791460e+01
      vertex   7.333787e+01 1.035514e+01 8.148578e+01
      vertex   7.339586e+01 1.035514e+01 5.799046e+01
    endloop
  endfacet
  facet normal 0.000000e+00 1.000000e+00 -0.000000e+00
    outer loop
      vertex   7.339586e+01 1.035514e+01 5.799046e+01
      vertex   7.333787e+01 1.035514e+01 8.148578e+01
      vertex   7.360963e+01 1.035514e+01 8.145000e+01
    endloop
  endfacet
  facet normal 0.000000e+00 1.000000e+00 0.000000e+00
    outer loop
      vertex   7.339586e+01 1.035514e+01 5.799046e+01
      vertex   7.360963e+01 1.035514e+01 8.145000e+01
      vertex   7.382340e+01 1.035514e+01 5.799046e+01
    endloop
  endfacet
  facet normal 0.000000e+00 1.000000e+00 -0.000000e+00
    outer loop
      vertex   7.382340e+01 1.035514e+01 5.799046e+01
      vertex   7.360963e+01 1.035514e+01 8.145000e+01
      vertex   7.388139e+01 1.035514e+01 8.148578e+01
    endloop
  endfacet
  facet normal -0.000000e+00 1.000000e+00 0.000000e+00
    outer loop
      vertex   7.382340e+01 1.035514e+01 5.799046e+01
      vertex   7.388139e+01 1.035514e+01 8.148578e+01
      vertex   7.424415e+01 1.035514e+01 5.791460e+01
    endloop
  endfacet
  facet normal 0.000000e+00 1.000000e+00 0.000000e+00
    outer loop
      vertex   7.424415e+01 1.035514e+01 5.791460e+01
      vertex   7.388139e+01 1.035514e+01 8.148578e+01
      vertex   7.413463e+01 1.035514e+01 8.159067e+01
    endloop
  endfacet
  facet normal 0.000000e+00 1.000000e+00 -0.000000e+00
    outer loop
      vertex   7.424415e+01 1.035514e+01 5.791460e+01
      vertex   7.413463e+01 1.035514e+01 8.159067e+01
      vertex   7.435209e+01 1.035514e+01 8.175754e+01
    endloop
  endfacet
  facet normal -0.000000e+00 1.000000e+00 0.000000e+00
    outer loop
      vertex   7.424415e+01 1.035514e+01 5.791460e+01
      vertex   7.435209e+01 1.035514e+01 8.175754e+01
      vertex   7.464477e+01 1.035514e+01 5.776529e+01
    endloop
  endfacet
  facet normal 0.000000e+00 1.000000e+00 0.000000e+00
    outer loop
      vertex   7.464477e+01 1.035514e+01 5.776529e+01
      vertex   7.435209e+01 1.035514e+01 8.175754e+01
      vertex   7.451895e+01 1.035514e+01 8.197500e+01
    endloop
  endfacet
  facet normal -0.000000e+00 1.000000e+00 -0.000000e+00
    outer loop
      vertex   7.464477e+01 1.035514e+01 5.776529e+01
      vertex   7.451895e+01 1.035514e+01 8.197500e+01
      vertex   7.501254e+01 1.035514e+01 5.754726e+01
    endloop
  endfacet
  facet normal -0.000000e+00 1.000000e+00 -0.000000e+00
    outer loop
      vertex   7.501254e+01 1.035514e+01 5.754726e+01
      vertex   7.451895e+01 1.035514e+01 8.197500e+01
      vertex   7.533579e+01 1.035514e+01 5.726744e+01
    endloop
  endfacet
  facet normal 0.000000e+00 1.000000e+00 0.000000e+00
    outer loop
      vertex   7.533579e+01 1.035514e+01 5.726744e+01
      vertex   7.451895e+01 1.035514e+01 8.197500e+01
      vertex   7.462385e+01 1.035514e+01 8.222824e+01
    endloop
  endfacet
  facet normal -0.000000e+00 1.000000e+00 -0.000000e+00
    outer loop
      vertex   7.533579e+01 1.035514e+01 5.726744e+01
      vertex   7.462385e+01 1.035514e+01 8.222824e+01
      vertex   7.560426e+01 1.035514e+01 5.693471e+01
    endloop
  endfacet
  facet normal -0.000000e+00 1.000000e+00 -0.000000e+00
    outer loop
      vertex   7.560426e+01 1.035514e+01 5.693471e+01
      vertex   7.462385e+01 1.035514e+01 8.222824e+01
      vertex   7.580943e+01 1.035514e+01 5.655962e+01
    endloop
  endfacet
  facet normal 0.000000e+00 1.000000e+00 0.000000e+00
    outer loop
      vertex   7.580943e+01 1.035514e+01 5.655962e+01
      vertex   7.462385e+01 1.035514e+01 8.222824e+01
      vertex   7.465963e+01 1.035514e+01 8.250000e+01
    endloop
  endfacet
  facet normal -0.000000e+00 1.000000e+00 -0.000000e+00
    outer loop
      vertex   7.580943e+01 1.035514e+01 5.655962e+01
      vertex   7.465963e+01 1.035514e+01 8.250000e+01
      vertex   7.594479e+01 1.035514e+01 5.615407e+01
    endloop
  endfacet
  facet normal 3.181072e-16 1.000000e+00 1.551741e-17
    outer loop
      vertex   7.594479e+01 1.035514e+01 5.615407e+01
      vertex   7.465963e+01 1.035514e+01 8.250000e+01
      vertex   7.970963e+01 1.035514e+01 9.345000e+01
    endloop
  endfacet
  facet normal 1.938327e-16 1.000000e+00 2.806228e-17
    outer loop
      vertex   7.594479e+01 1.035514e+01 5.615407e+01
      vertex   7.970963e+01 1.035514e+01 9.345000e+01
      vertex   7.600605e+01 1.035514e+01 5.573095e+01
    endloop
  endfacet
  facet normal 1.283456e-16 1.000000e+00 3.449237e-17
    outer loop
      vertex   7.600605e+01 1.035514e+01 5.573095e+01
      vertex   7.970963e+01 1.035514e+01 9.345000e+01
      vertex   7.970963e+01 1.035514e+01 4.195000e+01
    endloop
  endfacet
  facet normal 0.000000e+00 1.000000e+00 0.000000e+00
    outer loop
      vertex   7.600605e+01 1.035514e+01 5.573095e+01
      vertex   7.970963e+01 1.035514e+01 4.195000e+01
      vertex   7.718383e+01 1.035514e+01 4.298094e+01
    endloop
  endfacet
  facet normal 0.000000e+00 1.000000e+00 0.000000e+00
    outer loop
      vertex   7.718383e+01 1.035514e+01 4.298094e+01
      vertex   7.970963e+01 1.035514e+01 4.195000e+01
      vertex   7.734799e+01 1.035514e+01 4.247043e+01
    endloop
  endfacet
  facet normal 0.000000e+00 1.000000e+00 0.000000e+00
    outer loop
      vertex   7.734799e+01 1.035514e+01 4.247043e+01
      vertex   7.970963e+01 1.035514e+01 4.195000e+01
      vertex   7.743961e+01 1.035514e+01 4.194206e+01
    endloop
  endfacet
  facet normal -0.000000e+00 1.000000e+00 0.000000e+00
    outer loop
      vertex   7.743961e+01 1.035514e+01 4.194206e+01
      vertex   7.970963e+01 1.035514e+01 4.195000e+01
      vertex   7.911544e+01 1.035514e+01 3.934670e+01
    endloop
  endfacet
  facet normal 0.000000e+00 1.000000e+00 0.000000e+00
    outer loop
      vertex   7.743961e+01 1.035514e+01 4.194206e+01
      vertex   7.911544e+01 1.035514e+01 3.934670e+01
      vertex   7.878997e+01 1.035514e+01 3.875781e+01
    endloop
  endfacet
  facet normal 0.000000e+00 1.000000e+00 -0.000000e+00
    outer loop
      vertex   7.056724e+01 1.035514e+01 4.390932e+01
      vertex   7.026893e+01 1.035514e+01 4.346369e+01
      vertex   7.121320e+01 1.035514e+01 5.573095e+01
    endloop
  endfacet
  facet normal 0.000000e+00 1.000000e+00 0.000000e+00
    outer loop
      vertex   7.121320e+01 1.035514e+01 5.573095e+01
      vertex   7.026893e+01 1.035514e+01 4.346369e+01
      vertex   7.003543e+01 1.035514e+01 4.298094e+01
    endloop
  endfacet
  facet normal 0.000000e+00 1.000000e+00 0.000000e+00
    outer loop
      vertex   6.987127e+01 1.035514e+01 4.247043e+01
      vertex   6.977964e+01 1.035514e+01 4.194206e+01
      vertex   6.750963e+01 1.035514e+01 4.195000e+01
    endloop
  endfacet
  facet normal 0.000000e+00 1.000000e+00 0.000000e+00
    outer loop
      vertex   6.750963e+01 1.035514e+01 4.195000e+01
      vertex   6.977964e+01 1.035514e+01 4.194206e+01
      vertex   6.810381e+01 1.035514e+01 3.934670e+01
    endloop
  endfacet
  facet normal 0.000000e+00 1.000000e+00 0.000000e+00
    outer loop
      vertex   6.750963e+01 1.035514e+01 4.195000e+01
      vertex   6.810381e+01 1.035514e+01 3.934670e+01
      vertex   6.784633e+01 1.035514e+01 3.996833e+01
    endloop
  endfacet
  facet normal 0.000000e+00 1.000000e+00 -0.000000e+00
    outer loop
      vertex   6.976232e+01 1.035514e+01 4.140608e+01
      vertex   6.881864e+01 1.035514e+01 3.820906e+01
      vertex   6.977964e+01 1.035514e+01 4.194206e+01
    endloop
  endfacet
  facet normal 0.000000e+00 1.000000e+00 0.000000e+00
    outer loop
      vertex   6.977964e+01 1.035514e+01 4.194206e+01
      vertex   6.881864e+01 1.035514e+01 3.820906e+01
      vertex   6.842928e+01 1.035514e+01 3.875781e+01
    endloop
  endfacet
  facet normal 0.000000e+00 1.000000e+00 0.000000e+00
    outer loop
      vertex   6.977964e+01 1.035514e+01 4.194206e+01
      vertex   6.842928e+01 1.035514e+01 3.875781e+01
      vertex   6.810381e+01 1.035514e+01 3.934670e+01
    endloop
  endfacet
  facet normal -0.000000e+00 1.000000e+00 0.000000e+00
    outer loop
      vertex   6.881864e+01 1.035514e+01 3.820906e+01
      vertex   6.976232e+01 1.035514e+01 4.140608e+01
      vertex   6.926699e+01 1.035514e+01 3.770736e+01
    endloop
  endfacet
  facet normal 0.000000e+00 1.000000e+00 0.000000e+00
    outer loop
      vertex   6.926699e+01 1.035514e+01 3.770736e+01
      vertex   6.976232e+01 1.035514e+01 4.140608e+01
      vertex   6.981964e+01 1.035514e+01 4.087289e+01
    endloop
  endfacet
  facet normal -0.000000e+00 1.000000e+00 0.000000e+00
    outer loop
      vertex   6.926699e+01 1.035514e+01 3.770736e+01
      vertex   6.981964e+01 1.035514e+01 4.087289e+01
      vertex   6.976869e+01 1.035514e+01 3.725901e+01
    endloop
  endfacet
  facet normal 0.000000e+00 1.000000e+00 0.000000e+00
    outer loop
      vertex   6.976869e+01 1.035514e+01 3.725901e+01
      vertex   6.981964e+01 1.035514e+01 4.087289e+01
      vertex   6.995049e+01 1.035514e+01 4.035284e+01
    endloop
  endfacet
  facet normal 0.000000e+00 1.000000e+00 0.000000e+00
    outer loop
      vertex   6.976869e+01 1.035514e+01 3.725901e+01
      vertex   6.995049e+01 1.035514e+01 4.035284e+01
      vertex   7.015233e+01 1.035514e+01 3.985602e+01
    endloop
  endfacet
  facet normal -0.000000e+00 1.000000e+00 0.000000e+00
    outer loop
      vertex   6.976869e+01 1.035514e+01 3.725901e+01
      vertex   7.015233e+01 1.035514e+01 3.985602e+01
      vertex   7.031744e+01 1.035514e+01 3.686965e+01
    endloop
  endfacet
  facet normal 0.000000e+00 1.000000e+00 -0.000000e+00
    outer loop
      vertex   7.031744e+01 1.035514e+01 3.686965e+01
      vertex   7.015233e+01 1.035514e+01 3.985602e+01
      vertex   7.042124e+01 1.035514e+01 3.939206e+01
    endloop
  endfacet
  facet normal 0.000000e+00 1.000000e+00 0.000000e+00
    outer loop
      vertex   7.031744e+01 1.035514e+01 3.686965e+01
      vertex   7.042124e+01 1.035514e+01 3.939206e+01
      vertex   7.075201e+01 1.035514e+01 3.896997e+01
    endloop
  endfacet
  facet normal -0.000000e+00 1.000000e+00 0.000000e+00
    outer loop
      vertex   7.031744e+01 1.035514e+01 3.686965e+01
      vertex   7.075201e+01 1.035514e+01 3.896997e+01
      vertex   7.090633e+01 1.035514e+01 3.654419e+01
    endloop
  endfacet
  facet normal 0.000000e+00 1.000000e+00 -0.000000e+00
    outer loop
      vertex   7.090633e+01 1.035514e+01 3.654419e+01
      vertex   7.075201e+01 1.035514e+01 3.896997e+01
      vertex   7.113823e+01 1.035514e+01 3.859794e+01
    endloop
  endfacet
  facet normal -0.000000e+00 1.000000e+00 0.000000e+00
    outer loop
      vertex   7.090633e+01 1.035514e+01 3.654419e+01
      vertex   7.113823e+01 1.035514e+01 3.859794e+01
      vertex   7.152795e+01 1.035514e+01 3.628670e+01
    endloop
  endfacet
  facet normal 0.000000e+00 1.000000e+00 -0.000000e+00
    outer loop
      vertex   7.152795e+01 1.035514e+01 3.628670e+01
      vertex   7.113823e+01 1.035514e+01 3.859794e+01
      vertex   7.157239e+01 1.035514e+01 3.828317e+01
    endloop
  endfacet
  facet normal 0.000000e+00 1.000000e+00 0.000000e+00
    outer loop
      vertex   7.152795e+01 1.035514e+01 3.628670e+01
      vertex   7.157239e+01 1.035514e+01 3.828317e+01
      vertex   7.204608e+01 1.035514e+01 3.803179e+01
    endloop
  endfacet
  facet normal -0.000000e+00 1.000000e+00 0.000000e+00
    outer loop
      vertex   7.152795e+01 1.035514e+01 3.628670e+01
      vertex   7.204608e+01 1.035514e+01 3.803179e+01
      vertex   7.217450e+01 1.035514e+01 3.610043e+01
    endloop
  endfacet
  facet normal 0.000000e+00 1.000000e+00 -0.000000e+00
    outer loop
      vertex   7.217450e+01 1.035514e+01 3.610043e+01
      vertex   7.204608e+01 1.035514e+01 3.803179e+01
      vertex   7.255010e+01 1.035514e+01 3.784866e+01
    endloop
  endfacet
  facet normal -0.000000e+00 1.000000e+00 0.000000e+00
    outer loop
      vertex   7.217450e+01 1.035514e+01 3.610043e+01
      vertex   7.255010e+01 1.035514e+01 3.784866e+01
      vertex   7.283784e+01 1.035514e+01 3.598773e+01
    endloop
  endfacet
  facet normal 0.000000e+00 1.000000e+00 -0.000000e+00
    outer loop
      vertex   7.283784e+01 1.035514e+01 3.598773e+01
      vertex   7.255010e+01 1.035514e+01 3.784866e+01
      vertex   7.307467e+01 1.035514e+01 3.773735e+01
    endloop
  endfacet
  facet normal -0.000000e+00 1.000000e+00 0.000000e+00
    outer loop
      vertex   7.283784e+01 1.035514e+01 3.598773e+01
      vertex   7.307467e+01 1.035514e+01 3.773735e+01
      vertex   7.350963e+01 1.035514e+01 3.595000e+01
    endloop
  endfacet
  facet normal 0.000000e+00 1.000000e+00 -0.000000e+00
    outer loop
      vertex   7.350963e+01 1.035514e+01 3.595000e+01
      vertex   7.307467e+01 1.035514e+01 3.773735e+01
      vertex   7.360963e+01 1.035514e+01 3.770000e+01
    endloop
  endfacet
  facet normal 0.000000e+00 1.000000e+00 0.000000e+00
    outer loop
      vertex   7.350963e+01 1.035514e+01 3.595000e+01
      vertex   7.360963e+01 1.035514e+01 3.770000e+01
      vertex   7.370963e+01 1.035514e+01 3.595000e+01
    endloop
  endfacet
  facet normal 0.000000e+00 1.000000e+00 -0.000000e+00
    outer loop
      vertex   7.370963e+01 1.035514e+01 3.595000e+01
      vertex   7.360963e+01 1.035514e+01 3.770000e+01
      vertex   7.414458e+01 1.035514e+01 3.773735e+01
    endloop
  endfacet
  facet normal 0.000000e+00 1.000000e+00 0.000000e+00
    outer loop
      vertex   7.370963e+01 1.035514e+01 3.595000e+01
      vertex   7.414458e+01 1.035514e+01 3.773735e+01
      vertex   7.438141e+01 1.035514e+01 3.598773e+01
    endloop
  endfacet
  facet normal 0.000000e+00 1.000000e+00 -0.000000e+00
    outer loop
      vertex   7.438141e+01 1.035514e+01 3.598773e+01
      vertex   7.414458e+01 1.035514e+01 3.773735e+01
      vertex   7.466916e+01 1.035514e+01 3.784866e+01
    endloop
  endfacet
  facet normal 0.000000e+00 1.000000e+00 0.000000e+00
    outer loop
      vertex   7.438141e+01 1.035514e+01 3.598773e+01
      vertex   7.466916e+01 1.035514e+01 3.784866e+01
      vertex   7.504475e+01 1.035514e+01 3.610043e+01
    endloop
  endfacet
  facet normal 0.000000e+00 1.000000e+00 -0.000000e+00
    outer loop
      vertex   7.504475e+01 1.035514e+01 3.610043e+01
      vertex   7.466916e+01 1.035514e+01 3.784866e+01
      vertex   7.517318e+01 1.035514e+01 3.803179e+01
    endloop
  endfacet
  facet normal 0.000000e+00 1.000000e+00 0.000000e+00
    outer loop
      vertex   7.504475e+01 1.035514e+01 3.610043e+01
      vertex   7.517318e+01 1.035514e+01 3.803179e+01
      vertex   7.569130e+01 1.035514e+01 3.628670e+01
    endloop
  endfacet
  facet normal 0.000000e+00 1.000000e+00 0.000000e+00
    outer loop
      vertex   7.569130e+01 1.035514e+01 3.628670e+01
      vertex   7.517318e+01 1.035514e+01 3.803179e+01
      vertex   7.564687e+01 1.035514e+01 3.828317e+01
    endloop
  endfacet
  facet normal 0.000000e+00 1.000000e+00 -0.000000e+00
    outer loop
      vertex   7.569130e+01 1.035514e+01 3.628670e+01
      vertex   7.564687e+01 1.035514e+01 3.828317e+01
      vertex   7.608103e+01 1.035514e+01 3.859794e+01
    endloop
  endfacet
  facet normal 0.000000e+00 1.000000e+00 0.000000e+00
    outer loop
      vertex   7.569130e+01 1.035514e+01 3.628670e+01
      vertex   7.608103e+01 1.035514e+01 3.859794e+01
      vertex   7.631293e+01 1.035514e+01 3.654419e+01
    endloop
  endfacet
  facet normal 0.000000e+00 1.000000e+00 -0.000000e+00
    outer loop
      vertex   7.631293e+01 1.035514e+01 3.654419e+01
      vertex   7.608103e+01 1.035514e+01 3.859794e+01
      vertex   7.646724e+01 1.035514e+01 3.896997e+01
    endloop
  endfacet
  facet normal 0.000000e+00 1.000000e+00 0.000000e+00
    outer loop
      vertex   7.631293e+01 1.035514e+01 3.654419e+01
      vertex   7.646724e+01 1.035514e+01 3.896997e+01
      vertex   7.690182e+01 1.035514e+01 3.686965e+01
    endloop
  endfacet
  facet normal 0.000000e+00 1.000000e+00 0.000000e+00
    outer loop
      vertex   7.690182e+01 1.035514e+01 3.686965e+01
      vertex   7.646724e+01 1.035514e+01 3.896997e+01
      vertex   7.679802e+01 1.035514e+01 3.939206e+01
    endloop
  endfacet
  facet normal 0.000000e+00 1.000000e+00 -0.000000e+00
    outer loop
      vertex   7.690182e+01 1.035514e+01 3.686965e+01
      vertex   7.679802e+01 1.035514e+01 3.939206e+01
      vertex   7.706693e+01 1.035514e+01 3.985602e+01
    endloop
  endfacet
  facet normal 0.000000e+00 1.000000e+00 0.000000e+00
    outer loop
      vertex   7.690182e+01 1.035514e+01 3.686965e+01
      vertex   7.706693e+01 1.035514e+01 3.985602e+01
      vertex   7.745057e+01 1.035514e+01 3.725901e+01
    endloop
  endfacet
  facet normal 0.000000e+00 1.000000e+00 0.000000e+00
    outer loop
      vertex   7.745057e+01 1.035514e+01 3.725901e+01
      vertex   7.706693e+01 1.035514e+01 3.985602e+01
      vertex   7.726877e+01 1.035514e+01 4.035284e+01
    endloop
  endfacet
  facet normal 0.000000e+00 1.000000e+00 0.000000e+00
    outer loop
      vertex   7.745057e+01 1.035514e+01 3.725901e+01
      vertex   7.726877e+01 1.035514e+01 4.035284e+01
      vertex   7.739962e+01 1.035514e+01 4.087289e+01
    endloop
  endfacet
  facet normal 0.000000e+00 1.000000e+00 -0.000000e+00
    outer loop
      vertex   7.745057e+01 1.035514e+01 3.725901e+01
      vertex   7.739962e+01 1.035514e+01 4.087289e+01
      vertex   7.795227e+01 1.035514e+01 3.770736e+01
    endloop
  endfacet
  facet normal 0.000000e+00 1.000000e+00 0.000000e+00
    outer loop
      vertex   7.795227e+01 1.035514e+01 3.770736e+01
      vertex   7.739962e+01 1.035514e+01 4.087289e+01
      vertex   7.745694e+01 1.035514e+01 4.140608e+01
    endloop
  endfacet
  facet normal 0.000000e+00 1.000000e+00 -0.000000e+00
    outer loop
      vertex   7.795227e+01 1.035514e+01 3.770736e+01
      vertex   7.745694e+01 1.035514e+01 4.140608e+01
      vertex   7.840062e+01 1.035514e+01 3.820906e+01
    endloop
  endfacet
  facet normal 0.000000e+00 1.000000e+00 0.000000e+00
    outer loop
      vertex   7.840062e+01 1.035514e+01 3.820906e+01
      vertex   7.745694e+01 1.035514e+01 4.140608e+01
      vertex   7.743961e+01 1.035514e+01 4.194206e+01
    endloop
  endfacet
  facet normal 0.000000e+00 1.000000e+00 -0.000000e+00
    outer loop
      vertex   7.840062e+01 1.035514e+01 3.820906e+01
      vertex   7.743961e+01 1.035514e+01 4.194206e+01
      vertex   7.878997e+01 1.035514e+01 3.875781e+01
    endloop
  endfacet
  facet normal 0.000000e+00 1.000000e+00 0.000000e+00
    outer loop
      vertex   7.718383e+01 1.035514e+01 4.298094e+01
      vertex   7.695033e+01 1.035514e+01 4.346369e+01
      vertex   7.600605e+01 1.035514e+01 5.573095e+01
    endloop
  endfacet
  facet normal 0.000000e+00 1.000000e+00 0.000000e+00
    outer loop
      vertex   7.600605e+01 1.035514e+01 5.573095e+01
      vertex   7.695033e+01 1.035514e+01 4.346369e+01
      vertex   7.665201e+01 1.035514e+01 4.390932e+01
    endloop
  endfacet
  facet normal 0.000000e+00 1.000000e+00 0.000000e+00
    outer loop
      vertex   6.784633e+01 1.035514e+01 3.996833e+01
      vertex   6.766006e+01 1.035514e+01 4.061487e+01
      vertex   6.750963e+01 1.035514e+01 4.195000e+01
    endloop
  endfacet
  facet normal 0.000000e+00 1.000000e+00 0.000000e+00
    outer loop
      vertex   6.750963e+01 1.035514e+01 4.195000e+01
      vertex   6.766006e+01 1.035514e+01 4.061487e+01
      vertex   6.754735e+01 1.035514e+01 4.127821e+01
    endloop
  endfacet
  facet normal -2.267450e-14 1.000000e+00 6.075614e-15
    outer loop
      vertex   6.754761e+01 1.035514e+01 9.388412e+01
      vertex   6.766040e+01 1.035514e+01 9.430505e+01
      vertex   6.750963e+01 1.035514e+01 9.345000e+01
    endloop
  endfacet
  facet normal -7.164229e-15 1.000000e+00 3.340735e-15
    outer loop
      vertex   6.750963e+01 1.035514e+01 9.345000e+01
      vertex   6.766040e+01 1.035514e+01 9.430505e+01
      vertex   6.784456e+01 1.035514e+01 9.470000e+01
    endloop
  endfacet
  facet normal -1.479973e-14 1.000000e+00 5.386661e-15
    outer loop
      vertex   6.750963e+01 1.035514e+01 9.345000e+01
      vertex   6.784456e+01 1.035514e+01 9.470000e+01
      vertex   6.809452e+01 1.035514e+01 9.505697e+01
    endloop
  endfacet
  facet normal -0.000000e+00 1.000000e+00 0.000000e+00
    outer loop
      vertex   6.809452e+01 1.035514e+01 9.505697e+01
      vertex   6.840266e+01 1.035514e+01 9.536511e+01
      vertex   6.750963e+01 1.035514e+01 9.345000e+01
    endloop
  endfacet
  facet normal -7.388732e-15 1.000000e+00 3.445422e-15
    outer loop
      vertex   6.750963e+01 1.035514e+01 9.345000e+01
      vertex   6.840266e+01 1.035514e+01 9.536511e+01
      vertex   6.875963e+01 1.035514e+01 9.561506e+01
    endloop
  endfacet
  facet normal -9.462234e-16 1.000000e+00 -2.741618e-16
    outer loop
      vertex   6.750963e+01 1.035514e+01 9.345000e+01
      vertex   6.875963e+01 1.035514e+01 9.561506e+01
      vertex   7.255963e+01 1.035514e+01 8.250000e+01
    endloop
  endfacet
  facet normal 0.000000e+00 1.000000e+00 0.000000e+00
    outer loop
      vertex   7.255963e+01 1.035514e+01 8.250000e+01
      vertex   6.875963e+01 1.035514e+01 9.561506e+01
      vertex   6.915458e+01 1.035514e+01 9.579923e+01
    endloop
  endfacet
  facet normal 1.415348e-15 1.000000e+00 3.623766e-16
    outer loop
      vertex   7.255963e+01 1.035514e+01 8.250000e+01
      vertex   6.915458e+01 1.035514e+01 9.579923e+01
      vertex   7.072653e+01 1.035514e+01 9.456157e+01
    endloop
  endfacet
  facet normal 2.869276e-16 1.000000e+00 -1.070828e-15
    outer loop
      vertex   7.072653e+01 1.035514e+01 9.456157e+01
      vertex   6.915458e+01 1.035514e+01 9.579923e+01
      vertex   6.957551e+01 1.035514e+01 9.591202e+01
    endloop
  endfacet
  facet normal 2.860439e-15 1.000000e+00 1.122639e-15
    outer loop
      vertex   7.072653e+01 1.035514e+01 9.456157e+01
      vertex   6.957551e+01 1.035514e+01 9.591202e+01
      vertex   7.055180e+01 1.035514e+01 9.500678e+01
    endloop
  endfacet
  facet normal 3.895930e-15 1.000000e+00 2.239406e-15
    outer loop
      vertex   7.055180e+01 1.035514e+01 9.500678e+01
      vertex   6.957551e+01 1.035514e+01 9.591202e+01
      vertex   7.000963e+01 1.035514e+01 9.595000e+01
    endloop
  endfacet
  facet normal 0.000000e+00 1.000000e+00 0.000000e+00
    outer loop
      vertex   7.055180e+01 1.035514e+01 9.500678e+01
      vertex   7.000963e+01 1.035514e+01 9.595000e+01
      vertex   7.044537e+01 1.035514e+01 9.547306e+01
    endloop
  endfacet
  facet normal 0.000000e+00 1.000000e+00 0.000000e+00
    outer loop
      vertex   7.044537e+01 1.035514e+01 9.547306e+01
      vertex   7.000963e+01 1.035514e+01 9.595000e+01
      vertex   7.040963e+01 1.035514e+01 9.595000e+01
    endloop
  endfacet
  facet normal 3.462244e-16 1.000000e+00 1.998928e-16
    outer loop
      vertex   7.072653e+01 1.035514e+01 9.456157e+01
      vertex   7.096566e+01 1.035514e+01 9.414738e+01
      vertex   7.255963e+01 1.035514e+01 8.250000e+01
    endloop
  endfacet
  facet normal 2.308603e-16 1.000000e+00 1.841050e-16
    outer loop
      vertex   7.255963e+01 1.035514e+01 8.250000e+01
      vertex   7.096566e+01 1.035514e+01 9.414738e+01
      vertex   7.126386e+01 1.035514e+01 9.377345e+01
    endloop
  endfacet
  facet normal 1.636574e-16 1.000000e+00 1.763807e-16
    outer loop
      vertex   7.255963e+01 1.035514e+01 8.250000e+01
      vertex   7.126386e+01 1.035514e+01 9.377345e+01
      vertex   7.161446e+01 1.035514e+01 9.344814e+01
    endloop
  endfacet
  facet normal -3.462244e-16 1.000000e+00 1.998928e-16
    outer loop
      vertex   7.625359e+01 1.035514e+01 9.414738e+01
      vertex   7.649273e+01 1.035514e+01 9.456157e+01
      vertex   7.465963e+01 1.035514e+01 8.250000e+01
    endloop
  endfacet
  facet normal 1.151916e-15 1.000000e+00 -2.779248e-17
    outer loop
      vertex   7.465963e+01 1.035514e+01 8.250000e+01
      vertex   7.649273e+01 1.035514e+01 9.456157e+01
      vertex   7.806468e+01 1.035514e+01 9.579923e+01
    endloop
  endfacet
  facet normal 1.112819e-16 1.000000e+00 2.386449e-16
    outer loop
      vertex   7.465963e+01 1.035514e+01 8.250000e+01
      vertex   7.806468e+01 1.035514e+01 9.579923e+01
      vertex   7.845963e+01 1.035514e+01 9.561506e+01
    endloop
  endfacet
  facet normal 2.869276e-16 1.000000e+00 1.070828e-15
    outer loop
      vertex   7.806468e+01 1.035514e+01 9.579923e+01
      vertex   7.649273e+01 1.035514e+01 9.456157e+01
      vertex   7.764375e+01 1.035514e+01 9.591202e+01
    endloop
  endfacet
  facet normal 2.860439e-15 1.000000e+00 -1.122639e-15
    outer loop
      vertex   7.764375e+01 1.035514e+01 9.591202e+01
      vertex   7.649273e+01 1.035514e+01 9.456157e+01
      vertex   7.666746e+01 1.035514e+01 9.500678e+01
    endloop
  endfacet
  facet normal 1.534580e-13 1.000000e+00 -1.635405e-13
    outer loop
      vertex   7.764375e+01 1.035514e+01 9.591202e+01
      vertex   7.666746e+01 1.035514e+01 9.500678e+01
      vertex   7.720963e+01 1.035514e+01 9.595000e+01
    endloop
  endfacet
  facet normal -2.173685e-13 1.000000e+00 4.961293e-14
    outer loop
      vertex   7.720963e+01 1.035514e+01 9.595000e+01
      vertex   7.666746e+01 1.035514e+01 9.500678e+01
      vertex   7.677389e+01 1.035514e+01 9.547306e+01
    endloop
  endfacet
  facet normal -1.776357e-13 1.000000e+00 1.331195e-14
    outer loop
      vertex   7.720963e+01 1.035514e+01 9.595000e+01
      vertex   7.677389e+01 1.035514e+01 9.547306e+01
      vertex   7.680963e+01 1.035514e+01 9.595000e+01
    endloop
  endfacet
  facet normal -6.338141e-16 1.000000e+00 4.545313e-16
    outer loop
      vertex   7.465963e+01 1.035514e+01 8.250000e+01
      vertex   7.845963e+01 1.035514e+01 9.561506e+01
      vertex   7.970963e+01 1.035514e+01 9.345000e+01
    endloop
  endfacet
  facet normal -7.388732e-15 1.000000e+00 -3.445422e-15
    outer loop
      vertex   7.970963e+01 1.035514e+01 9.345000e+01
      vertex   7.845963e+01 1.035514e+01 9.561506e+01
      vertex   7.881660e+01 1.035514e+01 9.536511e+01
    endloop
  endfacet
  facet normal 0.000000e+00 1.000000e+00 0.000000e+00
    outer loop
      vertex   7.970963e+01 1.035514e+01 9.345000e+01
      vertex   7.881660e+01 1.035514e+01 9.536511e+01
      vertex   7.912474e+01 1.035514e+01 9.505697e+01
    endloop
  endfacet
  facet normal -1.479973e-14 1.000000e+00 -5.386661e-15
    outer loop
      vertex   7.912474e+01 1.035514e+01 9.505697e+01
      vertex   7.937469e+01 1.035514e+01 9.470000e+01
      vertex   7.970963e+01 1.035514e+01 9.345000e+01
    endloop
  endfacet
  facet normal -7.164229e-15 1.000000e+00 -3.340735e-15
    outer loop
      vertex   7.970963e+01 1.035514e+01 9.345000e+01
      vertex   7.937469e+01 1.035514e+01 9.470000e+01
      vertex   7.955886e+01 1.035514e+01 9.430505e+01
    endloop
  endfacet
  facet normal -2.267450e-14 1.000000e+00 -6.075614e-15
    outer loop
      vertex   7.970963e+01 1.035514e+01 9.345000e+01
      vertex   7.955886e+01 1.035514e+01 9.430505e+01
      vertex   7.967165e+01 1.035514e+01 9.388412e+01
    endloop
  endfacet
  facet normal 0.000000e+00 1.000000e+00 -0.000000e+00
    outer loop
      vertex   7.967190e+01 1.035514e+01 4.127821e+01
      vertex   7.955920e+01 1.035514e+01 4.061487e+01
      vertex   7.970963e+01 1.035514e+01 4.195000e+01
    endloop
  endfacet
  facet normal 0.000000e+00 1.000000e+00 0.000000e+00
    outer loop
      vertex   7.970963e+01 1.035514e+01 4.195000e+01
      vertex   7.955920e+01 1.035514e+01 4.061487e+01
      vertex   7.937293e+01 1.035514e+01 3.996833e+01
    endloop
  endfacet
  facet normal 0.000000e+00 1.000000e+00 0.000000e+00
    outer loop
      vertex   7.970963e+01 1.035514e+01 4.195000e+01
      vertex   7.937293e+01 1.035514e+01 3.996833e+01
      vertex   7.911544e+01 1.035514e+01 3.934670e+01
    endloop
  endfacet
  facet normal 3.552714e-14 1.051815e-28 -1.000000e+00
    outer loop
      vertex   7.350963e+01 5.555142e+00 3.595000e+01
      vertex   7.350963e+01 1.035514e+01 3.595000e+01
      vertex   7.370963e+01 5.555142e+00 3.595000e+01
    endloop
  endfacet
  facet normal 0.000000e+00 -1.480297e-15 -1.000000e+00
    outer loop
      vertex   7.370963e+01 5.555142e+00 3.595000e+01
      vertex   7.350963e+01 1.035514e+01 3.595000e+01
      vertex   7.370963e+01 1.035514e+01 3.595000e+01
    endloop
  endfacet
  facet normal -9.984268e-01 -2.955937e-15 -5.607045e-02
    outer loop
      vertex   6.750963e+01 5.555142e+00 4.195000e+01
      vertex   6.750963e+01 1.035514e+01 4.195000e+01
      vertex   6.754735e+01 5.555142e+00 4.127821e+01
    endloop
  endfacet
  facet normal -9.984268e-01 0.000000e+00 -5.607045e-02
    outer loop
      vertex   6.754735e+01 5.555142e+00 4.127821e+01
      vertex   6.750963e+01 1.035514e+01 4.195000e+01
      vertex   6.754735e+01 1.035514e+01 4.127821e+01
    endloop
  endfacet
  facet normal -9.858710e-01 0.000000e+00 -1.675062e-01
    outer loop
      vertex   6.754735e+01 5.555142e+00 4.127821e+01
      vertex   6.754735e+01 1.035514e+01 4.127821e+01
      vertex   6.766006e+01 5.555142e+00 4.061487e+01
    endloop
  endfacet
  facet normal -9.858710e-01 0.000000e+00 -1.675062e-01
    outer loop
      vertex   6.766006e+01 5.555142e+00 4.061487e+01
      vertex   6.754735e+01 1.035514e+01 4.127821e+01
      vertex   6.766006e+01 1.035514e+01 4.061487e+01
    endloop
  endfacet
  facet normal -9.609173e-01 0.000000e+00 -2.768355e-01
    outer loop
      vertex   6.766006e+01 5.555142e+00 4.061487e+01
      vertex   6.766006e+01 1.035514e+01 4.061487e+01
      vertex   6.784633e+01 5.555142e+00 3.996833e+01
    endloop
  endfacet
  facet normal -9.609173e-01 0.000000e+00 -2.768355e-01
    outer loop
      vertex   6.784633e+01 5.555142e+00 3.996833e+01
      vertex   6.766006e+01 1.035514e+01 4.061487e+01
      vertex   6.784633e+01 1.035514e+01 3.996833e+01
    endloop
  endfacet
  facet normal -9.238795e-01 0.000000e+00 -3.826834e-01
    outer loop
      vertex   6.784633e+01 5.555142e+00 3.996833e+01
      vertex   6.784633e+01 1.035514e+01 3.996833e+01
      vertex   6.810381e+01 5.555142e+00 3.934670e+01
    endloop
  endfacet
  facet normal -9.238795e-01 0.000000e+00 -3.826834e-01
    outer loop
      vertex   6.810381e+01 5.555142e+00 3.934670e+01
      vertex   6.784633e+01 1.035514e+01 3.996833e+01
      vertex   6.810381e+01 1.035514e+01 3.934670e+01
    endloop
  endfacet
  facet normal -8.752234e-01 0.000000e+00 -4.837189e-01
    outer loop
      vertex   6.810381e+01 5.555142e+00 3.934670e+01
      vertex   6.810381e+01 1.035514e+01 3.934670e+01
      vertex   6.842928e+01 5.555142e+00 3.875781e+01
    endloop
  endfacet
  facet normal -8.752234e-01 0.000000e+00 -4.837189e-01
    outer loop
      vertex   6.842928e+01 5.555142e+00 3.875781e+01
      vertex   6.810381e+01 1.035514e+01 3.934670e+01
      vertex   6.842928e+01 1.035514e+01 3.875781e+01
    endloop
  endfacet
  facet normal -8.155609e-01 0.000000e+00 -5.786713e-01
    outer loop
      vertex   6.842928e+01 5.555142e+00 3.875781e+01
      vertex   6.842928e+01 1.035514e+01 3.875781e+01
      vertex   6.881864e+01 5.555142e+00 3.820906e+01
    endloop
  endfacet
  facet normal -8.155609e-01 0.000000e+00 -5.786713e-01
    outer loop
      vertex   6.881864e+01 5.555142e+00 3.820906e+01
      vertex   6.842928e+01 1.035514e+01 3.875781e+01
      vertex   6.881864e+01 1.035514e+01 3.820906e+01
    endloop
  endfacet
  facet normal -7.456422e-01 0.000000e+00 -6.663466e-01
    outer loop
      vertex   6.881864e+01 5.555142e+00 3.820906e+01
      vertex   6.881864e+01 1.035514e+01 3.820906e+01
      vertex   6.926699e+01 5.555142e+00 3.770736e+01
    endloop
  endfacet
  facet normal -7.456422e-01 0.000000e+00 -6.663466e-01
    outer loop
      vertex   6.926699e+01 5.555142e+00 3.770736e+01
      vertex   6.881864e+01 1.035514e+01 3.820906e+01
      vertex   6.926699e+01 1.035514e+01 3.770736e+01
    endloop
  endfacet
  facet normal -6.663466e-01 0.000000e+00 -7.456422e-01
    outer loop
      vertex   6.926699e+01 5.555142e+00 3.770736e+01
      vertex   6.926699e+01 1.035514e+01 3.770736e+01
      vertex   6.976869e+01 5.555142e+00 3.725901e+01
    endloop
  endfacet
  facet normal -6.663466e-01 0.000000e+00 -7.456422e-01
    outer loop
      vertex   6.976869e+01 5.555142e+00 3.725901e+01
      vertex   6.926699e+01 1.035514e+01 3.770736e+01
      vertex   6.976869e+01 1.035514e+01 3.725901e+01
    endloop
  endfacet
  facet normal -5.786713e-01 0.000000e+00 -8.155609e-01
    outer loop
      vertex   6.976869e+01 5.555142e+00 3.725901e+01
      vertex   6.976869e+01 1.035514e+01 3.725901e+01
      vertex   7.031744e+01 5.555142e+00 3.686965e+01
    endloop
  endfacet
  facet normal -5.786713e-01 0.000000e+00 -8.155609e-01
    outer loop
      vertex   7.031744e+01 5.555142e+00 3.686965e+01
      vertex   6.976869e+01 1.035514e+01 3.725901e+01
      vertex   7.031744e+01 1.035514e+01 3.686965e+01
    endloop
  endfacet
  facet normal -4.837189e-01 0.000000e+00 -8.752234e-01
    outer loop
      vertex   7.031744e+01 5.555142e+00 3.686965e+01
      vertex   7.031744e+01 1.035514e+01 3.686965e+01
      vertex   7.090633e+01 5.555142e+00 3.654419e+01
    endloop
  endfacet
  facet normal -4.837189e-01 0.000000e+00 -8.752234e-01
    outer loop
      vertex   7.090633e+01 5.555142e+00 3.654419e+01
      vertex   7.031744e+01 1.035514e+01 3.686965e+01
      vertex   7.090633e+01 1.035514e+01 3.654419e+01
    endloop
  endfacet
  facet normal -3.826834e-01 0.000000e+00 -9.238795e-01
    outer loop
      vertex   7.090633e+01 5.555142e+00 3.654419e+01
      vertex   7.090633e+01 1.035514e+01 3.654419e+01
      vertex   7.152795e+01 5.555142e+00 3.628670e+01
    endloop
  endfacet
  facet normal -3.826834e-01 0.000000e+00 -9.238795e-01
    outer loop
      vertex   7.152795e+01 5.555142e+00 3.628670e+01
      vertex   7.090633e+01 1.035514e+01 3.654419e+01
      vertex   7.152795e+01 1.035514e+01 3.628670e+01
    endloop
  endfacet
  facet normal -2.768355e-01 0.000000e+00 -9.609173e-01
    outer loop
      vertex   7.152795e+01 5.555142e+00 3.628670e+01
      vertex   7.152795e+01 1.035514e+01 3.628670e+01
      vertex   7.217450e+01 5.555142e+00 3.610043e+01
    endloop
  endfacet
  facet normal -2.768355e-01 0.000000e+00 -9.609173e-01
    outer loop
      vertex   7.217450e+01 5.555142e+00 3.610043e+01
      vertex   7.152795e+01 1.035514e+01 3.628670e+01
      vertex   7.217450e+01 1.035514e+01 3.610043e+01
    endloop
  endfacet
  facet normal -1.675062e-01 0.000000e+00 -9.858710e-01
    outer loop
      vertex   7.217450e+01 5.555142e+00 3.610043e+01
      vertex   7.217450e+01 1.035514e+01 3.610043e+01
      vertex   7.283784e+01 5.555142e+00 3.598773e+01
    endloop
  endfacet
  facet normal -1.675062e-01 0.000000e+00 -9.858710e-01
    outer loop
      vertex   7.283784e+01 5.555142e+00 3.598773e+01
      vertex   7.217450e+01 1.035514e+01 3.610043e+01
      vertex   7.283784e+01 1.035514e+01 3.598773e+01
    endloop
  endfacet
  facet normal -5.607045e-02 0.000000e+00 -9.984268e-01
    outer loop
      vertex   7.283784e+01 5.555142e+00 3.598773e+01
      vertex   7.283784e+01 1.035514e+01 3.598773e+01
      vertex   7.350963e+01 5.555142e+00 3.595000e+01
    endloop
  endfacet
  facet normal -5.607045e-02 -1.660019e-16 -9.984268e-01
    outer loop
      vertex   7.350963e+01 5.555142e+00 3.595000e+01
      vertex   7.283784e+01 1.035514e+01 3.598773e+01
      vertex   7.350963e+01 1.035514e+01 3.595000e+01
    endloop
  endfacet
endsolid
