solid ASCII
  facet normal 1.000000e+00 0.000000e+00 1.170306e-13
    outer loop
      vertex   7.970963e+01 1.035514e+01 2.060000e+01
      vertex   7.970963e+01 6.355142e+00 2.485000e+01
      vertex   7.970963e+01 1.955142e+00 2.060000e+01
    endloop
  endfacet
  facet normal 1.000000e+00 0.000000e+00 1.170306e-13
    outer loop
      vertex   7.970963e+01 1.955142e+00 2.060000e+01
      vertex   7.970963e+01 6.355142e+00 2.485000e+01
      vertex   7.970963e+01 2.705142e+00 2.485000e+01
    endloop
  endfacet
  facet normal 1.000000e+00 -1.651166e-13 1.461688e-13
    outer loop
      vertex   7.970963e+01 1.955142e+00 2.060000e+01
      vertex   7.970963e+01 2.705142e+00 2.485000e+01
      vertex   7.970963e+01 1.955142e+00 2.410000e+01
    endloop
  endfacet
  facet normal 1.000000e+00 -8.143534e-14 6.248754e-14
    outer loop
      vertex   7.970963e+01 1.955142e+00 2.410000e+01
      vertex   7.970963e+01 2.705142e+00 2.485000e+01
      vertex   7.970963e+01 2.511028e+00 2.482444e+01
    endloop
  endfacet
  facet normal 1.000000e+00 0.000000e+00 0.000000e+00
    outer loop
      vertex   7.970963e+01 1.955142e+00 2.410000e+01
      vertex   7.970963e+01 2.511028e+00 2.482444e+01
      vertex   7.970963e+01 2.330142e+00 2.474952e+01
    endloop
  endfacet
  facet normal 1.000000e+00 -7.969414e-14 4.202432e-14
    outer loop
      vertex   7.970963e+01 1.035514e+01 2.060000e+01
      vertex   7.970963e+01 1.035514e+01 3.345000e+01
      vertex   7.970963e+01 6.355142e+00 2.485000e+01
    endloop
  endfacet
  facet normal 1.000000e+00 7.105427e-15 1.652425e-15
    outer loop
      vertex   7.970963e+01 6.355142e+00 2.485000e+01
      vertex   7.970963e+01 1.035514e+01 3.345000e+01
      vertex   7.970963e+01 6.355142e+00 3.345000e+01
    endloop
  endfacet
  facet normal 1.000000e+00 0.000000e+00 0.000000e+00
    outer loop
      vertex   7.970963e+01 2.330142e+00 2.474952e+01
      vertex   7.970963e+01 2.174812e+00 2.463033e+01
      vertex   7.970963e+01 1.955142e+00 2.410000e+01
    endloop
  endfacet
  facet normal 1.000000e+00 0.000000e+00 0.000000e+00
    outer loop
      vertex   7.970963e+01 1.955142e+00 2.410000e+01
      vertex   7.970963e+01 2.174812e+00 2.463033e+01
      vertex   7.970963e+01 2.055623e+00 2.447500e+01
    endloop
  endfacet
  facet normal 1.000000e+00 0.000000e+00 0.000000e+00
    outer loop
      vertex   7.970963e+01 1.955142e+00 2.410000e+01
      vertex   7.970963e+01 2.055623e+00 2.447500e+01
      vertex   7.970963e+01 1.980698e+00 2.429411e+01
    endloop
  endfacet
  facet normal -0.000000e+00 1.000000e+00 1.044916e-14
    outer loop
      vertex   6.750963e+01 1.035514e+01 2.060000e+01
      vertex   7.360963e+01 1.035514e+01 2.145000e+01
      vertex   7.970963e+01 1.035514e+01 2.060000e+01
    endloop
  endfacet
  facet normal -7.073517e-16 1.000000e+00 5.372869e-15
    outer loop
      vertex   7.970963e+01 1.035514e+01 2.060000e+01
      vertex   7.360963e+01 1.035514e+01 2.145000e+01
      vertex   7.388139e+01 1.035514e+01 2.148578e+01
    endloop
  endfacet
  facet normal -1.114864e-15 1.000000e+00 2.691520e-15
    outer loop
      vertex   7.970963e+01 1.035514e+01 2.060000e+01
      vertex   7.388139e+01 1.035514e+01 2.148578e+01
      vertex   7.413463e+01 1.035514e+01 2.159067e+01
    endloop
  endfacet
  facet normal 1.323609e-15 1.000000e+00 8.294273e-16
    outer loop
      vertex   6.750963e+01 1.035514e+01 3.345000e+01
      vertex   7.270030e+01 1.035514e+01 2.302500e+01
      vertex   6.750963e+01 1.035514e+01 2.060000e+01
    endloop
  endfacet
  facet normal 2.121679e-15 1.000000e+00 -8.788282e-16
    outer loop
      vertex   6.750963e+01 1.035514e+01 2.060000e+01
      vertex   7.270030e+01 1.035514e+01 2.302500e+01
      vertex   7.259541e+01 1.035514e+01 2.277176e+01
    endloop
  endfacet
  facet normal 1.850426e-15 1.000000e+00 -2.436131e-16
    outer loop
      vertex   6.750963e+01 1.035514e+01 2.060000e+01
      vertex   7.259541e+01 1.035514e+01 2.277176e+01
      vertex   7.255963e+01 1.035514e+01 2.250000e+01
    endloop
  endfacet
  facet normal -1.011677e-15 1.000000e+00 3.741763e-15
    outer loop
      vertex   6.755766e+01 1.035514e+01 3.393773e+01
      vertex   7.083835e+01 1.035514e+01 3.435000e+01
      vertex   6.750963e+01 1.035514e+01 3.345000e+01
    endloop
  endfacet
  facet normal 0.000000e+00 1.000000e+00 0.000000e+00
    outer loop
      vertex   6.750963e+01 1.035514e+01 3.345000e+01
      vertex   7.083835e+01 1.035514e+01 3.435000e+01
      vertex   7.115829e+01 1.035514e+01 3.389308e+01
    endloop
  endfacet
  facet normal 0.000000e+00 1.000000e+00 0.000000e+00
    outer loop
      vertex   6.750963e+01 1.035514e+01 3.345000e+01
      vertex   7.115829e+01 1.035514e+01 3.389308e+01
      vertex   7.155271e+01 1.035514e+01 3.349866e+01
    endloop
  endfacet
  facet normal -5.629185e-16 1.000000e+00 1.707595e-16
    outer loop
      vertex   6.755766e+01 1.035514e+01 3.393773e+01
      vertex   6.769993e+01 1.035514e+01 3.440671e+01
      vertex   7.083835e+01 1.035514e+01 3.435000e+01
    endloop
  endfacet
  facet normal -6.341413e-16 1.000000e+00 -3.770917e-15
    outer loop
      vertex   7.083835e+01 1.035514e+01 3.435000e+01
      vertex   6.769993e+01 1.035514e+01 3.440671e+01
      vertex   6.793095e+01 1.035514e+01 3.483893e+01
    endloop
  endfacet
  facet normal 0.000000e+00 1.000000e+00 0.000000e+00
    outer loop
      vertex   7.083835e+01 1.035514e+01 3.435000e+01
      vertex   6.793095e+01 1.035514e+01 3.483893e+01
      vertex   6.824186e+01 1.035514e+01 3.521777e+01
    endloop
  endfacet
  facet normal 0.000000e+00 1.000000e+00 0.000000e+00
    outer loop
      vertex   7.083835e+01 1.035514e+01 3.435000e+01
      vertex   6.824186e+01 1.035514e+01 3.521777e+01
      vertex   7.060261e+01 1.035514e+01 3.485554e+01
    endloop
  endfacet
  facet normal 0.000000e+00 1.000000e+00 0.000000e+00
    outer loop
      vertex   7.060261e+01 1.035514e+01 3.485554e+01
      vertex   6.824186e+01 1.035514e+01 3.521777e+01
      vertex   6.862070e+01 1.035514e+01 3.552867e+01
    endloop
  endfacet
  facet normal -1.596841e-15 1.000000e+00 -4.701551e-15
    outer loop
      vertex   7.060261e+01 1.035514e+01 3.485554e+01
      vertex   6.862070e+01 1.035514e+01 3.552867e+01
      vertex   6.905292e+01 1.035514e+01 3.575970e+01
    endloop
  endfacet
  facet normal 3.921041e-16 1.000000e+00 -1.292594e-15
    outer loop
      vertex   6.905292e+01 1.035514e+01 3.575970e+01
      vertex   6.952190e+01 1.035514e+01 3.590196e+01
      vertex   7.060261e+01 1.035514e+01 3.485554e+01
    endloop
  endfacet
  facet normal 2.219558e-15 1.000000e+00 5.947289e-16
    outer loop
      vertex   7.060261e+01 1.035514e+01 3.485554e+01
      vertex   6.952190e+01 1.035514e+01 3.590196e+01
      vertex   7.045824e+01 1.035514e+01 3.539433e+01
    endloop
  endfacet
  facet normal -5.826989e-14 1.000000e+00 -1.109785e-13
    outer loop
      vertex   7.045824e+01 1.035514e+01 3.539433e+01
      vertex   6.952190e+01 1.035514e+01 3.590196e+01
      vertex   7.000963e+01 1.035514e+01 3.595000e+01
    endloop
  endfacet
  facet normal 0.000000e+00 1.000000e+00 -6.393520e-14
    outer loop
      vertex   7.045824e+01 1.035514e+01 3.539433e+01
      vertex   7.000963e+01 1.035514e+01 3.595000e+01
      vertex   7.040963e+01 1.035514e+01 3.595000e+01
    endloop
  endfacet
  facet normal 0.000000e+00 1.000000e+00 0.000000e+00
    outer loop
      vertex   7.155271e+01 1.035514e+01 3.349866e+01
      vertex   7.200963e+01 1.035514e+01 3.317872e+01
      vertex   6.750963e+01 1.035514e+01 3.345000e+01
    endloop
  endfacet
  facet normal 1.083378e-17 1.000000e+00 1.797103e-16
    outer loop
      vertex   6.750963e+01 1.035514e+01 3.345000e+01
      vertex   7.200963e+01 1.035514e+01 3.317872e+01
      vertex   7.286717e+01 1.035514e+01 2.324246e+01
    endloop
  endfacet
  facet normal -1.346739e-16 1.000000e+00 1.033389e-16
    outer loop
      vertex   6.750963e+01 1.035514e+01 3.345000e+01
      vertex   7.286717e+01 1.035514e+01 2.324246e+01
      vertex   7.270030e+01 1.035514e+01 2.302500e+01
    endloop
  endfacet
  facet normal -1.286589e-16 1.000000e+00 1.676715e-16
    outer loop
      vertex   7.286717e+01 1.035514e+01 2.324246e+01
      vertex   7.200963e+01 1.035514e+01 3.317872e+01
      vertex   7.308463e+01 1.035514e+01 2.340933e+01
    endloop
  endfacet
  facet normal 8.937407e-17 1.000000e+00 1.916633e-16
    outer loop
      vertex   7.308463e+01 1.035514e+01 2.340933e+01
      vertex   7.200963e+01 1.035514e+01 3.317872e+01
      vertex   7.251516e+01 1.035514e+01 3.294298e+01
    endloop
  endfacet
  facet normal 5.073765e-17 1.000000e+00 1.893555e-16
    outer loop
      vertex   7.308463e+01 1.035514e+01 2.340933e+01
      vertex   7.251516e+01 1.035514e+01 3.294298e+01
      vertex   7.305395e+01 1.035514e+01 3.279862e+01
    endloop
  endfacet
  facet normal -7.825905e-17 1.000000e+00 1.889341e-16
    outer loop
      vertex   7.308463e+01 1.035514e+01 2.340933e+01
      vertex   7.305395e+01 1.035514e+01 3.279862e+01
      vertex   7.333787e+01 1.035514e+01 2.351422e+01
    endloop
  endfacet
  facet normal 1.678386e-17 1.000000e+00 1.918404e-16
    outer loop
      vertex   7.333787e+01 1.035514e+01 2.351422e+01
      vertex   7.305395e+01 1.035514e+01 3.279862e+01
      vertex   7.360963e+01 1.035514e+01 3.275000e+01
    endloop
  endfacet
  facet normal -2.541976e-17 1.000000e+00 1.930823e-16
    outer loop
      vertex   7.333787e+01 1.035514e+01 2.351422e+01
      vertex   7.360963e+01 1.035514e+01 3.275000e+01
      vertex   7.360963e+01 1.035514e+01 2.355000e+01
    endloop
  endfacet
  facet normal 2.541976e-17 1.000000e+00 1.930823e-16
    outer loop
      vertex   7.360963e+01 1.035514e+01 2.355000e+01
      vertex   7.360963e+01 1.035514e+01 3.275000e+01
      vertex   7.388139e+01 1.035514e+01 2.351422e+01
    endloop
  endfacet
  facet normal -1.678386e-17 1.000000e+00 1.918404e-16
    outer loop
      vertex   7.388139e+01 1.035514e+01 2.351422e+01
      vertex   7.360963e+01 1.035514e+01 3.275000e+01
      vertex   7.416530e+01 1.035514e+01 3.279862e+01
    endloop
  endfacet
  facet normal 7.825905e-17 1.000000e+00 1.889341e-16
    outer loop
      vertex   7.388139e+01 1.035514e+01 2.351422e+01
      vertex   7.416530e+01 1.035514e+01 3.279862e+01
      vertex   7.413463e+01 1.035514e+01 2.340933e+01
    endloop
  endfacet
  facet normal -5.073765e-17 1.000000e+00 1.893555e-16
    outer loop
      vertex   7.413463e+01 1.035514e+01 2.340933e+01
      vertex   7.416530e+01 1.035514e+01 3.279862e+01
      vertex   7.470409e+01 1.035514e+01 3.294298e+01
    endloop
  endfacet
  facet normal -8.937407e-17 1.000000e+00 1.916633e-16
    outer loop
      vertex   7.413463e+01 1.035514e+01 2.340933e+01
      vertex   7.470409e+01 1.035514e+01 3.294298e+01
      vertex   7.520963e+01 1.035514e+01 3.317872e+01
    endloop
  endfacet
  facet normal -8.638670e-15 1.000000e+00 1.233730e-14
    outer loop
      vertex   7.566655e+01 1.035514e+01 3.349866e+01
      vertex   7.970963e+01 1.035514e+01 3.345000e+01
      vertex   7.520963e+01 1.035514e+01 3.317872e+01
    endloop
  endfacet
  facet normal -7.947044e-15 1.000000e+00 8.646363e-16
    outer loop
      vertex   7.520963e+01 1.035514e+01 3.317872e+01
      vertex   7.970963e+01 1.035514e+01 3.345000e+01
      vertex   7.435209e+01 1.035514e+01 2.324246e+01
    endloop
  endfacet
  facet normal 1.286589e-16 1.000000e+00 1.676715e-16
    outer loop
      vertex   7.520963e+01 1.035514e+01 3.317872e+01
      vertex   7.435209e+01 1.035514e+01 2.324246e+01
      vertex   7.413463e+01 1.035514e+01 2.340933e+01
    endloop
  endfacet
  facet normal -8.682653e-15 1.000000e+00 8.682653e-15
    outer loop
      vertex   7.566655e+01 1.035514e+01 3.349866e+01
      vertex   7.606097e+01 1.035514e+01 3.389308e+01
      vertex   7.970963e+01 1.035514e+01 3.345000e+01
    endloop
  endfacet
  facet normal -8.973980e-15 1.000000e+00 6.283648e-15
    outer loop
      vertex   7.970963e+01 1.035514e+01 3.345000e+01
      vertex   7.606097e+01 1.035514e+01 3.389308e+01
      vertex   7.638091e+01 1.035514e+01 3.435000e+01
    endloop
  endfacet
  facet normal -1.197658e-14 1.000000e+00 -4.821712e-15
    outer loop
      vertex   7.970963e+01 1.035514e+01 3.345000e+01
      vertex   7.638091e+01 1.035514e+01 3.435000e+01
      vertex   7.966159e+01 1.035514e+01 3.393773e+01
    endloop
  endfacet
  facet normal -1.182129e-14 1.000000e+00 -3.585949e-15
    outer loop
      vertex   7.966159e+01 1.035514e+01 3.393773e+01
      vertex   7.638091e+01 1.035514e+01 3.435000e+01
      vertex   7.951933e+01 1.035514e+01 3.440671e+01
    endloop
  endfacet
  facet normal -1.184594e-14 1.000000e+00 -2.221912e-15
    outer loop
      vertex   7.951933e+01 1.035514e+01 3.440671e+01
      vertex   7.638091e+01 1.035514e+01 3.435000e+01
      vertex   7.928830e+01 1.035514e+01 3.483893e+01
    endloop
  endfacet
  facet normal -1.073767e-14 1.000000e+00 -8.812181e-15
    outer loop
      vertex   7.928830e+01 1.035514e+01 3.483893e+01
      vertex   7.638091e+01 1.035514e+01 3.435000e+01
      vertex   7.897740e+01 1.035514e+01 3.521777e+01
    endloop
  endfacet
  facet normal -1.620882e-14 1.000000e+00 7.558299e-15
    outer loop
      vertex   7.897740e+01 1.035514e+01 3.521777e+01
      vertex   7.638091e+01 1.035514e+01 3.435000e+01
      vertex   7.661664e+01 1.035514e+01 3.485554e+01
    endloop
  endfacet
  facet normal -1.267861e-14 1.000000e+00 -1.544894e-14
    outer loop
      vertex   7.897740e+01 1.035514e+01 3.521777e+01
      vertex   7.661664e+01 1.035514e+01 3.485554e+01
      vertex   7.859855e+01 1.035514e+01 3.552867e+01
    endloop
  endfacet
  facet normal -1.255774e-14 1.000000e+00 -1.580484e-14
    outer loop
      vertex   7.859855e+01 1.035514e+01 3.552867e+01
      vertex   7.661664e+01 1.035514e+01 3.485554e+01
      vertex   7.816634e+01 1.035514e+01 3.575970e+01
    endloop
  endfacet
  facet normal -7.449978e-15 1.000000e+00 -2.455929e-14
    outer loop
      vertex   7.816634e+01 1.035514e+01 3.575970e+01
      vertex   7.661664e+01 1.035514e+01 3.485554e+01
      vertex   7.769735e+01 1.035514e+01 3.590196e+01
    endloop
  endfacet
  facet normal -4.217161e-14 1.000000e+00 1.129985e-14
    outer loop
      vertex   7.769735e+01 1.035514e+01 3.590196e+01
      vertex   7.661664e+01 1.035514e+01 3.485554e+01
      vertex   7.676101e+01 1.035514e+01 3.539433e+01
    endloop
  endfacet
  facet normal 5.918435e-14 1.000000e+00 -1.756520e-13
    outer loop
      vertex   7.769735e+01 1.035514e+01 3.590196e+01
      vertex   7.676101e+01 1.035514e+01 3.539433e+01
      vertex   7.720963e+01 1.035514e+01 3.595000e+01
    endloop
  endfacet
  facet normal -8.881784e-14 1.000000e+00 -5.616464e-14
    outer loop
      vertex   7.720963e+01 1.035514e+01 3.595000e+01
      vertex   7.676101e+01 1.035514e+01 3.539433e+01
      vertex   7.680963e+01 1.035514e+01 3.595000e+01
    endloop
  endfacet
  facet normal -2.558805e-15 1.000000e+00 -1.963440e-15
    outer loop
      vertex   7.435209e+01 1.035514e+01 2.324246e+01
      vertex   7.970963e+01 1.035514e+01 3.345000e+01
      vertex   7.451895e+01 1.035514e+01 2.302500e+01
    endloop
  endfacet
  facet normal -2.615260e-15 1.000000e+00 -1.935330e-15
    outer loop
      vertex   7.451895e+01 1.035514e+01 2.302500e+01
      vertex   7.970963e+01 1.035514e+01 3.345000e+01
      vertex   7.970963e+01 1.035514e+01 2.060000e+01
    endloop
  endfacet
  facet normal -2.121679e-15 1.000000e+00 -8.788282e-16
    outer loop
      vertex   7.451895e+01 1.035514e+01 2.302500e+01
      vertex   7.970963e+01 1.035514e+01 2.060000e+01
      vertex   7.462385e+01 1.035514e+01 2.277176e+01
    endloop
  endfacet
  facet normal -1.850426e-15 1.000000e+00 -2.436131e-16
    outer loop
      vertex   7.462385e+01 1.035514e+01 2.277176e+01
      vertex   7.970963e+01 1.035514e+01 2.060000e+01
      vertex   7.465963e+01 1.035514e+01 2.250000e+01
    endloop
  endfacet
  facet normal -1.675764e-15 1.000000e+00 2.206185e-16
    outer loop
      vertex   7.465963e+01 1.035514e+01 2.250000e+01
      vertex   7.970963e+01 1.035514e+01 2.060000e+01
      vertex   7.462385e+01 1.035514e+01 2.222824e+01
    endloop
  endfacet
  facet normal -1.541918e-15 1.000000e+00 6.386835e-16
    outer loop
      vertex   7.462385e+01 1.035514e+01 2.222824e+01
      vertex   7.970963e+01 1.035514e+01 2.060000e+01
      vertex   7.451895e+01 1.035514e+01 2.197500e+01
    endloop
  endfacet
  facet normal -1.422053e-15 1.000000e+00 1.091180e-15
    outer loop
      vertex   7.451895e+01 1.035514e+01 2.197500e+01
      vertex   7.970963e+01 1.035514e+01 2.060000e+01
      vertex   7.435209e+01 1.035514e+01 2.175754e+01
    endloop
  endfacet
  facet normal -1.293576e-15 1.000000e+00 1.685821e-15
    outer loop
      vertex   7.435209e+01 1.035514e+01 2.175754e+01
      vertex   7.970963e+01 1.035514e+01 2.060000e+01
      vertex   7.413463e+01 1.035514e+01 2.159067e+01
    endloop
  endfacet
  facet normal 1.675764e-15 1.000000e+00 2.206185e-16
    outer loop
      vertex   7.255963e+01 1.035514e+01 2.250000e+01
      vertex   7.259541e+01 1.035514e+01 2.222824e+01
      vertex   6.750963e+01 1.035514e+01 2.060000e+01
    endloop
  endfacet
  facet normal 1.541918e-15 1.000000e+00 6.386835e-16
    outer loop
      vertex   6.750963e+01 1.035514e+01 2.060000e+01
      vertex   7.259541e+01 1.035514e+01 2.222824e+01
      vertex   7.270030e+01 1.035514e+01 2.197500e+01
    endloop
  endfacet
  facet normal 1.422053e-15 1.000000e+00 1.091180e-15
    outer loop
      vertex   6.750963e+01 1.035514e+01 2.060000e+01
      vertex   7.270030e+01 1.035514e+01 2.197500e+01
      vertex   7.286717e+01 1.035514e+01 2.175754e+01
    endloop
  endfacet
  facet normal 1.293576e-15 1.000000e+00 1.685821e-15
    outer loop
      vertex   7.286717e+01 1.035514e+01 2.175754e+01
      vertex   7.308463e+01 1.035514e+01 2.159067e+01
      vertex   6.750963e+01 1.035514e+01 2.060000e+01
    endloop
  endfacet
  facet normal 1.114864e-15 1.000000e+00 2.691520e-15
    outer loop
      vertex   6.750963e+01 1.035514e+01 2.060000e+01
      vertex   7.308463e+01 1.035514e+01 2.159067e+01
      vertex   7.333787e+01 1.035514e+01 2.148578e+01
    endloop
  endfacet
  facet normal 7.073517e-16 1.000000e+00 5.372869e-15
    outer loop
      vertex   6.750963e+01 1.035514e+01 2.060000e+01
      vertex   7.333787e+01 1.035514e+01 2.148578e+01
      vertex   7.360963e+01 1.035514e+01 2.145000e+01
    endloop
  endfacet
  facet normal -1.000000e+00 7.969414e-14 -4.202432e-14
    outer loop
      vertex   6.750963e+01 1.035514e+01 3.345000e+01
      vertex   6.750963e+01 1.035514e+01 2.060000e+01
      vertex   6.750963e+01 6.355142e+00 2.485000e+01
    endloop
  endfacet
  facet normal -1.000000e+00 5.752013e-14 -6.289398e-14
    outer loop
      vertex   6.750963e+01 6.355142e+00 2.485000e+01
      vertex   6.750963e+01 1.035514e+01 2.060000e+01
      vertex   6.750963e+01 1.955142e+00 2.060000e+01
    endloop
  endfacet
  facet normal -1.000000e+00 -0.000000e+00 -3.343731e-15
    outer loop
      vertex   6.750963e+01 6.355142e+00 2.485000e+01
      vertex   6.750963e+01 1.955142e+00 2.060000e+01
      vertex   6.750963e+01 2.705142e+00 2.485000e+01
    endloop
  endfacet
  facet normal -1.000000e+00 4.060244e-15 -4.060244e-15
    outer loop
      vertex   6.750963e+01 2.705142e+00 2.485000e+01
      vertex   6.750963e+01 1.955142e+00 2.060000e+01
      vertex   6.750963e+01 1.955142e+00 2.410000e+01
    endloop
  endfacet
  facet normal -1.000000e+00 0.000000e+00 0.000000e+00
    outer loop
      vertex   6.750963e+01 2.705142e+00 2.485000e+01
      vertex   6.750963e+01 1.955142e+00 2.410000e+01
      vertex   6.750963e+01 2.511028e+00 2.482444e+01
    endloop
  endfacet
  facet normal -1.000000e+00 0.000000e+00 0.000000e+00
    outer loop
      vertex   6.750963e+01 2.511028e+00 2.482444e+01
      vertex   6.750963e+01 1.955142e+00 2.410000e+01
      vertex   6.750963e+01 2.330142e+00 2.474952e+01
    endloop
  endfacet
  facet normal -1.000000e+00 0.000000e+00 0.000000e+00
    outer loop
      vertex   6.750963e+01 2.330142e+00 2.474952e+01
      vertex   6.750963e+01 1.955142e+00 2.410000e+01
      vertex   6.750963e+01 2.174812e+00 2.463033e+01
    endloop
  endfacet
  facet normal -1.000000e+00 0.000000e+00 0.000000e+00
    outer loop
      vertex   6.750963e+01 2.174812e+00 2.463033e+01
      vertex   6.750963e+01 1.955142e+00 2.410000e+01
      vertex   6.750963e+01 2.055623e+00 2.447500e+01
    endloop
  endfacet
  facet normal -1.000000e+00 0.000000e+00 0.000000e+00
    outer loop
      vertex   6.750963e+01 2.055623e+00 2.447500e+01
      vertex   6.750963e+01 1.955142e+00 2.410000e+01
      vertex   6.750963e+01 1.980698e+00 2.429411e+01
    endloop
  endfacet
  facet normal -1.000000e+00 -3.552714e-15 -3.304850e-15
    outer loop
      vertex   6.750963e+01 6.355142e+00 2.485000e+01
      vertex   6.750963e+01 6.355142e+00 3.345000e+01
      vertex   6.750963e+01 1.035514e+01 3.345000e+01
    endloop
  endfacet
  facet normal 9.914449e-01 0.000000e+00 -1.305262e-01
    outer loop
      vertex   7.259541e+01 1.035514e+01 2.277176e+01
      vertex   7.259541e+01 6.155142e+00 2.277176e+01
      vertex   7.255963e+01 1.035514e+01 2.250000e+01
    endloop
  endfacet
  facet normal 9.914449e-01 0.000000e+00 -1.305262e-01
    outer loop
      vertex   7.255963e+01 1.035514e+01 2.250000e+01
      vertex   7.259541e+01 6.155142e+00 2.277176e+01
      vertex   7.255963e+01 6.155142e+00 2.250000e+01
    endloop
  endfacet
  facet normal 9.914449e-01 0.000000e+00 1.305262e-01
    outer loop
      vertex   7.255963e+01 1.035514e+01 2.250000e+01
      vertex   7.255963e+01 6.155142e+00 2.250000e+01
      vertex   7.259541e+01 1.035514e+01 2.222824e+01
    endloop
  endfacet
  facet normal 9.914449e-01 0.000000e+00 1.305262e-01
    outer loop
      vertex   7.259541e+01 1.035514e+01 2.222824e+01
      vertex   7.255963e+01 6.155142e+00 2.250000e+01
      vertex   7.259541e+01 6.155142e+00 2.222824e+01
    endloop
  endfacet
  facet normal 9.238795e-01 0.000000e+00 3.826834e-01
    outer loop
      vertex   7.259541e+01 1.035514e+01 2.222824e+01
      vertex   7.259541e+01 6.155142e+00 2.222824e+01
      vertex   7.270030e+01 1.035514e+01 2.197500e+01
    endloop
  endfacet
  facet normal 9.238795e-01 0.000000e+00 3.826834e-01
    outer loop
      vertex   7.270030e+01 1.035514e+01 2.197500e+01
      vertex   7.259541e+01 6.155142e+00 2.222824e+01
      vertex   7.270030e+01 6.155142e+00 2.197500e+01
    endloop
  endfacet
  facet normal 7.933533e-01 0.000000e+00 6.087614e-01
    outer loop
      vertex   7.270030e+01 1.035514e+01 2.197500e+01
      vertex   7.270030e+01 6.155142e+00 2.197500e+01
      vertex   7.286717e+01 1.035514e+01 2.175754e+01
    endloop
  endfacet
  facet normal 7.933533e-01 0.000000e+00 6.087614e-01
    outer loop
      vertex   7.286717e+01 1.035514e+01 2.175754e+01
      vertex   7.270030e+01 6.155142e+00 2.197500e+01
      vertex   7.286717e+01 6.155142e+00 2.175754e+01
    endloop
  endfacet
  facet normal 6.087614e-01 0.000000e+00 7.933533e-01
    outer loop
      vertex   7.286717e+01 1.035514e+01 2.175754e+01
      vertex   7.286717e+01 6.155142e+00 2.175754e+01
      vertex   7.308463e+01 1.035514e+01 2.159067e+01
    endloop
  endfacet
  facet normal 6.087614e-01 0.000000e+00 7.933533e-01
    outer loop
      vertex   7.308463e+01 1.035514e+01 2.159067e+01
      vertex   7.286717e+01 6.155142e+00 2.175754e+01
      vertex   7.308463e+01 6.155142e+00 2.159067e+01
    endloop
  endfacet
  facet normal 3.826834e-01 0.000000e+00 9.238795e-01
    outer loop
      vertex   7.308463e+01 1.035514e+01 2.159067e+01
      vertex   7.308463e+01 6.155142e+00 2.159067e+01
      vertex   7.333787e+01 1.035514e+01 2.148578e+01
    endloop
  endfacet
  facet normal 3.826834e-01 0.000000e+00 9.238795e-01
    outer loop
      vertex   7.333787e+01 1.035514e+01 2.148578e+01
      vertex   7.308463e+01 6.155142e+00 2.159067e+01
      vertex   7.333787e+01 6.155142e+00 2.148578e+01
    endloop
  endfacet
  facet normal 1.305262e-01 0.000000e+00 9.914449e-01
    outer loop
      vertex   7.333787e+01 1.035514e+01 2.148578e+01
      vertex   7.333787e+01 6.155142e+00 2.148578e+01
      vertex   7.360963e+01 1.035514e+01 2.145000e+01
    endloop
  endfacet
  facet normal 1.305262e-01 0.000000e+00 9.914449e-01
    outer loop
      vertex   7.360963e+01 1.035514e+01 2.145000e+01
      vertex   7.333787e+01 6.155142e+00 2.148578e+01
      vertex   7.360963e+01 6.155142e+00 2.145000e+01
    endloop
  endfacet
  facet normal -1.305262e-01 0.000000e+00 9.914449e-01
    outer loop
      vertex   7.360963e+01 1.035514e+01 2.145000e+01
      vertex   7.360963e+01 6.155142e+00 2.145000e+01
      vertex   7.388139e+01 1.035514e+01 2.148578e+01
    endloop
  endfacet
  facet normal -1.305262e-01 0.000000e+00 9.914449e-01
    outer loop
      vertex   7.388139e+01 1.035514e+01 2.148578e+01
      vertex   7.360963e+01 6.155142e+00 2.145000e+01
      vertex   7.388139e+01 6.155142e+00 2.148578e+01
    endloop
  endfacet
  facet normal -3.826834e-01 0.000000e+00 9.238795e-01
    outer loop
      vertex   7.388139e+01 1.035514e+01 2.148578e+01
      vertex   7.388139e+01 6.155142e+00 2.148578e+01
      vertex   7.413463e+01 1.035514e+01 2.159067e+01
    endloop
  endfacet
  facet normal -3.826834e-01 0.000000e+00 9.238795e-01
    outer loop
      vertex   7.413463e+01 1.035514e+01 2.159067e+01
      vertex   7.388139e+01 6.155142e+00 2.148578e+01
      vertex   7.413463e+01 6.155142e+00 2.159067e+01
    endloop
  endfacet
  facet normal -6.087614e-01 0.000000e+00 7.933533e-01
    outer loop
      vertex   7.413463e+01 1.035514e+01 2.159067e+01
      vertex   7.413463e+01 6.155142e+00 2.159067e+01
      vertex   7.435209e+01 1.035514e+01 2.175754e+01
    endloop
  endfacet
  facet normal -6.087614e-01 0.000000e+00 7.933533e-01
    outer loop
      vertex   7.435209e+01 1.035514e+01 2.175754e+01
      vertex   7.413463e+01 6.155142e+00 2.159067e+01
      vertex   7.435209e+01 6.155142e+00 2.175754e+01
    endloop
  endfacet
  facet normal -7.933533e-01 0.000000e+00 6.087614e-01
    outer loop
      vertex   7.435209e+01 1.035514e+01 2.175754e+01
      vertex   7.435209e+01 6.155142e+00 2.175754e+01
      vertex   7.451895e+01 1.035514e+01 2.197500e+01
    endloop
  endfacet
  facet normal -7.933533e-01 0.000000e+00 6.087614e-01
    outer loop
      vertex   7.451895e+01 1.035514e+01 2.197500e+01
      vertex   7.435209e+01 6.155142e+00 2.175754e+01
      vertex   7.451895e+01 6.155142e+00 2.197500e+01
    endloop
  endfacet
  facet normal -9.238795e-01 0.000000e+00 3.826834e-01
    outer loop
      vertex   7.451895e+01 1.035514e+01 2.197500e+01
      vertex   7.451895e+01 6.155142e+00 2.197500e+01
      vertex   7.462385e+01 1.035514e+01 2.222824e+01
    endloop
  endfacet
  facet normal -9.238795e-01 3.237059e-16 3.826834e-01
    outer loop
      vertex   7.462385e+01 1.035514e+01 2.222824e+01
      vertex   7.451895e+01 6.155142e+00 2.197500e+01
      vertex   7.462385e+01 6.155142e+00 2.222824e+01
    endloop
  endfacet
  facet normal -9.914449e-01 1.104100e-16 1.305262e-01
    outer loop
      vertex   7.462385e+01 1.035514e+01 2.222824e+01
      vertex   7.462385e+01 6.155142e+00 2.222824e+01
      vertex   7.465963e+01 1.035514e+01 2.250000e+01
    endloop
  endfacet
  facet normal -9.914449e-01 0.000000e+00 1.305262e-01
    outer loop
      vertex   7.465963e+01 1.035514e+01 2.250000e+01
      vertex   7.462385e+01 6.155142e+00 2.222824e+01
      vertex   7.465963e+01 6.155142e+00 2.250000e+01
    endloop
  endfacet
  facet normal -9.914449e-01 -0.000000e+00 -1.305262e-01
    outer loop
      vertex   7.465963e+01 1.035514e+01 2.250000e+01
      vertex   7.465963e+01 6.155142e+00 2.250000e+01
      vertex   7.462385e+01 1.035514e+01 2.277176e+01
    endloop
  endfacet
  facet normal -9.914449e-01 -0.000000e+00 -1.305262e-01
    outer loop
      vertex   7.462385e+01 1.035514e+01 2.277176e+01
      vertex   7.465963e+01 6.155142e+00 2.250000e+01
      vertex   7.462385e+01 6.155142e+00 2.277176e+01
    endloop
  endfacet
  facet normal -9.238795e-01 -0.000000e+00 -3.826834e-01
    outer loop
      vertex   7.462385e+01 1.035514e+01 2.277176e+01
      vertex   7.462385e+01 6.155142e+00 2.277176e+01
      vertex   7.451895e+01 1.035514e+01 2.302500e+01
    endloop
  endfacet
  facet normal -9.238795e-01 -0.000000e+00 -3.826834e-01
    outer loop
      vertex   7.451895e+01 1.035514e+01 2.302500e+01
      vertex   7.462385e+01 6.155142e+00 2.277176e+01
      vertex   7.451895e+01 6.155142e+00 2.302500e+01
    endloop
  endfacet
  facet normal -7.933533e-01 -0.000000e+00 -6.087614e-01
    outer loop
      vertex   7.451895e+01 1.035514e+01 2.302500e+01
      vertex   7.451895e+01 6.155142e+00 2.302500e+01
      vertex   7.435209e+01 1.035514e+01 2.324246e+01
    endloop
  endfacet
  facet normal -7.933533e-01 -0.000000e+00 -6.087614e-01
    outer loop
      vertex   7.435209e+01 1.035514e+01 2.324246e+01
      vertex   7.451895e+01 6.155142e+00 2.302500e+01
      vertex   7.435209e+01 6.155142e+00 2.324246e+01
    endloop
  endfacet
  facet normal -6.087614e-01 -0.000000e+00 -7.933533e-01
    outer loop
      vertex   7.435209e+01 1.035514e+01 2.324246e+01
      vertex   7.435209e+01 6.155142e+00 2.324246e+01
      vertex   7.413463e+01 1.035514e+01 2.340933e+01
    endloop
  endfacet
  facet normal -6.087614e-01 -0.000000e+00 -7.933533e-01
    outer loop
      vertex   7.413463e+01 1.035514e+01 2.340933e+01
      vertex   7.435209e+01 6.155142e+00 2.324246e+01
      vertex   7.413463e+01 6.155142e+00 2.340933e+01
    endloop
  endfacet
  facet normal -3.826834e-01 -0.000000e+00 -9.238795e-01
    outer loop
      vertex   7.413463e+01 1.035514e+01 2.340933e+01
      vertex   7.413463e+01 6.155142e+00 2.340933e+01
      vertex   7.388139e+01 1.035514e+01 2.351422e+01
    endloop
  endfacet
  facet normal -3.826834e-01 -0.000000e+00 -9.238795e-01
    outer loop
      vertex   7.388139e+01 1.035514e+01 2.351422e+01
      vertex   7.413463e+01 6.155142e+00 2.340933e+01
      vertex   7.388139e+01 6.155142e+00 2.351422e+01
    endloop
  endfacet
  facet normal -1.305262e-01 -0.000000e+00 -9.914449e-01
    outer loop
      vertex   7.388139e+01 1.035514e+01 2.351422e+01
      vertex   7.388139e+01 6.155142e+00 2.351422e+01
      vertex   7.360963e+01 1.035514e+01 2.355000e+01
    endloop
  endfacet
  facet normal -1.305262e-01 -0.000000e+00 -9.914449e-01
    outer loop
      vertex   7.360963e+01 1.035514e+01 2.355000e+01
      vertex   7.388139e+01 6.155142e+00 2.351422e+01
      vertex   7.360963e+01 6.155142e+00 2.355000e+01
    endloop
  endfacet
  facet normal 1.305262e-01 0.000000e+00 -9.914449e-01
    outer loop
      vertex   7.360963e+01 1.035514e+01 2.355000e+01
      vertex   7.360963e+01 6.155142e+00 2.355000e+01
      vertex   7.333787e+01 1.035514e+01 2.351422e+01
    endloop
  endfacet
  facet normal 1.305262e-01 0.000000e+00 -9.914449e-01
    outer loop
      vertex   7.333787e+01 1.035514e+01 2.351422e+01
      vertex   7.360963e+01 6.155142e+00 2.355000e+01
      vertex   7.333787e+01 6.155142e+00 2.351422e+01
    endloop
  endfacet
  facet normal 3.826834e-01 0.000000e+00 -9.238795e-01
    outer loop
      vertex   7.333787e+01 1.035514e+01 2.351422e+01
      vertex   7.333787e+01 6.155142e+00 2.351422e+01
      vertex   7.308463e+01 1.035514e+01 2.340933e+01
    endloop
  endfacet
  facet normal 3.826834e-01 0.000000e+00 -9.238795e-01
    outer loop
      vertex   7.308463e+01 1.035514e+01 2.340933e+01
      vertex   7.333787e+01 6.155142e+00 2.351422e+01
      vertex   7.308463e+01 6.155142e+00 2.340933e+01
    endloop
  endfacet
  facet normal 6.087614e-01 0.000000e+00 -7.933533e-01
    outer loop
      vertex   7.308463e+01 1.035514e+01 2.340933e+01
      vertex   7.308463e+01 6.155142e+00 2.340933e+01
      vertex   7.286717e+01 1.035514e+01 2.324246e+01
    endloop
  endfacet
  facet normal 6.087614e-01 0.000000e+00 -7.933533e-01
    outer loop
      vertex   7.286717e+01 1.035514e+01 2.324246e+01
      vertex   7.308463e+01 6.155142e+00 2.340933e+01
      vertex   7.286717e+01 6.155142e+00 2.324246e+01
    endloop
  endfacet
  facet normal 7.933533e-01 0.000000e+00 -6.087614e-01
    outer loop
      vertex   7.286717e+01 1.035514e+01 2.324246e+01
      vertex   7.286717e+01 6.155142e+00 2.324246e+01
      vertex   7.270030e+01 1.035514e+01 2.302500e+01
    endloop
  endfacet
  facet normal 7.933533e-01 0.000000e+00 -6.087614e-01
    outer loop
      vertex   7.270030e+01 1.035514e+01 2.302500e+01
      vertex   7.286717e+01 6.155142e+00 2.324246e+01
      vertex   7.270030e+01 6.155142e+00 2.302500e+01
    endloop
  endfacet
  facet normal 9.238795e-01 0.000000e+00 -3.826834e-01
    outer loop
      vertex   7.270030e+01 1.035514e+01 2.302500e+01
      vertex   7.270030e+01 6.155142e+00 2.302500e+01
      vertex   7.259541e+01 1.035514e+01 2.277176e+01
    endloop
  endfacet
  facet normal 9.238795e-01 0.000000e+00 -3.826834e-01
    outer loop
      vertex   7.259541e+01 1.035514e+01 2.277176e+01
      vertex   7.270030e+01 6.155142e+00 2.302500e+01
      vertex   7.259541e+01 6.155142e+00 2.277176e+01
    endloop
  endfacet
  facet normal 9.914449e-01 -0.000000e+00 1.305262e-01
    outer loop
      vertex   7.259541e+01 1.955142e+00 2.222824e+01
      vertex   7.259541e+01 6.155142e+00 2.222824e+01
      vertex   7.255963e+01 1.955142e+00 2.250000e+01
    endloop
  endfacet
  facet normal 9.914449e-01 -0.000000e+00 1.305262e-01
    outer loop
      vertex   7.255963e+01 1.955142e+00 2.250000e+01
      vertex   7.259541e+01 6.155142e+00 2.222824e+01
      vertex   7.255963e+01 6.155142e+00 2.250000e+01
    endloop
  endfacet
  facet normal 9.914449e-01 0.000000e+00 -1.305262e-01
    outer loop
      vertex   7.255963e+01 1.955142e+00 2.250000e+01
      vertex   7.255963e+01 6.155142e+00 2.250000e+01
      vertex   7.259541e+01 1.955142e+00 2.277176e+01
    endloop
  endfacet
  facet normal 9.914449e-01 0.000000e+00 -1.305262e-01
    outer loop
      vertex   7.259541e+01 1.955142e+00 2.277176e+01
      vertex   7.255963e+01 6.155142e+00 2.250000e+01
      vertex   7.259541e+01 6.155142e+00 2.277176e+01
    endloop
  endfacet
  facet normal 9.238795e-01 0.000000e+00 -3.826834e-01
    outer loop
      vertex   7.259541e+01 1.955142e+00 2.277176e+01
      vertex   7.259541e+01 6.155142e+00 2.277176e+01
      vertex   7.270030e+01 1.955142e+00 2.302500e+01
    endloop
  endfacet
  facet normal 9.238795e-01 0.000000e+00 -3.826834e-01
    outer loop
      vertex   7.270030e+01 1.955142e+00 2.302500e+01
      vertex   7.259541e+01 6.155142e+00 2.277176e+01
      vertex   7.270030e+01 6.155142e+00 2.302500e+01
    endloop
  endfacet
  facet normal 7.933533e-01 0.000000e+00 -6.087614e-01
    outer loop
      vertex   7.270030e+01 1.955142e+00 2.302500e+01
      vertex   7.270030e+01 6.155142e+00 2.302500e+01
      vertex   7.286717e+01 1.955142e+00 2.324246e+01
    endloop
  endfacet
  facet normal 7.933533e-01 0.000000e+00 -6.087614e-01
    outer loop
      vertex   7.286717e+01 1.955142e+00 2.324246e+01
      vertex   7.270030e+01 6.155142e+00 2.302500e+01
      vertex   7.286717e+01 6.155142e+00 2.324246e+01
    endloop
  endfacet
  facet normal 6.087614e-01 0.000000e+00 -7.933533e-01
    outer loop
      vertex   7.286717e+01 1.955142e+00 2.324246e+01
      vertex   7.286717e+01 6.155142e+00 2.324246e+01
      vertex   7.308463e+01 1.955142e+00 2.340933e+01
    endloop
  endfacet
  facet normal 6.087614e-01 0.000000e+00 -7.933533e-01
    outer loop
      vertex   7.308463e+01 1.955142e+00 2.340933e+01
      vertex   7.286717e+01 6.155142e+00 2.324246e+01
      vertex   7.308463e+01 6.155142e+00 2.340933e+01
    endloop
  endfacet
  facet normal 3.826834e-01 0.000000e+00 -9.238795e-01
    outer loop
      vertex   7.308463e+01 1.955142e+00 2.340933e+01
      vertex   7.308463e+01 6.155142e+00 2.340933e+01
      vertex   7.333787e+01 1.955142e+00 2.351422e+01
    endloop
  endfacet
  facet normal 3.826834e-01 0.000000e+00 -9.238795e-01
    outer loop
      vertex   7.333787e+01 1.955142e+00 2.351422e+01
      vertex   7.308463e+01 6.155142e+00 2.340933e+01
      vertex   7.333787e+01 6.155142e+00 2.351422e+01
    endloop
  endfacet
  facet normal 1.305262e-01 0.000000e+00 -9.914449e-01
    outer loop
      vertex   7.333787e+01 1.955142e+00 2.351422e+01
      vertex   7.333787e+01 6.155142e+00 2.351422e+01
      vertex   7.360963e+01 1.955142e+00 2.355000e+01
    endloop
  endfacet
  facet normal 1.305262e-01 0.000000e+00 -9.914449e-01
    outer loop
      vertex   7.360963e+01 1.955142e+00 2.355000e+01
      vertex   7.333787e+01 6.155142e+00 2.351422e+01
      vertex   7.360963e+01 6.155142e+00 2.355000e+01
    endloop
  endfacet
  facet normal -1.305262e-01 0.000000e+00 -9.914449e-01
    outer loop
      vertex   7.360963e+01 1.955142e+00 2.355000e+01
      vertex   7.360963e+01 6.155142e+00 2.355000e+01
      vertex   7.388139e+01 1.955142e+00 2.351422e+01
    endloop
  endfacet
  facet normal -1.305262e-01 0.000000e+00 -9.914449e-01
    outer loop
      vertex   7.388139e+01 1.955142e+00 2.351422e+01
      vertex   7.360963e+01 6.155142e+00 2.355000e+01
      vertex   7.388139e+01 6.155142e+00 2.351422e+01
    endloop
  endfacet
  facet normal -3.826834e-01 0.000000e+00 -9.238795e-01
    outer loop
      vertex   7.388139e+01 1.955142e+00 2.351422e+01
      vertex   7.388139e+01 6.155142e+00 2.351422e+01
      vertex   7.413463e+01 1.955142e+00 2.340933e+01
    endloop
  endfacet
  facet normal -3.826834e-01 0.000000e+00 -9.238795e-01
    outer loop
      vertex   7.413463e+01 1.955142e+00 2.340933e+01
      vertex   7.388139e+01 6.155142e+00 2.351422e+01
      vertex   7.413463e+01 6.155142e+00 2.340933e+01
    endloop
  endfacet
  facet normal -6.087614e-01 0.000000e+00 -7.933533e-01
    outer loop
      vertex   7.413463e+01 1.955142e+00 2.340933e+01
      vertex   7.413463e+01 6.155142e+00 2.340933e+01
      vertex   7.435209e+01 1.955142e+00 2.324246e+01
    endloop
  endfacet
  facet normal -6.087614e-01 0.000000e+00 -7.933533e-01
    outer loop
      vertex   7.435209e+01 1.955142e+00 2.324246e+01
      vertex   7.413463e+01 6.155142e+00 2.340933e+01
      vertex   7.435209e+01 6.155142e+00 2.324246e+01
    endloop
  endfacet
  facet normal -7.933533e-01 0.000000e+00 -6.087614e-01
    outer loop
      vertex   7.435209e+01 1.955142e+00 2.324246e+01
      vertex   7.435209e+01 6.155142e+00 2.324246e+01
      vertex   7.451895e+01 1.955142e+00 2.302500e+01
    endloop
  endfacet
  facet normal -7.933533e-01 0.000000e+00 -6.087614e-01
    outer loop
      vertex   7.451895e+01 1.955142e+00 2.302500e+01
      vertex   7.435209e+01 6.155142e+00 2.324246e+01
      vertex   7.451895e+01 6.155142e+00 2.302500e+01
    endloop
  endfacet
  facet normal -9.238795e-01 0.000000e+00 -3.826834e-01
    outer loop
      vertex   7.451895e+01 1.955142e+00 2.302500e+01
      vertex   7.451895e+01 6.155142e+00 2.302500e+01
      vertex   7.462385e+01 1.955142e+00 2.277176e+01
    endloop
  endfacet
  facet normal -9.238795e-01 -3.237059e-16 -3.826834e-01
    outer loop
      vertex   7.462385e+01 1.955142e+00 2.277176e+01
      vertex   7.451895e+01 6.155142e+00 2.302500e+01
      vertex   7.462385e+01 6.155142e+00 2.277176e+01
    endloop
  endfacet
  facet normal -9.914449e-01 -1.104100e-16 -1.305262e-01
    outer loop
      vertex   7.462385e+01 1.955142e+00 2.277176e+01
      vertex   7.462385e+01 6.155142e+00 2.277176e+01
      vertex   7.465963e+01 1.955142e+00 2.250000e+01
    endloop
  endfacet
  facet normal -9.914449e-01 0.000000e+00 -1.305262e-01
    outer loop
      vertex   7.465963e+01 1.955142e+00 2.250000e+01
      vertex   7.462385e+01 6.155142e+00 2.277176e+01
      vertex   7.465963e+01 6.155142e+00 2.250000e+01
    endloop
  endfacet
  facet normal -9.914449e-01 0.000000e+00 1.305262e-01
    outer loop
      vertex   7.465963e+01 1.955142e+00 2.250000e+01
      vertex   7.465963e+01 6.155142e+00 2.250000e+01
      vertex   7.462385e+01 1.955142e+00 2.222824e+01
    endloop
  endfacet
  facet normal -9.914449e-01 0.000000e+00 1.305262e-01
    outer loop
      vertex   7.462385e+01 1.955142e+00 2.222824e+01
      vertex   7.465963e+01 6.155142e+00 2.250000e+01
      vertex   7.462385e+01 6.155142e+00 2.222824e+01
    endloop
  endfacet
  facet normal -9.238795e-01 0.000000e+00 3.826834e-01
    outer loop
      vertex   7.462385e+01 1.955142e+00 2.222824e+01
      vertex   7.462385e+01 6.155142e+00 2.222824e+01
      vertex   7.451895e+01 1.955142e+00 2.197500e+01
    endloop
  endfacet
  facet normal -9.238795e-01 0.000000e+00 3.826834e-01
    outer loop
      vertex   7.451895e+01 1.955142e+00 2.197500e+01
      vertex   7.462385e+01 6.155142e+00 2.222824e+01
      vertex   7.451895e+01 6.155142e+00 2.197500e+01
    endloop
  endfacet
  facet normal -7.933533e-01 0.000000e+00 6.087614e-01
    outer loop
      vertex   7.451895e+01 1.955142e+00 2.197500e+01
      vertex   7.451895e+01 6.155142e+00 2.197500e+01
      vertex   7.435209e+01 1.955142e+00 2.175754e+01
    endloop
  endfacet
  facet normal -7.933533e-01 0.000000e+00 6.087614e-01
    outer loop
      vertex   7.435209e+01 1.955142e+00 2.175754e+01
      vertex   7.451895e+01 6.155142e+00 2.197500e+01
      vertex   7.435209e+01 6.155142e+00 2.175754e+01
    endloop
  endfacet
  facet normal -6.087614e-01 0.000000e+00 7.933533e-01
    outer loop
      vertex   7.435209e+01 1.955142e+00 2.175754e+01
      vertex   7.435209e+01 6.155142e+00 2.175754e+01
      vertex   7.413463e+01 1.955142e+00 2.159067e+01
    endloop
  endfacet
  facet normal -6.087614e-01 0.000000e+00 7.933533e-01
    outer loop
      vertex   7.413463e+01 1.955142e+00 2.159067e+01
      vertex   7.435209e+01 6.155142e+00 2.175754e+01
      vertex   7.413463e+01 6.155142e+00 2.159067e+01
    endloop
  endfacet
  facet normal -3.826834e-01 0.000000e+00 9.238795e-01
    outer loop
      vertex   7.413463e+01 1.955142e+00 2.159067e+01
      vertex   7.413463e+01 6.155142e+00 2.159067e+01
      vertex   7.388139e+01 1.955142e+00 2.148578e+01
    endloop
  endfacet
  facet normal -3.826834e-01 0.000000e+00 9.238795e-01
    outer loop
      vertex   7.388139e+01 1.955142e+00 2.148578e+01
      vertex   7.413463e+01 6.155142e+00 2.159067e+01
      vertex   7.388139e+01 6.155142e+00 2.148578e+01
    endloop
  endfacet
  facet normal -1.305262e-01 0.000000e+00 9.914449e-01
    outer loop
      vertex   7.388139e+01 1.955142e+00 2.148578e+01
      vertex   7.388139e+01 6.155142e+00 2.148578e+01
      vertex   7.360963e+01 1.955142e+00 2.145000e+01
    endloop
  endfacet
  facet normal -1.305262e-01 0.000000e+00 9.914449e-01
    outer loop
      vertex   7.360963e+01 1.955142e+00 2.145000e+01
      vertex   7.388139e+01 6.155142e+00 2.148578e+01
      vertex   7.360963e+01 6.155142e+00 2.145000e+01
    endloop
  endfacet
  facet normal 1.305262e-01 -0.000000e+00 9.914449e-01
    outer loop
      vertex   7.360963e+01 1.955142e+00 2.145000e+01
      vertex   7.360963e+01 6.155142e+00 2.145000e+01
      vertex   7.333787e+01 1.955142e+00 2.148578e+01
    endloop
  endfacet
  facet normal 1.305262e-01 -0.000000e+00 9.914449e-01
    outer loop
      vertex   7.333787e+01 1.955142e+00 2.148578e+01
      vertex   7.360963e+01 6.155142e+00 2.145000e+01
      vertex   7.333787e+01 6.155142e+00 2.148578e+01
    endloop
  endfacet
  facet normal 3.826834e-01 -0.000000e+00 9.238795e-01
    outer loop
      vertex   7.333787e+01 1.955142e+00 2.148578e+01
      vertex   7.333787e+01 6.155142e+00 2.148578e+01
      vertex   7.308463e+01 1.955142e+00 2.159067e+01
    endloop
  endfacet
  facet normal 3.826834e-01 -0.000000e+00 9.238795e-01
    outer loop
      vertex   7.308463e+01 1.955142e+00 2.159067e+01
      vertex   7.333787e+01 6.155142e+00 2.148578e+01
      vertex   7.308463e+01 6.155142e+00 2.159067e+01
    endloop
  endfacet
  facet normal 6.087614e-01 -0.000000e+00 7.933533e-01
    outer loop
      vertex   7.308463e+01 1.955142e+00 2.159067e+01
      vertex   7.308463e+01 6.155142e+00 2.159067e+01
      vertex   7.286717e+01 1.955142e+00 2.175754e+01
    endloop
  endfacet
  facet normal 6.087614e-01 -0.000000e+00 7.933533e-01
    outer loop
      vertex   7.286717e+01 1.955142e+00 2.175754e+01
      vertex   7.308463e+01 6.155142e+00 2.159067e+01
      vertex   7.286717e+01 6.155142e+00 2.175754e+01
    endloop
  endfacet
  facet normal 7.933533e-01 -0.000000e+00 6.087614e-01
    outer loop
      vertex   7.286717e+01 1.955142e+00 2.175754e+01
      vertex   7.286717e+01 6.155142e+00 2.175754e+01
      vertex   7.270030e+01 1.955142e+00 2.197500e+01
    endloop
  endfacet
  facet normal 7.933533e-01 -0.000000e+00 6.087614e-01
    outer loop
      vertex   7.270030e+01 1.955142e+00 2.197500e+01
      vertex   7.286717e+01 6.155142e+00 2.175754e+01
      vertex   7.270030e+01 6.155142e+00 2.197500e+01
    endloop
  endfacet
  facet normal 9.238795e-01 -0.000000e+00 3.826834e-01
    outer loop
      vertex   7.270030e+01 1.955142e+00 2.197500e+01
      vertex   7.270030e+01 6.155142e+00 2.197500e+01
      vertex   7.259541e+01 1.955142e+00 2.222824e+01
    endloop
  endfacet
  facet normal 9.238795e-01 -0.000000e+00 3.826834e-01
    outer loop
      vertex   7.259541e+01 1.955142e+00 2.222824e+01
      vertex   7.270030e+01 6.155142e+00 2.197500e+01
      vertex   7.259541e+01 6.155142e+00 2.222824e+01
    endloop
  endfacet
  facet normal 2.803445e-15 -9.914449e-01 1.305262e-01
    outer loop
      vertex   7.970963e+01 1.980698e+00 2.429411e+01
      vertex   7.564296e+01 1.980698e+00 2.429411e+01
      vertex   7.970963e+01 1.955142e+00 2.410000e+01
    endloop
  endfacet
  facet normal 2.363918e-15 -9.914449e-01 1.305262e-01
    outer loop
      vertex   7.970963e+01 1.955142e+00 2.410000e+01
      vertex   7.564296e+01 1.980698e+00 2.429411e+01
      vertex   7.157629e+01 1.980698e+00 2.429411e+01
    endloop
  endfacet
  facet normal 4.064651e-15 -9.914449e-01 1.305262e-01
    outer loop
      vertex   7.970963e+01 1.955142e+00 2.410000e+01
      vertex   7.157629e+01 1.980698e+00 2.429411e+01
      vertex   6.750963e+01 1.955142e+00 2.410000e+01
    endloop
  endfacet
  facet normal 2.695085e-15 -9.914449e-01 1.305262e-01
    outer loop
      vertex   6.750963e+01 1.955142e+00 2.410000e+01
      vertex   7.157629e+01 1.980698e+00 2.429411e+01
      vertex   6.750963e+01 1.980698e+00 2.429411e+01
    endloop
  endfacet
  facet normal 2.055385e-15 -9.238795e-01 3.826834e-01
    outer loop
      vertex   6.750963e+01 1.980698e+00 2.429411e+01
      vertex   7.157629e+01 1.980698e+00 2.429411e+01
      vertex   6.750963e+01 2.055623e+00 2.447500e+01
    endloop
  endfacet
  facet normal 2.055385e-15 -9.238795e-01 3.826834e-01
    outer loop
      vertex   6.750963e+01 2.055623e+00 2.447500e+01
      vertex   7.157629e+01 1.980698e+00 2.429411e+01
      vertex   7.157629e+01 2.055623e+00 2.447500e+01
    endloop
  endfacet
  facet normal 1.275521e-15 -7.933533e-01 6.087614e-01
    outer loop
      vertex   6.750963e+01 2.055623e+00 2.447500e+01
      vertex   7.157629e+01 2.055623e+00 2.447500e+01
      vertex   6.750963e+01 2.174812e+00 2.463033e+01
    endloop
  endfacet
  facet normal 5.704245e-16 -7.933533e-01 6.087614e-01
    outer loop
      vertex   6.750963e+01 2.174812e+00 2.463033e+01
      vertex   7.157629e+01 2.055623e+00 2.447500e+01
      vertex   7.157629e+01 2.174812e+00 2.463033e+01
    endloop
  endfacet
  facet normal -4.173104e-16 -6.087614e-01 7.933533e-01
    outer loop
      vertex   6.750963e+01 2.174812e+00 2.463033e+01
      vertex   7.157629e+01 2.174812e+00 2.463033e+01
      vertex   6.750963e+01 2.330142e+00 2.474952e+01
    endloop
  endfacet
  facet normal 5.416900e-16 -6.087614e-01 7.933533e-01
    outer loop
      vertex   6.750963e+01 2.330142e+00 2.474952e+01
      vertex   7.157629e+01 2.174812e+00 2.463033e+01
      vertex   7.157629e+01 2.330142e+00 2.474952e+01
    endloop
  endfacet
  facet normal -4.023288e-16 -3.826834e-01 9.238795e-01
    outer loop
      vertex   6.750963e+01 2.330142e+00 2.474952e+01
      vertex   7.157629e+01 2.330142e+00 2.474952e+01
      vertex   6.750963e+01 2.511028e+00 2.482444e+01
    endloop
  endfacet
  facet normal -1.209447e-15 -3.826834e-01 9.238795e-01
    outer loop
      vertex   6.750963e+01 2.511028e+00 2.482444e+01
      vertex   7.157629e+01 2.330142e+00 2.474952e+01
      vertex   7.157629e+01 2.511028e+00 2.482444e+01
    endloop
  endfacet
  facet normal -2.185074e-15 -1.305262e-01 9.914449e-01
    outer loop
      vertex   6.750963e+01 2.511028e+00 2.482444e+01
      vertex   7.157629e+01 2.511028e+00 2.482444e+01
      vertex   6.750963e+01 2.705142e+00 2.485000e+01
    endloop
  endfacet
  facet normal -1.305057e-15 -1.305262e-01 9.914449e-01
    outer loop
      vertex   6.750963e+01 2.705142e+00 2.485000e+01
      vertex   7.157629e+01 2.511028e+00 2.482444e+01
      vertex   7.564296e+01 2.511028e+00 2.482444e+01
    endloop
  endfacet
  facet normal -1.929618e-15 -1.305262e-01 9.914449e-01
    outer loop
      vertex   6.750963e+01 2.705142e+00 2.485000e+01
      vertex   7.564296e+01 2.511028e+00 2.482444e+01
      vertex   7.970963e+01 2.705142e+00 2.485000e+01
    endloop
  endfacet
  facet normal -2.298557e-15 -1.305262e-01 9.914449e-01
    outer loop
      vertex   7.970963e+01 2.705142e+00 2.485000e+01
      vertex   7.564296e+01 2.511028e+00 2.482444e+01
      vertex   7.970963e+01 2.511028e+00 2.482444e+01
    endloop
  endfacet
  facet normal -1.543766e-15 -3.826834e-01 9.238795e-01
    outer loop
      vertex   7.970963e+01 2.511028e+00 2.482444e+01
      vertex   7.564296e+01 2.511028e+00 2.482444e+01
      vertex   7.970963e+01 2.330142e+00 2.474952e+01
    endloop
  endfacet
  facet normal -1.418396e-15 -3.826834e-01 9.238795e-01
    outer loop
      vertex   7.970963e+01 2.330142e+00 2.474952e+01
      vertex   7.564296e+01 2.511028e+00 2.482444e+01
      vertex   7.564296e+01 2.330142e+00 2.474952e+01
    endloop
  endfacet
  facet normal -4.837885e-16 -6.087614e-01 7.933533e-01
    outer loop
      vertex   7.970963e+01 2.330142e+00 2.474952e+01
      vertex   7.564296e+01 2.330142e+00 2.474952e+01
      vertex   7.970963e+01 2.174812e+00 2.463033e+01
    endloop
  endfacet
  facet normal -1.513979e-16 -6.087614e-01 7.933533e-01
    outer loop
      vertex   7.970963e+01 2.174812e+00 2.463033e+01
      vertex   7.564296e+01 2.330142e+00 2.474952e+01
      vertex   7.564296e+01 2.174812e+00 2.463033e+01
    endloop
  endfacet
  facet normal 9.169684e-16 -7.933533e-01 6.087614e-01
    outer loop
      vertex   7.970963e+01 2.174812e+00 2.463033e+01
      vertex   7.564296e+01 2.174812e+00 2.463033e+01
      vertex   7.970963e+01 2.055623e+00 2.447500e+01
    endloop
  endfacet
  facet normal 8.303324e-16 -7.933533e-01 6.087614e-01
    outer loop
      vertex   7.970963e+01 2.055623e+00 2.447500e+01
      vertex   7.564296e+01 2.174812e+00 2.463033e+01
      vertex   7.564296e+01 2.055623e+00 2.447500e+01
    endloop
  endfacet
  facet normal 1.821955e-15 -9.238795e-01 3.826834e-01
    outer loop
      vertex   7.970963e+01 2.055623e+00 2.447500e+01
      vertex   7.564296e+01 2.055623e+00 2.447500e+01
      vertex   7.970963e+01 1.980698e+00 2.429411e+01
    endloop
  endfacet
  facet normal 2.156274e-15 -9.238795e-01 3.826834e-01
    outer loop
      vertex   7.970963e+01 1.980698e+00 2.429411e+01
      vertex   7.564296e+01 2.055623e+00 2.447500e+01
      vertex   7.564296e+01 1.980698e+00 2.429411e+01
    endloop
  endfacet
  facet normal 1.520751e-15 -9.238795e-01 3.826834e-01
    outer loop
      vertex   7.157629e+01 2.055623e+00 2.447500e+01
      vertex   7.157629e+01 1.980698e+00 2.429411e+01
      vertex   7.564296e+01 1.980698e+00 2.429411e+01
    endloop
  endfacet
  facet normal 1.519286e-15 -9.238795e-01 3.826834e-01
    outer loop
      vertex   7.157629e+01 2.055623e+00 2.447500e+01
      vertex   7.564296e+01 1.980698e+00 2.429411e+01
      vertex   7.564296e+01 2.055623e+00 2.447500e+01
    endloop
  endfacet
  facet normal 5.708264e-16 -7.933533e-01 6.087614e-01
    outer loop
      vertex   7.157629e+01 2.174812e+00 2.463033e+01
      vertex   7.157629e+01 2.055623e+00 2.447500e+01
      vertex   7.564296e+01 2.055623e+00 2.447500e+01
    endloop
  endfacet
  facet normal 1.188885e-15 -7.933533e-01 6.087614e-01
    outer loop
      vertex   7.157629e+01 2.174812e+00 2.463033e+01
      vertex   7.564296e+01 2.055623e+00 2.447500e+01
      vertex   7.564296e+01 2.174812e+00 2.463033e+01
    endloop
  endfacet
  facet normal 3.398814e-16 -6.087614e-01 7.933533e-01
    outer loop
      vertex   7.157629e+01 2.330142e+00 2.474952e+01
      vertex   7.157629e+01 2.174812e+00 2.463033e+01
      vertex   7.564296e+01 2.174812e+00 2.463033e+01
    endloop
  endfacet
  facet normal -2.843541e-16 -6.087614e-01 7.933533e-01
    outer loop
      vertex   7.157629e+01 2.330142e+00 2.474952e+01
      vertex   7.564296e+01 2.174812e+00 2.463033e+01
      vertex   7.564296e+01 2.330142e+00 2.474952e+01
    endloop
  endfacet
  facet normal -1.294164e-15 -3.826834e-01 9.238795e-01
    outer loop
      vertex   7.157629e+01 2.511028e+00 2.482444e+01
      vertex   7.157629e+01 2.330142e+00 2.474952e+01
      vertex   7.564296e+01 2.330142e+00 2.474952e+01
    endloop
  endfacet
  facet normal -3.605389e-16 -3.826834e-01 9.238795e-01
    outer loop
      vertex   7.157629e+01 2.511028e+00 2.482444e+01
      vertex   7.564296e+01 2.330142e+00 2.474952e+01
      vertex   7.564296e+01 2.511028e+00 2.482444e+01
    endloop
  endfacet
  facet normal -2.329648e-15 0.000000e+00 1.000000e+00
    outer loop
      vertex   7.970963e+01 2.705142e+00 2.485000e+01
      vertex   7.970963e+01 6.355142e+00 2.485000e+01
      vertex   6.750963e+01 2.705142e+00 2.485000e+01
    endloop
  endfacet
  facet normal -2.329648e-15 0.000000e+00 1.000000e+00
    outer loop
      vertex   6.750963e+01 2.705142e+00 2.485000e+01
      vertex   7.970963e+01 6.355142e+00 2.485000e+01
      vertex   6.750963e+01 6.355142e+00 2.485000e+01
    endloop
  endfacet
  facet normal 9.951847e-01 7.071213e-15 9.801714e-02
    outer loop
      vertex   7.970963e+01 6.355142e+00 3.345000e+01
      vertex   7.970963e+01 1.035514e+01 3.345000e+01
      vertex   7.966159e+01 6.355142e+00 3.393773e+01
    endloop
  endfacet
  facet normal 9.951847e-01 3.535606e-15 9.801714e-02
    outer loop
      vertex   7.966159e+01 6.355142e+00 3.393773e+01
      vertex   7.970963e+01 1.035514e+01 3.345000e+01
      vertex   7.966159e+01 1.035514e+01 3.393773e+01
    endloop
  endfacet
  facet normal 9.569403e-01 3.399735e-15 2.902847e-01
    outer loop
      vertex   7.966159e+01 6.355142e+00 3.393773e+01
      vertex   7.966159e+01 1.035514e+01 3.393773e+01
      vertex   7.951933e+01 6.355142e+00 3.440671e+01
    endloop
  endfacet
  facet normal 9.569403e-01 -0.000000e+00 2.902847e-01
    outer loop
      vertex   7.951933e+01 6.355142e+00 3.440671e+01
      vertex   7.966159e+01 1.035514e+01 3.393773e+01
      vertex   7.951933e+01 1.035514e+01 3.440671e+01
    endloop
  endfacet
  facet normal 8.819213e-01 -0.000000e+00 4.713967e-01
    outer loop
      vertex   7.951933e+01 6.355142e+00 3.440671e+01
      vertex   7.951933e+01 1.035514e+01 3.440671e+01
      vertex   7.928830e+01 6.355142e+00 3.483893e+01
    endloop
  endfacet
  facet normal 8.819213e-01 -0.000000e+00 4.713967e-01
    outer loop
      vertex   7.928830e+01 6.355142e+00 3.483893e+01
      vertex   7.951933e+01 1.035514e+01 3.440671e+01
      vertex   7.928830e+01 1.035514e+01 3.483893e+01
    endloop
  endfacet
  facet normal 7.730105e-01 -0.000000e+00 6.343933e-01
    outer loop
      vertex   7.928830e+01 6.355142e+00 3.483893e+01
      vertex   7.928830e+01 1.035514e+01 3.483893e+01
      vertex   7.897740e+01 6.355142e+00 3.521777e+01
    endloop
  endfacet
  facet normal 7.730105e-01 2.746285e-15 6.343933e-01
    outer loop
      vertex   7.897740e+01 6.355142e+00 3.521777e+01
      vertex   7.928830e+01 1.035514e+01 3.483893e+01
      vertex   7.897740e+01 1.035514e+01 3.521777e+01
    endloop
  endfacet
  facet normal 6.343933e-01 2.253818e-15 7.730105e-01
    outer loop
      vertex   7.897740e+01 6.355142e+00 3.521777e+01
      vertex   7.897740e+01 1.035514e+01 3.521777e+01
      vertex   7.859855e+01 6.355142e+00 3.552867e+01
    endloop
  endfacet
  facet normal 6.343933e-01 -0.000000e+00 7.730105e-01
    outer loop
      vertex   7.859855e+01 6.355142e+00 3.552867e+01
      vertex   7.897740e+01 1.035514e+01 3.521777e+01
      vertex   7.859855e+01 1.035514e+01 3.552867e+01
    endloop
  endfacet
  facet normal 4.713967e-01 -0.000000e+00 8.819213e-01
    outer loop
      vertex   7.859855e+01 6.355142e+00 3.552867e+01
      vertex   7.859855e+01 1.035514e+01 3.552867e+01
      vertex   7.816634e+01 6.355142e+00 3.575970e+01
    endloop
  endfacet
  facet normal 4.713967e-01 1.674738e-15 8.819213e-01
    outer loop
      vertex   7.816634e+01 6.355142e+00 3.575970e+01
      vertex   7.859855e+01 1.035514e+01 3.552867e+01
      vertex   7.816634e+01 1.035514e+01 3.575970e+01
    endloop
  endfacet
  facet normal 2.902847e-01 1.031298e-15 9.569403e-01
    outer loop
      vertex   7.816634e+01 6.355142e+00 3.575970e+01
      vertex   7.816634e+01 1.035514e+01 3.575970e+01
      vertex   7.769735e+01 6.355142e+00 3.590196e+01
    endloop
  endfacet
  facet normal 2.902847e-01 1.031298e-15 9.569403e-01
    outer loop
      vertex   7.769735e+01 6.355142e+00 3.590196e+01
      vertex   7.816634e+01 1.035514e+01 3.575970e+01
      vertex   7.769735e+01 1.035514e+01 3.590196e+01
    endloop
  endfacet
  facet normal 9.801714e-02 3.482268e-16 9.951847e-01
    outer loop
      vertex   7.769735e+01 6.355142e+00 3.590196e+01
      vertex   7.769735e+01 1.035514e+01 3.590196e+01
      vertex   7.720963e+01 6.355142e+00 3.595000e+01
    endloop
  endfacet
  facet normal 9.801714e-02 3.482268e-16 9.951847e-01
    outer loop
      vertex   7.720963e+01 6.355142e+00 3.595000e+01
      vertex   7.769735e+01 1.035514e+01 3.590196e+01
      vertex   7.720963e+01 1.035514e+01 3.595000e+01
    endloop
  endfacet
  facet normal 0.000000e+00 0.000000e+00 1.000000e+00
    outer loop
      vertex   7.720963e+01 6.355142e+00 3.595000e+01
      vertex   7.720963e+01 1.035514e+01 3.595000e+01
      vertex   7.680963e+01 6.355142e+00 3.595000e+01
    endloop
  endfacet
  facet normal 0.000000e+00 0.000000e+00 1.000000e+00
    outer loop
      vertex   7.680963e+01 6.355142e+00 3.595000e+01
      vertex   7.720963e+01 1.035514e+01 3.595000e+01
      vertex   7.680963e+01 1.035514e+01 3.595000e+01
    endloop
  endfacet
  facet normal -9.951847e-01 -3.535606e-15 9.801714e-02
    outer loop
      vertex   6.750963e+01 1.035514e+01 3.345000e+01
      vertex   6.750963e+01 6.355142e+00 3.345000e+01
      vertex   6.755766e+01 1.035514e+01 3.393773e+01
    endloop
  endfacet
  facet normal -9.951847e-01 0.000000e+00 9.801714e-02
    outer loop
      vertex   6.755766e+01 1.035514e+01 3.393773e+01
      vertex   6.750963e+01 6.355142e+00 3.345000e+01
      vertex   6.755766e+01 6.355142e+00 3.393773e+01
    endloop
  endfacet
  facet normal -9.569403e-01 0.000000e+00 2.902847e-01
    outer loop
      vertex   6.755766e+01 1.035514e+01 3.393773e+01
      vertex   6.755766e+01 6.355142e+00 3.393773e+01
      vertex   6.769993e+01 1.035514e+01 3.440671e+01
    endloop
  endfacet
  facet normal -9.569403e-01 -3.399735e-15 2.902847e-01
    outer loop
      vertex   6.769993e+01 1.035514e+01 3.440671e+01
      vertex   6.755766e+01 6.355142e+00 3.393773e+01
      vertex   6.769993e+01 6.355142e+00 3.440671e+01
    endloop
  endfacet
  facet normal -8.819213e-01 -3.133214e-15 4.713967e-01
    outer loop
      vertex   6.769993e+01 1.035514e+01 3.440671e+01
      vertex   6.769993e+01 6.355142e+00 3.440671e+01
      vertex   6.793095e+01 1.035514e+01 3.483893e+01
    endloop
  endfacet
  facet normal -8.819213e-01 -3.133214e-15 4.713967e-01
    outer loop
      vertex   6.793095e+01 1.035514e+01 3.483893e+01
      vertex   6.769993e+01 6.355142e+00 3.440671e+01
      vertex   6.793095e+01 6.355142e+00 3.483893e+01
    endloop
  endfacet
  facet normal -7.730105e-01 -2.746285e-15 6.343933e-01
    outer loop
      vertex   6.793095e+01 1.035514e+01 3.483893e+01
      vertex   6.793095e+01 6.355142e+00 3.483893e+01
      vertex   6.824186e+01 1.035514e+01 3.521777e+01
    endloop
  endfacet
  facet normal -7.730105e-01 0.000000e+00 6.343933e-01
    outer loop
      vertex   6.824186e+01 1.035514e+01 3.521777e+01
      vertex   6.793095e+01 6.355142e+00 3.483893e+01
      vertex   6.824186e+01 6.355142e+00 3.521777e+01
    endloop
  endfacet
  facet normal -6.343933e-01 0.000000e+00 7.730105e-01
    outer loop
      vertex   6.824186e+01 1.035514e+01 3.521777e+01
      vertex   6.824186e+01 6.355142e+00 3.521777e+01
      vertex   6.862070e+01 1.035514e+01 3.552867e+01
    endloop
  endfacet
  facet normal -6.343933e-01 0.000000e+00 7.730105e-01
    outer loop
      vertex   6.862070e+01 1.035514e+01 3.552867e+01
      vertex   6.824186e+01 6.355142e+00 3.521777e+01
      vertex   6.862070e+01 6.355142e+00 3.552867e+01
    endloop
  endfacet
  facet normal -4.713967e-01 0.000000e+00 8.819213e-01
    outer loop
      vertex   6.862070e+01 1.035514e+01 3.552867e+01
      vertex   6.862070e+01 6.355142e+00 3.552867e+01
      vertex   6.905292e+01 1.035514e+01 3.575970e+01
    endloop
  endfacet
  facet normal -4.713967e-01 -1.674738e-15 8.819213e-01
    outer loop
      vertex   6.905292e+01 1.035514e+01 3.575970e+01
      vertex   6.862070e+01 6.355142e+00 3.552867e+01
      vertex   6.905292e+01 6.355142e+00 3.575970e+01
    endloop
  endfacet
  facet normal -2.902847e-01 -1.031298e-15 9.569403e-01
    outer loop
      vertex   6.905292e+01 1.035514e+01 3.575970e+01
      vertex   6.905292e+01 6.355142e+00 3.575970e+01
      vertex   6.952190e+01 1.035514e+01 3.590196e+01
    endloop
  endfacet
  facet normal -2.902847e-01 -1.031298e-15 9.569403e-01
    outer loop
      vertex   6.952190e+01 1.035514e+01 3.590196e+01
      vertex   6.905292e+01 6.355142e+00 3.575970e+01
      vertex   6.952190e+01 6.355142e+00 3.590196e+01
    endloop
  endfacet
  facet normal -9.801714e-02 -3.482268e-16 9.951847e-01
    outer loop
      vertex   6.952190e+01 1.035514e+01 3.590196e+01
      vertex   6.952190e+01 6.355142e+00 3.590196e+01
      vertex   7.000963e+01 1.035514e+01 3.595000e+01
    endloop
  endfacet
  facet normal -9.801714e-02 -3.482268e-16 9.951847e-01
    outer loop
      vertex   7.000963e+01 1.035514e+01 3.595000e+01
      vertex   6.952190e+01 6.355142e+00 3.590196e+01
      vertex   7.000963e+01 6.355142e+00 3.595000e+01
    endloop
  endfacet
  facet normal -0.000000e+00 0.000000e+00 1.000000e+00
    outer loop
      vertex   7.000963e+01 1.035514e+01 3.595000e+01
      vertex   7.000963e+01 6.355142e+00 3.595000e+01
      vertex   7.040963e+01 1.035514e+01 3.595000e+01
    endloop
  endfacet
  facet normal 0.000000e+00 0.000000e+00 1.000000e+00
    outer loop
      vertex   7.040963e+01 1.035514e+01 3.595000e+01
      vertex   7.000963e+01 6.355142e+00 3.595000e+01
      vertex   7.040963e+01 6.355142e+00 3.595000e+01
    endloop
  endfacet
  facet normal -9.961947e-01 0.000000e+00 8.715574e-02
    outer loop
      vertex   7.680963e+01 6.355142e+00 3.595000e+01
      vertex   7.680963e+01 1.035514e+01 3.595000e+01
      vertex   7.676101e+01 6.355142e+00 3.539433e+01
    endloop
  endfacet
  facet normal -9.961947e-01 0.000000e+00 8.715574e-02
    outer loop
      vertex   7.676101e+01 6.355142e+00 3.539433e+01
      vertex   7.680963e+01 1.035514e+01 3.595000e+01
      vertex   7.676101e+01 1.035514e+01 3.539433e+01
    endloop
  endfacet
  facet normal -9.659258e-01 0.000000e+00 2.588190e-01
    outer loop
      vertex   7.676101e+01 6.355142e+00 3.539433e+01
      vertex   7.676101e+01 1.035514e+01 3.539433e+01
      vertex   7.661664e+01 6.355142e+00 3.485554e+01
    endloop
  endfacet
  facet normal -9.659258e-01 0.000000e+00 2.588190e-01
    outer loop
      vertex   7.661664e+01 6.355142e+00 3.485554e+01
      vertex   7.676101e+01 1.035514e+01 3.539433e+01
      vertex   7.661664e+01 1.035514e+01 3.485554e+01
    endloop
  endfacet
  facet normal -9.063078e-01 0.000000e+00 4.226183e-01
    outer loop
      vertex   7.661664e+01 6.355142e+00 3.485554e+01
      vertex   7.661664e+01 1.035514e+01 3.485554e+01
      vertex   7.638091e+01 6.355142e+00 3.435000e+01
    endloop
  endfacet
  facet normal -9.063078e-01 0.000000e+00 4.226183e-01
    outer loop
      vertex   7.638091e+01 6.355142e+00 3.435000e+01
      vertex   7.661664e+01 1.035514e+01 3.485554e+01
      vertex   7.638091e+01 1.035514e+01 3.435000e+01
    endloop
  endfacet
  facet normal -8.191520e-01 0.000000e+00 5.735764e-01
    outer loop
      vertex   7.638091e+01 6.355142e+00 3.435000e+01
      vertex   7.638091e+01 1.035514e+01 3.435000e+01
      vertex   7.606097e+01 6.355142e+00 3.389308e+01
    endloop
  endfacet
  facet normal -8.191520e-01 0.000000e+00 5.735764e-01
    outer loop
      vertex   7.606097e+01 6.355142e+00 3.389308e+01
      vertex   7.638091e+01 1.035514e+01 3.435000e+01
      vertex   7.606097e+01 1.035514e+01 3.389308e+01
    endloop
  endfacet
  facet normal -7.071068e-01 0.000000e+00 7.071068e-01
    outer loop
      vertex   7.606097e+01 6.355142e+00 3.389308e+01
      vertex   7.606097e+01 1.035514e+01 3.389308e+01
      vertex   7.566655e+01 6.355142e+00 3.349866e+01
    endloop
  endfacet
  facet normal -7.071068e-01 0.000000e+00 7.071068e-01
    outer loop
      vertex   7.566655e+01 6.355142e+00 3.349866e+01
      vertex   7.606097e+01 1.035514e+01 3.389308e+01
      vertex   7.566655e+01 1.035514e+01 3.349866e+01
    endloop
  endfacet
  facet normal -5.735764e-01 0.000000e+00 8.191520e-01
    outer loop
      vertex   7.566655e+01 6.355142e+00 3.349866e+01
      vertex   7.566655e+01 1.035514e+01 3.349866e+01
      vertex   7.520963e+01 6.355142e+00 3.317872e+01
    endloop
  endfacet
  facet normal -5.735764e-01 0.000000e+00 8.191520e-01
    outer loop
      vertex   7.520963e+01 6.355142e+00 3.317872e+01
      vertex   7.566655e+01 1.035514e+01 3.349866e+01
      vertex   7.520963e+01 1.035514e+01 3.317872e+01
    endloop
  endfacet
  facet normal -4.226183e-01 0.000000e+00 9.063078e-01
    outer loop
      vertex   7.520963e+01 6.355142e+00 3.317872e+01
      vertex   7.520963e+01 1.035514e+01 3.317872e+01
      vertex   7.470409e+01 6.355142e+00 3.294298e+01
    endloop
  endfacet
  facet normal -4.226183e-01 0.000000e+00 9.063078e-01
    outer loop
      vertex   7.470409e+01 6.355142e+00 3.294298e+01
      vertex   7.520963e+01 1.035514e+01 3.317872e+01
      vertex   7.470409e+01 1.035514e+01 3.294298e+01
    endloop
  endfacet
  facet normal -2.588190e-01 0.000000e+00 9.659258e-01
    outer loop
      vertex   7.470409e+01 6.355142e+00 3.294298e+01
      vertex   7.470409e+01 1.035514e+01 3.294298e+01
      vertex   7.416530e+01 6.355142e+00 3.279862e+01
    endloop
  endfacet
  facet normal -2.588190e-01 0.000000e+00 9.659258e-01
    outer loop
      vertex   7.416530e+01 6.355142e+00 3.279862e+01
      vertex   7.470409e+01 1.035514e+01 3.294298e+01
      vertex   7.416530e+01 1.035514e+01 3.279862e+01
    endloop
  endfacet
  facet normal -8.715574e-02 0.000000e+00 9.961947e-01
    outer loop
      vertex   7.416530e+01 6.355142e+00 3.279862e+01
      vertex   7.416530e+01 1.035514e+01 3.279862e+01
      vertex   7.360963e+01 6.355142e+00 3.275000e+01
    endloop
  endfacet
  facet normal -8.715574e-02 0.000000e+00 9.961947e-01
    outer loop
      vertex   7.360963e+01 6.355142e+00 3.275000e+01
      vertex   7.416530e+01 1.035514e+01 3.279862e+01
      vertex   7.360963e+01 1.035514e+01 3.275000e+01
    endloop
  endfacet
  facet normal 8.715574e-02 -0.000000e+00 9.961947e-01
    outer loop
      vertex   7.360963e+01 6.355142e+00 3.275000e+01
      vertex   7.360963e+01 1.035514e+01 3.275000e+01
      vertex   7.305395e+01 6.355142e+00 3.279862e+01
    endloop
  endfacet
  facet normal 8.715574e-02 -0.000000e+00 9.961947e-01
    outer loop
      vertex   7.305395e+01 6.355142e+00 3.279862e+01
      vertex   7.360963e+01 1.035514e+01 3.275000e+01
      vertex   7.305395e+01 1.035514e+01 3.279862e+01
    endloop
  endfacet
  facet normal 2.588190e-01 -0.000000e+00 9.659258e-01
    outer loop
      vertex   7.305395e+01 6.355142e+00 3.279862e+01
      vertex   7.305395e+01 1.035514e+01 3.279862e+01
      vertex   7.251516e+01 6.355142e+00 3.294298e+01
    endloop
  endfacet
  facet normal 2.588190e-01 9.195100e-16 9.659258e-01
    outer loop
      vertex   7.251516e+01 6.355142e+00 3.294298e+01
      vertex   7.305395e+01 1.035514e+01 3.279862e+01
      vertex   7.251516e+01 1.035514e+01 3.294298e+01
    endloop
  endfacet
  facet normal 4.226183e-01 1.501442e-15 9.063078e-01
    outer loop
      vertex   7.251516e+01 6.355142e+00 3.294298e+01
      vertex   7.251516e+01 1.035514e+01 3.294298e+01
      vertex   7.200963e+01 6.355142e+00 3.317872e+01
    endloop
  endfacet
  facet normal 4.226183e-01 -0.000000e+00 9.063078e-01
    outer loop
      vertex   7.200963e+01 6.355142e+00 3.317872e+01
      vertex   7.251516e+01 1.035514e+01 3.294298e+01
      vertex   7.200963e+01 1.035514e+01 3.317872e+01
    endloop
  endfacet
  facet normal 5.735764e-01 -0.000000e+00 8.191520e-01
    outer loop
      vertex   7.200963e+01 6.355142e+00 3.317872e+01
      vertex   7.200963e+01 1.035514e+01 3.317872e+01
      vertex   7.155271e+01 6.355142e+00 3.349866e+01
    endloop
  endfacet
  facet normal 5.735764e-01 -0.000000e+00 8.191520e-01
    outer loop
      vertex   7.155271e+01 6.355142e+00 3.349866e+01
      vertex   7.200963e+01 1.035514e+01 3.317872e+01
      vertex   7.155271e+01 1.035514e+01 3.349866e+01
    endloop
  endfacet
  facet normal 7.071068e-01 -0.000000e+00 7.071068e-01
    outer loop
      vertex   7.155271e+01 6.355142e+00 3.349866e+01
      vertex   7.155271e+01 1.035514e+01 3.349866e+01
      vertex   7.115829e+01 6.355142e+00 3.389308e+01
    endloop
  endfacet
  facet normal 7.071068e-01 -0.000000e+00 7.071068e-01
    outer loop
      vertex   7.115829e+01 6.355142e+00 3.389308e+01
      vertex   7.155271e+01 1.035514e+01 3.349866e+01
      vertex   7.115829e+01 1.035514e+01 3.389308e+01
    endloop
  endfacet
  facet normal 8.191520e-01 -0.000000e+00 5.735764e-01
    outer loop
      vertex   7.115829e+01 6.355142e+00 3.389308e+01
      vertex   7.115829e+01 1.035514e+01 3.389308e+01
      vertex   7.083835e+01 6.355142e+00 3.435000e+01
    endloop
  endfacet
  facet normal 8.191520e-01 -0.000000e+00 5.735764e-01
    outer loop
      vertex   7.083835e+01 6.355142e+00 3.435000e+01
      vertex   7.115829e+01 1.035514e+01 3.389308e+01
      vertex   7.083835e+01 1.035514e+01 3.435000e+01
    endloop
  endfacet
  facet normal 9.063078e-01 -0.000000e+00 4.226183e-01
    outer loop
      vertex   7.083835e+01 6.355142e+00 3.435000e+01
      vertex   7.083835e+01 1.035514e+01 3.435000e+01
      vertex   7.060261e+01 6.355142e+00 3.485554e+01
    endloop
  endfacet
  facet normal 9.063078e-01 -0.000000e+00 4.226183e-01
    outer loop
      vertex   7.060261e+01 6.355142e+00 3.485554e+01
      vertex   7.083835e+01 1.035514e+01 3.435000e+01
      vertex   7.060261e+01 1.035514e+01 3.485554e+01
    endloop
  endfacet
  facet normal 9.659258e-01 -0.000000e+00 2.588190e-01
    outer loop
      vertex   7.060261e+01 6.355142e+00 3.485554e+01
      vertex   7.060261e+01 1.035514e+01 3.485554e+01
      vertex   7.045824e+01 6.355142e+00 3.539433e+01
    endloop
  endfacet
  facet normal 9.659258e-01 -0.000000e+00 2.588190e-01
    outer loop
      vertex   7.045824e+01 6.355142e+00 3.539433e+01
      vertex   7.060261e+01 1.035514e+01 3.485554e+01
      vertex   7.045824e+01 1.035514e+01 3.539433e+01
    endloop
  endfacet
  facet normal 9.961947e-01 -0.000000e+00 8.715574e-02
    outer loop
      vertex   7.045824e+01 6.355142e+00 3.539433e+01
      vertex   7.045824e+01 1.035514e+01 3.539433e+01
      vertex   7.040963e+01 6.355142e+00 3.595000e+01
    endloop
  endfacet
  facet normal 9.961947e-01 -0.000000e+00 8.715574e-02
    outer loop
      vertex   7.040963e+01 6.355142e+00 3.595000e+01
      vertex   7.045824e+01 1.035514e+01 3.539433e+01
      vertex   7.040963e+01 1.035514e+01 3.595000e+01
    endloop
  endfacet
  facet normal -2.329648e-15 0.000000e+00 1.000000e+00
    outer loop
      vertex   6.750963e+01 1.955142e+00 2.005000e+01
      vertex   6.750963e+01 -6.948577e-01 2.005000e+01
      vertex   7.970963e+01 1.955142e+00 2.005000e+01
    endloop
  endfacet
  facet normal -2.329648e-15 -1.249294e-29 1.000000e+00
    outer loop
      vertex   7.970963e+01 1.955142e+00 2.005000e+01
      vertex   6.750963e+01 -6.948577e-01 2.005000e+01
      vertex   7.970963e+01 -6.948577e-01 2.005000e+01
    endloop
  endfacet
  facet normal 3.376691e-15 -1.000000e+00 -4.445498e-16
    outer loop
      vertex   7.259541e+01 1.955142e+00 2.277176e+01
      vertex   6.750963e+01 1.955142e+00 2.410000e+01
      vertex   7.255963e+01 1.955142e+00 2.250000e+01
    endloop
  endfacet
  facet normal 3.517538e-15 -1.000000e+00 1.428206e-29
    outer loop
      vertex   7.255963e+01 1.955142e+00 2.250000e+01
      vertex   6.750963e+01 1.955142e+00 2.410000e+01
      vertex   6.750963e+01 1.955142e+00 2.060000e+01
    endloop
  endfacet
  facet normal 3.351528e-15 -1.000000e+00 4.412371e-16
    outer loop
      vertex   7.255963e+01 1.955142e+00 2.250000e+01
      vertex   6.750963e+01 1.955142e+00 2.060000e+01
      vertex   7.259541e+01 1.955142e+00 2.222824e+01
    endloop
  endfacet
  facet normal 3.083837e-15 -1.000000e+00 1.277367e-15
    outer loop
      vertex   7.259541e+01 1.955142e+00 2.222824e+01
      vertex   6.750963e+01 1.955142e+00 2.060000e+01
      vertex   7.270030e+01 1.955142e+00 2.197500e+01
    endloop
  endfacet
  facet normal 2.844106e-15 -1.000000e+00 2.182359e-15
    outer loop
      vertex   7.270030e+01 1.955142e+00 2.197500e+01
      vertex   6.750963e+01 1.955142e+00 2.060000e+01
      vertex   7.286717e+01 1.955142e+00 2.175754e+01
    endloop
  endfacet
  facet normal 2.587152e-15 -1.000000e+00 3.371642e-15
    outer loop
      vertex   7.286717e+01 1.955142e+00 2.175754e+01
      vertex   6.750963e+01 1.955142e+00 2.060000e+01
      vertex   7.308463e+01 1.955142e+00 2.159067e+01
    endloop
  endfacet
  facet normal 2.229728e-15 -1.000000e+00 5.383040e-15
    outer loop
      vertex   7.308463e+01 1.955142e+00 2.159067e+01
      vertex   6.750963e+01 1.955142e+00 2.060000e+01
      vertex   7.333787e+01 1.955142e+00 2.148578e+01
    endloop
  endfacet
  facet normal 7.956414e-15 -1.000000e+00 -3.229740e-14
    outer loop
      vertex   7.333787e+01 1.955142e+00 2.148578e+01
      vertex   6.750963e+01 1.955142e+00 2.060000e+01
      vertex   6.750963e+01 1.955142e+00 2.005000e+01
    endloop
  endfacet
  facet normal 0.000000e+00 -1.000000e+00 -0.000000e+00
    outer loop
      vertex   7.333787e+01 1.955142e+00 2.148578e+01
      vertex   6.750963e+01 1.955142e+00 2.005000e+01
      vertex   7.360963e+01 1.955142e+00 2.145000e+01
    endloop
  endfacet
  facet normal 2.912060e-15 -1.000000e+00 -1.268826e-14
    outer loop
      vertex   7.360963e+01 1.955142e+00 2.145000e+01
      vertex   6.750963e+01 1.955142e+00 2.005000e+01
      vertex   7.970963e+01 1.955142e+00 2.005000e+01
    endloop
  endfacet
  facet normal 2.123044e-15 -1.000000e+00 -1.612612e-14
    outer loop
      vertex   7.360963e+01 1.955142e+00 2.145000e+01
      vertex   7.970963e+01 1.955142e+00 2.005000e+01
      vertex   7.388139e+01 1.955142e+00 2.148578e+01
    endloop
  endfacet
  facet normal 6.095689e-15 -1.000000e+00 -5.512497e-27
    outer loop
      vertex   7.388139e+01 1.955142e+00 2.148578e+01
      vertex   7.970963e+01 1.955142e+00 2.005000e+01
      vertex   7.970963e+01 1.955142e+00 2.060000e+01
    endloop
  endfacet
  facet normal 4.459456e-15 -1.000000e+00 -1.076608e-14
    outer loop
      vertex   7.388139e+01 1.955142e+00 2.148578e+01
      vertex   7.970963e+01 1.955142e+00 2.060000e+01
      vertex   7.413463e+01 1.955142e+00 2.159067e+01
    endloop
  endfacet
  facet normal 5.174304e-15 -1.000000e+00 -6.743284e-15
    outer loop
      vertex   7.413463e+01 1.955142e+00 2.159067e+01
      vertex   7.970963e+01 1.955142e+00 2.060000e+01
      vertex   7.435209e+01 1.955142e+00 2.175754e+01
    endloop
  endfacet
  facet normal 5.688212e-15 -1.000000e+00 -4.364718e-15
    outer loop
      vertex   7.435209e+01 1.955142e+00 2.175754e+01
      vertex   7.970963e+01 1.955142e+00 2.060000e+01
      vertex   7.451895e+01 1.955142e+00 2.197500e+01
    endloop
  endfacet
  facet normal 6.167673e-15 -1.000000e+00 -2.554734e-15
    outer loop
      vertex   7.451895e+01 1.955142e+00 2.197500e+01
      vertex   7.970963e+01 1.955142e+00 2.060000e+01
      vertex   7.462385e+01 1.955142e+00 2.222824e+01
    endloop
  endfacet
  facet normal 6.703057e-15 -1.000000e+00 -8.824741e-16
    outer loop
      vertex   7.462385e+01 1.955142e+00 2.222824e+01
      vertex   7.970963e+01 1.955142e+00 2.060000e+01
      vertex   7.465963e+01 1.955142e+00 2.250000e+01
    endloop
  endfacet
  facet normal 7.035077e-15 -1.000000e+00 1.028309e-27
    outer loop
      vertex   7.465963e+01 1.955142e+00 2.250000e+01
      vertex   7.970963e+01 1.955142e+00 2.060000e+01
      vertex   7.970963e+01 1.955142e+00 2.410000e+01
    endloop
  endfacet
  facet normal 6.753382e-15 -1.000000e+00 8.890996e-16
    outer loop
      vertex   7.465963e+01 1.955142e+00 2.250000e+01
      vertex   7.970963e+01 1.955142e+00 2.410000e+01
      vertex   7.462385e+01 1.955142e+00 2.277176e+01
    endloop
  endfacet
  facet normal 6.303661e-15 -1.000000e+00 2.611062e-15
    outer loop
      vertex   7.462385e+01 1.955142e+00 2.277176e+01
      vertex   7.970963e+01 1.955142e+00 2.410000e+01
      vertex   7.451895e+01 1.955142e+00 2.302500e+01
    endloop
  endfacet
  facet normal 5.905884e-15 -1.000000e+00 4.531744e-15
    outer loop
      vertex   7.451895e+01 1.955142e+00 2.302500e+01
      vertex   7.970963e+01 1.955142e+00 2.410000e+01
      vertex   7.435209e+01 1.955142e+00 2.324246e+01
    endloop
  endfacet
  facet normal 5.486729e-15 -1.000000e+00 7.150445e-15
    outer loop
      vertex   7.435209e+01 1.955142e+00 2.324246e+01
      vertex   7.970963e+01 1.955142e+00 2.410000e+01
      vertex   7.413463e+01 1.955142e+00 2.340933e+01
    endloop
  endfacet
  facet normal 4.905415e-15 -1.000000e+00 1.184272e-14
    outer loop
      vertex   7.413463e+01 1.955142e+00 2.340933e+01
      vertex   7.970963e+01 1.955142e+00 2.410000e+01
      vertex   7.388139e+01 1.955142e+00 2.351422e+01
    endloop
  endfacet
  facet normal 3.456732e-15 -1.000000e+00 2.625649e-14
    outer loop
      vertex   7.388139e+01 1.955142e+00 2.351422e+01
      vertex   7.970963e+01 1.955142e+00 2.410000e+01
      vertex   7.360963e+01 1.955142e+00 2.355000e+01
    endloop
  endfacet
  facet normal 4.368091e-15 -1.000000e+00 1.614870e-14
    outer loop
      vertex   7.360963e+01 1.955142e+00 2.355000e+01
      vertex   7.970963e+01 1.955142e+00 2.410000e+01
      vertex   6.750963e+01 1.955142e+00 2.410000e+01
    endloop
  endfacet
  facet normal 1.728366e-15 -1.000000e+00 -1.312824e-14
    outer loop
      vertex   7.360963e+01 1.955142e+00 2.355000e+01
      vertex   6.750963e+01 1.955142e+00 2.410000e+01
      vertex   7.333787e+01 1.955142e+00 2.351422e+01
    endloop
  endfacet
  facet normal 2.452707e-15 -1.000000e+00 -5.921359e-15
    outer loop
      vertex   7.333787e+01 1.955142e+00 2.351422e+01
      vertex   6.750963e+01 1.955142e+00 2.410000e+01
      vertex   7.308463e+01 1.955142e+00 2.340933e+01
    endloop
  endfacet
  facet normal 2.743365e-15 -1.000000e+00 -3.575222e-15
    outer loop
      vertex   7.308463e+01 1.955142e+00 2.340933e+01
      vertex   6.750963e+01 1.955142e+00 2.410000e+01
      vertex   7.286717e+01 1.955142e+00 2.324246e+01
    endloop
  endfacet
  facet normal 2.952942e-15 -1.000000e+00 -2.265872e-15
    outer loop
      vertex   7.286717e+01 1.955142e+00 2.324246e+01
      vertex   6.750963e+01 1.955142e+00 2.410000e+01
      vertex   7.270030e+01 1.955142e+00 2.302500e+01
    endloop
  endfacet
  facet normal 3.151831e-15 -1.000000e+00 -1.305531e-15
    outer loop
      vertex   7.270030e+01 1.955142e+00 2.302500e+01
      vertex   6.750963e+01 1.955142e+00 2.410000e+01
      vertex   7.259541e+01 1.955142e+00 2.277176e+01
    endloop
  endfacet
  facet normal 1.298826e-14 -1.000000e+00 8.563476e-15
    outer loop
      vertex   7.966159e+01 6.355142e+00 3.393773e+01
      vertex   7.638091e+01 6.355142e+00 3.435000e+01
      vertex   7.970963e+01 6.355142e+00 3.345000e+01
    endloop
  endfacet
  facet normal 8.973980e-15 -1.000000e+00 -6.283648e-15
    outer loop
      vertex   7.970963e+01 6.355142e+00 3.345000e+01
      vertex   7.638091e+01 6.355142e+00 3.435000e+01
      vertex   7.606097e+01 6.355142e+00 3.389308e+01
    endloop
  endfacet
  facet normal 8.682653e-15 -1.000000e+00 -8.682653e-15
    outer loop
      vertex   7.970963e+01 6.355142e+00 3.345000e+01
      vertex   7.606097e+01 6.355142e+00 3.389308e+01
      vertex   7.566655e+01 6.355142e+00 3.349866e+01
    endloop
  endfacet
  facet normal 1.188936e-14 -1.000000e+00 -1.810837e-16
    outer loop
      vertex   7.966159e+01 6.355142e+00 3.393773e+01
      vertex   7.951933e+01 6.355142e+00 3.440671e+01
      vertex   7.638091e+01 6.355142e+00 3.435000e+01
    endloop
  endfacet
  facet normal 1.180916e-14 -1.000000e+00 4.257191e-15
    outer loop
      vertex   7.638091e+01 6.355142e+00 3.435000e+01
      vertex   7.951933e+01 6.355142e+00 3.440671e+01
      vertex   7.928830e+01 6.355142e+00 3.483893e+01
    endloop
  endfacet
  facet normal 1.359083e-14 -1.000000e+00 -6.337509e-15
    outer loop
      vertex   7.638091e+01 6.355142e+00 3.435000e+01
      vertex   7.928830e+01 6.355142e+00 3.483893e+01
      vertex   7.661664e+01 6.355142e+00 3.485554e+01
    endloop
  endfacet
  facet normal 1.368548e-14 -1.000000e+00 8.886926e-15
    outer loop
      vertex   7.661664e+01 6.355142e+00 3.485554e+01
      vertex   7.928830e+01 6.355142e+00 3.483893e+01
      vertex   7.897740e+01 6.355142e+00 3.521777e+01
    endloop
  endfacet
  facet normal 1.304790e-14 -1.000000e+00 1.304218e-14
    outer loop
      vertex   7.661664e+01 6.355142e+00 3.485554e+01
      vertex   7.897740e+01 6.355142e+00 3.521777e+01
      vertex   7.859855e+01 6.355142e+00 3.552867e+01
    endloop
  endfacet
  facet normal 1.148529e-14 -1.000000e+00 1.764295e-14
    outer loop
      vertex   7.859855e+01 6.355142e+00 3.552867e+01
      vertex   7.816634e+01 6.355142e+00 3.575970e+01
      vertex   7.661664e+01 6.355142e+00 3.485554e+01
    endloop
  endfacet
  facet normal 9.942002e-15 -1.000000e+00 2.028808e-14
    outer loop
      vertex   7.661664e+01 6.355142e+00 3.485554e+01
      vertex   7.816634e+01 6.355142e+00 3.575970e+01
      vertex   7.769735e+01 6.355142e+00 3.590196e+01
    endloop
  endfacet
  facet normal 3.995205e-14 -1.000000e+00 -1.070512e-14
    outer loop
      vertex   7.661664e+01 6.355142e+00 3.485554e+01
      vertex   7.769735e+01 6.355142e+00 3.590196e+01
      vertex   7.676101e+01 6.355142e+00 3.539433e+01
    endloop
  endfacet
  facet normal -9.144626e-16 -1.000000e+00 6.467347e-14
    outer loop
      vertex   7.676101e+01 6.355142e+00 3.539433e+01
      vertex   7.769735e+01 6.355142e+00 3.590196e+01
      vertex   7.720963e+01 6.355142e+00 3.595000e+01
    endloop
  endfacet
  facet normal 0.000000e+00 -1.000000e+00 6.393520e-14
    outer loop
      vertex   7.676101e+01 6.355142e+00 3.539433e+01
      vertex   7.720963e+01 6.355142e+00 3.595000e+01
      vertex   7.680963e+01 6.355142e+00 3.595000e+01
    endloop
  endfacet
  facet normal 8.638670e-15 -1.000000e+00 -1.233730e-14
    outer loop
      vertex   7.566655e+01 6.355142e+00 3.349866e+01
      vertex   7.520963e+01 6.355142e+00 3.317872e+01
      vertex   7.970963e+01 6.355142e+00 3.345000e+01
    endloop
  endfacet
  facet normal 7.894919e-15 -1.000000e+00 1.304576e-29
    outer loop
      vertex   7.970963e+01 6.355142e+00 3.345000e+01
      vertex   7.520963e+01 6.355142e+00 3.317872e+01
      vertex   7.970963e+01 6.355142e+00 2.485000e+01
    endloop
  endfacet
  facet normal 1.588799e-15 -1.000000e+00 -3.407191e-15
    outer loop
      vertex   7.970963e+01 6.355142e+00 2.485000e+01
      vertex   7.520963e+01 6.355142e+00 3.317872e+01
      vertex   7.470409e+01 6.355142e+00 3.294298e+01
    endloop
  endfacet
  facet normal 1.009037e-15 -1.000000e+00 -3.765776e-15
    outer loop
      vertex   7.970963e+01 6.355142e+00 2.485000e+01
      vertex   7.470409e+01 6.355142e+00 3.294298e+01
      vertex   7.416530e+01 6.355142e+00 3.279862e+01
    endloop
  endfacet
  facet normal 3.685487e-16 -1.000000e+00 -4.212530e-15
    outer loop
      vertex   7.416530e+01 6.355142e+00 3.279862e+01
      vertex   7.360963e+01 6.355142e+00 3.275000e+01
      vertex   7.970963e+01 6.355142e+00 2.485000e+01
    endloop
  endfacet
  facet normal 2.912060e-15 -1.000000e+00 -2.248553e-15
    outer loop
      vertex   7.970963e+01 6.355142e+00 2.485000e+01
      vertex   7.360963e+01 6.355142e+00 3.275000e+01
      vertex   6.750963e+01 6.355142e+00 2.485000e+01
    endloop
  endfacet
  facet normal 0.000000e+00 -1.000000e+00 0.000000e+00
    outer loop
      vertex   6.750963e+01 6.355142e+00 2.485000e+01
      vertex   7.360963e+01 6.355142e+00 3.275000e+01
      vertex   7.305395e+01 6.355142e+00 3.279862e+01
    endloop
  endfacet
  facet normal 0.000000e+00 -1.000000e+00 0.000000e+00
    outer loop
      vertex   6.750963e+01 6.355142e+00 2.485000e+01
      vertex   7.305395e+01 6.355142e+00 3.279862e+01
      vertex   7.251516e+01 6.355142e+00 3.294298e+01
    endloop
  endfacet
  facet normal -0.000000e+00 -1.000000e+00 0.000000e+00
    outer loop
      vertex   7.251516e+01 6.355142e+00 3.294298e+01
      vertex   7.200963e+01 6.355142e+00 3.317872e+01
      vertex   6.750963e+01 6.355142e+00 2.485000e+01
    endloop
  endfacet
  facet normal 0.000000e+00 -1.000000e+00 0.000000e+00
    outer loop
      vertex   6.750963e+01 6.355142e+00 2.485000e+01
      vertex   7.200963e+01 6.355142e+00 3.317872e+01
      vertex   6.750963e+01 6.355142e+00 3.345000e+01
    endloop
  endfacet
  facet normal 0.000000e+00 -1.000000e+00 0.000000e+00
    outer loop
      vertex   6.750963e+01 6.355142e+00 3.345000e+01
      vertex   7.200963e+01 6.355142e+00 3.317872e+01
      vertex   7.155271e+01 6.355142e+00 3.349866e+01
    endloop
  endfacet
  facet normal 0.000000e+00 -1.000000e+00 0.000000e+00
    outer loop
      vertex   6.750963e+01 6.355142e+00 3.345000e+01
      vertex   7.155271e+01 6.355142e+00 3.349866e+01
      vertex   7.115829e+01 6.355142e+00 3.389308e+01
    endloop
  endfacet
  facet normal -0.000000e+00 -1.000000e+00 0.000000e+00
    outer loop
      vertex   7.115829e+01 6.355142e+00 3.389308e+01
      vertex   7.083835e+01 6.355142e+00 3.435000e+01
      vertex   6.750963e+01 6.355142e+00 3.345000e+01
    endloop
  endfacet
  facet normal 2.023353e-15 -1.000000e+00 -7.483527e-15
    outer loop
      vertex   6.750963e+01 6.355142e+00 3.345000e+01
      vertex   7.083835e+01 6.355142e+00 3.435000e+01
      vertex   6.755766e+01 6.355142e+00 3.393773e+01
    endloop
  endfacet
  facet normal 6.309856e-16 -1.000000e+00 3.596273e-15
    outer loop
      vertex   6.755766e+01 6.355142e+00 3.393773e+01
      vertex   7.083835e+01 6.355142e+00 3.435000e+01
      vertex   6.769993e+01 6.355142e+00 3.440671e+01
    endloop
  endfacet
  facet normal 5.973655e-16 -1.000000e+00 1.735638e-15
    outer loop
      vertex   6.769993e+01 6.355142e+00 3.440671e+01
      vertex   7.083835e+01 6.355142e+00 3.435000e+01
      vertex   6.793095e+01 6.355142e+00 3.483893e+01
    endloop
  endfacet
  facet normal 3.314837e-16 -1.000000e+00 1.545734e-16
    outer loop
      vertex   6.793095e+01 6.355142e+00 3.483893e+01
      vertex   7.083835e+01 6.355142e+00 3.435000e+01
      vertex   7.060261e+01 6.355142e+00 3.485554e+01
    endloop
  endfacet
  facet normal 3.194991e-16 -1.000000e+00 2.082254e-15
    outer loop
      vertex   6.793095e+01 6.355142e+00 3.483893e+01
      vertex   7.060261e+01 6.355142e+00 3.485554e+01
      vertex   6.824186e+01 6.355142e+00 3.521777e+01
    endloop
  endfacet
  facet normal 3.692898e-16 -1.000000e+00 2.406752e-15
    outer loop
      vertex   6.824186e+01 6.355142e+00 3.521777e+01
      vertex   7.060261e+01 6.355142e+00 3.485554e+01
      vertex   6.862070e+01 6.355142e+00 3.552867e+01
    endloop
  endfacet
  facet normal 5.243984e-16 -1.000000e+00 2.863435e-15
    outer loop
      vertex   6.862070e+01 6.355142e+00 3.552867e+01
      vertex   7.060261e+01 6.355142e+00 3.485554e+01
      vertex   6.905292e+01 6.355142e+00 3.575970e+01
    endloop
  endfacet
  facet normal 2.099919e-15 -1.000000e+00 5.563802e-15
    outer loop
      vertex   6.905292e+01 6.355142e+00 3.575970e+01
      vertex   7.060261e+01 6.355142e+00 3.485554e+01
      vertex   6.952190e+01 6.355142e+00 3.590196e+01
    endloop
  endfacet
  facet normal -4.439117e-15 -1.000000e+00 -1.189458e-15
    outer loop
      vertex   6.952190e+01 6.355142e+00 3.590196e+01
      vertex   7.060261e+01 6.355142e+00 3.485554e+01
      vertex   7.045824e+01 6.355142e+00 3.539433e+01
    endloop
  endfacet
  facet normal -6.747697e-15 -1.000000e+00 -5.447652e-15
    outer loop
      vertex   6.952190e+01 6.355142e+00 3.590196e+01
      vertex   7.045824e+01 6.355142e+00 3.539433e+01
      vertex   7.000963e+01 6.355142e+00 3.595000e+01
    endloop
  endfacet
  facet normal 8.881784e-14 -1.000000e+00 7.170575e-14
    outer loop
      vertex   7.000963e+01 6.355142e+00 3.595000e+01
      vertex   7.045824e+01 6.355142e+00 3.539433e+01
      vertex   7.040963e+01 6.355142e+00 3.595000e+01
    endloop
  endfacet
  facet normal 2.912060e-15 -1.000000e+00 -2.853991e-29
    outer loop
      vertex   6.750963e+01 -6.948577e-01 2.005000e+01
      vertex   6.750963e+01 -6.948577e-01 1.860000e+01
      vertex   7.970963e+01 -6.948577e-01 2.005000e+01
    endloop
  endfacet
  facet normal 2.912060e-15 -1.000000e+00 -2.853991e-29
    outer loop
      vertex   7.970963e+01 -6.948577e-01 2.005000e+01
      vertex   6.750963e+01 -6.948577e-01 1.860000e+01
      vertex   7.970963e+01 -6.948577e-01 1.860000e+01
    endloop
  endfacet
  facet normal -1.000000e+00 -5.362587e-15 9.043271e-13
    outer loop
      vertex   7.970963e+01 1.955142e+00 2.005000e+01
      vertex   7.970963e+01 -6.948577e-01 2.005000e+01
      vertex   7.970963e+01 1.955142e+00 2.060000e+01
    endloop
  endfacet
  facet normal -1.000000e+00 0.000000e+00 8.784892e-13
    outer loop
      vertex   7.970963e+01 1.955142e+00 2.060000e+01
      vertex   7.970963e+01 -6.948577e-01 2.005000e+01
      vertex   7.970963e+01 -1.289486e+01 2.060000e+01
    endloop
  endfacet
  facet normal -1.000000e+00 -3.960402e-14 3.517544e-29
    outer loop
      vertex   7.970963e+01 -1.289486e+01 2.060000e+01
      vertex   7.970963e+01 -6.948577e-01 2.005000e+01
      vertex   7.970963e+01 -1.289486e+01 1.860000e+01
    endloop
  endfacet
  facet normal -1.000000e+00 -4.076885e-14 9.800589e-15
    outer loop
      vertex   7.970963e+01 -1.289486e+01 1.860000e+01
      vertex   7.970963e+01 -6.948577e-01 2.005000e+01
      vertex   7.970963e+01 -6.948577e-01 1.860000e+01
    endloop
  endfacet
  facet normal 1.000000e+00 0.000000e+00 0.000000e+00
    outer loop
      vertex   6.750963e+01 1.955142e+00 2.005000e+01
      vertex   6.750963e+01 1.955142e+00 2.060000e+01
      vertex   6.750963e+01 -6.948577e-01 2.005000e+01
    endloop
  endfacet
  facet normal 1.000000e+00 3.253664e-14 -1.567674e-13
    outer loop
      vertex   6.750963e+01 -6.948577e-01 2.005000e+01
      vertex   6.750963e+01 1.955142e+00 2.060000e+01
      vertex   6.750963e+01 -1.289486e+01 2.060000e+01
    endloop
  endfacet
  facet normal 1.000000e+00 3.960402e-14 -6.621259e-29
    outer loop
      vertex   6.750963e+01 -6.948577e-01 2.005000e+01
      vertex   6.750963e+01 -1.289486e+01 2.060000e+01
      vertex   6.750963e+01 -1.289486e+01 1.860000e+01
    endloop
  endfacet
  facet normal 1.000000e+00 4.076885e-14 -9.800589e-15
    outer loop
      vertex   6.750963e+01 -1.289486e+01 1.860000e+01
      vertex   6.750963e+01 -6.948577e-01 1.860000e+01
      vertex   6.750963e+01 -6.948577e-01 2.005000e+01
    endloop
  endfacet
  facet normal -1.000000e+00 0.000000e+00 0.000000e+00
    outer loop
      vertex   6.700963e+01 -1.639486e+01 2.060000e+01
      vertex   6.700963e+01 -1.639486e+01 2.510000e+01
      vertex   6.700963e+01 -1.289486e+01 2.060000e+01
    endloop
  endfacet
  facet normal -1.000000e+00 0.000000e+00 0.000000e+00
    outer loop
      vertex   6.700963e+01 -1.289486e+01 2.060000e+01
      vertex   6.700963e+01 -1.639486e+01 2.510000e+01
      vertex   6.700963e+01 -1.289486e+01 2.510000e+01
    endloop
  endfacet
  facet normal 1.000000e+00 0.000000e+00 -0.000000e+00
    outer loop
      vertex   8.020963e+01 -1.289486e+01 2.060000e+01
      vertex   8.020963e+01 -1.289486e+01 2.510000e+01
      vertex   8.020963e+01 -1.639486e+01 2.060000e+01
    endloop
  endfacet
  facet normal 1.000000e+00 0.000000e+00 0.000000e+00
    outer loop
      vertex   8.020963e+01 -1.639486e+01 2.060000e+01
      vertex   8.020963e+01 -1.289486e+01 2.510000e+01
      vertex   8.020963e+01 -1.639486e+01 2.510000e+01
    endloop
  endfacet
  facet normal -0.000000e+00 0.000000e+00 1.000000e+00
    outer loop
      vertex   6.700963e+01 -1.639486e+01 2.510000e+01
      vertex   8.020963e+01 -1.639486e+01 2.510000e+01
      vertex   6.700963e+01 -1.289486e+01 2.510000e+01
    endloop
  endfacet
  facet normal 0.000000e+00 0.000000e+00 1.000000e+00
    outer loop
      vertex   6.700963e+01 -1.289486e+01 2.510000e+01
      vertex   8.020963e+01 -1.639486e+01 2.510000e+01
      vertex   8.020963e+01 -1.289486e+01 2.510000e+01
    endloop
  endfacet
  facet normal -1.884015e-15 -1.000000e+00 0.000000e+00
    outer loop
      vertex   6.700963e+01 -1.639486e+01 2.060000e+01
      vertex   8.020963e+01 -1.639486e+01 2.060000e+01
      vertex   6.700963e+01 -1.639486e+01 2.510000e+01
    endloop
  endfacet
  facet normal -1.884015e-15 -1.000000e+00 0.000000e+00
    outer loop
      vertex   6.700963e+01 -1.639486e+01 2.510000e+01
      vertex   8.020963e+01 -1.639486e+01 2.060000e+01
      vertex   8.020963e+01 -1.639486e+01 2.510000e+01
    endloop
  endfacet
  facet normal 2.038442e-15 1.000000e+00 -8.881784e-16
    outer loop
      vertex   7.970963e+01 -1.289486e+01 1.860000e+01
      vertex   6.750963e+01 -1.289486e+01 2.060000e+01
      vertex   7.970963e+01 -1.289486e+01 2.060000e+01
    endloop
  endfacet
  facet normal 2.038442e-15 1.000000e+00 2.264936e-16
    outer loop
      vertex   7.970963e+01 -1.289486e+01 2.060000e+01
      vertex   6.750963e+01 -1.289486e+01 2.060000e+01
      vertex   6.700963e+01 -1.289486e+01 2.510000e+01
    endloop
  endfacet
  facet normal 1.749442e-15 1.000000e+00 -5.891285e-16
    outer loop
      vertex   7.970963e+01 -1.289486e+01 2.060000e+01
      vertex   6.700963e+01 -1.289486e+01 2.510000e+01
      vertex   8.020963e+01 -1.289486e+01 2.510000e+01
    endloop
  endfacet
  facet normal 1.892839e-15 1.000000e+00 -1.776357e-15
    outer loop
      vertex   7.970963e+01 -1.289486e+01 1.860000e+01
      vertex   6.750963e+01 -1.289486e+01 1.860000e+01
      vertex   6.750963e+01 -1.289486e+01 2.060000e+01
    endloop
  endfacet
  facet normal 0.000000e+00 1.000000e+00 0.000000e+00
    outer loop
      vertex   6.750963e+01 -1.289486e+01 2.060000e+01
      vertex   6.700963e+01 -1.289486e+01 2.060000e+01
      vertex   6.700963e+01 -1.289486e+01 2.510000e+01
    endloop
  endfacet
  facet normal 0.000000e+00 1.000000e+00 -3.947460e-16
    outer loop
      vertex   8.020963e+01 -1.289486e+01 2.510000e+01
      vertex   8.020963e+01 -1.289486e+01 2.060000e+01
      vertex   7.970963e+01 -1.289486e+01 2.060000e+01
    endloop
  endfacet
  facet normal -9.945219e-01 -1.045285e-01 -0.000000e+00
    outer loop
      vertex   6.373065e+01 -2.454062e+01 2.060000e+01
      vertex   6.373065e+01 -2.454062e+01 1.860000e+01
      vertex   6.378091e+01 -2.501881e+01 2.060000e+01
    endloop
  endfacet
  facet normal -9.945219e-01 -1.045285e-01 -0.000000e+00
    outer loop
      vertex   6.378091e+01 -2.501881e+01 2.060000e+01
      vertex   6.373065e+01 -2.454062e+01 1.860000e+01
      vertex   6.378091e+01 -2.501881e+01 1.860000e+01
    endloop
  endfacet
  facet normal -9.945219e-01 1.045285e-01 0.000000e+00
    outer loop
      vertex   6.378091e+01 -2.501881e+01 2.060000e+01
      vertex   6.378091e+01 -2.501881e+01 1.860000e+01
      vertex   6.373065e+01 -2.549701e+01 2.060000e+01
    endloop
  endfacet
  facet normal -9.945219e-01 1.045285e-01 0.000000e+00
    outer loop
      vertex   6.373065e+01 -2.549701e+01 2.060000e+01
      vertex   6.378091e+01 -2.501881e+01 1.860000e+01
      vertex   6.373065e+01 -2.549701e+01 1.860000e+01
    endloop
  endfacet
  facet normal -9.510565e-01 3.090170e-01 0.000000e+00
    outer loop
      vertex   6.373065e+01 -2.549701e+01 2.060000e+01
      vertex   6.373065e+01 -2.549701e+01 1.860000e+01
      vertex   6.358207e+01 -2.595431e+01 2.060000e+01
    endloop
  endfacet
  facet normal -9.510565e-01 3.090170e-01 0.000000e+00
    outer loop
      vertex   6.358207e+01 -2.595431e+01 2.060000e+01
      vertex   6.373065e+01 -2.549701e+01 1.860000e+01
      vertex   6.358207e+01 -2.595431e+01 1.860000e+01
    endloop
  endfacet
  facet normal -8.660254e-01 5.000000e-01 0.000000e+00
    outer loop
      vertex   6.358207e+01 -2.595431e+01 2.060000e+01
      vertex   6.358207e+01 -2.595431e+01 1.860000e+01
      vertex   6.334165e+01 -2.637072e+01 2.060000e+01
    endloop
  endfacet
  facet normal -8.660254e-01 5.000000e-01 0.000000e+00
    outer loop
      vertex   6.334165e+01 -2.637072e+01 2.060000e+01
      vertex   6.358207e+01 -2.595431e+01 1.860000e+01
      vertex   6.334165e+01 -2.637072e+01 1.860000e+01
    endloop
  endfacet
  facet normal -7.431448e-01 6.691306e-01 0.000000e+00
    outer loop
      vertex   6.334165e+01 -2.637072e+01 2.060000e+01
      vertex   6.334165e+01 -2.637072e+01 1.860000e+01
      vertex   6.301991e+01 -2.672805e+01 2.060000e+01
    endloop
  endfacet
  facet normal -7.431448e-01 6.691306e-01 0.000000e+00
    outer loop
      vertex   6.301991e+01 -2.672805e+01 2.060000e+01
      vertex   6.334165e+01 -2.637072e+01 1.860000e+01
      vertex   6.301991e+01 -2.672805e+01 1.860000e+01
    endloop
  endfacet
  facet normal -5.877853e-01 8.090170e-01 0.000000e+00
    outer loop
      vertex   6.301991e+01 -2.672805e+01 2.060000e+01
      vertex   6.301991e+01 -2.672805e+01 1.860000e+01
      vertex   6.263091e+01 -2.701067e+01 2.060000e+01
    endloop
  endfacet
  facet normal -5.877853e-01 8.090170e-01 0.000000e+00
    outer loop
      vertex   6.263091e+01 -2.701067e+01 2.060000e+01
      vertex   6.301991e+01 -2.672805e+01 1.860000e+01
      vertex   6.263091e+01 -2.701067e+01 1.860000e+01
    endloop
  endfacet
  facet normal -4.067366e-01 9.135455e-01 0.000000e+00
    outer loop
      vertex   6.263091e+01 -2.701067e+01 2.060000e+01
      vertex   6.263091e+01 -2.701067e+01 1.860000e+01
      vertex   6.219165e+01 -2.720624e+01 2.060000e+01
    endloop
  endfacet
  facet normal -4.067366e-01 9.135455e-01 0.000000e+00
    outer loop
      vertex   6.219165e+01 -2.720624e+01 2.060000e+01
      vertex   6.263091e+01 -2.701067e+01 1.860000e+01
      vertex   6.219165e+01 -2.720624e+01 1.860000e+01
    endloop
  endfacet
  facet normal -2.079117e-01 9.781476e-01 0.000000e+00
    outer loop
      vertex   6.219165e+01 -2.720624e+01 2.060000e+01
      vertex   6.219165e+01 -2.720624e+01 1.860000e+01
      vertex   6.172133e+01 -2.730621e+01 2.060000e+01
    endloop
  endfacet
  facet normal -2.079117e-01 9.781476e-01 0.000000e+00
    outer loop
      vertex   6.172133e+01 -2.730621e+01 2.060000e+01
      vertex   6.219165e+01 -2.720624e+01 1.860000e+01
      vertex   6.172133e+01 -2.730621e+01 1.860000e+01
    endloop
  endfacet
  facet normal 0.000000e+00 1.000000e+00 0.000000e+00
    outer loop
      vertex   6.172133e+01 -2.730621e+01 2.060000e+01
      vertex   6.172133e+01 -2.730621e+01 1.860000e+01
      vertex   6.124049e+01 -2.730621e+01 2.060000e+01
    endloop
  endfacet
  facet normal 0.000000e+00 1.000000e+00 0.000000e+00
    outer loop
      vertex   6.124049e+01 -2.730621e+01 2.060000e+01
      vertex   6.172133e+01 -2.730621e+01 1.860000e+01
      vertex   6.124049e+01 -2.730621e+01 1.860000e+01
    endloop
  endfacet
  facet normal 2.079117e-01 9.781476e-01 0.000000e+00
    outer loop
      vertex   6.124049e+01 -2.730621e+01 2.060000e+01
      vertex   6.124049e+01 -2.730621e+01 1.860000e+01
      vertex   6.077017e+01 -2.720624e+01 2.060000e+01
    endloop
  endfacet
  facet normal 2.079117e-01 9.781476e-01 0.000000e+00
    outer loop
      vertex   6.077017e+01 -2.720624e+01 2.060000e+01
      vertex   6.124049e+01 -2.730621e+01 1.860000e+01
      vertex   6.077017e+01 -2.720624e+01 1.860000e+01
    endloop
  endfacet
  facet normal 4.067366e-01 9.135455e-01 0.000000e+00
    outer loop
      vertex   6.077017e+01 -2.720624e+01 2.060000e+01
      vertex   6.077017e+01 -2.720624e+01 1.860000e+01
      vertex   6.033091e+01 -2.701067e+01 2.060000e+01
    endloop
  endfacet
  facet normal 4.067366e-01 9.135455e-01 0.000000e+00
    outer loop
      vertex   6.033091e+01 -2.701067e+01 2.060000e+01
      vertex   6.077017e+01 -2.720624e+01 1.860000e+01
      vertex   6.033091e+01 -2.701067e+01 1.860000e+01
    endloop
  endfacet
  facet normal 5.877853e-01 8.090170e-01 0.000000e+00
    outer loop
      vertex   6.033091e+01 -2.701067e+01 2.060000e+01
      vertex   6.033091e+01 -2.701067e+01 1.860000e+01
      vertex   5.994191e+01 -2.672805e+01 2.060000e+01
    endloop
  endfacet
  facet normal 5.877853e-01 8.090170e-01 0.000000e+00
    outer loop
      vertex   5.994191e+01 -2.672805e+01 2.060000e+01
      vertex   6.033091e+01 -2.701067e+01 1.860000e+01
      vertex   5.994191e+01 -2.672805e+01 1.860000e+01
    endloop
  endfacet
  facet normal 7.431448e-01 6.691306e-01 0.000000e+00
    outer loop
      vertex   5.994191e+01 -2.672805e+01 2.060000e+01
      vertex   5.994191e+01 -2.672805e+01 1.860000e+01
      vertex   5.962017e+01 -2.637072e+01 2.060000e+01
    endloop
  endfacet
  facet normal 7.431448e-01 6.691306e-01 0.000000e+00
    outer loop
      vertex   5.962017e+01 -2.637072e+01 2.060000e+01
      vertex   5.994191e+01 -2.672805e+01 1.860000e+01
      vertex   5.962017e+01 -2.637072e+01 1.860000e+01
    endloop
  endfacet
  facet normal 8.660254e-01 5.000000e-01 0.000000e+00
    outer loop
      vertex   5.962017e+01 -2.637072e+01 2.060000e+01
      vertex   5.962017e+01 -2.637072e+01 1.860000e+01
      vertex   5.937976e+01 -2.595431e+01 2.060000e+01
    endloop
  endfacet
  facet normal 8.660254e-01 5.000000e-01 0.000000e+00
    outer loop
      vertex   5.937976e+01 -2.595431e+01 2.060000e+01
      vertex   5.962017e+01 -2.637072e+01 1.860000e+01
      vertex   5.937976e+01 -2.595431e+01 1.860000e+01
    endloop
  endfacet
  facet normal 9.510565e-01 3.090170e-01 0.000000e+00
    outer loop
      vertex   5.937976e+01 -2.595431e+01 2.060000e+01
      vertex   5.937976e+01 -2.595431e+01 1.860000e+01
      vertex   5.923117e+01 -2.549701e+01 2.060000e+01
    endloop
  endfacet
  facet normal 9.510565e-01 3.090170e-01 0.000000e+00
    outer loop
      vertex   5.923117e+01 -2.549701e+01 2.060000e+01
      vertex   5.937976e+01 -2.595431e+01 1.860000e+01
      vertex   5.923117e+01 -2.549701e+01 1.860000e+01
    endloop
  endfacet
  facet normal 9.945219e-01 1.045285e-01 0.000000e+00
    outer loop
      vertex   5.923117e+01 -2.549701e+01 2.060000e+01
      vertex   5.923117e+01 -2.549701e+01 1.860000e+01
      vertex   5.918091e+01 -2.501881e+01 2.060000e+01
    endloop
  endfacet
  facet normal 9.945219e-01 1.045285e-01 0.000000e+00
    outer loop
      vertex   5.918091e+01 -2.501881e+01 2.060000e+01
      vertex   5.923117e+01 -2.549701e+01 1.860000e+01
      vertex   5.918091e+01 -2.501881e+01 1.860000e+01
    endloop
  endfacet
  facet normal 9.945219e-01 -1.045285e-01 0.000000e+00
    outer loop
      vertex   5.918091e+01 -2.501881e+01 2.060000e+01
      vertex   5.918091e+01 -2.501881e+01 1.860000e+01
      vertex   5.923117e+01 -2.454062e+01 2.060000e+01
    endloop
  endfacet
  facet normal 9.945219e-01 -1.045285e-01 0.000000e+00
    outer loop
      vertex   5.923117e+01 -2.454062e+01 2.060000e+01
      vertex   5.918091e+01 -2.501881e+01 1.860000e+01
      vertex   5.923117e+01 -2.454062e+01 1.860000e+01
    endloop
  endfacet
  facet normal 9.510565e-01 -3.090170e-01 0.000000e+00
    outer loop
      vertex   5.923117e+01 -2.454062e+01 2.060000e+01
      vertex   5.923117e+01 -2.454062e+01 1.860000e+01
      vertex   5.937976e+01 -2.408332e+01 2.060000e+01
    endloop
  endfacet
  facet normal 9.510565e-01 -3.090170e-01 0.000000e+00
    outer loop
      vertex   5.937976e+01 -2.408332e+01 2.060000e+01
      vertex   5.923117e+01 -2.454062e+01 1.860000e+01
      vertex   5.937976e+01 -2.408332e+01 1.860000e+01
    endloop
  endfacet
  facet normal 8.660254e-01 -5.000000e-01 0.000000e+00
    outer loop
      vertex   5.937976e+01 -2.408332e+01 2.060000e+01
      vertex   5.937976e+01 -2.408332e+01 1.860000e+01
      vertex   5.962017e+01 -2.366691e+01 2.060000e+01
    endloop
  endfacet
  facet normal 8.660254e-01 -5.000000e-01 0.000000e+00
    outer loop
      vertex   5.962017e+01 -2.366691e+01 2.060000e+01
      vertex   5.937976e+01 -2.408332e+01 1.860000e+01
      vertex   5.962017e+01 -2.366691e+01 1.860000e+01
    endloop
  endfacet
  facet normal 7.431448e-01 -6.691306e-01 0.000000e+00
    outer loop
      vertex   5.962017e+01 -2.366691e+01 2.060000e+01
      vertex   5.962017e+01 -2.366691e+01 1.860000e+01
      vertex   5.994191e+01 -2.330958e+01 2.060000e+01
    endloop
  endfacet
  facet normal 7.431448e-01 -6.691306e-01 0.000000e+00
    outer loop
      vertex   5.994191e+01 -2.330958e+01 2.060000e+01
      vertex   5.962017e+01 -2.366691e+01 1.860000e+01
      vertex   5.994191e+01 -2.330958e+01 1.860000e+01
    endloop
  endfacet
  facet normal 5.877853e-01 -8.090170e-01 0.000000e+00
    outer loop
      vertex   5.994191e+01 -2.330958e+01 2.060000e+01
      vertex   5.994191e+01 -2.330958e+01 1.860000e+01
      vertex   6.033091e+01 -2.302696e+01 2.060000e+01
    endloop
  endfacet
  facet normal 5.877853e-01 -8.090170e-01 0.000000e+00
    outer loop
      vertex   6.033091e+01 -2.302696e+01 2.060000e+01
      vertex   5.994191e+01 -2.330958e+01 1.860000e+01
      vertex   6.033091e+01 -2.302696e+01 1.860000e+01
    endloop
  endfacet
  facet normal 4.067366e-01 -9.135455e-01 0.000000e+00
    outer loop
      vertex   6.033091e+01 -2.302696e+01 2.060000e+01
      vertex   6.033091e+01 -2.302696e+01 1.860000e+01
      vertex   6.077017e+01 -2.283138e+01 2.060000e+01
    endloop
  endfacet
  facet normal 4.067366e-01 -9.135455e-01 0.000000e+00
    outer loop
      vertex   6.077017e+01 -2.283138e+01 2.060000e+01
      vertex   6.033091e+01 -2.302696e+01 1.860000e+01
      vertex   6.077017e+01 -2.283138e+01 1.860000e+01
    endloop
  endfacet
  facet normal 2.079117e-01 -9.781476e-01 0.000000e+00
    outer loop
      vertex   6.077017e+01 -2.283138e+01 2.060000e+01
      vertex   6.077017e+01 -2.283138e+01 1.860000e+01
      vertex   6.124049e+01 -2.273141e+01 2.060000e+01
    endloop
  endfacet
  facet normal 2.079117e-01 -9.781476e-01 0.000000e+00
    outer loop
      vertex   6.124049e+01 -2.273141e+01 2.060000e+01
      vertex   6.077017e+01 -2.283138e+01 1.860000e+01
      vertex   6.124049e+01 -2.273141e+01 1.860000e+01
    endloop
  endfacet
  facet normal 0.000000e+00 -1.000000e+00 0.000000e+00
    outer loop
      vertex   6.124049e+01 -2.273141e+01 2.060000e+01
      vertex   6.124049e+01 -2.273141e+01 1.860000e+01
      vertex   6.172133e+01 -2.273141e+01 2.060000e+01
    endloop
  endfacet
  facet normal 0.000000e+00 -1.000000e+00 -0.000000e+00
    outer loop
      vertex   6.172133e+01 -2.273141e+01 2.060000e+01
      vertex   6.124049e+01 -2.273141e+01 1.860000e+01
      vertex   6.172133e+01 -2.273141e+01 1.860000e+01
    endloop
  endfacet
  facet normal -2.079117e-01 -9.781476e-01 -0.000000e+00
    outer loop
      vertex   6.172133e+01 -2.273141e+01 2.060000e+01
      vertex   6.172133e+01 -2.273141e+01 1.860000e+01
      vertex   6.219165e+01 -2.283138e+01 2.060000e+01
    endloop
  endfacet
  facet normal -2.079117e-01 -9.781476e-01 -0.000000e+00
    outer loop
      vertex   6.219165e+01 -2.283138e+01 2.060000e+01
      vertex   6.172133e+01 -2.273141e+01 1.860000e+01
      vertex   6.219165e+01 -2.283138e+01 1.860000e+01
    endloop
  endfacet
  facet normal -4.067366e-01 -9.135455e-01 -0.000000e+00
    outer loop
      vertex   6.219165e+01 -2.283138e+01 2.060000e+01
      vertex   6.219165e+01 -2.283138e+01 1.860000e+01
      vertex   6.263091e+01 -2.302696e+01 2.060000e+01
    endloop
  endfacet
  facet normal -4.067366e-01 -9.135455e-01 -0.000000e+00
    outer loop
      vertex   6.263091e+01 -2.302696e+01 2.060000e+01
      vertex   6.219165e+01 -2.283138e+01 1.860000e+01
      vertex   6.263091e+01 -2.302696e+01 1.860000e+01
    endloop
  endfacet
  facet normal -5.877853e-01 -8.090170e-01 -0.000000e+00
    outer loop
      vertex   6.263091e+01 -2.302696e+01 2.060000e+01
      vertex   6.263091e+01 -2.302696e+01 1.860000e+01
      vertex   6.301991e+01 -2.330958e+01 2.060000e+01
    endloop
  endfacet
  facet normal -5.877853e-01 -8.090170e-01 -0.000000e+00
    outer loop
      vertex   6.301991e+01 -2.330958e+01 2.060000e+01
      vertex   6.263091e+01 -2.302696e+01 1.860000e+01
      vertex   6.301991e+01 -2.330958e+01 1.860000e+01
    endloop
  endfacet
  facet normal -7.431448e-01 -6.691306e-01 -0.000000e+00
    outer loop
      vertex   6.301991e+01 -2.330958e+01 2.060000e+01
      vertex   6.301991e+01 -2.330958e+01 1.860000e+01
      vertex   6.334165e+01 -2.366691e+01 2.060000e+01
    endloop
  endfacet
  facet normal -7.431448e-01 -6.691306e-01 -0.000000e+00
    outer loop
      vertex   6.334165e+01 -2.366691e+01 2.060000e+01
      vertex   6.301991e+01 -2.330958e+01 1.860000e+01
      vertex   6.334165e+01 -2.366691e+01 1.860000e+01
    endloop
  endfacet
  facet normal -8.660254e-01 -5.000000e-01 -0.000000e+00
    outer loop
      vertex   6.334165e+01 -2.366691e+01 2.060000e+01
      vertex   6.334165e+01 -2.366691e+01 1.860000e+01
      vertex   6.358207e+01 -2.408332e+01 2.060000e+01
    endloop
  endfacet
  facet normal -8.660254e-01 -5.000000e-01 -0.000000e+00
    outer loop
      vertex   6.358207e+01 -2.408332e+01 2.060000e+01
      vertex   6.334165e+01 -2.366691e+01 1.860000e+01
      vertex   6.358207e+01 -2.408332e+01 1.860000e+01
    endloop
  endfacet
  facet normal -9.510565e-01 -3.090170e-01 -0.000000e+00
    outer loop
      vertex   6.358207e+01 -2.408332e+01 2.060000e+01
      vertex   6.358207e+01 -2.408332e+01 1.860000e+01
      vertex   6.373065e+01 -2.454062e+01 2.060000e+01
    endloop
  endfacet
  facet normal -9.510565e-01 -3.090170e-01 -0.000000e+00
    outer loop
      vertex   6.373065e+01 -2.454062e+01 2.060000e+01
      vertex   6.358207e+01 -2.408332e+01 1.860000e+01
      vertex   6.373065e+01 -2.454062e+01 1.860000e+01
    endloop
  endfacet
  facet normal -9.945219e-01 -1.045285e-01 -0.000000e+00
    outer loop
      vertex   1.001094e+02 -3.545960e+00 2.060000e+01
      vertex   1.001094e+02 -3.545960e+00 1.860000e+01
      vertex   1.001596e+02 -4.024157e+00 2.060000e+01
    endloop
  endfacet
  facet normal -9.945219e-01 -1.045285e-01 -9.283993e-17
    outer loop
      vertex   1.001596e+02 -4.024157e+00 2.060000e+01
      vertex   1.001094e+02 -3.545960e+00 1.860000e+01
      vertex   1.001596e+02 -4.024157e+00 1.860000e+01
    endloop
  endfacet
  facet normal -9.945219e-01 1.045285e-01 9.283993e-17
    outer loop
      vertex   1.001596e+02 -4.024157e+00 2.060000e+01
      vertex   1.001596e+02 -4.024157e+00 1.860000e+01
      vertex   1.001094e+02 -4.502354e+00 2.060000e+01
    endloop
  endfacet
  facet normal -9.945219e-01 1.045285e-01 0.000000e+00
    outer loop
      vertex   1.001094e+02 -4.502354e+00 2.060000e+01
      vertex   1.001596e+02 -4.024157e+00 1.860000e+01
      vertex   1.001094e+02 -4.502354e+00 1.860000e+01
    endloop
  endfacet
  facet normal -9.510565e-01 3.090170e-01 0.000000e+00
    outer loop
      vertex   1.001094e+02 -4.502354e+00 2.060000e+01
      vertex   1.001094e+02 -4.502354e+00 1.860000e+01
      vertex   9.996077e+01 -4.959651e+00 2.060000e+01
    endloop
  endfacet
  facet normal -9.510565e-01 3.090170e-01 0.000000e+00
    outer loop
      vertex   9.996077e+01 -4.959651e+00 2.060000e+01
      vertex   1.001094e+02 -4.502354e+00 1.860000e+01
      vertex   9.996077e+01 -4.959651e+00 1.860000e+01
    endloop
  endfacet
  facet normal -8.660254e-01 5.000000e-01 0.000000e+00
    outer loop
      vertex   9.996077e+01 -4.959651e+00 2.060000e+01
      vertex   9.996077e+01 -4.959651e+00 1.860000e+01
      vertex   9.972036e+01 -5.376063e+00 2.060000e+01
    endloop
  endfacet
  facet normal -8.660254e-01 5.000000e-01 0.000000e+00
    outer loop
      vertex   9.972036e+01 -5.376063e+00 2.060000e+01
      vertex   9.996077e+01 -4.959651e+00 1.860000e+01
      vertex   9.972036e+01 -5.376063e+00 1.860000e+01
    endloop
  endfacet
  facet normal -7.431448e-01 6.691306e-01 0.000000e+00
    outer loop
      vertex   9.972036e+01 -5.376063e+00 2.060000e+01
      vertex   9.972036e+01 -5.376063e+00 1.860000e+01
      vertex   9.939862e+01 -5.733390e+00 2.060000e+01
    endloop
  endfacet
  facet normal -7.431448e-01 6.691306e-01 0.000000e+00
    outer loop
      vertex   9.939862e+01 -5.733390e+00 2.060000e+01
      vertex   9.972036e+01 -5.376063e+00 1.860000e+01
      vertex   9.939862e+01 -5.733390e+00 1.860000e+01
    endloop
  endfacet
  facet normal -5.877853e-01 8.090170e-01 0.000000e+00
    outer loop
      vertex   9.939862e+01 -5.733390e+00 2.060000e+01
      vertex   9.939862e+01 -5.733390e+00 1.860000e+01
      vertex   9.900962e+01 -6.016016e+00 2.060000e+01
    endloop
  endfacet
  facet normal -5.877853e-01 8.090170e-01 0.000000e+00
    outer loop
      vertex   9.900962e+01 -6.016016e+00 2.060000e+01
      vertex   9.939862e+01 -5.733390e+00 1.860000e+01
      vertex   9.900962e+01 -6.016016e+00 1.860000e+01
    endloop
  endfacet
  facet normal -4.067366e-01 9.135455e-01 0.000000e+00
    outer loop
      vertex   9.900962e+01 -6.016016e+00 2.060000e+01
      vertex   9.900962e+01 -6.016016e+00 1.860000e+01
      vertex   9.857036e+01 -6.211587e+00 2.060000e+01
    endloop
  endfacet
  facet normal -4.067366e-01 9.135455e-01 0.000000e+00
    outer loop
      vertex   9.857036e+01 -6.211587e+00 2.060000e+01
      vertex   9.900962e+01 -6.016016e+00 1.860000e+01
      vertex   9.857036e+01 -6.211587e+00 1.860000e+01
    endloop
  endfacet
  facet normal -2.079117e-01 9.781476e-01 0.000000e+00
    outer loop
      vertex   9.857036e+01 -6.211587e+00 2.060000e+01
      vertex   9.857036e+01 -6.211587e+00 1.860000e+01
      vertex   9.810003e+01 -6.311557e+00 2.060000e+01
    endloop
  endfacet
  facet normal -2.079117e-01 9.781476e-01 0.000000e+00
    outer loop
      vertex   9.810003e+01 -6.311557e+00 2.060000e+01
      vertex   9.857036e+01 -6.211587e+00 1.860000e+01
      vertex   9.810003e+01 -6.311557e+00 1.860000e+01
    endloop
  endfacet
  facet normal 0.000000e+00 1.000000e+00 0.000000e+00
    outer loop
      vertex   9.810003e+01 -6.311557e+00 2.060000e+01
      vertex   9.810003e+01 -6.311557e+00 1.860000e+01
      vertex   9.761920e+01 -6.311557e+00 2.060000e+01
    endloop
  endfacet
  facet normal 0.000000e+00 1.000000e+00 0.000000e+00
    outer loop
      vertex   9.761920e+01 -6.311557e+00 2.060000e+01
      vertex   9.810003e+01 -6.311557e+00 1.860000e+01
      vertex   9.761920e+01 -6.311557e+00 1.860000e+01
    endloop
  endfacet
  facet normal 2.079117e-01 9.781476e-01 0.000000e+00
    outer loop
      vertex   9.761920e+01 -6.311557e+00 2.060000e+01
      vertex   9.761920e+01 -6.311557e+00 1.860000e+01
      vertex   9.714888e+01 -6.211587e+00 2.060000e+01
    endloop
  endfacet
  facet normal 2.079117e-01 9.781476e-01 0.000000e+00
    outer loop
      vertex   9.714888e+01 -6.211587e+00 2.060000e+01
      vertex   9.761920e+01 -6.311557e+00 1.860000e+01
      vertex   9.714888e+01 -6.211587e+00 1.860000e+01
    endloop
  endfacet
  facet normal 4.067366e-01 9.135455e-01 0.000000e+00
    outer loop
      vertex   9.714888e+01 -6.211587e+00 2.060000e+01
      vertex   9.714888e+01 -6.211587e+00 1.860000e+01
      vertex   9.670962e+01 -6.016016e+00 2.060000e+01
    endloop
  endfacet
  facet normal 4.067366e-01 9.135455e-01 0.000000e+00
    outer loop
      vertex   9.670962e+01 -6.016016e+00 2.060000e+01
      vertex   9.714888e+01 -6.211587e+00 1.860000e+01
      vertex   9.670962e+01 -6.016016e+00 1.860000e+01
    endloop
  endfacet
  facet normal 5.877853e-01 8.090170e-01 0.000000e+00
    outer loop
      vertex   9.670962e+01 -6.016016e+00 2.060000e+01
      vertex   9.670962e+01 -6.016016e+00 1.860000e+01
      vertex   9.632062e+01 -5.733390e+00 2.060000e+01
    endloop
  endfacet
  facet normal 5.877853e-01 8.090170e-01 0.000000e+00
    outer loop
      vertex   9.632062e+01 -5.733390e+00 2.060000e+01
      vertex   9.670962e+01 -6.016016e+00 1.860000e+01
      vertex   9.632062e+01 -5.733390e+00 1.860000e+01
    endloop
  endfacet
  facet normal 7.431448e-01 6.691306e-01 0.000000e+00
    outer loop
      vertex   9.632062e+01 -5.733390e+00 2.060000e+01
      vertex   9.632062e+01 -5.733390e+00 1.860000e+01
      vertex   9.599888e+01 -5.376063e+00 2.060000e+01
    endloop
  endfacet
  facet normal 7.431448e-01 6.691306e-01 0.000000e+00
    outer loop
      vertex   9.599888e+01 -5.376063e+00 2.060000e+01
      vertex   9.632062e+01 -5.733390e+00 1.860000e+01
      vertex   9.599888e+01 -5.376063e+00 1.860000e+01
    endloop
  endfacet
  facet normal 8.660254e-01 5.000000e-01 0.000000e+00
    outer loop
      vertex   9.599888e+01 -5.376063e+00 2.060000e+01
      vertex   9.599888e+01 -5.376063e+00 1.860000e+01
      vertex   9.575846e+01 -4.959651e+00 2.060000e+01
    endloop
  endfacet
  facet normal 8.660254e-01 5.000000e-01 0.000000e+00
    outer loop
      vertex   9.575846e+01 -4.959651e+00 2.060000e+01
      vertex   9.599888e+01 -5.376063e+00 1.860000e+01
      vertex   9.575846e+01 -4.959651e+00 1.860000e+01
    endloop
  endfacet
  facet normal 9.510565e-01 3.090170e-01 0.000000e+00
    outer loop
      vertex   9.575846e+01 -4.959651e+00 2.060000e+01
      vertex   9.575846e+01 -4.959651e+00 1.860000e+01
      vertex   9.560988e+01 -4.502354e+00 2.060000e+01
    endloop
  endfacet
  facet normal 9.510565e-01 3.090170e-01 0.000000e+00
    outer loop
      vertex   9.560988e+01 -4.502354e+00 2.060000e+01
      vertex   9.575846e+01 -4.959651e+00 1.860000e+01
      vertex   9.560988e+01 -4.502354e+00 1.860000e+01
    endloop
  endfacet
  facet normal 9.945219e-01 1.045285e-01 0.000000e+00
    outer loop
      vertex   9.560988e+01 -4.502354e+00 2.060000e+01
      vertex   9.560988e+01 -4.502354e+00 1.860000e+01
      vertex   9.555962e+01 -4.024157e+00 2.060000e+01
    endloop
  endfacet
  facet normal 9.945219e-01 1.045285e-01 0.000000e+00
    outer loop
      vertex   9.555962e+01 -4.024157e+00 2.060000e+01
      vertex   9.560988e+01 -4.502354e+00 1.860000e+01
      vertex   9.555962e+01 -4.024157e+00 1.860000e+01
    endloop
  endfacet
  facet normal 9.945219e-01 -1.045285e-01 0.000000e+00
    outer loop
      vertex   9.555962e+01 -4.024157e+00 2.060000e+01
      vertex   9.555962e+01 -4.024157e+00 1.860000e+01
      vertex   9.560988e+01 -3.545960e+00 2.060000e+01
    endloop
  endfacet
  facet normal 9.945219e-01 -1.045285e-01 0.000000e+00
    outer loop
      vertex   9.560988e+01 -3.545960e+00 2.060000e+01
      vertex   9.555962e+01 -4.024157e+00 1.860000e+01
      vertex   9.560988e+01 -3.545960e+00 1.860000e+01
    endloop
  endfacet
  facet normal 9.510565e-01 -3.090170e-01 0.000000e+00
    outer loop
      vertex   9.560988e+01 -3.545960e+00 2.060000e+01
      vertex   9.560988e+01 -3.545960e+00 1.860000e+01
      vertex   9.575846e+01 -3.088663e+00 2.060000e+01
    endloop
  endfacet
  facet normal 9.510565e-01 -3.090170e-01 0.000000e+00
    outer loop
      vertex   9.575846e+01 -3.088663e+00 2.060000e+01
      vertex   9.560988e+01 -3.545960e+00 1.860000e+01
      vertex   9.575846e+01 -3.088663e+00 1.860000e+01
    endloop
  endfacet
  facet normal 8.660254e-01 -5.000000e-01 0.000000e+00
    outer loop
      vertex   9.575846e+01 -3.088663e+00 2.060000e+01
      vertex   9.575846e+01 -3.088663e+00 1.860000e+01
      vertex   9.599888e+01 -2.672251e+00 2.060000e+01
    endloop
  endfacet
  facet normal 8.660254e-01 -5.000000e-01 0.000000e+00
    outer loop
      vertex   9.599888e+01 -2.672251e+00 2.060000e+01
      vertex   9.575846e+01 -3.088663e+00 1.860000e+01
      vertex   9.599888e+01 -2.672251e+00 1.860000e+01
    endloop
  endfacet
  facet normal 7.431448e-01 -6.691306e-01 0.000000e+00
    outer loop
      vertex   9.599888e+01 -2.672251e+00 2.060000e+01
      vertex   9.599888e+01 -2.672251e+00 1.860000e+01
      vertex   9.632062e+01 -2.314924e+00 2.060000e+01
    endloop
  endfacet
  facet normal 7.431448e-01 -6.691306e-01 0.000000e+00
    outer loop
      vertex   9.632062e+01 -2.314924e+00 2.060000e+01
      vertex   9.599888e+01 -2.672251e+00 1.860000e+01
      vertex   9.632062e+01 -2.314924e+00 1.860000e+01
    endloop
  endfacet
  facet normal 5.877853e-01 -8.090170e-01 0.000000e+00
    outer loop
      vertex   9.632062e+01 -2.314924e+00 2.060000e+01
      vertex   9.632062e+01 -2.314924e+00 1.860000e+01
      vertex   9.670962e+01 -2.032299e+00 2.060000e+01
    endloop
  endfacet
  facet normal 5.877853e-01 -8.090170e-01 0.000000e+00
    outer loop
      vertex   9.670962e+01 -2.032299e+00 2.060000e+01
      vertex   9.632062e+01 -2.314924e+00 1.860000e+01
      vertex   9.670962e+01 -2.032299e+00 1.860000e+01
    endloop
  endfacet
  facet normal 4.067366e-01 -9.135455e-01 0.000000e+00
    outer loop
      vertex   9.670962e+01 -2.032299e+00 2.060000e+01
      vertex   9.670962e+01 -2.032299e+00 1.860000e+01
      vertex   9.714888e+01 -1.836727e+00 2.060000e+01
    endloop
  endfacet
  facet normal 4.067366e-01 -9.135455e-01 0.000000e+00
    outer loop
      vertex   9.714888e+01 -1.836727e+00 2.060000e+01
      vertex   9.670962e+01 -2.032299e+00 1.860000e+01
      vertex   9.714888e+01 -1.836727e+00 1.860000e+01
    endloop
  endfacet
  facet normal 2.079117e-01 -9.781476e-01 0.000000e+00
    outer loop
      vertex   9.714888e+01 -1.836727e+00 2.060000e+01
      vertex   9.714888e+01 -1.836727e+00 1.860000e+01
      vertex   9.761920e+01 -1.736757e+00 2.060000e+01
    endloop
  endfacet
  facet normal 2.079117e-01 -9.781476e-01 0.000000e+00
    outer loop
      vertex   9.761920e+01 -1.736757e+00 2.060000e+01
      vertex   9.714888e+01 -1.836727e+00 1.860000e+01
      vertex   9.761920e+01 -1.736757e+00 1.860000e+01
    endloop
  endfacet
  facet normal 9.235870e-16 -1.000000e+00 0.000000e+00
    outer loop
      vertex   9.761920e+01 -1.736757e+00 2.060000e+01
      vertex   9.761920e+01 -1.736757e+00 1.860000e+01
      vertex   9.810003e+01 -1.736757e+00 2.060000e+01
    endloop
  endfacet
  facet normal 9.235870e-16 -1.000000e+00 0.000000e+00
    outer loop
      vertex   9.810003e+01 -1.736757e+00 2.060000e+01
      vertex   9.761920e+01 -1.736757e+00 1.860000e+01
      vertex   9.810003e+01 -1.736757e+00 1.860000e+01
    endloop
  endfacet
  facet normal -2.079117e-01 -9.781476e-01 -0.000000e+00
    outer loop
      vertex   9.810003e+01 -1.736757e+00 2.060000e+01
      vertex   9.810003e+01 -1.736757e+00 1.860000e+01
      vertex   9.857036e+01 -1.836727e+00 2.060000e+01
    endloop
  endfacet
  facet normal -2.079117e-01 -9.781476e-01 -0.000000e+00
    outer loop
      vertex   9.857036e+01 -1.836727e+00 2.060000e+01
      vertex   9.810003e+01 -1.736757e+00 1.860000e+01
      vertex   9.857036e+01 -1.836727e+00 1.860000e+01
    endloop
  endfacet
  facet normal -4.067366e-01 -9.135455e-01 -0.000000e+00
    outer loop
      vertex   9.857036e+01 -1.836727e+00 2.060000e+01
      vertex   9.857036e+01 -1.836727e+00 1.860000e+01
      vertex   9.900962e+01 -2.032299e+00 2.060000e+01
    endloop
  endfacet
  facet normal -4.067366e-01 -9.135455e-01 -0.000000e+00
    outer loop
      vertex   9.900962e+01 -2.032299e+00 2.060000e+01
      vertex   9.857036e+01 -1.836727e+00 1.860000e+01
      vertex   9.900962e+01 -2.032299e+00 1.860000e+01
    endloop
  endfacet
  facet normal -5.877853e-01 -8.090170e-01 -0.000000e+00
    outer loop
      vertex   9.900962e+01 -2.032299e+00 2.060000e+01
      vertex   9.900962e+01 -2.032299e+00 1.860000e+01
      vertex   9.939862e+01 -2.314924e+00 2.060000e+01
    endloop
  endfacet
  facet normal -5.877853e-01 -8.090170e-01 -0.000000e+00
    outer loop
      vertex   9.939862e+01 -2.314924e+00 2.060000e+01
      vertex   9.900962e+01 -2.032299e+00 1.860000e+01
      vertex   9.939862e+01 -2.314924e+00 1.860000e+01
    endloop
  endfacet
  facet normal -7.431448e-01 -6.691306e-01 -0.000000e+00
    outer loop
      vertex   9.939862e+01 -2.314924e+00 2.060000e+01
      vertex   9.939862e+01 -2.314924e+00 1.860000e+01
      vertex   9.972036e+01 -2.672251e+00 2.060000e+01
    endloop
  endfacet
  facet normal -7.431448e-01 -6.691306e-01 -0.000000e+00
    outer loop
      vertex   9.972036e+01 -2.672251e+00 2.060000e+01
      vertex   9.939862e+01 -2.314924e+00 1.860000e+01
      vertex   9.972036e+01 -2.672251e+00 1.860000e+01
    endloop
  endfacet
  facet normal -8.660254e-01 -5.000000e-01 -0.000000e+00
    outer loop
      vertex   9.972036e+01 -2.672251e+00 2.060000e+01
      vertex   9.972036e+01 -2.672251e+00 1.860000e+01
      vertex   9.996077e+01 -3.088663e+00 2.060000e+01
    endloop
  endfacet
  facet normal -8.660254e-01 -5.000000e-01 -0.000000e+00
    outer loop
      vertex   9.996077e+01 -3.088663e+00 2.060000e+01
      vertex   9.972036e+01 -2.672251e+00 1.860000e+01
      vertex   9.996077e+01 -3.088663e+00 1.860000e+01
    endloop
  endfacet
  facet normal -9.510565e-01 -3.090170e-01 -0.000000e+00
    outer loop
      vertex   9.996077e+01 -3.088663e+00 2.060000e+01
      vertex   9.996077e+01 -3.088663e+00 1.860000e+01
      vertex   1.001094e+02 -3.545960e+00 2.060000e+01
    endloop
  endfacet
  facet normal -9.510565e-01 -3.090170e-01 -0.000000e+00
    outer loop
      vertex   1.001094e+02 -3.545960e+00 2.060000e+01
      vertex   9.996077e+01 -3.088663e+00 1.860000e+01
      vertex   1.001094e+02 -3.545960e+00 1.860000e+01
    endloop
  endfacet
  facet normal -9.945219e-01 -1.045285e-01 -0.000000e+00
    outer loop
      vertex   8.798064e+01 -2.454492e+01 2.060000e+01
      vertex   8.798064e+01 -2.454492e+01 1.860000e+01
      vertex   8.803090e+01 -2.502311e+01 2.060000e+01
    endloop
  endfacet
  facet normal -9.945219e-01 -1.045285e-01 1.856799e-16
    outer loop
      vertex   8.803090e+01 -2.502311e+01 2.060000e+01
      vertex   8.798064e+01 -2.454492e+01 1.860000e+01
      vertex   8.803090e+01 -2.502311e+01 1.860000e+01
    endloop
  endfacet
  facet normal -9.945219e-01 1.045285e-01 -1.856799e-16
    outer loop
      vertex   8.803090e+01 -2.502311e+01 2.060000e+01
      vertex   8.803090e+01 -2.502311e+01 1.860000e+01
      vertex   8.798064e+01 -2.550131e+01 2.060000e+01
    endloop
  endfacet
  facet normal -9.945219e-01 1.045285e-01 0.000000e+00
    outer loop
      vertex   8.798064e+01 -2.550131e+01 2.060000e+01
      vertex   8.803090e+01 -2.502311e+01 1.860000e+01
      vertex   8.798064e+01 -2.550131e+01 1.860000e+01
    endloop
  endfacet
  facet normal -9.510565e-01 3.090170e-01 0.000000e+00
    outer loop
      vertex   8.798064e+01 -2.550131e+01 2.060000e+01
      vertex   8.798064e+01 -2.550131e+01 1.860000e+01
      vertex   8.783205e+01 -2.595861e+01 2.060000e+01
    endloop
  endfacet
  facet normal -9.510565e-01 3.090170e-01 0.000000e+00
    outer loop
      vertex   8.783205e+01 -2.595861e+01 2.060000e+01
      vertex   8.798064e+01 -2.550131e+01 1.860000e+01
      vertex   8.783205e+01 -2.595861e+01 1.860000e+01
    endloop
  endfacet
  facet normal -8.660254e-01 5.000000e-01 0.000000e+00
    outer loop
      vertex   8.783205e+01 -2.595861e+01 2.060000e+01
      vertex   8.783205e+01 -2.595861e+01 1.860000e+01
      vertex   8.759164e+01 -2.637502e+01 2.060000e+01
    endloop
  endfacet
  facet normal -8.660254e-01 5.000000e-01 0.000000e+00
    outer loop
      vertex   8.759164e+01 -2.637502e+01 2.060000e+01
      vertex   8.783205e+01 -2.595861e+01 1.860000e+01
      vertex   8.759164e+01 -2.637502e+01 1.860000e+01
    endloop
  endfacet
  facet normal -7.431448e-01 6.691306e-01 0.000000e+00
    outer loop
      vertex   8.759164e+01 -2.637502e+01 2.060000e+01
      vertex   8.759164e+01 -2.637502e+01 1.860000e+01
      vertex   8.726990e+01 -2.673235e+01 2.060000e+01
    endloop
  endfacet
  facet normal -7.431448e-01 6.691306e-01 0.000000e+00
    outer loop
      vertex   8.726990e+01 -2.673235e+01 2.060000e+01
      vertex   8.759164e+01 -2.637502e+01 1.860000e+01
      vertex   8.726990e+01 -2.673235e+01 1.860000e+01
    endloop
  endfacet
  facet normal -5.877853e-01 8.090170e-01 0.000000e+00
    outer loop
      vertex   8.726990e+01 -2.673235e+01 2.060000e+01
      vertex   8.726990e+01 -2.673235e+01 1.860000e+01
      vertex   8.688090e+01 -2.701497e+01 2.060000e+01
    endloop
  endfacet
  facet normal -5.877853e-01 8.090170e-01 0.000000e+00
    outer loop
      vertex   8.688090e+01 -2.701497e+01 2.060000e+01
      vertex   8.726990e+01 -2.673235e+01 1.860000e+01
      vertex   8.688090e+01 -2.701497e+01 1.860000e+01
    endloop
  endfacet
  facet normal -4.067366e-01 9.135455e-01 0.000000e+00
    outer loop
      vertex   8.688090e+01 -2.701497e+01 2.060000e+01
      vertex   8.688090e+01 -2.701497e+01 1.860000e+01
      vertex   8.644164e+01 -2.721054e+01 2.060000e+01
    endloop
  endfacet
  facet normal -4.067366e-01 9.135455e-01 0.000000e+00
    outer loop
      vertex   8.644164e+01 -2.721054e+01 2.060000e+01
      vertex   8.688090e+01 -2.701497e+01 1.860000e+01
      vertex   8.644164e+01 -2.721054e+01 1.860000e+01
    endloop
  endfacet
  facet normal -2.079117e-01 9.781476e-01 0.000000e+00
    outer loop
      vertex   8.644164e+01 -2.721054e+01 2.060000e+01
      vertex   8.644164e+01 -2.721054e+01 1.860000e+01
      vertex   8.597131e+01 -2.731051e+01 2.060000e+01
    endloop
  endfacet
  facet normal -2.079117e-01 9.781476e-01 0.000000e+00
    outer loop
      vertex   8.597131e+01 -2.731051e+01 2.060000e+01
      vertex   8.644164e+01 -2.721054e+01 1.860000e+01
      vertex   8.597131e+01 -2.731051e+01 1.860000e+01
    endloop
  endfacet
  facet normal 0.000000e+00 1.000000e+00 0.000000e+00
    outer loop
      vertex   8.597131e+01 -2.731051e+01 2.060000e+01
      vertex   8.597131e+01 -2.731051e+01 1.860000e+01
      vertex   8.549048e+01 -2.731051e+01 2.060000e+01
    endloop
  endfacet
  facet normal 0.000000e+00 1.000000e+00 0.000000e+00
    outer loop
      vertex   8.549048e+01 -2.731051e+01 2.060000e+01
      vertex   8.597131e+01 -2.731051e+01 1.860000e+01
      vertex   8.549048e+01 -2.731051e+01 1.860000e+01
    endloop
  endfacet
  facet normal 2.079117e-01 9.781476e-01 0.000000e+00
    outer loop
      vertex   8.549048e+01 -2.731051e+01 2.060000e+01
      vertex   8.549048e+01 -2.731051e+01 1.860000e+01
      vertex   8.502016e+01 -2.721054e+01 2.060000e+01
    endloop
  endfacet
  facet normal 2.079117e-01 9.781476e-01 0.000000e+00
    outer loop
      vertex   8.502016e+01 -2.721054e+01 2.060000e+01
      vertex   8.549048e+01 -2.731051e+01 1.860000e+01
      vertex   8.502016e+01 -2.721054e+01 1.860000e+01
    endloop
  endfacet
  facet normal 4.067366e-01 9.135455e-01 0.000000e+00
    outer loop
      vertex   8.502016e+01 -2.721054e+01 2.060000e+01
      vertex   8.502016e+01 -2.721054e+01 1.860000e+01
      vertex   8.458090e+01 -2.701497e+01 2.060000e+01
    endloop
  endfacet
  facet normal 4.067366e-01 9.135455e-01 0.000000e+00
    outer loop
      vertex   8.458090e+01 -2.701497e+01 2.060000e+01
      vertex   8.502016e+01 -2.721054e+01 1.860000e+01
      vertex   8.458090e+01 -2.701497e+01 1.860000e+01
    endloop
  endfacet
  facet normal 5.877853e-01 8.090170e-01 0.000000e+00
    outer loop
      vertex   8.458090e+01 -2.701497e+01 2.060000e+01
      vertex   8.458090e+01 -2.701497e+01 1.860000e+01
      vertex   8.419190e+01 -2.673235e+01 2.060000e+01
    endloop
  endfacet
  facet normal 5.877853e-01 8.090170e-01 0.000000e+00
    outer loop
      vertex   8.419190e+01 -2.673235e+01 2.060000e+01
      vertex   8.458090e+01 -2.701497e+01 1.860000e+01
      vertex   8.419190e+01 -2.673235e+01 1.860000e+01
    endloop
  endfacet
  facet normal 7.431448e-01 6.691306e-01 0.000000e+00
    outer loop
      vertex   8.419190e+01 -2.673235e+01 2.060000e+01
      vertex   8.419190e+01 -2.673235e+01 1.860000e+01
      vertex   8.387016e+01 -2.637502e+01 2.060000e+01
    endloop
  endfacet
  facet normal 7.431448e-01 6.691306e-01 0.000000e+00
    outer loop
      vertex   8.387016e+01 -2.637502e+01 2.060000e+01
      vertex   8.419190e+01 -2.673235e+01 1.860000e+01
      vertex   8.387016e+01 -2.637502e+01 1.860000e+01
    endloop
  endfacet
  facet normal 8.660254e-01 5.000000e-01 0.000000e+00
    outer loop
      vertex   8.387016e+01 -2.637502e+01 2.060000e+01
      vertex   8.387016e+01 -2.637502e+01 1.860000e+01
      vertex   8.362974e+01 -2.595861e+01 2.060000e+01
    endloop
  endfacet
  facet normal 8.660254e-01 5.000000e-01 0.000000e+00
    outer loop
      vertex   8.362974e+01 -2.595861e+01 2.060000e+01
      vertex   8.387016e+01 -2.637502e+01 1.860000e+01
      vertex   8.362974e+01 -2.595861e+01 1.860000e+01
    endloop
  endfacet
  facet normal 9.510565e-01 3.090170e-01 0.000000e+00
    outer loop
      vertex   8.362974e+01 -2.595861e+01 2.060000e+01
      vertex   8.362974e+01 -2.595861e+01 1.860000e+01
      vertex   8.348116e+01 -2.550131e+01 2.060000e+01
    endloop
  endfacet
  facet normal 9.510565e-01 3.090170e-01 0.000000e+00
    outer loop
      vertex   8.348116e+01 -2.550131e+01 2.060000e+01
      vertex   8.362974e+01 -2.595861e+01 1.860000e+01
      vertex   8.348116e+01 -2.550131e+01 1.860000e+01
    endloop
  endfacet
  facet normal 9.945219e-01 1.045285e-01 0.000000e+00
    outer loop
      vertex   8.348116e+01 -2.550131e+01 2.060000e+01
      vertex   8.348116e+01 -2.550131e+01 1.860000e+01
      vertex   8.343090e+01 -2.502311e+01 2.060000e+01
    endloop
  endfacet
  facet normal 9.945219e-01 1.045285e-01 0.000000e+00
    outer loop
      vertex   8.343090e+01 -2.502311e+01 2.060000e+01
      vertex   8.348116e+01 -2.550131e+01 1.860000e+01
      vertex   8.343090e+01 -2.502311e+01 1.860000e+01
    endloop
  endfacet
  facet normal 9.945219e-01 -1.045285e-01 0.000000e+00
    outer loop
      vertex   8.343090e+01 -2.502311e+01 2.060000e+01
      vertex   8.343090e+01 -2.502311e+01 1.860000e+01
      vertex   8.348116e+01 -2.454492e+01 2.060000e+01
    endloop
  endfacet
  facet normal 9.945219e-01 -1.045285e-01 0.000000e+00
    outer loop
      vertex   8.348116e+01 -2.454492e+01 2.060000e+01
      vertex   8.343090e+01 -2.502311e+01 1.860000e+01
      vertex   8.348116e+01 -2.454492e+01 1.860000e+01
    endloop
  endfacet
  facet normal 9.510565e-01 -3.090170e-01 0.000000e+00
    outer loop
      vertex   8.348116e+01 -2.454492e+01 2.060000e+01
      vertex   8.348116e+01 -2.454492e+01 1.860000e+01
      vertex   8.362974e+01 -2.408762e+01 2.060000e+01
    endloop
  endfacet
  facet normal 9.510565e-01 -3.090170e-01 0.000000e+00
    outer loop
      vertex   8.362974e+01 -2.408762e+01 2.060000e+01
      vertex   8.348116e+01 -2.454492e+01 1.860000e+01
      vertex   8.362974e+01 -2.408762e+01 1.860000e+01
    endloop
  endfacet
  facet normal 8.660254e-01 -5.000000e-01 0.000000e+00
    outer loop
      vertex   8.362974e+01 -2.408762e+01 2.060000e+01
      vertex   8.362974e+01 -2.408762e+01 1.860000e+01
      vertex   8.387016e+01 -2.367121e+01 2.060000e+01
    endloop
  endfacet
  facet normal 8.660254e-01 -5.000000e-01 0.000000e+00
    outer loop
      vertex   8.387016e+01 -2.367121e+01 2.060000e+01
      vertex   8.362974e+01 -2.408762e+01 1.860000e+01
      vertex   8.387016e+01 -2.367121e+01 1.860000e+01
    endloop
  endfacet
  facet normal 7.431448e-01 -6.691306e-01 0.000000e+00
    outer loop
      vertex   8.387016e+01 -2.367121e+01 2.060000e+01
      vertex   8.387016e+01 -2.367121e+01 1.860000e+01
      vertex   8.419190e+01 -2.331388e+01 2.060000e+01
    endloop
  endfacet
  facet normal 7.431448e-01 -6.691306e-01 0.000000e+00
    outer loop
      vertex   8.419190e+01 -2.331388e+01 2.060000e+01
      vertex   8.387016e+01 -2.367121e+01 1.860000e+01
      vertex   8.419190e+01 -2.331388e+01 1.860000e+01
    endloop
  endfacet
  facet normal 5.877853e-01 -8.090170e-01 0.000000e+00
    outer loop
      vertex   8.419190e+01 -2.331388e+01 2.060000e+01
      vertex   8.419190e+01 -2.331388e+01 1.860000e+01
      vertex   8.458090e+01 -2.303126e+01 2.060000e+01
    endloop
  endfacet
  facet normal 5.877853e-01 -8.090170e-01 0.000000e+00
    outer loop
      vertex   8.458090e+01 -2.303126e+01 2.060000e+01
      vertex   8.419190e+01 -2.331388e+01 1.860000e+01
      vertex   8.458090e+01 -2.303126e+01 1.860000e+01
    endloop
  endfacet
  facet normal 4.067366e-01 -9.135455e-01 0.000000e+00
    outer loop
      vertex   8.458090e+01 -2.303126e+01 2.060000e+01
      vertex   8.458090e+01 -2.303126e+01 1.860000e+01
      vertex   8.502016e+01 -2.283568e+01 2.060000e+01
    endloop
  endfacet
  facet normal 4.067366e-01 -9.135455e-01 0.000000e+00
    outer loop
      vertex   8.502016e+01 -2.283568e+01 2.060000e+01
      vertex   8.458090e+01 -2.303126e+01 1.860000e+01
      vertex   8.502016e+01 -2.283568e+01 1.860000e+01
    endloop
  endfacet
  facet normal 2.079117e-01 -9.781476e-01 0.000000e+00
    outer loop
      vertex   8.502016e+01 -2.283568e+01 2.060000e+01
      vertex   8.502016e+01 -2.283568e+01 1.860000e+01
      vertex   8.549048e+01 -2.273571e+01 2.060000e+01
    endloop
  endfacet
  facet normal 2.079117e-01 -9.781476e-01 0.000000e+00
    outer loop
      vertex   8.549048e+01 -2.273571e+01 2.060000e+01
      vertex   8.502016e+01 -2.283568e+01 1.860000e+01
      vertex   8.549048e+01 -2.273571e+01 1.860000e+01
    endloop
  endfacet
  facet normal 0.000000e+00 -1.000000e+00 0.000000e+00
    outer loop
      vertex   8.549048e+01 -2.273571e+01 2.060000e+01
      vertex   8.549048e+01 -2.273571e+01 1.860000e+01
      vertex   8.597131e+01 -2.273571e+01 2.060000e+01
    endloop
  endfacet
  facet normal 0.000000e+00 -1.000000e+00 -0.000000e+00
    outer loop
      vertex   8.597131e+01 -2.273571e+01 2.060000e+01
      vertex   8.549048e+01 -2.273571e+01 1.860000e+01
      vertex   8.597131e+01 -2.273571e+01 1.860000e+01
    endloop
  endfacet
  facet normal -2.079117e-01 -9.781476e-01 -0.000000e+00
    outer loop
      vertex   8.597131e+01 -2.273571e+01 2.060000e+01
      vertex   8.597131e+01 -2.273571e+01 1.860000e+01
      vertex   8.644164e+01 -2.283568e+01 2.060000e+01
    endloop
  endfacet
  facet normal -2.079117e-01 -9.781476e-01 -0.000000e+00
    outer loop
      vertex   8.644164e+01 -2.283568e+01 2.060000e+01
      vertex   8.597131e+01 -2.273571e+01 1.860000e+01
      vertex   8.644164e+01 -2.283568e+01 1.860000e+01
    endloop
  endfacet
  facet normal -4.067366e-01 -9.135455e-01 -0.000000e+00
    outer loop
      vertex   8.644164e+01 -2.283568e+01 2.060000e+01
      vertex   8.644164e+01 -2.283568e+01 1.860000e+01
      vertex   8.688090e+01 -2.303126e+01 2.060000e+01
    endloop
  endfacet
  facet normal -4.067366e-01 -9.135455e-01 -0.000000e+00
    outer loop
      vertex   8.688090e+01 -2.303126e+01 2.060000e+01
      vertex   8.644164e+01 -2.283568e+01 1.860000e+01
      vertex   8.688090e+01 -2.303126e+01 1.860000e+01
    endloop
  endfacet
  facet normal -5.877853e-01 -8.090170e-01 -0.000000e+00
    outer loop
      vertex   8.688090e+01 -2.303126e+01 2.060000e+01
      vertex   8.688090e+01 -2.303126e+01 1.860000e+01
      vertex   8.726990e+01 -2.331388e+01 2.060000e+01
    endloop
  endfacet
  facet normal -5.877853e-01 -8.090170e-01 -0.000000e+00
    outer loop
      vertex   8.726990e+01 -2.331388e+01 2.060000e+01
      vertex   8.688090e+01 -2.303126e+01 1.860000e+01
      vertex   8.726990e+01 -2.331388e+01 1.860000e+01
    endloop
  endfacet
  facet normal -7.431448e-01 -6.691306e-01 -0.000000e+00
    outer loop
      vertex   8.726990e+01 -2.331388e+01 2.060000e+01
      vertex   8.726990e+01 -2.331388e+01 1.860000e+01
      vertex   8.759164e+01 -2.367121e+01 2.060000e+01
    endloop
  endfacet
  facet normal -7.431448e-01 -6.691306e-01 -0.000000e+00
    outer loop
      vertex   8.759164e+01 -2.367121e+01 2.060000e+01
      vertex   8.726990e+01 -2.331388e+01 1.860000e+01
      vertex   8.759164e+01 -2.367121e+01 1.860000e+01
    endloop
  endfacet
  facet normal -8.660254e-01 -5.000000e-01 -0.000000e+00
    outer loop
      vertex   8.759164e+01 -2.367121e+01 2.060000e+01
      vertex   8.759164e+01 -2.367121e+01 1.860000e+01
      vertex   8.783205e+01 -2.408762e+01 2.060000e+01
    endloop
  endfacet
  facet normal -8.660254e-01 -5.000000e-01 -0.000000e+00
    outer loop
      vertex   8.783205e+01 -2.408762e+01 2.060000e+01
      vertex   8.759164e+01 -2.367121e+01 1.860000e+01
      vertex   8.783205e+01 -2.408762e+01 1.860000e+01
    endloop
  endfacet
  facet normal -9.510565e-01 -3.090170e-01 -0.000000e+00
    outer loop
      vertex   8.783205e+01 -2.408762e+01 2.060000e+01
      vertex   8.783205e+01 -2.408762e+01 1.860000e+01
      vertex   8.798064e+01 -2.454492e+01 2.060000e+01
    endloop
  endfacet
  facet normal -9.510565e-01 -3.090170e-01 -0.000000e+00
    outer loop
      vertex   8.798064e+01 -2.454492e+01 2.060000e+01
      vertex   8.783205e+01 -2.408762e+01 1.860000e+01
      vertex   8.798064e+01 -2.454492e+01 1.860000e+01
    endloop
  endfacet
  facet normal -9.945219e-01 -1.045285e-01 -0.000000e+00
    outer loop
      vertex   5.160938e+01 -3.537361e+00 2.060000e+01
      vertex   5.160938e+01 -3.537361e+00 1.860000e+01
      vertex   5.165964e+01 -4.015558e+00 2.060000e+01
    endloop
  endfacet
  facet normal -9.945219e-01 -1.045285e-01 9.283993e-17
    outer loop
      vertex   5.165964e+01 -4.015558e+00 2.060000e+01
      vertex   5.160938e+01 -3.537361e+00 1.860000e+01
      vertex   5.165964e+01 -4.015558e+00 1.860000e+01
    endloop
  endfacet
  facet normal -9.945219e-01 1.045285e-01 -9.283993e-17
    outer loop
      vertex   5.165964e+01 -4.015558e+00 2.060000e+01
      vertex   5.165964e+01 -4.015558e+00 1.860000e+01
      vertex   5.160938e+01 -4.493755e+00 2.060000e+01
    endloop
  endfacet
  facet normal -9.945219e-01 1.045285e-01 0.000000e+00
    outer loop
      vertex   5.160938e+01 -4.493755e+00 2.060000e+01
      vertex   5.165964e+01 -4.015558e+00 1.860000e+01
      vertex   5.160938e+01 -4.493755e+00 1.860000e+01
    endloop
  endfacet
  facet normal -9.510565e-01 3.090170e-01 0.000000e+00
    outer loop
      vertex   5.160938e+01 -4.493755e+00 2.060000e+01
      vertex   5.160938e+01 -4.493755e+00 1.860000e+01
      vertex   5.146079e+01 -4.951053e+00 2.060000e+01
    endloop
  endfacet
  facet normal -9.510565e-01 3.090170e-01 0.000000e+00
    outer loop
      vertex   5.146079e+01 -4.951053e+00 2.060000e+01
      vertex   5.160938e+01 -4.493755e+00 1.860000e+01
      vertex   5.146079e+01 -4.951053e+00 1.860000e+01
    endloop
  endfacet
  facet normal -8.660254e-01 5.000000e-01 0.000000e+00
    outer loop
      vertex   5.146079e+01 -4.951053e+00 2.060000e+01
      vertex   5.146079e+01 -4.951053e+00 1.860000e+01
      vertex   5.122038e+01 -5.367464e+00 2.060000e+01
    endloop
  endfacet
  facet normal -8.660254e-01 5.000000e-01 0.000000e+00
    outer loop
      vertex   5.122038e+01 -5.367464e+00 2.060000e+01
      vertex   5.146079e+01 -4.951053e+00 1.860000e+01
      vertex   5.122038e+01 -5.367464e+00 1.860000e+01
    endloop
  endfacet
  facet normal -7.431448e-01 6.691306e-01 0.000000e+00
    outer loop
      vertex   5.122038e+01 -5.367464e+00 2.060000e+01
      vertex   5.122038e+01 -5.367464e+00 1.860000e+01
      vertex   5.089864e+01 -5.724791e+00 2.060000e+01
    endloop
  endfacet
  facet normal -7.431448e-01 6.691306e-01 0.000000e+00
    outer loop
      vertex   5.089864e+01 -5.724791e+00 2.060000e+01
      vertex   5.122038e+01 -5.367464e+00 1.860000e+01
      vertex   5.089864e+01 -5.724791e+00 1.860000e+01
    endloop
  endfacet
  facet normal -5.877853e-01 8.090170e-01 0.000000e+00
    outer loop
      vertex   5.089864e+01 -5.724791e+00 2.060000e+01
      vertex   5.089864e+01 -5.724791e+00 1.860000e+01
      vertex   5.050964e+01 -6.007417e+00 2.060000e+01
    endloop
  endfacet
  facet normal -5.877853e-01 8.090170e-01 0.000000e+00
    outer loop
      vertex   5.050964e+01 -6.007417e+00 2.060000e+01
      vertex   5.089864e+01 -5.724791e+00 1.860000e+01
      vertex   5.050964e+01 -6.007417e+00 1.860000e+01
    endloop
  endfacet
  facet normal -4.067366e-01 9.135455e-01 0.000000e+00
    outer loop
      vertex   5.050964e+01 -6.007417e+00 2.060000e+01
      vertex   5.050964e+01 -6.007417e+00 1.860000e+01
      vertex   5.007038e+01 -6.202988e+00 2.060000e+01
    endloop
  endfacet
  facet normal -4.067366e-01 9.135455e-01 0.000000e+00
    outer loop
      vertex   5.007038e+01 -6.202988e+00 2.060000e+01
      vertex   5.050964e+01 -6.007417e+00 1.860000e+01
      vertex   5.007038e+01 -6.202988e+00 1.860000e+01
    endloop
  endfacet
  facet normal -2.079117e-01 9.781476e-01 0.000000e+00
    outer loop
      vertex   5.007038e+01 -6.202988e+00 2.060000e+01
      vertex   5.007038e+01 -6.202988e+00 1.860000e+01
      vertex   4.960006e+01 -6.302959e+00 2.060000e+01
    endloop
  endfacet
  facet normal -2.079117e-01 9.781476e-01 0.000000e+00
    outer loop
      vertex   4.960006e+01 -6.302959e+00 2.060000e+01
      vertex   5.007038e+01 -6.202988e+00 1.860000e+01
      vertex   4.960006e+01 -6.302959e+00 1.860000e+01
    endloop
  endfacet
  facet normal 0.000000e+00 1.000000e+00 0.000000e+00
    outer loop
      vertex   4.960006e+01 -6.302959e+00 2.060000e+01
      vertex   4.960006e+01 -6.302959e+00 1.860000e+01
      vertex   4.911922e+01 -6.302959e+00 2.060000e+01
    endloop
  endfacet
  facet normal 0.000000e+00 1.000000e+00 0.000000e+00
    outer loop
      vertex   4.911922e+01 -6.302959e+00 2.060000e+01
      vertex   4.960006e+01 -6.302959e+00 1.860000e+01
      vertex   4.911922e+01 -6.302959e+00 1.860000e+01
    endloop
  endfacet
  facet normal 2.079117e-01 9.781476e-01 0.000000e+00
    outer loop
      vertex   4.911922e+01 -6.302959e+00 2.060000e+01
      vertex   4.911922e+01 -6.302959e+00 1.860000e+01
      vertex   4.864890e+01 -6.202988e+00 2.060000e+01
    endloop
  endfacet
  facet normal 2.079117e-01 9.781476e-01 0.000000e+00
    outer loop
      vertex   4.864890e+01 -6.202988e+00 2.060000e+01
      vertex   4.911922e+01 -6.302959e+00 1.860000e+01
      vertex   4.864890e+01 -6.202988e+00 1.860000e+01
    endloop
  endfacet
  facet normal 4.067366e-01 9.135455e-01 0.000000e+00
    outer loop
      vertex   4.864890e+01 -6.202988e+00 2.060000e+01
      vertex   4.864890e+01 -6.202988e+00 1.860000e+01
      vertex   4.820964e+01 -6.007417e+00 2.060000e+01
    endloop
  endfacet
  facet normal 4.067366e-01 9.135455e-01 0.000000e+00
    outer loop
      vertex   4.820964e+01 -6.007417e+00 2.060000e+01
      vertex   4.864890e+01 -6.202988e+00 1.860000e+01
      vertex   4.820964e+01 -6.007417e+00 1.860000e+01
    endloop
  endfacet
  facet normal 5.877853e-01 8.090170e-01 0.000000e+00
    outer loop
      vertex   4.820964e+01 -6.007417e+00 2.060000e+01
      vertex   4.820964e+01 -6.007417e+00 1.860000e+01
      vertex   4.782064e+01 -5.724791e+00 2.060000e+01
    endloop
  endfacet
  facet normal 5.877853e-01 8.090170e-01 0.000000e+00
    outer loop
      vertex   4.782064e+01 -5.724791e+00 2.060000e+01
      vertex   4.820964e+01 -6.007417e+00 1.860000e+01
      vertex   4.782064e+01 -5.724791e+00 1.860000e+01
    endloop
  endfacet
  facet normal 7.431448e-01 6.691306e-01 0.000000e+00
    outer loop
      vertex   4.782064e+01 -5.724791e+00 2.060000e+01
      vertex   4.782064e+01 -5.724791e+00 1.860000e+01
      vertex   4.749890e+01 -5.367464e+00 2.060000e+01
    endloop
  endfacet
  facet normal 7.431448e-01 6.691306e-01 0.000000e+00
    outer loop
      vertex   4.749890e+01 -5.367464e+00 2.060000e+01
      vertex   4.782064e+01 -5.724791e+00 1.860000e+01
      vertex   4.749890e+01 -5.367464e+00 1.860000e+01
    endloop
  endfacet
  facet normal 8.660254e-01 5.000000e-01 0.000000e+00
    outer loop
      vertex   4.749890e+01 -5.367464e+00 2.060000e+01
      vertex   4.749890e+01 -5.367464e+00 1.860000e+01
      vertex   4.725849e+01 -4.951053e+00 2.060000e+01
    endloop
  endfacet
  facet normal 8.660254e-01 5.000000e-01 0.000000e+00
    outer loop
      vertex   4.725849e+01 -4.951053e+00 2.060000e+01
      vertex   4.749890e+01 -5.367464e+00 1.860000e+01
      vertex   4.725849e+01 -4.951053e+00 1.860000e+01
    endloop
  endfacet
  facet normal 9.510565e-01 3.090170e-01 0.000000e+00
    outer loop
      vertex   4.725849e+01 -4.951053e+00 2.060000e+01
      vertex   4.725849e+01 -4.951053e+00 1.860000e+01
      vertex   4.710990e+01 -4.493755e+00 2.060000e+01
    endloop
  endfacet
  facet normal 9.510565e-01 3.090170e-01 0.000000e+00
    outer loop
      vertex   4.710990e+01 -4.493755e+00 2.060000e+01
      vertex   4.725849e+01 -4.951053e+00 1.860000e+01
      vertex   4.710990e+01 -4.493755e+00 1.860000e+01
    endloop
  endfacet
  facet normal 9.945219e-01 1.045285e-01 0.000000e+00
    outer loop
      vertex   4.710990e+01 -4.493755e+00 2.060000e+01
      vertex   4.710990e+01 -4.493755e+00 1.860000e+01
      vertex   4.705964e+01 -4.015558e+00 2.060000e+01
    endloop
  endfacet
  facet normal 9.945219e-01 1.045285e-01 0.000000e+00
    outer loop
      vertex   4.705964e+01 -4.015558e+00 2.060000e+01
      vertex   4.710990e+01 -4.493755e+00 1.860000e+01
      vertex   4.705964e+01 -4.015558e+00 1.860000e+01
    endloop
  endfacet
  facet normal 9.945219e-01 -1.045285e-01 0.000000e+00
    outer loop
      vertex   4.705964e+01 -4.015558e+00 2.060000e+01
      vertex   4.705964e+01 -4.015558e+00 1.860000e+01
      vertex   4.710990e+01 -3.537361e+00 2.060000e+01
    endloop
  endfacet
  facet normal 9.945219e-01 -1.045285e-01 0.000000e+00
    outer loop
      vertex   4.710990e+01 -3.537361e+00 2.060000e+01
      vertex   4.705964e+01 -4.015558e+00 1.860000e+01
      vertex   4.710990e+01 -3.537361e+00 1.860000e+01
    endloop
  endfacet
  facet normal 9.510565e-01 -3.090170e-01 0.000000e+00
    outer loop
      vertex   4.710990e+01 -3.537361e+00 2.060000e+01
      vertex   4.710990e+01 -3.537361e+00 1.860000e+01
      vertex   4.725849e+01 -3.080064e+00 2.060000e+01
    endloop
  endfacet
  facet normal 9.510565e-01 -3.090170e-01 0.000000e+00
    outer loop
      vertex   4.725849e+01 -3.080064e+00 2.060000e+01
      vertex   4.710990e+01 -3.537361e+00 1.860000e+01
      vertex   4.725849e+01 -3.080064e+00 1.860000e+01
    endloop
  endfacet
  facet normal 8.660254e-01 -5.000000e-01 0.000000e+00
    outer loop
      vertex   4.725849e+01 -3.080064e+00 2.060000e+01
      vertex   4.725849e+01 -3.080064e+00 1.860000e+01
      vertex   4.749890e+01 -2.663652e+00 2.060000e+01
    endloop
  endfacet
  facet normal 8.660254e-01 -5.000000e-01 0.000000e+00
    outer loop
      vertex   4.749890e+01 -2.663652e+00 2.060000e+01
      vertex   4.725849e+01 -3.080064e+00 1.860000e+01
      vertex   4.749890e+01 -2.663652e+00 1.860000e+01
    endloop
  endfacet
  facet normal 7.431448e-01 -6.691306e-01 0.000000e+00
    outer loop
      vertex   4.749890e+01 -2.663652e+00 2.060000e+01
      vertex   4.749890e+01 -2.663652e+00 1.860000e+01
      vertex   4.782064e+01 -2.306325e+00 2.060000e+01
    endloop
  endfacet
  facet normal 7.431448e-01 -6.691306e-01 0.000000e+00
    outer loop
      vertex   4.782064e+01 -2.306325e+00 2.060000e+01
      vertex   4.749890e+01 -2.663652e+00 1.860000e+01
      vertex   4.782064e+01 -2.306325e+00 1.860000e+01
    endloop
  endfacet
  facet normal 5.877853e-01 -8.090170e-01 0.000000e+00
    outer loop
      vertex   4.782064e+01 -2.306325e+00 2.060000e+01
      vertex   4.782064e+01 -2.306325e+00 1.860000e+01
      vertex   4.820964e+01 -2.023700e+00 2.060000e+01
    endloop
  endfacet
  facet normal 5.877853e-01 -8.090170e-01 0.000000e+00
    outer loop
      vertex   4.820964e+01 -2.023700e+00 2.060000e+01
      vertex   4.782064e+01 -2.306325e+00 1.860000e+01
      vertex   4.820964e+01 -2.023700e+00 1.860000e+01
    endloop
  endfacet
  facet normal 4.067366e-01 -9.135455e-01 0.000000e+00
    outer loop
      vertex   4.820964e+01 -2.023700e+00 2.060000e+01
      vertex   4.820964e+01 -2.023700e+00 1.860000e+01
      vertex   4.864890e+01 -1.828128e+00 2.060000e+01
    endloop
  endfacet
  facet normal 4.067366e-01 -9.135455e-01 0.000000e+00
    outer loop
      vertex   4.864890e+01 -1.828128e+00 2.060000e+01
      vertex   4.820964e+01 -2.023700e+00 1.860000e+01
      vertex   4.864890e+01 -1.828128e+00 1.860000e+01
    endloop
  endfacet
  facet normal 2.079117e-01 -9.781476e-01 0.000000e+00
    outer loop
      vertex   4.864890e+01 -1.828128e+00 2.060000e+01
      vertex   4.864890e+01 -1.828128e+00 1.860000e+01
      vertex   4.911922e+01 -1.728158e+00 2.060000e+01
    endloop
  endfacet
  facet normal 2.079117e-01 -9.781476e-01 0.000000e+00
    outer loop
      vertex   4.911922e+01 -1.728158e+00 2.060000e+01
      vertex   4.864890e+01 -1.828128e+00 1.860000e+01
      vertex   4.911922e+01 -1.728158e+00 1.860000e+01
    endloop
  endfacet
  facet normal 9.235870e-16 -1.000000e+00 0.000000e+00
    outer loop
      vertex   4.911922e+01 -1.728158e+00 2.060000e+01
      vertex   4.911922e+01 -1.728158e+00 1.860000e+01
      vertex   4.960006e+01 -1.728158e+00 2.060000e+01
    endloop
  endfacet
  facet normal 9.235870e-16 -1.000000e+00 0.000000e+00
    outer loop
      vertex   4.960006e+01 -1.728158e+00 2.060000e+01
      vertex   4.911922e+01 -1.728158e+00 1.860000e+01
      vertex   4.960006e+01 -1.728158e+00 1.860000e+01
    endloop
  endfacet
  facet normal -2.079117e-01 -9.781476e-01 -0.000000e+00
    outer loop
      vertex   4.960006e+01 -1.728158e+00 2.060000e+01
      vertex   4.960006e+01 -1.728158e+00 1.860000e+01
      vertex   5.007038e+01 -1.828128e+00 2.060000e+01
    endloop
  endfacet
  facet normal -2.079117e-01 -9.781476e-01 -0.000000e+00
    outer loop
      vertex   5.007038e+01 -1.828128e+00 2.060000e+01
      vertex   4.960006e+01 -1.728158e+00 1.860000e+01
      vertex   5.007038e+01 -1.828128e+00 1.860000e+01
    endloop
  endfacet
  facet normal -4.067366e-01 -9.135455e-01 -0.000000e+00
    outer loop
      vertex   5.007038e+01 -1.828128e+00 2.060000e+01
      vertex   5.007038e+01 -1.828128e+00 1.860000e+01
      vertex   5.050964e+01 -2.023700e+00 2.060000e+01
    endloop
  endfacet
  facet normal -4.067366e-01 -9.135455e-01 -0.000000e+00
    outer loop
      vertex   5.050964e+01 -2.023700e+00 2.060000e+01
      vertex   5.007038e+01 -1.828128e+00 1.860000e+01
      vertex   5.050964e+01 -2.023700e+00 1.860000e+01
    endloop
  endfacet
  facet normal -5.877853e-01 -8.090170e-01 -0.000000e+00
    outer loop
      vertex   5.050964e+01 -2.023700e+00 2.060000e+01
      vertex   5.050964e+01 -2.023700e+00 1.860000e+01
      vertex   5.089864e+01 -2.306325e+00 2.060000e+01
    endloop
  endfacet
  facet normal -5.877853e-01 -8.090170e-01 -0.000000e+00
    outer loop
      vertex   5.089864e+01 -2.306325e+00 2.060000e+01
      vertex   5.050964e+01 -2.023700e+00 1.860000e+01
      vertex   5.089864e+01 -2.306325e+00 1.860000e+01
    endloop
  endfacet
  facet normal -7.431448e-01 -6.691306e-01 -0.000000e+00
    outer loop
      vertex   5.089864e+01 -2.306325e+00 2.060000e+01
      vertex   5.089864e+01 -2.306325e+00 1.860000e+01
      vertex   5.122038e+01 -2.663652e+00 2.060000e+01
    endloop
  endfacet
  facet normal -7.431448e-01 -6.691306e-01 -0.000000e+00
    outer loop
      vertex   5.122038e+01 -2.663652e+00 2.060000e+01
      vertex   5.089864e+01 -2.306325e+00 1.860000e+01
      vertex   5.122038e+01 -2.663652e+00 1.860000e+01
    endloop
  endfacet
  facet normal -8.660254e-01 -5.000000e-01 -0.000000e+00
    outer loop
      vertex   5.122038e+01 -2.663652e+00 2.060000e+01
      vertex   5.122038e+01 -2.663652e+00 1.860000e+01
      vertex   5.146079e+01 -3.080064e+00 2.060000e+01
    endloop
  endfacet
  facet normal -8.660254e-01 -5.000000e-01 -0.000000e+00
    outer loop
      vertex   5.146079e+01 -3.080064e+00 2.060000e+01
      vertex   5.122038e+01 -2.663652e+00 1.860000e+01
      vertex   5.146079e+01 -3.080064e+00 1.860000e+01
    endloop
  endfacet
  facet normal -9.510565e-01 -3.090170e-01 -0.000000e+00
    outer loop
      vertex   5.146079e+01 -3.080064e+00 2.060000e+01
      vertex   5.146079e+01 -3.080064e+00 1.860000e+01
      vertex   5.160938e+01 -3.537361e+00 2.060000e+01
    endloop
  endfacet
  facet normal -9.510565e-01 -3.090170e-01 -0.000000e+00
    outer loop
      vertex   5.160938e+01 -3.537361e+00 2.060000e+01
      vertex   5.146079e+01 -3.080064e+00 1.860000e+01
      vertex   5.160938e+01 -3.537361e+00 1.860000e+01
    endloop
  endfacet
  facet normal -9.945219e-01 -1.045285e-01 -0.000000e+00
    outer loop
      vertex   6.373810e+01 1.746159e+01 2.060000e+01
      vertex   6.373810e+01 1.746159e+01 1.860000e+01
      vertex   6.378836e+01 1.698340e+01 2.060000e+01
    endloop
  endfacet
  facet normal -9.945219e-01 -1.045285e-01 -0.000000e+00
    outer loop
      vertex   6.378836e+01 1.698340e+01 2.060000e+01
      vertex   6.373810e+01 1.746159e+01 1.860000e+01
      vertex   6.378836e+01 1.698340e+01 1.860000e+01
    endloop
  endfacet
  facet normal -9.945219e-01 1.045285e-01 0.000000e+00
    outer loop
      vertex   6.378836e+01 1.698340e+01 2.060000e+01
      vertex   6.378836e+01 1.698340e+01 1.860000e+01
      vertex   6.373810e+01 1.650520e+01 2.060000e+01
    endloop
  endfacet
  facet normal -9.945219e-01 1.045285e-01 0.000000e+00
    outer loop
      vertex   6.373810e+01 1.650520e+01 2.060000e+01
      vertex   6.378836e+01 1.698340e+01 1.860000e+01
      vertex   6.373810e+01 1.650520e+01 1.860000e+01
    endloop
  endfacet
  facet normal -9.510565e-01 3.090170e-01 0.000000e+00
    outer loop
      vertex   6.373810e+01 1.650520e+01 2.060000e+01
      vertex   6.373810e+01 1.650520e+01 1.860000e+01
      vertex   6.358951e+01 1.604790e+01 2.060000e+01
    endloop
  endfacet
  facet normal -9.510565e-01 3.090170e-01 0.000000e+00
    outer loop
      vertex   6.358951e+01 1.604790e+01 2.060000e+01
      vertex   6.373810e+01 1.650520e+01 1.860000e+01
      vertex   6.358951e+01 1.604790e+01 1.860000e+01
    endloop
  endfacet
  facet normal -8.660254e-01 5.000000e-01 0.000000e+00
    outer loop
      vertex   6.358951e+01 1.604790e+01 2.060000e+01
      vertex   6.358951e+01 1.604790e+01 1.860000e+01
      vertex   6.334910e+01 1.563149e+01 2.060000e+01
    endloop
  endfacet
  facet normal -8.660254e-01 5.000000e-01 0.000000e+00
    outer loop
      vertex   6.334910e+01 1.563149e+01 2.060000e+01
      vertex   6.358951e+01 1.604790e+01 1.860000e+01
      vertex   6.334910e+01 1.563149e+01 1.860000e+01
    endloop
  endfacet
  facet normal -7.431448e-01 6.691306e-01 0.000000e+00
    outer loop
      vertex   6.334910e+01 1.563149e+01 2.060000e+01
      vertex   6.334910e+01 1.563149e+01 1.860000e+01
      vertex   6.302736e+01 1.527416e+01 2.060000e+01
    endloop
  endfacet
  facet normal -7.431448e-01 6.691306e-01 0.000000e+00
    outer loop
      vertex   6.302736e+01 1.527416e+01 2.060000e+01
      vertex   6.334910e+01 1.563149e+01 1.860000e+01
      vertex   6.302736e+01 1.527416e+01 1.860000e+01
    endloop
  endfacet
  facet normal -5.877853e-01 8.090170e-01 0.000000e+00
    outer loop
      vertex   6.302736e+01 1.527416e+01 2.060000e+01
      vertex   6.302736e+01 1.527416e+01 1.860000e+01
      vertex   6.263836e+01 1.499154e+01 2.060000e+01
    endloop
  endfacet
  facet normal -5.877853e-01 8.090170e-01 0.000000e+00
    outer loop
      vertex   6.263836e+01 1.499154e+01 2.060000e+01
      vertex   6.302736e+01 1.527416e+01 1.860000e+01
      vertex   6.263836e+01 1.499154e+01 1.860000e+01
    endloop
  endfacet
  facet normal -4.067366e-01 9.135455e-01 0.000000e+00
    outer loop
      vertex   6.263836e+01 1.499154e+01 2.060000e+01
      vertex   6.263836e+01 1.499154e+01 1.860000e+01
      vertex   6.219910e+01 1.479597e+01 2.060000e+01
    endloop
  endfacet
  facet normal -4.067366e-01 9.135455e-01 0.000000e+00
    outer loop
      vertex   6.219910e+01 1.479597e+01 2.060000e+01
      vertex   6.263836e+01 1.499154e+01 1.860000e+01
      vertex   6.219910e+01 1.479597e+01 1.860000e+01
    endloop
  endfacet
  facet normal -2.079117e-01 9.781476e-01 0.000000e+00
    outer loop
      vertex   6.219910e+01 1.479597e+01 2.060000e+01
      vertex   6.219910e+01 1.479597e+01 1.860000e+01
      vertex   6.172877e+01 1.469600e+01 2.060000e+01
    endloop
  endfacet
  facet normal -2.079117e-01 9.781476e-01 0.000000e+00
    outer loop
      vertex   6.172877e+01 1.469600e+01 2.060000e+01
      vertex   6.219910e+01 1.479597e+01 1.860000e+01
      vertex   6.172877e+01 1.469600e+01 1.860000e+01
    endloop
  endfacet
  facet normal 0.000000e+00 1.000000e+00 0.000000e+00
    outer loop
      vertex   6.172877e+01 1.469600e+01 2.060000e+01
      vertex   6.172877e+01 1.469600e+01 1.860000e+01
      vertex   6.124794e+01 1.469600e+01 2.060000e+01
    endloop
  endfacet
  facet normal 0.000000e+00 1.000000e+00 0.000000e+00
    outer loop
      vertex   6.124794e+01 1.469600e+01 2.060000e+01
      vertex   6.172877e+01 1.469600e+01 1.860000e+01
      vertex   6.124794e+01 1.469600e+01 1.860000e+01
    endloop
  endfacet
  facet normal 2.079117e-01 9.781476e-01 0.000000e+00
    outer loop
      vertex   6.124794e+01 1.469600e+01 2.060000e+01
      vertex   6.124794e+01 1.469600e+01 1.860000e+01
      vertex   6.077762e+01 1.479597e+01 2.060000e+01
    endloop
  endfacet
  facet normal 2.079117e-01 9.781476e-01 0.000000e+00
    outer loop
      vertex   6.077762e+01 1.479597e+01 2.060000e+01
      vertex   6.124794e+01 1.469600e+01 1.860000e+01
      vertex   6.077762e+01 1.479597e+01 1.860000e+01
    endloop
  endfacet
  facet normal 4.067366e-01 9.135455e-01 0.000000e+00
    outer loop
      vertex   6.077762e+01 1.479597e+01 2.060000e+01
      vertex   6.077762e+01 1.479597e+01 1.860000e+01
      vertex   6.033836e+01 1.499154e+01 2.060000e+01
    endloop
  endfacet
  facet normal 4.067366e-01 9.135455e-01 0.000000e+00
    outer loop
      vertex   6.033836e+01 1.499154e+01 2.060000e+01
      vertex   6.077762e+01 1.479597e+01 1.860000e+01
      vertex   6.033836e+01 1.499154e+01 1.860000e+01
    endloop
  endfacet
  facet normal 5.877853e-01 8.090170e-01 0.000000e+00
    outer loop
      vertex   6.033836e+01 1.499154e+01 2.060000e+01
      vertex   6.033836e+01 1.499154e+01 1.860000e+01
      vertex   5.994936e+01 1.527416e+01 2.060000e+01
    endloop
  endfacet
  facet normal 5.877853e-01 8.090170e-01 0.000000e+00
    outer loop
      vertex   5.994936e+01 1.527416e+01 2.060000e+01
      vertex   6.033836e+01 1.499154e+01 1.860000e+01
      vertex   5.994936e+01 1.527416e+01 1.860000e+01
    endloop
  endfacet
  facet normal 7.431448e-01 6.691306e-01 0.000000e+00
    outer loop
      vertex   5.994936e+01 1.527416e+01 2.060000e+01
      vertex   5.994936e+01 1.527416e+01 1.860000e+01
      vertex   5.962762e+01 1.563149e+01 2.060000e+01
    endloop
  endfacet
  facet normal 7.431448e-01 6.691306e-01 0.000000e+00
    outer loop
      vertex   5.962762e+01 1.563149e+01 2.060000e+01
      vertex   5.994936e+01 1.527416e+01 1.860000e+01
      vertex   5.962762e+01 1.563149e+01 1.860000e+01
    endloop
  endfacet
  facet normal 8.660254e-01 5.000000e-01 0.000000e+00
    outer loop
      vertex   5.962762e+01 1.563149e+01 2.060000e+01
      vertex   5.962762e+01 1.563149e+01 1.860000e+01
      vertex   5.938720e+01 1.604790e+01 2.060000e+01
    endloop
  endfacet
  facet normal 8.660254e-01 5.000000e-01 0.000000e+00
    outer loop
      vertex   5.938720e+01 1.604790e+01 2.060000e+01
      vertex   5.962762e+01 1.563149e+01 1.860000e+01
      vertex   5.938720e+01 1.604790e+01 1.860000e+01
    endloop
  endfacet
  facet normal 9.510565e-01 3.090170e-01 0.000000e+00
    outer loop
      vertex   5.938720e+01 1.604790e+01 2.060000e+01
      vertex   5.938720e+01 1.604790e+01 1.860000e+01
      vertex   5.923862e+01 1.650520e+01 2.060000e+01
    endloop
  endfacet
  facet normal 9.510565e-01 3.090170e-01 0.000000e+00
    outer loop
      vertex   5.923862e+01 1.650520e+01 2.060000e+01
      vertex   5.938720e+01 1.604790e+01 1.860000e+01
      vertex   5.923862e+01 1.650520e+01 1.860000e+01
    endloop
  endfacet
  facet normal 9.945219e-01 1.045285e-01 0.000000e+00
    outer loop
      vertex   5.923862e+01 1.650520e+01 2.060000e+01
      vertex   5.923862e+01 1.650520e+01 1.860000e+01
      vertex   5.918836e+01 1.698340e+01 2.060000e+01
    endloop
  endfacet
  facet normal 9.945219e-01 1.045285e-01 0.000000e+00
    outer loop
      vertex   5.918836e+01 1.698340e+01 2.060000e+01
      vertex   5.923862e+01 1.650520e+01 1.860000e+01
      vertex   5.918836e+01 1.698340e+01 1.860000e+01
    endloop
  endfacet
  facet normal 9.945219e-01 -1.045285e-01 0.000000e+00
    outer loop
      vertex   5.918836e+01 1.698340e+01 2.060000e+01
      vertex   5.918836e+01 1.698340e+01 1.860000e+01
      vertex   5.923862e+01 1.746159e+01 2.060000e+01
    endloop
  endfacet
  facet normal 9.945219e-01 -1.045285e-01 0.000000e+00
    outer loop
      vertex   5.923862e+01 1.746159e+01 2.060000e+01
      vertex   5.918836e+01 1.698340e+01 1.860000e+01
      vertex   5.923862e+01 1.746159e+01 1.860000e+01
    endloop
  endfacet
  facet normal 9.510565e-01 -3.090170e-01 0.000000e+00
    outer loop
      vertex   5.923862e+01 1.746159e+01 2.060000e+01
      vertex   5.923862e+01 1.746159e+01 1.860000e+01
      vertex   5.938720e+01 1.791889e+01 2.060000e+01
    endloop
  endfacet
  facet normal 9.510565e-01 -3.090170e-01 0.000000e+00
    outer loop
      vertex   5.938720e+01 1.791889e+01 2.060000e+01
      vertex   5.923862e+01 1.746159e+01 1.860000e+01
      vertex   5.938720e+01 1.791889e+01 1.860000e+01
    endloop
  endfacet
  facet normal 8.660254e-01 -5.000000e-01 0.000000e+00
    outer loop
      vertex   5.938720e+01 1.791889e+01 2.060000e+01
      vertex   5.938720e+01 1.791889e+01 1.860000e+01
      vertex   5.962762e+01 1.833530e+01 2.060000e+01
    endloop
  endfacet
  facet normal 8.660254e-01 -5.000000e-01 0.000000e+00
    outer loop
      vertex   5.962762e+01 1.833530e+01 2.060000e+01
      vertex   5.938720e+01 1.791889e+01 1.860000e+01
      vertex   5.962762e+01 1.833530e+01 1.860000e+01
    endloop
  endfacet
  facet normal 7.431448e-01 -6.691306e-01 0.000000e+00
    outer loop
      vertex   5.962762e+01 1.833530e+01 2.060000e+01
      vertex   5.962762e+01 1.833530e+01 1.860000e+01
      vertex   5.994936e+01 1.869263e+01 2.060000e+01
    endloop
  endfacet
  facet normal 7.431448e-01 -6.691306e-01 0.000000e+00
    outer loop
      vertex   5.994936e+01 1.869263e+01 2.060000e+01
      vertex   5.962762e+01 1.833530e+01 1.860000e+01
      vertex   5.994936e+01 1.869263e+01 1.860000e+01
    endloop
  endfacet
  facet normal 5.877853e-01 -8.090170e-01 0.000000e+00
    outer loop
      vertex   5.994936e+01 1.869263e+01 2.060000e+01
      vertex   5.994936e+01 1.869263e+01 1.860000e+01
      vertex   6.033836e+01 1.897526e+01 2.060000e+01
    endloop
  endfacet
  facet normal 5.877853e-01 -8.090170e-01 0.000000e+00
    outer loop
      vertex   6.033836e+01 1.897526e+01 2.060000e+01
      vertex   5.994936e+01 1.869263e+01 1.860000e+01
      vertex   6.033836e+01 1.897526e+01 1.860000e+01
    endloop
  endfacet
  facet normal 4.067366e-01 -9.135455e-01 0.000000e+00
    outer loop
      vertex   6.033836e+01 1.897526e+01 2.060000e+01
      vertex   6.033836e+01 1.897526e+01 1.860000e+01
      vertex   6.077762e+01 1.917083e+01 2.060000e+01
    endloop
  endfacet
  facet normal 4.067366e-01 -9.135455e-01 0.000000e+00
    outer loop
      vertex   6.077762e+01 1.917083e+01 2.060000e+01
      vertex   6.033836e+01 1.897526e+01 1.860000e+01
      vertex   6.077762e+01 1.917083e+01 1.860000e+01
    endloop
  endfacet
  facet normal 2.079117e-01 -9.781476e-01 0.000000e+00
    outer loop
      vertex   6.077762e+01 1.917083e+01 2.060000e+01
      vertex   6.077762e+01 1.917083e+01 1.860000e+01
      vertex   6.124794e+01 1.927080e+01 2.060000e+01
    endloop
  endfacet
  facet normal 2.079117e-01 -9.781476e-01 0.000000e+00
    outer loop
      vertex   6.124794e+01 1.927080e+01 2.060000e+01
      vertex   6.077762e+01 1.917083e+01 1.860000e+01
      vertex   6.124794e+01 1.927080e+01 1.860000e+01
    endloop
  endfacet
  facet normal 0.000000e+00 -1.000000e+00 0.000000e+00
    outer loop
      vertex   6.124794e+01 1.927080e+01 2.060000e+01
      vertex   6.124794e+01 1.927080e+01 1.860000e+01
      vertex   6.172877e+01 1.927080e+01 2.060000e+01
    endloop
  endfacet
  facet normal 0.000000e+00 -1.000000e+00 -0.000000e+00
    outer loop
      vertex   6.172877e+01 1.927080e+01 2.060000e+01
      vertex   6.124794e+01 1.927080e+01 1.860000e+01
      vertex   6.172877e+01 1.927080e+01 1.860000e+01
    endloop
  endfacet
  facet normal -2.079117e-01 -9.781476e-01 -0.000000e+00
    outer loop
      vertex   6.172877e+01 1.927080e+01 2.060000e+01
      vertex   6.172877e+01 1.927080e+01 1.860000e+01
      vertex   6.219910e+01 1.917083e+01 2.060000e+01
    endloop
  endfacet
  facet normal -2.079117e-01 -9.781476e-01 -0.000000e+00
    outer loop
      vertex   6.219910e+01 1.917083e+01 2.060000e+01
      vertex   6.172877e+01 1.927080e+01 1.860000e+01
      vertex   6.219910e+01 1.917083e+01 1.860000e+01
    endloop
  endfacet
  facet normal -4.067366e-01 -9.135455e-01 -0.000000e+00
    outer loop
      vertex   6.219910e+01 1.917083e+01 2.060000e+01
      vertex   6.219910e+01 1.917083e+01 1.860000e+01
      vertex   6.263836e+01 1.897526e+01 2.060000e+01
    endloop
  endfacet
  facet normal -4.067366e-01 -9.135455e-01 -0.000000e+00
    outer loop
      vertex   6.263836e+01 1.897526e+01 2.060000e+01
      vertex   6.219910e+01 1.917083e+01 1.860000e+01
      vertex   6.263836e+01 1.897526e+01 1.860000e+01
    endloop
  endfacet
  facet normal -5.877853e-01 -8.090170e-01 -0.000000e+00
    outer loop
      vertex   6.263836e+01 1.897526e+01 2.060000e+01
      vertex   6.263836e+01 1.897526e+01 1.860000e+01
      vertex   6.302736e+01 1.869263e+01 2.060000e+01
    endloop
  endfacet
  facet normal -5.877853e-01 -8.090170e-01 -0.000000e+00
    outer loop
      vertex   6.302736e+01 1.869263e+01 2.060000e+01
      vertex   6.263836e+01 1.897526e+01 1.860000e+01
      vertex   6.302736e+01 1.869263e+01 1.860000e+01
    endloop
  endfacet
  facet normal -7.431448e-01 -6.691306e-01 -0.000000e+00
    outer loop
      vertex   6.302736e+01 1.869263e+01 2.060000e+01
      vertex   6.302736e+01 1.869263e+01 1.860000e+01
      vertex   6.334910e+01 1.833530e+01 2.060000e+01
    endloop
  endfacet
  facet normal -7.431448e-01 -6.691306e-01 -0.000000e+00
    outer loop
      vertex   6.334910e+01 1.833530e+01 2.060000e+01
      vertex   6.302736e+01 1.869263e+01 1.860000e+01
      vertex   6.334910e+01 1.833530e+01 1.860000e+01
    endloop
  endfacet
  facet normal -8.660254e-01 -5.000000e-01 -0.000000e+00
    outer loop
      vertex   6.334910e+01 1.833530e+01 2.060000e+01
      vertex   6.334910e+01 1.833530e+01 1.860000e+01
      vertex   6.358951e+01 1.791889e+01 2.060000e+01
    endloop
  endfacet
  facet normal -8.660254e-01 -5.000000e-01 -0.000000e+00
    outer loop
      vertex   6.358951e+01 1.791889e+01 2.060000e+01
      vertex   6.334910e+01 1.833530e+01 1.860000e+01
      vertex   6.358951e+01 1.791889e+01 1.860000e+01
    endloop
  endfacet
  facet normal -9.510565e-01 -3.090170e-01 -0.000000e+00
    outer loop
      vertex   6.358951e+01 1.791889e+01 2.060000e+01
      vertex   6.358951e+01 1.791889e+01 1.860000e+01
      vertex   6.373810e+01 1.746159e+01 2.060000e+01
    endloop
  endfacet
  facet normal -9.510565e-01 -3.090170e-01 -0.000000e+00
    outer loop
      vertex   6.373810e+01 1.746159e+01 2.060000e+01
      vertex   6.358951e+01 1.791889e+01 1.860000e+01
      vertex   6.373810e+01 1.746159e+01 1.860000e+01
    endloop
  endfacet
  facet normal -9.945219e-01 -1.045285e-01 -0.000000e+00
    outer loop
      vertex   8.798809e+01 1.745730e+01 2.060000e+01
      vertex   8.798809e+01 1.745730e+01 1.860000e+01
      vertex   8.803835e+01 1.697910e+01 2.060000e+01
    endloop
  endfacet
  facet normal -9.945219e-01 -1.045285e-01 -0.000000e+00
    outer loop
      vertex   8.803835e+01 1.697910e+01 2.060000e+01
      vertex   8.798809e+01 1.745730e+01 1.860000e+01
      vertex   8.803835e+01 1.697910e+01 1.860000e+01
    endloop
  endfacet
  facet normal -9.945219e-01 1.045285e-01 0.000000e+00
    outer loop
      vertex   8.803835e+01 1.697910e+01 2.060000e+01
      vertex   8.803835e+01 1.697910e+01 1.860000e+01
      vertex   8.798809e+01 1.650090e+01 2.060000e+01
    endloop
  endfacet
  facet normal -9.945219e-01 1.045285e-01 0.000000e+00
    outer loop
      vertex   8.798809e+01 1.650090e+01 2.060000e+01
      vertex   8.803835e+01 1.697910e+01 1.860000e+01
      vertex   8.798809e+01 1.650090e+01 1.860000e+01
    endloop
  endfacet
  facet normal -9.510565e-01 3.090170e-01 0.000000e+00
    outer loop
      vertex   8.798809e+01 1.650090e+01 2.060000e+01
      vertex   8.798809e+01 1.650090e+01 1.860000e+01
      vertex   8.783950e+01 1.604360e+01 2.060000e+01
    endloop
  endfacet
  facet normal -9.510565e-01 3.090170e-01 0.000000e+00
    outer loop
      vertex   8.783950e+01 1.604360e+01 2.060000e+01
      vertex   8.798809e+01 1.650090e+01 1.860000e+01
      vertex   8.783950e+01 1.604360e+01 1.860000e+01
    endloop
  endfacet
  facet normal -8.660254e-01 5.000000e-01 0.000000e+00
    outer loop
      vertex   8.783950e+01 1.604360e+01 2.060000e+01
      vertex   8.783950e+01 1.604360e+01 1.860000e+01
      vertex   8.759908e+01 1.562719e+01 2.060000e+01
    endloop
  endfacet
  facet normal -8.660254e-01 5.000000e-01 0.000000e+00
    outer loop
      vertex   8.759908e+01 1.562719e+01 2.060000e+01
      vertex   8.783950e+01 1.604360e+01 1.860000e+01
      vertex   8.759908e+01 1.562719e+01 1.860000e+01
    endloop
  endfacet
  facet normal -7.431448e-01 6.691306e-01 0.000000e+00
    outer loop
      vertex   8.759908e+01 1.562719e+01 2.060000e+01
      vertex   8.759908e+01 1.562719e+01 1.860000e+01
      vertex   8.727735e+01 1.526987e+01 2.060000e+01
    endloop
  endfacet
  facet normal -7.431448e-01 6.691306e-01 0.000000e+00
    outer loop
      vertex   8.727735e+01 1.526987e+01 2.060000e+01
      vertex   8.759908e+01 1.562719e+01 1.860000e+01
      vertex   8.727735e+01 1.526987e+01 1.860000e+01
    endloop
  endfacet
  facet normal -5.877853e-01 8.090170e-01 0.000000e+00
    outer loop
      vertex   8.727735e+01 1.526987e+01 2.060000e+01
      vertex   8.727735e+01 1.526987e+01 1.860000e+01
      vertex   8.688835e+01 1.498724e+01 2.060000e+01
    endloop
  endfacet
  facet normal -5.877853e-01 8.090170e-01 0.000000e+00
    outer loop
      vertex   8.688835e+01 1.498724e+01 2.060000e+01
      vertex   8.727735e+01 1.526987e+01 1.860000e+01
      vertex   8.688835e+01 1.498724e+01 1.860000e+01
    endloop
  endfacet
  facet normal -4.067366e-01 9.135455e-01 0.000000e+00
    outer loop
      vertex   8.688835e+01 1.498724e+01 2.060000e+01
      vertex   8.688835e+01 1.498724e+01 1.860000e+01
      vertex   8.644908e+01 1.479167e+01 2.060000e+01
    endloop
  endfacet
  facet normal -4.067366e-01 9.135455e-01 0.000000e+00
    outer loop
      vertex   8.644908e+01 1.479167e+01 2.060000e+01
      vertex   8.688835e+01 1.498724e+01 1.860000e+01
      vertex   8.644908e+01 1.479167e+01 1.860000e+01
    endloop
  endfacet
  facet normal -2.079117e-01 9.781476e-01 0.000000e+00
    outer loop
      vertex   8.644908e+01 1.479167e+01 2.060000e+01
      vertex   8.644908e+01 1.479167e+01 1.860000e+01
      vertex   8.597876e+01 1.469170e+01 2.060000e+01
    endloop
  endfacet
  facet normal -2.079117e-01 9.781476e-01 0.000000e+00
    outer loop
      vertex   8.597876e+01 1.469170e+01 2.060000e+01
      vertex   8.644908e+01 1.479167e+01 1.860000e+01
      vertex   8.597876e+01 1.469170e+01 1.860000e+01
    endloop
  endfacet
  facet normal 0.000000e+00 1.000000e+00 0.000000e+00
    outer loop
      vertex   8.597876e+01 1.469170e+01 2.060000e+01
      vertex   8.597876e+01 1.469170e+01 1.860000e+01
      vertex   8.549793e+01 1.469170e+01 2.060000e+01
    endloop
  endfacet
  facet normal 0.000000e+00 1.000000e+00 0.000000e+00
    outer loop
      vertex   8.549793e+01 1.469170e+01 2.060000e+01
      vertex   8.597876e+01 1.469170e+01 1.860000e+01
      vertex   8.549793e+01 1.469170e+01 1.860000e+01
    endloop
  endfacet
  facet normal 2.079117e-01 9.781476e-01 0.000000e+00
    outer loop
      vertex   8.549793e+01 1.469170e+01 2.060000e+01
      vertex   8.549793e+01 1.469170e+01 1.860000e+01
      vertex   8.502761e+01 1.479167e+01 2.060000e+01
    endloop
  endfacet
  facet normal 2.079117e-01 9.781476e-01 0.000000e+00
    outer loop
      vertex   8.502761e+01 1.479167e+01 2.060000e+01
      vertex   8.549793e+01 1.469170e+01 1.860000e+01
      vertex   8.502761e+01 1.479167e+01 1.860000e+01
    endloop
  endfacet
  facet normal 4.067366e-01 9.135455e-01 0.000000e+00
    outer loop
      vertex   8.502761e+01 1.479167e+01 2.060000e+01
      vertex   8.502761e+01 1.479167e+01 1.860000e+01
      vertex   8.458835e+01 1.498724e+01 2.060000e+01
    endloop
  endfacet
  facet normal 4.067366e-01 9.135455e-01 0.000000e+00
    outer loop
      vertex   8.458835e+01 1.498724e+01 2.060000e+01
      vertex   8.502761e+01 1.479167e+01 1.860000e+01
      vertex   8.458835e+01 1.498724e+01 1.860000e+01
    endloop
  endfacet
  facet normal 5.877853e-01 8.090170e-01 0.000000e+00
    outer loop
      vertex   8.458835e+01 1.498724e+01 2.060000e+01
      vertex   8.458835e+01 1.498724e+01 1.860000e+01
      vertex   8.419935e+01 1.526987e+01 2.060000e+01
    endloop
  endfacet
  facet normal 5.877853e-01 8.090170e-01 0.000000e+00
    outer loop
      vertex   8.419935e+01 1.526987e+01 2.060000e+01
      vertex   8.458835e+01 1.498724e+01 1.860000e+01
      vertex   8.419935e+01 1.526987e+01 1.860000e+01
    endloop
  endfacet
  facet normal 7.431448e-01 6.691306e-01 0.000000e+00
    outer loop
      vertex   8.419935e+01 1.526987e+01 2.060000e+01
      vertex   8.419935e+01 1.526987e+01 1.860000e+01
      vertex   8.387761e+01 1.562719e+01 2.060000e+01
    endloop
  endfacet
  facet normal 7.431448e-01 6.691306e-01 0.000000e+00
    outer loop
      vertex   8.387761e+01 1.562719e+01 2.060000e+01
      vertex   8.419935e+01 1.526987e+01 1.860000e+01
      vertex   8.387761e+01 1.562719e+01 1.860000e+01
    endloop
  endfacet
  facet normal 8.660254e-01 5.000000e-01 0.000000e+00
    outer loop
      vertex   8.387761e+01 1.562719e+01 2.060000e+01
      vertex   8.387761e+01 1.562719e+01 1.860000e+01
      vertex   8.363719e+01 1.604360e+01 2.060000e+01
    endloop
  endfacet
  facet normal 8.660254e-01 5.000000e-01 0.000000e+00
    outer loop
      vertex   8.363719e+01 1.604360e+01 2.060000e+01
      vertex   8.387761e+01 1.562719e+01 1.860000e+01
      vertex   8.363719e+01 1.604360e+01 1.860000e+01
    endloop
  endfacet
  facet normal 9.510565e-01 3.090170e-01 0.000000e+00
    outer loop
      vertex   8.363719e+01 1.604360e+01 2.060000e+01
      vertex   8.363719e+01 1.604360e+01 1.860000e+01
      vertex   8.348861e+01 1.650090e+01 2.060000e+01
    endloop
  endfacet
  facet normal 9.510565e-01 3.090170e-01 0.000000e+00
    outer loop
      vertex   8.348861e+01 1.650090e+01 2.060000e+01
      vertex   8.363719e+01 1.604360e+01 1.860000e+01
      vertex   8.348861e+01 1.650090e+01 1.860000e+01
    endloop
  endfacet
  facet normal 9.945219e-01 1.045285e-01 0.000000e+00
    outer loop
      vertex   8.348861e+01 1.650090e+01 2.060000e+01
      vertex   8.348861e+01 1.650090e+01 1.860000e+01
      vertex   8.343835e+01 1.697910e+01 2.060000e+01
    endloop
  endfacet
  facet normal 9.945219e-01 1.045285e-01 0.000000e+00
    outer loop
      vertex   8.343835e+01 1.697910e+01 2.060000e+01
      vertex   8.348861e+01 1.650090e+01 1.860000e+01
      vertex   8.343835e+01 1.697910e+01 1.860000e+01
    endloop
  endfacet
  facet normal 9.945219e-01 -1.045285e-01 0.000000e+00
    outer loop
      vertex   8.343835e+01 1.697910e+01 2.060000e+01
      vertex   8.343835e+01 1.697910e+01 1.860000e+01
      vertex   8.348861e+01 1.745730e+01 2.060000e+01
    endloop
  endfacet
  facet normal 9.945219e-01 -1.045285e-01 0.000000e+00
    outer loop
      vertex   8.348861e+01 1.745730e+01 2.060000e+01
      vertex   8.343835e+01 1.697910e+01 1.860000e+01
      vertex   8.348861e+01 1.745730e+01 1.860000e+01
    endloop
  endfacet
  facet normal 9.510565e-01 -3.090170e-01 0.000000e+00
    outer loop
      vertex   8.348861e+01 1.745730e+01 2.060000e+01
      vertex   8.348861e+01 1.745730e+01 1.860000e+01
      vertex   8.363719e+01 1.791459e+01 2.060000e+01
    endloop
  endfacet
  facet normal 9.510565e-01 -3.090170e-01 0.000000e+00
    outer loop
      vertex   8.363719e+01 1.791459e+01 2.060000e+01
      vertex   8.348861e+01 1.745730e+01 1.860000e+01
      vertex   8.363719e+01 1.791459e+01 1.860000e+01
    endloop
  endfacet
  facet normal 8.660254e-01 -5.000000e-01 0.000000e+00
    outer loop
      vertex   8.363719e+01 1.791459e+01 2.060000e+01
      vertex   8.363719e+01 1.791459e+01 1.860000e+01
      vertex   8.387761e+01 1.833100e+01 2.060000e+01
    endloop
  endfacet
  facet normal 8.660254e-01 -5.000000e-01 0.000000e+00
    outer loop
      vertex   8.387761e+01 1.833100e+01 2.060000e+01
      vertex   8.363719e+01 1.791459e+01 1.860000e+01
      vertex   8.387761e+01 1.833100e+01 1.860000e+01
    endloop
  endfacet
  facet normal 7.431448e-01 -6.691306e-01 0.000000e+00
    outer loop
      vertex   8.387761e+01 1.833100e+01 2.060000e+01
      vertex   8.387761e+01 1.833100e+01 1.860000e+01
      vertex   8.419935e+01 1.868833e+01 2.060000e+01
    endloop
  endfacet
  facet normal 7.431448e-01 -6.691306e-01 0.000000e+00
    outer loop
      vertex   8.419935e+01 1.868833e+01 2.060000e+01
      vertex   8.387761e+01 1.833100e+01 1.860000e+01
      vertex   8.419935e+01 1.868833e+01 1.860000e+01
    endloop
  endfacet
  facet normal 5.877853e-01 -8.090170e-01 0.000000e+00
    outer loop
      vertex   8.419935e+01 1.868833e+01 2.060000e+01
      vertex   8.419935e+01 1.868833e+01 1.860000e+01
      vertex   8.458835e+01 1.897096e+01 2.060000e+01
    endloop
  endfacet
  facet normal 5.877853e-01 -8.090170e-01 0.000000e+00
    outer loop
      vertex   8.458835e+01 1.897096e+01 2.060000e+01
      vertex   8.419935e+01 1.868833e+01 1.860000e+01
      vertex   8.458835e+01 1.897096e+01 1.860000e+01
    endloop
  endfacet
  facet normal 4.067366e-01 -9.135455e-01 0.000000e+00
    outer loop
      vertex   8.458835e+01 1.897096e+01 2.060000e+01
      vertex   8.458835e+01 1.897096e+01 1.860000e+01
      vertex   8.502761e+01 1.916653e+01 2.060000e+01
    endloop
  endfacet
  facet normal 4.067366e-01 -9.135455e-01 0.000000e+00
    outer loop
      vertex   8.502761e+01 1.916653e+01 2.060000e+01
      vertex   8.458835e+01 1.897096e+01 1.860000e+01
      vertex   8.502761e+01 1.916653e+01 1.860000e+01
    endloop
  endfacet
  facet normal 2.079117e-01 -9.781476e-01 0.000000e+00
    outer loop
      vertex   8.502761e+01 1.916653e+01 2.060000e+01
      vertex   8.502761e+01 1.916653e+01 1.860000e+01
      vertex   8.549793e+01 1.926650e+01 2.060000e+01
    endloop
  endfacet
  facet normal 2.079117e-01 -9.781476e-01 0.000000e+00
    outer loop
      vertex   8.549793e+01 1.926650e+01 2.060000e+01
      vertex   8.502761e+01 1.916653e+01 1.860000e+01
      vertex   8.549793e+01 1.926650e+01 1.860000e+01
    endloop
  endfacet
  facet normal 0.000000e+00 -1.000000e+00 0.000000e+00
    outer loop
      vertex   8.549793e+01 1.926650e+01 2.060000e+01
      vertex   8.549793e+01 1.926650e+01 1.860000e+01
      vertex   8.597876e+01 1.926650e+01 2.060000e+01
    endloop
  endfacet
  facet normal 0.000000e+00 -1.000000e+00 -0.000000e+00
    outer loop
      vertex   8.597876e+01 1.926650e+01 2.060000e+01
      vertex   8.549793e+01 1.926650e+01 1.860000e+01
      vertex   8.597876e+01 1.926650e+01 1.860000e+01
    endloop
  endfacet
  facet normal -2.079117e-01 -9.781476e-01 -0.000000e+00
    outer loop
      vertex   8.597876e+01 1.926650e+01 2.060000e+01
      vertex   8.597876e+01 1.926650e+01 1.860000e+01
      vertex   8.644908e+01 1.916653e+01 2.060000e+01
    endloop
  endfacet
  facet normal -2.079117e-01 -9.781476e-01 -0.000000e+00
    outer loop
      vertex   8.644908e+01 1.916653e+01 2.060000e+01
      vertex   8.597876e+01 1.926650e+01 1.860000e+01
      vertex   8.644908e+01 1.916653e+01 1.860000e+01
    endloop
  endfacet
  facet normal -4.067366e-01 -9.135455e-01 -0.000000e+00
    outer loop
      vertex   8.644908e+01 1.916653e+01 2.060000e+01
      vertex   8.644908e+01 1.916653e+01 1.860000e+01
      vertex   8.688835e+01 1.897096e+01 2.060000e+01
    endloop
  endfacet
  facet normal -4.067366e-01 -9.135455e-01 -0.000000e+00
    outer loop
      vertex   8.688835e+01 1.897096e+01 2.060000e+01
      vertex   8.644908e+01 1.916653e+01 1.860000e+01
      vertex   8.688835e+01 1.897096e+01 1.860000e+01
    endloop
  endfacet
  facet normal -5.877853e-01 -8.090170e-01 -0.000000e+00
    outer loop
      vertex   8.688835e+01 1.897096e+01 2.060000e+01
      vertex   8.688835e+01 1.897096e+01 1.860000e+01
      vertex   8.727735e+01 1.868833e+01 2.060000e+01
    endloop
  endfacet
  facet normal -5.877853e-01 -8.090170e-01 -0.000000e+00
    outer loop
      vertex   8.727735e+01 1.868833e+01 2.060000e+01
      vertex   8.688835e+01 1.897096e+01 1.860000e+01
      vertex   8.727735e+01 1.868833e+01 1.860000e+01
    endloop
  endfacet
  facet normal -7.431448e-01 -6.691306e-01 -0.000000e+00
    outer loop
      vertex   8.727735e+01 1.868833e+01 2.060000e+01
      vertex   8.727735e+01 1.868833e+01 1.860000e+01
      vertex   8.759908e+01 1.833100e+01 2.060000e+01
    endloop
  endfacet
  facet normal -7.431448e-01 -6.691306e-01 -0.000000e+00
    outer loop
      vertex   8.759908e+01 1.833100e+01 2.060000e+01
      vertex   8.727735e+01 1.868833e+01 1.860000e+01
      vertex   8.759908e+01 1.833100e+01 1.860000e+01
    endloop
  endfacet
  facet normal -8.660254e-01 -5.000000e-01 -0.000000e+00
    outer loop
      vertex   8.759908e+01 1.833100e+01 2.060000e+01
      vertex   8.759908e+01 1.833100e+01 1.860000e+01
      vertex   8.783950e+01 1.791459e+01 2.060000e+01
    endloop
  endfacet
  facet normal -8.660254e-01 -5.000000e-01 -0.000000e+00
    outer loop
      vertex   8.783950e+01 1.791459e+01 2.060000e+01
      vertex   8.759908e+01 1.833100e+01 1.860000e+01
      vertex   8.783950e+01 1.791459e+01 1.860000e+01
    endloop
  endfacet
  facet normal -9.510565e-01 -3.090170e-01 -0.000000e+00
    outer loop
      vertex   8.783950e+01 1.791459e+01 2.060000e+01
      vertex   8.783950e+01 1.791459e+01 1.860000e+01
      vertex   8.798809e+01 1.745730e+01 2.060000e+01
    endloop
  endfacet
  facet normal -9.510565e-01 -3.090170e-01 -0.000000e+00
    outer loop
      vertex   8.798809e+01 1.745730e+01 2.060000e+01
      vertex   8.783950e+01 1.791459e+01 1.860000e+01
      vertex   8.798809e+01 1.745730e+01 1.860000e+01
    endloop
  endfacet
  facet normal 9.995438e-01 -3.020303e-02 0.000000e+00
    outer loop
      vertex   1.010595e+02 -5.680266e+00 2.060000e+01
      vertex   1.010595e+02 -5.680266e+00 1.860000e+01
      vertex   1.011096e+02 -4.019858e+00 2.060000e+01
    endloop
  endfacet
  facet normal 9.995438e-01 -3.020303e-02 2.682568e-17
    outer loop
      vertex   1.011096e+02 -4.019858e+00 2.060000e+01
      vertex   1.010595e+02 -5.680266e+00 1.860000e+01
      vertex   1.011096e+02 -4.019858e+00 1.860000e+01
    endloop
  endfacet
  facet normal 9.995438e-01 3.020303e-02 -2.682568e-17
    outer loop
      vertex   1.011096e+02 -4.019858e+00 2.060000e+01
      vertex   1.011096e+02 -4.019858e+00 1.860000e+01
      vertex   1.010595e+02 -2.359449e+00 2.060000e+01
    endloop
  endfacet
  facet normal 9.995438e-01 3.020303e-02 0.000000e+00
    outer loop
      vertex   1.010595e+02 -2.359449e+00 2.060000e+01
      vertex   1.011096e+02 -4.019858e+00 1.860000e+01
      vertex   1.010595e+02 -2.359449e+00 1.860000e+01
    endloop
  endfacet
  facet normal 9.958966e-01 9.049888e-02 0.000000e+00
    outer loop
      vertex   1.010595e+02 -2.359449e+00 2.060000e+01
      vertex   1.010595e+02 -2.359449e+00 1.860000e+01
      vertex   1.009091e+02 -7.050990e-01 2.060000e+01
    endloop
  endfacet
  facet normal 9.958966e-01 9.049888e-02 0.000000e+00
    outer loop
      vertex   1.009091e+02 -7.050990e-01 2.060000e+01
      vertex   1.010595e+02 -2.359449e+00 1.860000e+01
      vertex   1.009091e+02 -7.050990e-01 1.860000e+01
    endloop
  endfacet
  facet normal 9.886154e-01 1.504645e-01 0.000000e+00
    outer loop
      vertex   1.009091e+02 -7.050990e-01 2.060000e+01
      vertex   1.009091e+02 -7.050990e-01 1.860000e+01
      vertex   1.006592e+02 9.371558e-01 2.060000e+01
    endloop
  endfacet
  facet normal 9.886154e-01 1.504645e-01 0.000000e+00
    outer loop
      vertex   1.006592e+02 9.371558e-01 2.060000e+01
      vertex   1.009091e+02 -7.050990e-01 1.860000e+01
      vertex   1.006592e+02 9.371558e-01 1.860000e+01
    endloop
  endfacet
  facet normal 9.777269e-01 2.098811e-01 0.000000e+00
    outer loop
      vertex   1.006592e+02 9.371558e-01 2.060000e+01
      vertex   1.006592e+02 9.371558e-01 1.860000e+01
      vertex   1.003105e+02 2.561323e+00 2.060000e+01
    endloop
  endfacet
  facet normal 9.777269e-01 2.098811e-01 0.000000e+00
    outer loop
      vertex   1.003105e+02 2.561323e+00 2.060000e+01
      vertex   1.006592e+02 9.371558e-01 1.860000e+01
      vertex   1.003105e+02 2.561323e+00 1.860000e+01
    endloop
  endfacet
  facet normal 9.632708e-01 2.685319e-01 0.000000e+00
    outer loop
      vertex   1.003105e+02 2.561323e+00 2.060000e+01
      vertex   1.003105e+02 2.561323e+00 1.860000e+01
      vertex   9.986445e+01 4.161476e+00 2.060000e+01
    endloop
  endfacet
  facet normal 9.632708e-01 2.685319e-01 0.000000e+00
    outer loop
      vertex   9.986445e+01 4.161476e+00 2.060000e+01
      vertex   1.003105e+02 2.561323e+00 1.860000e+01
      vertex   9.986445e+01 4.161476e+00 1.860000e+01
    endloop
  endfacet
  facet normal 9.452998e-01 3.262028e-01 0.000000e+00
    outer loop
      vertex   9.986445e+01 4.161476e+00 2.060000e+01
      vertex   9.986445e+01 4.161476e+00 1.860000e+01
      vertex   9.932257e+01 5.731777e+00 2.060000e+01
    endloop
  endfacet
  facet normal 9.452998e-01 3.262028e-01 0.000000e+00
    outer loop
      vertex   9.932257e+01 5.731777e+00 2.060000e+01
      vertex   9.986445e+01 4.161476e+00 1.860000e+01
      vertex   9.932257e+01 5.731777e+00 1.860000e+01
    endloop
  endfacet
  facet normal 9.238795e-01 3.826834e-01 0.000000e+00
    outer loop
      vertex   9.932257e+01 5.731777e+00 2.060000e+01
      vertex   9.932257e+01 5.731777e+00 1.860000e+01
      vertex   9.868687e+01 7.266494e+00 2.060000e+01
    endloop
  endfacet
  facet normal 9.238795e-01 3.826834e-01 0.000000e+00
    outer loop
      vertex   9.868687e+01 7.266494e+00 2.060000e+01
      vertex   9.932257e+01 5.731777e+00 1.860000e+01
      vertex   9.868687e+01 7.266494e+00 1.860000e+01
    endloop
  endfacet
  facet normal 8.990881e-01 4.377677e-01 0.000000e+00
    outer loop
      vertex   9.868687e+01 7.266494e+00 2.060000e+01
      vertex   9.868687e+01 7.266494e+00 1.860000e+01
      vertex   9.795967e+01 8.760030e+00 2.060000e+01
    endloop
  endfacet
  facet normal 8.990881e-01 4.377677e-01 0.000000e+00
    outer loop
      vertex   9.795967e+01 8.760030e+00 2.060000e+01
      vertex   9.868687e+01 7.266494e+00 1.860000e+01
      vertex   9.795967e+01 8.760030e+00 1.860000e+01
    endloop
  endfacet
  facet normal 8.710160e-01 4.912546e-01 0.000000e+00
    outer loop
      vertex   9.795967e+01 8.760030e+00 2.060000e+01
      vertex   9.795967e+01 8.760030e+00 1.860000e+01
      vertex   9.714361e+01 1.020693e+01 2.060000e+01
    endloop
  endfacet
  facet normal 8.710160e-01 4.912546e-01 0.000000e+00
    outer loop
      vertex   9.714361e+01 1.020693e+01 2.060000e+01
      vertex   9.795967e+01 8.760030e+00 1.860000e+01
      vertex   9.714361e+01 1.020693e+01 1.860000e+01
    endloop
  endfacet
  facet normal 8.397657e-01 5.429490e-01 0.000000e+00
    outer loop
      vertex   9.714361e+01 1.020693e+01 2.060000e+01
      vertex   9.714361e+01 1.020693e+01 1.860000e+01
      vertex   9.624168e+01 1.160192e+01 2.060000e+01
    endloop
  endfacet
  facet normal 8.397657e-01 5.429490e-01 0.000000e+00
    outer loop
      vertex   9.624168e+01 1.160192e+01 2.060000e+01
      vertex   9.714361e+01 1.020693e+01 1.860000e+01
      vertex   9.624168e+01 1.160192e+01 1.860000e+01
    endloop
  endfacet
  facet normal 8.054511e-01 5.926622e-01 0.000000e+00
    outer loop
      vertex   9.624168e+01 1.160192e+01 2.060000e+01
      vertex   9.624168e+01 1.160192e+01 1.860000e+01
      vertex   9.525717e+01 1.293991e+01 2.060000e+01
    endloop
  endfacet
  facet normal 8.054511e-01 5.926622e-01 0.000000e+00
    outer loop
      vertex   9.525717e+01 1.293991e+01 2.060000e+01
      vertex   9.624168e+01 1.160192e+01 1.860000e+01
      vertex   9.525717e+01 1.293991e+01 1.860000e+01
    endloop
  endfacet
  facet normal 7.681976e-01 6.402128e-01 0.000000e+00
    outer loop
      vertex   9.525717e+01 1.293991e+01 2.060000e+01
      vertex   9.525717e+01 1.293991e+01 1.860000e+01
      vertex   9.419367e+01 1.421602e+01 2.060000e+01
    endloop
  endfacet
  facet normal 7.681976e-01 6.402128e-01 0.000000e+00
    outer loop
      vertex   9.419367e+01 1.421602e+01 2.060000e+01
      vertex   9.525717e+01 1.293991e+01 1.860000e+01
      vertex   9.419367e+01 1.421602e+01 1.860000e+01
    endloop
  endfacet
  facet normal 7.281410e-01 6.854274e-01 0.000000e+00
    outer loop
      vertex   9.419367e+01 1.421602e+01 2.060000e+01
      vertex   9.419367e+01 1.421602e+01 1.860000e+01
      vertex   9.305506e+01 1.542558e+01 2.060000e+01
    endloop
  endfacet
  facet normal 7.281410e-01 6.854274e-01 0.000000e+00
    outer loop
      vertex   9.305506e+01 1.542558e+01 2.060000e+01
      vertex   9.419367e+01 1.421602e+01 1.860000e+01
      vertex   9.305506e+01 1.542558e+01 1.860000e+01
    endloop
  endfacet
  facet normal 6.854274e-01 7.281410e-01 0.000000e+00
    outer loop
      vertex   9.305506e+01 1.542558e+01 2.060000e+01
      vertex   9.305506e+01 1.542558e+01 1.860000e+01
      vertex   9.184550e+01 1.656419e+01 2.060000e+01
    endloop
  endfacet
  facet normal 6.854274e-01 7.281410e-01 0.000000e+00
    outer loop
      vertex   9.184550e+01 1.656419e+01 2.060000e+01
      vertex   9.305506e+01 1.542558e+01 1.860000e+01
      vertex   9.184550e+01 1.656419e+01 1.860000e+01
    endloop
  endfacet
  facet normal 6.402128e-01 7.681976e-01 0.000000e+00
    outer loop
      vertex   9.184550e+01 1.656419e+01 2.060000e+01
      vertex   9.184550e+01 1.656419e+01 1.860000e+01
      vertex   9.056940e+01 1.762769e+01 2.060000e+01
    endloop
  endfacet
  facet normal 6.402128e-01 7.681976e-01 0.000000e+00
    outer loop
      vertex   9.056940e+01 1.762769e+01 2.060000e+01
      vertex   9.184550e+01 1.656419e+01 1.860000e+01
      vertex   9.056940e+01 1.762769e+01 1.860000e+01
    endloop
  endfacet
  facet normal 5.926622e-01 8.054511e-01 0.000000e+00
    outer loop
      vertex   9.056940e+01 1.762769e+01 2.060000e+01
      vertex   9.056940e+01 1.762769e+01 1.860000e+01
      vertex   8.923141e+01 1.861220e+01 2.060000e+01
    endloop
  endfacet
  facet normal 5.926622e-01 8.054511e-01 0.000000e+00
    outer loop
      vertex   8.923141e+01 1.861220e+01 2.060000e+01
      vertex   9.056940e+01 1.762769e+01 1.860000e+01
      vertex   8.923141e+01 1.861220e+01 1.860000e+01
    endloop
  endfacet
  facet normal 5.429490e-01 8.397657e-01 0.000000e+00
    outer loop
      vertex   8.923141e+01 1.861220e+01 2.060000e+01
      vertex   8.923141e+01 1.861220e+01 1.860000e+01
      vertex   8.783642e+01 1.951413e+01 2.060000e+01
    endloop
  endfacet
  facet normal 5.429490e-01 8.397657e-01 0.000000e+00
    outer loop
      vertex   8.783642e+01 1.951413e+01 2.060000e+01
      vertex   8.923141e+01 1.861220e+01 1.860000e+01
      vertex   8.783642e+01 1.951413e+01 1.860000e+01
    endloop
  endfacet
  facet normal 4.912546e-01 8.710160e-01 0.000000e+00
    outer loop
      vertex   8.783642e+01 1.951413e+01 2.060000e+01
      vertex   8.783642e+01 1.951413e+01 1.860000e+01
      vertex   8.638952e+01 2.033018e+01 2.060000e+01
    endloop
  endfacet
  facet normal 4.912546e-01 8.710160e-01 0.000000e+00
    outer loop
      vertex   8.638952e+01 2.033018e+01 2.060000e+01
      vertex   8.783642e+01 1.951413e+01 1.860000e+01
      vertex   8.638952e+01 2.033018e+01 1.860000e+01
    endloop
  endfacet
  facet normal 4.377677e-01 8.990881e-01 0.000000e+00
    outer loop
      vertex   8.638952e+01 2.033018e+01 2.060000e+01
      vertex   8.638952e+01 2.033018e+01 1.860000e+01
      vertex   8.489598e+01 2.105739e+01 2.060000e+01
    endloop
  endfacet
  facet normal 4.377677e-01 8.990881e-01 0.000000e+00
    outer loop
      vertex   8.489598e+01 2.105739e+01 2.060000e+01
      vertex   8.638952e+01 2.033018e+01 1.860000e+01
      vertex   8.489598e+01 2.105739e+01 1.860000e+01
    endloop
  endfacet
  facet normal 3.826834e-01 9.238795e-01 0.000000e+00
    outer loop
      vertex   8.489598e+01 2.105739e+01 2.060000e+01
      vertex   8.489598e+01 2.105739e+01 1.860000e+01
      vertex   8.336126e+01 2.169309e+01 2.060000e+01
    endloop
  endfacet
  facet normal 3.826834e-01 9.238795e-01 0.000000e+00
    outer loop
      vertex   8.336126e+01 2.169309e+01 2.060000e+01
      vertex   8.489598e+01 2.105739e+01 1.860000e+01
      vertex   8.336126e+01 2.169309e+01 1.860000e+01
    endloop
  endfacet
  facet normal 3.262028e-01 9.452998e-01 0.000000e+00
    outer loop
      vertex   8.336126e+01 2.169309e+01 2.060000e+01
      vertex   8.336126e+01 2.169309e+01 1.860000e+01
      vertex   8.179096e+01 2.223497e+01 2.060000e+01
    endloop
  endfacet
  facet normal 3.262028e-01 9.452998e-01 0.000000e+00
    outer loop
      vertex   8.179096e+01 2.223497e+01 2.060000e+01
      vertex   8.336126e+01 2.169309e+01 1.860000e+01
      vertex   8.179096e+01 2.223497e+01 1.860000e+01
    endloop
  endfacet
  facet normal 2.685319e-01 9.632708e-01 0.000000e+00
    outer loop
      vertex   8.179096e+01 2.223497e+01 2.060000e+01
      vertex   8.179096e+01 2.223497e+01 1.860000e+01
      vertex   8.019081e+01 2.268104e+01 2.060000e+01
    endloop
  endfacet
  facet normal 2.685319e-01 9.632708e-01 0.000000e+00
    outer loop
      vertex   8.019081e+01 2.268104e+01 2.060000e+01
      vertex   8.179096e+01 2.223497e+01 1.860000e+01
      vertex   8.019081e+01 2.268104e+01 1.860000e+01
    endloop
  endfacet
  facet normal 2.098811e-01 9.777269e-01 0.000000e+00
    outer loop
      vertex   8.019081e+01 2.268104e+01 2.060000e+01
      vertex   8.019081e+01 2.268104e+01 1.860000e+01
      vertex   7.856664e+01 2.302969e+01 2.060000e+01
    endloop
  endfacet
  facet normal 2.098811e-01 9.777269e-01 0.000000e+00
    outer loop
      vertex   7.856664e+01 2.302969e+01 2.060000e+01
      vertex   8.019081e+01 2.268104e+01 1.860000e+01
      vertex   7.856664e+01 2.302969e+01 1.860000e+01
    endloop
  endfacet
  facet normal 1.504645e-01 9.886154e-01 0.000000e+00
    outer loop
      vertex   7.856664e+01 2.302969e+01 2.060000e+01
      vertex   7.856664e+01 2.302969e+01 1.860000e+01
      vertex   7.692439e+01 2.327964e+01 2.060000e+01
    endloop
  endfacet
  facet normal 1.504645e-01 9.886154e-01 0.000000e+00
    outer loop
      vertex   7.692439e+01 2.327964e+01 2.060000e+01
      vertex   7.856664e+01 2.302969e+01 1.860000e+01
      vertex   7.692439e+01 2.327964e+01 1.860000e+01
    endloop
  endfacet
  facet normal 9.049888e-02 9.958966e-01 0.000000e+00
    outer loop
      vertex   7.692439e+01 2.327964e+01 2.060000e+01
      vertex   7.692439e+01 2.327964e+01 1.860000e+01
      vertex   7.527004e+01 2.342997e+01 2.060000e+01
    endloop
  endfacet
  facet normal 9.049888e-02 9.958966e-01 0.000000e+00
    outer loop
      vertex   7.527004e+01 2.342997e+01 2.060000e+01
      vertex   7.692439e+01 2.327964e+01 1.860000e+01
      vertex   7.527004e+01 2.342997e+01 1.860000e+01
    endloop
  endfacet
  facet normal 3.020303e-02 9.995438e-01 0.000000e+00
    outer loop
      vertex   7.527004e+01 2.342997e+01 2.060000e+01
      vertex   7.527004e+01 2.342997e+01 1.860000e+01
      vertex   7.360963e+01 2.348014e+01 2.060000e+01
    endloop
  endfacet
  facet normal 3.020303e-02 9.995438e-01 0.000000e+00
    outer loop
      vertex   7.360963e+01 2.348014e+01 2.060000e+01
      vertex   7.527004e+01 2.342997e+01 1.860000e+01
      vertex   7.360963e+01 2.348014e+01 1.860000e+01
    endloop
  endfacet
  facet normal -3.020303e-02 9.995438e-01 0.000000e+00
    outer loop
      vertex   7.360963e+01 2.348014e+01 2.060000e+01
      vertex   7.360963e+01 2.348014e+01 1.860000e+01
      vertex   7.194922e+01 2.342997e+01 2.060000e+01
    endloop
  endfacet
  facet normal -3.020303e-02 9.995438e-01 0.000000e+00
    outer loop
      vertex   7.194922e+01 2.342997e+01 2.060000e+01
      vertex   7.360963e+01 2.348014e+01 1.860000e+01
      vertex   7.194922e+01 2.342997e+01 1.860000e+01
    endloop
  endfacet
  facet normal -9.049888e-02 9.958966e-01 0.000000e+00
    outer loop
      vertex   7.194922e+01 2.342997e+01 2.060000e+01
      vertex   7.194922e+01 2.342997e+01 1.860000e+01
      vertex   7.029487e+01 2.327964e+01 2.060000e+01
    endloop
  endfacet
  facet normal -9.049888e-02 9.958966e-01 0.000000e+00
    outer loop
      vertex   7.029487e+01 2.327964e+01 2.060000e+01
      vertex   7.194922e+01 2.342997e+01 1.860000e+01
      vertex   7.029487e+01 2.327964e+01 1.860000e+01
    endloop
  endfacet
  facet normal -1.504645e-01 9.886154e-01 0.000000e+00
    outer loop
      vertex   7.029487e+01 2.327964e+01 2.060000e+01
      vertex   7.029487e+01 2.327964e+01 1.860000e+01
      vertex   6.865261e+01 2.302969e+01 2.060000e+01
    endloop
  endfacet
  facet normal -1.504645e-01 9.886154e-01 0.000000e+00
    outer loop
      vertex   6.865261e+01 2.302969e+01 2.060000e+01
      vertex   7.029487e+01 2.327964e+01 1.860000e+01
      vertex   6.865261e+01 2.302969e+01 1.860000e+01
    endloop
  endfacet
  facet normal -2.098811e-01 9.777269e-01 0.000000e+00
    outer loop
      vertex   6.865261e+01 2.302969e+01 2.060000e+01
      vertex   6.865261e+01 2.302969e+01 1.860000e+01
      vertex   6.702845e+01 2.268104e+01 2.060000e+01
    endloop
  endfacet
  facet normal -2.098811e-01 9.777269e-01 0.000000e+00
    outer loop
      vertex   6.702845e+01 2.268104e+01 2.060000e+01
      vertex   6.865261e+01 2.302969e+01 1.860000e+01
      vertex   6.702845e+01 2.268104e+01 1.860000e+01
    endloop
  endfacet
  facet normal -2.685319e-01 9.632708e-01 0.000000e+00
    outer loop
      vertex   6.702845e+01 2.268104e+01 2.060000e+01
      vertex   6.702845e+01 2.268104e+01 1.860000e+01
      vertex   6.542829e+01 2.223497e+01 2.060000e+01
    endloop
  endfacet
  facet normal -2.685319e-01 9.632708e-01 0.000000e+00
    outer loop
      vertex   6.542829e+01 2.223497e+01 2.060000e+01
      vertex   6.702845e+01 2.268104e+01 1.860000e+01
      vertex   6.542829e+01 2.223497e+01 1.860000e+01
    endloop
  endfacet
  facet normal -3.262028e-01 9.452998e-01 0.000000e+00
    outer loop
      vertex   6.542829e+01 2.223497e+01 2.060000e+01
      vertex   6.542829e+01 2.223497e+01 1.860000e+01
      vertex   6.385799e+01 2.169309e+01 2.060000e+01
    endloop
  endfacet
  facet normal -3.262028e-01 9.452998e-01 0.000000e+00
    outer loop
      vertex   6.385799e+01 2.169309e+01 2.060000e+01
      vertex   6.542829e+01 2.223497e+01 1.860000e+01
      vertex   6.385799e+01 2.169309e+01 1.860000e+01
    endloop
  endfacet
  facet normal -3.826834e-01 9.238795e-01 0.000000e+00
    outer loop
      vertex   6.385799e+01 2.169309e+01 2.060000e+01
      vertex   6.385799e+01 2.169309e+01 1.860000e+01
      vertex   6.232328e+01 2.105739e+01 2.060000e+01
    endloop
  endfacet
  facet normal -3.826834e-01 9.238795e-01 0.000000e+00
    outer loop
      vertex   6.232328e+01 2.105739e+01 2.060000e+01
      vertex   6.385799e+01 2.169309e+01 1.860000e+01
      vertex   6.232328e+01 2.105739e+01 1.860000e+01
    endloop
  endfacet
  facet normal -4.377677e-01 8.990881e-01 0.000000e+00
    outer loop
      vertex   6.232328e+01 2.105739e+01 2.060000e+01
      vertex   6.232328e+01 2.105739e+01 1.860000e+01
      vertex   6.082974e+01 2.033018e+01 2.060000e+01
    endloop
  endfacet
  facet normal -4.377677e-01 8.990881e-01 0.000000e+00
    outer loop
      vertex   6.082974e+01 2.033018e+01 2.060000e+01
      vertex   6.232328e+01 2.105739e+01 1.860000e+01
      vertex   6.082974e+01 2.033018e+01 1.860000e+01
    endloop
  endfacet
  facet normal -4.912546e-01 8.710160e-01 0.000000e+00
    outer loop
      vertex   6.082974e+01 2.033018e+01 2.060000e+01
      vertex   6.082974e+01 2.033018e+01 1.860000e+01
      vertex   5.938284e+01 1.951413e+01 2.060000e+01
    endloop
  endfacet
  facet normal -4.912546e-01 8.710160e-01 0.000000e+00
    outer loop
      vertex   5.938284e+01 1.951413e+01 2.060000e+01
      vertex   6.082974e+01 2.033018e+01 1.860000e+01
      vertex   5.938284e+01 1.951413e+01 1.860000e+01
    endloop
  endfacet
  facet normal -5.429490e-01 8.397657e-01 0.000000e+00
    outer loop
      vertex   5.938284e+01 1.951413e+01 2.060000e+01
      vertex   5.938284e+01 1.951413e+01 1.860000e+01
      vertex   5.798785e+01 1.861220e+01 2.060000e+01
    endloop
  endfacet
  facet normal -5.429490e-01 8.397657e-01 0.000000e+00
    outer loop
      vertex   5.798785e+01 1.861220e+01 2.060000e+01
      vertex   5.938284e+01 1.951413e+01 1.860000e+01
      vertex   5.798785e+01 1.861220e+01 1.860000e+01
    endloop
  endfacet
  facet normal -5.926622e-01 8.054511e-01 0.000000e+00
    outer loop
      vertex   5.798785e+01 1.861220e+01 2.060000e+01
      vertex   5.798785e+01 1.861220e+01 1.860000e+01
      vertex   5.664986e+01 1.762769e+01 2.060000e+01
    endloop
  endfacet
  facet normal -5.926622e-01 8.054511e-01 0.000000e+00
    outer loop
      vertex   5.664986e+01 1.762769e+01 2.060000e+01
      vertex   5.798785e+01 1.861220e+01 1.860000e+01
      vertex   5.664986e+01 1.762769e+01 1.860000e+01
    endloop
  endfacet
  facet normal -6.402128e-01 7.681976e-01 0.000000e+00
    outer loop
      vertex   5.664986e+01 1.762769e+01 2.060000e+01
      vertex   5.664986e+01 1.762769e+01 1.860000e+01
      vertex   5.537375e+01 1.656419e+01 2.060000e+01
    endloop
  endfacet
  facet normal -6.402128e-01 7.681976e-01 0.000000e+00
    outer loop
      vertex   5.537375e+01 1.656419e+01 2.060000e+01
      vertex   5.664986e+01 1.762769e+01 1.860000e+01
      vertex   5.537375e+01 1.656419e+01 1.860000e+01
    endloop
  endfacet
  facet normal -6.854274e-01 7.281410e-01 0.000000e+00
    outer loop
      vertex   5.537375e+01 1.656419e+01 2.060000e+01
      vertex   5.537375e+01 1.656419e+01 1.860000e+01
      vertex   5.416419e+01 1.542558e+01 2.060000e+01
    endloop
  endfacet
  facet normal -6.854274e-01 7.281410e-01 0.000000e+00
    outer loop
      vertex   5.416419e+01 1.542558e+01 2.060000e+01
      vertex   5.537375e+01 1.656419e+01 1.860000e+01
      vertex   5.416419e+01 1.542558e+01 1.860000e+01
    endloop
  endfacet
  facet normal -7.281410e-01 6.854274e-01 0.000000e+00
    outer loop
      vertex   5.416419e+01 1.542558e+01 2.060000e+01
      vertex   5.416419e+01 1.542558e+01 1.860000e+01
      vertex   5.302558e+01 1.421602e+01 2.060000e+01
    endloop
  endfacet
  facet normal -7.281410e-01 6.854274e-01 0.000000e+00
    outer loop
      vertex   5.302558e+01 1.421602e+01 2.060000e+01
      vertex   5.416419e+01 1.542558e+01 1.860000e+01
      vertex   5.302558e+01 1.421602e+01 1.860000e+01
    endloop
  endfacet
  facet normal -7.681976e-01 6.402128e-01 0.000000e+00
    outer loop
      vertex   5.302558e+01 1.421602e+01 2.060000e+01
      vertex   5.302558e+01 1.421602e+01 1.860000e+01
      vertex   5.196208e+01 1.293991e+01 2.060000e+01
    endloop
  endfacet
  facet normal -7.681976e-01 6.402128e-01 0.000000e+00
    outer loop
      vertex   5.196208e+01 1.293991e+01 2.060000e+01
      vertex   5.302558e+01 1.421602e+01 1.860000e+01
      vertex   5.196208e+01 1.293991e+01 1.860000e+01
    endloop
  endfacet
  facet normal -8.054511e-01 5.926622e-01 0.000000e+00
    outer loop
      vertex   5.196208e+01 1.293991e+01 2.060000e+01
      vertex   5.196208e+01 1.293991e+01 1.860000e+01
      vertex   5.097757e+01 1.160192e+01 2.060000e+01
    endloop
  endfacet
  facet normal -8.054511e-01 5.926622e-01 0.000000e+00
    outer loop
      vertex   5.097757e+01 1.160192e+01 2.060000e+01
      vertex   5.196208e+01 1.293991e+01 1.860000e+01
      vertex   5.097757e+01 1.160192e+01 1.860000e+01
    endloop
  endfacet
  facet normal -8.397657e-01 5.429490e-01 0.000000e+00
    outer loop
      vertex   5.097757e+01 1.160192e+01 2.060000e+01
      vertex   5.097757e+01 1.160192e+01 1.860000e+01
      vertex   5.007564e+01 1.020693e+01 2.060000e+01
    endloop
  endfacet
  facet normal -8.397657e-01 5.429490e-01 0.000000e+00
    outer loop
      vertex   5.007564e+01 1.020693e+01 2.060000e+01
      vertex   5.097757e+01 1.160192e+01 1.860000e+01
      vertex   5.007564e+01 1.020693e+01 1.860000e+01
    endloop
  endfacet
  facet normal -8.710160e-01 4.912546e-01 0.000000e+00
    outer loop
      vertex   5.007564e+01 1.020693e+01 2.060000e+01
      vertex   5.007564e+01 1.020693e+01 1.860000e+01
      vertex   4.925959e+01 8.760030e+00 2.060000e+01
    endloop
  endfacet
  facet normal -8.710160e-01 4.912546e-01 0.000000e+00
    outer loop
      vertex   4.925959e+01 8.760030e+00 2.060000e+01
      vertex   5.007564e+01 1.020693e+01 1.860000e+01
      vertex   4.925959e+01 8.760030e+00 1.860000e+01
    endloop
  endfacet
  facet normal -8.990881e-01 4.377677e-01 0.000000e+00
    outer loop
      vertex   4.925959e+01 8.760030e+00 2.060000e+01
      vertex   4.925959e+01 8.760030e+00 1.860000e+01
      vertex   4.853238e+01 7.266494e+00 2.060000e+01
    endloop
  endfacet
  facet normal -8.990881e-01 4.377677e-01 0.000000e+00
    outer loop
      vertex   4.853238e+01 7.266494e+00 2.060000e+01
      vertex   4.925959e+01 8.760030e+00 1.860000e+01
      vertex   4.853238e+01 7.266494e+00 1.860000e+01
    endloop
  endfacet
  facet normal -9.238795e-01 3.826834e-01 0.000000e+00
    outer loop
      vertex   4.853238e+01 7.266494e+00 2.060000e+01
      vertex   4.853238e+01 7.266494e+00 1.860000e+01
      vertex   4.789668e+01 5.731777e+00 2.060000e+01
    endloop
  endfacet
  facet normal -9.238795e-01 3.826834e-01 0.000000e+00
    outer loop
      vertex   4.789668e+01 5.731777e+00 2.060000e+01
      vertex   4.853238e+01 7.266494e+00 1.860000e+01
      vertex   4.789668e+01 5.731777e+00 1.860000e+01
    endloop
  endfacet
  facet normal -9.452998e-01 3.262028e-01 0.000000e+00
    outer loop
      vertex   4.789668e+01 5.731777e+00 2.060000e+01
      vertex   4.789668e+01 5.731777e+00 1.860000e+01
      vertex   4.735480e+01 4.161476e+00 2.060000e+01
    endloop
  endfacet
  facet normal -9.452998e-01 3.262028e-01 0.000000e+00
    outer loop
      vertex   4.735480e+01 4.161476e+00 2.060000e+01
      vertex   4.789668e+01 5.731777e+00 1.860000e+01
      vertex   4.735480e+01 4.161476e+00 1.860000e+01
    endloop
  endfacet
  facet normal -9.632708e-01 2.685319e-01 0.000000e+00
    outer loop
      vertex   4.735480e+01 4.161476e+00 2.060000e+01
      vertex   4.735480e+01 4.161476e+00 1.860000e+01
      vertex   4.690873e+01 2.561323e+00 2.060000e+01
    endloop
  endfacet
  facet normal -9.632708e-01 2.685319e-01 0.000000e+00
    outer loop
      vertex   4.690873e+01 2.561323e+00 2.060000e+01
      vertex   4.735480e+01 4.161476e+00 1.860000e+01
      vertex   4.690873e+01 2.561323e+00 1.860000e+01
    endloop
  endfacet
  facet normal -9.777269e-01 2.098811e-01 0.000000e+00
    outer loop
      vertex   4.690873e+01 2.561323e+00 2.060000e+01
      vertex   4.690873e+01 2.561323e+00 1.860000e+01
      vertex   4.656008e+01 9.371558e-01 2.060000e+01
    endloop
  endfacet
  facet normal -9.777269e-01 2.098811e-01 0.000000e+00
    outer loop
      vertex   4.656008e+01 9.371558e-01 2.060000e+01
      vertex   4.690873e+01 2.561323e+00 1.860000e+01
      vertex   4.656008e+01 9.371558e-01 1.860000e+01
    endloop
  endfacet
  facet normal -9.886154e-01 1.504645e-01 0.000000e+00
    outer loop
      vertex   4.656008e+01 9.371558e-01 2.060000e+01
      vertex   4.656008e+01 9.371558e-01 1.860000e+01
      vertex   4.631013e+01 -7.050990e-01 2.060000e+01
    endloop
  endfacet
  facet normal -9.886154e-01 1.504645e-01 0.000000e+00
    outer loop
      vertex   4.631013e+01 -7.050990e-01 2.060000e+01
      vertex   4.656008e+01 9.371558e-01 1.860000e+01
      vertex   4.631013e+01 -7.050990e-01 1.860000e+01
    endloop
  endfacet
  facet normal -9.958966e-01 9.049888e-02 0.000000e+00
    outer loop
      vertex   4.631013e+01 -7.050990e-01 2.060000e+01
      vertex   4.631013e+01 -7.050990e-01 1.860000e+01
      vertex   4.615980e+01 -2.359449e+00 2.060000e+01
    endloop
  endfacet
  facet normal -9.958966e-01 9.049888e-02 0.000000e+00
    outer loop
      vertex   4.615980e+01 -2.359449e+00 2.060000e+01
      vertex   4.631013e+01 -7.050990e-01 1.860000e+01
      vertex   4.615980e+01 -2.359449e+00 1.860000e+01
    endloop
  endfacet
  facet normal -9.995438e-01 3.020303e-02 0.000000e+00
    outer loop
      vertex   4.615980e+01 -2.359449e+00 2.060000e+01
      vertex   4.615980e+01 -2.359449e+00 1.860000e+01
      vertex   4.610963e+01 -4.019858e+00 2.060000e+01
    endloop
  endfacet
  facet normal -9.995438e-01 3.020303e-02 0.000000e+00
    outer loop
      vertex   4.610963e+01 -4.019858e+00 2.060000e+01
      vertex   4.615980e+01 -2.359449e+00 1.860000e+01
      vertex   4.610963e+01 -4.019858e+00 1.860000e+01
    endloop
  endfacet
  facet normal -9.995438e-01 -3.020303e-02 -0.000000e+00
    outer loop
      vertex   4.610963e+01 -4.019858e+00 2.060000e+01
      vertex   4.610963e+01 -4.019858e+00 1.860000e+01
      vertex   4.615980e+01 -5.680266e+00 2.060000e+01
    endloop
  endfacet
  facet normal -9.995438e-01 -3.020303e-02 -0.000000e+00
    outer loop
      vertex   4.615980e+01 -5.680266e+00 2.060000e+01
      vertex   4.610963e+01 -4.019858e+00 1.860000e+01
      vertex   4.615980e+01 -5.680266e+00 1.860000e+01
    endloop
  endfacet
  facet normal -9.958966e-01 -9.049888e-02 -0.000000e+00
    outer loop
      vertex   4.615980e+01 -5.680266e+00 2.060000e+01
      vertex   4.615980e+01 -5.680266e+00 1.860000e+01
      vertex   4.631013e+01 -7.334616e+00 2.060000e+01
    endloop
  endfacet
  facet normal -9.958966e-01 -9.049888e-02 -0.000000e+00
    outer loop
      vertex   4.631013e+01 -7.334616e+00 2.060000e+01
      vertex   4.615980e+01 -5.680266e+00 1.860000e+01
      vertex   4.631013e+01 -7.334616e+00 1.860000e+01
    endloop
  endfacet
  facet normal -9.886154e-01 -1.504645e-01 -0.000000e+00
    outer loop
      vertex   4.631013e+01 -7.334616e+00 2.060000e+01
      vertex   4.631013e+01 -7.334616e+00 1.860000e+01
      vertex   4.656008e+01 -8.976871e+00 2.060000e+01
    endloop
  endfacet
  facet normal -9.886154e-01 -1.504645e-01 -0.000000e+00
    outer loop
      vertex   4.656008e+01 -8.976871e+00 2.060000e+01
      vertex   4.631013e+01 -7.334616e+00 1.860000e+01
      vertex   4.656008e+01 -8.976871e+00 1.860000e+01
    endloop
  endfacet
  facet normal -9.777269e-01 -2.098811e-01 -0.000000e+00
    outer loop
      vertex   4.656008e+01 -8.976871e+00 2.060000e+01
      vertex   4.656008e+01 -8.976871e+00 1.860000e+01
      vertex   4.690873e+01 -1.060104e+01 2.060000e+01
    endloop
  endfacet
  facet normal -9.777269e-01 -2.098811e-01 -0.000000e+00
    outer loop
      vertex   4.690873e+01 -1.060104e+01 2.060000e+01
      vertex   4.656008e+01 -8.976871e+00 1.860000e+01
      vertex   4.690873e+01 -1.060104e+01 1.860000e+01
    endloop
  endfacet
  facet normal -9.632708e-01 -2.685319e-01 -0.000000e+00
    outer loop
      vertex   4.690873e+01 -1.060104e+01 2.060000e+01
      vertex   4.690873e+01 -1.060104e+01 1.860000e+01
      vertex   4.735480e+01 -1.220119e+01 2.060000e+01
    endloop
  endfacet
  facet normal -9.632708e-01 -2.685319e-01 -0.000000e+00
    outer loop
      vertex   4.735480e+01 -1.220119e+01 2.060000e+01
      vertex   4.690873e+01 -1.060104e+01 1.860000e+01
      vertex   4.735480e+01 -1.220119e+01 1.860000e+01
    endloop
  endfacet
  facet normal -9.452998e-01 -3.262028e-01 -0.000000e+00
    outer loop
      vertex   4.735480e+01 -1.220119e+01 2.060000e+01
      vertex   4.735480e+01 -1.220119e+01 1.860000e+01
      vertex   4.789668e+01 -1.377149e+01 2.060000e+01
    endloop
  endfacet
  facet normal -9.452998e-01 -3.262028e-01 -0.000000e+00
    outer loop
      vertex   4.789668e+01 -1.377149e+01 2.060000e+01
      vertex   4.735480e+01 -1.220119e+01 1.860000e+01
      vertex   4.789668e+01 -1.377149e+01 1.860000e+01
    endloop
  endfacet
  facet normal -9.238795e-01 -3.826834e-01 -0.000000e+00
    outer loop
      vertex   4.789668e+01 -1.377149e+01 2.060000e+01
      vertex   4.789668e+01 -1.377149e+01 1.860000e+01
      vertex   4.853238e+01 -1.530621e+01 2.060000e+01
    endloop
  endfacet
  facet normal -9.238795e-01 -3.826834e-01 -0.000000e+00
    outer loop
      vertex   4.853238e+01 -1.530621e+01 2.060000e+01
      vertex   4.789668e+01 -1.377149e+01 1.860000e+01
      vertex   4.853238e+01 -1.530621e+01 1.860000e+01
    endloop
  endfacet
  facet normal -8.990881e-01 -4.377677e-01 -0.000000e+00
    outer loop
      vertex   4.853238e+01 -1.530621e+01 2.060000e+01
      vertex   4.853238e+01 -1.530621e+01 1.860000e+01
      vertex   4.925959e+01 -1.679974e+01 2.060000e+01
    endloop
  endfacet
  facet normal -8.990881e-01 -4.377677e-01 -0.000000e+00
    outer loop
      vertex   4.925959e+01 -1.679974e+01 2.060000e+01
      vertex   4.853238e+01 -1.530621e+01 1.860000e+01
      vertex   4.925959e+01 -1.679974e+01 1.860000e+01
    endloop
  endfacet
  facet normal -8.710160e-01 -4.912546e-01 -0.000000e+00
    outer loop
      vertex   4.925959e+01 -1.679974e+01 2.060000e+01
      vertex   4.925959e+01 -1.679974e+01 1.860000e+01
      vertex   5.007564e+01 -1.824665e+01 2.060000e+01
    endloop
  endfacet
  facet normal -8.710160e-01 -4.912546e-01 -0.000000e+00
    outer loop
      vertex   5.007564e+01 -1.824665e+01 2.060000e+01
      vertex   4.925959e+01 -1.679974e+01 1.860000e+01
      vertex   5.007564e+01 -1.824665e+01 1.860000e+01
    endloop
  endfacet
  facet normal -8.397657e-01 -5.429490e-01 -0.000000e+00
    outer loop
      vertex   5.007564e+01 -1.824665e+01 2.060000e+01
      vertex   5.007564e+01 -1.824665e+01 1.860000e+01
      vertex   5.097757e+01 -1.964164e+01 2.060000e+01
    endloop
  endfacet
  facet normal -8.397657e-01 -5.429490e-01 -0.000000e+00
    outer loop
      vertex   5.097757e+01 -1.964164e+01 2.060000e+01
      vertex   5.007564e+01 -1.824665e+01 1.860000e+01
      vertex   5.097757e+01 -1.964164e+01 1.860000e+01
    endloop
  endfacet
  facet normal -8.054511e-01 -5.926622e-01 -0.000000e+00
    outer loop
      vertex   5.097757e+01 -1.964164e+01 2.060000e+01
      vertex   5.097757e+01 -1.964164e+01 1.860000e+01
      vertex   5.196208e+01 -2.097963e+01 2.060000e+01
    endloop
  endfacet
  facet normal -8.054511e-01 -5.926622e-01 -0.000000e+00
    outer loop
      vertex   5.196208e+01 -2.097963e+01 2.060000e+01
      vertex   5.097757e+01 -1.964164e+01 1.860000e+01
      vertex   5.196208e+01 -2.097963e+01 1.860000e+01
    endloop
  endfacet
  facet normal -7.681976e-01 -6.402128e-01 -0.000000e+00
    outer loop
      vertex   5.196208e+01 -2.097963e+01 2.060000e+01
      vertex   5.196208e+01 -2.097963e+01 1.860000e+01
      vertex   5.302558e+01 -2.225573e+01 2.060000e+01
    endloop
  endfacet
  facet normal -7.681976e-01 -6.402128e-01 -0.000000e+00
    outer loop
      vertex   5.302558e+01 -2.225573e+01 2.060000e+01
      vertex   5.196208e+01 -2.097963e+01 1.860000e+01
      vertex   5.302558e+01 -2.225573e+01 1.860000e+01
    endloop
  endfacet
  facet normal -7.281410e-01 -6.854274e-01 -0.000000e+00
    outer loop
      vertex   5.302558e+01 -2.225573e+01 2.060000e+01
      vertex   5.302558e+01 -2.225573e+01 1.860000e+01
      vertex   5.416419e+01 -2.346529e+01 2.060000e+01
    endloop
  endfacet
  facet normal -7.281410e-01 -6.854274e-01 -0.000000e+00
    outer loop
      vertex   5.416419e+01 -2.346529e+01 2.060000e+01
      vertex   5.302558e+01 -2.225573e+01 1.860000e+01
      vertex   5.416419e+01 -2.346529e+01 1.860000e+01
    endloop
  endfacet
  facet normal -6.854274e-01 -7.281410e-01 -0.000000e+00
    outer loop
      vertex   5.416419e+01 -2.346529e+01 2.060000e+01
      vertex   5.416419e+01 -2.346529e+01 1.860000e+01
      vertex   5.537375e+01 -2.460390e+01 2.060000e+01
    endloop
  endfacet
  facet normal -6.854274e-01 -7.281410e-01 -0.000000e+00
    outer loop
      vertex   5.537375e+01 -2.460390e+01 2.060000e+01
      vertex   5.416419e+01 -2.346529e+01 1.860000e+01
      vertex   5.537375e+01 -2.460390e+01 1.860000e+01
    endloop
  endfacet
  facet normal -6.402128e-01 -7.681976e-01 -0.000000e+00
    outer loop
      vertex   5.537375e+01 -2.460390e+01 2.060000e+01
      vertex   5.537375e+01 -2.460390e+01 1.860000e+01
      vertex   5.664986e+01 -2.566740e+01 2.060000e+01
    endloop
  endfacet
  facet normal -6.402128e-01 -7.681976e-01 -0.000000e+00
    outer loop
      vertex   5.664986e+01 -2.566740e+01 2.060000e+01
      vertex   5.537375e+01 -2.460390e+01 1.860000e+01
      vertex   5.664986e+01 -2.566740e+01 1.860000e+01
    endloop
  endfacet
  facet normal -5.926622e-01 -8.054511e-01 -0.000000e+00
    outer loop
      vertex   5.664986e+01 -2.566740e+01 2.060000e+01
      vertex   5.664986e+01 -2.566740e+01 1.860000e+01
      vertex   5.798785e+01 -2.665191e+01 2.060000e+01
    endloop
  endfacet
  facet normal -5.926622e-01 -8.054511e-01 -0.000000e+00
    outer loop
      vertex   5.798785e+01 -2.665191e+01 2.060000e+01
      vertex   5.664986e+01 -2.566740e+01 1.860000e+01
      vertex   5.798785e+01 -2.665191e+01 1.860000e+01
    endloop
  endfacet
  facet normal -5.429490e-01 -8.397657e-01 -0.000000e+00
    outer loop
      vertex   5.798785e+01 -2.665191e+01 2.060000e+01
      vertex   5.798785e+01 -2.665191e+01 1.860000e+01
      vertex   5.938284e+01 -2.755384e+01 2.060000e+01
    endloop
  endfacet
  facet normal -5.429490e-01 -8.397657e-01 -0.000000e+00
    outer loop
      vertex   5.938284e+01 -2.755384e+01 2.060000e+01
      vertex   5.798785e+01 -2.665191e+01 1.860000e+01
      vertex   5.938284e+01 -2.755384e+01 1.860000e+01
    endloop
  endfacet
  facet normal -4.912546e-01 -8.710160e-01 -0.000000e+00
    outer loop
      vertex   5.938284e+01 -2.755384e+01 2.060000e+01
      vertex   5.938284e+01 -2.755384e+01 1.860000e+01
      vertex   6.082974e+01 -2.836990e+01 2.060000e+01
    endloop
  endfacet
  facet normal -4.912546e-01 -8.710160e-01 -0.000000e+00
    outer loop
      vertex   6.082974e+01 -2.836990e+01 2.060000e+01
      vertex   5.938284e+01 -2.755384e+01 1.860000e+01
      vertex   6.082974e+01 -2.836990e+01 1.860000e+01
    endloop
  endfacet
  facet normal -4.377677e-01 -8.990881e-01 -0.000000e+00
    outer loop
      vertex   6.082974e+01 -2.836990e+01 2.060000e+01
      vertex   6.082974e+01 -2.836990e+01 1.860000e+01
      vertex   6.232328e+01 -2.909710e+01 2.060000e+01
    endloop
  endfacet
  facet normal -4.377677e-01 -8.990881e-01 -0.000000e+00
    outer loop
      vertex   6.232328e+01 -2.909710e+01 2.060000e+01
      vertex   6.082974e+01 -2.836990e+01 1.860000e+01
      vertex   6.232328e+01 -2.909710e+01 1.860000e+01
    endloop
  endfacet
  facet normal -3.826834e-01 -9.238795e-01 -0.000000e+00
    outer loop
      vertex   6.232328e+01 -2.909710e+01 2.060000e+01
      vertex   6.232328e+01 -2.909710e+01 1.860000e+01
      vertex   6.385799e+01 -2.973280e+01 2.060000e+01
    endloop
  endfacet
  facet normal -3.826834e-01 -9.238795e-01 -0.000000e+00
    outer loop
      vertex   6.385799e+01 -2.973280e+01 2.060000e+01
      vertex   6.232328e+01 -2.909710e+01 1.860000e+01
      vertex   6.385799e+01 -2.973280e+01 1.860000e+01
    endloop
  endfacet
  facet normal -3.262028e-01 -9.452998e-01 -0.000000e+00
    outer loop
      vertex   6.385799e+01 -2.973280e+01 2.060000e+01
      vertex   6.385799e+01 -2.973280e+01 1.860000e+01
      vertex   6.542829e+01 -3.027468e+01 2.060000e+01
    endloop
  endfacet
  facet normal -3.262028e-01 -9.452998e-01 -0.000000e+00
    outer loop
      vertex   6.542829e+01 -3.027468e+01 2.060000e+01
      vertex   6.385799e+01 -2.973280e+01 1.860000e+01
      vertex   6.542829e+01 -3.027468e+01 1.860000e+01
    endloop
  endfacet
  facet normal -2.685319e-01 -9.632708e-01 -0.000000e+00
    outer loop
      vertex   6.542829e+01 -3.027468e+01 2.060000e+01
      vertex   6.542829e+01 -3.027468e+01 1.860000e+01
      vertex   6.702845e+01 -3.072076e+01 2.060000e+01
    endloop
  endfacet
  facet normal -2.685319e-01 -9.632708e-01 -0.000000e+00
    outer loop
      vertex   6.702845e+01 -3.072076e+01 2.060000e+01
      vertex   6.542829e+01 -3.027468e+01 1.860000e+01
      vertex   6.702845e+01 -3.072076e+01 1.860000e+01
    endloop
  endfacet
  facet normal -2.098811e-01 -9.777269e-01 -0.000000e+00
    outer loop
      vertex   6.702845e+01 -3.072076e+01 2.060000e+01
      vertex   6.702845e+01 -3.072076e+01 1.860000e+01
      vertex   6.865261e+01 -3.106941e+01 2.060000e+01
    endloop
  endfacet
  facet normal -2.098811e-01 -9.777269e-01 -0.000000e+00
    outer loop
      vertex   6.865261e+01 -3.106941e+01 2.060000e+01
      vertex   6.702845e+01 -3.072076e+01 1.860000e+01
      vertex   6.865261e+01 -3.106941e+01 1.860000e+01
    endloop
  endfacet
  facet normal -1.504645e-01 -9.886154e-01 -0.000000e+00
    outer loop
      vertex   6.865261e+01 -3.106941e+01 2.060000e+01
      vertex   6.865261e+01 -3.106941e+01 1.860000e+01
      vertex   7.029487e+01 -3.131935e+01 2.060000e+01
    endloop
  endfacet
  facet normal -1.504645e-01 -9.886154e-01 -0.000000e+00
    outer loop
      vertex   7.029487e+01 -3.131935e+01 2.060000e+01
      vertex   6.865261e+01 -3.106941e+01 1.860000e+01
      vertex   7.029487e+01 -3.131935e+01 1.860000e+01
    endloop
  endfacet
  facet normal -9.049888e-02 -9.958966e-01 -0.000000e+00
    outer loop
      vertex   7.029487e+01 -3.131935e+01 2.060000e+01
      vertex   7.029487e+01 -3.131935e+01 1.860000e+01
      vertex   7.194922e+01 -3.146969e+01 2.060000e+01
    endloop
  endfacet
  facet normal -9.049888e-02 -9.958966e-01 -0.000000e+00
    outer loop
      vertex   7.194922e+01 -3.146969e+01 2.060000e+01
      vertex   7.029487e+01 -3.131935e+01 1.860000e+01
      vertex   7.194922e+01 -3.146969e+01 1.860000e+01
    endloop
  endfacet
  facet normal -3.020303e-02 -9.995438e-01 -0.000000e+00
    outer loop
      vertex   7.194922e+01 -3.146969e+01 2.060000e+01
      vertex   7.194922e+01 -3.146969e+01 1.860000e+01
      vertex   7.360963e+01 -3.151986e+01 2.060000e+01
    endloop
  endfacet
  facet normal -3.020303e-02 -9.995438e-01 -0.000000e+00
    outer loop
      vertex   7.360963e+01 -3.151986e+01 2.060000e+01
      vertex   7.194922e+01 -3.146969e+01 1.860000e+01
      vertex   7.360963e+01 -3.151986e+01 1.860000e+01
    endloop
  endfacet
  facet normal 3.020303e-02 -9.995438e-01 0.000000e+00
    outer loop
      vertex   7.360963e+01 -3.151986e+01 2.060000e+01
      vertex   7.360963e+01 -3.151986e+01 1.860000e+01
      vertex   7.527004e+01 -3.146969e+01 2.060000e+01
    endloop
  endfacet
  facet normal 3.020303e-02 -9.995438e-01 0.000000e+00
    outer loop
      vertex   7.527004e+01 -3.146969e+01 2.060000e+01
      vertex   7.360963e+01 -3.151986e+01 1.860000e+01
      vertex   7.527004e+01 -3.146969e+01 1.860000e+01
    endloop
  endfacet
  facet normal 9.049888e-02 -9.958966e-01 0.000000e+00
    outer loop
      vertex   7.527004e+01 -3.146969e+01 2.060000e+01
      vertex   7.527004e+01 -3.146969e+01 1.860000e+01
      vertex   7.692439e+01 -3.131935e+01 2.060000e+01
    endloop
  endfacet
  facet normal 9.049888e-02 -9.958966e-01 0.000000e+00
    outer loop
      vertex   7.692439e+01 -3.131935e+01 2.060000e+01
      vertex   7.527004e+01 -3.146969e+01 1.860000e+01
      vertex   7.692439e+01 -3.131935e+01 1.860000e+01
    endloop
  endfacet
  facet normal 1.504645e-01 -9.886154e-01 0.000000e+00
    outer loop
      vertex   7.692439e+01 -3.131935e+01 2.060000e+01
      vertex   7.692439e+01 -3.131935e+01 1.860000e+01
      vertex   7.856664e+01 -3.106941e+01 2.060000e+01
    endloop
  endfacet
  facet normal 1.504645e-01 -9.886154e-01 0.000000e+00
    outer loop
      vertex   7.856664e+01 -3.106941e+01 2.060000e+01
      vertex   7.692439e+01 -3.131935e+01 1.860000e+01
      vertex   7.856664e+01 -3.106941e+01 1.860000e+01
    endloop
  endfacet
  facet normal 2.098811e-01 -9.777269e-01 0.000000e+00
    outer loop
      vertex   7.856664e+01 -3.106941e+01 2.060000e+01
      vertex   7.856664e+01 -3.106941e+01 1.860000e+01
      vertex   8.019081e+01 -3.072076e+01 2.060000e+01
    endloop
  endfacet
  facet normal 2.098811e-01 -9.777269e-01 0.000000e+00
    outer loop
      vertex   8.019081e+01 -3.072076e+01 2.060000e+01
      vertex   7.856664e+01 -3.106941e+01 1.860000e+01
      vertex   8.019081e+01 -3.072076e+01 1.860000e+01
    endloop
  endfacet
  facet normal 2.685319e-01 -9.632708e-01 0.000000e+00
    outer loop
      vertex   8.019081e+01 -3.072076e+01 2.060000e+01
      vertex   8.019081e+01 -3.072076e+01 1.860000e+01
      vertex   8.179096e+01 -3.027468e+01 2.060000e+01
    endloop
  endfacet
  facet normal 2.685319e-01 -9.632708e-01 0.000000e+00
    outer loop
      vertex   8.179096e+01 -3.027468e+01 2.060000e+01
      vertex   8.019081e+01 -3.072076e+01 1.860000e+01
      vertex   8.179096e+01 -3.027468e+01 1.860000e+01
    endloop
  endfacet
  facet normal 3.262028e-01 -9.452998e-01 0.000000e+00
    outer loop
      vertex   8.179096e+01 -3.027468e+01 2.060000e+01
      vertex   8.179096e+01 -3.027468e+01 1.860000e+01
      vertex   8.336126e+01 -2.973280e+01 2.060000e+01
    endloop
  endfacet
  facet normal 3.262028e-01 -9.452998e-01 0.000000e+00
    outer loop
      vertex   8.336126e+01 -2.973280e+01 2.060000e+01
      vertex   8.179096e+01 -3.027468e+01 1.860000e+01
      vertex   8.336126e+01 -2.973280e+01 1.860000e+01
    endloop
  endfacet
  facet normal 3.826834e-01 -9.238795e-01 0.000000e+00
    outer loop
      vertex   8.336126e+01 -2.973280e+01 2.060000e+01
      vertex   8.336126e+01 -2.973280e+01 1.860000e+01
      vertex   8.489598e+01 -2.909710e+01 2.060000e+01
    endloop
  endfacet
  facet normal 3.826834e-01 -9.238795e-01 0.000000e+00
    outer loop
      vertex   8.489598e+01 -2.909710e+01 2.060000e+01
      vertex   8.336126e+01 -2.973280e+01 1.860000e+01
      vertex   8.489598e+01 -2.909710e+01 1.860000e+01
    endloop
  endfacet
  facet normal 4.377677e-01 -8.990881e-01 0.000000e+00
    outer loop
      vertex   8.489598e+01 -2.909710e+01 2.060000e+01
      vertex   8.489598e+01 -2.909710e+01 1.860000e+01
      vertex   8.638952e+01 -2.836990e+01 2.060000e+01
    endloop
  endfacet
  facet normal 4.377677e-01 -8.990881e-01 0.000000e+00
    outer loop
      vertex   8.638952e+01 -2.836990e+01 2.060000e+01
      vertex   8.489598e+01 -2.909710e+01 1.860000e+01
      vertex   8.638952e+01 -2.836990e+01 1.860000e+01
    endloop
  endfacet
  facet normal 4.912546e-01 -8.710160e-01 0.000000e+00
    outer loop
      vertex   8.638952e+01 -2.836990e+01 2.060000e+01
      vertex   8.638952e+01 -2.836990e+01 1.860000e+01
      vertex   8.783642e+01 -2.755384e+01 2.060000e+01
    endloop
  endfacet
  facet normal 4.912546e-01 -8.710160e-01 0.000000e+00
    outer loop
      vertex   8.783642e+01 -2.755384e+01 2.060000e+01
      vertex   8.638952e+01 -2.836990e+01 1.860000e+01
      vertex   8.783642e+01 -2.755384e+01 1.860000e+01
    endloop
  endfacet
  facet normal 5.429490e-01 -8.397657e-01 0.000000e+00
    outer loop
      vertex   8.783642e+01 -2.755384e+01 2.060000e+01
      vertex   8.783642e+01 -2.755384e+01 1.860000e+01
      vertex   8.923141e+01 -2.665191e+01 2.060000e+01
    endloop
  endfacet
  facet normal 5.429490e-01 -8.397657e-01 0.000000e+00
    outer loop
      vertex   8.923141e+01 -2.665191e+01 2.060000e+01
      vertex   8.783642e+01 -2.755384e+01 1.860000e+01
      vertex   8.923141e+01 -2.665191e+01 1.860000e+01
    endloop
  endfacet
  facet normal 5.926622e-01 -8.054511e-01 0.000000e+00
    outer loop
      vertex   8.923141e+01 -2.665191e+01 2.060000e+01
      vertex   8.923141e+01 -2.665191e+01 1.860000e+01
      vertex   9.056940e+01 -2.566740e+01 2.060000e+01
    endloop
  endfacet
  facet normal 5.926622e-01 -8.054511e-01 0.000000e+00
    outer loop
      vertex   9.056940e+01 -2.566740e+01 2.060000e+01
      vertex   8.923141e+01 -2.665191e+01 1.860000e+01
      vertex   9.056940e+01 -2.566740e+01 1.860000e+01
    endloop
  endfacet
  facet normal 6.402128e-01 -7.681976e-01 0.000000e+00
    outer loop
      vertex   9.056940e+01 -2.566740e+01 2.060000e+01
      vertex   9.056940e+01 -2.566740e+01 1.860000e+01
      vertex   9.184550e+01 -2.460390e+01 2.060000e+01
    endloop
  endfacet
  facet normal 6.402128e-01 -7.681976e-01 0.000000e+00
    outer loop
      vertex   9.184550e+01 -2.460390e+01 2.060000e+01
      vertex   9.056940e+01 -2.566740e+01 1.860000e+01
      vertex   9.184550e+01 -2.460390e+01 1.860000e+01
    endloop
  endfacet
  facet normal 6.854274e-01 -7.281410e-01 0.000000e+00
    outer loop
      vertex   9.184550e+01 -2.460390e+01 2.060000e+01
      vertex   9.184550e+01 -2.460390e+01 1.860000e+01
      vertex   9.305506e+01 -2.346529e+01 2.060000e+01
    endloop
  endfacet
  facet normal 6.854274e-01 -7.281410e-01 0.000000e+00
    outer loop
      vertex   9.305506e+01 -2.346529e+01 2.060000e+01
      vertex   9.184550e+01 -2.460390e+01 1.860000e+01
      vertex   9.305506e+01 -2.346529e+01 1.860000e+01
    endloop
  endfacet
  facet normal 7.281410e-01 -6.854274e-01 0.000000e+00
    outer loop
      vertex   9.305506e+01 -2.346529e+01 2.060000e+01
      vertex   9.305506e+01 -2.346529e+01 1.860000e+01
      vertex   9.419367e+01 -2.225573e+01 2.060000e+01
    endloop
  endfacet
  facet normal 7.281410e-01 -6.854274e-01 0.000000e+00
    outer loop
      vertex   9.419367e+01 -2.225573e+01 2.060000e+01
      vertex   9.305506e+01 -2.346529e+01 1.860000e+01
      vertex   9.419367e+01 -2.225573e+01 1.860000e+01
    endloop
  endfacet
  facet normal 7.681976e-01 -6.402128e-01 0.000000e+00
    outer loop
      vertex   9.419367e+01 -2.225573e+01 2.060000e+01
      vertex   9.419367e+01 -2.225573e+01 1.860000e+01
      vertex   9.525717e+01 -2.097963e+01 2.060000e+01
    endloop
  endfacet
  facet normal 7.681976e-01 -6.402128e-01 0.000000e+00
    outer loop
      vertex   9.525717e+01 -2.097963e+01 2.060000e+01
      vertex   9.419367e+01 -2.225573e+01 1.860000e+01
      vertex   9.525717e+01 -2.097963e+01 1.860000e+01
    endloop
  endfacet
  facet normal 8.054511e-01 -5.926622e-01 0.000000e+00
    outer loop
      vertex   9.525717e+01 -2.097963e+01 2.060000e+01
      vertex   9.525717e+01 -2.097963e+01 1.860000e+01
      vertex   9.624168e+01 -1.964164e+01 2.060000e+01
    endloop
  endfacet
  facet normal 8.054511e-01 -5.926622e-01 0.000000e+00
    outer loop
      vertex   9.624168e+01 -1.964164e+01 2.060000e+01
      vertex   9.525717e+01 -2.097963e+01 1.860000e+01
      vertex   9.624168e+01 -1.964164e+01 1.860000e+01
    endloop
  endfacet
  facet normal 8.397657e-01 -5.429490e-01 0.000000e+00
    outer loop
      vertex   9.624168e+01 -1.964164e+01 2.060000e+01
      vertex   9.624168e+01 -1.964164e+01 1.860000e+01
      vertex   9.714361e+01 -1.824665e+01 2.060000e+01
    endloop
  endfacet
  facet normal 8.397657e-01 -5.429490e-01 0.000000e+00
    outer loop
      vertex   9.714361e+01 -1.824665e+01 2.060000e+01
      vertex   9.624168e+01 -1.964164e+01 1.860000e+01
      vertex   9.714361e+01 -1.824665e+01 1.860000e+01
    endloop
  endfacet
  facet normal 8.710160e-01 -4.912546e-01 0.000000e+00
    outer loop
      vertex   9.714361e+01 -1.824665e+01 2.060000e+01
      vertex   9.714361e+01 -1.824665e+01 1.860000e+01
      vertex   9.795967e+01 -1.679974e+01 2.060000e+01
    endloop
  endfacet
  facet normal 8.710160e-01 -4.912546e-01 0.000000e+00
    outer loop
      vertex   9.795967e+01 -1.679974e+01 2.060000e+01
      vertex   9.714361e+01 -1.824665e+01 1.860000e+01
      vertex   9.795967e+01 -1.679974e+01 1.860000e+01
    endloop
  endfacet
  facet normal 8.990881e-01 -4.377677e-01 0.000000e+00
    outer loop
      vertex   9.795967e+01 -1.679974e+01 2.060000e+01
      vertex   9.795967e+01 -1.679974e+01 1.860000e+01
      vertex   9.868687e+01 -1.530621e+01 2.060000e+01
    endloop
  endfacet
  facet normal 8.990881e-01 -4.377677e-01 0.000000e+00
    outer loop
      vertex   9.868687e+01 -1.530621e+01 2.060000e+01
      vertex   9.795967e+01 -1.679974e+01 1.860000e+01
      vertex   9.868687e+01 -1.530621e+01 1.860000e+01
    endloop
  endfacet
  facet normal 9.238795e-01 -3.826834e-01 0.000000e+00
    outer loop
      vertex   9.868687e+01 -1.530621e+01 2.060000e+01
      vertex   9.868687e+01 -1.530621e+01 1.860000e+01
      vertex   9.932257e+01 -1.377149e+01 2.060000e+01
    endloop
  endfacet
  facet normal 9.238795e-01 -3.826834e-01 0.000000e+00
    outer loop
      vertex   9.932257e+01 -1.377149e+01 2.060000e+01
      vertex   9.868687e+01 -1.530621e+01 1.860000e+01
      vertex   9.932257e+01 -1.377149e+01 1.860000e+01
    endloop
  endfacet
  facet normal 9.452998e-01 -3.262028e-01 0.000000e+00
    outer loop
      vertex   9.932257e+01 -1.377149e+01 2.060000e+01
      vertex   9.932257e+01 -1.377149e+01 1.860000e+01
      vertex   9.986445e+01 -1.220119e+01 2.060000e+01
    endloop
  endfacet
  facet normal 9.452998e-01 -3.262028e-01 0.000000e+00
    outer loop
      vertex   9.986445e+01 -1.220119e+01 2.060000e+01
      vertex   9.932257e+01 -1.377149e+01 1.860000e+01
      vertex   9.986445e+01 -1.220119e+01 1.860000e+01
    endloop
  endfacet
  facet normal 9.632708e-01 -2.685319e-01 0.000000e+00
    outer loop
      vertex   9.986445e+01 -1.220119e+01 2.060000e+01
      vertex   9.986445e+01 -1.220119e+01 1.860000e+01
      vertex   1.003105e+02 -1.060104e+01 2.060000e+01
    endloop
  endfacet
  facet normal 9.632708e-01 -2.685319e-01 0.000000e+00
    outer loop
      vertex   1.003105e+02 -1.060104e+01 2.060000e+01
      vertex   9.986445e+01 -1.220119e+01 1.860000e+01
      vertex   1.003105e+02 -1.060104e+01 1.860000e+01
    endloop
  endfacet
  facet normal 9.777269e-01 -2.098811e-01 0.000000e+00
    outer loop
      vertex   1.003105e+02 -1.060104e+01 2.060000e+01
      vertex   1.003105e+02 -1.060104e+01 1.860000e+01
      vertex   1.006592e+02 -8.976871e+00 2.060000e+01
    endloop
  endfacet
  facet normal 9.777269e-01 -2.098811e-01 0.000000e+00
    outer loop
      vertex   1.006592e+02 -8.976871e+00 2.060000e+01
      vertex   1.003105e+02 -1.060104e+01 1.860000e+01
      vertex   1.006592e+02 -8.976871e+00 1.860000e+01
    endloop
  endfacet
  facet normal 9.886154e-01 -1.504645e-01 0.000000e+00
    outer loop
      vertex   1.006592e+02 -8.976871e+00 2.060000e+01
      vertex   1.006592e+02 -8.976871e+00 1.860000e+01
      vertex   1.009091e+02 -7.334616e+00 2.060000e+01
    endloop
  endfacet
  facet normal 9.886154e-01 -1.504645e-01 0.000000e+00
    outer loop
      vertex   1.009091e+02 -7.334616e+00 2.060000e+01
      vertex   1.006592e+02 -8.976871e+00 1.860000e+01
      vertex   1.009091e+02 -7.334616e+00 1.860000e+01
    endloop
  endfacet
  facet normal 9.958966e-01 -9.049888e-02 0.000000e+00
    outer loop
      vertex   1.009091e+02 -7.334616e+00 2.060000e+01
      vertex   1.009091e+02 -7.334616e+00 1.860000e+01
      vertex   1.010595e+02 -5.680266e+00 2.060000e+01
    endloop
  endfacet
  facet normal 9.958966e-01 -9.049888e-02 0.000000e+00
    outer loop
      vertex   1.010595e+02 -5.680266e+00 2.060000e+01
      vertex   1.009091e+02 -7.334616e+00 1.860000e+01
      vertex   1.010595e+02 -5.680266e+00 1.860000e+01
    endloop
  endfacet
  facet normal 0.000000e+00 0.000000e+00 1.000000e+00
    outer loop
      vertex   8.798809e+01 1.650090e+01 2.060000e+01
      vertex   9.056940e+01 1.762769e+01 2.060000e+01
      vertex   8.803835e+01 1.697910e+01 2.060000e+01
    endloop
  endfacet
  facet normal 0.000000e+00 0.000000e+00 1.000000e+00
    outer loop
      vertex   8.803835e+01 1.697910e+01 2.060000e+01
      vertex   9.056940e+01 1.762769e+01 2.060000e+01
      vertex   8.923141e+01 1.861220e+01 2.060000e+01
    endloop
  endfacet
  facet normal 0.000000e+00 -0.000000e+00 1.000000e+00
    outer loop
      vertex   8.803835e+01 1.697910e+01 2.060000e+01
      vertex   8.923141e+01 1.861220e+01 2.060000e+01
      vertex   8.798809e+01 1.745730e+01 2.060000e+01
    endloop
  endfacet
  facet normal 0.000000e+00 -0.000000e+00 1.000000e+00
    outer loop
      vertex   8.798809e+01 1.745730e+01 2.060000e+01
      vertex   8.923141e+01 1.861220e+01 2.060000e+01
      vertex   8.783950e+01 1.791459e+01 2.060000e+01
    endloop
  endfacet
  facet normal 0.000000e+00 -0.000000e+00 1.000000e+00
    outer loop
      vertex   8.783950e+01 1.791459e+01 2.060000e+01
      vertex   8.923141e+01 1.861220e+01 2.060000e+01
      vertex   8.759908e+01 1.833100e+01 2.060000e+01
    endloop
  endfacet
  facet normal 0.000000e+00 0.000000e+00 1.000000e+00
    outer loop
      vertex   8.759908e+01 1.833100e+01 2.060000e+01
      vertex   8.923141e+01 1.861220e+01 2.060000e+01
      vertex   8.783642e+01 1.951413e+01 2.060000e+01
    endloop
  endfacet
  facet normal 0.000000e+00 -0.000000e+00 1.000000e+00
    outer loop
      vertex   8.759908e+01 1.833100e+01 2.060000e+01
      vertex   8.783642e+01 1.951413e+01 2.060000e+01
      vertex   8.727735e+01 1.868833e+01 2.060000e+01
    endloop
  endfacet
  facet normal 0.000000e+00 -0.000000e+00 1.000000e+00
    outer loop
      vertex   8.727735e+01 1.868833e+01 2.060000e+01
      vertex   8.783642e+01 1.951413e+01 2.060000e+01
      vertex   8.688835e+01 1.897096e+01 2.060000e+01
    endloop
  endfacet
  facet normal 0.000000e+00 -0.000000e+00 1.000000e+00
    outer loop
      vertex   8.688835e+01 1.897096e+01 2.060000e+01
      vertex   8.783642e+01 1.951413e+01 2.060000e+01
      vertex   8.638952e+01 2.033018e+01 2.060000e+01
    endloop
  endfacet
  facet normal 0.000000e+00 0.000000e+00 1.000000e+00
    outer loop
      vertex   8.688835e+01 1.897096e+01 2.060000e+01
      vertex   8.638952e+01 2.033018e+01 2.060000e+01
      vertex   8.644908e+01 1.916653e+01 2.060000e+01
    endloop
  endfacet
  facet normal 0.000000e+00 0.000000e+00 1.000000e+00
    outer loop
      vertex   8.644908e+01 1.916653e+01 2.060000e+01
      vertex   8.638952e+01 2.033018e+01 2.060000e+01
      vertex   8.597876e+01 1.926650e+01 2.060000e+01
    endloop
  endfacet
  facet normal 0.000000e+00 -0.000000e+00 1.000000e+00
    outer loop
      vertex   8.597876e+01 1.926650e+01 2.060000e+01
      vertex   8.638952e+01 2.033018e+01 2.060000e+01
      vertex   8.549793e+01 1.926650e+01 2.060000e+01
    endloop
  endfacet
  facet normal 0.000000e+00 -0.000000e+00 1.000000e+00
    outer loop
      vertex   8.549793e+01 1.926650e+01 2.060000e+01
      vertex   8.638952e+01 2.033018e+01 2.060000e+01
      vertex   8.489598e+01 2.105739e+01 2.060000e+01
    endloop
  endfacet
  facet normal 0.000000e+00 0.000000e+00 1.000000e+00
    outer loop
      vertex   8.549793e+01 1.926650e+01 2.060000e+01
      vertex   8.489598e+01 2.105739e+01 2.060000e+01
      vertex   8.502761e+01 1.916653e+01 2.060000e+01
    endloop
  endfacet
  facet normal 0.000000e+00 0.000000e+00 1.000000e+00
    outer loop
      vertex   8.502761e+01 1.916653e+01 2.060000e+01
      vertex   8.489598e+01 2.105739e+01 2.060000e+01
      vertex   8.458835e+01 1.897096e+01 2.060000e+01
    endloop
  endfacet
  facet normal 0.000000e+00 -0.000000e+00 1.000000e+00
    outer loop
      vertex   8.458835e+01 1.897096e+01 2.060000e+01
      vertex   8.489598e+01 2.105739e+01 2.060000e+01
      vertex   8.336126e+01 2.169309e+01 2.060000e+01
    endloop
  endfacet
  facet normal 0.000000e+00 0.000000e+00 1.000000e+00
    outer loop
      vertex   8.458835e+01 1.897096e+01 2.060000e+01
      vertex   8.336126e+01 2.169309e+01 2.060000e+01
      vertex   8.419935e+01 1.868833e+01 2.060000e+01
    endloop
  endfacet
  facet normal 0.000000e+00 0.000000e+00 1.000000e+00
    outer loop
      vertex   8.419935e+01 1.868833e+01 2.060000e+01
      vertex   8.336126e+01 2.169309e+01 2.060000e+01
      vertex   8.387761e+01 1.833100e+01 2.060000e+01
    endloop
  endfacet
  facet normal 0.000000e+00 0.000000e+00 1.000000e+00
    outer loop
      vertex   8.387761e+01 1.833100e+01 2.060000e+01
      vertex   8.336126e+01 2.169309e+01 2.060000e+01
      vertex   8.179096e+01 2.223497e+01 2.060000e+01
    endloop
  endfacet
  facet normal 0.000000e+00 0.000000e+00 1.000000e+00
    outer loop
      vertex   8.387761e+01 1.833100e+01 2.060000e+01
      vertex   8.179096e+01 2.223497e+01 2.060000e+01
      vertex   8.363719e+01 1.791459e+01 2.060000e+01
    endloop
  endfacet
  facet normal 0.000000e+00 0.000000e+00 1.000000e+00
    outer loop
      vertex   8.363719e+01 1.791459e+01 2.060000e+01
      vertex   8.179096e+01 2.223497e+01 2.060000e+01
      vertex   8.019081e+01 2.268104e+01 2.060000e+01
    endloop
  endfacet
  facet normal 0.000000e+00 0.000000e+00 1.000000e+00
    outer loop
      vertex   8.363719e+01 1.791459e+01 2.060000e+01
      vertex   8.019081e+01 2.268104e+01 2.060000e+01
      vertex   8.348861e+01 1.745730e+01 2.060000e+01
    endloop
  endfacet
  facet normal 0.000000e+00 0.000000e+00 1.000000e+00
    outer loop
      vertex   8.348861e+01 1.745730e+01 2.060000e+01
      vertex   8.019081e+01 2.268104e+01 2.060000e+01
      vertex   7.856664e+01 2.302969e+01 2.060000e+01
    endloop
  endfacet
  facet normal 0.000000e+00 0.000000e+00 1.000000e+00
    outer loop
      vertex   8.348861e+01 1.745730e+01 2.060000e+01
      vertex   7.856664e+01 2.302969e+01 2.060000e+01
      vertex   8.343835e+01 1.697910e+01 2.060000e+01
    endloop
  endfacet
  facet normal 0.000000e+00 0.000000e+00 1.000000e+00
    outer loop
      vertex   8.343835e+01 1.697910e+01 2.060000e+01
      vertex   7.856664e+01 2.302969e+01 2.060000e+01
      vertex   7.970963e+01 1.035514e+01 2.060000e+01
    endloop
  endfacet
  facet normal 0.000000e+00 0.000000e+00 1.000000e+00
    outer loop
      vertex   8.343835e+01 1.697910e+01 2.060000e+01
      vertex   7.970963e+01 1.035514e+01 2.060000e+01
      vertex   8.348861e+01 1.650090e+01 2.060000e+01
    endloop
  endfacet
  facet normal 0.000000e+00 0.000000e+00 1.000000e+00
    outer loop
      vertex   8.348861e+01 1.650090e+01 2.060000e+01
      vertex   7.970963e+01 1.035514e+01 2.060000e+01
      vertex   8.363719e+01 1.604360e+01 2.060000e+01
    endloop
  endfacet
  facet normal 0.000000e+00 0.000000e+00 1.000000e+00
    outer loop
      vertex   8.363719e+01 1.604360e+01 2.060000e+01
      vertex   7.970963e+01 1.035514e+01 2.060000e+01
      vertex   8.387761e+01 1.562719e+01 2.060000e+01
    endloop
  endfacet
  facet normal 0.000000e+00 0.000000e+00 1.000000e+00
    outer loop
      vertex   8.387761e+01 1.562719e+01 2.060000e+01
      vertex   7.970963e+01 1.035514e+01 2.060000e+01
      vertex   8.419935e+01 1.526987e+01 2.060000e+01
    endloop
  endfacet
  facet normal 0.000000e+00 0.000000e+00 1.000000e+00
    outer loop
      vertex   8.419935e+01 1.526987e+01 2.060000e+01
      vertex   7.970963e+01 1.035514e+01 2.060000e+01
      vertex   8.458835e+01 1.498724e+01 2.060000e+01
    endloop
  endfacet
  facet normal 0.000000e+00 0.000000e+00 1.000000e+00
    outer loop
      vertex   8.458835e+01 1.498724e+01 2.060000e+01
      vertex   7.970963e+01 1.035514e+01 2.060000e+01
      vertex   8.502761e+01 1.479167e+01 2.060000e+01
    endloop
  endfacet
  facet normal 0.000000e+00 0.000000e+00 1.000000e+00
    outer loop
      vertex   8.502761e+01 1.479167e+01 2.060000e+01
      vertex   7.970963e+01 1.035514e+01 2.060000e+01
      vertex   8.549793e+01 1.469170e+01 2.060000e+01
    endloop
  endfacet
  facet normal -0.000000e+00 0.000000e+00 1.000000e+00
    outer loop
      vertex   8.549793e+01 1.469170e+01 2.060000e+01
      vertex   7.970963e+01 1.035514e+01 2.060000e+01
      vertex   8.597876e+01 1.469170e+01 2.060000e+01
    endloop
  endfacet
  facet normal 0.000000e+00 0.000000e+00 1.000000e+00
    outer loop
      vertex   8.597876e+01 1.469170e+01 2.060000e+01
      vertex   7.970963e+01 1.035514e+01 2.060000e+01
      vertex   7.970963e+01 1.955142e+00 2.060000e+01
    endloop
  endfacet
  facet normal -0.000000e+00 0.000000e+00 1.000000e+00
    outer loop
      vertex   8.597876e+01 1.469170e+01 2.060000e+01
      vertex   7.970963e+01 1.955142e+00 2.060000e+01
      vertex   8.644908e+01 1.479167e+01 2.060000e+01
    endloop
  endfacet
  facet normal 0.000000e+00 0.000000e+00 1.000000e+00
    outer loop
      vertex   8.644908e+01 1.479167e+01 2.060000e+01
      vertex   7.970963e+01 1.955142e+00 2.060000e+01
      vertex   9.714361e+01 1.020693e+01 2.060000e+01
    endloop
  endfacet
  facet normal 0.000000e+00 0.000000e+00 1.000000e+00
    outer loop
      vertex   8.644908e+01 1.479167e+01 2.060000e+01
      vertex   9.714361e+01 1.020693e+01 2.060000e+01
      vertex   9.624168e+01 1.160192e+01 2.060000e+01
    endloop
  endfacet
  facet normal -0.000000e+00 0.000000e+00 1.000000e+00
    outer loop
      vertex   8.798809e+01 1.650090e+01 2.060000e+01
      vertex   8.783950e+01 1.604360e+01 2.060000e+01
      vertex   9.056940e+01 1.762769e+01 2.060000e+01
    endloop
  endfacet
  facet normal 0.000000e+00 0.000000e+00 1.000000e+00
    outer loop
      vertex   9.056940e+01 1.762769e+01 2.060000e+01
      vertex   8.783950e+01 1.604360e+01 2.060000e+01
      vertex   9.184550e+01 1.656419e+01 2.060000e+01
    endloop
  endfacet
  facet normal 0.000000e+00 0.000000e+00 1.000000e+00
    outer loop
      vertex   9.184550e+01 1.656419e+01 2.060000e+01
      vertex   8.783950e+01 1.604360e+01 2.060000e+01
      vertex   8.759908e+01 1.562719e+01 2.060000e+01
    endloop
  endfacet
  facet normal 0.000000e+00 0.000000e+00 1.000000e+00
    outer loop
      vertex   9.184550e+01 1.656419e+01 2.060000e+01
      vertex   8.759908e+01 1.562719e+01 2.060000e+01
      vertex   9.305506e+01 1.542558e+01 2.060000e+01
    endloop
  endfacet
  facet normal 0.000000e+00 0.000000e+00 1.000000e+00
    outer loop
      vertex   9.305506e+01 1.542558e+01 2.060000e+01
      vertex   8.759908e+01 1.562719e+01 2.060000e+01
      vertex   8.727735e+01 1.526987e+01 2.060000e+01
    endloop
  endfacet
  facet normal 0.000000e+00 0.000000e+00 1.000000e+00
    outer loop
      vertex   9.305506e+01 1.542558e+01 2.060000e+01
      vertex   8.727735e+01 1.526987e+01 2.060000e+01
      vertex   9.419367e+01 1.421602e+01 2.060000e+01
    endloop
  endfacet
  facet normal 0.000000e+00 0.000000e+00 1.000000e+00
    outer loop
      vertex   9.419367e+01 1.421602e+01 2.060000e+01
      vertex   8.727735e+01 1.526987e+01 2.060000e+01
      vertex   8.688835e+01 1.498724e+01 2.060000e+01
    endloop
  endfacet
  facet normal 0.000000e+00 0.000000e+00 1.000000e+00
    outer loop
      vertex   9.419367e+01 1.421602e+01 2.060000e+01
      vertex   8.688835e+01 1.498724e+01 2.060000e+01
      vertex   9.525717e+01 1.293991e+01 2.060000e+01
    endloop
  endfacet
  facet normal 0.000000e+00 0.000000e+00 1.000000e+00
    outer loop
      vertex   9.525717e+01 1.293991e+01 2.060000e+01
      vertex   8.688835e+01 1.498724e+01 2.060000e+01
      vertex   8.644908e+01 1.479167e+01 2.060000e+01
    endloop
  endfacet
  facet normal 0.000000e+00 0.000000e+00 1.000000e+00
    outer loop
      vertex   9.525717e+01 1.293991e+01 2.060000e+01
      vertex   8.644908e+01 1.479167e+01 2.060000e+01
      vertex   9.624168e+01 1.160192e+01 2.060000e+01
    endloop
  endfacet
  facet normal -0.000000e+00 0.000000e+00 1.000000e+00
    outer loop
      vertex   6.373810e+01 1.650520e+01 2.060000e+01
      vertex   6.750963e+01 1.035514e+01 2.060000e+01
      vertex   6.378836e+01 1.698340e+01 2.060000e+01
    endloop
  endfacet
  facet normal -0.000000e+00 0.000000e+00 1.000000e+00
    outer loop
      vertex   6.378836e+01 1.698340e+01 2.060000e+01
      vertex   6.750963e+01 1.035514e+01 2.060000e+01
      vertex   6.865261e+01 2.302969e+01 2.060000e+01
    endloop
  endfacet
  facet normal 0.000000e+00 -0.000000e+00 1.000000e+00
    outer loop
      vertex   6.378836e+01 1.698340e+01 2.060000e+01
      vertex   6.865261e+01 2.302969e+01 2.060000e+01
      vertex   6.373810e+01 1.746159e+01 2.060000e+01
    endloop
  endfacet
  facet normal 0.000000e+00 0.000000e+00 1.000000e+00
    outer loop
      vertex   6.373810e+01 1.746159e+01 2.060000e+01
      vertex   6.865261e+01 2.302969e+01 2.060000e+01
      vertex   6.702845e+01 2.268104e+01 2.060000e+01
    endloop
  endfacet
  facet normal 0.000000e+00 -0.000000e+00 1.000000e+00
    outer loop
      vertex   6.373810e+01 1.746159e+01 2.060000e+01
      vertex   6.702845e+01 2.268104e+01 2.060000e+01
      vertex   6.358951e+01 1.791889e+01 2.060000e+01
    endloop
  endfacet
  facet normal 0.000000e+00 0.000000e+00 1.000000e+00
    outer loop
      vertex   6.358951e+01 1.791889e+01 2.060000e+01
      vertex   6.702845e+01 2.268104e+01 2.060000e+01
      vertex   6.542829e+01 2.223497e+01 2.060000e+01
    endloop
  endfacet
  facet normal 0.000000e+00 -0.000000e+00 1.000000e+00
    outer loop
      vertex   6.358951e+01 1.791889e+01 2.060000e+01
      vertex   6.542829e+01 2.223497e+01 2.060000e+01
      vertex   6.334910e+01 1.833530e+01 2.060000e+01
    endloop
  endfacet
  facet normal 0.000000e+00 0.000000e+00 1.000000e+00
    outer loop
      vertex   6.334910e+01 1.833530e+01 2.060000e+01
      vertex   6.542829e+01 2.223497e+01 2.060000e+01
      vertex   6.385799e+01 2.169309e+01 2.060000e+01
    endloop
  endfacet
  facet normal 0.000000e+00 -0.000000e+00 1.000000e+00
    outer loop
      vertex   6.334910e+01 1.833530e+01 2.060000e+01
      vertex   6.385799e+01 2.169309e+01 2.060000e+01
      vertex   6.302736e+01 1.869263e+01 2.060000e+01
    endloop
  endfacet
  facet normal 0.000000e+00 -0.000000e+00 1.000000e+00
    outer loop
      vertex   6.302736e+01 1.869263e+01 2.060000e+01
      vertex   6.385799e+01 2.169309e+01 2.060000e+01
      vertex   6.263836e+01 1.897526e+01 2.060000e+01
    endloop
  endfacet
  facet normal 0.000000e+00 -0.000000e+00 1.000000e+00
    outer loop
      vertex   6.263836e+01 1.897526e+01 2.060000e+01
      vertex   6.385799e+01 2.169309e+01 2.060000e+01
      vertex   6.232328e+01 2.105739e+01 2.060000e+01
    endloop
  endfacet
  facet normal 0.000000e+00 0.000000e+00 1.000000e+00
    outer loop
      vertex   6.263836e+01 1.897526e+01 2.060000e+01
      vertex   6.232328e+01 2.105739e+01 2.060000e+01
      vertex   6.219910e+01 1.917083e+01 2.060000e+01
    endloop
  endfacet
  facet normal 0.000000e+00 -0.000000e+00 1.000000e+00
    outer loop
      vertex   6.219910e+01 1.917083e+01 2.060000e+01
      vertex   6.232328e+01 2.105739e+01 2.060000e+01
      vertex   6.172877e+01 1.927080e+01 2.060000e+01
    endloop
  endfacet
  facet normal 0.000000e+00 -0.000000e+00 1.000000e+00
    outer loop
      vertex   6.172877e+01 1.927080e+01 2.060000e+01
      vertex   6.232328e+01 2.105739e+01 2.060000e+01
      vertex   6.082974e+01 2.033018e+01 2.060000e+01
    endloop
  endfacet
  facet normal 0.000000e+00 0.000000e+00 1.000000e+00
    outer loop
      vertex   6.172877e+01 1.927080e+01 2.060000e+01
      vertex   6.082974e+01 2.033018e+01 2.060000e+01
      vertex   6.124794e+01 1.927080e+01 2.060000e+01
    endloop
  endfacet
  facet normal 0.000000e+00 0.000000e+00 1.000000e+00
    outer loop
      vertex   6.124794e+01 1.927080e+01 2.060000e+01
      vertex   6.082974e+01 2.033018e+01 2.060000e+01
      vertex   6.077762e+01 1.917083e+01 2.060000e+01
    endloop
  endfacet
  facet normal 0.000000e+00 -0.000000e+00 1.000000e+00
    outer loop
      vertex   6.077762e+01 1.917083e+01 2.060000e+01
      vertex   6.082974e+01 2.033018e+01 2.060000e+01
      vertex   6.033836e+01 1.897526e+01 2.060000e+01
    endloop
  endfacet
  facet normal 0.000000e+00 -0.000000e+00 1.000000e+00
    outer loop
      vertex   6.033836e+01 1.897526e+01 2.060000e+01
      vertex   6.082974e+01 2.033018e+01 2.060000e+01
      vertex   5.938284e+01 1.951413e+01 2.060000e+01
    endloop
  endfacet
  facet normal 0.000000e+00 0.000000e+00 1.000000e+00
    outer loop
      vertex   6.033836e+01 1.897526e+01 2.060000e+01
      vertex   5.938284e+01 1.951413e+01 2.060000e+01
      vertex   5.994936e+01 1.869263e+01 2.060000e+01
    endloop
  endfacet
  facet normal 0.000000e+00 0.000000e+00 1.000000e+00
    outer loop
      vertex   5.994936e+01 1.869263e+01 2.060000e+01
      vertex   5.938284e+01 1.951413e+01 2.060000e+01
      vertex   5.962762e+01 1.833530e+01 2.060000e+01
    endloop
  endfacet
  facet normal 0.000000e+00 0.000000e+00 1.000000e+00
    outer loop
      vertex   5.962762e+01 1.833530e+01 2.060000e+01
      vertex   5.938284e+01 1.951413e+01 2.060000e+01
      vertex   5.798785e+01 1.861220e+01 2.060000e+01
    endloop
  endfacet
  facet normal 0.000000e+00 0.000000e+00 1.000000e+00
    outer loop
      vertex   5.962762e+01 1.833530e+01 2.060000e+01
      vertex   5.798785e+01 1.861220e+01 2.060000e+01
      vertex   5.938720e+01 1.791889e+01 2.060000e+01
    endloop
  endfacet
  facet normal 0.000000e+00 0.000000e+00 1.000000e+00
    outer loop
      vertex   5.938720e+01 1.791889e+01 2.060000e+01
      vertex   5.798785e+01 1.861220e+01 2.060000e+01
      vertex   5.923862e+01 1.746159e+01 2.060000e+01
    endloop
  endfacet
  facet normal 0.000000e+00 0.000000e+00 1.000000e+00
    outer loop
      vertex   5.923862e+01 1.746159e+01 2.060000e+01
      vertex   5.798785e+01 1.861220e+01 2.060000e+01
      vertex   5.918836e+01 1.698340e+01 2.060000e+01
    endloop
  endfacet
  facet normal 0.000000e+00 0.000000e+00 1.000000e+00
    outer loop
      vertex   5.918836e+01 1.698340e+01 2.060000e+01
      vertex   5.798785e+01 1.861220e+01 2.060000e+01
      vertex   5.664986e+01 1.762769e+01 2.060000e+01
    endloop
  endfacet
  facet normal 0.000000e+00 0.000000e+00 1.000000e+00
    outer loop
      vertex   5.918836e+01 1.698340e+01 2.060000e+01
      vertex   5.664986e+01 1.762769e+01 2.060000e+01
      vertex   5.923862e+01 1.650520e+01 2.060000e+01
    endloop
  endfacet
  facet normal 0.000000e+00 0.000000e+00 1.000000e+00
    outer loop
      vertex   5.923862e+01 1.650520e+01 2.060000e+01
      vertex   5.664986e+01 1.762769e+01 2.060000e+01
      vertex   5.938720e+01 1.604790e+01 2.060000e+01
    endloop
  endfacet
  facet normal 0.000000e+00 0.000000e+00 1.000000e+00
    outer loop
      vertex   5.938720e+01 1.604790e+01 2.060000e+01
      vertex   5.664986e+01 1.762769e+01 2.060000e+01
      vertex   5.537375e+01 1.656419e+01 2.060000e+01
    endloop
  endfacet
  facet normal 0.000000e+00 0.000000e+00 1.000000e+00
    outer loop
      vertex   5.938720e+01 1.604790e+01 2.060000e+01
      vertex   5.537375e+01 1.656419e+01 2.060000e+01
      vertex   5.962762e+01 1.563149e+01 2.060000e+01
    endloop
  endfacet
  facet normal 0.000000e+00 0.000000e+00 1.000000e+00
    outer loop
      vertex   5.962762e+01 1.563149e+01 2.060000e+01
      vertex   5.537375e+01 1.656419e+01 2.060000e+01
      vertex   5.416419e+01 1.542558e+01 2.060000e+01
    endloop
  endfacet
  facet normal 0.000000e+00 0.000000e+00 1.000000e+00
    outer loop
      vertex   5.962762e+01 1.563149e+01 2.060000e+01
      vertex   5.416419e+01 1.542558e+01 2.060000e+01
      vertex   5.994936e+01 1.527416e+01 2.060000e+01
    endloop
  endfacet
  facet normal 0.000000e+00 0.000000e+00 1.000000e+00
    outer loop
      vertex   5.994936e+01 1.527416e+01 2.060000e+01
      vertex   5.416419e+01 1.542558e+01 2.060000e+01
      vertex   5.302558e+01 1.421602e+01 2.060000e+01
    endloop
  endfacet
  facet normal 0.000000e+00 0.000000e+00 1.000000e+00
    outer loop
      vertex   5.994936e+01 1.527416e+01 2.060000e+01
      vertex   5.302558e+01 1.421602e+01 2.060000e+01
      vertex   6.033836e+01 1.499154e+01 2.060000e+01
    endloop
  endfacet
  facet normal 0.000000e+00 0.000000e+00 1.000000e+00
    outer loop
      vertex   6.033836e+01 1.499154e+01 2.060000e+01
      vertex   5.302558e+01 1.421602e+01 2.060000e+01
      vertex   5.196208e+01 1.293991e+01 2.060000e+01
    endloop
  endfacet
  facet normal 0.000000e+00 0.000000e+00 1.000000e+00
    outer loop
      vertex   6.033836e+01 1.499154e+01 2.060000e+01
      vertex   5.196208e+01 1.293991e+01 2.060000e+01
      vertex   6.077762e+01 1.479597e+01 2.060000e+01
    endloop
  endfacet
  facet normal 0.000000e+00 0.000000e+00 1.000000e+00
    outer loop
      vertex   6.077762e+01 1.479597e+01 2.060000e+01
      vertex   5.196208e+01 1.293991e+01 2.060000e+01
      vertex   5.097757e+01 1.160192e+01 2.060000e+01
    endloop
  endfacet
  facet normal 0.000000e+00 0.000000e+00 1.000000e+00
    outer loop
      vertex   6.077762e+01 1.479597e+01 2.060000e+01
      vertex   5.097757e+01 1.160192e+01 2.060000e+01
      vertex   5.007564e+01 1.020693e+01 2.060000e+01
    endloop
  endfacet
  facet normal 0.000000e+00 0.000000e+00 1.000000e+00
    outer loop
      vertex   6.373810e+01 1.650520e+01 2.060000e+01
      vertex   6.358951e+01 1.604790e+01 2.060000e+01
      vertex   6.750963e+01 1.035514e+01 2.060000e+01
    endloop
  endfacet
  facet normal 0.000000e+00 0.000000e+00 1.000000e+00
    outer loop
      vertex   6.750963e+01 1.035514e+01 2.060000e+01
      vertex   6.358951e+01 1.604790e+01 2.060000e+01
      vertex   6.334910e+01 1.563149e+01 2.060000e+01
    endloop
  endfacet
  facet normal 0.000000e+00 0.000000e+00 1.000000e+00
    outer loop
      vertex   6.750963e+01 1.035514e+01 2.060000e+01
      vertex   6.334910e+01 1.563149e+01 2.060000e+01
      vertex   6.302736e+01 1.527416e+01 2.060000e+01
    endloop
  endfacet
  facet normal 0.000000e+00 0.000000e+00 1.000000e+00
    outer loop
      vertex   6.302736e+01 1.527416e+01 2.060000e+01
      vertex   6.263836e+01 1.499154e+01 2.060000e+01
      vertex   6.750963e+01 1.035514e+01 2.060000e+01
    endloop
  endfacet
  facet normal 0.000000e+00 0.000000e+00 1.000000e+00
    outer loop
      vertex   6.750963e+01 1.035514e+01 2.060000e+01
      vertex   6.263836e+01 1.499154e+01 2.060000e+01
      vertex   6.219910e+01 1.479597e+01 2.060000e+01
    endloop
  endfacet
  facet normal 0.000000e+00 0.000000e+00 1.000000e+00
    outer loop
      vertex   6.750963e+01 1.035514e+01 2.060000e+01
      vertex   6.219910e+01 1.479597e+01 2.060000e+01
      vertex   6.172877e+01 1.469600e+01 2.060000e+01
    endloop
  endfacet
  facet normal 0.000000e+00 0.000000e+00 1.000000e+00
    outer loop
      vertex   6.172877e+01 1.469600e+01 2.060000e+01
      vertex   6.124794e+01 1.469600e+01 2.060000e+01
      vertex   6.750963e+01 1.035514e+01 2.060000e+01
    endloop
  endfacet
  facet normal 0.000000e+00 0.000000e+00 1.000000e+00
    outer loop
      vertex   6.750963e+01 1.035514e+01 2.060000e+01
      vertex   6.124794e+01 1.469600e+01 2.060000e+01
      vertex   6.750963e+01 1.955142e+00 2.060000e+01
    endloop
  endfacet
  facet normal 0.000000e+00 0.000000e+00 1.000000e+00
    outer loop
      vertex   6.750963e+01 1.955142e+00 2.060000e+01
      vertex   6.124794e+01 1.469600e+01 2.060000e+01
      vertex   6.077762e+01 1.479597e+01 2.060000e+01
    endloop
  endfacet
  facet normal 0.000000e+00 0.000000e+00 1.000000e+00
    outer loop
      vertex   6.750963e+01 1.955142e+00 2.060000e+01
      vertex   6.077762e+01 1.479597e+01 2.060000e+01
      vertex   5.007564e+01 1.020693e+01 2.060000e+01
    endloop
  endfacet
  facet normal -0.000000e+00 0.000000e+00 1.000000e+00
    outer loop
      vertex   5.160938e+01 -3.537361e+00 2.060000e+01
      vertex   5.165964e+01 -4.015558e+00 2.060000e+01
      vertex   6.750963e+01 1.955142e+00 2.060000e+01
    endloop
  endfacet
  facet normal 0.000000e+00 0.000000e+00 1.000000e+00
    outer loop
      vertex   6.750963e+01 1.955142e+00 2.060000e+01
      vertex   5.165964e+01 -4.015558e+00 2.060000e+01
      vertex   5.160938e+01 -4.493755e+00 2.060000e+01
    endloop
  endfacet
  facet normal 0.000000e+00 0.000000e+00 1.000000e+00
    outer loop
      vertex   6.750963e+01 1.955142e+00 2.060000e+01
      vertex   5.160938e+01 -4.493755e+00 2.060000e+01
      vertex   6.700963e+01 -1.289486e+01 2.060000e+01
    endloop
  endfacet
  facet normal 0.000000e+00 0.000000e+00 1.000000e+00
    outer loop
      vertex   6.700963e+01 -1.289486e+01 2.060000e+01
      vertex   5.160938e+01 -4.493755e+00 2.060000e+01
      vertex   5.146079e+01 -4.951053e+00 2.060000e+01
    endloop
  endfacet
  facet normal 0.000000e+00 0.000000e+00 1.000000e+00
    outer loop
      vertex   6.700963e+01 -1.289486e+01 2.060000e+01
      vertex   5.146079e+01 -4.951053e+00 2.060000e+01
      vertex   5.122038e+01 -5.367464e+00 2.060000e+01
    endloop
  endfacet
  facet normal 0.000000e+00 0.000000e+00 1.000000e+00
    outer loop
      vertex   5.122038e+01 -5.367464e+00 2.060000e+01
      vertex   5.089864e+01 -5.724791e+00 2.060000e+01
      vertex   6.700963e+01 -1.289486e+01 2.060000e+01
    endloop
  endfacet
  facet normal 0.000000e+00 0.000000e+00 1.000000e+00
    outer loop
      vertex   6.700963e+01 -1.289486e+01 2.060000e+01
      vertex   5.089864e+01 -5.724791e+00 2.060000e+01
      vertex   4.925959e+01 -1.679974e+01 2.060000e+01
    endloop
  endfacet
  facet normal 0.000000e+00 0.000000e+00 1.000000e+00
    outer loop
      vertex   6.700963e+01 -1.289486e+01 2.060000e+01
      vertex   4.925959e+01 -1.679974e+01 2.060000e+01
      vertex   5.007564e+01 -1.824665e+01 2.060000e+01
    endloop
  endfacet
  facet normal 0.000000e+00 -0.000000e+00 1.000000e+00
    outer loop
      vertex   4.925959e+01 -1.679974e+01 2.060000e+01
      vertex   5.089864e+01 -5.724791e+00 2.060000e+01
      vertex   4.853238e+01 -1.530621e+01 2.060000e+01
    endloop
  endfacet
  facet normal 0.000000e+00 0.000000e+00 1.000000e+00
    outer loop
      vertex   4.853238e+01 -1.530621e+01 2.060000e+01
      vertex   5.089864e+01 -5.724791e+00 2.060000e+01
      vertex   5.050964e+01 -6.007417e+00 2.060000e+01
    endloop
  endfacet
  facet normal 0.000000e+00 -0.000000e+00 1.000000e+00
    outer loop
      vertex   4.853238e+01 -1.530621e+01 2.060000e+01
      vertex   5.050964e+01 -6.007417e+00 2.060000e+01
      vertex   4.789668e+01 -1.377149e+01 2.060000e+01
    endloop
  endfacet
  facet normal 0.000000e+00 -0.000000e+00 1.000000e+00
    outer loop
      vertex   4.789668e+01 -1.377149e+01 2.060000e+01
      vertex   5.050964e+01 -6.007417e+00 2.060000e+01
      vertex   4.735480e+01 -1.220119e+01 2.060000e+01
    endloop
  endfacet
  facet normal 0.000000e+00 0.000000e+00 1.000000e+00
    outer loop
      vertex   4.735480e+01 -1.220119e+01 2.060000e+01
      vertex   5.050964e+01 -6.007417e+00 2.060000e+01
      vertex   5.007038e+01 -6.202988e+00 2.060000e+01
    endloop
  endfacet
  facet normal 0.000000e+00 -0.000000e+00 1.000000e+00
    outer loop
      vertex   4.735480e+01 -1.220119e+01 2.060000e+01
      vertex   5.007038e+01 -6.202988e+00 2.060000e+01
      vertex   4.690873e+01 -1.060104e+01 2.060000e+01
    endloop
  endfacet
  facet normal 0.000000e+00 0.000000e+00 1.000000e+00
    outer loop
      vertex   4.690873e+01 -1.060104e+01 2.060000e+01
      vertex   5.007038e+01 -6.202988e+00 2.060000e+01
      vertex   4.960006e+01 -6.302959e+00 2.060000e+01
    endloop
  endfacet
  facet normal 0.000000e+00 -0.000000e+00 1.000000e+00
    outer loop
      vertex   4.690873e+01 -1.060104e+01 2.060000e+01
      vertex   4.960006e+01 -6.302959e+00 2.060000e+01
      vertex   4.656008e+01 -8.976871e+00 2.060000e+01
    endloop
  endfacet
  facet normal 0.000000e+00 0.000000e+00 1.000000e+00
    outer loop
      vertex   4.656008e+01 -8.976871e+00 2.060000e+01
      vertex   4.960006e+01 -6.302959e+00 2.060000e+01
      vertex   4.911922e+01 -6.302959e+00 2.060000e+01
    endloop
  endfacet
  facet normal 0.000000e+00 0.000000e+00 1.000000e+00
    outer loop
      vertex   4.656008e+01 -8.976871e+00 2.060000e+01
      vertex   4.911922e+01 -6.302959e+00 2.060000e+01
      vertex   4.864890e+01 -6.202988e+00 2.060000e+01
    endloop
  endfacet
  facet normal 0.000000e+00 -0.000000e+00 1.000000e+00
    outer loop
      vertex   4.656008e+01 -8.976871e+00 2.060000e+01
      vertex   4.864890e+01 -6.202988e+00 2.060000e+01
      vertex   4.631013e+01 -7.334616e+00 2.060000e+01
    endloop
  endfacet
  facet normal 0.000000e+00 0.000000e+00 1.000000e+00
    outer loop
      vertex   4.631013e+01 -7.334616e+00 2.060000e+01
      vertex   4.864890e+01 -6.202988e+00 2.060000e+01
      vertex   4.820964e+01 -6.007417e+00 2.060000e+01
    endloop
  endfacet
  facet normal 0.000000e+00 0.000000e+00 1.000000e+00
    outer loop
      vertex   4.631013e+01 -7.334616e+00 2.060000e+01
      vertex   4.820964e+01 -6.007417e+00 2.060000e+01
      vertex   4.782064e+01 -5.724791e+00 2.060000e+01
    endloop
  endfacet
  facet normal 0.000000e+00 -0.000000e+00 1.000000e+00
    outer loop
      vertex   4.631013e+01 -7.334616e+00 2.060000e+01
      vertex   4.782064e+01 -5.724791e+00 2.060000e+01
      vertex   4.615980e+01 -5.680266e+00 2.060000e+01
    endloop
  endfacet
  facet normal -0.000000e+00 0.000000e+00 1.000000e+00
    outer loop
      vertex   4.615980e+01 -5.680266e+00 2.060000e+01
      vertex   4.782064e+01 -5.724791e+00 2.060000e+01
      vertex   4.749890e+01 -5.367464e+00 2.060000e+01
    endloop
  endfacet
  facet normal 0.000000e+00 0.000000e+00 1.000000e+00
    outer loop
      vertex   4.615980e+01 -5.680266e+00 2.060000e+01
      vertex   4.749890e+01 -5.367464e+00 2.060000e+01
      vertex   4.725849e+01 -4.951053e+00 2.060000e+01
    endloop
  endfacet
  facet normal 0.000000e+00 0.000000e+00 1.000000e+00
    outer loop
      vertex   4.725849e+01 -4.951053e+00 2.060000e+01
      vertex   4.710990e+01 -4.493755e+00 2.060000e+01
      vertex   4.615980e+01 -5.680266e+00 2.060000e+01
    endloop
  endfacet
  facet normal 0.000000e+00 -0.000000e+00 1.000000e+00
    outer loop
      vertex   4.615980e+01 -5.680266e+00 2.060000e+01
      vertex   4.710990e+01 -4.493755e+00 2.060000e+01
      vertex   4.610963e+01 -4.019858e+00 2.060000e+01
    endloop
  endfacet
  facet normal -0.000000e+00 0.000000e+00 1.000000e+00
    outer loop
      vertex   4.610963e+01 -4.019858e+00 2.060000e+01
      vertex   4.710990e+01 -4.493755e+00 2.060000e+01
      vertex   4.705964e+01 -4.015558e+00 2.060000e+01
    endloop
  endfacet
  facet normal 0.000000e+00 0.000000e+00 1.000000e+00
    outer loop
      vertex   4.610963e+01 -4.019858e+00 2.060000e+01
      vertex   4.705964e+01 -4.015558e+00 2.060000e+01
      vertex   4.710990e+01 -3.537361e+00 2.060000e+01
    endloop
  endfacet
  facet normal 0.000000e+00 0.000000e+00 1.000000e+00
    outer loop
      vertex   4.610963e+01 -4.019858e+00 2.060000e+01
      vertex   4.710990e+01 -3.537361e+00 2.060000e+01
      vertex   4.615980e+01 -2.359449e+00 2.060000e+01
    endloop
  endfacet
  facet normal 0.000000e+00 0.000000e+00 1.000000e+00
    outer loop
      vertex   4.615980e+01 -2.359449e+00 2.060000e+01
      vertex   4.710990e+01 -3.537361e+00 2.060000e+01
      vertex   4.725849e+01 -3.080064e+00 2.060000e+01
    endloop
  endfacet
  facet normal 0.000000e+00 0.000000e+00 1.000000e+00
    outer loop
      vertex   4.615980e+01 -2.359449e+00 2.060000e+01
      vertex   4.725849e+01 -3.080064e+00 2.060000e+01
      vertex   4.749890e+01 -2.663652e+00 2.060000e+01
    endloop
  endfacet
  facet normal 0.000000e+00 -0.000000e+00 1.000000e+00
    outer loop
      vertex   4.749890e+01 -2.663652e+00 2.060000e+01
      vertex   4.782064e+01 -2.306325e+00 2.060000e+01
      vertex   4.615980e+01 -2.359449e+00 2.060000e+01
    endloop
  endfacet
  facet normal 0.000000e+00 0.000000e+00 1.000000e+00
    outer loop
      vertex   4.615980e+01 -2.359449e+00 2.060000e+01
      vertex   4.782064e+01 -2.306325e+00 2.060000e+01
      vertex   4.631013e+01 -7.050990e-01 2.060000e+01
    endloop
  endfacet
  facet normal 0.000000e+00 0.000000e+00 1.000000e+00
    outer loop
      vertex   4.631013e+01 -7.050990e-01 2.060000e+01
      vertex   4.782064e+01 -2.306325e+00 2.060000e+01
      vertex   4.820964e+01 -2.023700e+00 2.060000e+01
    endloop
  endfacet
  facet normal 0.000000e+00 0.000000e+00 1.000000e+00
    outer loop
      vertex   4.631013e+01 -7.050990e-01 2.060000e+01
      vertex   4.820964e+01 -2.023700e+00 2.060000e+01
      vertex   4.864890e+01 -1.828128e+00 2.060000e+01
    endloop
  endfacet
  facet normal -0.000000e+00 0.000000e+00 1.000000e+00
    outer loop
      vertex   4.631013e+01 -7.050990e-01 2.060000e+01
      vertex   4.864890e+01 -1.828128e+00 2.060000e+01
      vertex   4.656008e+01 9.371558e-01 2.060000e+01
    endloop
  endfacet
  facet normal 0.000000e+00 0.000000e+00 1.000000e+00
    outer loop
      vertex   4.656008e+01 9.371558e-01 2.060000e+01
      vertex   4.864890e+01 -1.828128e+00 2.060000e+01
      vertex   4.911922e+01 -1.728158e+00 2.060000e+01
    endloop
  endfacet
  facet normal 0.000000e+00 0.000000e+00 1.000000e+00
    outer loop
      vertex   4.656008e+01 9.371558e-01 2.060000e+01
      vertex   4.911922e+01 -1.728158e+00 2.060000e+01
      vertex   4.960006e+01 -1.728158e+00 2.060000e+01
    endloop
  endfacet
  facet normal -0.000000e+00 0.000000e+00 1.000000e+00
    outer loop
      vertex   4.656008e+01 9.371558e-01 2.060000e+01
      vertex   4.960006e+01 -1.728158e+00 2.060000e+01
      vertex   4.690873e+01 2.561323e+00 2.060000e+01
    endloop
  endfacet
  facet normal 0.000000e+00 0.000000e+00 1.000000e+00
    outer loop
      vertex   4.690873e+01 2.561323e+00 2.060000e+01
      vertex   4.960006e+01 -1.728158e+00 2.060000e+01
      vertex   5.007038e+01 -1.828128e+00 2.060000e+01
    endloop
  endfacet
  facet normal -0.000000e+00 0.000000e+00 1.000000e+00
    outer loop
      vertex   4.690873e+01 2.561323e+00 2.060000e+01
      vertex   5.007038e+01 -1.828128e+00 2.060000e+01
      vertex   4.735480e+01 4.161476e+00 2.060000e+01
    endloop
  endfacet
  facet normal 0.000000e+00 0.000000e+00 1.000000e+00
    outer loop
      vertex   4.735480e+01 4.161476e+00 2.060000e+01
      vertex   5.007038e+01 -1.828128e+00 2.060000e+01
      vertex   5.050964e+01 -2.023700e+00 2.060000e+01
    endloop
  endfacet
  facet normal -0.000000e+00 0.000000e+00 1.000000e+00
    outer loop
      vertex   4.735480e+01 4.161476e+00 2.060000e+01
      vertex   5.050964e+01 -2.023700e+00 2.060000e+01
      vertex   4.789668e+01 5.731777e+00 2.060000e+01
    endloop
  endfacet
  facet normal -0.000000e+00 0.000000e+00 1.000000e+00
    outer loop
      vertex   4.789668e+01 5.731777e+00 2.060000e+01
      vertex   5.050964e+01 -2.023700e+00 2.060000e+01
      vertex   4.853238e+01 7.266494e+00 2.060000e+01
    endloop
  endfacet
  facet normal 0.000000e+00 0.000000e+00 1.000000e+00
    outer loop
      vertex   4.853238e+01 7.266494e+00 2.060000e+01
      vertex   5.050964e+01 -2.023700e+00 2.060000e+01
      vertex   5.089864e+01 -2.306325e+00 2.060000e+01
    endloop
  endfacet
  facet normal -0.000000e+00 0.000000e+00 1.000000e+00
    outer loop
      vertex   4.853238e+01 7.266494e+00 2.060000e+01
      vertex   5.089864e+01 -2.306325e+00 2.060000e+01
      vertex   4.925959e+01 8.760030e+00 2.060000e+01
    endloop
  endfacet
  facet normal 0.000000e+00 0.000000e+00 1.000000e+00
    outer loop
      vertex   4.925959e+01 8.760030e+00 2.060000e+01
      vertex   5.089864e+01 -2.306325e+00 2.060000e+01
      vertex   6.750963e+01 1.955142e+00 2.060000e+01
    endloop
  endfacet
  facet normal -0.000000e+00 0.000000e+00 1.000000e+00
    outer loop
      vertex   4.925959e+01 8.760030e+00 2.060000e+01
      vertex   6.750963e+01 1.955142e+00 2.060000e+01
      vertex   5.007564e+01 1.020693e+01 2.060000e+01
    endloop
  endfacet
  facet normal -0.000000e+00 0.000000e+00 1.000000e+00
    outer loop
      vertex   5.089864e+01 -2.306325e+00 2.060000e+01
      vertex   5.122038e+01 -2.663652e+00 2.060000e+01
      vertex   6.750963e+01 1.955142e+00 2.060000e+01
    endloop
  endfacet
  facet normal 0.000000e+00 0.000000e+00 1.000000e+00
    outer loop
      vertex   6.750963e+01 1.955142e+00 2.060000e+01
      vertex   5.122038e+01 -2.663652e+00 2.060000e+01
      vertex   5.146079e+01 -3.080064e+00 2.060000e+01
    endloop
  endfacet
  facet normal 0.000000e+00 0.000000e+00 1.000000e+00
    outer loop
      vertex   6.750963e+01 1.955142e+00 2.060000e+01
      vertex   5.146079e+01 -3.080064e+00 2.060000e+01
      vertex   5.160938e+01 -3.537361e+00 2.060000e+01
    endloop
  endfacet
  facet normal 0.000000e+00 0.000000e+00 1.000000e+00
    outer loop
      vertex   7.970963e+01 1.035514e+01 2.060000e+01
      vertex   7.360963e+01 2.348014e+01 2.060000e+01
      vertex   6.750963e+01 1.035514e+01 2.060000e+01
    endloop
  endfacet
  facet normal 0.000000e+00 0.000000e+00 1.000000e+00
    outer loop
      vertex   6.750963e+01 1.035514e+01 2.060000e+01
      vertex   7.360963e+01 2.348014e+01 2.060000e+01
      vertex   7.194922e+01 2.342997e+01 2.060000e+01
    endloop
  endfacet
  facet normal 0.000000e+00 0.000000e+00 1.000000e+00
    outer loop
      vertex   6.750963e+01 1.035514e+01 2.060000e+01
      vertex   7.194922e+01 2.342997e+01 2.060000e+01
      vertex   7.029487e+01 2.327964e+01 2.060000e+01
    endloop
  endfacet
  facet normal 0.000000e+00 0.000000e+00 1.000000e+00
    outer loop
      vertex   7.970963e+01 -1.289486e+01 2.060000e+01
      vertex   8.020963e+01 -1.289486e+01 2.060000e+01
      vertex   7.970963e+01 1.955142e+00 2.060000e+01
    endloop
  endfacet
  facet normal 0.000000e+00 0.000000e+00 1.000000e+00
    outer loop
      vertex   7.970963e+01 1.955142e+00 2.060000e+01
      vertex   8.020963e+01 -1.289486e+01 2.060000e+01
      vertex   9.555962e+01 -4.024157e+00 2.060000e+01
    endloop
  endfacet
  facet normal 0.000000e+00 0.000000e+00 1.000000e+00
    outer loop
      vertex   7.970963e+01 1.955142e+00 2.060000e+01
      vertex   9.555962e+01 -4.024157e+00 2.060000e+01
      vertex   9.560988e+01 -3.545960e+00 2.060000e+01
    endloop
  endfacet
  facet normal -0.000000e+00 0.000000e+00 1.000000e+00
    outer loop
      vertex   8.020963e+01 -1.639486e+01 2.060000e+01
      vertex   9.624168e+01 -1.964164e+01 2.060000e+01
      vertex   8.020963e+01 -1.289486e+01 2.060000e+01
    endloop
  endfacet
  facet normal 0.000000e+00 0.000000e+00 1.000000e+00
    outer loop
      vertex   8.020963e+01 -1.289486e+01 2.060000e+01
      vertex   9.624168e+01 -1.964164e+01 2.060000e+01
      vertex   9.714361e+01 -1.824665e+01 2.060000e+01
    endloop
  endfacet
  facet normal 0.000000e+00 0.000000e+00 1.000000e+00
    outer loop
      vertex   8.020963e+01 -1.289486e+01 2.060000e+01
      vertex   9.714361e+01 -1.824665e+01 2.060000e+01
      vertex   9.795967e+01 -1.679974e+01 2.060000e+01
    endloop
  endfacet
  facet normal 0.000000e+00 0.000000e+00 1.000000e+00
    outer loop
      vertex   6.700963e+01 -1.639486e+01 2.060000e+01
      vertex   7.360963e+01 -3.151986e+01 2.060000e+01
      vertex   8.020963e+01 -1.639486e+01 2.060000e+01
    endloop
  endfacet
  facet normal 0.000000e+00 0.000000e+00 1.000000e+00
    outer loop
      vertex   8.020963e+01 -1.639486e+01 2.060000e+01
      vertex   7.360963e+01 -3.151986e+01 2.060000e+01
      vertex   7.527004e+01 -3.146969e+01 2.060000e+01
    endloop
  endfacet
  facet normal 0.000000e+00 0.000000e+00 1.000000e+00
    outer loop
      vertex   8.020963e+01 -1.639486e+01 2.060000e+01
      vertex   7.527004e+01 -3.146969e+01 2.060000e+01
      vertex   7.692439e+01 -3.131935e+01 2.060000e+01
    endloop
  endfacet
  facet normal 0.000000e+00 0.000000e+00 1.000000e+00
    outer loop
      vertex   6.700963e+01 -1.289486e+01 2.060000e+01
      vertex   5.097757e+01 -1.964164e+01 2.060000e+01
      vertex   6.700963e+01 -1.639486e+01 2.060000e+01
    endloop
  endfacet
  facet normal 0.000000e+00 0.000000e+00 1.000000e+00
    outer loop
      vertex   6.700963e+01 -1.639486e+01 2.060000e+01
      vertex   5.097757e+01 -1.964164e+01 2.060000e+01
      vertex   6.077017e+01 -2.283138e+01 2.060000e+01
    endloop
  endfacet
  facet normal 0.000000e+00 0.000000e+00 1.000000e+00
    outer loop
      vertex   6.700963e+01 -1.639486e+01 2.060000e+01
      vertex   6.077017e+01 -2.283138e+01 2.060000e+01
      vertex   6.124049e+01 -2.273141e+01 2.060000e+01
    endloop
  endfacet
  facet normal 0.000000e+00 0.000000e+00 1.000000e+00
    outer loop
      vertex   6.700963e+01 -1.289486e+01 2.060000e+01
      vertex   6.750963e+01 -1.289486e+01 2.060000e+01
      vertex   6.750963e+01 1.955142e+00 2.060000e+01
    endloop
  endfacet
  facet normal -0.000000e+00 0.000000e+00 1.000000e+00
    outer loop
      vertex   8.798064e+01 -2.550131e+01 2.060000e+01
      vertex   8.923141e+01 -2.665191e+01 2.060000e+01
      vertex   8.803090e+01 -2.502311e+01 2.060000e+01
    endloop
  endfacet
  facet normal 0.000000e+00 0.000000e+00 1.000000e+00
    outer loop
      vertex   8.803090e+01 -2.502311e+01 2.060000e+01
      vertex   8.923141e+01 -2.665191e+01 2.060000e+01
      vertex   9.056940e+01 -2.566740e+01 2.060000e+01
    endloop
  endfacet
  facet normal -0.000000e+00 -0.000000e+00 1.000000e+00
    outer loop
      vertex   8.803090e+01 -2.502311e+01 2.060000e+01
      vertex   9.056940e+01 -2.566740e+01 2.060000e+01
      vertex   8.798064e+01 -2.454492e+01 2.060000e+01
    endloop
  endfacet
  facet normal -0.000000e+00 -0.000000e+00 1.000000e+00
    outer loop
      vertex   8.798064e+01 -2.454492e+01 2.060000e+01
      vertex   9.056940e+01 -2.566740e+01 2.060000e+01
      vertex   8.783205e+01 -2.408762e+01 2.060000e+01
    endloop
  endfacet
  facet normal 0.000000e+00 0.000000e+00 1.000000e+00
    outer loop
      vertex   8.783205e+01 -2.408762e+01 2.060000e+01
      vertex   9.056940e+01 -2.566740e+01 2.060000e+01
      vertex   9.184550e+01 -2.460390e+01 2.060000e+01
    endloop
  endfacet
  facet normal -0.000000e+00 -0.000000e+00 1.000000e+00
    outer loop
      vertex   8.783205e+01 -2.408762e+01 2.060000e+01
      vertex   9.184550e+01 -2.460390e+01 2.060000e+01
      vertex   8.759164e+01 -2.367121e+01 2.060000e+01
    endloop
  endfacet
  facet normal -0.000000e+00 0.000000e+00 1.000000e+00
    outer loop
      vertex   8.759164e+01 -2.367121e+01 2.060000e+01
      vertex   9.184550e+01 -2.460390e+01 2.060000e+01
      vertex   9.305506e+01 -2.346529e+01 2.060000e+01
    endloop
  endfacet
  facet normal 0.000000e+00 -0.000000e+00 1.000000e+00
    outer loop
      vertex   8.759164e+01 -2.367121e+01 2.060000e+01
      vertex   9.305506e+01 -2.346529e+01 2.060000e+01
      vertex   8.726990e+01 -2.331388e+01 2.060000e+01
    endloop
  endfacet
  facet normal -0.000000e+00 0.000000e+00 1.000000e+00
    outer loop
      vertex   8.726990e+01 -2.331388e+01 2.060000e+01
      vertex   9.305506e+01 -2.346529e+01 2.060000e+01
      vertex   9.419367e+01 -2.225573e+01 2.060000e+01
    endloop
  endfacet
  facet normal 0.000000e+00 -0.000000e+00 1.000000e+00
    outer loop
      vertex   8.726990e+01 -2.331388e+01 2.060000e+01
      vertex   9.419367e+01 -2.225573e+01 2.060000e+01
      vertex   8.688090e+01 -2.303126e+01 2.060000e+01
    endloop
  endfacet
  facet normal 0.000000e+00 0.000000e+00 1.000000e+00
    outer loop
      vertex   8.688090e+01 -2.303126e+01 2.060000e+01
      vertex   9.419367e+01 -2.225573e+01 2.060000e+01
      vertex   9.525717e+01 -2.097963e+01 2.060000e+01
    endloop
  endfacet
  facet normal 0.000000e+00 -0.000000e+00 1.000000e+00
    outer loop
      vertex   8.688090e+01 -2.303126e+01 2.060000e+01
      vertex   9.525717e+01 -2.097963e+01 2.060000e+01
      vertex   8.644164e+01 -2.283568e+01 2.060000e+01
    endloop
  endfacet
  facet normal 0.000000e+00 0.000000e+00 1.000000e+00
    outer loop
      vertex   8.644164e+01 -2.283568e+01 2.060000e+01
      vertex   9.525717e+01 -2.097963e+01 2.060000e+01
      vertex   9.624168e+01 -1.964164e+01 2.060000e+01
    endloop
  endfacet
  facet normal 0.000000e+00 -0.000000e+00 1.000000e+00
    outer loop
      vertex   8.644164e+01 -2.283568e+01 2.060000e+01
      vertex   9.624168e+01 -1.964164e+01 2.060000e+01
      vertex   8.020963e+01 -1.639486e+01 2.060000e+01
    endloop
  endfacet
  facet normal 0.000000e+00 0.000000e+00 1.000000e+00
    outer loop
      vertex   8.798064e+01 -2.550131e+01 2.060000e+01
      vertex   8.783205e+01 -2.595861e+01 2.060000e+01
      vertex   8.923141e+01 -2.665191e+01 2.060000e+01
    endloop
  endfacet
  facet normal 0.000000e+00 0.000000e+00 1.000000e+00
    outer loop
      vertex   8.923141e+01 -2.665191e+01 2.060000e+01
      vertex   8.783205e+01 -2.595861e+01 2.060000e+01
      vertex   8.759164e+01 -2.637502e+01 2.060000e+01
    endloop
  endfacet
  facet normal 0.000000e+00 0.000000e+00 1.000000e+00
    outer loop
      vertex   8.923141e+01 -2.665191e+01 2.060000e+01
      vertex   8.759164e+01 -2.637502e+01 2.060000e+01
      vertex   8.783642e+01 -2.755384e+01 2.060000e+01
    endloop
  endfacet
  facet normal 0.000000e+00 0.000000e+00 1.000000e+00
    outer loop
      vertex   8.783642e+01 -2.755384e+01 2.060000e+01
      vertex   8.759164e+01 -2.637502e+01 2.060000e+01
      vertex   8.726990e+01 -2.673235e+01 2.060000e+01
    endloop
  endfacet
  facet normal 0.000000e+00 0.000000e+00 1.000000e+00
    outer loop
      vertex   8.783642e+01 -2.755384e+01 2.060000e+01
      vertex   8.726990e+01 -2.673235e+01 2.060000e+01
      vertex   8.688090e+01 -2.701497e+01 2.060000e+01
    endloop
  endfacet
  facet normal 0.000000e+00 0.000000e+00 1.000000e+00
    outer loop
      vertex   8.783642e+01 -2.755384e+01 2.060000e+01
      vertex   8.688090e+01 -2.701497e+01 2.060000e+01
      vertex   8.638952e+01 -2.836990e+01 2.060000e+01
    endloop
  endfacet
  facet normal 0.000000e+00 0.000000e+00 1.000000e+00
    outer loop
      vertex   8.638952e+01 -2.836990e+01 2.060000e+01
      vertex   8.688090e+01 -2.701497e+01 2.060000e+01
      vertex   8.644164e+01 -2.721054e+01 2.060000e+01
    endloop
  endfacet
  facet normal 0.000000e+00 -0.000000e+00 1.000000e+00
    outer loop
      vertex   8.638952e+01 -2.836990e+01 2.060000e+01
      vertex   8.644164e+01 -2.721054e+01 2.060000e+01
      vertex   8.597131e+01 -2.731051e+01 2.060000e+01
    endloop
  endfacet
  facet normal 0.000000e+00 0.000000e+00 1.000000e+00
    outer loop
      vertex   8.597131e+01 -2.731051e+01 2.060000e+01
      vertex   8.549048e+01 -2.731051e+01 2.060000e+01
      vertex   8.638952e+01 -2.836990e+01 2.060000e+01
    endloop
  endfacet
  facet normal 0.000000e+00 0.000000e+00 1.000000e+00
    outer loop
      vertex   8.638952e+01 -2.836990e+01 2.060000e+01
      vertex   8.549048e+01 -2.731051e+01 2.060000e+01
      vertex   8.489598e+01 -2.909710e+01 2.060000e+01
    endloop
  endfacet
  facet normal 0.000000e+00 0.000000e+00 1.000000e+00
    outer loop
      vertex   8.489598e+01 -2.909710e+01 2.060000e+01
      vertex   8.549048e+01 -2.731051e+01 2.060000e+01
      vertex   8.502016e+01 -2.721054e+01 2.060000e+01
    endloop
  endfacet
  facet normal 0.000000e+00 -0.000000e+00 1.000000e+00
    outer loop
      vertex   8.489598e+01 -2.909710e+01 2.060000e+01
      vertex   8.502016e+01 -2.721054e+01 2.060000e+01
      vertex   8.458090e+01 -2.701497e+01 2.060000e+01
    endloop
  endfacet
  facet normal 0.000000e+00 0.000000e+00 1.000000e+00
    outer loop
      vertex   8.489598e+01 -2.909710e+01 2.060000e+01
      vertex   8.458090e+01 -2.701497e+01 2.060000e+01
      vertex   8.336126e+01 -2.973280e+01 2.060000e+01
    endloop
  endfacet
  facet normal 0.000000e+00 0.000000e+00 1.000000e+00
    outer loop
      vertex   8.336126e+01 -2.973280e+01 2.060000e+01
      vertex   8.458090e+01 -2.701497e+01 2.060000e+01
      vertex   8.419190e+01 -2.673235e+01 2.060000e+01
    endloop
  endfacet
  facet normal 0.000000e+00 0.000000e+00 1.000000e+00
    outer loop
      vertex   8.336126e+01 -2.973280e+01 2.060000e+01
      vertex   8.419190e+01 -2.673235e+01 2.060000e+01
      vertex   8.387016e+01 -2.637502e+01 2.060000e+01
    endloop
  endfacet
  facet normal 0.000000e+00 -0.000000e+00 1.000000e+00
    outer loop
      vertex   8.336126e+01 -2.973280e+01 2.060000e+01
      vertex   8.387016e+01 -2.637502e+01 2.060000e+01
      vertex   8.179096e+01 -3.027468e+01 2.060000e+01
    endloop
  endfacet
  facet normal 0.000000e+00 0.000000e+00 1.000000e+00
    outer loop
      vertex   8.179096e+01 -3.027468e+01 2.060000e+01
      vertex   8.387016e+01 -2.637502e+01 2.060000e+01
      vertex   8.362974e+01 -2.595861e+01 2.060000e+01
    endloop
  endfacet
  facet normal 0.000000e+00 -0.000000e+00 1.000000e+00
    outer loop
      vertex   8.179096e+01 -3.027468e+01 2.060000e+01
      vertex   8.362974e+01 -2.595861e+01 2.060000e+01
      vertex   8.019081e+01 -3.072076e+01 2.060000e+01
    endloop
  endfacet
  facet normal 0.000000e+00 0.000000e+00 1.000000e+00
    outer loop
      vertex   8.019081e+01 -3.072076e+01 2.060000e+01
      vertex   8.362974e+01 -2.595861e+01 2.060000e+01
      vertex   8.348116e+01 -2.550131e+01 2.060000e+01
    endloop
  endfacet
  facet normal 0.000000e+00 -0.000000e+00 1.000000e+00
    outer loop
      vertex   8.019081e+01 -3.072076e+01 2.060000e+01
      vertex   8.348116e+01 -2.550131e+01 2.060000e+01
      vertex   7.856664e+01 -3.106941e+01 2.060000e+01
    endloop
  endfacet
  facet normal 0.000000e+00 0.000000e+00 1.000000e+00
    outer loop
      vertex   7.856664e+01 -3.106941e+01 2.060000e+01
      vertex   8.348116e+01 -2.550131e+01 2.060000e+01
      vertex   8.343090e+01 -2.502311e+01 2.060000e+01
    endloop
  endfacet
  facet normal 0.000000e+00 -0.000000e+00 1.000000e+00
    outer loop
      vertex   7.856664e+01 -3.106941e+01 2.060000e+01
      vertex   8.343090e+01 -2.502311e+01 2.060000e+01
      vertex   7.692439e+01 -3.131935e+01 2.060000e+01
    endloop
  endfacet
  facet normal 0.000000e+00 0.000000e+00 1.000000e+00
    outer loop
      vertex   7.692439e+01 -3.131935e+01 2.060000e+01
      vertex   8.343090e+01 -2.502311e+01 2.060000e+01
      vertex   8.348116e+01 -2.454492e+01 2.060000e+01
    endloop
  endfacet
  facet normal 0.000000e+00 0.000000e+00 1.000000e+00
    outer loop
      vertex   7.692439e+01 -3.131935e+01 2.060000e+01
      vertex   8.348116e+01 -2.454492e+01 2.060000e+01
      vertex   8.020963e+01 -1.639486e+01 2.060000e+01
    endloop
  endfacet
  facet normal 0.000000e+00 0.000000e+00 1.000000e+00
    outer loop
      vertex   8.020963e+01 -1.639486e+01 2.060000e+01
      vertex   8.348116e+01 -2.454492e+01 2.060000e+01
      vertex   8.362974e+01 -2.408762e+01 2.060000e+01
    endloop
  endfacet
  facet normal 0.000000e+00 0.000000e+00 1.000000e+00
    outer loop
      vertex   8.020963e+01 -1.639486e+01 2.060000e+01
      vertex   8.362974e+01 -2.408762e+01 2.060000e+01
      vertex   8.387016e+01 -2.367121e+01 2.060000e+01
    endloop
  endfacet
  facet normal 0.000000e+00 -0.000000e+00 1.000000e+00
    outer loop
      vertex   8.387016e+01 -2.367121e+01 2.060000e+01
      vertex   8.419190e+01 -2.331388e+01 2.060000e+01
      vertex   8.020963e+01 -1.639486e+01 2.060000e+01
    endloop
  endfacet
  facet normal 0.000000e+00 0.000000e+00 1.000000e+00
    outer loop
      vertex   8.020963e+01 -1.639486e+01 2.060000e+01
      vertex   8.419190e+01 -2.331388e+01 2.060000e+01
      vertex   8.458090e+01 -2.303126e+01 2.060000e+01
    endloop
  endfacet
  facet normal 0.000000e+00 0.000000e+00 1.000000e+00
    outer loop
      vertex   8.020963e+01 -1.639486e+01 2.060000e+01
      vertex   8.458090e+01 -2.303126e+01 2.060000e+01
      vertex   8.502016e+01 -2.283568e+01 2.060000e+01
    endloop
  endfacet
  facet normal 0.000000e+00 -0.000000e+00 1.000000e+00
    outer loop
      vertex   8.502016e+01 -2.283568e+01 2.060000e+01
      vertex   8.549048e+01 -2.273571e+01 2.060000e+01
      vertex   8.020963e+01 -1.639486e+01 2.060000e+01
    endloop
  endfacet
  facet normal 0.000000e+00 0.000000e+00 1.000000e+00
    outer loop
      vertex   8.020963e+01 -1.639486e+01 2.060000e+01
      vertex   8.549048e+01 -2.273571e+01 2.060000e+01
      vertex   8.597131e+01 -2.273571e+01 2.060000e+01
    endloop
  endfacet
  facet normal 0.000000e+00 0.000000e+00 1.000000e+00
    outer loop
      vertex   8.020963e+01 -1.639486e+01 2.060000e+01
      vertex   8.597131e+01 -2.273571e+01 2.060000e+01
      vertex   8.644164e+01 -2.283568e+01 2.060000e+01
    endloop
  endfacet
  facet normal 0.000000e+00 0.000000e+00 1.000000e+00
    outer loop
      vertex   1.001094e+02 -3.545960e+00 2.060000e+01
      vertex   1.001596e+02 -4.024157e+00 2.060000e+01
      vertex   1.011096e+02 -4.019858e+00 2.060000e+01
    endloop
  endfacet
  facet normal 0.000000e+00 0.000000e+00 1.000000e+00
    outer loop
      vertex   1.011096e+02 -4.019858e+00 2.060000e+01
      vertex   1.001596e+02 -4.024157e+00 2.060000e+01
      vertex   1.001094e+02 -4.502354e+00 2.060000e+01
    endloop
  endfacet
  facet normal 0.000000e+00 0.000000e+00 1.000000e+00
    outer loop
      vertex   1.011096e+02 -4.019858e+00 2.060000e+01
      vertex   1.001094e+02 -4.502354e+00 2.060000e+01
      vertex   1.010595e+02 -5.680266e+00 2.060000e+01
    endloop
  endfacet
  facet normal 0.000000e+00 0.000000e+00 1.000000e+00
    outer loop
      vertex   1.010595e+02 -5.680266e+00 2.060000e+01
      vertex   1.001094e+02 -4.502354e+00 2.060000e+01
      vertex   9.996077e+01 -4.959651e+00 2.060000e+01
    endloop
  endfacet
  facet normal 0.000000e+00 0.000000e+00 1.000000e+00
    outer loop
      vertex   1.010595e+02 -5.680266e+00 2.060000e+01
      vertex   9.996077e+01 -4.959651e+00 2.060000e+01
      vertex   9.972036e+01 -5.376063e+00 2.060000e+01
    endloop
  endfacet
  facet normal 0.000000e+00 0.000000e+00 1.000000e+00
    outer loop
      vertex   9.972036e+01 -5.376063e+00 2.060000e+01
      vertex   9.939862e+01 -5.733390e+00 2.060000e+01
      vertex   1.010595e+02 -5.680266e+00 2.060000e+01
    endloop
  endfacet
  facet normal 0.000000e+00 0.000000e+00 1.000000e+00
    outer loop
      vertex   1.010595e+02 -5.680266e+00 2.060000e+01
      vertex   9.939862e+01 -5.733390e+00 2.060000e+01
      vertex   1.009091e+02 -7.334616e+00 2.060000e+01
    endloop
  endfacet
  facet normal 0.000000e+00 0.000000e+00 1.000000e+00
    outer loop
      vertex   1.009091e+02 -7.334616e+00 2.060000e+01
      vertex   9.939862e+01 -5.733390e+00 2.060000e+01
      vertex   9.900962e+01 -6.016016e+00 2.060000e+01
    endloop
  endfacet
  facet normal 0.000000e+00 0.000000e+00 1.000000e+00
    outer loop
      vertex   1.009091e+02 -7.334616e+00 2.060000e+01
      vertex   9.900962e+01 -6.016016e+00 2.060000e+01
      vertex   9.857036e+01 -6.211587e+00 2.060000e+01
    endloop
  endfacet
  facet normal 0.000000e+00 0.000000e+00 1.000000e+00
    outer loop
      vertex   1.009091e+02 -7.334616e+00 2.060000e+01
      vertex   9.857036e+01 -6.211587e+00 2.060000e+01
      vertex   1.006592e+02 -8.976871e+00 2.060000e+01
    endloop
  endfacet
  facet normal 0.000000e+00 0.000000e+00 1.000000e+00
    outer loop
      vertex   1.006592e+02 -8.976871e+00 2.060000e+01
      vertex   9.857036e+01 -6.211587e+00 2.060000e+01
      vertex   9.810003e+01 -6.311557e+00 2.060000e+01
    endloop
  endfacet
  facet normal 0.000000e+00 0.000000e+00 1.000000e+00
    outer loop
      vertex   1.006592e+02 -8.976871e+00 2.060000e+01
      vertex   9.810003e+01 -6.311557e+00 2.060000e+01
      vertex   9.761920e+01 -6.311557e+00 2.060000e+01
    endloop
  endfacet
  facet normal 0.000000e+00 0.000000e+00 1.000000e+00
    outer loop
      vertex   1.006592e+02 -8.976871e+00 2.060000e+01
      vertex   9.761920e+01 -6.311557e+00 2.060000e+01
      vertex   1.003105e+02 -1.060104e+01 2.060000e+01
    endloop
  endfacet
  facet normal 0.000000e+00 0.000000e+00 1.000000e+00
    outer loop
      vertex   1.003105e+02 -1.060104e+01 2.060000e+01
      vertex   9.761920e+01 -6.311557e+00 2.060000e+01
      vertex   9.714888e+01 -6.211587e+00 2.060000e+01
    endloop
  endfacet
  facet normal 0.000000e+00 0.000000e+00 1.000000e+00
    outer loop
      vertex   1.003105e+02 -1.060104e+01 2.060000e+01
      vertex   9.714888e+01 -6.211587e+00 2.060000e+01
      vertex   9.986445e+01 -1.220119e+01 2.060000e+01
    endloop
  endfacet
  facet normal 0.000000e+00 0.000000e+00 1.000000e+00
    outer loop
      vertex   9.986445e+01 -1.220119e+01 2.060000e+01
      vertex   9.714888e+01 -6.211587e+00 2.060000e+01
      vertex   9.670962e+01 -6.016016e+00 2.060000e+01
    endloop
  endfacet
  facet normal 0.000000e+00 0.000000e+00 1.000000e+00
    outer loop
      vertex   9.986445e+01 -1.220119e+01 2.060000e+01
      vertex   9.670962e+01 -6.016016e+00 2.060000e+01
      vertex   9.932257e+01 -1.377149e+01 2.060000e+01
    endloop
  endfacet
  facet normal 0.000000e+00 0.000000e+00 1.000000e+00
    outer loop
      vertex   9.932257e+01 -1.377149e+01 2.060000e+01
      vertex   9.670962e+01 -6.016016e+00 2.060000e+01
      vertex   9.868687e+01 -1.530621e+01 2.060000e+01
    endloop
  endfacet
  facet normal 0.000000e+00 0.000000e+00 1.000000e+00
    outer loop
      vertex   9.868687e+01 -1.530621e+01 2.060000e+01
      vertex   9.670962e+01 -6.016016e+00 2.060000e+01
      vertex   9.632062e+01 -5.733390e+00 2.060000e+01
    endloop
  endfacet
  facet normal 0.000000e+00 0.000000e+00 1.000000e+00
    outer loop
      vertex   9.868687e+01 -1.530621e+01 2.060000e+01
      vertex   9.632062e+01 -5.733390e+00 2.060000e+01
      vertex   9.795967e+01 -1.679974e+01 2.060000e+01
    endloop
  endfacet
  facet normal 0.000000e+00 0.000000e+00 1.000000e+00
    outer loop
      vertex   9.795967e+01 -1.679974e+01 2.060000e+01
      vertex   9.632062e+01 -5.733390e+00 2.060000e+01
      vertex   8.020963e+01 -1.289486e+01 2.060000e+01
    endloop
  endfacet
  facet normal 0.000000e+00 0.000000e+00 1.000000e+00
    outer loop
      vertex   9.632062e+01 -5.733390e+00 2.060000e+01
      vertex   9.599888e+01 -5.376063e+00 2.060000e+01
      vertex   8.020963e+01 -1.289486e+01 2.060000e+01
    endloop
  endfacet
  facet normal 0.000000e+00 0.000000e+00 1.000000e+00
    outer loop
      vertex   8.020963e+01 -1.289486e+01 2.060000e+01
      vertex   9.599888e+01 -5.376063e+00 2.060000e+01
      vertex   9.575846e+01 -4.959651e+00 2.060000e+01
    endloop
  endfacet
  facet normal 0.000000e+00 0.000000e+00 1.000000e+00
    outer loop
      vertex   8.020963e+01 -1.289486e+01 2.060000e+01
      vertex   9.575846e+01 -4.959651e+00 2.060000e+01
      vertex   9.560988e+01 -4.502354e+00 2.060000e+01
    endloop
  endfacet
  facet normal 0.000000e+00 0.000000e+00 1.000000e+00
    outer loop
      vertex   9.560988e+01 -4.502354e+00 2.060000e+01
      vertex   9.555962e+01 -4.024157e+00 2.060000e+01
      vertex   8.020963e+01 -1.289486e+01 2.060000e+01
    endloop
  endfacet
  facet normal 0.000000e+00 -0.000000e+00 1.000000e+00
    outer loop
      vertex   9.560988e+01 -3.545960e+00 2.060000e+01
      vertex   9.575846e+01 -3.088663e+00 2.060000e+01
      vertex   7.970963e+01 1.955142e+00 2.060000e+01
    endloop
  endfacet
  facet normal 0.000000e+00 0.000000e+00 1.000000e+00
    outer loop
      vertex   7.970963e+01 1.955142e+00 2.060000e+01
      vertex   9.575846e+01 -3.088663e+00 2.060000e+01
      vertex   9.599888e+01 -2.672251e+00 2.060000e+01
    endloop
  endfacet
  facet normal 0.000000e+00 0.000000e+00 1.000000e+00
    outer loop
      vertex   7.970963e+01 1.955142e+00 2.060000e+01
      vertex   9.599888e+01 -2.672251e+00 2.060000e+01
      vertex   9.632062e+01 -2.314924e+00 2.060000e+01
    endloop
  endfacet
  facet normal 0.000000e+00 -0.000000e+00 1.000000e+00
    outer loop
      vertex   9.670962e+01 -2.032299e+00 2.060000e+01
      vertex   9.868687e+01 7.266494e+00 2.060000e+01
      vertex   9.632062e+01 -2.314924e+00 2.060000e+01
    endloop
  endfacet
  facet normal 0.000000e+00 0.000000e+00 1.000000e+00
    outer loop
      vertex   9.632062e+01 -2.314924e+00 2.060000e+01
      vertex   9.868687e+01 7.266494e+00 2.060000e+01
      vertex   9.795967e+01 8.760030e+00 2.060000e+01
    endloop
  endfacet
  facet normal 0.000000e+00 -0.000000e+00 1.000000e+00
    outer loop
      vertex   9.632062e+01 -2.314924e+00 2.060000e+01
      vertex   9.795967e+01 8.760030e+00 2.060000e+01
      vertex   7.970963e+01 1.955142e+00 2.060000e+01
    endloop
  endfacet
  facet normal 0.000000e+00 0.000000e+00 1.000000e+00
    outer loop
      vertex   7.970963e+01 1.955142e+00 2.060000e+01
      vertex   9.795967e+01 8.760030e+00 2.060000e+01
      vertex   9.714361e+01 1.020693e+01 2.060000e+01
    endloop
  endfacet
  facet normal 0.000000e+00 -0.000000e+00 1.000000e+00
    outer loop
      vertex   9.714888e+01 -1.836727e+00 2.060000e+01
      vertex   9.986445e+01 4.161476e+00 2.060000e+01
      vertex   9.670962e+01 -2.032299e+00 2.060000e+01
    endloop
  endfacet
  facet normal 0.000000e+00 0.000000e+00 1.000000e+00
    outer loop
      vertex   9.670962e+01 -2.032299e+00 2.060000e+01
      vertex   9.986445e+01 4.161476e+00 2.060000e+01
      vertex   9.932257e+01 5.731777e+00 2.060000e+01
    endloop
  endfacet
  facet normal 0.000000e+00 0.000000e+00 1.000000e+00
    outer loop
      vertex   9.670962e+01 -2.032299e+00 2.060000e+01
      vertex   9.932257e+01 5.731777e+00 2.060000e+01
      vertex   9.868687e+01 7.266494e+00 2.060000e+01
    endloop
  endfacet
  facet normal 0.000000e+00 0.000000e+00 1.000000e+00
    outer loop
      vertex   9.986445e+01 4.161476e+00 2.060000e+01
      vertex   9.714888e+01 -1.836727e+00 2.060000e+01
      vertex   1.003105e+02 2.561323e+00 2.060000e+01
    endloop
  endfacet
  facet normal 0.000000e+00 0.000000e+00 1.000000e+00
    outer loop
      vertex   1.003105e+02 2.561323e+00 2.060000e+01
      vertex   9.714888e+01 -1.836727e+00 2.060000e+01
      vertex   9.761920e+01 -1.736757e+00 2.060000e+01
    endloop
  endfacet
  facet normal 0.000000e+00 0.000000e+00 1.000000e+00
    outer loop
      vertex   1.003105e+02 2.561323e+00 2.060000e+01
      vertex   9.761920e+01 -1.736757e+00 2.060000e+01
      vertex   1.006592e+02 9.371558e-01 2.060000e+01
    endloop
  endfacet
  facet normal 0.000000e+00 0.000000e+00 1.000000e+00
    outer loop
      vertex   1.006592e+02 9.371558e-01 2.060000e+01
      vertex   9.761920e+01 -1.736757e+00 2.060000e+01
      vertex   9.810003e+01 -1.736757e+00 2.060000e+01
    endloop
  endfacet
  facet normal 0.000000e+00 0.000000e+00 1.000000e+00
    outer loop
      vertex   1.006592e+02 9.371558e-01 2.060000e+01
      vertex   9.810003e+01 -1.736757e+00 2.060000e+01
      vertex   9.857036e+01 -1.836727e+00 2.060000e+01
    endloop
  endfacet
  facet normal 0.000000e+00 0.000000e+00 1.000000e+00
    outer loop
      vertex   1.006592e+02 9.371558e-01 2.060000e+01
      vertex   9.857036e+01 -1.836727e+00 2.060000e+01
      vertex   1.009091e+02 -7.050990e-01 2.060000e+01
    endloop
  endfacet
  facet normal 0.000000e+00 0.000000e+00 1.000000e+00
    outer loop
      vertex   1.009091e+02 -7.050990e-01 2.060000e+01
      vertex   9.857036e+01 -1.836727e+00 2.060000e+01
      vertex   9.900962e+01 -2.032299e+00 2.060000e+01
    endloop
  endfacet
  facet normal 0.000000e+00 0.000000e+00 1.000000e+00
    outer loop
      vertex   1.009091e+02 -7.050990e-01 2.060000e+01
      vertex   9.900962e+01 -2.032299e+00 2.060000e+01
      vertex   9.939862e+01 -2.314924e+00 2.060000e+01
    endloop
  endfacet
  facet normal 0.000000e+00 0.000000e+00 1.000000e+00
    outer loop
      vertex   1.009091e+02 -7.050990e-01 2.060000e+01
      vertex   9.939862e+01 -2.314924e+00 2.060000e+01
      vertex   1.010595e+02 -2.359449e+00 2.060000e+01
    endloop
  endfacet
  facet normal 0.000000e+00 0.000000e+00 1.000000e+00
    outer loop
      vertex   1.010595e+02 -2.359449e+00 2.060000e+01
      vertex   9.939862e+01 -2.314924e+00 2.060000e+01
      vertex   9.972036e+01 -2.672251e+00 2.060000e+01
    endloop
  endfacet
  facet normal 0.000000e+00 0.000000e+00 1.000000e+00
    outer loop
      vertex   1.010595e+02 -2.359449e+00 2.060000e+01
      vertex   9.972036e+01 -2.672251e+00 2.060000e+01
      vertex   9.996077e+01 -3.088663e+00 2.060000e+01
    endloop
  endfacet
  facet normal -0.000000e+00 0.000000e+00 1.000000e+00
    outer loop
      vertex   9.996077e+01 -3.088663e+00 2.060000e+01
      vertex   1.001094e+02 -3.545960e+00 2.060000e+01
      vertex   1.010595e+02 -2.359449e+00 2.060000e+01
    endloop
  endfacet
  facet normal 0.000000e+00 0.000000e+00 1.000000e+00
    outer loop
      vertex   1.010595e+02 -2.359449e+00 2.060000e+01
      vertex   1.001094e+02 -3.545960e+00 2.060000e+01
      vertex   1.011096e+02 -4.019858e+00 2.060000e+01
    endloop
  endfacet
  facet normal -0.000000e+00 0.000000e+00 1.000000e+00
    outer loop
      vertex   6.373065e+01 -2.549701e+01 2.060000e+01
      vertex   6.865261e+01 -3.106941e+01 2.060000e+01
      vertex   6.378091e+01 -2.501881e+01 2.060000e+01
    endloop
  endfacet
  facet normal 0.000000e+00 0.000000e+00 1.000000e+00
    outer loop
      vertex   6.378091e+01 -2.501881e+01 2.060000e+01
      vertex   6.865261e+01 -3.106941e+01 2.060000e+01
      vertex   7.029487e+01 -3.131935e+01 2.060000e+01
    endloop
  endfacet
  facet normal -0.000000e+00 -0.000000e+00 1.000000e+00
    outer loop
      vertex   6.378091e+01 -2.501881e+01 2.060000e+01
      vertex   7.029487e+01 -3.131935e+01 2.060000e+01
      vertex   6.373065e+01 -2.454062e+01 2.060000e+01
    endloop
  endfacet
  facet normal -0.000000e+00 0.000000e+00 1.000000e+00
    outer loop
      vertex   6.373065e+01 -2.454062e+01 2.060000e+01
      vertex   7.029487e+01 -3.131935e+01 2.060000e+01
      vertex   6.700963e+01 -1.639486e+01 2.060000e+01
    endloop
  endfacet
  facet normal 0.000000e+00 -0.000000e+00 1.000000e+00
    outer loop
      vertex   6.373065e+01 -2.454062e+01 2.060000e+01
      vertex   6.700963e+01 -1.639486e+01 2.060000e+01
      vertex   6.358207e+01 -2.408332e+01 2.060000e+01
    endloop
  endfacet
  facet normal 0.000000e+00 -0.000000e+00 1.000000e+00
    outer loop
      vertex   6.358207e+01 -2.408332e+01 2.060000e+01
      vertex   6.700963e+01 -1.639486e+01 2.060000e+01
      vertex   6.334165e+01 -2.366691e+01 2.060000e+01
    endloop
  endfacet
  facet normal 0.000000e+00 -0.000000e+00 1.000000e+00
    outer loop
      vertex   6.334165e+01 -2.366691e+01 2.060000e+01
      vertex   6.700963e+01 -1.639486e+01 2.060000e+01
      vertex   6.301991e+01 -2.330958e+01 2.060000e+01
    endloop
  endfacet
  facet normal 0.000000e+00 -0.000000e+00 1.000000e+00
    outer loop
      vertex   6.301991e+01 -2.330958e+01 2.060000e+01
      vertex   6.700963e+01 -1.639486e+01 2.060000e+01
      vertex   6.263091e+01 -2.302696e+01 2.060000e+01
    endloop
  endfacet
  facet normal 0.000000e+00 -0.000000e+00 1.000000e+00
    outer loop
      vertex   6.263091e+01 -2.302696e+01 2.060000e+01
      vertex   6.700963e+01 -1.639486e+01 2.060000e+01
      vertex   6.219165e+01 -2.283138e+01 2.060000e+01
    endloop
  endfacet
  facet normal 0.000000e+00 -0.000000e+00 1.000000e+00
    outer loop
      vertex   6.219165e+01 -2.283138e+01 2.060000e+01
      vertex   6.700963e+01 -1.639486e+01 2.060000e+01
      vertex   6.172133e+01 -2.273141e+01 2.060000e+01
    endloop
  endfacet
  facet normal 0.000000e+00 -0.000000e+00 1.000000e+00
    outer loop
      vertex   6.172133e+01 -2.273141e+01 2.060000e+01
      vertex   6.700963e+01 -1.639486e+01 2.060000e+01
      vertex   6.124049e+01 -2.273141e+01 2.060000e+01
    endloop
  endfacet
  facet normal 0.000000e+00 0.000000e+00 1.000000e+00
    outer loop
      vertex   6.865261e+01 -3.106941e+01 2.060000e+01
      vertex   6.373065e+01 -2.549701e+01 2.060000e+01
      vertex   6.702845e+01 -3.072076e+01 2.060000e+01
    endloop
  endfacet
  facet normal 0.000000e+00 0.000000e+00 1.000000e+00
    outer loop
      vertex   6.702845e+01 -3.072076e+01 2.060000e+01
      vertex   6.373065e+01 -2.549701e+01 2.060000e+01
      vertex   6.358207e+01 -2.595431e+01 2.060000e+01
    endloop
  endfacet
  facet normal 0.000000e+00 0.000000e+00 1.000000e+00
    outer loop
      vertex   6.702845e+01 -3.072076e+01 2.060000e+01
      vertex   6.358207e+01 -2.595431e+01 2.060000e+01
      vertex   6.542829e+01 -3.027468e+01 2.060000e+01
    endloop
  endfacet
  facet normal 0.000000e+00 0.000000e+00 1.000000e+00
    outer loop
      vertex   6.542829e+01 -3.027468e+01 2.060000e+01
      vertex   6.358207e+01 -2.595431e+01 2.060000e+01
      vertex   6.334165e+01 -2.637072e+01 2.060000e+01
    endloop
  endfacet
  facet normal 0.000000e+00 0.000000e+00 1.000000e+00
    outer loop
      vertex   6.542829e+01 -3.027468e+01 2.060000e+01
      vertex   6.334165e+01 -2.637072e+01 2.060000e+01
      vertex   6.385799e+01 -2.973280e+01 2.060000e+01
    endloop
  endfacet
  facet normal 0.000000e+00 0.000000e+00 1.000000e+00
    outer loop
      vertex   6.385799e+01 -2.973280e+01 2.060000e+01
      vertex   6.334165e+01 -2.637072e+01 2.060000e+01
      vertex   6.301991e+01 -2.672805e+01 2.060000e+01
    endloop
  endfacet
  facet normal 0.000000e+00 0.000000e+00 1.000000e+00
    outer loop
      vertex   6.385799e+01 -2.973280e+01 2.060000e+01
      vertex   6.301991e+01 -2.672805e+01 2.060000e+01
      vertex   6.263091e+01 -2.701067e+01 2.060000e+01
    endloop
  endfacet
  facet normal 0.000000e+00 0.000000e+00 1.000000e+00
    outer loop
      vertex   6.385799e+01 -2.973280e+01 2.060000e+01
      vertex   6.263091e+01 -2.701067e+01 2.060000e+01
      vertex   6.232328e+01 -2.909710e+01 2.060000e+01
    endloop
  endfacet
  facet normal 0.000000e+00 -0.000000e+00 1.000000e+00
    outer loop
      vertex   6.232328e+01 -2.909710e+01 2.060000e+01
      vertex   6.263091e+01 -2.701067e+01 2.060000e+01
      vertex   6.219165e+01 -2.720624e+01 2.060000e+01
    endloop
  endfacet
  facet normal 0.000000e+00 0.000000e+00 1.000000e+00
    outer loop
      vertex   6.232328e+01 -2.909710e+01 2.060000e+01
      vertex   6.219165e+01 -2.720624e+01 2.060000e+01
      vertex   6.172133e+01 -2.730621e+01 2.060000e+01
    endloop
  endfacet
  facet normal 0.000000e+00 0.000000e+00 1.000000e+00
    outer loop
      vertex   6.232328e+01 -2.909710e+01 2.060000e+01
      vertex   6.172133e+01 -2.730621e+01 2.060000e+01
      vertex   6.082974e+01 -2.836990e+01 2.060000e+01
    endloop
  endfacet
  facet normal 0.000000e+00 0.000000e+00 1.000000e+00
    outer loop
      vertex   6.082974e+01 -2.836990e+01 2.060000e+01
      vertex   6.172133e+01 -2.730621e+01 2.060000e+01
      vertex   6.124049e+01 -2.730621e+01 2.060000e+01
    endloop
  endfacet
  facet normal 0.000000e+00 -0.000000e+00 1.000000e+00
    outer loop
      vertex   6.082974e+01 -2.836990e+01 2.060000e+01
      vertex   6.124049e+01 -2.730621e+01 2.060000e+01
      vertex   6.077017e+01 -2.720624e+01 2.060000e+01
    endloop
  endfacet
  facet normal 0.000000e+00 0.000000e+00 1.000000e+00
    outer loop
      vertex   6.077017e+01 -2.720624e+01 2.060000e+01
      vertex   6.033091e+01 -2.701067e+01 2.060000e+01
      vertex   6.082974e+01 -2.836990e+01 2.060000e+01
    endloop
  endfacet
  facet normal 0.000000e+00 0.000000e+00 1.000000e+00
    outer loop
      vertex   6.082974e+01 -2.836990e+01 2.060000e+01
      vertex   6.033091e+01 -2.701067e+01 2.060000e+01
      vertex   5.938284e+01 -2.755384e+01 2.060000e+01
    endloop
  endfacet
  facet normal 0.000000e+00 0.000000e+00 1.000000e+00
    outer loop
      vertex   5.938284e+01 -2.755384e+01 2.060000e+01
      vertex   6.033091e+01 -2.701067e+01 2.060000e+01
      vertex   5.994191e+01 -2.672805e+01 2.060000e+01
    endloop
  endfacet
  facet normal 0.000000e+00 0.000000e+00 1.000000e+00
    outer loop
      vertex   5.938284e+01 -2.755384e+01 2.060000e+01
      vertex   5.994191e+01 -2.672805e+01 2.060000e+01
      vertex   5.962017e+01 -2.637072e+01 2.060000e+01
    endloop
  endfacet
  facet normal 0.000000e+00 -0.000000e+00 1.000000e+00
    outer loop
      vertex   5.938284e+01 -2.755384e+01 2.060000e+01
      vertex   5.962017e+01 -2.637072e+01 2.060000e+01
      vertex   5.798785e+01 -2.665191e+01 2.060000e+01
    endloop
  endfacet
  facet normal 0.000000e+00 0.000000e+00 1.000000e+00
    outer loop
      vertex   5.798785e+01 -2.665191e+01 2.060000e+01
      vertex   5.962017e+01 -2.637072e+01 2.060000e+01
      vertex   5.937976e+01 -2.595431e+01 2.060000e+01
    endloop
  endfacet
  facet normal 0.000000e+00 0.000000e+00 1.000000e+00
    outer loop
      vertex   5.798785e+01 -2.665191e+01 2.060000e+01
      vertex   5.937976e+01 -2.595431e+01 2.060000e+01
      vertex   5.923117e+01 -2.549701e+01 2.060000e+01
    endloop
  endfacet
  facet normal 0.000000e+00 0.000000e+00 1.000000e+00
    outer loop
      vertex   5.923117e+01 -2.549701e+01 2.060000e+01
      vertex   5.918091e+01 -2.501881e+01 2.060000e+01
      vertex   5.798785e+01 -2.665191e+01 2.060000e+01
    endloop
  endfacet
  facet normal 0.000000e+00 -0.000000e+00 1.000000e+00
    outer loop
      vertex   5.798785e+01 -2.665191e+01 2.060000e+01
      vertex   5.918091e+01 -2.501881e+01 2.060000e+01
      vertex   5.664986e+01 -2.566740e+01 2.060000e+01
    endloop
  endfacet
  facet normal 0.000000e+00 0.000000e+00 1.000000e+00
    outer loop
      vertex   5.664986e+01 -2.566740e+01 2.060000e+01
      vertex   5.918091e+01 -2.501881e+01 2.060000e+01
      vertex   5.923117e+01 -2.454062e+01 2.060000e+01
    endloop
  endfacet
  facet normal 0.000000e+00 0.000000e+00 1.000000e+00
    outer loop
      vertex   5.664986e+01 -2.566740e+01 2.060000e+01
      vertex   5.923117e+01 -2.454062e+01 2.060000e+01
      vertex   5.937976e+01 -2.408332e+01 2.060000e+01
    endloop
  endfacet
  facet normal 0.000000e+00 -0.000000e+00 1.000000e+00
    outer loop
      vertex   5.664986e+01 -2.566740e+01 2.060000e+01
      vertex   5.937976e+01 -2.408332e+01 2.060000e+01
      vertex   5.537375e+01 -2.460390e+01 2.060000e+01
    endloop
  endfacet
  facet normal 0.000000e+00 0.000000e+00 1.000000e+00
    outer loop
      vertex   5.537375e+01 -2.460390e+01 2.060000e+01
      vertex   5.937976e+01 -2.408332e+01 2.060000e+01
      vertex   5.962017e+01 -2.366691e+01 2.060000e+01
    endloop
  endfacet
  facet normal 0.000000e+00 -0.000000e+00 1.000000e+00
    outer loop
      vertex   5.537375e+01 -2.460390e+01 2.060000e+01
      vertex   5.962017e+01 -2.366691e+01 2.060000e+01
      vertex   5.416419e+01 -2.346529e+01 2.060000e+01
    endloop
  endfacet
  facet normal -0.000000e+00 0.000000e+00 1.000000e+00
    outer loop
      vertex   5.416419e+01 -2.346529e+01 2.060000e+01
      vertex   5.962017e+01 -2.366691e+01 2.060000e+01
      vertex   5.994191e+01 -2.330958e+01 2.060000e+01
    endloop
  endfacet
  facet normal 0.000000e+00 -0.000000e+00 1.000000e+00
    outer loop
      vertex   5.416419e+01 -2.346529e+01 2.060000e+01
      vertex   5.994191e+01 -2.330958e+01 2.060000e+01
      vertex   5.302558e+01 -2.225573e+01 2.060000e+01
    endloop
  endfacet
  facet normal 0.000000e+00 0.000000e+00 1.000000e+00
    outer loop
      vertex   5.302558e+01 -2.225573e+01 2.060000e+01
      vertex   5.994191e+01 -2.330958e+01 2.060000e+01
      vertex   6.033091e+01 -2.302696e+01 2.060000e+01
    endloop
  endfacet
  facet normal -0.000000e+00 -0.000000e+00 1.000000e+00
    outer loop
      vertex   5.302558e+01 -2.225573e+01 2.060000e+01
      vertex   6.033091e+01 -2.302696e+01 2.060000e+01
      vertex   5.196208e+01 -2.097963e+01 2.060000e+01
    endloop
  endfacet
  facet normal 0.000000e+00 0.000000e+00 1.000000e+00
    outer loop
      vertex   5.196208e+01 -2.097963e+01 2.060000e+01
      vertex   6.033091e+01 -2.302696e+01 2.060000e+01
      vertex   6.077017e+01 -2.283138e+01 2.060000e+01
    endloop
  endfacet
  facet normal -0.000000e+00 -0.000000e+00 1.000000e+00
    outer loop
      vertex   5.196208e+01 -2.097963e+01 2.060000e+01
      vertex   6.077017e+01 -2.283138e+01 2.060000e+01
      vertex   5.097757e+01 -1.964164e+01 2.060000e+01
    endloop
  endfacet
  facet normal 0.000000e+00 0.000000e+00 1.000000e+00
    outer loop
      vertex   7.856664e+01 2.302969e+01 2.060000e+01
      vertex   7.692439e+01 2.327964e+01 2.060000e+01
      vertex   7.970963e+01 1.035514e+01 2.060000e+01
    endloop
  endfacet
  facet normal 0.000000e+00 0.000000e+00 1.000000e+00
    outer loop
      vertex   7.970963e+01 1.035514e+01 2.060000e+01
      vertex   7.692439e+01 2.327964e+01 2.060000e+01
      vertex   7.527004e+01 2.342997e+01 2.060000e+01
    endloop
  endfacet
  facet normal 0.000000e+00 0.000000e+00 1.000000e+00
    outer loop
      vertex   7.970963e+01 1.035514e+01 2.060000e+01
      vertex   7.527004e+01 2.342997e+01 2.060000e+01
      vertex   7.360963e+01 2.348014e+01 2.060000e+01
    endloop
  endfacet
  facet normal 0.000000e+00 0.000000e+00 1.000000e+00
    outer loop
      vertex   7.029487e+01 2.327964e+01 2.060000e+01
      vertex   6.865261e+01 2.302969e+01 2.060000e+01
      vertex   6.750963e+01 1.035514e+01 2.060000e+01
    endloop
  endfacet
  facet normal -0.000000e+00 0.000000e+00 1.000000e+00
    outer loop
      vertex   5.007564e+01 -1.824665e+01 2.060000e+01
      vertex   5.097757e+01 -1.964164e+01 2.060000e+01
      vertex   6.700963e+01 -1.289486e+01 2.060000e+01
    endloop
  endfacet
  facet normal -0.000000e+00 -0.000000e+00 1.000000e+00
    outer loop
      vertex   7.029487e+01 -3.131935e+01 2.060000e+01
      vertex   7.194922e+01 -3.146969e+01 2.060000e+01
      vertex   6.700963e+01 -1.639486e+01 2.060000e+01
    endloop
  endfacet
  facet normal 0.000000e+00 0.000000e+00 1.000000e+00
    outer loop
      vertex   6.700963e+01 -1.639486e+01 2.060000e+01
      vertex   7.194922e+01 -3.146969e+01 2.060000e+01
      vertex   7.360963e+01 -3.151986e+01 2.060000e+01
    endloop
  endfacet
  facet normal 0.000000e+00 0.000000e+00 -1.000000e+00
    outer loop
      vertex   8.798809e+01 1.745730e+01 1.860000e+01
      vertex   8.923141e+01 1.861220e+01 1.860000e+01
      vertex   8.803835e+01 1.697910e+01 1.860000e+01
    endloop
  endfacet
  facet normal 0.000000e+00 0.000000e+00 -1.000000e+00
    outer loop
      vertex   8.803835e+01 1.697910e+01 1.860000e+01
      vertex   8.923141e+01 1.861220e+01 1.860000e+01
      vertex   9.056940e+01 1.762769e+01 1.860000e+01
    endloop
  endfacet
  facet normal 0.000000e+00 -0.000000e+00 -1.000000e+00
    outer loop
      vertex   8.803835e+01 1.697910e+01 1.860000e+01
      vertex   9.056940e+01 1.762769e+01 1.860000e+01
      vertex   8.798809e+01 1.650090e+01 1.860000e+01
    endloop
  endfacet
  facet normal 0.000000e+00 -0.000000e+00 -1.000000e+00
    outer loop
      vertex   8.798809e+01 1.650090e+01 1.860000e+01
      vertex   9.056940e+01 1.762769e+01 1.860000e+01
      vertex   8.783950e+01 1.604360e+01 1.860000e+01
    endloop
  endfacet
  facet normal 0.000000e+00 0.000000e+00 -1.000000e+00
    outer loop
      vertex   8.783950e+01 1.604360e+01 1.860000e+01
      vertex   9.056940e+01 1.762769e+01 1.860000e+01
      vertex   9.184550e+01 1.656419e+01 1.860000e+01
    endloop
  endfacet
  facet normal 0.000000e+00 -0.000000e+00 -1.000000e+00
    outer loop
      vertex   8.783950e+01 1.604360e+01 1.860000e+01
      vertex   9.184550e+01 1.656419e+01 1.860000e+01
      vertex   8.759908e+01 1.562719e+01 1.860000e+01
    endloop
  endfacet
  facet normal 0.000000e+00 0.000000e+00 -1.000000e+00
    outer loop
      vertex   8.759908e+01 1.562719e+01 1.860000e+01
      vertex   9.184550e+01 1.656419e+01 1.860000e+01
      vertex   9.305506e+01 1.542558e+01 1.860000e+01
    endloop
  endfacet
  facet normal 0.000000e+00 -0.000000e+00 -1.000000e+00
    outer loop
      vertex   8.759908e+01 1.562719e+01 1.860000e+01
      vertex   9.305506e+01 1.542558e+01 1.860000e+01
      vertex   8.727735e+01 1.526987e+01 1.860000e+01
    endloop
  endfacet
  facet normal 0.000000e+00 0.000000e+00 -1.000000e+00
    outer loop
      vertex   8.727735e+01 1.526987e+01 1.860000e+01
      vertex   9.305506e+01 1.542558e+01 1.860000e+01
      vertex   9.419367e+01 1.421602e+01 1.860000e+01
    endloop
  endfacet
  facet normal 0.000000e+00 -0.000000e+00 -1.000000e+00
    outer loop
      vertex   8.727735e+01 1.526987e+01 1.860000e+01
      vertex   9.419367e+01 1.421602e+01 1.860000e+01
      vertex   8.688835e+01 1.498724e+01 1.860000e+01
    endloop
  endfacet
  facet normal 0.000000e+00 0.000000e+00 -1.000000e+00
    outer loop
      vertex   8.688835e+01 1.498724e+01 1.860000e+01
      vertex   9.419367e+01 1.421602e+01 1.860000e+01
      vertex   9.525717e+01 1.293991e+01 1.860000e+01
    endloop
  endfacet
  facet normal 0.000000e+00 -0.000000e+00 -1.000000e+00
    outer loop
      vertex   8.688835e+01 1.498724e+01 1.860000e+01
      vertex   9.525717e+01 1.293991e+01 1.860000e+01
      vertex   8.644908e+01 1.479167e+01 1.860000e+01
    endloop
  endfacet
  facet normal 0.000000e+00 0.000000e+00 -1.000000e+00
    outer loop
      vertex   8.644908e+01 1.479167e+01 1.860000e+01
      vertex   9.525717e+01 1.293991e+01 1.860000e+01
      vertex   9.624168e+01 1.160192e+01 1.860000e+01
    endloop
  endfacet
  facet normal 0.000000e+00 0.000000e+00 -1.000000e+00
    outer loop
      vertex   8.644908e+01 1.479167e+01 1.860000e+01
      vertex   9.624168e+01 1.160192e+01 1.860000e+01
      vertex   9.714361e+01 1.020693e+01 1.860000e+01
    endloop
  endfacet
  facet normal 0.000000e+00 0.000000e+00 -1.000000e+00
    outer loop
      vertex   8.798809e+01 1.745730e+01 1.860000e+01
      vertex   8.783950e+01 1.791459e+01 1.860000e+01
      vertex   8.923141e+01 1.861220e+01 1.860000e+01
    endloop
  endfacet
  facet normal 0.000000e+00 0.000000e+00 -1.000000e+00
    outer loop
      vertex   8.923141e+01 1.861220e+01 1.860000e+01
      vertex   8.783950e+01 1.791459e+01 1.860000e+01
      vertex   8.759908e+01 1.833100e+01 1.860000e+01
    endloop
  endfacet
  facet normal -0.000000e+00 0.000000e+00 -1.000000e+00
    outer loop
      vertex   8.923141e+01 1.861220e+01 1.860000e+01
      vertex   8.759908e+01 1.833100e+01 1.860000e+01
      vertex   8.783642e+01 1.951413e+01 1.860000e+01
    endloop
  endfacet
  facet normal 0.000000e+00 0.000000e+00 -1.000000e+00
    outer loop
      vertex   8.783642e+01 1.951413e+01 1.860000e+01
      vertex   8.759908e+01 1.833100e+01 1.860000e+01
      vertex   8.727735e+01 1.868833e+01 1.860000e+01
    endloop
  endfacet
  facet normal 0.000000e+00 0.000000e+00 -1.000000e+00
    outer loop
      vertex   8.783642e+01 1.951413e+01 1.860000e+01
      vertex   8.727735e+01 1.868833e+01 1.860000e+01
      vertex   8.688835e+01 1.897096e+01 1.860000e+01
    endloop
  endfacet
  facet normal -0.000000e+00 0.000000e+00 -1.000000e+00
    outer loop
      vertex   8.783642e+01 1.951413e+01 1.860000e+01
      vertex   8.688835e+01 1.897096e+01 1.860000e+01
      vertex   8.638952e+01 2.033018e+01 1.860000e+01
    endloop
  endfacet
  facet normal 0.000000e+00 0.000000e+00 -1.000000e+00
    outer loop
      vertex   8.638952e+01 2.033018e+01 1.860000e+01
      vertex   8.688835e+01 1.897096e+01 1.860000e+01
      vertex   8.644908e+01 1.916653e+01 1.860000e+01
    endloop
  endfacet
  facet normal 0.000000e+00 -0.000000e+00 -1.000000e+00
    outer loop
      vertex   8.638952e+01 2.033018e+01 1.860000e+01
      vertex   8.644908e+01 1.916653e+01 1.860000e+01
      vertex   8.597876e+01 1.926650e+01 1.860000e+01
    endloop
  endfacet
  facet normal 0.000000e+00 0.000000e+00 -1.000000e+00
    outer loop
      vertex   8.597876e+01 1.926650e+01 1.860000e+01
      vertex   8.549793e+01 1.926650e+01 1.860000e+01
      vertex   8.638952e+01 2.033018e+01 1.860000e+01
    endloop
  endfacet
  facet normal -0.000000e+00 0.000000e+00 -1.000000e+00
    outer loop
      vertex   8.638952e+01 2.033018e+01 1.860000e+01
      vertex   8.549793e+01 1.926650e+01 1.860000e+01
      vertex   8.489598e+01 2.105739e+01 1.860000e+01
    endloop
  endfacet
  facet normal 0.000000e+00 0.000000e+00 -1.000000e+00
    outer loop
      vertex   8.489598e+01 2.105739e+01 1.860000e+01
      vertex   8.549793e+01 1.926650e+01 1.860000e+01
      vertex   8.502761e+01 1.916653e+01 1.860000e+01
    endloop
  endfacet
  facet normal 0.000000e+00 -0.000000e+00 -1.000000e+00
    outer loop
      vertex   8.489598e+01 2.105739e+01 1.860000e+01
      vertex   8.502761e+01 1.916653e+01 1.860000e+01
      vertex   8.458835e+01 1.897096e+01 1.860000e+01
    endloop
  endfacet
  facet normal -0.000000e+00 0.000000e+00 -1.000000e+00
    outer loop
      vertex   8.489598e+01 2.105739e+01 1.860000e+01
      vertex   8.458835e+01 1.897096e+01 1.860000e+01
      vertex   8.336126e+01 2.169309e+01 1.860000e+01
    endloop
  endfacet
  facet normal 0.000000e+00 0.000000e+00 -1.000000e+00
    outer loop
      vertex   8.336126e+01 2.169309e+01 1.860000e+01
      vertex   8.458835e+01 1.897096e+01 1.860000e+01
      vertex   8.419935e+01 1.868833e+01 1.860000e+01
    endloop
  endfacet
  facet normal 0.000000e+00 0.000000e+00 -1.000000e+00
    outer loop
      vertex   8.336126e+01 2.169309e+01 1.860000e+01
      vertex   8.419935e+01 1.868833e+01 1.860000e+01
      vertex   8.387761e+01 1.833100e+01 1.860000e+01
    endloop
  endfacet
  facet normal -0.000000e+00 -0.000000e+00 -1.000000e+00
    outer loop
      vertex   8.336126e+01 2.169309e+01 1.860000e+01
      vertex   8.387761e+01 1.833100e+01 1.860000e+01
      vertex   8.179096e+01 2.223497e+01 1.860000e+01
    endloop
  endfacet
  facet normal 0.000000e+00 0.000000e+00 -1.000000e+00
    outer loop
      vertex   8.179096e+01 2.223497e+01 1.860000e+01
      vertex   8.387761e+01 1.833100e+01 1.860000e+01
      vertex   8.363719e+01 1.791459e+01 1.860000e+01
    endloop
  endfacet
  facet normal -0.000000e+00 -0.000000e+00 -1.000000e+00
    outer loop
      vertex   8.179096e+01 2.223497e+01 1.860000e+01
      vertex   8.363719e+01 1.791459e+01 1.860000e+01
      vertex   8.019081e+01 2.268104e+01 1.860000e+01
    endloop
  endfacet
  facet normal 0.000000e+00 0.000000e+00 -1.000000e+00
    outer loop
      vertex   8.019081e+01 2.268104e+01 1.860000e+01
      vertex   8.363719e+01 1.791459e+01 1.860000e+01
      vertex   8.348861e+01 1.745730e+01 1.860000e+01
    endloop
  endfacet
  facet normal -0.000000e+00 -0.000000e+00 -1.000000e+00
    outer loop
      vertex   8.019081e+01 2.268104e+01 1.860000e+01
      vertex   8.348861e+01 1.745730e+01 1.860000e+01
      vertex   7.856664e+01 2.302969e+01 1.860000e+01
    endloop
  endfacet
  facet normal 0.000000e+00 0.000000e+00 -1.000000e+00
    outer loop
      vertex   7.856664e+01 2.302969e+01 1.860000e+01
      vertex   8.348861e+01 1.745730e+01 1.860000e+01
      vertex   8.343835e+01 1.697910e+01 1.860000e+01
    endloop
  endfacet
  facet normal -0.000000e+00 -0.000000e+00 -1.000000e+00
    outer loop
      vertex   7.856664e+01 2.302969e+01 1.860000e+01
      vertex   8.343835e+01 1.697910e+01 1.860000e+01
      vertex   7.692439e+01 2.327964e+01 1.860000e+01
    endloop
  endfacet
  facet normal 0.000000e+00 0.000000e+00 -1.000000e+00
    outer loop
      vertex   7.692439e+01 2.327964e+01 1.860000e+01
      vertex   8.343835e+01 1.697910e+01 1.860000e+01
      vertex   8.348861e+01 1.650090e+01 1.860000e+01
    endloop
  endfacet
  facet normal -0.000000e+00 -0.000000e+00 -1.000000e+00
    outer loop
      vertex   7.692439e+01 2.327964e+01 1.860000e+01
      vertex   8.348861e+01 1.650090e+01 1.860000e+01
      vertex   7.527004e+01 2.342997e+01 1.860000e+01
    endloop
  endfacet
  facet normal -0.000000e+00 -0.000000e+00 -1.000000e+00
    outer loop
      vertex   7.527004e+01 2.342997e+01 1.860000e+01
      vertex   8.348861e+01 1.650090e+01 1.860000e+01
      vertex   7.360963e+01 2.348014e+01 1.860000e+01
    endloop
  endfacet
  facet normal 0.000000e+00 0.000000e+00 -1.000000e+00
    outer loop
      vertex   7.360963e+01 2.348014e+01 1.860000e+01
      vertex   8.348861e+01 1.650090e+01 1.860000e+01
      vertex   8.363719e+01 1.604360e+01 1.860000e+01
    endloop
  endfacet
  facet normal 0.000000e+00 -0.000000e+00 -1.000000e+00
    outer loop
      vertex   7.360963e+01 2.348014e+01 1.860000e+01
      vertex   8.363719e+01 1.604360e+01 1.860000e+01
      vertex   6.358951e+01 1.604790e+01 1.860000e+01
    endloop
  endfacet
  facet normal 0.000000e+00 -0.000000e+00 -1.000000e+00
    outer loop
      vertex   6.358951e+01 1.604790e+01 1.860000e+01
      vertex   8.363719e+01 1.604360e+01 1.860000e+01
      vertex   6.334910e+01 1.563149e+01 1.860000e+01
    endloop
  endfacet
  facet normal 0.000000e+00 0.000000e+00 -1.000000e+00
    outer loop
      vertex   6.334910e+01 1.563149e+01 1.860000e+01
      vertex   8.363719e+01 1.604360e+01 1.860000e+01
      vertex   8.387761e+01 1.562719e+01 1.860000e+01
    endloop
  endfacet
  facet normal -4.558382e-20 -2.176518e-16 -1.000000e+00
    outer loop
      vertex   6.334910e+01 1.563149e+01 1.860000e+01
      vertex   8.387761e+01 1.562719e+01 1.860000e+01
      vertex   7.970963e+01 -6.948577e-01 1.860000e+01
    endloop
  endfacet
  facet normal -1.883288e-16 -1.695720e-16 -1.000000e+00
    outer loop
      vertex   7.970963e+01 -6.948577e-01 1.860000e+01
      vertex   8.387761e+01 1.562719e+01 1.860000e+01
      vertex   8.419935e+01 1.526987e+01 1.860000e+01
    endloop
  endfacet
  facet normal -1.342507e-16 -1.847803e-16 -1.000000e+00
    outer loop
      vertex   7.970963e+01 -6.948577e-01 1.860000e+01
      vertex   8.419935e+01 1.526987e+01 1.860000e+01
      vertex   8.458835e+01 1.498724e+01 1.860000e+01
    endloop
  endfacet
  facet normal -8.859351e-17 -1.989843e-16 -1.000000e+00
    outer loop
      vertex   8.458835e+01 1.498724e+01 1.860000e+01
      vertex   8.502761e+01 1.479167e+01 1.860000e+01
      vertex   7.970963e+01 -6.948577e-01 1.860000e+01
    endloop
  endfacet
  facet normal -4.544486e-17 -2.138013e-16 -1.000000e+00
    outer loop
      vertex   7.970963e+01 -6.948577e-01 1.860000e+01
      vertex   8.502761e+01 1.479167e+01 1.860000e+01
      vertex   8.549793e+01 1.469170e+01 1.860000e+01
    endloop
  endfacet
  facet normal 0.000000e+00 -2.308973e-16 -1.000000e+00
    outer loop
      vertex   7.970963e+01 -6.948577e-01 1.860000e+01
      vertex   8.549793e+01 1.469170e+01 1.860000e+01
      vertex   8.597876e+01 1.469170e+01 1.860000e+01
    endloop
  endfacet
  facet normal 5.373218e-17 -2.527900e-16 -1.000000e+00
    outer loop
      vertex   8.597876e+01 1.469170e+01 1.860000e+01
      vertex   8.644908e+01 1.479167e+01 1.860000e+01
      vertex   7.970963e+01 -6.948577e-01 1.860000e+01
    endloop
  endfacet
  facet normal -8.288357e-17 -1.933373e-16 -1.000000e+00
    outer loop
      vertex   7.970963e+01 -6.948577e-01 1.860000e+01
      vertex   8.644908e+01 1.479167e+01 1.860000e+01
      vertex   9.714361e+01 1.020693e+01 1.860000e+01
    endloop
  endfacet
  facet normal -1.506497e-16 -8.496670e-17 -1.000000e+00
    outer loop
      vertex   7.970963e+01 -6.948577e-01 1.860000e+01
      vertex   9.714361e+01 1.020693e+01 1.860000e+01
      vertex   9.795967e+01 8.760030e+00 1.860000e+01
    endloop
  endfacet
  facet normal 0.000000e+00 0.000000e+00 -1.000000e+00
    outer loop
      vertex   6.373810e+01 1.746159e+01 1.860000e+01
      vertex   6.865261e+01 2.302969e+01 1.860000e+01
      vertex   6.378836e+01 1.698340e+01 1.860000e+01
    endloop
  endfacet
  facet normal 0.000000e+00 0.000000e+00 -1.000000e+00
    outer loop
      vertex   6.378836e+01 1.698340e+01 1.860000e+01
      vertex   6.865261e+01 2.302969e+01 1.860000e+01
      vertex   7.029487e+01 2.327964e+01 1.860000e+01
    endloop
  endfacet
  facet normal 0.000000e+00 -0.000000e+00 -1.000000e+00
    outer loop
      vertex   6.378836e+01 1.698340e+01 1.860000e+01
      vertex   7.029487e+01 2.327964e+01 1.860000e+01
      vertex   6.373810e+01 1.650520e+01 1.860000e+01
    endloop
  endfacet
  facet normal 0.000000e+00 0.000000e+00 -1.000000e+00
    outer loop
      vertex   6.373810e+01 1.650520e+01 1.860000e+01
      vertex   7.029487e+01 2.327964e+01 1.860000e+01
      vertex   7.194922e+01 2.342997e+01 1.860000e+01
    endloop
  endfacet
  facet normal 0.000000e+00 0.000000e+00 -1.000000e+00
    outer loop
      vertex   6.373810e+01 1.650520e+01 1.860000e+01
      vertex   7.194922e+01 2.342997e+01 1.860000e+01
      vertex   7.360963e+01 2.348014e+01 1.860000e+01
    endloop
  endfacet
  facet normal 0.000000e+00 0.000000e+00 -1.000000e+00
    outer loop
      vertex   6.865261e+01 2.302969e+01 1.860000e+01
      vertex   6.373810e+01 1.746159e+01 1.860000e+01
      vertex   6.702845e+01 2.268104e+01 1.860000e+01
    endloop
  endfacet
  facet normal 0.000000e+00 0.000000e+00 -1.000000e+00
    outer loop
      vertex   6.702845e+01 2.268104e+01 1.860000e+01
      vertex   6.373810e+01 1.746159e+01 1.860000e+01
      vertex   6.358951e+01 1.791889e+01 1.860000e+01
    endloop
  endfacet
  facet normal 0.000000e+00 0.000000e+00 -1.000000e+00
    outer loop
      vertex   6.702845e+01 2.268104e+01 1.860000e+01
      vertex   6.358951e+01 1.791889e+01 1.860000e+01
      vertex   6.542829e+01 2.223497e+01 1.860000e+01
    endloop
  endfacet
  facet normal 0.000000e+00 0.000000e+00 -1.000000e+00
    outer loop
      vertex   6.542829e+01 2.223497e+01 1.860000e+01
      vertex   6.358951e+01 1.791889e+01 1.860000e+01
      vertex   6.334910e+01 1.833530e+01 1.860000e+01
    endloop
  endfacet
  facet normal 0.000000e+00 0.000000e+00 -1.000000e+00
    outer loop
      vertex   6.542829e+01 2.223497e+01 1.860000e+01
      vertex   6.334910e+01 1.833530e+01 1.860000e+01
      vertex   6.385799e+01 2.169309e+01 1.860000e+01
    endloop
  endfacet
  facet normal 0.000000e+00 0.000000e+00 -1.000000e+00
    outer loop
      vertex   6.385799e+01 2.169309e+01 1.860000e+01
      vertex   6.334910e+01 1.833530e+01 1.860000e+01
      vertex   6.302736e+01 1.869263e+01 1.860000e+01
    endloop
  endfacet
  facet normal 0.000000e+00 0.000000e+00 -1.000000e+00
    outer loop
      vertex   6.385799e+01 2.169309e+01 1.860000e+01
      vertex   6.302736e+01 1.869263e+01 1.860000e+01
      vertex   6.263836e+01 1.897526e+01 1.860000e+01
    endloop
  endfacet
  facet normal 0.000000e+00 0.000000e+00 -1.000000e+00
    outer loop
      vertex   6.385799e+01 2.169309e+01 1.860000e+01
      vertex   6.263836e+01 1.897526e+01 1.860000e+01
      vertex   6.232328e+01 2.105739e+01 1.860000e+01
    endloop
  endfacet
  facet normal 0.000000e+00 -0.000000e+00 -1.000000e+00
    outer loop
      vertex   6.232328e+01 2.105739e+01 1.860000e+01
      vertex   6.263836e+01 1.897526e+01 1.860000e+01
      vertex   6.219910e+01 1.917083e+01 1.860000e+01
    endloop
  endfacet
  facet normal 0.000000e+00 0.000000e+00 -1.000000e+00
    outer loop
      vertex   6.232328e+01 2.105739e+01 1.860000e+01
      vertex   6.219910e+01 1.917083e+01 1.860000e+01
      vertex   6.172877e+01 1.927080e+01 1.860000e+01
    endloop
  endfacet
  facet normal 0.000000e+00 0.000000e+00 -1.000000e+00
    outer loop
      vertex   6.232328e+01 2.105739e+01 1.860000e+01
      vertex   6.172877e+01 1.927080e+01 1.860000e+01
      vertex   6.082974e+01 2.033018e+01 1.860000e+01
    endloop
  endfacet
  facet normal 0.000000e+00 0.000000e+00 -1.000000e+00
    outer loop
      vertex   6.082974e+01 2.033018e+01 1.860000e+01
      vertex   6.172877e+01 1.927080e+01 1.860000e+01
      vertex   6.124794e+01 1.927080e+01 1.860000e+01
    endloop
  endfacet
  facet normal 0.000000e+00 -0.000000e+00 -1.000000e+00
    outer loop
      vertex   6.082974e+01 2.033018e+01 1.860000e+01
      vertex   6.124794e+01 1.927080e+01 1.860000e+01
      vertex   6.077762e+01 1.917083e+01 1.860000e+01
    endloop
  endfacet
  facet normal -0.000000e+00 0.000000e+00 -1.000000e+00
    outer loop
      vertex   6.077762e+01 1.917083e+01 1.860000e+01
      vertex   6.033836e+01 1.897526e+01 1.860000e+01
      vertex   6.082974e+01 2.033018e+01 1.860000e+01
    endloop
  endfacet
  facet normal 0.000000e+00 0.000000e+00 -1.000000e+00
    outer loop
      vertex   6.082974e+01 2.033018e+01 1.860000e+01
      vertex   6.033836e+01 1.897526e+01 1.860000e+01
      vertex   5.938284e+01 1.951413e+01 1.860000e+01
    endloop
  endfacet
  facet normal 0.000000e+00 0.000000e+00 -1.000000e+00
    outer loop
      vertex   5.938284e+01 1.951413e+01 1.860000e+01
      vertex   6.033836e+01 1.897526e+01 1.860000e+01
      vertex   5.994936e+01 1.869263e+01 1.860000e+01
    endloop
  endfacet
  facet normal 0.000000e+00 0.000000e+00 -1.000000e+00
    outer loop
      vertex   5.938284e+01 1.951413e+01 1.860000e+01
      vertex   5.994936e+01 1.869263e+01 1.860000e+01
      vertex   5.962762e+01 1.833530e+01 1.860000e+01
    endloop
  endfacet
  facet normal 0.000000e+00 -0.000000e+00 -1.000000e+00
    outer loop
      vertex   5.938284e+01 1.951413e+01 1.860000e+01
      vertex   5.962762e+01 1.833530e+01 1.860000e+01
      vertex   5.798785e+01 1.861220e+01 1.860000e+01
    endloop
  endfacet
  facet normal 0.000000e+00 0.000000e+00 -1.000000e+00
    outer loop
      vertex   5.798785e+01 1.861220e+01 1.860000e+01
      vertex   5.962762e+01 1.833530e+01 1.860000e+01
      vertex   5.938720e+01 1.791889e+01 1.860000e+01
    endloop
  endfacet
  facet normal 0.000000e+00 0.000000e+00 -1.000000e+00
    outer loop
      vertex   5.798785e+01 1.861220e+01 1.860000e+01
      vertex   5.938720e+01 1.791889e+01 1.860000e+01
      vertex   5.923862e+01 1.746159e+01 1.860000e+01
    endloop
  endfacet
  facet normal -0.000000e+00 0.000000e+00 -1.000000e+00
    outer loop
      vertex   5.923862e+01 1.746159e+01 1.860000e+01
      vertex   5.918836e+01 1.698340e+01 1.860000e+01
      vertex   5.798785e+01 1.861220e+01 1.860000e+01
    endloop
  endfacet
  facet normal 0.000000e+00 -0.000000e+00 -1.000000e+00
    outer loop
      vertex   5.798785e+01 1.861220e+01 1.860000e+01
      vertex   5.918836e+01 1.698340e+01 1.860000e+01
      vertex   5.664986e+01 1.762769e+01 1.860000e+01
    endloop
  endfacet
  facet normal 0.000000e+00 0.000000e+00 -1.000000e+00
    outer loop
      vertex   5.664986e+01 1.762769e+01 1.860000e+01
      vertex   5.918836e+01 1.698340e+01 1.860000e+01
      vertex   5.923862e+01 1.650520e+01 1.860000e+01
    endloop
  endfacet
  facet normal 0.000000e+00 0.000000e+00 -1.000000e+00
    outer loop
      vertex   5.664986e+01 1.762769e+01 1.860000e+01
      vertex   5.923862e+01 1.650520e+01 1.860000e+01
      vertex   5.938720e+01 1.604790e+01 1.860000e+01
    endloop
  endfacet
  facet normal 0.000000e+00 -0.000000e+00 -1.000000e+00
    outer loop
      vertex   5.664986e+01 1.762769e+01 1.860000e+01
      vertex   5.938720e+01 1.604790e+01 1.860000e+01
      vertex   5.537375e+01 1.656419e+01 1.860000e+01
    endloop
  endfacet
  facet normal 0.000000e+00 0.000000e+00 -1.000000e+00
    outer loop
      vertex   5.537375e+01 1.656419e+01 1.860000e+01
      vertex   5.938720e+01 1.604790e+01 1.860000e+01
      vertex   5.962762e+01 1.563149e+01 1.860000e+01
    endloop
  endfacet
  facet normal 0.000000e+00 -0.000000e+00 -1.000000e+00
    outer loop
      vertex   5.537375e+01 1.656419e+01 1.860000e+01
      vertex   5.962762e+01 1.563149e+01 1.860000e+01
      vertex   5.416419e+01 1.542558e+01 1.860000e+01
    endloop
  endfacet
  facet normal 0.000000e+00 0.000000e+00 -1.000000e+00
    outer loop
      vertex   5.416419e+01 1.542558e+01 1.860000e+01
      vertex   5.962762e+01 1.563149e+01 1.860000e+01
      vertex   5.994936e+01 1.527416e+01 1.860000e+01
    endloop
  endfacet
  facet normal 0.000000e+00 -0.000000e+00 -1.000000e+00
    outer loop
      vertex   5.416419e+01 1.542558e+01 1.860000e+01
      vertex   5.994936e+01 1.527416e+01 1.860000e+01
      vertex   5.302558e+01 1.421602e+01 1.860000e+01
    endloop
  endfacet
  facet normal 0.000000e+00 0.000000e+00 -1.000000e+00
    outer loop
      vertex   5.302558e+01 1.421602e+01 1.860000e+01
      vertex   5.994936e+01 1.527416e+01 1.860000e+01
      vertex   6.033836e+01 1.499154e+01 1.860000e+01
    endloop
  endfacet
  facet normal 0.000000e+00 -0.000000e+00 -1.000000e+00
    outer loop
      vertex   5.302558e+01 1.421602e+01 1.860000e+01
      vertex   6.033836e+01 1.499154e+01 1.860000e+01
      vertex   5.196208e+01 1.293991e+01 1.860000e+01
    endloop
  endfacet
  facet normal 0.000000e+00 0.000000e+00 -1.000000e+00
    outer loop
      vertex   5.196208e+01 1.293991e+01 1.860000e+01
      vertex   6.033836e+01 1.499154e+01 1.860000e+01
      vertex   6.077762e+01 1.479597e+01 1.860000e+01
    endloop
  endfacet
  facet normal 0.000000e+00 -0.000000e+00 -1.000000e+00
    outer loop
      vertex   5.196208e+01 1.293991e+01 1.860000e+01
      vertex   6.077762e+01 1.479597e+01 1.860000e+01
      vertex   5.097757e+01 1.160192e+01 1.860000e+01
    endloop
  endfacet
  facet normal 0.000000e+00 -0.000000e+00 -1.000000e+00
    outer loop
      vertex   5.097757e+01 1.160192e+01 1.860000e+01
      vertex   6.077762e+01 1.479597e+01 1.860000e+01
      vertex   5.007564e+01 1.020693e+01 1.860000e+01
    endloop
  endfacet
  facet normal -4.973726e-16 1.159910e-15 -1.000000e+00
    outer loop
      vertex   5.007564e+01 1.020693e+01 1.860000e+01
      vertex   6.077762e+01 1.479597e+01 1.860000e+01
      vertex   6.750963e+01 -6.948577e-01 1.860000e+01
    endloop
  endfacet
  facet normal -9.038982e-16 5.098002e-16 -1.000000e+00
    outer loop
      vertex   5.007564e+01 1.020693e+01 1.860000e+01
      vertex   6.750963e+01 -6.948577e-01 1.860000e+01
      vertex   4.925959e+01 8.760030e+00 1.860000e+01
    endloop
  endfacet
  facet normal -1.265086e-15 -1.873736e-16 -1.000000e+00
    outer loop
      vertex   4.925959e+01 8.760030e+00 1.860000e+01
      vertex   6.750963e+01 -6.948577e-01 1.860000e+01
      vertex   5.089864e+01 -2.306325e+00 1.860000e+01
    endloop
  endfacet
  facet normal 0.000000e+00 -0.000000e+00 -1.000000e+00
    outer loop
      vertex   4.925959e+01 8.760030e+00 1.860000e+01
      vertex   5.089864e+01 -2.306325e+00 1.860000e+01
      vertex   4.853238e+01 7.266494e+00 1.860000e+01
    endloop
  endfacet
  facet normal 0.000000e+00 0.000000e+00 -1.000000e+00
    outer loop
      vertex   4.853238e+01 7.266494e+00 1.860000e+01
      vertex   5.089864e+01 -2.306325e+00 1.860000e+01
      vertex   5.050964e+01 -2.023700e+00 1.860000e+01
    endloop
  endfacet
  facet normal 0.000000e+00 -0.000000e+00 -1.000000e+00
    outer loop
      vertex   4.853238e+01 7.266494e+00 1.860000e+01
      vertex   5.050964e+01 -2.023700e+00 1.860000e+01
      vertex   4.789668e+01 5.731777e+00 1.860000e+01
    endloop
  endfacet
  facet normal 0.000000e+00 -0.000000e+00 -1.000000e+00
    outer loop
      vertex   4.789668e+01 5.731777e+00 1.860000e+01
      vertex   5.050964e+01 -2.023700e+00 1.860000e+01
      vertex   4.735480e+01 4.161476e+00 1.860000e+01
    endloop
  endfacet
  facet normal 0.000000e+00 0.000000e+00 -1.000000e+00
    outer loop
      vertex   4.735480e+01 4.161476e+00 1.860000e+01
      vertex   5.050964e+01 -2.023700e+00 1.860000e+01
      vertex   5.007038e+01 -1.828128e+00 1.860000e+01
    endloop
  endfacet
  facet normal 0.000000e+00 -0.000000e+00 -1.000000e+00
    outer loop
      vertex   4.735480e+01 4.161476e+00 1.860000e+01
      vertex   5.007038e+01 -1.828128e+00 1.860000e+01
      vertex   4.690873e+01 2.561323e+00 1.860000e+01
    endloop
  endfacet
  facet normal 0.000000e+00 0.000000e+00 -1.000000e+00
    outer loop
      vertex   4.690873e+01 2.561323e+00 1.860000e+01
      vertex   5.007038e+01 -1.828128e+00 1.860000e+01
      vertex   4.960006e+01 -1.728158e+00 1.860000e+01
    endloop
  endfacet
  facet normal 0.000000e+00 -0.000000e+00 -1.000000e+00
    outer loop
      vertex   4.690873e+01 2.561323e+00 1.860000e+01
      vertex   4.960006e+01 -1.728158e+00 1.860000e+01
      vertex   4.656008e+01 9.371558e-01 1.860000e+01
    endloop
  endfacet
  facet normal 0.000000e+00 0.000000e+00 -1.000000e+00
    outer loop
      vertex   4.656008e+01 9.371558e-01 1.860000e+01
      vertex   4.960006e+01 -1.728158e+00 1.860000e+01
      vertex   4.911922e+01 -1.728158e+00 1.860000e+01
    endloop
  endfacet
  facet normal 0.000000e+00 0.000000e+00 -1.000000e+00
    outer loop
      vertex   4.656008e+01 9.371558e-01 1.860000e+01
      vertex   4.911922e+01 -1.728158e+00 1.860000e+01
      vertex   4.864890e+01 -1.828128e+00 1.860000e+01
    endloop
  endfacet
  facet normal 3.222582e-16 1.516106e-15 -1.000000e+00
    outer loop
      vertex   6.077762e+01 1.479597e+01 1.860000e+01
      vertex   6.124794e+01 1.469600e+01 1.860000e+01
      vertex   6.750963e+01 -6.948577e-01 1.860000e+01
    endloop
  endfacet
  facet normal 0.000000e+00 1.384997e-15 -1.000000e+00
    outer loop
      vertex   6.750963e+01 -6.948577e-01 1.860000e+01
      vertex   6.124794e+01 1.469600e+01 1.860000e+01
      vertex   6.172877e+01 1.469600e+01 1.860000e+01
    endloop
  endfacet
  facet normal -2.726246e-16 1.282598e-15 -1.000000e+00
    outer loop
      vertex   6.750963e+01 -6.948577e-01 1.860000e+01
      vertex   6.172877e+01 1.469600e+01 1.860000e+01
      vertex   6.219910e+01 1.479597e+01 1.860000e+01
    endloop
  endfacet
  facet normal -5.315318e-16 1.193840e-15 -1.000000e+00
    outer loop
      vertex   6.219910e+01 1.479597e+01 1.860000e+01
      vertex   6.263836e+01 1.499154e+01 1.860000e+01
      vertex   6.750963e+01 -6.948577e-01 1.860000e+01
    endloop
  endfacet
  facet normal -8.055509e-16 1.108746e-15 -1.000000e+00
    outer loop
      vertex   6.750963e+01 -6.948577e-01 1.860000e+01
      vertex   6.263836e+01 1.499154e+01 1.860000e+01
      vertex   6.302736e+01 1.527416e+01 1.860000e+01
    endloop
  endfacet
  facet normal -1.130187e-15 1.017625e-15 -1.000000e+00
    outer loop
      vertex   6.750963e+01 -6.948577e-01 1.860000e+01
      vertex   6.302736e+01 1.527416e+01 1.860000e+01
      vertex   6.334910e+01 1.563149e+01 1.860000e+01
    endloop
  endfacet
  facet normal 0.000000e+00 0.000000e+00 -1.000000e+00
    outer loop
      vertex   6.358951e+01 1.604790e+01 1.860000e+01
      vertex   6.373810e+01 1.650520e+01 1.860000e+01
      vertex   7.360963e+01 2.348014e+01 1.860000e+01
    endloop
  endfacet
  facet normal -1.375158e-15 1.445349e-16 -1.000000e+00
    outer loop
      vertex   5.160938e+01 -4.493755e+00 1.860000e+01
      vertex   5.165964e+01 -4.015558e+00 1.860000e+01
      vertex   6.750963e+01 -6.948577e-01 1.860000e+01
    endloop
  endfacet
  facet normal -1.315900e-15 -1.383067e-16 -1.000000e+00
    outer loop
      vertex   6.750963e+01 -6.948577e-01 1.860000e+01
      vertex   5.165964e+01 -4.015558e+00 1.860000e+01
      vertex   5.160938e+01 -3.537361e+00 1.860000e+01
    endloop
  endfacet
  facet normal -1.267029e-15 -4.116826e-16 -1.000000e+00
    outer loop
      vertex   6.750963e+01 -6.948577e-01 1.860000e+01
      vertex   5.160938e+01 -3.537361e+00 1.860000e+01
      vertex   5.146079e+01 -3.080064e+00 1.860000e+01
    endloop
  endfacet
  facet normal -1.223251e-15 -7.062440e-16 -1.000000e+00
    outer loop
      vertex   5.146079e+01 -3.080064e+00 1.860000e+01
      vertex   5.122038e+01 -2.663652e+00 1.860000e+01
      vertex   6.750963e+01 -6.948577e-01 1.860000e+01
    endloop
  endfacet
  facet normal -1.180175e-15 -1.062635e-15 -1.000000e+00
    outer loop
      vertex   6.750963e+01 -6.948577e-01 1.860000e+01
      vertex   5.122038e+01 -2.663652e+00 1.860000e+01
      vertex   5.089864e+01 -2.306325e+00 1.860000e+01
    endloop
  endfacet
  facet normal 0.000000e+00 -0.000000e+00 -1.000000e+00
    outer loop
      vertex   4.656008e+01 9.371558e-01 1.860000e+01
      vertex   4.864890e+01 -1.828128e+00 1.860000e+01
      vertex   4.631013e+01 -7.050990e-01 1.860000e+01
    endloop
  endfacet
  facet normal 0.000000e+00 0.000000e+00 -1.000000e+00
    outer loop
      vertex   4.631013e+01 -7.050990e-01 1.860000e+01
      vertex   4.864890e+01 -1.828128e+00 1.860000e+01
      vertex   4.820964e+01 -2.023700e+00 1.860000e+01
    endloop
  endfacet
  facet normal 0.000000e+00 0.000000e+00 -1.000000e+00
    outer loop
      vertex   4.631013e+01 -7.050990e-01 1.860000e+01
      vertex   4.820964e+01 -2.023700e+00 1.860000e+01
      vertex   4.782064e+01 -2.306325e+00 1.860000e+01
    endloop
  endfacet
  facet normal 0.000000e+00 -0.000000e+00 -1.000000e+00
    outer loop
      vertex   4.631013e+01 -7.050990e-01 1.860000e+01
      vertex   4.782064e+01 -2.306325e+00 1.860000e+01
      vertex   4.615980e+01 -2.359449e+00 1.860000e+01
    endloop
  endfacet
  facet normal 0.000000e+00 0.000000e+00 -1.000000e+00
    outer loop
      vertex   4.615980e+01 -2.359449e+00 1.860000e+01
      vertex   4.782064e+01 -2.306325e+00 1.860000e+01
      vertex   4.749890e+01 -2.663652e+00 1.860000e+01
    endloop
  endfacet
  facet normal 0.000000e+00 0.000000e+00 -1.000000e+00
    outer loop
      vertex   4.615980e+01 -2.359449e+00 1.860000e+01
      vertex   4.749890e+01 -2.663652e+00 1.860000e+01
      vertex   4.725849e+01 -3.080064e+00 1.860000e+01
    endloop
  endfacet
  facet normal -0.000000e+00 0.000000e+00 -1.000000e+00
    outer loop
      vertex   4.725849e+01 -3.080064e+00 1.860000e+01
      vertex   4.710990e+01 -3.537361e+00 1.860000e+01
      vertex   4.615980e+01 -2.359449e+00 1.860000e+01
    endloop
  endfacet
  facet normal 0.000000e+00 -0.000000e+00 -1.000000e+00
    outer loop
      vertex   4.615980e+01 -2.359449e+00 1.860000e+01
      vertex   4.710990e+01 -3.537361e+00 1.860000e+01
      vertex   4.610963e+01 -4.019858e+00 1.860000e+01
    endloop
  endfacet
  facet normal 0.000000e+00 0.000000e+00 -1.000000e+00
    outer loop
      vertex   4.610963e+01 -4.019858e+00 1.860000e+01
      vertex   4.710990e+01 -3.537361e+00 1.860000e+01
      vertex   4.705964e+01 -4.015558e+00 1.860000e+01
    endloop
  endfacet
  facet normal 0.000000e+00 0.000000e+00 -1.000000e+00
    outer loop
      vertex   4.610963e+01 -4.019858e+00 1.860000e+01
      vertex   4.705964e+01 -4.015558e+00 1.860000e+01
      vertex   4.710990e+01 -4.493755e+00 1.860000e+01
    endloop
  endfacet
  facet normal 0.000000e+00 0.000000e+00 -1.000000e+00
    outer loop
      vertex   4.610963e+01 -4.019858e+00 1.860000e+01
      vertex   4.710990e+01 -4.493755e+00 1.860000e+01
      vertex   4.615980e+01 -5.680266e+00 1.860000e+01
    endloop
  endfacet
  facet normal 0.000000e+00 0.000000e+00 -1.000000e+00
    outer loop
      vertex   4.615980e+01 -5.680266e+00 1.860000e+01
      vertex   4.710990e+01 -4.493755e+00 1.860000e+01
      vertex   4.725849e+01 -4.951053e+00 1.860000e+01
    endloop
  endfacet
  facet normal 0.000000e+00 0.000000e+00 -1.000000e+00
    outer loop
      vertex   4.615980e+01 -5.680266e+00 1.860000e+01
      vertex   4.725849e+01 -4.951053e+00 1.860000e+01
      vertex   4.749890e+01 -5.367464e+00 1.860000e+01
    endloop
  endfacet
  facet normal 0.000000e+00 -0.000000e+00 -1.000000e+00
    outer loop
      vertex   4.749890e+01 -5.367464e+00 1.860000e+01
      vertex   4.782064e+01 -5.724791e+00 1.860000e+01
      vertex   4.615980e+01 -5.680266e+00 1.860000e+01
    endloop
  endfacet
  facet normal 0.000000e+00 0.000000e+00 -1.000000e+00
    outer loop
      vertex   4.615980e+01 -5.680266e+00 1.860000e+01
      vertex   4.782064e+01 -5.724791e+00 1.860000e+01
      vertex   4.631013e+01 -7.334616e+00 1.860000e+01
    endloop
  endfacet
  facet normal 0.000000e+00 0.000000e+00 -1.000000e+00
    outer loop
      vertex   4.631013e+01 -7.334616e+00 1.860000e+01
      vertex   4.782064e+01 -5.724791e+00 1.860000e+01
      vertex   4.820964e+01 -6.007417e+00 1.860000e+01
    endloop
  endfacet
  facet normal 0.000000e+00 0.000000e+00 -1.000000e+00
    outer loop
      vertex   4.631013e+01 -7.334616e+00 1.860000e+01
      vertex   4.820964e+01 -6.007417e+00 1.860000e+01
      vertex   4.864890e+01 -6.202988e+00 1.860000e+01
    endloop
  endfacet
  facet normal 0.000000e+00 0.000000e+00 -1.000000e+00
    outer loop
      vertex   4.631013e+01 -7.334616e+00 1.860000e+01
      vertex   4.864890e+01 -6.202988e+00 1.860000e+01
      vertex   4.656008e+01 -8.976871e+00 1.860000e+01
    endloop
  endfacet
  facet normal 0.000000e+00 0.000000e+00 -1.000000e+00
    outer loop
      vertex   4.656008e+01 -8.976871e+00 1.860000e+01
      vertex   4.864890e+01 -6.202988e+00 1.860000e+01
      vertex   4.911922e+01 -6.302959e+00 1.860000e+01
    endloop
  endfacet
  facet normal 0.000000e+00 0.000000e+00 -1.000000e+00
    outer loop
      vertex   4.656008e+01 -8.976871e+00 1.860000e+01
      vertex   4.911922e+01 -6.302959e+00 1.860000e+01
      vertex   4.960006e+01 -6.302959e+00 1.860000e+01
    endloop
  endfacet
  facet normal 0.000000e+00 0.000000e+00 -1.000000e+00
    outer loop
      vertex   4.656008e+01 -8.976871e+00 1.860000e+01
      vertex   4.960006e+01 -6.302959e+00 1.860000e+01
      vertex   4.690873e+01 -1.060104e+01 1.860000e+01
    endloop
  endfacet
  facet normal 0.000000e+00 0.000000e+00 -1.000000e+00
    outer loop
      vertex   4.690873e+01 -1.060104e+01 1.860000e+01
      vertex   4.960006e+01 -6.302959e+00 1.860000e+01
      vertex   5.007038e+01 -6.202988e+00 1.860000e+01
    endloop
  endfacet
  facet normal 0.000000e+00 0.000000e+00 -1.000000e+00
    outer loop
      vertex   4.690873e+01 -1.060104e+01 1.860000e+01
      vertex   5.007038e+01 -6.202988e+00 1.860000e+01
      vertex   4.735480e+01 -1.220119e+01 1.860000e+01
    endloop
  endfacet
  facet normal 0.000000e+00 0.000000e+00 -1.000000e+00
    outer loop
      vertex   4.735480e+01 -1.220119e+01 1.860000e+01
      vertex   5.007038e+01 -6.202988e+00 1.860000e+01
      vertex   5.050964e+01 -6.007417e+00 1.860000e+01
    endloop
  endfacet
  facet normal 0.000000e+00 0.000000e+00 -1.000000e+00
    outer loop
      vertex   4.735480e+01 -1.220119e+01 1.860000e+01
      vertex   5.050964e+01 -6.007417e+00 1.860000e+01
      vertex   4.789668e+01 -1.377149e+01 1.860000e+01
    endloop
  endfacet
  facet normal 0.000000e+00 0.000000e+00 -1.000000e+00
    outer loop
      vertex   4.789668e+01 -1.377149e+01 1.860000e+01
      vertex   5.050964e+01 -6.007417e+00 1.860000e+01
      vertex   4.853238e+01 -1.530621e+01 1.860000e+01
    endloop
  endfacet
  facet normal 0.000000e+00 0.000000e+00 -1.000000e+00
    outer loop
      vertex   4.853238e+01 -1.530621e+01 1.860000e+01
      vertex   5.050964e+01 -6.007417e+00 1.860000e+01
      vertex   5.089864e+01 -5.724791e+00 1.860000e+01
    endloop
  endfacet
  facet normal 0.000000e+00 0.000000e+00 -1.000000e+00
    outer loop
      vertex   4.853238e+01 -1.530621e+01 1.860000e+01
      vertex   5.089864e+01 -5.724791e+00 1.860000e+01
      vertex   4.925959e+01 -1.679974e+01 1.860000e+01
    endloop
  endfacet
  facet normal 0.000000e+00 0.000000e+00 -1.000000e+00
    outer loop
      vertex   4.925959e+01 -1.679974e+01 1.860000e+01
      vertex   5.089864e+01 -5.724791e+00 1.860000e+01
      vertex   6.750963e+01 -1.289486e+01 1.860000e+01
    endloop
  endfacet
  facet normal 0.000000e+00 0.000000e+00 -1.000000e+00
    outer loop
      vertex   4.925959e+01 -1.679974e+01 1.860000e+01
      vertex   6.750963e+01 -1.289486e+01 1.860000e+01
      vertex   5.007564e+01 -1.824665e+01 1.860000e+01
    endloop
  endfacet
  facet normal 0.000000e+00 0.000000e+00 -1.000000e+00
    outer loop
      vertex   5.007564e+01 -1.824665e+01 1.860000e+01
      vertex   6.750963e+01 -1.289486e+01 1.860000e+01
      vertex   5.097757e+01 -1.964164e+01 1.860000e+01
    endloop
  endfacet
  facet normal 0.000000e+00 0.000000e+00 -1.000000e+00
    outer loop
      vertex   5.097757e+01 -1.964164e+01 1.860000e+01
      vertex   6.750963e+01 -1.289486e+01 1.860000e+01
      vertex   6.077017e+01 -2.283138e+01 1.860000e+01
    endloop
  endfacet
  facet normal 0.000000e+00 0.000000e+00 -1.000000e+00
    outer loop
      vertex   5.097757e+01 -1.964164e+01 1.860000e+01
      vertex   6.077017e+01 -2.283138e+01 1.860000e+01
      vertex   5.196208e+01 -2.097963e+01 1.860000e+01
    endloop
  endfacet
  facet normal 0.000000e+00 0.000000e+00 -1.000000e+00
    outer loop
      vertex   5.196208e+01 -2.097963e+01 1.860000e+01
      vertex   6.077017e+01 -2.283138e+01 1.860000e+01
      vertex   6.033091e+01 -2.302696e+01 1.860000e+01
    endloop
  endfacet
  facet normal 0.000000e+00 0.000000e+00 -1.000000e+00
    outer loop
      vertex   5.196208e+01 -2.097963e+01 1.860000e+01
      vertex   6.033091e+01 -2.302696e+01 1.860000e+01
      vertex   5.302558e+01 -2.225573e+01 1.860000e+01
    endloop
  endfacet
  facet normal 0.000000e+00 0.000000e+00 -1.000000e+00
    outer loop
      vertex   5.302558e+01 -2.225573e+01 1.860000e+01
      vertex   6.033091e+01 -2.302696e+01 1.860000e+01
      vertex   5.994191e+01 -2.330958e+01 1.860000e+01
    endloop
  endfacet
  facet normal 0.000000e+00 0.000000e+00 -1.000000e+00
    outer loop
      vertex   5.302558e+01 -2.225573e+01 1.860000e+01
      vertex   5.994191e+01 -2.330958e+01 1.860000e+01
      vertex   5.416419e+01 -2.346529e+01 1.860000e+01
    endloop
  endfacet
  facet normal 0.000000e+00 0.000000e+00 -1.000000e+00
    outer loop
      vertex   5.416419e+01 -2.346529e+01 1.860000e+01
      vertex   5.994191e+01 -2.330958e+01 1.860000e+01
      vertex   5.962017e+01 -2.366691e+01 1.860000e+01
    endloop
  endfacet
  facet normal 0.000000e+00 0.000000e+00 -1.000000e+00
    outer loop
      vertex   5.416419e+01 -2.346529e+01 1.860000e+01
      vertex   5.962017e+01 -2.366691e+01 1.860000e+01
      vertex   5.537375e+01 -2.460390e+01 1.860000e+01
    endloop
  endfacet
  facet normal 0.000000e+00 0.000000e+00 -1.000000e+00
    outer loop
      vertex   5.537375e+01 -2.460390e+01 1.860000e+01
      vertex   5.962017e+01 -2.366691e+01 1.860000e+01
      vertex   5.937976e+01 -2.408332e+01 1.860000e+01
    endloop
  endfacet
  facet normal 0.000000e+00 0.000000e+00 -1.000000e+00
    outer loop
      vertex   5.537375e+01 -2.460390e+01 1.860000e+01
      vertex   5.937976e+01 -2.408332e+01 1.860000e+01
      vertex   5.664986e+01 -2.566740e+01 1.860000e+01
    endloop
  endfacet
  facet normal 0.000000e+00 0.000000e+00 -1.000000e+00
    outer loop
      vertex   5.664986e+01 -2.566740e+01 1.860000e+01
      vertex   5.937976e+01 -2.408332e+01 1.860000e+01
      vertex   5.923117e+01 -2.454062e+01 1.860000e+01
    endloop
  endfacet
  facet normal 0.000000e+00 0.000000e+00 -1.000000e+00
    outer loop
      vertex   5.664986e+01 -2.566740e+01 1.860000e+01
      vertex   5.923117e+01 -2.454062e+01 1.860000e+01
      vertex   5.918091e+01 -2.501881e+01 1.860000e+01
    endloop
  endfacet
  facet normal 0.000000e+00 0.000000e+00 -1.000000e+00
    outer loop
      vertex   5.089864e+01 -5.724791e+00 1.860000e+01
      vertex   5.122038e+01 -5.367464e+00 1.860000e+01
      vertex   6.750963e+01 -1.289486e+01 1.860000e+01
    endloop
  endfacet
  facet normal 0.000000e+00 0.000000e+00 -1.000000e+00
    outer loop
      vertex   6.750963e+01 -1.289486e+01 1.860000e+01
      vertex   5.122038e+01 -5.367464e+00 1.860000e+01
      vertex   5.146079e+01 -4.951053e+00 1.860000e+01
    endloop
  endfacet
  facet normal 0.000000e+00 0.000000e+00 -1.000000e+00
    outer loop
      vertex   6.750963e+01 -1.289486e+01 1.860000e+01
      vertex   5.146079e+01 -4.951053e+00 1.860000e+01
      vertex   5.160938e+01 -4.493755e+00 1.860000e+01
    endloop
  endfacet
  facet normal -9.231749e-16 -1.747236e-15 -1.000000e+00
    outer loop
      vertex   6.750963e+01 -1.289486e+01 1.860000e+01
      vertex   5.160938e+01 -4.493755e+00 1.860000e+01
      vertex   6.750963e+01 -6.948577e-01 1.860000e+01
    endloop
  endfacet
  facet normal -0.000000e+00 -0.000000e+00 -1.000000e+00
    outer loop
      vertex   7.970963e+01 -1.289486e+01 1.860000e+01
      vertex   8.362974e+01 -2.408762e+01 1.860000e+01
      vertex   6.750963e+01 -1.289486e+01 1.860000e+01
    endloop
  endfacet
  facet normal 0.000000e+00 -0.000000e+00 -1.000000e+00
    outer loop
      vertex   6.750963e+01 -1.289486e+01 1.860000e+01
      vertex   8.362974e+01 -2.408762e+01 1.860000e+01
      vertex   6.358207e+01 -2.408332e+01 1.860000e+01
    endloop
  endfacet
  facet normal 0.000000e+00 0.000000e+00 -1.000000e+00
    outer loop
      vertex   6.750963e+01 -1.289486e+01 1.860000e+01
      vertex   6.358207e+01 -2.408332e+01 1.860000e+01
      vertex   6.334165e+01 -2.366691e+01 1.860000e+01
    endloop
  endfacet
  facet normal -1.537050e-16 2.912060e-16 -1.000000e+00
    outer loop
      vertex   7.970963e+01 -6.948577e-01 1.860000e+01
      vertex   9.560988e+01 -4.502354e+00 1.860000e+01
      vertex   7.970963e+01 -1.289486e+01 1.860000e+01
    endloop
  endfacet
  facet normal 0.000000e+00 0.000000e+00 -1.000000e+00
    outer loop
      vertex   7.970963e+01 -1.289486e+01 1.860000e+01
      vertex   9.560988e+01 -4.502354e+00 1.860000e+01
      vertex   9.575846e+01 -4.959651e+00 1.860000e+01
    endloop
  endfacet
  facet normal 0.000000e+00 0.000000e+00 -1.000000e+00
    outer loop
      vertex   7.970963e+01 -1.289486e+01 1.860000e+01
      vertex   9.575846e+01 -4.959651e+00 1.860000e+01
      vertex   9.599888e+01 -5.376063e+00 1.860000e+01
    endloop
  endfacet
  facet normal 2.038442e-15 1.825104e-15 -1.000000e+00
    outer loop
      vertex   7.970963e+01 -6.948577e-01 1.860000e+01
      vertex   6.750963e+01 -6.948577e-01 1.860000e+01
      vertex   6.334910e+01 1.563149e+01 1.860000e+01
    endloop
  endfacet
  facet normal 0.000000e+00 0.000000e+00 -1.000000e+00
    outer loop
      vertex   8.798064e+01 -2.454492e+01 1.860000e+01
      vertex   9.056940e+01 -2.566740e+01 1.860000e+01
      vertex   8.803090e+01 -2.502311e+01 1.860000e+01
    endloop
  endfacet
  facet normal 0.000000e+00 0.000000e+00 -1.000000e+00
    outer loop
      vertex   8.803090e+01 -2.502311e+01 1.860000e+01
      vertex   9.056940e+01 -2.566740e+01 1.860000e+01
      vertex   8.923141e+01 -2.665191e+01 1.860000e+01
    endloop
  endfacet
  facet normal 0.000000e+00 -0.000000e+00 -1.000000e+00
    outer loop
      vertex   8.803090e+01 -2.502311e+01 1.860000e+01
      vertex   8.923141e+01 -2.665191e+01 1.860000e+01
      vertex   8.798064e+01 -2.550131e+01 1.860000e+01
    endloop
  endfacet
  facet normal 0.000000e+00 -0.000000e+00 -1.000000e+00
    outer loop
      vertex   8.798064e+01 -2.550131e+01 1.860000e+01
      vertex   8.923141e+01 -2.665191e+01 1.860000e+01
      vertex   8.783205e+01 -2.595861e+01 1.860000e+01
    endloop
  endfacet
  facet normal 0.000000e+00 -0.000000e+00 -1.000000e+00
    outer loop
      vertex   8.783205e+01 -2.595861e+01 1.860000e+01
      vertex   8.923141e+01 -2.665191e+01 1.860000e+01
      vertex   8.759164e+01 -2.637502e+01 1.860000e+01
    endloop
  endfacet
  facet normal 0.000000e+00 0.000000e+00 -1.000000e+00
    outer loop
      vertex   8.759164e+01 -2.637502e+01 1.860000e+01
      vertex   8.923141e+01 -2.665191e+01 1.860000e+01
      vertex   8.783642e+01 -2.755384e+01 1.860000e+01
    endloop
  endfacet
  facet normal 0.000000e+00 -0.000000e+00 -1.000000e+00
    outer loop
      vertex   8.759164e+01 -2.637502e+01 1.860000e+01
      vertex   8.783642e+01 -2.755384e+01 1.860000e+01
      vertex   8.726990e+01 -2.673235e+01 1.860000e+01
    endloop
  endfacet
  facet normal 0.000000e+00 -0.000000e+00 -1.000000e+00
    outer loop
      vertex   8.726990e+01 -2.673235e+01 1.860000e+01
      vertex   8.783642e+01 -2.755384e+01 1.860000e+01
      vertex   8.688090e+01 -2.701497e+01 1.860000e+01
    endloop
  endfacet
  facet normal 0.000000e+00 -0.000000e+00 -1.000000e+00
    outer loop
      vertex   8.688090e+01 -2.701497e+01 1.860000e+01
      vertex   8.783642e+01 -2.755384e+01 1.860000e+01
      vertex   8.638952e+01 -2.836990e+01 1.860000e+01
    endloop
  endfacet
  facet normal 0.000000e+00 0.000000e+00 -1.000000e+00
    outer loop
      vertex   8.688090e+01 -2.701497e+01 1.860000e+01
      vertex   8.638952e+01 -2.836990e+01 1.860000e+01
      vertex   8.644164e+01 -2.721054e+01 1.860000e+01
    endloop
  endfacet
  facet normal 0.000000e+00 0.000000e+00 -1.000000e+00
    outer loop
      vertex   8.644164e+01 -2.721054e+01 1.860000e+01
      vertex   8.638952e+01 -2.836990e+01 1.860000e+01
      vertex   8.597131e+01 -2.731051e+01 1.860000e+01
    endloop
  endfacet
  facet normal -0.000000e+00 -0.000000e+00 -1.000000e+00
    outer loop
      vertex   8.597131e+01 -2.731051e+01 1.860000e+01
      vertex   8.638952e+01 -2.836990e+01 1.860000e+01
      vertex   8.549048e+01 -2.731051e+01 1.860000e+01
    endloop
  endfacet
  facet normal 0.000000e+00 -0.000000e+00 -1.000000e+00
    outer loop
      vertex   8.549048e+01 -2.731051e+01 1.860000e+01
      vertex   8.638952e+01 -2.836990e+01 1.860000e+01
      vertex   8.489598e+01 -2.909710e+01 1.860000e+01
    endloop
  endfacet
  facet normal -0.000000e+00 0.000000e+00 -1.000000e+00
    outer loop
      vertex   8.549048e+01 -2.731051e+01 1.860000e+01
      vertex   8.489598e+01 -2.909710e+01 1.860000e+01
      vertex   8.502016e+01 -2.721054e+01 1.860000e+01
    endloop
  endfacet
  facet normal -0.000000e+00 0.000000e+00 -1.000000e+00
    outer loop
      vertex   8.502016e+01 -2.721054e+01 1.860000e+01
      vertex   8.489598e+01 -2.909710e+01 1.860000e+01
      vertex   8.458090e+01 -2.701497e+01 1.860000e+01
    endloop
  endfacet
  facet normal 0.000000e+00 -0.000000e+00 -1.000000e+00
    outer loop
      vertex   8.458090e+01 -2.701497e+01 1.860000e+01
      vertex   8.489598e+01 -2.909710e+01 1.860000e+01
      vertex   8.336126e+01 -2.973280e+01 1.860000e+01
    endloop
  endfacet
  facet normal -0.000000e+00 0.000000e+00 -1.000000e+00
    outer loop
      vertex   8.458090e+01 -2.701497e+01 1.860000e+01
      vertex   8.336126e+01 -2.973280e+01 1.860000e+01
      vertex   8.419190e+01 -2.673235e+01 1.860000e+01
    endloop
  endfacet
  facet normal -0.000000e+00 0.000000e+00 -1.000000e+00
    outer loop
      vertex   8.419190e+01 -2.673235e+01 1.860000e+01
      vertex   8.336126e+01 -2.973280e+01 1.860000e+01
      vertex   8.387016e+01 -2.637502e+01 1.860000e+01
    endloop
  endfacet
  facet normal 0.000000e+00 0.000000e+00 -1.000000e+00
    outer loop
      vertex   8.387016e+01 -2.637502e+01 1.860000e+01
      vertex   8.336126e+01 -2.973280e+01 1.860000e+01
      vertex   8.179096e+01 -3.027468e+01 1.860000e+01
    endloop
  endfacet
  facet normal -0.000000e+00 0.000000e+00 -1.000000e+00
    outer loop
      vertex   8.387016e+01 -2.637502e+01 1.860000e+01
      vertex   8.179096e+01 -3.027468e+01 1.860000e+01
      vertex   8.362974e+01 -2.595861e+01 1.860000e+01
    endloop
  endfacet
  facet normal 0.000000e+00 0.000000e+00 -1.000000e+00
    outer loop
      vertex   8.362974e+01 -2.595861e+01 1.860000e+01
      vertex   8.179096e+01 -3.027468e+01 1.860000e+01
      vertex   8.019081e+01 -3.072076e+01 1.860000e+01
    endloop
  endfacet
  facet normal -0.000000e+00 0.000000e+00 -1.000000e+00
    outer loop
      vertex   8.362974e+01 -2.595861e+01 1.860000e+01
      vertex   8.019081e+01 -3.072076e+01 1.860000e+01
      vertex   8.348116e+01 -2.550131e+01 1.860000e+01
    endloop
  endfacet
  facet normal 0.000000e+00 0.000000e+00 -1.000000e+00
    outer loop
      vertex   8.348116e+01 -2.550131e+01 1.860000e+01
      vertex   8.019081e+01 -3.072076e+01 1.860000e+01
      vertex   7.856664e+01 -3.106941e+01 1.860000e+01
    endloop
  endfacet
  facet normal -0.000000e+00 0.000000e+00 -1.000000e+00
    outer loop
      vertex   8.348116e+01 -2.550131e+01 1.860000e+01
      vertex   7.856664e+01 -3.106941e+01 1.860000e+01
      vertex   8.343090e+01 -2.502311e+01 1.860000e+01
    endloop
  endfacet
  facet normal 0.000000e+00 0.000000e+00 -1.000000e+00
    outer loop
      vertex   8.343090e+01 -2.502311e+01 1.860000e+01
      vertex   7.856664e+01 -3.106941e+01 1.860000e+01
      vertex   7.692439e+01 -3.131935e+01 1.860000e+01
    endloop
  endfacet
  facet normal -0.000000e+00 0.000000e+00 -1.000000e+00
    outer loop
      vertex   8.343090e+01 -2.502311e+01 1.860000e+01
      vertex   7.692439e+01 -3.131935e+01 1.860000e+01
      vertex   8.348116e+01 -2.454492e+01 1.860000e+01
    endloop
  endfacet
  facet normal 0.000000e+00 0.000000e+00 -1.000000e+00
    outer loop
      vertex   8.348116e+01 -2.454492e+01 1.860000e+01
      vertex   7.692439e+01 -3.131935e+01 1.860000e+01
      vertex   7.527004e+01 -3.146969e+01 1.860000e+01
    endloop
  endfacet
  facet normal 0.000000e+00 0.000000e+00 -1.000000e+00
    outer loop
      vertex   8.348116e+01 -2.454492e+01 1.860000e+01
      vertex   7.527004e+01 -3.146969e+01 1.860000e+01
      vertex   7.360963e+01 -3.151986e+01 1.860000e+01
    endloop
  endfacet
  facet normal 0.000000e+00 0.000000e+00 -1.000000e+00
    outer loop
      vertex   8.798064e+01 -2.454492e+01 1.860000e+01
      vertex   8.783205e+01 -2.408762e+01 1.860000e+01
      vertex   9.056940e+01 -2.566740e+01 1.860000e+01
    endloop
  endfacet
  facet normal 0.000000e+00 0.000000e+00 -1.000000e+00
    outer loop
      vertex   9.056940e+01 -2.566740e+01 1.860000e+01
      vertex   8.783205e+01 -2.408762e+01 1.860000e+01
      vertex   9.184550e+01 -2.460390e+01 1.860000e+01
    endloop
  endfacet
  facet normal 0.000000e+00 0.000000e+00 -1.000000e+00
    outer loop
      vertex   9.184550e+01 -2.460390e+01 1.860000e+01
      vertex   8.783205e+01 -2.408762e+01 1.860000e+01
      vertex   8.759164e+01 -2.367121e+01 1.860000e+01
    endloop
  endfacet
  facet normal 0.000000e+00 0.000000e+00 -1.000000e+00
    outer loop
      vertex   9.184550e+01 -2.460390e+01 1.860000e+01
      vertex   8.759164e+01 -2.367121e+01 1.860000e+01
      vertex   9.305506e+01 -2.346529e+01 1.860000e+01
    endloop
  endfacet
  facet normal -0.000000e+00 0.000000e+00 -1.000000e+00
    outer loop
      vertex   9.305506e+01 -2.346529e+01 1.860000e+01
      vertex   8.759164e+01 -2.367121e+01 1.860000e+01
      vertex   8.726990e+01 -2.331388e+01 1.860000e+01
    endloop
  endfacet
  facet normal 0.000000e+00 0.000000e+00 -1.000000e+00
    outer loop
      vertex   9.305506e+01 -2.346529e+01 1.860000e+01
      vertex   8.726990e+01 -2.331388e+01 1.860000e+01
      vertex   9.419367e+01 -2.225573e+01 1.860000e+01
    endloop
  endfacet
  facet normal 0.000000e+00 0.000000e+00 -1.000000e+00
    outer loop
      vertex   9.419367e+01 -2.225573e+01 1.860000e+01
      vertex   8.726990e+01 -2.331388e+01 1.860000e+01
      vertex   8.688090e+01 -2.303126e+01 1.860000e+01
    endloop
  endfacet
  facet normal -0.000000e+00 0.000000e+00 -1.000000e+00
    outer loop
      vertex   9.419367e+01 -2.225573e+01 1.860000e+01
      vertex   8.688090e+01 -2.303126e+01 1.860000e+01
      vertex   9.525717e+01 -2.097963e+01 1.860000e+01
    endloop
  endfacet
  facet normal 0.000000e+00 0.000000e+00 -1.000000e+00
    outer loop
      vertex   9.525717e+01 -2.097963e+01 1.860000e+01
      vertex   8.688090e+01 -2.303126e+01 1.860000e+01
      vertex   8.644164e+01 -2.283568e+01 1.860000e+01
    endloop
  endfacet
  facet normal -0.000000e+00 0.000000e+00 -1.000000e+00
    outer loop
      vertex   9.525717e+01 -2.097963e+01 1.860000e+01
      vertex   8.644164e+01 -2.283568e+01 1.860000e+01
      vertex   9.624168e+01 -1.964164e+01 1.860000e+01
    endloop
  endfacet
  facet normal -0.000000e+00 0.000000e+00 -1.000000e+00
    outer loop
      vertex   9.624168e+01 -1.964164e+01 1.860000e+01
      vertex   8.644164e+01 -2.283568e+01 1.860000e+01
      vertex   7.970963e+01 -1.289486e+01 1.860000e+01
    endloop
  endfacet
  facet normal 0.000000e+00 0.000000e+00 -1.000000e+00
    outer loop
      vertex   9.624168e+01 -1.964164e+01 1.860000e+01
      vertex   7.970963e+01 -1.289486e+01 1.860000e+01
      vertex   9.714361e+01 -1.824665e+01 1.860000e+01
    endloop
  endfacet
  facet normal 0.000000e+00 0.000000e+00 -1.000000e+00
    outer loop
      vertex   9.714361e+01 -1.824665e+01 1.860000e+01
      vertex   7.970963e+01 -1.289486e+01 1.860000e+01
      vertex   9.795967e+01 -1.679974e+01 1.860000e+01
    endloop
  endfacet
  facet normal 0.000000e+00 0.000000e+00 -1.000000e+00
    outer loop
      vertex   9.795967e+01 -1.679974e+01 1.860000e+01
      vertex   7.970963e+01 -1.289486e+01 1.860000e+01
      vertex   9.632062e+01 -5.733390e+00 1.860000e+01
    endloop
  endfacet
  facet normal 0.000000e+00 0.000000e+00 -1.000000e+00
    outer loop
      vertex   9.795967e+01 -1.679974e+01 1.860000e+01
      vertex   9.632062e+01 -5.733390e+00 1.860000e+01
      vertex   9.868687e+01 -1.530621e+01 1.860000e+01
    endloop
  endfacet
  facet normal 0.000000e+00 0.000000e+00 -1.000000e+00
    outer loop
      vertex   9.868687e+01 -1.530621e+01 1.860000e+01
      vertex   9.632062e+01 -5.733390e+00 1.860000e+01
      vertex   9.670962e+01 -6.016016e+00 1.860000e+01
    endloop
  endfacet
  facet normal 0.000000e+00 0.000000e+00 -1.000000e+00
    outer loop
      vertex   9.868687e+01 -1.530621e+01 1.860000e+01
      vertex   9.670962e+01 -6.016016e+00 1.860000e+01
      vertex   9.932257e+01 -1.377149e+01 1.860000e+01
    endloop
  endfacet
  facet normal 0.000000e+00 0.000000e+00 -1.000000e+00
    outer loop
      vertex   9.932257e+01 -1.377149e+01 1.860000e+01
      vertex   9.670962e+01 -6.016016e+00 1.860000e+01
      vertex   9.986445e+01 -1.220119e+01 1.860000e+01
    endloop
  endfacet
  facet normal 0.000000e+00 0.000000e+00 -1.000000e+00
    outer loop
      vertex   9.986445e+01 -1.220119e+01 1.860000e+01
      vertex   9.670962e+01 -6.016016e+00 1.860000e+01
      vertex   9.714888e+01 -6.211587e+00 1.860000e+01
    endloop
  endfacet
  facet normal 0.000000e+00 0.000000e+00 -1.000000e+00
    outer loop
      vertex   9.986445e+01 -1.220119e+01 1.860000e+01
      vertex   9.714888e+01 -6.211587e+00 1.860000e+01
      vertex   1.003105e+02 -1.060104e+01 1.860000e+01
    endloop
  endfacet
  facet normal 0.000000e+00 0.000000e+00 -1.000000e+00
    outer loop
      vertex   1.003105e+02 -1.060104e+01 1.860000e+01
      vertex   9.714888e+01 -6.211587e+00 1.860000e+01
      vertex   9.761920e+01 -6.311557e+00 1.860000e+01
    endloop
  endfacet
  facet normal 0.000000e+00 0.000000e+00 -1.000000e+00
    outer loop
      vertex   1.003105e+02 -1.060104e+01 1.860000e+01
      vertex   9.761920e+01 -6.311557e+00 1.860000e+01
      vertex   1.006592e+02 -8.976871e+00 1.860000e+01
    endloop
  endfacet
  facet normal 0.000000e+00 0.000000e+00 -1.000000e+00
    outer loop
      vertex   1.006592e+02 -8.976871e+00 1.860000e+01
      vertex   9.761920e+01 -6.311557e+00 1.860000e+01
      vertex   9.810003e+01 -6.311557e+00 1.860000e+01
    endloop
  endfacet
  facet normal 0.000000e+00 0.000000e+00 -1.000000e+00
    outer loop
      vertex   1.006592e+02 -8.976871e+00 1.860000e+01
      vertex   9.810003e+01 -6.311557e+00 1.860000e+01
      vertex   9.857036e+01 -6.211587e+00 1.860000e+01
    endloop
  endfacet
  facet normal 0.000000e+00 0.000000e+00 -1.000000e+00
    outer loop
      vertex   8.644164e+01 -2.283568e+01 1.860000e+01
      vertex   8.597131e+01 -2.273571e+01 1.860000e+01
      vertex   7.970963e+01 -1.289486e+01 1.860000e+01
    endloop
  endfacet
  facet normal 0.000000e+00 0.000000e+00 -1.000000e+00
    outer loop
      vertex   7.970963e+01 -1.289486e+01 1.860000e+01
      vertex   8.597131e+01 -2.273571e+01 1.860000e+01
      vertex   8.549048e+01 -2.273571e+01 1.860000e+01
    endloop
  endfacet
  facet normal 0.000000e+00 0.000000e+00 -1.000000e+00
    outer loop
      vertex   7.970963e+01 -1.289486e+01 1.860000e+01
      vertex   8.549048e+01 -2.273571e+01 1.860000e+01
      vertex   8.502016e+01 -2.283568e+01 1.860000e+01
    endloop
  endfacet
  facet normal -0.000000e+00 0.000000e+00 -1.000000e+00
    outer loop
      vertex   8.502016e+01 -2.283568e+01 1.860000e+01
      vertex   8.458090e+01 -2.303126e+01 1.860000e+01
      vertex   7.970963e+01 -1.289486e+01 1.860000e+01
    endloop
  endfacet
  facet normal 0.000000e+00 0.000000e+00 -1.000000e+00
    outer loop
      vertex   7.970963e+01 -1.289486e+01 1.860000e+01
      vertex   8.458090e+01 -2.303126e+01 1.860000e+01
      vertex   8.419190e+01 -2.331388e+01 1.860000e+01
    endloop
  endfacet
  facet normal 0.000000e+00 0.000000e+00 -1.000000e+00
    outer loop
      vertex   7.970963e+01 -1.289486e+01 1.860000e+01
      vertex   8.419190e+01 -2.331388e+01 1.860000e+01
      vertex   8.387016e+01 -2.367121e+01 1.860000e+01
    endloop
  endfacet
  facet normal -0.000000e+00 0.000000e+00 -1.000000e+00
    outer loop
      vertex   8.387016e+01 -2.367121e+01 1.860000e+01
      vertex   8.362974e+01 -2.408762e+01 1.860000e+01
      vertex   7.970963e+01 -1.289486e+01 1.860000e+01
    endloop
  endfacet
  facet normal 0.000000e+00 0.000000e+00 -1.000000e+00
    outer loop
      vertex   6.358207e+01 -2.408332e+01 1.860000e+01
      vertex   8.362974e+01 -2.408762e+01 1.860000e+01
      vertex   7.360963e+01 -3.151986e+01 1.860000e+01
    endloop
  endfacet
  facet normal 0.000000e+00 0.000000e+00 -1.000000e+00
    outer loop
      vertex   7.360963e+01 -3.151986e+01 1.860000e+01
      vertex   8.362974e+01 -2.408762e+01 1.860000e+01
      vertex   8.348116e+01 -2.454492e+01 1.860000e+01
    endloop
  endfacet
  facet normal 0.000000e+00 0.000000e+00 -1.000000e+00
    outer loop
      vertex   1.001094e+02 -4.502354e+00 1.860000e+01
      vertex   1.001596e+02 -4.024157e+00 1.860000e+01
      vertex   1.011096e+02 -4.019858e+00 1.860000e+01
    endloop
  endfacet
  facet normal -0.000000e+00 0.000000e+00 -1.000000e+00
    outer loop
      vertex   1.011096e+02 -4.019858e+00 1.860000e+01
      vertex   1.001596e+02 -4.024157e+00 1.860000e+01
      vertex   1.001094e+02 -3.545960e+00 1.860000e+01
    endloop
  endfacet
  facet normal 0.000000e+00 0.000000e+00 -1.000000e+00
    outer loop
      vertex   1.011096e+02 -4.019858e+00 1.860000e+01
      vertex   1.001094e+02 -3.545960e+00 1.860000e+01
      vertex   1.010595e+02 -2.359449e+00 1.860000e+01
    endloop
  endfacet
  facet normal 0.000000e+00 0.000000e+00 -1.000000e+00
    outer loop
      vertex   1.010595e+02 -2.359449e+00 1.860000e+01
      vertex   1.001094e+02 -3.545960e+00 1.860000e+01
      vertex   9.996077e+01 -3.088663e+00 1.860000e+01
    endloop
  endfacet
  facet normal 0.000000e+00 0.000000e+00 -1.000000e+00
    outer loop
      vertex   1.010595e+02 -2.359449e+00 1.860000e+01
      vertex   9.996077e+01 -3.088663e+00 1.860000e+01
      vertex   9.972036e+01 -2.672251e+00 1.860000e+01
    endloop
  endfacet
  facet normal 0.000000e+00 0.000000e+00 -1.000000e+00
    outer loop
      vertex   9.972036e+01 -2.672251e+00 1.860000e+01
      vertex   9.939862e+01 -2.314924e+00 1.860000e+01
      vertex   1.010595e+02 -2.359449e+00 1.860000e+01
    endloop
  endfacet
  facet normal 0.000000e+00 0.000000e+00 -1.000000e+00
    outer loop
      vertex   1.010595e+02 -2.359449e+00 1.860000e+01
      vertex   9.939862e+01 -2.314924e+00 1.860000e+01
      vertex   1.009091e+02 -7.050990e-01 1.860000e+01
    endloop
  endfacet
  facet normal 0.000000e+00 0.000000e+00 -1.000000e+00
    outer loop
      vertex   1.009091e+02 -7.050990e-01 1.860000e+01
      vertex   9.939862e+01 -2.314924e+00 1.860000e+01
      vertex   9.900962e+01 -2.032299e+00 1.860000e+01
    endloop
  endfacet
  facet normal 0.000000e+00 0.000000e+00 -1.000000e+00
    outer loop
      vertex   1.009091e+02 -7.050990e-01 1.860000e+01
      vertex   9.900962e+01 -2.032299e+00 1.860000e+01
      vertex   9.857036e+01 -1.836727e+00 1.860000e+01
    endloop
  endfacet
  facet normal -0.000000e+00 0.000000e+00 -1.000000e+00
    outer loop
      vertex   1.009091e+02 -7.050990e-01 1.860000e+01
      vertex   9.857036e+01 -1.836727e+00 1.860000e+01
      vertex   1.006592e+02 9.371558e-01 1.860000e+01
    endloop
  endfacet
  facet normal 0.000000e+00 0.000000e+00 -1.000000e+00
    outer loop
      vertex   1.006592e+02 9.371558e-01 1.860000e+01
      vertex   9.857036e+01 -1.836727e+00 1.860000e+01
      vertex   9.810003e+01 -1.736757e+00 1.860000e+01
    endloop
  endfacet
  facet normal 0.000000e+00 0.000000e+00 -1.000000e+00
    outer loop
      vertex   1.006592e+02 9.371558e-01 1.860000e+01
      vertex   9.810003e+01 -1.736757e+00 1.860000e+01
      vertex   9.761920e+01 -1.736757e+00 1.860000e+01
    endloop
  endfacet
  facet normal -0.000000e+00 0.000000e+00 -1.000000e+00
    outer loop
      vertex   1.006592e+02 9.371558e-01 1.860000e+01
      vertex   9.761920e+01 -1.736757e+00 1.860000e+01
      vertex   1.003105e+02 2.561323e+00 1.860000e+01
    endloop
  endfacet
  facet normal 0.000000e+00 0.000000e+00 -1.000000e+00
    outer loop
      vertex   1.003105e+02 2.561323e+00 1.860000e+01
      vertex   9.761920e+01 -1.736757e+00 1.860000e+01
      vertex   9.714888e+01 -1.836727e+00 1.860000e+01
    endloop
  endfacet
  facet normal -0.000000e+00 0.000000e+00 -1.000000e+00
    outer loop
      vertex   1.003105e+02 2.561323e+00 1.860000e+01
      vertex   9.714888e+01 -1.836727e+00 1.860000e+01
      vertex   9.986445e+01 4.161476e+00 1.860000e+01
    endloop
  endfacet
  facet normal 0.000000e+00 0.000000e+00 -1.000000e+00
    outer loop
      vertex   9.986445e+01 4.161476e+00 1.860000e+01
      vertex   9.714888e+01 -1.836727e+00 1.860000e+01
      vertex   9.670962e+01 -2.032299e+00 1.860000e+01
    endloop
  endfacet
  facet normal -0.000000e+00 0.000000e+00 -1.000000e+00
    outer loop
      vertex   9.986445e+01 4.161476e+00 1.860000e+01
      vertex   9.670962e+01 -2.032299e+00 1.860000e+01
      vertex   9.932257e+01 5.731777e+00 1.860000e+01
    endloop
  endfacet
  facet normal -0.000000e+00 0.000000e+00 -1.000000e+00
    outer loop
      vertex   9.932257e+01 5.731777e+00 1.860000e+01
      vertex   9.670962e+01 -2.032299e+00 1.860000e+01
      vertex   9.868687e+01 7.266494e+00 1.860000e+01
    endloop
  endfacet
  facet normal 0.000000e+00 0.000000e+00 -1.000000e+00
    outer loop
      vertex   9.868687e+01 7.266494e+00 1.860000e+01
      vertex   9.670962e+01 -2.032299e+00 1.860000e+01
      vertex   9.632062e+01 -2.314924e+00 1.860000e+01
    endloop
  endfacet
  facet normal -0.000000e+00 0.000000e+00 -1.000000e+00
    outer loop
      vertex   9.868687e+01 7.266494e+00 1.860000e+01
      vertex   9.632062e+01 -2.314924e+00 1.860000e+01
      vertex   9.795967e+01 8.760030e+00 1.860000e+01
    endloop
  endfacet
  facet normal -2.108341e-16 3.120268e-17 -1.000000e+00
    outer loop
      vertex   9.795967e+01 8.760030e+00 1.860000e+01
      vertex   9.632062e+01 -2.314924e+00 1.860000e+01
      vertex   7.970963e+01 -6.948577e-01 1.860000e+01
    endloop
  endfacet
  facet normal -1.966116e-16 1.770299e-16 -1.000000e+00
    outer loop
      vertex   9.632062e+01 -2.314924e+00 1.860000e+01
      vertex   9.599888e+01 -2.672251e+00 1.860000e+01
      vertex   7.970963e+01 -6.948577e-01 1.860000e+01
    endloop
  endfacet
  facet normal -2.038170e-16 1.176738e-16 -1.000000e+00
    outer loop
      vertex   7.970963e+01 -6.948577e-01 1.860000e+01
      vertex   9.599888e+01 -2.672251e+00 1.860000e+01
      vertex   9.575846e+01 -3.088663e+00 1.860000e+01
    endloop
  endfacet
  facet normal -2.111364e-16 6.860237e-17 -1.000000e+00
    outer loop
      vertex   7.970963e+01 -6.948577e-01 1.860000e+01
      vertex   9.575846e+01 -3.088663e+00 1.860000e+01
      vertex   9.560988e+01 -3.545960e+00 1.860000e+01
    endloop
  endfacet
  facet normal -2.193045e-16 2.304983e-17 -1.000000e+00
    outer loop
      vertex   9.560988e+01 -3.545960e+00 1.860000e+01
      vertex   9.555962e+01 -4.024157e+00 1.860000e+01
      vertex   7.970963e+01 -6.948577e-01 1.860000e+01
    endloop
  endfacet
  facet normal -2.292064e-16 -2.409056e-17 -1.000000e+00
    outer loop
      vertex   7.970963e+01 -6.948577e-01 1.860000e+01
      vertex   9.555962e+01 -4.024157e+00 1.860000e+01
      vertex   9.560988e+01 -4.502354e+00 1.860000e+01
    endloop
  endfacet
  facet normal 0.000000e+00 -0.000000e+00 -1.000000e+00
    outer loop
      vertex   9.599888e+01 -5.376063e+00 1.860000e+01
      vertex   9.632062e+01 -5.733390e+00 1.860000e+01
      vertex   7.970963e+01 -1.289486e+01 1.860000e+01
    endloop
  endfacet
  facet normal 0.000000e+00 0.000000e+00 -1.000000e+00
    outer loop
      vertex   1.006592e+02 -8.976871e+00 1.860000e+01
      vertex   9.857036e+01 -6.211587e+00 1.860000e+01
      vertex   1.009091e+02 -7.334616e+00 1.860000e+01
    endloop
  endfacet
  facet normal 0.000000e+00 0.000000e+00 -1.000000e+00
    outer loop
      vertex   1.009091e+02 -7.334616e+00 1.860000e+01
      vertex   9.857036e+01 -6.211587e+00 1.860000e+01
      vertex   9.900962e+01 -6.016016e+00 1.860000e+01
    endloop
  endfacet
  facet normal 0.000000e+00 0.000000e+00 -1.000000e+00
    outer loop
      vertex   1.009091e+02 -7.334616e+00 1.860000e+01
      vertex   9.900962e+01 -6.016016e+00 1.860000e+01
      vertex   9.939862e+01 -5.733390e+00 1.860000e+01
    endloop
  endfacet
  facet normal 0.000000e+00 0.000000e+00 -1.000000e+00
    outer loop
      vertex   1.009091e+02 -7.334616e+00 1.860000e+01
      vertex   9.939862e+01 -5.733390e+00 1.860000e+01
      vertex   1.010595e+02 -5.680266e+00 1.860000e+01
    endloop
  endfacet
  facet normal -0.000000e+00 0.000000e+00 -1.000000e+00
    outer loop
      vertex   1.010595e+02 -5.680266e+00 1.860000e+01
      vertex   9.939862e+01 -5.733390e+00 1.860000e+01
      vertex   9.972036e+01 -5.376063e+00 1.860000e+01
    endloop
  endfacet
  facet normal 0.000000e+00 0.000000e+00 -1.000000e+00
    outer loop
      vertex   1.010595e+02 -5.680266e+00 1.860000e+01
      vertex   9.972036e+01 -5.376063e+00 1.860000e+01
      vertex   9.996077e+01 -4.959651e+00 1.860000e+01
    endloop
  endfacet
  facet normal 0.000000e+00 0.000000e+00 -1.000000e+00
    outer loop
      vertex   9.996077e+01 -4.959651e+00 1.860000e+01
      vertex   1.001094e+02 -4.502354e+00 1.860000e+01
      vertex   1.010595e+02 -5.680266e+00 1.860000e+01
    endloop
  endfacet
  facet normal 0.000000e+00 0.000000e+00 -1.000000e+00
    outer loop
      vertex   1.010595e+02 -5.680266e+00 1.860000e+01
      vertex   1.001094e+02 -4.502354e+00 1.860000e+01
      vertex   1.011096e+02 -4.019858e+00 1.860000e+01
    endloop
  endfacet
  facet normal 0.000000e+00 0.000000e+00 -1.000000e+00
    outer loop
      vertex   6.373065e+01 -2.454062e+01 1.860000e+01
      vertex   7.029487e+01 -3.131935e+01 1.860000e+01
      vertex   6.378091e+01 -2.501881e+01 1.860000e+01
    endloop
  endfacet
  facet normal 0.000000e+00 0.000000e+00 -1.000000e+00
    outer loop
      vertex   6.378091e+01 -2.501881e+01 1.860000e+01
      vertex   7.029487e+01 -3.131935e+01 1.860000e+01
      vertex   6.865261e+01 -3.106941e+01 1.860000e+01
    endloop
  endfacet
  facet normal 0.000000e+00 -0.000000e+00 -1.000000e+00
    outer loop
      vertex   6.378091e+01 -2.501881e+01 1.860000e+01
      vertex   6.865261e+01 -3.106941e+01 1.860000e+01
      vertex   6.373065e+01 -2.549701e+01 1.860000e+01
    endloop
  endfacet
  facet normal 0.000000e+00 0.000000e+00 -1.000000e+00
    outer loop
      vertex   6.373065e+01 -2.549701e+01 1.860000e+01
      vertex   6.865261e+01 -3.106941e+01 1.860000e+01
      vertex   6.702845e+01 -3.072076e+01 1.860000e+01
    endloop
  endfacet
  facet normal 0.000000e+00 -0.000000e+00 -1.000000e+00
    outer loop
      vertex   6.373065e+01 -2.549701e+01 1.860000e+01
      vertex   6.702845e+01 -3.072076e+01 1.860000e+01
      vertex   6.358207e+01 -2.595431e+01 1.860000e+01
    endloop
  endfacet
  facet normal 0.000000e+00 0.000000e+00 -1.000000e+00
    outer loop
      vertex   6.358207e+01 -2.595431e+01 1.860000e+01
      vertex   6.702845e+01 -3.072076e+01 1.860000e+01
      vertex   6.542829e+01 -3.027468e+01 1.860000e+01
    endloop
  endfacet
  facet normal 0.000000e+00 -0.000000e+00 -1.000000e+00
    outer loop
      vertex   6.358207e+01 -2.595431e+01 1.860000e+01
      vertex   6.542829e+01 -3.027468e+01 1.860000e+01
      vertex   6.334165e+01 -2.637072e+01 1.860000e+01
    endloop
  endfacet
  facet normal 0.000000e+00 0.000000e+00 -1.000000e+00
    outer loop
      vertex   6.334165e+01 -2.637072e+01 1.860000e+01
      vertex   6.542829e+01 -3.027468e+01 1.860000e+01
      vertex   6.385799e+01 -2.973280e+01 1.860000e+01
    endloop
  endfacet
  facet normal 0.000000e+00 -0.000000e+00 -1.000000e+00
    outer loop
      vertex   6.334165e+01 -2.637072e+01 1.860000e+01
      vertex   6.385799e+01 -2.973280e+01 1.860000e+01
      vertex   6.301991e+01 -2.672805e+01 1.860000e+01
    endloop
  endfacet
  facet normal 0.000000e+00 -0.000000e+00 -1.000000e+00
    outer loop
      vertex   6.301991e+01 -2.672805e+01 1.860000e+01
      vertex   6.385799e+01 -2.973280e+01 1.860000e+01
      vertex   6.263091e+01 -2.701067e+01 1.860000e+01
    endloop
  endfacet
  facet normal 0.000000e+00 -0.000000e+00 -1.000000e+00
    outer loop
      vertex   6.263091e+01 -2.701067e+01 1.860000e+01
      vertex   6.385799e+01 -2.973280e+01 1.860000e+01
      vertex   6.232328e+01 -2.909710e+01 1.860000e+01
    endloop
  endfacet
  facet normal 0.000000e+00 0.000000e+00 -1.000000e+00
    outer loop
      vertex   6.263091e+01 -2.701067e+01 1.860000e+01
      vertex   6.232328e+01 -2.909710e+01 1.860000e+01
      vertex   6.219165e+01 -2.720624e+01 1.860000e+01
    endloop
  endfacet
  facet normal 0.000000e+00 -0.000000e+00 -1.000000e+00
    outer loop
      vertex   6.219165e+01 -2.720624e+01 1.860000e+01
      vertex   6.232328e+01 -2.909710e+01 1.860000e+01
      vertex   6.172133e+01 -2.730621e+01 1.860000e+01
    endloop
  endfacet
  facet normal 0.000000e+00 -0.000000e+00 -1.000000e+00
    outer loop
      vertex   6.172133e+01 -2.730621e+01 1.860000e+01
      vertex   6.232328e+01 -2.909710e+01 1.860000e+01
      vertex   6.082974e+01 -2.836990e+01 1.860000e+01
    endloop
  endfacet
  facet normal -0.000000e+00 0.000000e+00 -1.000000e+00
    outer loop
      vertex   6.172133e+01 -2.730621e+01 1.860000e+01
      vertex   6.082974e+01 -2.836990e+01 1.860000e+01
      vertex   6.124049e+01 -2.730621e+01 1.860000e+01
    endloop
  endfacet
  facet normal -0.000000e+00 0.000000e+00 -1.000000e+00
    outer loop
      vertex   6.124049e+01 -2.730621e+01 1.860000e+01
      vertex   6.082974e+01 -2.836990e+01 1.860000e+01
      vertex   6.077017e+01 -2.720624e+01 1.860000e+01
    endloop
  endfacet
  facet normal -0.000000e+00 -0.000000e+00 -1.000000e+00
    outer loop
      vertex   6.077017e+01 -2.720624e+01 1.860000e+01
      vertex   6.082974e+01 -2.836990e+01 1.860000e+01
      vertex   6.033091e+01 -2.701067e+01 1.860000e+01
    endloop
  endfacet
  facet normal 0.000000e+00 -0.000000e+00 -1.000000e+00
    outer loop
      vertex   6.033091e+01 -2.701067e+01 1.860000e+01
      vertex   6.082974e+01 -2.836990e+01 1.860000e+01
      vertex   5.938284e+01 -2.755384e+01 1.860000e+01
    endloop
  endfacet
  facet normal -0.000000e+00 0.000000e+00 -1.000000e+00
    outer loop
      vertex   6.033091e+01 -2.701067e+01 1.860000e+01
      vertex   5.938284e+01 -2.755384e+01 1.860000e+01
      vertex   5.994191e+01 -2.672805e+01 1.860000e+01
    endloop
  endfacet
  facet normal -0.000000e+00 0.000000e+00 -1.000000e+00
    outer loop
      vertex   5.994191e+01 -2.672805e+01 1.860000e+01
      vertex   5.938284e+01 -2.755384e+01 1.860000e+01
      vertex   5.962017e+01 -2.637072e+01 1.860000e+01
    endloop
  endfacet
  facet normal 0.000000e+00 0.000000e+00 -1.000000e+00
    outer loop
      vertex   5.962017e+01 -2.637072e+01 1.860000e+01
      vertex   5.938284e+01 -2.755384e+01 1.860000e+01
      vertex   5.798785e+01 -2.665191e+01 1.860000e+01
    endloop
  endfacet
  facet normal -0.000000e+00 0.000000e+00 -1.000000e+00
    outer loop
      vertex   5.962017e+01 -2.637072e+01 1.860000e+01
      vertex   5.798785e+01 -2.665191e+01 1.860000e+01
      vertex   5.937976e+01 -2.595431e+01 1.860000e+01
    endloop
  endfacet
  facet normal -0.000000e+00 0.000000e+00 -1.000000e+00
    outer loop
      vertex   5.937976e+01 -2.595431e+01 1.860000e+01
      vertex   5.798785e+01 -2.665191e+01 1.860000e+01
      vertex   5.923117e+01 -2.549701e+01 1.860000e+01
    endloop
  endfacet
  facet normal -0.000000e+00 0.000000e+00 -1.000000e+00
    outer loop
      vertex   5.923117e+01 -2.549701e+01 1.860000e+01
      vertex   5.798785e+01 -2.665191e+01 1.860000e+01
      vertex   5.918091e+01 -2.501881e+01 1.860000e+01
    endloop
  endfacet
  facet normal 0.000000e+00 0.000000e+00 -1.000000e+00
    outer loop
      vertex   5.918091e+01 -2.501881e+01 1.860000e+01
      vertex   5.798785e+01 -2.665191e+01 1.860000e+01
      vertex   5.664986e+01 -2.566740e+01 1.860000e+01
    endloop
  endfacet
  facet normal 0.000000e+00 0.000000e+00 -1.000000e+00
    outer loop
      vertex   6.358207e+01 -2.408332e+01 1.860000e+01
      vertex   7.360963e+01 -3.151986e+01 1.860000e+01
      vertex   6.373065e+01 -2.454062e+01 1.860000e+01
    endloop
  endfacet
  facet normal 0.000000e+00 0.000000e+00 -1.000000e+00
    outer loop
      vertex   6.373065e+01 -2.454062e+01 1.860000e+01
      vertex   7.360963e+01 -3.151986e+01 1.860000e+01
      vertex   7.194922e+01 -3.146969e+01 1.860000e+01
    endloop
  endfacet
  facet normal 0.000000e+00 0.000000e+00 -1.000000e+00
    outer loop
      vertex   6.373065e+01 -2.454062e+01 1.860000e+01
      vertex   7.194922e+01 -3.146969e+01 1.860000e+01
      vertex   7.029487e+01 -3.131935e+01 1.860000e+01
    endloop
  endfacet
  facet normal 0.000000e+00 0.000000e+00 -1.000000e+00
    outer loop
      vertex   6.334165e+01 -2.366691e+01 1.860000e+01
      vertex   6.301991e+01 -2.330958e+01 1.860000e+01
      vertex   6.750963e+01 -1.289486e+01 1.860000e+01
    endloop
  endfacet
  facet normal 0.000000e+00 0.000000e+00 -1.000000e+00
    outer loop
      vertex   6.750963e+01 -1.289486e+01 1.860000e+01
      vertex   6.301991e+01 -2.330958e+01 1.860000e+01
      vertex   6.263091e+01 -2.302696e+01 1.860000e+01
    endloop
  endfacet
  facet normal 0.000000e+00 0.000000e+00 -1.000000e+00
    outer loop
      vertex   6.750963e+01 -1.289486e+01 1.860000e+01
      vertex   6.263091e+01 -2.302696e+01 1.860000e+01
      vertex   6.219165e+01 -2.283138e+01 1.860000e+01
    endloop
  endfacet
  facet normal 0.000000e+00 0.000000e+00 -1.000000e+00
    outer loop
      vertex   6.219165e+01 -2.283138e+01 1.860000e+01
      vertex   6.172133e+01 -2.273141e+01 1.860000e+01
      vertex   6.750963e+01 -1.289486e+01 1.860000e+01
    endloop
  endfacet
  facet normal 0.000000e+00 0.000000e+00 -1.000000e+00
    outer loop
      vertex   6.750963e+01 -1.289486e+01 1.860000e+01
      vertex   6.172133e+01 -2.273141e+01 1.860000e+01
      vertex   6.124049e+01 -2.273141e+01 1.860000e+01
    endloop
  endfacet
  facet normal 0.000000e+00 0.000000e+00 -1.000000e+00
    outer loop
      vertex   6.750963e+01 -1.289486e+01 1.860000e+01
      vertex   6.124049e+01 -2.273141e+01 1.860000e+01
      vertex   6.077017e+01 -2.283138e+01 1.860000e+01
    endloop
  endfacet
endsolid
