solid ASCII
  facet normal -0.000000e+00 -1.288044e-15 -1.000000e+00
    outer loop
      vertex   7.970963e+01 5.270929e+00 1.346000e+02
      vertex   7.970963e+01 -1.679486e+01 1.346000e+02
      vertex   6.750963e+01 5.270929e+00 1.346000e+02
    endloop
  endfacet
  facet normal 2.329648e-15 6.001380e-30 -1.000000e+00
    outer loop
      vertex   6.750963e+01 5.270929e+00 1.346000e+02
      vertex   7.970963e+01 -1.679486e+01 1.346000e+02
      vertex   6.750963e+01 -1.679486e+01 1.346000e+02
    endloop
  endfacet
  facet normal 5.628061e-15 1.904275e-29 1.000000e+00
    outer loop
      vertex   6.750963e+01 -1.684486e+01 1.522000e+02
      vertex   7.255963e+01 -1.469486e+01 1.522000e+02
      vertex   6.750963e+01 -1.264486e+01 1.522000e+02
    endloop
  endfacet
  facet normal 5.342539e-15 -7.033587e-16 1.000000e+00
    outer loop
      vertex   6.750963e+01 -1.264486e+01 1.522000e+02
      vertex   7.255963e+01 -1.469486e+01 1.522000e+02
      vertex   7.259541e+01 -1.442310e+01 1.522000e+02
    endloop
  endfacet
  facet normal 4.881485e-15 -2.021977e-15 1.000000e+00
    outer loop
      vertex   6.750963e+01 -1.264486e+01 1.522000e+02
      vertex   7.259541e+01 -1.442310e+01 1.522000e+02
      vertex   7.270030e+01 -1.416986e+01 1.522000e+02
    endloop
  endfacet
  facet normal -2.329648e-15 3.875688e-14 1.000000e+00
    outer loop
      vertex   7.970963e+01 -1.684486e+01 1.522000e+02
      vertex   7.360963e+01 -1.574486e+01 1.522000e+02
      vertex   6.750963e+01 -1.684486e+01 1.522000e+02
    endloop
  endfacet
  facet normal 1.966175e-15 1.493458e-14 1.000000e+00
    outer loop
      vertex   6.750963e+01 -1.684486e+01 1.522000e+02
      vertex   7.360963e+01 -1.574486e+01 1.522000e+02
      vertex   7.333787e+01 -1.570908e+01 1.522000e+02
    endloop
  endfacet
  facet normal 3.316322e-15 8.006309e-15 1.000000e+00
    outer loop
      vertex   6.750963e+01 -1.684486e+01 1.522000e+02
      vertex   7.333787e+01 -1.570908e+01 1.522000e+02
      vertex   7.308463e+01 -1.560418e+01 1.522000e+02
    endloop
  endfacet
  facet normal -1.125612e-14 -3.808551e-29 1.000000e+00
    outer loop
      vertex   7.970963e+01 -1.264486e+01 1.522000e+02
      vertex   7.465963e+01 -1.469486e+01 1.522000e+02
      vertex   7.970963e+01 -1.684486e+01 1.522000e+02
    endloop
  endfacet
  facet normal -1.065870e-14 1.403245e-15 1.000000e+00
    outer loop
      vertex   7.970963e+01 -1.684486e+01 1.522000e+02
      vertex   7.465963e+01 -1.469486e+01 1.522000e+02
      vertex   7.462385e+01 -1.496662e+01 1.522000e+02
    endloop
  endfacet
  facet normal -9.694005e-15 4.015388e-15 1.000000e+00
    outer loop
      vertex   7.970963e+01 -1.684486e+01 1.522000e+02
      vertex   7.462385e+01 -1.496662e+01 1.522000e+02
      vertex   7.451895e+01 -1.521986e+01 1.522000e+02
    endloop
  endfacet
  facet normal -2.329648e-15 -4.263256e-14 1.000000e+00
    outer loop
      vertex   6.750963e+01 -1.264486e+01 1.522000e+02
      vertex   7.360963e+01 -1.364486e+01 1.522000e+02
      vertex   7.970963e+01 -1.264486e+01 1.522000e+02
    endloop
  endfacet
  facet normal -4.150441e-15 -3.152573e-14 1.000000e+00
    outer loop
      vertex   7.970963e+01 -1.264486e+01 1.522000e+02
      vertex   7.360963e+01 -1.364486e+01 1.522000e+02
      vertex   7.388139e+01 -1.368064e+01 1.522000e+02
    endloop
  endfacet
  facet normal -6.824899e-15 -1.647676e-14 1.000000e+00
    outer loop
      vertex   7.970963e+01 -1.264486e+01 1.522000e+02
      vertex   7.388139e+01 -1.368064e+01 1.522000e+02
      vertex   7.413463e+01 -1.378553e+01 1.522000e+02
    endloop
  endfacet
  facet normal -8.829936e-15 6.775448e-15 1.000000e+00
    outer loop
      vertex   7.451895e+01 -1.521986e+01 1.522000e+02
      vertex   7.435209e+01 -1.543732e+01 1.522000e+02
      vertex   7.970963e+01 -1.684486e+01 1.522000e+02
    endloop
  endfacet
  facet normal -7.903836e-15 1.030048e-14 1.000000e+00
    outer loop
      vertex   7.970963e+01 -1.684486e+01 1.522000e+02
      vertex   7.435209e+01 -1.543732e+01 1.522000e+02
      vertex   7.413463e+01 -1.560418e+01 1.522000e+02
    endloop
  endfacet
  facet normal -6.632644e-15 1.601262e-14 1.000000e+00
    outer loop
      vertex   7.970963e+01 -1.684486e+01 1.522000e+02
      vertex   7.413463e+01 -1.560418e+01 1.522000e+02
      vertex   7.388139e+01 -1.570908e+01 1.522000e+02
    endloop
  endfacet
  facet normal -3.932350e-15 2.986917e-14 1.000000e+00
    outer loop
      vertex   7.388139e+01 -1.570908e+01 1.522000e+02
      vertex   7.360963e+01 -1.574486e+01 1.522000e+02
      vertex   7.970963e+01 -1.684486e+01 1.522000e+02
    endloop
  endfacet
  facet normal 3.951918e-15 5.150240e-15 1.000000e+00
    outer loop
      vertex   7.308463e+01 -1.560418e+01 1.522000e+02
      vertex   7.286717e+01 -1.543732e+01 1.522000e+02
      vertex   6.750963e+01 -1.684486e+01 1.522000e+02
    endloop
  endfacet
  facet normal 4.414968e-15 3.387724e-15 1.000000e+00
    outer loop
      vertex   6.750963e+01 -1.684486e+01 1.522000e+02
      vertex   7.286717e+01 -1.543732e+01 1.522000e+02
      vertex   7.270030e+01 -1.521986e+01 1.522000e+02
    endloop
  endfacet
  facet normal 4.847002e-15 2.007694e-15 1.000000e+00
    outer loop
      vertex   6.750963e+01 -1.684486e+01 1.522000e+02
      vertex   7.270030e+01 -1.521986e+01 1.522000e+02
      vertex   7.259541e+01 -1.496662e+01 1.522000e+02
    endloop
  endfacet
  facet normal 5.329351e-15 7.016223e-16 1.000000e+00
    outer loop
      vertex   7.259541e+01 -1.496662e+01 1.522000e+02
      vertex   7.255963e+01 -1.469486e+01 1.522000e+02
      vertex   6.750963e+01 -1.684486e+01 1.522000e+02
    endloop
  endfacet
  facet normal 4.468227e-15 -3.428591e-15 1.000000e+00
    outer loop
      vertex   7.270030e+01 -1.416986e+01 1.522000e+02
      vertex   7.286717e+01 -1.395240e+01 1.522000e+02
      vertex   6.750963e+01 -1.264486e+01 1.522000e+02
    endloop
  endfacet
  facet normal 4.024852e-15 -5.245289e-15 1.000000e+00
    outer loop
      vertex   6.750963e+01 -1.264486e+01 1.522000e+02
      vertex   7.286717e+01 -1.395240e+01 1.522000e+02
      vertex   7.308463e+01 -1.378553e+01 1.522000e+02
    endloop
  endfacet
  facet normal 3.412450e-15 -8.238382e-15 1.000000e+00
    outer loop
      vertex   6.750963e+01 -1.264486e+01 1.522000e+02
      vertex   7.308463e+01 -1.378553e+01 1.522000e+02
      vertex   7.333787e+01 -1.368064e+01 1.522000e+02
    endloop
  endfacet
  facet normal 2.075220e-15 -1.576286e-14 1.000000e+00
    outer loop
      vertex   7.333787e+01 -1.368064e+01 1.522000e+02
      vertex   7.360963e+01 -1.364486e+01 1.522000e+02
      vertex   6.750963e+01 -1.264486e+01 1.522000e+02
    endloop
  endfacet
  facet normal -8.049703e-15 -1.049058e-14 1.000000e+00
    outer loop
      vertex   7.413463e+01 -1.378553e+01 1.522000e+02
      vertex   7.435209e+01 -1.395240e+01 1.522000e+02
      vertex   7.970963e+01 -1.264486e+01 1.522000e+02
    endloop
  endfacet
  facet normal -8.936454e-15 -6.857183e-15 1.000000e+00
    outer loop
      vertex   7.970963e+01 -1.264486e+01 1.522000e+02
      vertex   7.435209e+01 -1.395240e+01 1.522000e+02
      vertex   7.451895e+01 -1.416986e+01 1.522000e+02
    endloop
  endfacet
  facet normal -9.762970e-15 -4.043955e-15 1.000000e+00
    outer loop
      vertex   7.970963e+01 -1.264486e+01 1.522000e+02
      vertex   7.451895e+01 -1.416986e+01 1.522000e+02
      vertex   7.462385e+01 -1.442310e+01 1.522000e+02
    endloop
  endfacet
  facet normal -1.068508e-14 -1.406717e-15 1.000000e+00
    outer loop
      vertex   7.462385e+01 -1.442310e+01 1.522000e+02
      vertex   7.465963e+01 -1.469486e+01 1.522000e+02
      vertex   7.970963e+01 -1.264486e+01 1.522000e+02
    endloop
  endfacet
  facet normal -9.914449e-01 1.305262e-01 0.000000e+00
    outer loop
      vertex   7.462385e+01 -1.496662e+01 1.482000e+02
      vertex   7.462385e+01 -1.496662e+01 1.522000e+02
      vertex   7.465963e+01 -1.469486e+01 1.482000e+02
    endloop
  endfacet
  facet normal -9.914449e-01 1.305262e-01 0.000000e+00
    outer loop
      vertex   7.465963e+01 -1.469486e+01 1.482000e+02
      vertex   7.462385e+01 -1.496662e+01 1.522000e+02
      vertex   7.465963e+01 -1.469486e+01 1.522000e+02
    endloop
  endfacet
  facet normal -9.914449e-01 -1.305262e-01 0.000000e+00
    outer loop
      vertex   7.465963e+01 -1.469486e+01 1.482000e+02
      vertex   7.465963e+01 -1.469486e+01 1.522000e+02
      vertex   7.462385e+01 -1.442310e+01 1.482000e+02
    endloop
  endfacet
  facet normal -9.914449e-01 -1.305262e-01 0.000000e+00
    outer loop
      vertex   7.462385e+01 -1.442310e+01 1.482000e+02
      vertex   7.465963e+01 -1.469486e+01 1.522000e+02
      vertex   7.462385e+01 -1.442310e+01 1.522000e+02
    endloop
  endfacet
  facet normal -9.238795e-01 -3.826834e-01 0.000000e+00
    outer loop
      vertex   7.462385e+01 -1.442310e+01 1.482000e+02
      vertex   7.462385e+01 -1.442310e+01 1.522000e+02
      vertex   7.451895e+01 -1.416986e+01 1.482000e+02
    endloop
  endfacet
  facet normal -9.238795e-01 -3.826834e-01 0.000000e+00
    outer loop
      vertex   7.451895e+01 -1.416986e+01 1.482000e+02
      vertex   7.462385e+01 -1.442310e+01 1.522000e+02
      vertex   7.451895e+01 -1.416986e+01 1.522000e+02
    endloop
  endfacet
  facet normal -7.933533e-01 -6.087614e-01 0.000000e+00
    outer loop
      vertex   7.451895e+01 -1.416986e+01 1.482000e+02
      vertex   7.451895e+01 -1.416986e+01 1.522000e+02
      vertex   7.435209e+01 -1.395240e+01 1.482000e+02
    endloop
  endfacet
  facet normal -7.933533e-01 -6.087614e-01 0.000000e+00
    outer loop
      vertex   7.435209e+01 -1.395240e+01 1.482000e+02
      vertex   7.451895e+01 -1.416986e+01 1.522000e+02
      vertex   7.435209e+01 -1.395240e+01 1.522000e+02
    endloop
  endfacet
  facet normal -6.087614e-01 -7.933533e-01 0.000000e+00
    outer loop
      vertex   7.435209e+01 -1.395240e+01 1.482000e+02
      vertex   7.435209e+01 -1.395240e+01 1.522000e+02
      vertex   7.413463e+01 -1.378553e+01 1.482000e+02
    endloop
  endfacet
  facet normal -6.087614e-01 -7.933533e-01 -2.162755e-15
    outer loop
      vertex   7.413463e+01 -1.378553e+01 1.482000e+02
      vertex   7.435209e+01 -1.395240e+01 1.522000e+02
      vertex   7.413463e+01 -1.378553e+01 1.522000e+02
    endloop
  endfacet
  facet normal -3.826834e-01 -9.238795e-01 -1.359565e-15
    outer loop
      vertex   7.413463e+01 -1.378553e+01 1.482000e+02
      vertex   7.413463e+01 -1.378553e+01 1.522000e+02
      vertex   7.388139e+01 -1.368064e+01 1.482000e+02
    endloop
  endfacet
  facet normal -3.826834e-01 -9.238795e-01 0.000000e+00
    outer loop
      vertex   7.388139e+01 -1.368064e+01 1.482000e+02
      vertex   7.413463e+01 -1.378553e+01 1.522000e+02
      vertex   7.388139e+01 -1.368064e+01 1.522000e+02
    endloop
  endfacet
  facet normal -1.305262e-01 -9.914449e-01 0.000000e+00
    outer loop
      vertex   7.388139e+01 -1.368064e+01 1.482000e+02
      vertex   7.388139e+01 -1.368064e+01 1.522000e+02
      vertex   7.360963e+01 -1.364486e+01 1.482000e+02
    endloop
  endfacet
  facet normal -1.305262e-01 -9.914449e-01 0.000000e+00
    outer loop
      vertex   7.360963e+01 -1.364486e+01 1.482000e+02
      vertex   7.388139e+01 -1.368064e+01 1.522000e+02
      vertex   7.360963e+01 -1.364486e+01 1.522000e+02
    endloop
  endfacet
  facet normal 1.305262e-01 -9.914449e-01 0.000000e+00
    outer loop
      vertex   7.360963e+01 -1.364486e+01 1.482000e+02
      vertex   7.360963e+01 -1.364486e+01 1.522000e+02
      vertex   7.333787e+01 -1.368064e+01 1.482000e+02
    endloop
  endfacet
  facet normal 1.305262e-01 -9.914449e-01 2.343222e-17
    outer loop
      vertex   7.333787e+01 -1.368064e+01 1.482000e+02
      vertex   7.360963e+01 -1.364486e+01 1.522000e+02
      vertex   7.333787e+01 -1.368064e+01 1.522000e+02
    endloop
  endfacet
  facet normal 3.826834e-01 -9.238795e-01 9.492797e-16
    outer loop
      vertex   7.333787e+01 -1.368064e+01 1.482000e+02
      vertex   7.333787e+01 -1.368064e+01 1.522000e+02
      vertex   7.308463e+01 -1.378553e+01 1.482000e+02
    endloop
  endfacet
  facet normal 3.826834e-01 -9.238795e-01 1.359565e-15
    outer loop
      vertex   7.308463e+01 -1.378553e+01 1.482000e+02
      vertex   7.333787e+01 -1.368064e+01 1.522000e+02
      vertex   7.308463e+01 -1.378553e+01 1.522000e+02
    endloop
  endfacet
  facet normal 6.087614e-01 -7.933533e-01 2.162755e-15
    outer loop
      vertex   7.308463e+01 -1.378553e+01 1.482000e+02
      vertex   7.308463e+01 -1.378553e+01 1.522000e+02
      vertex   7.286717e+01 -1.395240e+01 1.482000e+02
    endloop
  endfacet
  facet normal 6.087614e-01 -7.933533e-01 -3.523197e-16
    outer loop
      vertex   7.286717e+01 -1.395240e+01 1.482000e+02
      vertex   7.308463e+01 -1.378553e+01 1.522000e+02
      vertex   7.286717e+01 -1.395240e+01 1.522000e+02
    endloop
  endfacet
  facet normal 7.933533e-01 -6.087614e-01 -2.703444e-16
    outer loop
      vertex   7.286717e+01 -1.395240e+01 1.482000e+02
      vertex   7.286717e+01 -1.395240e+01 1.522000e+02
      vertex   7.270030e+01 -1.416986e+01 1.482000e+02
    endloop
  endfacet
  facet normal 7.933533e-01 -6.087614e-01 0.000000e+00
    outer loop
      vertex   7.270030e+01 -1.416986e+01 1.482000e+02
      vertex   7.286717e+01 -1.395240e+01 1.522000e+02
      vertex   7.270030e+01 -1.416986e+01 1.522000e+02
    endloop
  endfacet
  facet normal 9.238795e-01 -3.826834e-01 0.000000e+00
    outer loop
      vertex   7.270030e+01 -1.416986e+01 1.482000e+02
      vertex   7.270030e+01 -1.416986e+01 1.522000e+02
      vertex   7.259541e+01 -1.442310e+01 1.482000e+02
    endloop
  endfacet
  facet normal 9.238795e-01 -3.826834e-01 0.000000e+00
    outer loop
      vertex   7.259541e+01 -1.442310e+01 1.482000e+02
      vertex   7.270030e+01 -1.416986e+01 1.522000e+02
      vertex   7.259541e+01 -1.442310e+01 1.522000e+02
    endloop
  endfacet
  facet normal 9.914449e-01 -1.305262e-01 0.000000e+00
    outer loop
      vertex   7.259541e+01 -1.442310e+01 1.482000e+02
      vertex   7.259541e+01 -1.442310e+01 1.522000e+02
      vertex   7.255963e+01 -1.469486e+01 1.482000e+02
    endloop
  endfacet
  facet normal 9.914449e-01 -1.305262e-01 0.000000e+00
    outer loop
      vertex   7.255963e+01 -1.469486e+01 1.482000e+02
      vertex   7.259541e+01 -1.442310e+01 1.522000e+02
      vertex   7.255963e+01 -1.469486e+01 1.522000e+02
    endloop
  endfacet
  facet normal 9.914449e-01 1.305262e-01 -0.000000e+00
    outer loop
      vertex   7.255963e+01 -1.469486e+01 1.482000e+02
      vertex   7.255963e+01 -1.469486e+01 1.522000e+02
      vertex   7.259541e+01 -1.496662e+01 1.482000e+02
    endloop
  endfacet
  facet normal 9.914449e-01 1.305262e-01 -0.000000e+00
    outer loop
      vertex   7.259541e+01 -1.496662e+01 1.482000e+02
      vertex   7.255963e+01 -1.469486e+01 1.522000e+02
      vertex   7.259541e+01 -1.496662e+01 1.522000e+02
    endloop
  endfacet
  facet normal 9.238795e-01 3.826834e-01 -0.000000e+00
    outer loop
      vertex   7.259541e+01 -1.496662e+01 1.482000e+02
      vertex   7.259541e+01 -1.496662e+01 1.522000e+02
      vertex   7.270030e+01 -1.521986e+01 1.482000e+02
    endloop
  endfacet
  facet normal 9.238795e-01 3.826834e-01 -0.000000e+00
    outer loop
      vertex   7.270030e+01 -1.521986e+01 1.482000e+02
      vertex   7.259541e+01 -1.496662e+01 1.522000e+02
      vertex   7.270030e+01 -1.521986e+01 1.522000e+02
    endloop
  endfacet
  facet normal 7.933533e-01 6.087614e-01 -0.000000e+00
    outer loop
      vertex   7.270030e+01 -1.521986e+01 1.482000e+02
      vertex   7.270030e+01 -1.521986e+01 1.522000e+02
      vertex   7.286717e+01 -1.543732e+01 1.482000e+02
    endloop
  endfacet
  facet normal 7.933533e-01 6.087614e-01 2.703444e-16
    outer loop
      vertex   7.286717e+01 -1.543732e+01 1.482000e+02
      vertex   7.270030e+01 -1.521986e+01 1.522000e+02
      vertex   7.286717e+01 -1.543732e+01 1.522000e+02
    endloop
  endfacet
  facet normal 6.087614e-01 7.933533e-01 3.523197e-16
    outer loop
      vertex   7.286717e+01 -1.543732e+01 1.482000e+02
      vertex   7.286717e+01 -1.543732e+01 1.522000e+02
      vertex   7.308463e+01 -1.560418e+01 1.482000e+02
    endloop
  endfacet
  facet normal 6.087614e-01 7.933533e-01 -2.162755e-15
    outer loop
      vertex   7.308463e+01 -1.560418e+01 1.482000e+02
      vertex   7.286717e+01 -1.543732e+01 1.522000e+02
      vertex   7.308463e+01 -1.560418e+01 1.522000e+02
    endloop
  endfacet
  facet normal 3.826834e-01 9.238795e-01 -1.359565e-15
    outer loop
      vertex   7.308463e+01 -1.560418e+01 1.482000e+02
      vertex   7.308463e+01 -1.560418e+01 1.522000e+02
      vertex   7.333787e+01 -1.570908e+01 1.482000e+02
    endloop
  endfacet
  facet normal 3.826834e-01 9.238795e-01 -9.492797e-16
    outer loop
      vertex   7.333787e+01 -1.570908e+01 1.482000e+02
      vertex   7.308463e+01 -1.560418e+01 1.522000e+02
      vertex   7.333787e+01 -1.570908e+01 1.522000e+02
    endloop
  endfacet
  facet normal 1.305262e-01 9.914449e-01 -2.343222e-17
    outer loop
      vertex   7.333787e+01 -1.570908e+01 1.482000e+02
      vertex   7.333787e+01 -1.570908e+01 1.522000e+02
      vertex   7.360963e+01 -1.574486e+01 1.482000e+02
    endloop
  endfacet
  facet normal 1.305262e-01 9.914449e-01 -0.000000e+00
    outer loop
      vertex   7.360963e+01 -1.574486e+01 1.482000e+02
      vertex   7.333787e+01 -1.570908e+01 1.522000e+02
      vertex   7.360963e+01 -1.574486e+01 1.522000e+02
    endloop
  endfacet
  facet normal -1.305262e-01 9.914449e-01 0.000000e+00
    outer loop
      vertex   7.360963e+01 -1.574486e+01 1.482000e+02
      vertex   7.360963e+01 -1.574486e+01 1.522000e+02
      vertex   7.388139e+01 -1.570908e+01 1.482000e+02
    endloop
  endfacet
  facet normal -1.305262e-01 9.914449e-01 0.000000e+00
    outer loop
      vertex   7.388139e+01 -1.570908e+01 1.482000e+02
      vertex   7.360963e+01 -1.574486e+01 1.522000e+02
      vertex   7.388139e+01 -1.570908e+01 1.522000e+02
    endloop
  endfacet
  facet normal -3.826834e-01 9.238795e-01 0.000000e+00
    outer loop
      vertex   7.388139e+01 -1.570908e+01 1.482000e+02
      vertex   7.388139e+01 -1.570908e+01 1.522000e+02
      vertex   7.413463e+01 -1.560418e+01 1.482000e+02
    endloop
  endfacet
  facet normal -3.826834e-01 9.238795e-01 1.359565e-15
    outer loop
      vertex   7.413463e+01 -1.560418e+01 1.482000e+02
      vertex   7.388139e+01 -1.570908e+01 1.522000e+02
      vertex   7.413463e+01 -1.560418e+01 1.522000e+02
    endloop
  endfacet
  facet normal -6.087614e-01 7.933533e-01 2.162755e-15
    outer loop
      vertex   7.413463e+01 -1.560418e+01 1.482000e+02
      vertex   7.413463e+01 -1.560418e+01 1.522000e+02
      vertex   7.435209e+01 -1.543732e+01 1.482000e+02
    endloop
  endfacet
  facet normal -6.087614e-01 7.933533e-01 0.000000e+00
    outer loop
      vertex   7.435209e+01 -1.543732e+01 1.482000e+02
      vertex   7.413463e+01 -1.560418e+01 1.522000e+02
      vertex   7.435209e+01 -1.543732e+01 1.522000e+02
    endloop
  endfacet
  facet normal -7.933533e-01 6.087614e-01 0.000000e+00
    outer loop
      vertex   7.435209e+01 -1.543732e+01 1.482000e+02
      vertex   7.435209e+01 -1.543732e+01 1.522000e+02
      vertex   7.451895e+01 -1.521986e+01 1.482000e+02
    endloop
  endfacet
  facet normal -7.933533e-01 6.087614e-01 0.000000e+00
    outer loop
      vertex   7.451895e+01 -1.521986e+01 1.482000e+02
      vertex   7.435209e+01 -1.543732e+01 1.522000e+02
      vertex   7.451895e+01 -1.521986e+01 1.522000e+02
    endloop
  endfacet
  facet normal -9.238795e-01 3.826834e-01 0.000000e+00
    outer loop
      vertex   7.451895e+01 -1.521986e+01 1.482000e+02
      vertex   7.451895e+01 -1.521986e+01 1.522000e+02
      vertex   7.462385e+01 -1.496662e+01 1.482000e+02
    endloop
  endfacet
  facet normal -9.238795e-01 3.826834e-01 0.000000e+00
    outer loop
      vertex   7.462385e+01 -1.496662e+01 1.482000e+02
      vertex   7.451895e+01 -1.521986e+01 1.522000e+02
      vertex   7.462385e+01 -1.496662e+01 1.522000e+02
    endloop
  endfacet
  facet normal 0.000000e+00 -1.000000e+00 0.000000e+00
    outer loop
      vertex   6.750963e+01 -1.679486e+01 1.366000e+02
      vertex   6.750963e+01 -1.679486e+01 1.346000e+02
      vertex   7.970963e+01 -1.679486e+01 1.366000e+02
    endloop
  endfacet
  facet normal 0.000000e+00 -1.000000e+00 -0.000000e+00
    outer loop
      vertex   7.970963e+01 -1.679486e+01 1.366000e+02
      vertex   6.750963e+01 -1.679486e+01 1.346000e+02
      vertex   7.970963e+01 -1.679486e+01 1.346000e+02
    endloop
  endfacet
  facet normal 1.397789e-14 -2.842171e-12 -1.000000e+00
    outer loop
      vertex   6.750963e+01 -1.679486e+01 1.366000e+02
      vertex   7.970963e+01 -1.679486e+01 1.366000e+02
      vertex   6.750963e+01 -1.684486e+01 1.366000e+02
    endloop
  endfacet
  facet normal 2.329648e-15 -1.324252e-27 -1.000000e+00
    outer loop
      vertex   6.750963e+01 -1.684486e+01 1.366000e+02
      vertex   7.970963e+01 -1.679486e+01 1.366000e+02
      vertex   7.970963e+01 -1.684486e+01 1.366000e+02
    endloop
  endfacet
  facet normal 0.000000e+00 0.000000e+00 -1.000000e+00
    outer loop
      vertex   7.810963e+01 -1.684486e+01 1.434000e+02
      vertex   6.910963e+01 -1.684486e+01 1.434000e+02
      vertex   7.810963e+01 -1.264486e+01 1.434000e+02
    endloop
  endfacet
  facet normal -0.000000e+00 0.000000e+00 -1.000000e+00
    outer loop
      vertex   7.810963e+01 -1.264486e+01 1.434000e+02
      vertex   6.910963e+01 -1.684486e+01 1.434000e+02
      vertex   6.910963e+01 -1.264486e+01 1.434000e+02
    endloop
  endfacet
  facet normal 1.000000e+00 -0.000000e+00 0.000000e+00
    outer loop
      vertex   6.910963e+01 -1.684486e+01 1.434000e+02
      vertex   6.910963e+01 -1.684486e+01 1.394000e+02
      vertex   6.910963e+01 -1.264486e+01 1.434000e+02
    endloop
  endfacet
  facet normal 1.000000e+00 0.000000e+00 0.000000e+00
    outer loop
      vertex   6.910963e+01 -1.264486e+01 1.434000e+02
      vertex   6.910963e+01 -1.684486e+01 1.394000e+02
      vertex   6.910963e+01 -1.264486e+01 1.394000e+02
    endloop
  endfacet
  facet normal 0.000000e+00 0.000000e+00 1.000000e+00
    outer loop
      vertex   6.910963e+01 -1.684486e+01 1.394000e+02
      vertex   7.810963e+01 -1.684486e+01 1.394000e+02
      vertex   6.910963e+01 -1.264486e+01 1.394000e+02
    endloop
  endfacet
  facet normal 0.000000e+00 0.000000e+00 1.000000e+00
    outer loop
      vertex   6.910963e+01 -1.264486e+01 1.394000e+02
      vertex   7.810963e+01 -1.684486e+01 1.394000e+02
      vertex   7.810963e+01 -1.264486e+01 1.394000e+02
    endloop
  endfacet
  facet normal -1.000000e+00 0.000000e+00 0.000000e+00
    outer loop
      vertex   7.810963e+01 -1.684486e+01 1.394000e+02
      vertex   7.810963e+01 -1.684486e+01 1.434000e+02
      vertex   7.810963e+01 -1.264486e+01 1.394000e+02
    endloop
  endfacet
  facet normal -1.000000e+00 0.000000e+00 0.000000e+00
    outer loop
      vertex   7.810963e+01 -1.264486e+01 1.394000e+02
      vertex   7.810963e+01 -1.684486e+01 1.434000e+02
      vertex   7.810963e+01 -1.264486e+01 1.434000e+02
    endloop
  endfacet
  facet normal 7.894919e-16 1.000000e+00 -5.831474e-17
    outer loop
      vertex   6.910963e+01 -1.264486e+01 1.434000e+02
      vertex   6.750963e+01 -1.264486e+01 1.522000e+02
      vertex   7.810963e+01 -1.264486e+01 1.434000e+02
    endloop
  endfacet
  facet normal 8.736181e-16 1.000000e+00 4.301907e-17
    outer loop
      vertex   7.810963e+01 -1.264486e+01 1.434000e+02
      vertex   6.750963e+01 -1.264486e+01 1.522000e+02
      vertex   7.970963e+01 -1.264486e+01 1.522000e+02
    endloop
  endfacet
  facet normal 1.736503e-15 1.000000e+00 -1.138690e-16
    outer loop
      vertex   7.810963e+01 -1.264486e+01 1.434000e+02
      vertex   7.970963e+01 -1.264486e+01 1.522000e+02
      vertex   7.970963e+01 -1.264486e+01 1.366000e+02
    endloop
  endfacet
  facet normal 1.110223e-15 1.000000e+00 4.045441e-30
    outer loop
      vertex   6.750963e+01 -1.264486e+01 1.522000e+02
      vertex   6.910963e+01 -1.264486e+01 1.434000e+02
      vertex   6.750963e+01 -1.264486e+01 1.366000e+02
    endloop
  endfacet
  facet normal 1.110223e-15 1.000000e+00 0.000000e+00
    outer loop
      vertex   6.750963e+01 -1.264486e+01 1.366000e+02
      vertex   6.910963e+01 -1.264486e+01 1.434000e+02
      vertex   6.910963e+01 -1.264486e+01 1.394000e+02
    endloop
  endfacet
  facet normal 7.894919e-16 1.000000e+00 1.832749e-16
    outer loop
      vertex   6.750963e+01 -1.264486e+01 1.366000e+02
      vertex   6.910963e+01 -1.264486e+01 1.394000e+02
      vertex   7.810963e+01 -1.264486e+01 1.394000e+02
    endloop
  endfacet
  facet normal 1.019221e-15 1.000000e+00 -6.864142e-16
    outer loop
      vertex   6.750963e+01 -1.264486e+01 1.366000e+02
      vertex   7.810963e+01 -1.264486e+01 1.394000e+02
      vertex   7.970963e+01 -1.264486e+01 1.366000e+02
    endloop
  endfacet
  facet normal 2.220446e-15 1.000000e+00 0.000000e+00
    outer loop
      vertex   7.970963e+01 -1.264486e+01 1.366000e+02
      vertex   7.810963e+01 -1.264486e+01 1.394000e+02
      vertex   7.810963e+01 -1.264486e+01 1.434000e+02
    endloop
  endfacet
  facet normal 0.000000e+00 -1.000000e+00 8.074349e-16
    outer loop
      vertex   7.810963e+01 -1.684486e+01 1.434000e+02
      vertex   6.750963e+01 -1.684486e+01 1.522000e+02
      vertex   6.910963e+01 -1.684486e+01 1.434000e+02
    endloop
  endfacet
  facet normal -4.440892e-15 -1.000000e+00 -1.213632e-29
    outer loop
      vertex   6.910963e+01 -1.684486e+01 1.434000e+02
      vertex   6.750963e+01 -1.684486e+01 1.522000e+02
      vertex   6.750963e+01 -1.684486e+01 1.366000e+02
    endloop
  endfacet
  facet normal -4.440892e-15 -1.000000e+00 -0.000000e+00
    outer loop
      vertex   6.910963e+01 -1.684486e+01 1.434000e+02
      vertex   6.750963e+01 -1.684486e+01 1.366000e+02
      vertex   6.910963e+01 -1.684486e+01 1.394000e+02
    endloop
  endfacet
  facet normal 0.000000e+00 -1.000000e+00 -2.537653e-15
    outer loop
      vertex   6.910963e+01 -1.684486e+01 1.394000e+02
      vertex   6.750963e+01 -1.684486e+01 1.366000e+02
      vertex   7.810963e+01 -1.684486e+01 1.394000e+02
    endloop
  endfacet
  facet normal -1.164824e-15 -1.000000e+00 1.872039e-15
    outer loop
      vertex   7.810963e+01 -1.684486e+01 1.394000e+02
      vertex   6.750963e+01 -1.684486e+01 1.366000e+02
      vertex   7.970963e+01 -1.684486e+01 1.366000e+02
    endloop
  endfacet
  facet normal -4.440892e-15 -1.000000e+00 0.000000e+00
    outer loop
      vertex   7.810963e+01 -1.684486e+01 1.394000e+02
      vertex   7.970963e+01 -1.684486e+01 1.366000e+02
      vertex   7.810963e+01 -1.684486e+01 1.434000e+02
    endloop
  endfacet
  facet normal -4.440892e-15 -1.000000e+00 -8.090881e-30
    outer loop
      vertex   7.810963e+01 -1.684486e+01 1.434000e+02
      vertex   7.970963e+01 -1.684486e+01 1.366000e+02
      vertex   7.970963e+01 -1.684486e+01 1.522000e+02
    endloop
  endfacet
  facet normal -1.164824e-15 -1.000000e+00 -5.956487e-16
    outer loop
      vertex   7.810963e+01 -1.684486e+01 1.434000e+02
      vertex   7.970963e+01 -1.684486e+01 1.522000e+02
      vertex   6.750963e+01 -1.684486e+01 1.522000e+02
    endloop
  endfacet
  facet normal 0.000000e+00 0.000000e+00 1.000000e+00
    outer loop
      vertex   7.462385e+01 -1.442310e+01 1.482000e+02
      vertex   7.259541e+01 -1.442310e+01 1.482000e+02
      vertex   7.465963e+01 -1.469486e+01 1.482000e+02
    endloop
  endfacet
  facet normal 0.000000e+00 0.000000e+00 1.000000e+00
    outer loop
      vertex   7.465963e+01 -1.469486e+01 1.482000e+02
      vertex   7.259541e+01 -1.442310e+01 1.482000e+02
      vertex   7.255963e+01 -1.469486e+01 1.482000e+02
    endloop
  endfacet
  facet normal 0.000000e+00 0.000000e+00 1.000000e+00
    outer loop
      vertex   7.465963e+01 -1.469486e+01 1.482000e+02
      vertex   7.255963e+01 -1.469486e+01 1.482000e+02
      vertex   7.462385e+01 -1.496662e+01 1.482000e+02
    endloop
  endfacet
  facet normal 0.000000e+00 0.000000e+00 1.000000e+00
    outer loop
      vertex   7.462385e+01 -1.496662e+01 1.482000e+02
      vertex   7.255963e+01 -1.469486e+01 1.482000e+02
      vertex   7.259541e+01 -1.496662e+01 1.482000e+02
    endloop
  endfacet
  facet normal 0.000000e+00 0.000000e+00 1.000000e+00
    outer loop
      vertex   7.462385e+01 -1.496662e+01 1.482000e+02
      vertex   7.259541e+01 -1.496662e+01 1.482000e+02
      vertex   7.451895e+01 -1.521986e+01 1.482000e+02
    endloop
  endfacet
  facet normal 0.000000e+00 0.000000e+00 1.000000e+00
    outer loop
      vertex   7.451895e+01 -1.521986e+01 1.482000e+02
      vertex   7.259541e+01 -1.496662e+01 1.482000e+02
      vertex   7.270030e+01 -1.521986e+01 1.482000e+02
    endloop
  endfacet
  facet normal 0.000000e+00 0.000000e+00 1.000000e+00
    outer loop
      vertex   7.451895e+01 -1.521986e+01 1.482000e+02
      vertex   7.270030e+01 -1.521986e+01 1.482000e+02
      vertex   7.435209e+01 -1.543732e+01 1.482000e+02
    endloop
  endfacet
  facet normal 0.000000e+00 0.000000e+00 1.000000e+00
    outer loop
      vertex   7.435209e+01 -1.543732e+01 1.482000e+02
      vertex   7.270030e+01 -1.521986e+01 1.482000e+02
      vertex   7.286717e+01 -1.543732e+01 1.482000e+02
    endloop
  endfacet
  facet normal 0.000000e+00 0.000000e+00 1.000000e+00
    outer loop
      vertex   7.435209e+01 -1.543732e+01 1.482000e+02
      vertex   7.286717e+01 -1.543732e+01 1.482000e+02
      vertex   7.413463e+01 -1.560418e+01 1.482000e+02
    endloop
  endfacet
  facet normal 0.000000e+00 0.000000e+00 1.000000e+00
    outer loop
      vertex   7.413463e+01 -1.560418e+01 1.482000e+02
      vertex   7.286717e+01 -1.543732e+01 1.482000e+02
      vertex   7.308463e+01 -1.560418e+01 1.482000e+02
    endloop
  endfacet
  facet normal 0.000000e+00 0.000000e+00 1.000000e+00
    outer loop
      vertex   7.413463e+01 -1.560418e+01 1.482000e+02
      vertex   7.308463e+01 -1.560418e+01 1.482000e+02
      vertex   7.388139e+01 -1.570908e+01 1.482000e+02
    endloop
  endfacet
  facet normal 0.000000e+00 0.000000e+00 1.000000e+00
    outer loop
      vertex   7.388139e+01 -1.570908e+01 1.482000e+02
      vertex   7.308463e+01 -1.560418e+01 1.482000e+02
      vertex   7.333787e+01 -1.570908e+01 1.482000e+02
    endloop
  endfacet
  facet normal 0.000000e+00 0.000000e+00 1.000000e+00
    outer loop
      vertex   7.388139e+01 -1.570908e+01 1.482000e+02
      vertex   7.333787e+01 -1.570908e+01 1.482000e+02
      vertex   7.360963e+01 -1.574486e+01 1.482000e+02
    endloop
  endfacet
  facet normal 0.000000e+00 0.000000e+00 1.000000e+00
    outer loop
      vertex   7.259541e+01 -1.442310e+01 1.482000e+02
      vertex   7.462385e+01 -1.442310e+01 1.482000e+02
      vertex   7.270030e+01 -1.416986e+01 1.482000e+02
    endloop
  endfacet
  facet normal -0.000000e+00 0.000000e+00 1.000000e+00
    outer loop
      vertex   7.270030e+01 -1.416986e+01 1.482000e+02
      vertex   7.462385e+01 -1.442310e+01 1.482000e+02
      vertex   7.451895e+01 -1.416986e+01 1.482000e+02
    endloop
  endfacet
  facet normal 0.000000e+00 0.000000e+00 1.000000e+00
    outer loop
      vertex   7.270030e+01 -1.416986e+01 1.482000e+02
      vertex   7.451895e+01 -1.416986e+01 1.482000e+02
      vertex   7.286717e+01 -1.395240e+01 1.482000e+02
    endloop
  endfacet
  facet normal -0.000000e+00 0.000000e+00 1.000000e+00
    outer loop
      vertex   7.286717e+01 -1.395240e+01 1.482000e+02
      vertex   7.451895e+01 -1.416986e+01 1.482000e+02
      vertex   7.435209e+01 -1.395240e+01 1.482000e+02
    endloop
  endfacet
  facet normal 0.000000e+00 0.000000e+00 1.000000e+00
    outer loop
      vertex   7.286717e+01 -1.395240e+01 1.482000e+02
      vertex   7.435209e+01 -1.395240e+01 1.482000e+02
      vertex   7.308463e+01 -1.378553e+01 1.482000e+02
    endloop
  endfacet
  facet normal -0.000000e+00 0.000000e+00 1.000000e+00
    outer loop
      vertex   7.308463e+01 -1.378553e+01 1.482000e+02
      vertex   7.435209e+01 -1.395240e+01 1.482000e+02
      vertex   7.413463e+01 -1.378553e+01 1.482000e+02
    endloop
  endfacet
  facet normal 0.000000e+00 0.000000e+00 1.000000e+00
    outer loop
      vertex   7.308463e+01 -1.378553e+01 1.482000e+02
      vertex   7.413463e+01 -1.378553e+01 1.482000e+02
      vertex   7.333787e+01 -1.368064e+01 1.482000e+02
    endloop
  endfacet
  facet normal -0.000000e+00 0.000000e+00 1.000000e+00
    outer loop
      vertex   7.333787e+01 -1.368064e+01 1.482000e+02
      vertex   7.413463e+01 -1.378553e+01 1.482000e+02
      vertex   7.388139e+01 -1.368064e+01 1.482000e+02
    endloop
  endfacet
  facet normal 0.000000e+00 0.000000e+00 1.000000e+00
    outer loop
      vertex   7.333787e+01 -1.368064e+01 1.482000e+02
      vertex   7.388139e+01 -1.368064e+01 1.482000e+02
      vertex   7.360963e+01 -1.364486e+01 1.482000e+02
    endloop
  endfacet
  facet normal -2.329656e-15 -8.836388e-06 1.000000e+00
    outer loop
      vertex   6.750963e+01 1.075514e+01 1.366000e+02
      vertex   6.750963e+01 1.045514e+01 1.366000e+02
      vertex   7.970963e+01 1.075514e+01 1.366000e+02
    endloop
  endfacet
  facet normal 0.000000e+00 -8.836389e-06 1.000000e+00
    outer loop
      vertex   7.970963e+01 1.075514e+01 1.366000e+02
      vertex   6.750963e+01 1.045514e+01 1.366000e+02
      vertex   7.970963e+01 1.045514e+01 1.366000e+02
    endloop
  endfacet
  facet normal 0.000000e+00 1.147583e-07 1.000000e+00
    outer loop
      vertex   7.970963e+01 1.045514e+01 1.366000e+02
      vertex   6.750963e+01 1.045514e+01 1.366000e+02
      vertex   6.750963e+01 -1.264486e+01 1.366000e+02
    endloop
  endfacet
  facet normal 2.329648e-15 1.147583e-07 1.000000e+00
    outer loop
      vertex   7.970963e+01 1.045514e+01 1.366000e+02
      vertex   6.750963e+01 -1.264486e+01 1.366000e+02
      vertex   7.970963e+01 -1.264486e+01 1.366000e+02
    endloop
  endfacet
  facet normal 0.000000e+00 -8.036106e-01 -5.951554e-01
    outer loop
      vertex   6.750963e+01 5.270929e+00 1.346000e+02
      vertex   6.750963e+01 1.045514e+01 1.276000e+02
      vertex   7.970963e+01 5.270929e+00 1.346000e+02
    endloop
  endfacet
  facet normal 0.000000e+00 -8.036106e-01 -5.951554e-01
    outer loop
      vertex   7.970963e+01 5.270929e+00 1.346000e+02
      vertex   6.750963e+01 1.045514e+01 1.276000e+02
      vertex   7.970963e+01 1.045514e+01 1.276000e+02
    endloop
  endfacet
  facet normal 0.000000e+00 0.000000e+00 1.000000e+00
    outer loop
      vertex   7.462385e+01 1.337690e+01 1.482000e+02
      vertex   7.259541e+01 1.337690e+01 1.482000e+02
      vertex   7.465963e+01 1.310514e+01 1.482000e+02
    endloop
  endfacet
  facet normal 0.000000e+00 0.000000e+00 1.000000e+00
    outer loop
      vertex   7.465963e+01 1.310514e+01 1.482000e+02
      vertex   7.259541e+01 1.337690e+01 1.482000e+02
      vertex   7.255963e+01 1.310514e+01 1.482000e+02
    endloop
  endfacet
  facet normal 0.000000e+00 0.000000e+00 1.000000e+00
    outer loop
      vertex   7.465963e+01 1.310514e+01 1.482000e+02
      vertex   7.255963e+01 1.310514e+01 1.482000e+02
      vertex   7.462385e+01 1.283338e+01 1.482000e+02
    endloop
  endfacet
  facet normal 0.000000e+00 0.000000e+00 1.000000e+00
    outer loop
      vertex   7.462385e+01 1.283338e+01 1.482000e+02
      vertex   7.255963e+01 1.310514e+01 1.482000e+02
      vertex   7.259541e+01 1.283338e+01 1.482000e+02
    endloop
  endfacet
  facet normal 0.000000e+00 0.000000e+00 1.000000e+00
    outer loop
      vertex   7.462385e+01 1.283338e+01 1.482000e+02
      vertex   7.259541e+01 1.283338e+01 1.482000e+02
      vertex   7.451895e+01 1.258014e+01 1.482000e+02
    endloop
  endfacet
  facet normal 0.000000e+00 0.000000e+00 1.000000e+00
    outer loop
      vertex   7.451895e+01 1.258014e+01 1.482000e+02
      vertex   7.259541e+01 1.283338e+01 1.482000e+02
      vertex   7.270030e+01 1.258014e+01 1.482000e+02
    endloop
  endfacet
  facet normal 0.000000e+00 0.000000e+00 1.000000e+00
    outer loop
      vertex   7.451895e+01 1.258014e+01 1.482000e+02
      vertex   7.270030e+01 1.258014e+01 1.482000e+02
      vertex   7.435209e+01 1.236268e+01 1.482000e+02
    endloop
  endfacet
  facet normal 0.000000e+00 0.000000e+00 1.000000e+00
    outer loop
      vertex   7.435209e+01 1.236268e+01 1.482000e+02
      vertex   7.270030e+01 1.258014e+01 1.482000e+02
      vertex   7.286717e+01 1.236268e+01 1.482000e+02
    endloop
  endfacet
  facet normal 0.000000e+00 0.000000e+00 1.000000e+00
    outer loop
      vertex   7.435209e+01 1.236268e+01 1.482000e+02
      vertex   7.286717e+01 1.236268e+01 1.482000e+02
      vertex   7.413463e+01 1.219582e+01 1.482000e+02
    endloop
  endfacet
  facet normal 0.000000e+00 0.000000e+00 1.000000e+00
    outer loop
      vertex   7.413463e+01 1.219582e+01 1.482000e+02
      vertex   7.286717e+01 1.236268e+01 1.482000e+02
      vertex   7.308463e+01 1.219582e+01 1.482000e+02
    endloop
  endfacet
  facet normal 0.000000e+00 0.000000e+00 1.000000e+00
    outer loop
      vertex   7.413463e+01 1.219582e+01 1.482000e+02
      vertex   7.308463e+01 1.219582e+01 1.482000e+02
      vertex   7.388139e+01 1.209092e+01 1.482000e+02
    endloop
  endfacet
  facet normal 0.000000e+00 0.000000e+00 1.000000e+00
    outer loop
      vertex   7.388139e+01 1.209092e+01 1.482000e+02
      vertex   7.308463e+01 1.219582e+01 1.482000e+02
      vertex   7.333787e+01 1.209092e+01 1.482000e+02
    endloop
  endfacet
  facet normal 0.000000e+00 0.000000e+00 1.000000e+00
    outer loop
      vertex   7.388139e+01 1.209092e+01 1.482000e+02
      vertex   7.333787e+01 1.209092e+01 1.482000e+02
      vertex   7.360963e+01 1.205514e+01 1.482000e+02
    endloop
  endfacet
  facet normal 0.000000e+00 0.000000e+00 1.000000e+00
    outer loop
      vertex   7.259541e+01 1.337690e+01 1.482000e+02
      vertex   7.462385e+01 1.337690e+01 1.482000e+02
      vertex   7.270030e+01 1.363014e+01 1.482000e+02
    endloop
  endfacet
  facet normal -0.000000e+00 0.000000e+00 1.000000e+00
    outer loop
      vertex   7.270030e+01 1.363014e+01 1.482000e+02
      vertex   7.462385e+01 1.337690e+01 1.482000e+02
      vertex   7.451895e+01 1.363014e+01 1.482000e+02
    endloop
  endfacet
  facet normal 0.000000e+00 0.000000e+00 1.000000e+00
    outer loop
      vertex   7.270030e+01 1.363014e+01 1.482000e+02
      vertex   7.451895e+01 1.363014e+01 1.482000e+02
      vertex   7.286717e+01 1.384760e+01 1.482000e+02
    endloop
  endfacet
  facet normal -0.000000e+00 0.000000e+00 1.000000e+00
    outer loop
      vertex   7.286717e+01 1.384760e+01 1.482000e+02
      vertex   7.451895e+01 1.363014e+01 1.482000e+02
      vertex   7.435209e+01 1.384760e+01 1.482000e+02
    endloop
  endfacet
  facet normal 0.000000e+00 0.000000e+00 1.000000e+00
    outer loop
      vertex   7.286717e+01 1.384760e+01 1.482000e+02
      vertex   7.435209e+01 1.384760e+01 1.482000e+02
      vertex   7.308463e+01 1.401447e+01 1.482000e+02
    endloop
  endfacet
  facet normal -0.000000e+00 0.000000e+00 1.000000e+00
    outer loop
      vertex   7.308463e+01 1.401447e+01 1.482000e+02
      vertex   7.435209e+01 1.384760e+01 1.482000e+02
      vertex   7.413463e+01 1.401447e+01 1.482000e+02
    endloop
  endfacet
  facet normal 0.000000e+00 0.000000e+00 1.000000e+00
    outer loop
      vertex   7.308463e+01 1.401447e+01 1.482000e+02
      vertex   7.413463e+01 1.401447e+01 1.482000e+02
      vertex   7.333787e+01 1.411936e+01 1.482000e+02
    endloop
  endfacet
  facet normal -0.000000e+00 0.000000e+00 1.000000e+00
    outer loop
      vertex   7.333787e+01 1.411936e+01 1.482000e+02
      vertex   7.413463e+01 1.401447e+01 1.482000e+02
      vertex   7.388139e+01 1.411936e+01 1.482000e+02
    endloop
  endfacet
  facet normal 0.000000e+00 0.000000e+00 1.000000e+00
    outer loop
      vertex   7.333787e+01 1.411936e+01 1.482000e+02
      vertex   7.388139e+01 1.411936e+01 1.482000e+02
      vertex   7.360963e+01 1.415514e+01 1.482000e+02
    endloop
  endfacet
  facet normal -8.736181e-16 -1.000000e+00 -1.591649e-30
    outer loop
      vertex   6.750963e+01 1.075514e+01 1.522000e+02
      vertex   6.750963e+01 1.075514e+01 1.366000e+02
      vertex   7.970963e+01 1.075514e+01 1.522000e+02
    endloop
  endfacet
  facet normal -8.736181e-16 -1.000000e+00 -2.387473e-30
    outer loop
      vertex   7.970963e+01 1.075514e+01 1.522000e+02
      vertex   6.750963e+01 1.075514e+01 1.366000e+02
      vertex   7.970963e+01 1.075514e+01 1.366000e+02
    endloop
  endfacet
  facet normal -9.914449e-01 1.305262e-01 0.000000e+00
    outer loop
      vertex   7.462385e+01 1.283338e+01 1.482000e+02
      vertex   7.462385e+01 1.283338e+01 1.522000e+02
      vertex   7.465963e+01 1.310514e+01 1.482000e+02
    endloop
  endfacet
  facet normal -9.914449e-01 1.305262e-01 0.000000e+00
    outer loop
      vertex   7.465963e+01 1.310514e+01 1.482000e+02
      vertex   7.462385e+01 1.283338e+01 1.522000e+02
      vertex   7.465963e+01 1.310514e+01 1.522000e+02
    endloop
  endfacet
  facet normal -9.914449e-01 -1.305262e-01 0.000000e+00
    outer loop
      vertex   7.465963e+01 1.310514e+01 1.482000e+02
      vertex   7.465963e+01 1.310514e+01 1.522000e+02
      vertex   7.462385e+01 1.337690e+01 1.482000e+02
    endloop
  endfacet
  facet normal -9.914449e-01 -1.305262e-01 0.000000e+00
    outer loop
      vertex   7.462385e+01 1.337690e+01 1.482000e+02
      vertex   7.465963e+01 1.310514e+01 1.522000e+02
      vertex   7.462385e+01 1.337690e+01 1.522000e+02
    endloop
  endfacet
  facet normal -9.238795e-01 -3.826834e-01 0.000000e+00
    outer loop
      vertex   7.462385e+01 1.337690e+01 1.482000e+02
      vertex   7.462385e+01 1.337690e+01 1.522000e+02
      vertex   7.451895e+01 1.363014e+01 1.482000e+02
    endloop
  endfacet
  facet normal -9.238795e-01 -3.826834e-01 0.000000e+00
    outer loop
      vertex   7.451895e+01 1.363014e+01 1.482000e+02
      vertex   7.462385e+01 1.337690e+01 1.522000e+02
      vertex   7.451895e+01 1.363014e+01 1.522000e+02
    endloop
  endfacet
  facet normal -7.933533e-01 -6.087614e-01 0.000000e+00
    outer loop
      vertex   7.451895e+01 1.363014e+01 1.482000e+02
      vertex   7.451895e+01 1.363014e+01 1.522000e+02
      vertex   7.435209e+01 1.384760e+01 1.482000e+02
    endloop
  endfacet
  facet normal -7.933533e-01 -6.087614e-01 0.000000e+00
    outer loop
      vertex   7.435209e+01 1.384760e+01 1.482000e+02
      vertex   7.451895e+01 1.363014e+01 1.522000e+02
      vertex   7.435209e+01 1.384760e+01 1.522000e+02
    endloop
  endfacet
  facet normal -6.087614e-01 -7.933533e-01 0.000000e+00
    outer loop
      vertex   7.435209e+01 1.384760e+01 1.482000e+02
      vertex   7.435209e+01 1.384760e+01 1.522000e+02
      vertex   7.413463e+01 1.401447e+01 1.482000e+02
    endloop
  endfacet
  facet normal -6.087614e-01 -7.933533e-01 -2.162755e-15
    outer loop
      vertex   7.413463e+01 1.401447e+01 1.482000e+02
      vertex   7.435209e+01 1.384760e+01 1.522000e+02
      vertex   7.413463e+01 1.401447e+01 1.522000e+02
    endloop
  endfacet
  facet normal -3.826834e-01 -9.238795e-01 -1.359565e-15
    outer loop
      vertex   7.413463e+01 1.401447e+01 1.482000e+02
      vertex   7.413463e+01 1.401447e+01 1.522000e+02
      vertex   7.388139e+01 1.411936e+01 1.482000e+02
    endloop
  endfacet
  facet normal -3.826834e-01 -9.238795e-01 0.000000e+00
    outer loop
      vertex   7.388139e+01 1.411936e+01 1.482000e+02
      vertex   7.413463e+01 1.401447e+01 1.522000e+02
      vertex   7.388139e+01 1.411936e+01 1.522000e+02
    endloop
  endfacet
  facet normal -1.305262e-01 -9.914449e-01 0.000000e+00
    outer loop
      vertex   7.388139e+01 1.411936e+01 1.482000e+02
      vertex   7.388139e+01 1.411936e+01 1.522000e+02
      vertex   7.360963e+01 1.415514e+01 1.482000e+02
    endloop
  endfacet
  facet normal -1.305262e-01 -9.914449e-01 0.000000e+00
    outer loop
      vertex   7.360963e+01 1.415514e+01 1.482000e+02
      vertex   7.388139e+01 1.411936e+01 1.522000e+02
      vertex   7.360963e+01 1.415514e+01 1.522000e+02
    endloop
  endfacet
  facet normal 1.305262e-01 -9.914449e-01 0.000000e+00
    outer loop
      vertex   7.360963e+01 1.415514e+01 1.482000e+02
      vertex   7.360963e+01 1.415514e+01 1.522000e+02
      vertex   7.333787e+01 1.411936e+01 1.482000e+02
    endloop
  endfacet
  facet normal 1.305262e-01 -9.914449e-01 2.343222e-17
    outer loop
      vertex   7.333787e+01 1.411936e+01 1.482000e+02
      vertex   7.360963e+01 1.415514e+01 1.522000e+02
      vertex   7.333787e+01 1.411936e+01 1.522000e+02
    endloop
  endfacet
  facet normal 3.826834e-01 -9.238795e-01 9.492797e-16
    outer loop
      vertex   7.333787e+01 1.411936e+01 1.482000e+02
      vertex   7.333787e+01 1.411936e+01 1.522000e+02
      vertex   7.308463e+01 1.401447e+01 1.482000e+02
    endloop
  endfacet
  facet normal 3.826834e-01 -9.238795e-01 1.359565e-15
    outer loop
      vertex   7.308463e+01 1.401447e+01 1.482000e+02
      vertex   7.333787e+01 1.411936e+01 1.522000e+02
      vertex   7.308463e+01 1.401447e+01 1.522000e+02
    endloop
  endfacet
  facet normal 6.087614e-01 -7.933533e-01 2.162755e-15
    outer loop
      vertex   7.308463e+01 1.401447e+01 1.482000e+02
      vertex   7.308463e+01 1.401447e+01 1.522000e+02
      vertex   7.286717e+01 1.384760e+01 1.482000e+02
    endloop
  endfacet
  facet normal 6.087614e-01 -7.933533e-01 -3.523197e-16
    outer loop
      vertex   7.286717e+01 1.384760e+01 1.482000e+02
      vertex   7.308463e+01 1.401447e+01 1.522000e+02
      vertex   7.286717e+01 1.384760e+01 1.522000e+02
    endloop
  endfacet
  facet normal 7.933533e-01 -6.087614e-01 -2.703444e-16
    outer loop
      vertex   7.286717e+01 1.384760e+01 1.482000e+02
      vertex   7.286717e+01 1.384760e+01 1.522000e+02
      vertex   7.270030e+01 1.363014e+01 1.482000e+02
    endloop
  endfacet
  facet normal 7.933533e-01 -6.087614e-01 0.000000e+00
    outer loop
      vertex   7.270030e+01 1.363014e+01 1.482000e+02
      vertex   7.286717e+01 1.384760e+01 1.522000e+02
      vertex   7.270030e+01 1.363014e+01 1.522000e+02
    endloop
  endfacet
  facet normal 9.238795e-01 -3.826834e-01 0.000000e+00
    outer loop
      vertex   7.270030e+01 1.363014e+01 1.482000e+02
      vertex   7.270030e+01 1.363014e+01 1.522000e+02
      vertex   7.259541e+01 1.337690e+01 1.482000e+02
    endloop
  endfacet
  facet normal 9.238795e-01 -3.826834e-01 0.000000e+00
    outer loop
      vertex   7.259541e+01 1.337690e+01 1.482000e+02
      vertex   7.270030e+01 1.363014e+01 1.522000e+02
      vertex   7.259541e+01 1.337690e+01 1.522000e+02
    endloop
  endfacet
  facet normal 9.914449e-01 -1.305262e-01 0.000000e+00
    outer loop
      vertex   7.259541e+01 1.337690e+01 1.482000e+02
      vertex   7.259541e+01 1.337690e+01 1.522000e+02
      vertex   7.255963e+01 1.310514e+01 1.482000e+02
    endloop
  endfacet
  facet normal 9.914449e-01 -1.305262e-01 0.000000e+00
    outer loop
      vertex   7.255963e+01 1.310514e+01 1.482000e+02
      vertex   7.259541e+01 1.337690e+01 1.522000e+02
      vertex   7.255963e+01 1.310514e+01 1.522000e+02
    endloop
  endfacet
  facet normal 9.914449e-01 1.305262e-01 -0.000000e+00
    outer loop
      vertex   7.255963e+01 1.310514e+01 1.482000e+02
      vertex   7.255963e+01 1.310514e+01 1.522000e+02
      vertex   7.259541e+01 1.283338e+01 1.482000e+02
    endloop
  endfacet
  facet normal 9.914449e-01 1.305262e-01 -0.000000e+00
    outer loop
      vertex   7.259541e+01 1.283338e+01 1.482000e+02
      vertex   7.255963e+01 1.310514e+01 1.522000e+02
      vertex   7.259541e+01 1.283338e+01 1.522000e+02
    endloop
  endfacet
  facet normal 9.238795e-01 3.826834e-01 -0.000000e+00
    outer loop
      vertex   7.259541e+01 1.283338e+01 1.482000e+02
      vertex   7.259541e+01 1.283338e+01 1.522000e+02
      vertex   7.270030e+01 1.258014e+01 1.482000e+02
    endloop
  endfacet
  facet normal 9.238795e-01 3.826834e-01 -0.000000e+00
    outer loop
      vertex   7.270030e+01 1.258014e+01 1.482000e+02
      vertex   7.259541e+01 1.283338e+01 1.522000e+02
      vertex   7.270030e+01 1.258014e+01 1.522000e+02
    endloop
  endfacet
  facet normal 7.933533e-01 6.087614e-01 -0.000000e+00
    outer loop
      vertex   7.270030e+01 1.258014e+01 1.482000e+02
      vertex   7.270030e+01 1.258014e+01 1.522000e+02
      vertex   7.286717e+01 1.236268e+01 1.482000e+02
    endloop
  endfacet
  facet normal 7.933533e-01 6.087614e-01 2.703444e-16
    outer loop
      vertex   7.286717e+01 1.236268e+01 1.482000e+02
      vertex   7.270030e+01 1.258014e+01 1.522000e+02
      vertex   7.286717e+01 1.236268e+01 1.522000e+02
    endloop
  endfacet
  facet normal 6.087614e-01 7.933533e-01 3.523197e-16
    outer loop
      vertex   7.286717e+01 1.236268e+01 1.482000e+02
      vertex   7.286717e+01 1.236268e+01 1.522000e+02
      vertex   7.308463e+01 1.219582e+01 1.482000e+02
    endloop
  endfacet
  facet normal 6.087614e-01 7.933533e-01 -2.162755e-15
    outer loop
      vertex   7.308463e+01 1.219582e+01 1.482000e+02
      vertex   7.286717e+01 1.236268e+01 1.522000e+02
      vertex   7.308463e+01 1.219582e+01 1.522000e+02
    endloop
  endfacet
  facet normal 3.826834e-01 9.238795e-01 -1.359565e-15
    outer loop
      vertex   7.308463e+01 1.219582e+01 1.482000e+02
      vertex   7.308463e+01 1.219582e+01 1.522000e+02
      vertex   7.333787e+01 1.209092e+01 1.482000e+02
    endloop
  endfacet
  facet normal 3.826834e-01 9.238795e-01 -9.492797e-16
    outer loop
      vertex   7.333787e+01 1.209092e+01 1.482000e+02
      vertex   7.308463e+01 1.219582e+01 1.522000e+02
      vertex   7.333787e+01 1.209092e+01 1.522000e+02
    endloop
  endfacet
  facet normal 1.305262e-01 9.914449e-01 -2.343222e-17
    outer loop
      vertex   7.333787e+01 1.209092e+01 1.482000e+02
      vertex   7.333787e+01 1.209092e+01 1.522000e+02
      vertex   7.360963e+01 1.205514e+01 1.482000e+02
    endloop
  endfacet
  facet normal 1.305262e-01 9.914449e-01 -0.000000e+00
    outer loop
      vertex   7.360963e+01 1.205514e+01 1.482000e+02
      vertex   7.333787e+01 1.209092e+01 1.522000e+02
      vertex   7.360963e+01 1.205514e+01 1.522000e+02
    endloop
  endfacet
  facet normal -1.305262e-01 9.914449e-01 0.000000e+00
    outer loop
      vertex   7.360963e+01 1.205514e+01 1.482000e+02
      vertex   7.360963e+01 1.205514e+01 1.522000e+02
      vertex   7.388139e+01 1.209092e+01 1.482000e+02
    endloop
  endfacet
  facet normal -1.305262e-01 9.914449e-01 0.000000e+00
    outer loop
      vertex   7.388139e+01 1.209092e+01 1.482000e+02
      vertex   7.360963e+01 1.205514e+01 1.522000e+02
      vertex   7.388139e+01 1.209092e+01 1.522000e+02
    endloop
  endfacet
  facet normal -3.826834e-01 9.238795e-01 0.000000e+00
    outer loop
      vertex   7.388139e+01 1.209092e+01 1.482000e+02
      vertex   7.388139e+01 1.209092e+01 1.522000e+02
      vertex   7.413463e+01 1.219582e+01 1.482000e+02
    endloop
  endfacet
  facet normal -3.826834e-01 9.238795e-01 1.359565e-15
    outer loop
      vertex   7.413463e+01 1.219582e+01 1.482000e+02
      vertex   7.388139e+01 1.209092e+01 1.522000e+02
      vertex   7.413463e+01 1.219582e+01 1.522000e+02
    endloop
  endfacet
  facet normal -6.087614e-01 7.933533e-01 2.162755e-15
    outer loop
      vertex   7.413463e+01 1.219582e+01 1.482000e+02
      vertex   7.413463e+01 1.219582e+01 1.522000e+02
      vertex   7.435209e+01 1.236268e+01 1.482000e+02
    endloop
  endfacet
  facet normal -6.087614e-01 7.933533e-01 0.000000e+00
    outer loop
      vertex   7.435209e+01 1.236268e+01 1.482000e+02
      vertex   7.413463e+01 1.219582e+01 1.522000e+02
      vertex   7.435209e+01 1.236268e+01 1.522000e+02
    endloop
  endfacet
  facet normal -7.933533e-01 6.087614e-01 0.000000e+00
    outer loop
      vertex   7.435209e+01 1.236268e+01 1.482000e+02
      vertex   7.435209e+01 1.236268e+01 1.522000e+02
      vertex   7.451895e+01 1.258014e+01 1.482000e+02
    endloop
  endfacet
  facet normal -7.933533e-01 6.087614e-01 0.000000e+00
    outer loop
      vertex   7.451895e+01 1.258014e+01 1.482000e+02
      vertex   7.435209e+01 1.236268e+01 1.522000e+02
      vertex   7.451895e+01 1.258014e+01 1.522000e+02
    endloop
  endfacet
  facet normal -9.238795e-01 3.826834e-01 0.000000e+00
    outer loop
      vertex   7.451895e+01 1.258014e+01 1.482000e+02
      vertex   7.451895e+01 1.258014e+01 1.522000e+02
      vertex   7.462385e+01 1.283338e+01 1.482000e+02
    endloop
  endfacet
  facet normal -9.238795e-01 3.826834e-01 0.000000e+00
    outer loop
      vertex   7.462385e+01 1.283338e+01 1.482000e+02
      vertex   7.451895e+01 1.258014e+01 1.522000e+02
      vertex   7.462385e+01 1.283338e+01 1.522000e+02
    endloop
  endfacet
  facet normal 5.628061e-15 -0.000000e+00 1.000000e+00
    outer loop
      vertex   6.750963e+01 1.075514e+01 1.522000e+02
      vertex   7.255963e+01 1.310514e+01 1.522000e+02
      vertex   6.750963e+01 1.525514e+01 1.522000e+02
    endloop
  endfacet
  facet normal 5.329351e-15 -7.016223e-16 1.000000e+00
    outer loop
      vertex   6.750963e+01 1.525514e+01 1.522000e+02
      vertex   7.255963e+01 1.310514e+01 1.522000e+02
      vertex   7.259541e+01 1.337690e+01 1.522000e+02
    endloop
  endfacet
  facet normal 4.847002e-15 -2.007694e-15 1.000000e+00
    outer loop
      vertex   6.750963e+01 1.525514e+01 1.522000e+02
      vertex   7.259541e+01 1.337690e+01 1.522000e+02
      vertex   7.270030e+01 1.363014e+01 1.522000e+02
    endloop
  endfacet
  facet normal -2.329648e-15 3.279428e-14 1.000000e+00
    outer loop
      vertex   7.970963e+01 1.075514e+01 1.522000e+02
      vertex   7.360963e+01 1.205514e+01 1.522000e+02
      vertex   6.750963e+01 1.075514e+01 1.522000e+02
    endloop
  endfacet
  facet normal 1.779195e-15 1.351432e-14 1.000000e+00
    outer loop
      vertex   6.750963e+01 1.075514e+01 1.522000e+02
      vertex   7.360963e+01 1.205514e+01 1.522000e+02
      vertex   7.333787e+01 1.209092e+01 1.522000e+02
    endloop
  endfacet
  facet normal 3.139447e-15 7.579296e-15 1.000000e+00
    outer loop
      vertex   6.750963e+01 1.075514e+01 1.522000e+02
      vertex   7.333787e+01 1.209092e+01 1.522000e+02
      vertex   7.308463e+01 1.219582e+01 1.522000e+02
    endloop
  endfacet
  facet normal -1.125612e-14 3.554647e-29 1.000000e+00
    outer loop
      vertex   7.970963e+01 1.525514e+01 1.522000e+02
      vertex   7.465963e+01 1.310514e+01 1.522000e+02
      vertex   7.970963e+01 1.075514e+01 1.522000e+02
    endloop
  endfacet
  facet normal -1.060634e-14 1.396351e-15 1.000000e+00
    outer loop
      vertex   7.970963e+01 1.075514e+01 1.522000e+02
      vertex   7.465963e+01 1.310514e+01 1.522000e+02
      vertex   7.462385e+01 1.283338e+01 1.522000e+02
    endloop
  endfacet
  facet normal -9.558957e-15 3.959450e-15 1.000000e+00
    outer loop
      vertex   7.970963e+01 1.075514e+01 1.522000e+02
      vertex   7.462385e+01 1.283338e+01 1.522000e+02
      vertex   7.451895e+01 1.258014e+01 1.522000e+02
    endloop
  endfacet
  facet normal -2.329648e-15 -3.875688e-14 1.000000e+00
    outer loop
      vertex   6.750963e+01 1.525514e+01 1.522000e+02
      vertex   7.360963e+01 1.415514e+01 1.522000e+02
      vertex   7.970963e+01 1.525514e+01 1.522000e+02
    endloop
  endfacet
  facet normal -3.932350e-15 -2.986917e-14 1.000000e+00
    outer loop
      vertex   7.970963e+01 1.525514e+01 1.522000e+02
      vertex   7.360963e+01 1.415514e+01 1.522000e+02
      vertex   7.388139e+01 1.411936e+01 1.522000e+02
    endloop
  endfacet
  facet normal -6.632644e-15 -1.601262e-14 1.000000e+00
    outer loop
      vertex   7.970963e+01 1.525514e+01 1.522000e+02
      vertex   7.388139e+01 1.411936e+01 1.522000e+02
      vertex   7.413463e+01 1.401447e+01 1.522000e+02
    endloop
  endfacet
  facet normal -8.624341e-15 6.617689e-15 1.000000e+00
    outer loop
      vertex   7.451895e+01 1.258014e+01 1.522000e+02
      vertex   7.435209e+01 1.236268e+01 1.522000e+02
      vertex   7.970963e+01 1.075514e+01 1.522000e+02
    endloop
  endfacet
  facet normal -7.627407e-15 9.940230e-15 1.000000e+00
    outer loop
      vertex   7.970963e+01 1.075514e+01 1.522000e+02
      vertex   7.435209e+01 1.236268e+01 1.522000e+02
      vertex   7.413463e+01 1.219582e+01 1.522000e+02
    endloop
  endfacet
  facet normal -6.278895e-15 1.515859e-14 1.000000e+00
    outer loop
      vertex   7.970963e+01 1.075514e+01 1.522000e+02
      vertex   7.413463e+01 1.219582e+01 1.522000e+02
      vertex   7.388139e+01 1.209092e+01 1.522000e+02
    endloop
  endfacet
  facet normal -3.558389e-15 2.702865e-14 1.000000e+00
    outer loop
      vertex   7.388139e+01 1.209092e+01 1.522000e+02
      vertex   7.360963e+01 1.205514e+01 1.522000e+02
      vertex   7.970963e+01 1.075514e+01 1.522000e+02
    endloop
  endfacet
  facet normal 3.813704e-15 4.970115e-15 1.000000e+00
    outer loop
      vertex   7.308463e+01 1.219582e+01 1.522000e+02
      vertex   7.286717e+01 1.236268e+01 1.522000e+02
      vertex   6.750963e+01 1.075514e+01 1.522000e+02
    endloop
  endfacet
  facet normal 4.312170e-15 3.308845e-15 1.000000e+00
    outer loop
      vertex   6.750963e+01 1.075514e+01 1.522000e+02
      vertex   7.286717e+01 1.236268e+01 1.522000e+02
      vertex   7.270030e+01 1.258014e+01 1.522000e+02
    endloop
  endfacet
  facet normal 4.779479e-15 1.979725e-15 1.000000e+00
    outer loop
      vertex   6.750963e+01 1.075514e+01 1.522000e+02
      vertex   7.270030e+01 1.258014e+01 1.522000e+02
      vertex   7.259541e+01 1.283338e+01 1.522000e+02
    endloop
  endfacet
  facet normal 5.303168e-15 6.981753e-16 1.000000e+00
    outer loop
      vertex   7.259541e+01 1.283338e+01 1.522000e+02
      vertex   7.255963e+01 1.310514e+01 1.522000e+02
      vertex   6.750963e+01 1.075514e+01 1.522000e+02
    endloop
  endfacet
  facet normal 4.414968e-15 -3.387724e-15 1.000000e+00
    outer loop
      vertex   7.270030e+01 1.363014e+01 1.522000e+02
      vertex   7.286717e+01 1.384760e+01 1.522000e+02
      vertex   6.750963e+01 1.525514e+01 1.522000e+02
    endloop
  endfacet
  facet normal 3.951918e-15 -5.150240e-15 1.000000e+00
    outer loop
      vertex   6.750963e+01 1.525514e+01 1.522000e+02
      vertex   7.286717e+01 1.384760e+01 1.522000e+02
      vertex   7.308463e+01 1.401447e+01 1.522000e+02
    endloop
  endfacet
  facet normal 3.316322e-15 -8.006309e-15 1.000000e+00
    outer loop
      vertex   6.750963e+01 1.525514e+01 1.522000e+02
      vertex   7.308463e+01 1.401447e+01 1.522000e+02
      vertex   7.333787e+01 1.411936e+01 1.522000e+02
    endloop
  endfacet
  facet normal 1.966175e-15 -1.493458e-14 1.000000e+00
    outer loop
      vertex   7.333787e+01 1.411936e+01 1.522000e+02
      vertex   7.360963e+01 1.415514e+01 1.522000e+02
      vertex   6.750963e+01 1.525514e+01 1.522000e+02
    endloop
  endfacet
  facet normal -7.903836e-15 -1.030048e-14 1.000000e+00
    outer loop
      vertex   7.413463e+01 1.401447e+01 1.522000e+02
      vertex   7.435209e+01 1.384760e+01 1.522000e+02
      vertex   7.970963e+01 1.525514e+01 1.522000e+02
    endloop
  endfacet
  facet normal -8.829936e-15 -6.775448e-15 1.000000e+00
    outer loop
      vertex   7.970963e+01 1.525514e+01 1.522000e+02
      vertex   7.435209e+01 1.384760e+01 1.522000e+02
      vertex   7.451895e+01 1.363014e+01 1.522000e+02
    endloop
  endfacet
  facet normal -9.694005e-15 -4.015388e-15 1.000000e+00
    outer loop
      vertex   7.970963e+01 1.525514e+01 1.522000e+02
      vertex   7.451895e+01 1.363014e+01 1.522000e+02
      vertex   7.462385e+01 1.337690e+01 1.522000e+02
    endloop
  endfacet
  facet normal -1.065870e-14 -1.403245e-15 1.000000e+00
    outer loop
      vertex   7.462385e+01 1.337690e+01 1.522000e+02
      vertex   7.465963e+01 1.310514e+01 1.522000e+02
      vertex   7.970963e+01 1.525514e+01 1.522000e+02
    endloop
  endfacet
  facet normal 0.000000e+00 1.000000e+00 0.000000e+00
    outer loop
      vertex   7.970963e+01 1.525514e+01 1.019500e+02
      vertex   7.600605e+01 1.525514e+01 1.157309e+02
      vertex   7.970963e+01 1.525514e+01 1.366000e+02
    endloop
  endfacet
  facet normal 0.000000e+00 1.000000e+00 0.000000e+00
    outer loop
      vertex   7.970963e+01 1.525514e+01 1.366000e+02
      vertex   7.600605e+01 1.525514e+01 1.157309e+02
      vertex   7.594479e+01 1.525514e+01 1.161541e+02
    endloop
  endfacet
  facet normal 0.000000e+00 1.000000e+00 0.000000e+00
    outer loop
      vertex   7.970963e+01 1.525514e+01 1.366000e+02
      vertex   7.594479e+01 1.525514e+01 1.161541e+02
      vertex   7.580943e+01 1.525514e+01 1.165596e+02
    endloop
  endfacet
  facet normal 0.000000e+00 1.000000e+00 -0.000000e+00
    outer loop
      vertex   7.967190e+01 1.525514e+01 1.012782e+02
      vertex   7.955920e+01 1.525514e+01 1.006149e+02
      vertex   7.970963e+01 1.525514e+01 1.019500e+02
    endloop
  endfacet
  facet normal 0.000000e+00 1.000000e+00 0.000000e+00
    outer loop
      vertex   7.970963e+01 1.525514e+01 1.019500e+02
      vertex   7.955920e+01 1.525514e+01 1.006149e+02
      vertex   7.937293e+01 1.525514e+01 9.996833e+01
    endloop
  endfacet
  facet normal 0.000000e+00 1.000000e+00 0.000000e+00
    outer loop
      vertex   7.970963e+01 1.525514e+01 1.019500e+02
      vertex   7.937293e+01 1.525514e+01 9.996833e+01
      vertex   7.911544e+01 1.525514e+01 9.934670e+01
    endloop
  endfacet
  facet normal 0.000000e+00 1.000000e+00 0.000000e+00
    outer loop
      vertex   7.970963e+01 1.525514e+01 1.019500e+02
      vertex   7.911544e+01 1.525514e+01 9.934670e+01
      vertex   7.744605e+01 1.525514e+01 1.018731e+02
    endloop
  endfacet
  facet normal 0.000000e+00 1.000000e+00 0.000000e+00
    outer loop
      vertex   7.744605e+01 1.525514e+01 1.018731e+02
      vertex   7.911544e+01 1.525514e+01 9.934670e+01
      vertex   7.878997e+01 1.525514e+01 9.875781e+01
    endloop
  endfacet
  facet normal 0.000000e+00 1.000000e+00 0.000000e+00
    outer loop
      vertex   7.744605e+01 1.525514e+01 1.018731e+02
      vertex   7.878997e+01 1.525514e+01 9.875781e+01
      vertex   7.840062e+01 1.525514e+01 9.820906e+01
    endloop
  endfacet
  facet normal 0.000000e+00 1.000000e+00 0.000000e+00
    outer loop
      vertex   7.744605e+01 1.525514e+01 1.018731e+02
      vertex   7.840062e+01 1.525514e+01 9.820906e+01
      vertex   7.745273e+01 1.525514e+01 1.013196e+02
    endloop
  endfacet
  facet normal 0.000000e+00 1.000000e+00 0.000000e+00
    outer loop
      vertex   7.745273e+01 1.525514e+01 1.013196e+02
      vertex   7.840062e+01 1.525514e+01 9.820906e+01
      vertex   7.795227e+01 1.525514e+01 9.770736e+01
    endloop
  endfacet
  facet normal 0.000000e+00 1.000000e+00 0.000000e+00
    outer loop
      vertex   7.745273e+01 1.525514e+01 1.013196e+02
      vertex   7.795227e+01 1.525514e+01 9.770736e+01
      vertex   7.737997e+01 1.525514e+01 1.007709e+02
    endloop
  endfacet
  facet normal 0.000000e+00 1.000000e+00 0.000000e+00
    outer loop
      vertex   7.737997e+01 1.525514e+01 1.007709e+02
      vertex   7.795227e+01 1.525514e+01 9.770736e+01
      vertex   7.745057e+01 1.525514e+01 9.725901e+01
    endloop
  endfacet
  facet normal 0.000000e+00 1.000000e+00 0.000000e+00
    outer loop
      vertex   7.737997e+01 1.525514e+01 1.007709e+02
      vertex   7.745057e+01 1.525514e+01 9.725901e+01
      vertex   7.722928e+01 1.525514e+01 1.002383e+02
    endloop
  endfacet
  facet normal 0.000000e+00 1.000000e+00 0.000000e+00
    outer loop
      vertex   7.722928e+01 1.525514e+01 1.002383e+02
      vertex   7.745057e+01 1.525514e+01 9.725901e+01
      vertex   7.700377e+01 1.525514e+01 9.973277e+01
    endloop
  endfacet
  facet normal 0.000000e+00 1.000000e+00 0.000000e+00
    outer loop
      vertex   7.700377e+01 1.525514e+01 9.973277e+01
      vertex   7.745057e+01 1.525514e+01 9.725901e+01
      vertex   7.690182e+01 1.525514e+01 9.686965e+01
    endloop
  endfacet
  facet normal 0.000000e+00 1.000000e+00 0.000000e+00
    outer loop
      vertex   7.700377e+01 1.525514e+01 9.973277e+01
      vertex   7.690182e+01 1.525514e+01 9.686965e+01
      vertex   7.670809e+01 1.525514e+01 9.926483e+01
    endloop
  endfacet
  facet normal 0.000000e+00 1.000000e+00 0.000000e+00
    outer loop
      vertex   7.670809e+01 1.525514e+01 9.926483e+01
      vertex   7.690182e+01 1.525514e+01 9.686965e+01
      vertex   7.634837e+01 1.525514e+01 9.884412e+01
    endloop
  endfacet
  facet normal 0.000000e+00 1.000000e+00 0.000000e+00
    outer loop
      vertex   7.634837e+01 1.525514e+01 9.884412e+01
      vertex   7.690182e+01 1.525514e+01 9.686965e+01
      vertex   7.631293e+01 1.525514e+01 9.654419e+01
    endloop
  endfacet
  facet normal 0.000000e+00 1.000000e+00 0.000000e+00
    outer loop
      vertex   7.634837e+01 1.525514e+01 9.884412e+01
      vertex   7.631293e+01 1.525514e+01 9.654419e+01
      vertex   7.593204e+01 1.525514e+01 9.847935e+01
    endloop
  endfacet
  facet normal 0.000000e+00 1.000000e+00 0.000000e+00
    outer loop
      vertex   7.593204e+01 1.525514e+01 9.847935e+01
      vertex   7.631293e+01 1.525514e+01 9.654419e+01
      vertex   7.569130e+01 1.525514e+01 9.628670e+01
    endloop
  endfacet
  facet normal 0.000000e+00 1.000000e+00 0.000000e+00
    outer loop
      vertex   7.593204e+01 1.525514e+01 9.847935e+01
      vertex   7.569130e+01 1.525514e+01 9.628670e+01
      vertex   7.546770e+01 1.525514e+01 9.817805e+01
    endloop
  endfacet
  facet normal 0.000000e+00 1.000000e+00 0.000000e+00
    outer loop
      vertex   7.546770e+01 1.525514e+01 9.817805e+01
      vertex   7.569130e+01 1.525514e+01 9.628670e+01
      vertex   7.504475e+01 1.525514e+01 9.610043e+01
    endloop
  endfacet
  facet normal 0.000000e+00 1.000000e+00 0.000000e+00
    outer loop
      vertex   7.546770e+01 1.525514e+01 9.817805e+01
      vertex   7.504475e+01 1.525514e+01 9.610043e+01
      vertex   7.496496e+01 1.525514e+01 9.794645e+01
    endloop
  endfacet
  facet normal 0.000000e+00 1.000000e+00 0.000000e+00
    outer loop
      vertex   7.496496e+01 1.525514e+01 9.794645e+01
      vertex   7.504475e+01 1.525514e+01 9.610043e+01
      vertex   7.443420e+01 1.525514e+01 9.778934e+01
    endloop
  endfacet
  facet normal 0.000000e+00 1.000000e+00 0.000000e+00
    outer loop
      vertex   7.443420e+01 1.525514e+01 9.778934e+01
      vertex   7.504475e+01 1.525514e+01 9.610043e+01
      vertex   7.438141e+01 1.525514e+01 9.598773e+01
    endloop
  endfacet
  facet normal 0.000000e+00 1.000000e+00 0.000000e+00
    outer loop
      vertex   7.443420e+01 1.525514e+01 9.778934e+01
      vertex   7.438141e+01 1.525514e+01 9.598773e+01
      vertex   7.388639e+01 1.525514e+01 9.770996e+01
    endloop
  endfacet
  facet normal 0.000000e+00 1.000000e+00 0.000000e+00
    outer loop
      vertex   7.388639e+01 1.525514e+01 9.770996e+01
      vertex   7.438141e+01 1.525514e+01 9.598773e+01
      vertex   7.370963e+01 1.525514e+01 9.595000e+01
    endloop
  endfacet
  facet normal 0.000000e+00 1.000000e+00 0.000000e+00
    outer loop
      vertex   7.388639e+01 1.525514e+01 9.770996e+01
      vertex   7.370963e+01 1.525514e+01 9.595000e+01
      vertex   7.333286e+01 1.525514e+01 9.770996e+01
    endloop
  endfacet
  facet normal 0.000000e+00 1.000000e+00 0.000000e+00
    outer loop
      vertex   7.333286e+01 1.525514e+01 9.770996e+01
      vertex   7.370963e+01 1.525514e+01 9.595000e+01
      vertex   7.350963e+01 1.525514e+01 9.595000e+01
    endloop
  endfacet
  facet normal 0.000000e+00 1.000000e+00 0.000000e+00
    outer loop
      vertex   7.333286e+01 1.525514e+01 9.770996e+01
      vertex   7.350963e+01 1.525514e+01 9.595000e+01
      vertex   7.283784e+01 1.525514e+01 9.598773e+01
    endloop
  endfacet
  facet normal 0.000000e+00 1.000000e+00 0.000000e+00
    outer loop
      vertex   7.333286e+01 1.525514e+01 9.770996e+01
      vertex   7.283784e+01 1.525514e+01 9.598773e+01
      vertex   7.278506e+01 1.525514e+01 9.778934e+01
    endloop
  endfacet
  facet normal 0.000000e+00 1.000000e+00 0.000000e+00
    outer loop
      vertex   7.278506e+01 1.525514e+01 9.778934e+01
      vertex   7.283784e+01 1.525514e+01 9.598773e+01
      vertex   7.217450e+01 1.525514e+01 9.610043e+01
    endloop
  endfacet
  facet normal 0.000000e+00 1.000000e+00 0.000000e+00
    outer loop
      vertex   7.278506e+01 1.525514e+01 9.778934e+01
      vertex   7.217450e+01 1.525514e+01 9.610043e+01
      vertex   7.225430e+01 1.525514e+01 9.794645e+01
    endloop
  endfacet
  facet normal 0.000000e+00 1.000000e+00 0.000000e+00
    outer loop
      vertex   7.225430e+01 1.525514e+01 9.794645e+01
      vertex   7.217450e+01 1.525514e+01 9.610043e+01
      vertex   7.175155e+01 1.525514e+01 9.817805e+01
    endloop
  endfacet
  facet normal 0.000000e+00 1.000000e+00 0.000000e+00
    outer loop
      vertex   7.175155e+01 1.525514e+01 9.817805e+01
      vertex   7.217450e+01 1.525514e+01 9.610043e+01
      vertex   7.152795e+01 1.525514e+01 9.628670e+01
    endloop
  endfacet
  facet normal 0.000000e+00 1.000000e+00 0.000000e+00
    outer loop
      vertex   7.175155e+01 1.525514e+01 9.817805e+01
      vertex   7.152795e+01 1.525514e+01 9.628670e+01
      vertex   7.128721e+01 1.525514e+01 9.847935e+01
    endloop
  endfacet
  facet normal 0.000000e+00 1.000000e+00 0.000000e+00
    outer loop
      vertex   7.128721e+01 1.525514e+01 9.847935e+01
      vertex   7.152795e+01 1.525514e+01 9.628670e+01
      vertex   7.090633e+01 1.525514e+01 9.654419e+01
    endloop
  endfacet
  facet normal 0.000000e+00 1.000000e+00 0.000000e+00
    outer loop
      vertex   7.128721e+01 1.525514e+01 9.847935e+01
      vertex   7.090633e+01 1.525514e+01 9.654419e+01
      vertex   7.087088e+01 1.525514e+01 9.884412e+01
    endloop
  endfacet
  facet normal 0.000000e+00 1.000000e+00 0.000000e+00
    outer loop
      vertex   7.087088e+01 1.525514e+01 9.884412e+01
      vertex   7.090633e+01 1.525514e+01 9.654419e+01
      vertex   7.031744e+01 1.525514e+01 9.686965e+01
    endloop
  endfacet
  facet normal 0.000000e+00 1.000000e+00 0.000000e+00
    outer loop
      vertex   7.087088e+01 1.525514e+01 9.884412e+01
      vertex   7.031744e+01 1.525514e+01 9.686965e+01
      vertex   7.051116e+01 1.525514e+01 9.926483e+01
    endloop
  endfacet
  facet normal 0.000000e+00 1.000000e+00 0.000000e+00
    outer loop
      vertex   7.051116e+01 1.525514e+01 9.926483e+01
      vertex   7.031744e+01 1.525514e+01 9.686965e+01
      vertex   7.021549e+01 1.525514e+01 9.973277e+01
    endloop
  endfacet
  facet normal 0.000000e+00 1.000000e+00 0.000000e+00
    outer loop
      vertex   7.021549e+01 1.525514e+01 9.973277e+01
      vertex   7.031744e+01 1.525514e+01 9.686965e+01
      vertex   6.976869e+01 1.525514e+01 9.725901e+01
    endloop
  endfacet
  facet normal 0.000000e+00 1.000000e+00 0.000000e+00
    outer loop
      vertex   7.021549e+01 1.525514e+01 9.973277e+01
      vertex   6.976869e+01 1.525514e+01 9.725901e+01
      vertex   6.998998e+01 1.525514e+01 1.002383e+02
    endloop
  endfacet
  facet normal 0.000000e+00 1.000000e+00 0.000000e+00
    outer loop
      vertex   6.998998e+01 1.525514e+01 1.002383e+02
      vertex   6.976869e+01 1.525514e+01 9.725901e+01
      vertex   6.983928e+01 1.525514e+01 1.007709e+02
    endloop
  endfacet
  facet normal 0.000000e+00 1.000000e+00 0.000000e+00
    outer loop
      vertex   6.983928e+01 1.525514e+01 1.007709e+02
      vertex   6.976869e+01 1.525514e+01 9.725901e+01
      vertex   6.926699e+01 1.525514e+01 9.770736e+01
    endloop
  endfacet
  facet normal 0.000000e+00 1.000000e+00 0.000000e+00
    outer loop
      vertex   6.983928e+01 1.525514e+01 1.007709e+02
      vertex   6.926699e+01 1.525514e+01 9.770736e+01
      vertex   6.976653e+01 1.525514e+01 1.013196e+02
    endloop
  endfacet
  facet normal 0.000000e+00 1.000000e+00 0.000000e+00
    outer loop
      vertex   6.976653e+01 1.525514e+01 1.013196e+02
      vertex   6.926699e+01 1.525514e+01 9.770736e+01
      vertex   6.881864e+01 1.525514e+01 9.820906e+01
    endloop
  endfacet
  facet normal 0.000000e+00 1.000000e+00 -0.000000e+00
    outer loop
      vertex   6.976653e+01 1.525514e+01 1.013196e+02
      vertex   6.881864e+01 1.525514e+01 9.820906e+01
      vertex   6.977321e+01 1.525514e+01 1.018731e+02
    endloop
  endfacet
  facet normal 0.000000e+00 1.000000e+00 0.000000e+00
    outer loop
      vertex   6.977321e+01 1.525514e+01 1.018731e+02
      vertex   6.881864e+01 1.525514e+01 9.820906e+01
      vertex   6.842928e+01 1.525514e+01 9.875781e+01
    endloop
  endfacet
  facet normal 0.000000e+00 1.000000e+00 0.000000e+00
    outer loop
      vertex   6.977321e+01 1.525514e+01 1.018731e+02
      vertex   6.842928e+01 1.525514e+01 9.875781e+01
      vertex   6.810381e+01 1.525514e+01 9.934670e+01
    endloop
  endfacet
  facet normal 0.000000e+00 1.000000e+00 0.000000e+00
    outer loop
      vertex   6.977321e+01 1.525514e+01 1.018731e+02
      vertex   6.810381e+01 1.525514e+01 9.934670e+01
      vertex   6.750963e+01 1.525514e+01 1.019500e+02
    endloop
  endfacet
  facet normal 0.000000e+00 1.000000e+00 0.000000e+00
    outer loop
      vertex   6.750963e+01 1.525514e+01 1.019500e+02
      vertex   6.810381e+01 1.525514e+01 9.934670e+01
      vertex   6.784633e+01 1.525514e+01 9.996833e+01
    endloop
  endfacet
  facet normal 0.000000e+00 1.000000e+00 0.000000e+00
    outer loop
      vertex   6.750963e+01 1.525514e+01 1.019500e+02
      vertex   6.784633e+01 1.525514e+01 9.996833e+01
      vertex   6.766006e+01 1.525514e+01 1.006149e+02
    endloop
  endfacet
  facet normal 0.000000e+00 1.000000e+00 0.000000e+00
    outer loop
      vertex   6.766006e+01 1.525514e+01 1.006149e+02
      vertex   6.754735e+01 1.525514e+01 1.012782e+02
      vertex   6.750963e+01 1.525514e+01 1.019500e+02
    endloop
  endfacet
  facet normal -8.584152e-15 1.000000e+00 2.306957e-15
    outer loop
      vertex   6.750963e+01 1.525514e+01 1.366000e+02
      vertex   7.121320e+01 1.525514e+01 1.157309e+02
      vertex   6.750963e+01 1.525514e+01 1.019500e+02
    endloop
  endfacet
  facet normal 0.000000e+00 1.000000e+00 0.000000e+00
    outer loop
      vertex   6.750963e+01 1.525514e+01 1.019500e+02
      vertex   7.121320e+01 1.525514e+01 1.157309e+02
      vertex   7.002270e+01 1.525514e+01 1.029487e+02
    endloop
  endfacet
  facet normal 0.000000e+00 1.000000e+00 0.000000e+00
    outer loop
      vertex   6.750963e+01 1.525514e+01 1.019500e+02
      vertex   7.002270e+01 1.525514e+01 1.029487e+02
      vertex   6.985919e+01 1.525514e+01 1.024199e+02
    endloop
  endfacet
  facet normal -3.122024e-14 1.000000e+00 -5.579582e-15
    outer loop
      vertex   6.750963e+01 1.525514e+01 1.522000e+02
      vertex   7.339586e+01 1.525514e+01 1.179905e+02
      vertex   6.750963e+01 1.525514e+01 1.366000e+02
    endloop
  endfacet
  facet normal -7.326585e-16 1.000000e+00 4.063693e-15
    outer loop
      vertex   6.750963e+01 1.525514e+01 1.366000e+02
      vertex   7.339586e+01 1.525514e+01 1.179905e+02
      vertex   7.297510e+01 1.525514e+01 1.179146e+02
    endloop
  endfacet
  facet normal -1.437689e-15 1.000000e+00 3.857472e-15
    outer loop
      vertex   6.750963e+01 1.525514e+01 1.366000e+02
      vertex   7.297510e+01 1.525514e+01 1.179146e+02
      vertex   7.257449e+01 1.525514e+01 1.177653e+02
    endloop
  endfacet
  facet normal 0.000000e+00 1.000000e+00 -2.077031e-16
    outer loop
      vertex   7.339586e+01 1.525514e+01 1.179905e+02
      vertex   6.750963e+01 1.525514e+01 1.522000e+02
      vertex   7.382340e+01 1.525514e+01 1.179905e+02
    endloop
  endfacet
  facet normal 8.736181e-16 1.000000e+00 -4.646669e-17
    outer loop
      vertex   7.382340e+01 1.525514e+01 1.179905e+02
      vertex   6.750963e+01 1.525514e+01 1.522000e+02
      vertex   7.970963e+01 1.525514e+01 1.522000e+02
    endloop
  endfacet
  facet normal -7.200024e-16 1.000000e+00 2.277381e-16
    outer loop
      vertex   7.382340e+01 1.525514e+01 1.179905e+02
      vertex   7.970963e+01 1.525514e+01 1.522000e+02
      vertex   7.970963e+01 1.525514e+01 1.366000e+02
    endloop
  endfacet
  facet normal 0.000000e+00 1.000000e+00 -0.000000e+00
    outer loop
      vertex   7.580943e+01 1.525514e+01 1.165596e+02
      vertex   7.560426e+01 1.525514e+01 1.169347e+02
      vertex   7.970963e+01 1.525514e+01 1.366000e+02
    endloop
  endfacet
  facet normal 0.000000e+00 1.000000e+00 0.000000e+00
    outer loop
      vertex   7.970963e+01 1.525514e+01 1.366000e+02
      vertex   7.560426e+01 1.525514e+01 1.169347e+02
      vertex   7.533579e+01 1.525514e+01 1.172674e+02
    endloop
  endfacet
  facet normal 0.000000e+00 1.000000e+00 0.000000e+00
    outer loop
      vertex   7.970963e+01 1.525514e+01 1.366000e+02
      vertex   7.533579e+01 1.525514e+01 1.172674e+02
      vertex   7.501254e+01 1.525514e+01 1.175473e+02
    endloop
  endfacet
  facet normal 0.000000e+00 1.000000e+00 -0.000000e+00
    outer loop
      vertex   7.501254e+01 1.525514e+01 1.175473e+02
      vertex   7.464477e+01 1.525514e+01 1.177653e+02
      vertex   7.970963e+01 1.525514e+01 1.366000e+02
    endloop
  endfacet
  facet normal 0.000000e+00 1.000000e+00 0.000000e+00
    outer loop
      vertex   7.970963e+01 1.525514e+01 1.366000e+02
      vertex   7.464477e+01 1.525514e+01 1.177653e+02
      vertex   7.424415e+01 1.525514e+01 1.179146e+02
    endloop
  endfacet
  facet normal 0.000000e+00 1.000000e+00 0.000000e+00
    outer loop
      vertex   7.970963e+01 1.525514e+01 1.366000e+02
      vertex   7.424415e+01 1.525514e+01 1.179146e+02
      vertex   7.382340e+01 1.525514e+01 1.179905e+02
    endloop
  endfacet
  facet normal -2.170077e-15 1.000000e+00 3.660525e-15
    outer loop
      vertex   7.257449e+01 1.525514e+01 1.177653e+02
      vertex   7.220672e+01 1.525514e+01 1.175473e+02
      vertex   6.750963e+01 1.525514e+01 1.366000e+02
    endloop
  endfacet
  facet normal -2.993094e-15 1.000000e+00 3.457626e-15
    outer loop
      vertex   6.750963e+01 1.525514e+01 1.366000e+02
      vertex   7.220672e+01 1.525514e+01 1.175473e+02
      vertex   7.188347e+01 1.525514e+01 1.172674e+02
    endloop
  endfacet
  facet normal -4.002310e-15 1.000000e+00 3.229299e-15
    outer loop
      vertex   6.750963e+01 1.525514e+01 1.366000e+02
      vertex   7.188347e+01 1.525514e+01 1.172674e+02
      vertex   7.161500e+01 1.525514e+01 1.169347e+02
    endloop
  endfacet
  facet normal -5.378500e-15 1.000000e+00 2.942002e-15
    outer loop
      vertex   7.161500e+01 1.525514e+01 1.169347e+02
      vertex   7.140982e+01 1.525514e+01 1.165596e+02
      vertex   6.750963e+01 1.525514e+01 1.366000e+02
    endloop
  endfacet
  facet normal -7.548747e-15 1.000000e+00 2.519635e-15
    outer loop
      vertex   6.750963e+01 1.525514e+01 1.366000e+02
      vertex   7.140982e+01 1.525514e+01 1.165596e+02
      vertex   7.127446e+01 1.525514e+01 1.161541e+02
    endloop
  endfacet
  facet normal -1.188656e-14 1.000000e+00 1.720887e-15
    outer loop
      vertex   6.750963e+01 1.525514e+01 1.366000e+02
      vertex   7.127446e+01 1.525514e+01 1.161541e+02
      vertex   7.121320e+01 1.525514e+01 1.157309e+02
    endloop
  endfacet
  facet normal 0.000000e+00 1.000000e+00 -0.000000e+00
    outer loop
      vertex   7.056724e+01 1.525514e+01 1.039093e+02
      vertex   7.026036e+01 1.525514e+01 1.034487e+02
      vertex   7.121320e+01 1.525514e+01 1.157309e+02
    endloop
  endfacet
  facet normal 0.000000e+00 1.000000e+00 0.000000e+00
    outer loop
      vertex   7.121320e+01 1.525514e+01 1.157309e+02
      vertex   7.026036e+01 1.525514e+01 1.034487e+02
      vertex   7.002270e+01 1.525514e+01 1.029487e+02
    endloop
  endfacet
  facet normal 0.000000e+00 1.000000e+00 0.000000e+00
    outer loop
      vertex   6.985919e+01 1.525514e+01 1.024199e+02
      vertex   6.977321e+01 1.525514e+01 1.018731e+02
      vertex   6.750963e+01 1.525514e+01 1.019500e+02
    endloop
  endfacet
  facet normal 0.000000e+00 1.000000e+00 -0.000000e+00
    outer loop
      vertex   7.744605e+01 1.525514e+01 1.018731e+02
      vertex   7.736006e+01 1.525514e+01 1.024199e+02
      vertex   7.970963e+01 1.525514e+01 1.019500e+02
    endloop
  endfacet
  facet normal 0.000000e+00 1.000000e+00 0.000000e+00
    outer loop
      vertex   7.970963e+01 1.525514e+01 1.019500e+02
      vertex   7.736006e+01 1.525514e+01 1.024199e+02
      vertex   7.719655e+01 1.525514e+01 1.029487e+02
    endloop
  endfacet
  facet normal 0.000000e+00 1.000000e+00 0.000000e+00
    outer loop
      vertex   7.970963e+01 1.525514e+01 1.019500e+02
      vertex   7.719655e+01 1.525514e+01 1.029487e+02
      vertex   7.600605e+01 1.525514e+01 1.157309e+02
    endloop
  endfacet
  facet normal 0.000000e+00 1.000000e+00 0.000000e+00
    outer loop
      vertex   7.600605e+01 1.525514e+01 1.157309e+02
      vertex   7.719655e+01 1.525514e+01 1.029487e+02
      vertex   7.695890e+01 1.525514e+01 1.034487e+02
    endloop
  endfacet
  facet normal 0.000000e+00 1.000000e+00 0.000000e+00
    outer loop
      vertex   7.600605e+01 1.525514e+01 1.157309e+02
      vertex   7.695890e+01 1.525514e+01 1.034487e+02
      vertex   7.665201e+01 1.525514e+01 1.039093e+02
    endloop
  endfacet
  facet normal -9.984268e-01 -2.955937e-15 -5.607045e-02
    outer loop
      vertex   6.750963e+01 1.045514e+01 1.019500e+02
      vertex   6.750963e+01 1.525514e+01 1.019500e+02
      vertex   6.754735e+01 1.045514e+01 1.012782e+02
    endloop
  endfacet
  facet normal -9.984268e-01 0.000000e+00 -5.607045e-02
    outer loop
      vertex   6.754735e+01 1.045514e+01 1.012782e+02
      vertex   6.750963e+01 1.525514e+01 1.019500e+02
      vertex   6.754735e+01 1.525514e+01 1.012782e+02
    endloop
  endfacet
  facet normal -9.858710e-01 0.000000e+00 -1.675062e-01
    outer loop
      vertex   6.754735e+01 1.045514e+01 1.012782e+02
      vertex   6.754735e+01 1.525514e+01 1.012782e+02
      vertex   6.766006e+01 1.045514e+01 1.006149e+02
    endloop
  endfacet
  facet normal -9.858710e-01 0.000000e+00 -1.675062e-01
    outer loop
      vertex   6.766006e+01 1.045514e+01 1.006149e+02
      vertex   6.754735e+01 1.525514e+01 1.012782e+02
      vertex   6.766006e+01 1.525514e+01 1.006149e+02
    endloop
  endfacet
  facet normal -9.609173e-01 0.000000e+00 -2.768355e-01
    outer loop
      vertex   6.766006e+01 1.045514e+01 1.006149e+02
      vertex   6.766006e+01 1.525514e+01 1.006149e+02
      vertex   6.784633e+01 1.045514e+01 9.996833e+01
    endloop
  endfacet
  facet normal -9.609173e-01 0.000000e+00 -2.768355e-01
    outer loop
      vertex   6.784633e+01 1.045514e+01 9.996833e+01
      vertex   6.766006e+01 1.525514e+01 1.006149e+02
      vertex   6.784633e+01 1.525514e+01 9.996833e+01
    endloop
  endfacet
  facet normal -9.238795e-01 0.000000e+00 -3.826834e-01
    outer loop
      vertex   6.784633e+01 1.045514e+01 9.996833e+01
      vertex   6.784633e+01 1.525514e+01 9.996833e+01
      vertex   6.810381e+01 1.045514e+01 9.934670e+01
    endloop
  endfacet
  facet normal -9.238795e-01 0.000000e+00 -3.826834e-01
    outer loop
      vertex   6.810381e+01 1.045514e+01 9.934670e+01
      vertex   6.784633e+01 1.525514e+01 9.996833e+01
      vertex   6.810381e+01 1.525514e+01 9.934670e+01
    endloop
  endfacet
  facet normal -8.752234e-01 0.000000e+00 -4.837189e-01
    outer loop
      vertex   6.810381e+01 1.045514e+01 9.934670e+01
      vertex   6.810381e+01 1.525514e+01 9.934670e+01
      vertex   6.842928e+01 1.045514e+01 9.875781e+01
    endloop
  endfacet
  facet normal -8.752234e-01 0.000000e+00 -4.837189e-01
    outer loop
      vertex   6.842928e+01 1.045514e+01 9.875781e+01
      vertex   6.810381e+01 1.525514e+01 9.934670e+01
      vertex   6.842928e+01 1.525514e+01 9.875781e+01
    endloop
  endfacet
  facet normal -8.155609e-01 0.000000e+00 -5.786713e-01
    outer loop
      vertex   6.842928e+01 1.045514e+01 9.875781e+01
      vertex   6.842928e+01 1.525514e+01 9.875781e+01
      vertex   6.881864e+01 1.045514e+01 9.820906e+01
    endloop
  endfacet
  facet normal -8.155609e-01 0.000000e+00 -5.786713e-01
    outer loop
      vertex   6.881864e+01 1.045514e+01 9.820906e+01
      vertex   6.842928e+01 1.525514e+01 9.875781e+01
      vertex   6.881864e+01 1.525514e+01 9.820906e+01
    endloop
  endfacet
  facet normal -7.456422e-01 0.000000e+00 -6.663466e-01
    outer loop
      vertex   6.881864e+01 1.045514e+01 9.820906e+01
      vertex   6.881864e+01 1.525514e+01 9.820906e+01
      vertex   6.926699e+01 1.045514e+01 9.770736e+01
    endloop
  endfacet
  facet normal -7.456422e-01 0.000000e+00 -6.663466e-01
    outer loop
      vertex   6.926699e+01 1.045514e+01 9.770736e+01
      vertex   6.881864e+01 1.525514e+01 9.820906e+01
      vertex   6.926699e+01 1.525514e+01 9.770736e+01
    endloop
  endfacet
  facet normal -6.663466e-01 0.000000e+00 -7.456422e-01
    outer loop
      vertex   6.926699e+01 1.045514e+01 9.770736e+01
      vertex   6.926699e+01 1.525514e+01 9.770736e+01
      vertex   6.976869e+01 1.045514e+01 9.725901e+01
    endloop
  endfacet
  facet normal -6.663466e-01 0.000000e+00 -7.456422e-01
    outer loop
      vertex   6.976869e+01 1.045514e+01 9.725901e+01
      vertex   6.926699e+01 1.525514e+01 9.770736e+01
      vertex   6.976869e+01 1.525514e+01 9.725901e+01
    endloop
  endfacet
  facet normal -5.786713e-01 0.000000e+00 -8.155609e-01
    outer loop
      vertex   6.976869e+01 1.045514e+01 9.725901e+01
      vertex   6.976869e+01 1.525514e+01 9.725901e+01
      vertex   7.031744e+01 1.045514e+01 9.686965e+01
    endloop
  endfacet
  facet normal -5.786713e-01 0.000000e+00 -8.155609e-01
    outer loop
      vertex   7.031744e+01 1.045514e+01 9.686965e+01
      vertex   6.976869e+01 1.525514e+01 9.725901e+01
      vertex   7.031744e+01 1.525514e+01 9.686965e+01
    endloop
  endfacet
  facet normal -4.837189e-01 0.000000e+00 -8.752234e-01
    outer loop
      vertex   7.031744e+01 1.045514e+01 9.686965e+01
      vertex   7.031744e+01 1.525514e+01 9.686965e+01
      vertex   7.090633e+01 1.045514e+01 9.654419e+01
    endloop
  endfacet
  facet normal -4.837189e-01 0.000000e+00 -8.752234e-01
    outer loop
      vertex   7.090633e+01 1.045514e+01 9.654419e+01
      vertex   7.031744e+01 1.525514e+01 9.686965e+01
      vertex   7.090633e+01 1.525514e+01 9.654419e+01
    endloop
  endfacet
  facet normal -3.826834e-01 0.000000e+00 -9.238795e-01
    outer loop
      vertex   7.090633e+01 1.045514e+01 9.654419e+01
      vertex   7.090633e+01 1.525514e+01 9.654419e+01
      vertex   7.152795e+01 1.045514e+01 9.628670e+01
    endloop
  endfacet
  facet normal -3.826834e-01 0.000000e+00 -9.238795e-01
    outer loop
      vertex   7.152795e+01 1.045514e+01 9.628670e+01
      vertex   7.090633e+01 1.525514e+01 9.654419e+01
      vertex   7.152795e+01 1.525514e+01 9.628670e+01
    endloop
  endfacet
  facet normal -2.768355e-01 0.000000e+00 -9.609173e-01
    outer loop
      vertex   7.152795e+01 1.045514e+01 9.628670e+01
      vertex   7.152795e+01 1.525514e+01 9.628670e+01
      vertex   7.217450e+01 1.045514e+01 9.610043e+01
    endloop
  endfacet
  facet normal -2.768355e-01 0.000000e+00 -9.609173e-01
    outer loop
      vertex   7.217450e+01 1.045514e+01 9.610043e+01
      vertex   7.152795e+01 1.525514e+01 9.628670e+01
      vertex   7.217450e+01 1.525514e+01 9.610043e+01
    endloop
  endfacet
  facet normal -1.675062e-01 0.000000e+00 -9.858710e-01
    outer loop
      vertex   7.217450e+01 1.045514e+01 9.610043e+01
      vertex   7.217450e+01 1.525514e+01 9.610043e+01
      vertex   7.283784e+01 1.045514e+01 9.598773e+01
    endloop
  endfacet
  facet normal -1.675062e-01 0.000000e+00 -9.858710e-01
    outer loop
      vertex   7.283784e+01 1.045514e+01 9.598773e+01
      vertex   7.217450e+01 1.525514e+01 9.610043e+01
      vertex   7.283784e+01 1.525514e+01 9.598773e+01
    endloop
  endfacet
  facet normal -5.607045e-02 0.000000e+00 -9.984268e-01
    outer loop
      vertex   7.283784e+01 1.045514e+01 9.598773e+01
      vertex   7.283784e+01 1.525514e+01 9.598773e+01
      vertex   7.350963e+01 1.045514e+01 9.595000e+01
    endloop
  endfacet
  facet normal -5.607045e-02 -1.660019e-16 -9.984268e-01
    outer loop
      vertex   7.350963e+01 1.045514e+01 9.595000e+01
      vertex   7.283784e+01 1.525514e+01 9.598773e+01
      vertex   7.350963e+01 1.525514e+01 9.595000e+01
    endloop
  endfacet
  facet normal 7.105427e-14 2.103629e-28 -1.000000e+00
    outer loop
      vertex   7.350963e+01 1.045514e+01 9.595000e+01
      vertex   7.350963e+01 1.525514e+01 9.595000e+01
      vertex   7.370963e+01 1.045514e+01 9.595000e+01
    endloop
  endfacet
  facet normal 7.105427e-14 0.000000e+00 -1.000000e+00
    outer loop
      vertex   7.370963e+01 1.045514e+01 9.595000e+01
      vertex   7.350963e+01 1.525514e+01 9.595000e+01
      vertex   7.370963e+01 1.525514e+01 9.595000e+01
    endloop
  endfacet
  facet normal 5.607045e-02 0.000000e+00 -9.984268e-01
    outer loop
      vertex   7.370963e+01 1.045514e+01 9.595000e+01
      vertex   7.370963e+01 1.525514e+01 9.595000e+01
      vertex   7.438141e+01 1.045514e+01 9.598773e+01
    endloop
  endfacet
  facet normal 5.607045e-02 0.000000e+00 -9.984268e-01
    outer loop
      vertex   7.438141e+01 1.045514e+01 9.598773e+01
      vertex   7.370963e+01 1.525514e+01 9.595000e+01
      vertex   7.438141e+01 1.525514e+01 9.598773e+01
    endloop
  endfacet
  facet normal 1.675062e-01 0.000000e+00 -9.858710e-01
    outer loop
      vertex   7.438141e+01 1.045514e+01 9.598773e+01
      vertex   7.438141e+01 1.525514e+01 9.598773e+01
      vertex   7.504475e+01 1.045514e+01 9.610043e+01
    endloop
  endfacet
  facet normal 1.675062e-01 0.000000e+00 -9.858710e-01
    outer loop
      vertex   7.504475e+01 1.045514e+01 9.610043e+01
      vertex   7.438141e+01 1.525514e+01 9.598773e+01
      vertex   7.504475e+01 1.525514e+01 9.610043e+01
    endloop
  endfacet
  facet normal 2.768355e-01 0.000000e+00 -9.609173e-01
    outer loop
      vertex   7.504475e+01 1.045514e+01 9.610043e+01
      vertex   7.504475e+01 1.525514e+01 9.610043e+01
      vertex   7.569130e+01 1.045514e+01 9.628670e+01
    endloop
  endfacet
  facet normal 2.768355e-01 0.000000e+00 -9.609173e-01
    outer loop
      vertex   7.569130e+01 1.045514e+01 9.628670e+01
      vertex   7.504475e+01 1.525514e+01 9.610043e+01
      vertex   7.569130e+01 1.525514e+01 9.628670e+01
    endloop
  endfacet
  facet normal 3.826834e-01 0.000000e+00 -9.238795e-01
    outer loop
      vertex   7.569130e+01 1.045514e+01 9.628670e+01
      vertex   7.569130e+01 1.525514e+01 9.628670e+01
      vertex   7.631293e+01 1.045514e+01 9.654419e+01
    endloop
  endfacet
  facet normal 3.826834e-01 0.000000e+00 -9.238795e-01
    outer loop
      vertex   7.631293e+01 1.045514e+01 9.654419e+01
      vertex   7.569130e+01 1.525514e+01 9.628670e+01
      vertex   7.631293e+01 1.525514e+01 9.654419e+01
    endloop
  endfacet
  facet normal 4.837189e-01 0.000000e+00 -8.752234e-01
    outer loop
      vertex   7.631293e+01 1.045514e+01 9.654419e+01
      vertex   7.631293e+01 1.525514e+01 9.654419e+01
      vertex   7.690182e+01 1.045514e+01 9.686965e+01
    endloop
  endfacet
  facet normal 4.837189e-01 0.000000e+00 -8.752234e-01
    outer loop
      vertex   7.690182e+01 1.045514e+01 9.686965e+01
      vertex   7.631293e+01 1.525514e+01 9.654419e+01
      vertex   7.690182e+01 1.525514e+01 9.686965e+01
    endloop
  endfacet
  facet normal 5.786713e-01 0.000000e+00 -8.155609e-01
    outer loop
      vertex   7.690182e+01 1.045514e+01 9.686965e+01
      vertex   7.690182e+01 1.525514e+01 9.686965e+01
      vertex   7.745057e+01 1.045514e+01 9.725901e+01
    endloop
  endfacet
  facet normal 5.786713e-01 -1.713211e-15 -8.155609e-01
    outer loop
      vertex   7.745057e+01 1.045514e+01 9.725901e+01
      vertex   7.690182e+01 1.525514e+01 9.686965e+01
      vertex   7.745057e+01 1.525514e+01 9.725901e+01
    endloop
  endfacet
  facet normal 6.663466e-01 -1.972782e-15 -7.456422e-01
    outer loop
      vertex   7.745057e+01 1.045514e+01 9.725901e+01
      vertex   7.745057e+01 1.525514e+01 9.725901e+01
      vertex   7.795227e+01 1.045514e+01 9.770736e+01
    endloop
  endfacet
  facet normal 6.663466e-01 0.000000e+00 -7.456422e-01
    outer loop
      vertex   7.795227e+01 1.045514e+01 9.770736e+01
      vertex   7.745057e+01 1.525514e+01 9.725901e+01
      vertex   7.795227e+01 1.525514e+01 9.770736e+01
    endloop
  endfacet
  facet normal 7.456422e-01 0.000000e+00 -6.663466e-01
    outer loop
      vertex   7.795227e+01 1.045514e+01 9.770736e+01
      vertex   7.795227e+01 1.525514e+01 9.770736e+01
      vertex   7.840062e+01 1.045514e+01 9.820906e+01
    endloop
  endfacet
  facet normal 7.456422e-01 0.000000e+00 -6.663466e-01
    outer loop
      vertex   7.840062e+01 1.045514e+01 9.820906e+01
      vertex   7.795227e+01 1.525514e+01 9.770736e+01
      vertex   7.840062e+01 1.525514e+01 9.820906e+01
    endloop
  endfacet
  facet normal 8.155609e-01 0.000000e+00 -5.786713e-01
    outer loop
      vertex   7.840062e+01 1.045514e+01 9.820906e+01
      vertex   7.840062e+01 1.525514e+01 9.820906e+01
      vertex   7.878997e+01 1.045514e+01 9.875781e+01
    endloop
  endfacet
  facet normal 8.155609e-01 0.000000e+00 -5.786713e-01
    outer loop
      vertex   7.878997e+01 1.045514e+01 9.875781e+01
      vertex   7.840062e+01 1.525514e+01 9.820906e+01
      vertex   7.878997e+01 1.525514e+01 9.875781e+01
    endloop
  endfacet
  facet normal 8.752234e-01 0.000000e+00 -4.837189e-01
    outer loop
      vertex   7.878997e+01 1.045514e+01 9.875781e+01
      vertex   7.878997e+01 1.525514e+01 9.875781e+01
      vertex   7.911544e+01 1.045514e+01 9.934670e+01
    endloop
  endfacet
  facet normal 8.752234e-01 0.000000e+00 -4.837189e-01
    outer loop
      vertex   7.911544e+01 1.045514e+01 9.934670e+01
      vertex   7.878997e+01 1.525514e+01 9.875781e+01
      vertex   7.911544e+01 1.525514e+01 9.934670e+01
    endloop
  endfacet
  facet normal 9.238795e-01 0.000000e+00 -3.826834e-01
    outer loop
      vertex   7.911544e+01 1.045514e+01 9.934670e+01
      vertex   7.911544e+01 1.525514e+01 9.934670e+01
      vertex   7.937293e+01 1.045514e+01 9.996833e+01
    endloop
  endfacet
  facet normal 9.238795e-01 0.000000e+00 -3.826834e-01
    outer loop
      vertex   7.937293e+01 1.045514e+01 9.996833e+01
      vertex   7.911544e+01 1.525514e+01 9.934670e+01
      vertex   7.937293e+01 1.525514e+01 9.996833e+01
    endloop
  endfacet
  facet normal 9.609173e-01 0.000000e+00 -2.768355e-01
    outer loop
      vertex   7.937293e+01 1.045514e+01 9.996833e+01
      vertex   7.937293e+01 1.525514e+01 9.996833e+01
      vertex   7.955920e+01 1.045514e+01 1.006149e+02
    endloop
  endfacet
  facet normal 9.609173e-01 0.000000e+00 -2.768355e-01
    outer loop
      vertex   7.955920e+01 1.045514e+01 1.006149e+02
      vertex   7.937293e+01 1.525514e+01 9.996833e+01
      vertex   7.955920e+01 1.525514e+01 1.006149e+02
    endloop
  endfacet
  facet normal 9.858710e-01 0.000000e+00 -1.675062e-01
    outer loop
      vertex   7.955920e+01 1.045514e+01 1.006149e+02
      vertex   7.955920e+01 1.525514e+01 1.006149e+02
      vertex   7.967190e+01 1.045514e+01 1.012782e+02
    endloop
  endfacet
  facet normal 9.858710e-01 0.000000e+00 -1.675062e-01
    outer loop
      vertex   7.967190e+01 1.045514e+01 1.012782e+02
      vertex   7.955920e+01 1.525514e+01 1.006149e+02
      vertex   7.967190e+01 1.525514e+01 1.012782e+02
    endloop
  endfacet
  facet normal 9.984268e-01 0.000000e+00 -5.607045e-02
    outer loop
      vertex   7.967190e+01 1.045514e+01 1.012782e+02
      vertex   7.967190e+01 1.525514e+01 1.012782e+02
      vertex   7.970963e+01 1.045514e+01 1.019500e+02
    endloop
  endfacet
  facet normal 9.984268e-01 2.955937e-15 -5.607045e-02
    outer loop
      vertex   7.970963e+01 1.045514e+01 1.019500e+02
      vertex   7.967190e+01 1.525514e+01 1.012782e+02
      vertex   7.970963e+01 1.525514e+01 1.019500e+02
    endloop
  endfacet
  facet normal -6.519612e-01 1.515905e-03 -7.582508e-01
    outer loop
      vertex   7.410230e+01 1.045514e+01 1.167532e+02
      vertex   7.424602e+01 1.385514e+01 1.166364e+02
      vertex   7.428045e+01 1.045514e+01 1.166000e+02
    endloop
  endfacet
  facet normal -7.933524e-01 -1.515905e-03 -6.087607e-01
    outer loop
      vertex   7.428045e+01 1.045514e+01 1.166000e+02
      vertex   7.424602e+01 1.385514e+01 1.166364e+02
      vertex   7.438905e+01 1.385514e+01 1.164500e+02
    endloop
  endfacet
  facet normal -8.259959e-01 1.515905e-03 -5.636741e-01
    outer loop
      vertex   7.428045e+01 1.045514e+01 1.166000e+02
      vertex   7.438905e+01 1.385514e+01 1.164500e+02
      vertex   7.441288e+01 1.045514e+01 1.164059e+02
    endloop
  endfacet
  facet normal -9.238785e-01 -1.515905e-03 -3.826830e-01
    outer loop
      vertex   7.441288e+01 1.045514e+01 1.164059e+02
      vertex   7.438905e+01 1.385514e+01 1.164500e+02
      vertex   7.447896e+01 1.385514e+01 1.162329e+02
    endloop
  endfacet
  facet normal -9.437403e-01 1.515905e-03 -3.306839e-01
    outer loop
      vertex   7.441288e+01 1.045514e+01 1.164059e+02
      vertex   7.447896e+01 1.385514e+01 1.162329e+02
      vertex   7.449058e+01 1.045514e+01 1.161842e+02
    endloop
  endfacet
  facet normal -9.914437e-01 -1.515905e-03 -1.305260e-01
    outer loop
      vertex   7.449058e+01 1.045514e+01 1.161842e+02
      vertex   7.447896e+01 1.385514e+01 1.162329e+02
      vertex   7.450963e+01 1.385514e+01 1.160000e+02
    endloop
  endfacet
  facet normal -9.971705e-01 1.515905e-03 -7.515816e-02
    outer loop
      vertex   7.449058e+01 1.045514e+01 1.161842e+02
      vertex   7.450963e+01 1.385514e+01 1.160000e+02
      vertex   7.450823e+01 1.045514e+01 1.159499e+02
    endloop
  endfacet
  facet normal -9.914437e-01 -1.515905e-03 1.305260e-01
    outer loop
      vertex   7.450823e+01 1.045514e+01 1.159499e+02
      vertex   7.450963e+01 1.385514e+01 1.160000e+02
      vertex   7.447896e+01 1.385514e+01 1.157671e+02
    endloop
  endfacet
  facet normal -9.826451e-01 1.515905e-03 1.854895e-01
    outer loop
      vertex   7.450823e+01 1.045514e+01 1.159499e+02
      vertex   7.447896e+01 1.385514e+01 1.157671e+02
      vertex   7.446465e+01 1.045514e+01 1.157191e+02
    endloop
  endfacet
  facet normal -9.238785e-01 -1.515905e-03 3.826830e-01
    outer loop
      vertex   7.446465e+01 1.045514e+01 1.157191e+02
      vertex   7.447896e+01 1.385514e+01 1.157671e+02
      vertex   7.438905e+01 1.385514e+01 1.155500e+02
    endloop
  endfacet
  facet normal -9.011540e-01 1.515905e-03 4.334964e-01
    outer loop
      vertex   7.446465e+01 1.045514e+01 1.157191e+02
      vertex   7.438905e+01 1.385514e+01 1.155500e+02
      vertex   7.436280e+01 1.045514e+01 1.155073e+02
    endloop
  endfacet
  facet normal -7.933524e-01 -1.515905e-03 6.087607e-01
    outer loop
      vertex   7.436280e+01 1.045514e+01 1.155073e+02
      vertex   7.438905e+01 1.385514e+01 1.155500e+02
      vertex   7.424602e+01 1.385514e+01 1.153636e+02
    endloop
  endfacet
  facet normal -7.582508e-01 1.515905e-03 6.519612e-01
    outer loop
      vertex   7.436280e+01 1.045514e+01 1.155073e+02
      vertex   7.424602e+01 1.385514e+01 1.153636e+02
      vertex   7.420963e+01 1.045514e+01 1.153292e+02
    endloop
  endfacet
  facet normal -6.087607e-01 -1.515905e-03 7.933524e-01
    outer loop
      vertex   7.420963e+01 1.045514e+01 1.153292e+02
      vertex   7.424602e+01 1.385514e+01 1.153636e+02
      vertex   7.405963e+01 1.385514e+01 1.152206e+02
    endloop
  endfacet
  facet normal -5.636741e-01 1.515905e-03 8.259959e-01
    outer loop
      vertex   7.420963e+01 1.045514e+01 1.153292e+02
      vertex   7.405963e+01 1.385514e+01 1.152206e+02
      vertex   7.401556e+01 1.045514e+01 1.151967e+02
    endloop
  endfacet
  facet normal -3.826830e-01 -1.515905e-03 9.238785e-01
    outer loop
      vertex   7.401556e+01 1.045514e+01 1.151967e+02
      vertex   7.405963e+01 1.385514e+01 1.152206e+02
      vertex   7.384257e+01 1.385514e+01 1.151307e+02
    endloop
  endfacet
  facet normal -3.306839e-01 1.515905e-03 9.437403e-01
    outer loop
      vertex   7.401556e+01 1.045514e+01 1.151967e+02
      vertex   7.384257e+01 1.385514e+01 1.151307e+02
      vertex   7.379383e+01 1.045514e+01 1.151191e+02
    endloop
  endfacet
  facet normal -1.305260e-01 -1.515905e-03 9.914437e-01
    outer loop
      vertex   7.379383e+01 1.045514e+01 1.151191e+02
      vertex   7.384257e+01 1.385514e+01 1.151307e+02
      vertex   7.360963e+01 1.385514e+01 1.151000e+02
    endloop
  endfacet
  facet normal -7.515816e-02 1.515905e-03 9.971705e-01
    outer loop
      vertex   7.379383e+01 1.045514e+01 1.151191e+02
      vertex   7.360963e+01 1.385514e+01 1.151000e+02
      vertex   7.355955e+01 1.045514e+01 1.151014e+02
    endloop
  endfacet
  facet normal 1.305260e-01 -1.515905e-03 9.914437e-01
    outer loop
      vertex   7.355955e+01 1.045514e+01 1.151014e+02
      vertex   7.360963e+01 1.385514e+01 1.151000e+02
      vertex   7.337669e+01 1.385514e+01 1.151307e+02
    endloop
  endfacet
  facet normal 1.854895e-01 1.515905e-03 9.826451e-01
    outer loop
      vertex   7.355955e+01 1.045514e+01 1.151014e+02
      vertex   7.337669e+01 1.385514e+01 1.151307e+02
      vertex   7.332868e+01 1.045514e+01 1.151450e+02
    endloop
  endfacet
  facet normal 3.826830e-01 -1.515905e-03 9.238785e-01
    outer loop
      vertex   7.332868e+01 1.045514e+01 1.151450e+02
      vertex   7.337669e+01 1.385514e+01 1.151307e+02
      vertex   7.315963e+01 1.385514e+01 1.152206e+02
    endloop
  endfacet
  facet normal 4.334964e-01 1.515905e-03 9.011540e-01
    outer loop
      vertex   7.332868e+01 1.045514e+01 1.151450e+02
      vertex   7.315963e+01 1.385514e+01 1.152206e+02
      vertex   7.311696e+01 1.045514e+01 1.152468e+02
    endloop
  endfacet
  facet normal 6.087607e-01 -1.515905e-03 7.933524e-01
    outer loop
      vertex   7.311696e+01 1.045514e+01 1.152468e+02
      vertex   7.315963e+01 1.385514e+01 1.152206e+02
      vertex   7.297323e+01 1.385514e+01 1.153636e+02
    endloop
  endfacet
  facet normal 6.519612e-01 1.515905e-03 7.582508e-01
    outer loop
      vertex   7.311696e+01 1.045514e+01 1.152468e+02
      vertex   7.297323e+01 1.385514e+01 1.153636e+02
      vertex   7.293881e+01 1.045514e+01 1.154000e+02
    endloop
  endfacet
  facet normal 7.933524e-01 -1.515905e-03 6.087607e-01
    outer loop
      vertex   7.293881e+01 1.045514e+01 1.154000e+02
      vertex   7.297323e+01 1.385514e+01 1.153636e+02
      vertex   7.283021e+01 1.385514e+01 1.155500e+02
    endloop
  endfacet
  facet normal 8.259959e-01 1.515905e-03 5.636741e-01
    outer loop
      vertex   7.293881e+01 1.045514e+01 1.154000e+02
      vertex   7.283021e+01 1.385514e+01 1.155500e+02
      vertex   7.280637e+01 1.045514e+01 1.155941e+02
    endloop
  endfacet
  facet normal 9.238785e-01 -1.515905e-03 3.826830e-01
    outer loop
      vertex   7.280637e+01 1.045514e+01 1.155941e+02
      vertex   7.283021e+01 1.385514e+01 1.155500e+02
      vertex   7.274029e+01 1.385514e+01 1.157671e+02
    endloop
  endfacet
  facet normal 9.437403e-01 1.515905e-03 3.306839e-01
    outer loop
      vertex   7.280637e+01 1.045514e+01 1.155941e+02
      vertex   7.274029e+01 1.385514e+01 1.157671e+02
      vertex   7.272868e+01 1.045514e+01 1.158158e+02
    endloop
  endfacet
  facet normal 9.914437e-01 -1.515905e-03 1.305260e-01
    outer loop
      vertex   7.272868e+01 1.045514e+01 1.158158e+02
      vertex   7.274029e+01 1.385514e+01 1.157671e+02
      vertex   7.270963e+01 1.385514e+01 1.160000e+02
    endloop
  endfacet
  facet normal 9.971705e-01 1.515905e-03 7.515816e-02
    outer loop
      vertex   7.272868e+01 1.045514e+01 1.158158e+02
      vertex   7.270963e+01 1.385514e+01 1.160000e+02
      vertex   7.271102e+01 1.045514e+01 1.160501e+02
    endloop
  endfacet
  facet normal 9.914437e-01 -1.515905e-03 -1.305260e-01
    outer loop
      vertex   7.271102e+01 1.045514e+01 1.160501e+02
      vertex   7.270963e+01 1.385514e+01 1.160000e+02
      vertex   7.274029e+01 1.385514e+01 1.162329e+02
    endloop
  endfacet
  facet normal 9.826451e-01 1.515905e-03 -1.854895e-01
    outer loop
      vertex   7.271102e+01 1.045514e+01 1.160501e+02
      vertex   7.274029e+01 1.385514e+01 1.162329e+02
      vertex   7.275460e+01 1.045514e+01 1.162809e+02
    endloop
  endfacet
  facet normal 9.238785e-01 -1.515905e-03 -3.826830e-01
    outer loop
      vertex   7.275460e+01 1.045514e+01 1.162809e+02
      vertex   7.274029e+01 1.385514e+01 1.162329e+02
      vertex   7.283021e+01 1.385514e+01 1.164500e+02
    endloop
  endfacet
  facet normal 9.011540e-01 1.515905e-03 -4.334964e-01
    outer loop
      vertex   7.275460e+01 1.045514e+01 1.162809e+02
      vertex   7.283021e+01 1.385514e+01 1.164500e+02
      vertex   7.285645e+01 1.045514e+01 1.164927e+02
    endloop
  endfacet
  facet normal 7.933524e-01 -1.515905e-03 -6.087607e-01
    outer loop
      vertex   7.285645e+01 1.045514e+01 1.164927e+02
      vertex   7.283021e+01 1.385514e+01 1.164500e+02
      vertex   7.297323e+01 1.385514e+01 1.166364e+02
    endloop
  endfacet
  facet normal 7.582508e-01 1.515905e-03 -6.519612e-01
    outer loop
      vertex   7.285645e+01 1.045514e+01 1.164927e+02
      vertex   7.297323e+01 1.385514e+01 1.166364e+02
      vertex   7.300963e+01 1.045514e+01 1.166708e+02
    endloop
  endfacet
  facet normal 6.087607e-01 -1.515905e-03 -7.933524e-01
    outer loop
      vertex   7.300963e+01 1.045514e+01 1.166708e+02
      vertex   7.297323e+01 1.385514e+01 1.166364e+02
      vertex   7.315963e+01 1.385514e+01 1.167794e+02
    endloop
  endfacet
  facet normal 5.636741e-01 1.515905e-03 -8.259959e-01
    outer loop
      vertex   7.300963e+01 1.045514e+01 1.166708e+02
      vertex   7.315963e+01 1.385514e+01 1.167794e+02
      vertex   7.320369e+01 1.045514e+01 1.168033e+02
    endloop
  endfacet
  facet normal 3.826830e-01 -1.515905e-03 -9.238785e-01
    outer loop
      vertex   7.320369e+01 1.045514e+01 1.168033e+02
      vertex   7.315963e+01 1.385514e+01 1.167794e+02
      vertex   7.337669e+01 1.385514e+01 1.168693e+02
    endloop
  endfacet
  facet normal 3.306839e-01 1.515905e-03 -9.437403e-01
    outer loop
      vertex   7.320369e+01 1.045514e+01 1.168033e+02
      vertex   7.337669e+01 1.385514e+01 1.168693e+02
      vertex   7.342542e+01 1.045514e+01 1.168809e+02
    endloop
  endfacet
  facet normal 1.305260e-01 -1.515905e-03 -9.914437e-01
    outer loop
      vertex   7.342542e+01 1.045514e+01 1.168809e+02
      vertex   7.337669e+01 1.385514e+01 1.168693e+02
      vertex   7.360963e+01 1.385514e+01 1.169000e+02
    endloop
  endfacet
  facet normal 7.515816e-02 1.515905e-03 -9.971705e-01
    outer loop
      vertex   7.342542e+01 1.045514e+01 1.168809e+02
      vertex   7.360963e+01 1.385514e+01 1.169000e+02
      vertex   7.365971e+01 1.045514e+01 1.168986e+02
    endloop
  endfacet
  facet normal -1.305260e-01 -1.515905e-03 -9.914437e-01
    outer loop
      vertex   7.365971e+01 1.045514e+01 1.168986e+02
      vertex   7.360963e+01 1.385514e+01 1.169000e+02
      vertex   7.384257e+01 1.385514e+01 1.168693e+02
    endloop
  endfacet
  facet normal -1.854895e-01 1.515905e-03 -9.826451e-01
    outer loop
      vertex   7.365971e+01 1.045514e+01 1.168986e+02
      vertex   7.384257e+01 1.385514e+01 1.168693e+02
      vertex   7.389058e+01 1.045514e+01 1.168550e+02
    endloop
  endfacet
  facet normal -3.826830e-01 -1.515905e-03 -9.238785e-01
    outer loop
      vertex   7.389058e+01 1.045514e+01 1.168550e+02
      vertex   7.384257e+01 1.385514e+01 1.168693e+02
      vertex   7.405963e+01 1.385514e+01 1.167794e+02
    endloop
  endfacet
  facet normal -4.334964e-01 1.515905e-03 -9.011540e-01
    outer loop
      vertex   7.389058e+01 1.045514e+01 1.168550e+02
      vertex   7.405963e+01 1.385514e+01 1.167794e+02
      vertex   7.410230e+01 1.045514e+01 1.167532e+02
    endloop
  endfacet
  facet normal -6.087607e-01 -1.515905e-03 -7.933524e-01
    outer loop
      vertex   7.410230e+01 1.045514e+01 1.167532e+02
      vertex   7.405963e+01 1.385514e+01 1.167794e+02
      vertex   7.424602e+01 1.385514e+01 1.166364e+02
    endloop
  endfacet
  facet normal -9.914449e-01 0.000000e+00 -1.305262e-01
    outer loop
      vertex   7.447896e+01 1.045514e+01 1.082329e+02
      vertex   7.447896e+01 1.385514e+01 1.082329e+02
      vertex   7.450963e+01 1.045514e+01 1.080000e+02
    endloop
  endfacet
  facet normal -9.914449e-01 0.000000e+00 -1.305262e-01
    outer loop
      vertex   7.450963e+01 1.045514e+01 1.080000e+02
      vertex   7.447896e+01 1.385514e+01 1.082329e+02
      vertex   7.450963e+01 1.385514e+01 1.080000e+02
    endloop
  endfacet
  facet normal -9.914449e-01 0.000000e+00 1.305262e-01
    outer loop
      vertex   7.450963e+01 1.045514e+01 1.080000e+02
      vertex   7.450963e+01 1.385514e+01 1.080000e+02
      vertex   7.447896e+01 1.045514e+01 1.077671e+02
    endloop
  endfacet
  facet normal -9.914449e-01 0.000000e+00 1.305262e-01
    outer loop
      vertex   7.447896e+01 1.045514e+01 1.077671e+02
      vertex   7.450963e+01 1.385514e+01 1.080000e+02
      vertex   7.447896e+01 1.385514e+01 1.077671e+02
    endloop
  endfacet
  facet normal -9.238795e-01 0.000000e+00 3.826834e-01
    outer loop
      vertex   7.447896e+01 1.045514e+01 1.077671e+02
      vertex   7.447896e+01 1.385514e+01 1.077671e+02
      vertex   7.438905e+01 1.045514e+01 1.075500e+02
    endloop
  endfacet
  facet normal -9.238795e-01 0.000000e+00 3.826834e-01
    outer loop
      vertex   7.438905e+01 1.045514e+01 1.075500e+02
      vertex   7.447896e+01 1.385514e+01 1.077671e+02
      vertex   7.438905e+01 1.385514e+01 1.075500e+02
    endloop
  endfacet
  facet normal -7.933533e-01 0.000000e+00 6.087614e-01
    outer loop
      vertex   7.438905e+01 1.045514e+01 1.075500e+02
      vertex   7.438905e+01 1.385514e+01 1.075500e+02
      vertex   7.424602e+01 1.045514e+01 1.073636e+02
    endloop
  endfacet
  facet normal -7.933533e-01 0.000000e+00 6.087614e-01
    outer loop
      vertex   7.424602e+01 1.045514e+01 1.073636e+02
      vertex   7.438905e+01 1.385514e+01 1.075500e+02
      vertex   7.424602e+01 1.385514e+01 1.073636e+02
    endloop
  endfacet
  facet normal -6.087614e-01 0.000000e+00 7.933533e-01
    outer loop
      vertex   7.424602e+01 1.045514e+01 1.073636e+02
      vertex   7.424602e+01 1.385514e+01 1.073636e+02
      vertex   7.405963e+01 1.045514e+01 1.072206e+02
    endloop
  endfacet
  facet normal -6.087614e-01 0.000000e+00 7.933533e-01
    outer loop
      vertex   7.405963e+01 1.045514e+01 1.072206e+02
      vertex   7.424602e+01 1.385514e+01 1.073636e+02
      vertex   7.405963e+01 1.385514e+01 1.072206e+02
    endloop
  endfacet
  facet normal -3.826834e-01 0.000000e+00 9.238795e-01
    outer loop
      vertex   7.405963e+01 1.045514e+01 1.072206e+02
      vertex   7.405963e+01 1.385514e+01 1.072206e+02
      vertex   7.384257e+01 1.045514e+01 1.071307e+02
    endloop
  endfacet
  facet normal -3.826834e-01 0.000000e+00 9.238795e-01
    outer loop
      vertex   7.384257e+01 1.045514e+01 1.071307e+02
      vertex   7.405963e+01 1.385514e+01 1.072206e+02
      vertex   7.384257e+01 1.385514e+01 1.071307e+02
    endloop
  endfacet
  facet normal -1.305262e-01 0.000000e+00 9.914449e-01
    outer loop
      vertex   7.384257e+01 1.045514e+01 1.071307e+02
      vertex   7.384257e+01 1.385514e+01 1.071307e+02
      vertex   7.360963e+01 1.045514e+01 1.071000e+02
    endloop
  endfacet
  facet normal -1.305262e-01 0.000000e+00 9.914449e-01
    outer loop
      vertex   7.360963e+01 1.045514e+01 1.071000e+02
      vertex   7.384257e+01 1.385514e+01 1.071307e+02
      vertex   7.360963e+01 1.385514e+01 1.071000e+02
    endloop
  endfacet
  facet normal 1.305262e-01 -0.000000e+00 9.914449e-01
    outer loop
      vertex   7.360963e+01 1.045514e+01 1.071000e+02
      vertex   7.360963e+01 1.385514e+01 1.071000e+02
      vertex   7.337669e+01 1.045514e+01 1.071307e+02
    endloop
  endfacet
  facet normal 1.305262e-01 -0.000000e+00 9.914449e-01
    outer loop
      vertex   7.337669e+01 1.045514e+01 1.071307e+02
      vertex   7.360963e+01 1.385514e+01 1.071000e+02
      vertex   7.337669e+01 1.385514e+01 1.071307e+02
    endloop
  endfacet
  facet normal 3.826834e-01 -0.000000e+00 9.238795e-01
    outer loop
      vertex   7.337669e+01 1.045514e+01 1.071307e+02
      vertex   7.337669e+01 1.385514e+01 1.071307e+02
      vertex   7.315963e+01 1.045514e+01 1.072206e+02
    endloop
  endfacet
  facet normal 3.826834e-01 -0.000000e+00 9.238795e-01
    outer loop
      vertex   7.315963e+01 1.045514e+01 1.072206e+02
      vertex   7.337669e+01 1.385514e+01 1.071307e+02
      vertex   7.315963e+01 1.385514e+01 1.072206e+02
    endloop
  endfacet
  facet normal 6.087614e-01 -0.000000e+00 7.933533e-01
    outer loop
      vertex   7.315963e+01 1.045514e+01 1.072206e+02
      vertex   7.315963e+01 1.385514e+01 1.072206e+02
      vertex   7.297323e+01 1.045514e+01 1.073636e+02
    endloop
  endfacet
  facet normal 6.087614e-01 -0.000000e+00 7.933533e-01
    outer loop
      vertex   7.297323e+01 1.045514e+01 1.073636e+02
      vertex   7.315963e+01 1.385514e+01 1.072206e+02
      vertex   7.297323e+01 1.385514e+01 1.073636e+02
    endloop
  endfacet
  facet normal 7.933533e-01 -0.000000e+00 6.087614e-01
    outer loop
      vertex   7.297323e+01 1.045514e+01 1.073636e+02
      vertex   7.297323e+01 1.385514e+01 1.073636e+02
      vertex   7.283021e+01 1.045514e+01 1.075500e+02
    endloop
  endfacet
  facet normal 7.933533e-01 -0.000000e+00 6.087614e-01
    outer loop
      vertex   7.283021e+01 1.045514e+01 1.075500e+02
      vertex   7.297323e+01 1.385514e+01 1.073636e+02
      vertex   7.283021e+01 1.385514e+01 1.075500e+02
    endloop
  endfacet
  facet normal 9.238795e-01 -0.000000e+00 3.826834e-01
    outer loop
      vertex   7.283021e+01 1.045514e+01 1.075500e+02
      vertex   7.283021e+01 1.385514e+01 1.075500e+02
      vertex   7.274029e+01 1.045514e+01 1.077671e+02
    endloop
  endfacet
  facet normal 9.238795e-01 -0.000000e+00 3.826834e-01
    outer loop
      vertex   7.274029e+01 1.045514e+01 1.077671e+02
      vertex   7.283021e+01 1.385514e+01 1.075500e+02
      vertex   7.274029e+01 1.385514e+01 1.077671e+02
    endloop
  endfacet
  facet normal 9.914449e-01 -0.000000e+00 1.305262e-01
    outer loop
      vertex   7.274029e+01 1.045514e+01 1.077671e+02
      vertex   7.274029e+01 1.385514e+01 1.077671e+02
      vertex   7.270963e+01 1.045514e+01 1.080000e+02
    endloop
  endfacet
  facet normal 9.914449e-01 -0.000000e+00 1.305262e-01
    outer loop
      vertex   7.270963e+01 1.045514e+01 1.080000e+02
      vertex   7.274029e+01 1.385514e+01 1.077671e+02
      vertex   7.270963e+01 1.385514e+01 1.080000e+02
    endloop
  endfacet
  facet normal 9.914449e-01 0.000000e+00 -1.305262e-01
    outer loop
      vertex   7.270963e+01 1.045514e+01 1.080000e+02
      vertex   7.270963e+01 1.385514e+01 1.080000e+02
      vertex   7.274029e+01 1.045514e+01 1.082329e+02
    endloop
  endfacet
  facet normal 9.914449e-01 0.000000e+00 -1.305262e-01
    outer loop
      vertex   7.274029e+01 1.045514e+01 1.082329e+02
      vertex   7.270963e+01 1.385514e+01 1.080000e+02
      vertex   7.274029e+01 1.385514e+01 1.082329e+02
    endloop
  endfacet
  facet normal 9.238795e-01 0.000000e+00 -3.826834e-01
    outer loop
      vertex   7.274029e+01 1.045514e+01 1.082329e+02
      vertex   7.274029e+01 1.385514e+01 1.082329e+02
      vertex   7.283021e+01 1.045514e+01 1.084500e+02
    endloop
  endfacet
  facet normal 9.238795e-01 0.000000e+00 -3.826834e-01
    outer loop
      vertex   7.283021e+01 1.045514e+01 1.084500e+02
      vertex   7.274029e+01 1.385514e+01 1.082329e+02
      vertex   7.283021e+01 1.385514e+01 1.084500e+02
    endloop
  endfacet
  facet normal 7.933533e-01 0.000000e+00 -6.087614e-01
    outer loop
      vertex   7.283021e+01 1.045514e+01 1.084500e+02
      vertex   7.283021e+01 1.385514e+01 1.084500e+02
      vertex   7.297323e+01 1.045514e+01 1.086364e+02
    endloop
  endfacet
  facet normal 7.933533e-01 0.000000e+00 -6.087614e-01
    outer loop
      vertex   7.297323e+01 1.045514e+01 1.086364e+02
      vertex   7.283021e+01 1.385514e+01 1.084500e+02
      vertex   7.297323e+01 1.385514e+01 1.086364e+02
    endloop
  endfacet
  facet normal 6.087614e-01 0.000000e+00 -7.933533e-01
    outer loop
      vertex   7.297323e+01 1.045514e+01 1.086364e+02
      vertex   7.297323e+01 1.385514e+01 1.086364e+02
      vertex   7.315963e+01 1.045514e+01 1.087794e+02
    endloop
  endfacet
  facet normal 6.087614e-01 0.000000e+00 -7.933533e-01
    outer loop
      vertex   7.315963e+01 1.045514e+01 1.087794e+02
      vertex   7.297323e+01 1.385514e+01 1.086364e+02
      vertex   7.315963e+01 1.385514e+01 1.087794e+02
    endloop
  endfacet
  facet normal 3.826834e-01 0.000000e+00 -9.238795e-01
    outer loop
      vertex   7.315963e+01 1.045514e+01 1.087794e+02
      vertex   7.315963e+01 1.385514e+01 1.087794e+02
      vertex   7.337669e+01 1.045514e+01 1.088693e+02
    endloop
  endfacet
  facet normal 3.826834e-01 0.000000e+00 -9.238795e-01
    outer loop
      vertex   7.337669e+01 1.045514e+01 1.088693e+02
      vertex   7.315963e+01 1.385514e+01 1.087794e+02
      vertex   7.337669e+01 1.385514e+01 1.088693e+02
    endloop
  endfacet
  facet normal 1.305262e-01 0.000000e+00 -9.914449e-01
    outer loop
      vertex   7.337669e+01 1.045514e+01 1.088693e+02
      vertex   7.337669e+01 1.385514e+01 1.088693e+02
      vertex   7.360963e+01 1.045514e+01 1.089000e+02
    endloop
  endfacet
  facet normal 1.305262e-01 0.000000e+00 -9.914449e-01
    outer loop
      vertex   7.360963e+01 1.045514e+01 1.089000e+02
      vertex   7.337669e+01 1.385514e+01 1.088693e+02
      vertex   7.360963e+01 1.385514e+01 1.089000e+02
    endloop
  endfacet
  facet normal -1.305262e-01 0.000000e+00 -9.914449e-01
    outer loop
      vertex   7.360963e+01 1.045514e+01 1.089000e+02
      vertex   7.360963e+01 1.385514e+01 1.089000e+02
      vertex   7.384257e+01 1.045514e+01 1.088693e+02
    endloop
  endfacet
  facet normal -1.305262e-01 0.000000e+00 -9.914449e-01
    outer loop
      vertex   7.384257e+01 1.045514e+01 1.088693e+02
      vertex   7.360963e+01 1.385514e+01 1.089000e+02
      vertex   7.384257e+01 1.385514e+01 1.088693e+02
    endloop
  endfacet
  facet normal -3.826834e-01 0.000000e+00 -9.238795e-01
    outer loop
      vertex   7.384257e+01 1.045514e+01 1.088693e+02
      vertex   7.384257e+01 1.385514e+01 1.088693e+02
      vertex   7.405963e+01 1.045514e+01 1.087794e+02
    endloop
  endfacet
  facet normal -3.826834e-01 0.000000e+00 -9.238795e-01
    outer loop
      vertex   7.405963e+01 1.045514e+01 1.087794e+02
      vertex   7.384257e+01 1.385514e+01 1.088693e+02
      vertex   7.405963e+01 1.385514e+01 1.087794e+02
    endloop
  endfacet
  facet normal -6.087614e-01 0.000000e+00 -7.933533e-01
    outer loop
      vertex   7.405963e+01 1.045514e+01 1.087794e+02
      vertex   7.405963e+01 1.385514e+01 1.087794e+02
      vertex   7.424602e+01 1.045514e+01 1.086364e+02
    endloop
  endfacet
  facet normal -6.087614e-01 0.000000e+00 -7.933533e-01
    outer loop
      vertex   7.424602e+01 1.045514e+01 1.086364e+02
      vertex   7.405963e+01 1.385514e+01 1.087794e+02
      vertex   7.424602e+01 1.385514e+01 1.086364e+02
    endloop
  endfacet
  facet normal -7.933533e-01 0.000000e+00 -6.087614e-01
    outer loop
      vertex   7.424602e+01 1.045514e+01 1.086364e+02
      vertex   7.424602e+01 1.385514e+01 1.086364e+02
      vertex   7.438905e+01 1.045514e+01 1.084500e+02
    endloop
  endfacet
  facet normal -7.933533e-01 0.000000e+00 -6.087614e-01
    outer loop
      vertex   7.438905e+01 1.045514e+01 1.084500e+02
      vertex   7.424602e+01 1.385514e+01 1.086364e+02
      vertex   7.438905e+01 1.385514e+01 1.084500e+02
    endloop
  endfacet
  facet normal -9.238795e-01 0.000000e+00 -3.826834e-01
    outer loop
      vertex   7.438905e+01 1.045514e+01 1.084500e+02
      vertex   7.438905e+01 1.385514e+01 1.084500e+02
      vertex   7.447896e+01 1.045514e+01 1.082329e+02
    endloop
  endfacet
  facet normal -9.238795e-01 0.000000e+00 -3.826834e-01
    outer loop
      vertex   7.447896e+01 1.045514e+01 1.082329e+02
      vertex   7.438905e+01 1.385514e+01 1.084500e+02
      vertex   7.447896e+01 1.385514e+01 1.082329e+02
    endloop
  endfacet
  facet normal -9.914449e-01 0.000000e+00 -1.305262e-01
    outer loop
      vertex   7.447896e+01 1.045514e+01 1.122329e+02
      vertex   7.447896e+01 1.385514e+01 1.122329e+02
      vertex   7.450963e+01 1.045514e+01 1.120000e+02
    endloop
  endfacet
  facet normal -9.914449e-01 0.000000e+00 -1.305262e-01
    outer loop
      vertex   7.450963e+01 1.045514e+01 1.120000e+02
      vertex   7.447896e+01 1.385514e+01 1.122329e+02
      vertex   7.450963e+01 1.385514e+01 1.120000e+02
    endloop
  endfacet
  facet normal -9.914449e-01 0.000000e+00 1.305262e-01
    outer loop
      vertex   7.450963e+01 1.045514e+01 1.120000e+02
      vertex   7.450963e+01 1.385514e+01 1.120000e+02
      vertex   7.447896e+01 1.045514e+01 1.117671e+02
    endloop
  endfacet
  facet normal -9.914449e-01 0.000000e+00 1.305262e-01
    outer loop
      vertex   7.447896e+01 1.045514e+01 1.117671e+02
      vertex   7.450963e+01 1.385514e+01 1.120000e+02
      vertex   7.447896e+01 1.385514e+01 1.117671e+02
    endloop
  endfacet
  facet normal -9.238795e-01 0.000000e+00 3.826834e-01
    outer loop
      vertex   7.447896e+01 1.045514e+01 1.117671e+02
      vertex   7.447896e+01 1.385514e+01 1.117671e+02
      vertex   7.438905e+01 1.045514e+01 1.115500e+02
    endloop
  endfacet
  facet normal -9.238795e-01 0.000000e+00 3.826834e-01
    outer loop
      vertex   7.438905e+01 1.045514e+01 1.115500e+02
      vertex   7.447896e+01 1.385514e+01 1.117671e+02
      vertex   7.438905e+01 1.385514e+01 1.115500e+02
    endloop
  endfacet
  facet normal -7.933533e-01 0.000000e+00 6.087614e-01
    outer loop
      vertex   7.438905e+01 1.045514e+01 1.115500e+02
      vertex   7.438905e+01 1.385514e+01 1.115500e+02
      vertex   7.424602e+01 1.045514e+01 1.113636e+02
    endloop
  endfacet
  facet normal -7.933533e-01 0.000000e+00 6.087614e-01
    outer loop
      vertex   7.424602e+01 1.045514e+01 1.113636e+02
      vertex   7.438905e+01 1.385514e+01 1.115500e+02
      vertex   7.424602e+01 1.385514e+01 1.113636e+02
    endloop
  endfacet
  facet normal -6.087614e-01 0.000000e+00 7.933533e-01
    outer loop
      vertex   7.424602e+01 1.045514e+01 1.113636e+02
      vertex   7.424602e+01 1.385514e+01 1.113636e+02
      vertex   7.405963e+01 1.045514e+01 1.112206e+02
    endloop
  endfacet
  facet normal -6.087614e-01 0.000000e+00 7.933533e-01
    outer loop
      vertex   7.405963e+01 1.045514e+01 1.112206e+02
      vertex   7.424602e+01 1.385514e+01 1.113636e+02
      vertex   7.405963e+01 1.385514e+01 1.112206e+02
    endloop
  endfacet
  facet normal -3.826834e-01 0.000000e+00 9.238795e-01
    outer loop
      vertex   7.405963e+01 1.045514e+01 1.112206e+02
      vertex   7.405963e+01 1.385514e+01 1.112206e+02
      vertex   7.384257e+01 1.045514e+01 1.111307e+02
    endloop
  endfacet
  facet normal -3.826834e-01 0.000000e+00 9.238795e-01
    outer loop
      vertex   7.384257e+01 1.045514e+01 1.111307e+02
      vertex   7.405963e+01 1.385514e+01 1.112206e+02
      vertex   7.384257e+01 1.385514e+01 1.111307e+02
    endloop
  endfacet
  facet normal -1.305262e-01 0.000000e+00 9.914449e-01
    outer loop
      vertex   7.384257e+01 1.045514e+01 1.111307e+02
      vertex   7.384257e+01 1.385514e+01 1.111307e+02
      vertex   7.360963e+01 1.045514e+01 1.111000e+02
    endloop
  endfacet
  facet normal -1.305262e-01 0.000000e+00 9.914449e-01
    outer loop
      vertex   7.360963e+01 1.045514e+01 1.111000e+02
      vertex   7.384257e+01 1.385514e+01 1.111307e+02
      vertex   7.360963e+01 1.385514e+01 1.111000e+02
    endloop
  endfacet
  facet normal 1.305262e-01 -0.000000e+00 9.914449e-01
    outer loop
      vertex   7.360963e+01 1.045514e+01 1.111000e+02
      vertex   7.360963e+01 1.385514e+01 1.111000e+02
      vertex   7.337669e+01 1.045514e+01 1.111307e+02
    endloop
  endfacet
  facet normal 1.305262e-01 -0.000000e+00 9.914449e-01
    outer loop
      vertex   7.337669e+01 1.045514e+01 1.111307e+02
      vertex   7.360963e+01 1.385514e+01 1.111000e+02
      vertex   7.337669e+01 1.385514e+01 1.111307e+02
    endloop
  endfacet
  facet normal 3.826834e-01 -0.000000e+00 9.238795e-01
    outer loop
      vertex   7.337669e+01 1.045514e+01 1.111307e+02
      vertex   7.337669e+01 1.385514e+01 1.111307e+02
      vertex   7.315963e+01 1.045514e+01 1.112206e+02
    endloop
  endfacet
  facet normal 3.826834e-01 -0.000000e+00 9.238795e-01
    outer loop
      vertex   7.315963e+01 1.045514e+01 1.112206e+02
      vertex   7.337669e+01 1.385514e+01 1.111307e+02
      vertex   7.315963e+01 1.385514e+01 1.112206e+02
    endloop
  endfacet
  facet normal 6.087614e-01 -0.000000e+00 7.933533e-01
    outer loop
      vertex   7.315963e+01 1.045514e+01 1.112206e+02
      vertex   7.315963e+01 1.385514e+01 1.112206e+02
      vertex   7.297323e+01 1.045514e+01 1.113636e+02
    endloop
  endfacet
  facet normal 6.087614e-01 -0.000000e+00 7.933533e-01
    outer loop
      vertex   7.297323e+01 1.045514e+01 1.113636e+02
      vertex   7.315963e+01 1.385514e+01 1.112206e+02
      vertex   7.297323e+01 1.385514e+01 1.113636e+02
    endloop
  endfacet
  facet normal 7.933533e-01 -0.000000e+00 6.087614e-01
    outer loop
      vertex   7.297323e+01 1.045514e+01 1.113636e+02
      vertex   7.297323e+01 1.385514e+01 1.113636e+02
      vertex   7.283021e+01 1.045514e+01 1.115500e+02
    endloop
  endfacet
  facet normal 7.933533e-01 -0.000000e+00 6.087614e-01
    outer loop
      vertex   7.283021e+01 1.045514e+01 1.115500e+02
      vertex   7.297323e+01 1.385514e+01 1.113636e+02
      vertex   7.283021e+01 1.385514e+01 1.115500e+02
    endloop
  endfacet
  facet normal 9.238795e-01 -0.000000e+00 3.826834e-01
    outer loop
      vertex   7.283021e+01 1.045514e+01 1.115500e+02
      vertex   7.283021e+01 1.385514e+01 1.115500e+02
      vertex   7.274029e+01 1.045514e+01 1.117671e+02
    endloop
  endfacet
  facet normal 9.238795e-01 -0.000000e+00 3.826834e-01
    outer loop
      vertex   7.274029e+01 1.045514e+01 1.117671e+02
      vertex   7.283021e+01 1.385514e+01 1.115500e+02
      vertex   7.274029e+01 1.385514e+01 1.117671e+02
    endloop
  endfacet
  facet normal 9.914449e-01 -0.000000e+00 1.305262e-01
    outer loop
      vertex   7.274029e+01 1.045514e+01 1.117671e+02
      vertex   7.274029e+01 1.385514e+01 1.117671e+02
      vertex   7.270963e+01 1.045514e+01 1.120000e+02
    endloop
  endfacet
  facet normal 9.914449e-01 -0.000000e+00 1.305262e-01
    outer loop
      vertex   7.270963e+01 1.045514e+01 1.120000e+02
      vertex   7.274029e+01 1.385514e+01 1.117671e+02
      vertex   7.270963e+01 1.385514e+01 1.120000e+02
    endloop
  endfacet
  facet normal 9.914449e-01 0.000000e+00 -1.305262e-01
    outer loop
      vertex   7.270963e+01 1.045514e+01 1.120000e+02
      vertex   7.270963e+01 1.385514e+01 1.120000e+02
      vertex   7.274029e+01 1.045514e+01 1.122329e+02
    endloop
  endfacet
  facet normal 9.914449e-01 0.000000e+00 -1.305262e-01
    outer loop
      vertex   7.274029e+01 1.045514e+01 1.122329e+02
      vertex   7.270963e+01 1.385514e+01 1.120000e+02
      vertex   7.274029e+01 1.385514e+01 1.122329e+02
    endloop
  endfacet
  facet normal 9.238795e-01 0.000000e+00 -3.826834e-01
    outer loop
      vertex   7.274029e+01 1.045514e+01 1.122329e+02
      vertex   7.274029e+01 1.385514e+01 1.122329e+02
      vertex   7.283021e+01 1.045514e+01 1.124500e+02
    endloop
  endfacet
  facet normal 9.238795e-01 0.000000e+00 -3.826834e-01
    outer loop
      vertex   7.283021e+01 1.045514e+01 1.124500e+02
      vertex   7.274029e+01 1.385514e+01 1.122329e+02
      vertex   7.283021e+01 1.385514e+01 1.124500e+02
    endloop
  endfacet
  facet normal 7.933533e-01 0.000000e+00 -6.087614e-01
    outer loop
      vertex   7.283021e+01 1.045514e+01 1.124500e+02
      vertex   7.283021e+01 1.385514e+01 1.124500e+02
      vertex   7.297323e+01 1.045514e+01 1.126364e+02
    endloop
  endfacet
  facet normal 7.933533e-01 0.000000e+00 -6.087614e-01
    outer loop
      vertex   7.297323e+01 1.045514e+01 1.126364e+02
      vertex   7.283021e+01 1.385514e+01 1.124500e+02
      vertex   7.297323e+01 1.385514e+01 1.126364e+02
    endloop
  endfacet
  facet normal 6.087614e-01 0.000000e+00 -7.933533e-01
    outer loop
      vertex   7.297323e+01 1.045514e+01 1.126364e+02
      vertex   7.297323e+01 1.385514e+01 1.126364e+02
      vertex   7.315963e+01 1.045514e+01 1.127794e+02
    endloop
  endfacet
  facet normal 6.087614e-01 0.000000e+00 -7.933533e-01
    outer loop
      vertex   7.315963e+01 1.045514e+01 1.127794e+02
      vertex   7.297323e+01 1.385514e+01 1.126364e+02
      vertex   7.315963e+01 1.385514e+01 1.127794e+02
    endloop
  endfacet
  facet normal 3.826834e-01 0.000000e+00 -9.238795e-01
    outer loop
      vertex   7.315963e+01 1.045514e+01 1.127794e+02
      vertex   7.315963e+01 1.385514e+01 1.127794e+02
      vertex   7.337669e+01 1.045514e+01 1.128693e+02
    endloop
  endfacet
  facet normal 3.826834e-01 0.000000e+00 -9.238795e-01
    outer loop
      vertex   7.337669e+01 1.045514e+01 1.128693e+02
      vertex   7.315963e+01 1.385514e+01 1.127794e+02
      vertex   7.337669e+01 1.385514e+01 1.128693e+02
    endloop
  endfacet
  facet normal 1.305262e-01 0.000000e+00 -9.914449e-01
    outer loop
      vertex   7.337669e+01 1.045514e+01 1.128693e+02
      vertex   7.337669e+01 1.385514e+01 1.128693e+02
      vertex   7.360963e+01 1.045514e+01 1.129000e+02
    endloop
  endfacet
  facet normal 1.305262e-01 0.000000e+00 -9.914449e-01
    outer loop
      vertex   7.360963e+01 1.045514e+01 1.129000e+02
      vertex   7.337669e+01 1.385514e+01 1.128693e+02
      vertex   7.360963e+01 1.385514e+01 1.129000e+02
    endloop
  endfacet
  facet normal -1.305262e-01 0.000000e+00 -9.914449e-01
    outer loop
      vertex   7.360963e+01 1.045514e+01 1.129000e+02
      vertex   7.360963e+01 1.385514e+01 1.129000e+02
      vertex   7.384257e+01 1.045514e+01 1.128693e+02
    endloop
  endfacet
  facet normal -1.305262e-01 0.000000e+00 -9.914449e-01
    outer loop
      vertex   7.384257e+01 1.045514e+01 1.128693e+02
      vertex   7.360963e+01 1.385514e+01 1.129000e+02
      vertex   7.384257e+01 1.385514e+01 1.128693e+02
    endloop
  endfacet
  facet normal -3.826834e-01 0.000000e+00 -9.238795e-01
    outer loop
      vertex   7.384257e+01 1.045514e+01 1.128693e+02
      vertex   7.384257e+01 1.385514e+01 1.128693e+02
      vertex   7.405963e+01 1.045514e+01 1.127794e+02
    endloop
  endfacet
  facet normal -3.826834e-01 0.000000e+00 -9.238795e-01
    outer loop
      vertex   7.405963e+01 1.045514e+01 1.127794e+02
      vertex   7.384257e+01 1.385514e+01 1.128693e+02
      vertex   7.405963e+01 1.385514e+01 1.127794e+02
    endloop
  endfacet
  facet normal -6.087614e-01 0.000000e+00 -7.933533e-01
    outer loop
      vertex   7.405963e+01 1.045514e+01 1.127794e+02
      vertex   7.405963e+01 1.385514e+01 1.127794e+02
      vertex   7.424602e+01 1.045514e+01 1.126364e+02
    endloop
  endfacet
  facet normal -6.087614e-01 0.000000e+00 -7.933533e-01
    outer loop
      vertex   7.424602e+01 1.045514e+01 1.126364e+02
      vertex   7.405963e+01 1.385514e+01 1.127794e+02
      vertex   7.424602e+01 1.385514e+01 1.126364e+02
    endloop
  endfacet
  facet normal -7.933533e-01 0.000000e+00 -6.087614e-01
    outer loop
      vertex   7.424602e+01 1.045514e+01 1.126364e+02
      vertex   7.424602e+01 1.385514e+01 1.126364e+02
      vertex   7.438905e+01 1.045514e+01 1.124500e+02
    endloop
  endfacet
  facet normal -7.933533e-01 0.000000e+00 -6.087614e-01
    outer loop
      vertex   7.438905e+01 1.045514e+01 1.124500e+02
      vertex   7.424602e+01 1.385514e+01 1.126364e+02
      vertex   7.438905e+01 1.385514e+01 1.124500e+02
    endloop
  endfacet
  facet normal -9.238795e-01 0.000000e+00 -3.826834e-01
    outer loop
      vertex   7.438905e+01 1.045514e+01 1.124500e+02
      vertex   7.438905e+01 1.385514e+01 1.124500e+02
      vertex   7.447896e+01 1.045514e+01 1.122329e+02
    endloop
  endfacet
  facet normal -9.238795e-01 0.000000e+00 -3.826834e-01
    outer loop
      vertex   7.447896e+01 1.045514e+01 1.122329e+02
      vertex   7.438905e+01 1.385514e+01 1.124500e+02
      vertex   7.447896e+01 1.385514e+01 1.122329e+02
    endloop
  endfacet
  facet normal 0.000000e+00 0.000000e+00 -1.000000e+00
    outer loop
      vertex   7.420963e+01 1.385514e+01 1.060000e+02
      vertex   7.653778e+01 1.385514e+01 1.060000e+02
      vertex   7.420963e+01 1.045514e+01 1.060000e+02
    endloop
  endfacet
  facet normal 0.000000e+00 0.000000e+00 -1.000000e+00
    outer loop
      vertex   7.420963e+01 1.045514e+01 1.060000e+02
      vertex   7.653778e+01 1.385514e+01 1.060000e+02
      vertex   7.653778e+01 1.045514e+01 1.060000e+02
    endloop
  endfacet
  facet normal 9.914449e-01 0.000000e+00 -1.305262e-01
    outer loop
      vertex   7.300963e+01 1.045514e+01 1.060000e+02
      vertex   7.300963e+01 1.385514e+01 1.060000e+02
      vertex   7.303007e+01 1.045514e+01 1.061553e+02
    endloop
  endfacet
  facet normal 9.914449e-01 0.000000e+00 -1.305262e-01
    outer loop
      vertex   7.303007e+01 1.045514e+01 1.061553e+02
      vertex   7.300963e+01 1.385514e+01 1.060000e+02
      vertex   7.303007e+01 1.385514e+01 1.061553e+02
    endloop
  endfacet
  facet normal 9.238795e-01 0.000000e+00 -3.826834e-01
    outer loop
      vertex   7.303007e+01 1.045514e+01 1.061553e+02
      vertex   7.303007e+01 1.385514e+01 1.061553e+02
      vertex   7.309001e+01 1.045514e+01 1.063000e+02
    endloop
  endfacet
  facet normal 9.238795e-01 0.000000e+00 -3.826834e-01
    outer loop
      vertex   7.309001e+01 1.045514e+01 1.063000e+02
      vertex   7.303007e+01 1.385514e+01 1.061553e+02
      vertex   7.309001e+01 1.385514e+01 1.063000e+02
    endloop
  endfacet
  facet normal 7.933533e-01 0.000000e+00 -6.087614e-01
    outer loop
      vertex   7.309001e+01 1.045514e+01 1.063000e+02
      vertex   7.309001e+01 1.385514e+01 1.063000e+02
      vertex   7.318536e+01 1.045514e+01 1.064243e+02
    endloop
  endfacet
  facet normal 7.933533e-01 0.000000e+00 -6.087614e-01
    outer loop
      vertex   7.318536e+01 1.045514e+01 1.064243e+02
      vertex   7.309001e+01 1.385514e+01 1.063000e+02
      vertex   7.318536e+01 1.385514e+01 1.064243e+02
    endloop
  endfacet
  facet normal 6.087614e-01 0.000000e+00 -7.933533e-01
    outer loop
      vertex   7.318536e+01 1.045514e+01 1.064243e+02
      vertex   7.318536e+01 1.385514e+01 1.064243e+02
      vertex   7.330963e+01 1.045514e+01 1.065196e+02
    endloop
  endfacet
  facet normal 6.087614e-01 0.000000e+00 -7.933533e-01
    outer loop
      vertex   7.330963e+01 1.045514e+01 1.065196e+02
      vertex   7.318536e+01 1.385514e+01 1.064243e+02
      vertex   7.330963e+01 1.385514e+01 1.065196e+02
    endloop
  endfacet
  facet normal 3.826834e-01 0.000000e+00 -9.238795e-01
    outer loop
      vertex   7.330963e+01 1.045514e+01 1.065196e+02
      vertex   7.330963e+01 1.385514e+01 1.065196e+02
      vertex   7.345434e+01 1.045514e+01 1.065796e+02
    endloop
  endfacet
  facet normal 3.826834e-01 0.000000e+00 -9.238795e-01
    outer loop
      vertex   7.345434e+01 1.045514e+01 1.065796e+02
      vertex   7.330963e+01 1.385514e+01 1.065196e+02
      vertex   7.345434e+01 1.385514e+01 1.065796e+02
    endloop
  endfacet
  facet normal 1.305262e-01 0.000000e+00 -9.914449e-01
    outer loop
      vertex   7.345434e+01 1.045514e+01 1.065796e+02
      vertex   7.345434e+01 1.385514e+01 1.065796e+02
      vertex   7.360963e+01 1.045514e+01 1.066000e+02
    endloop
  endfacet
  facet normal 1.305262e-01 0.000000e+00 -9.914449e-01
    outer loop
      vertex   7.360963e+01 1.045514e+01 1.066000e+02
      vertex   7.345434e+01 1.385514e+01 1.065796e+02
      vertex   7.360963e+01 1.385514e+01 1.066000e+02
    endloop
  endfacet
  facet normal -1.305262e-01 0.000000e+00 -9.914449e-01
    outer loop
      vertex   7.360963e+01 1.045514e+01 1.066000e+02
      vertex   7.360963e+01 1.385514e+01 1.066000e+02
      vertex   7.376492e+01 1.045514e+01 1.065796e+02
    endloop
  endfacet
  facet normal -1.305262e-01 0.000000e+00 -9.914449e-01
    outer loop
      vertex   7.376492e+01 1.045514e+01 1.065796e+02
      vertex   7.360963e+01 1.385514e+01 1.066000e+02
      vertex   7.376492e+01 1.385514e+01 1.065796e+02
    endloop
  endfacet
  facet normal -3.826834e-01 0.000000e+00 -9.238795e-01
    outer loop
      vertex   7.376492e+01 1.045514e+01 1.065796e+02
      vertex   7.376492e+01 1.385514e+01 1.065796e+02
      vertex   7.390963e+01 1.045514e+01 1.065196e+02
    endloop
  endfacet
  facet normal -3.826834e-01 0.000000e+00 -9.238795e-01
    outer loop
      vertex   7.390963e+01 1.045514e+01 1.065196e+02
      vertex   7.376492e+01 1.385514e+01 1.065796e+02
      vertex   7.390963e+01 1.385514e+01 1.065196e+02
    endloop
  endfacet
  facet normal -6.087614e-01 0.000000e+00 -7.933533e-01
    outer loop
      vertex   7.390963e+01 1.045514e+01 1.065196e+02
      vertex   7.390963e+01 1.385514e+01 1.065196e+02
      vertex   7.403389e+01 1.045514e+01 1.064243e+02
    endloop
  endfacet
  facet normal -6.087614e-01 0.000000e+00 -7.933533e-01
    outer loop
      vertex   7.403389e+01 1.045514e+01 1.064243e+02
      vertex   7.390963e+01 1.385514e+01 1.065196e+02
      vertex   7.403389e+01 1.385514e+01 1.064243e+02
    endloop
  endfacet
  facet normal -7.933533e-01 0.000000e+00 -6.087614e-01
    outer loop
      vertex   7.403389e+01 1.045514e+01 1.064243e+02
      vertex   7.403389e+01 1.385514e+01 1.064243e+02
      vertex   7.412924e+01 1.045514e+01 1.063000e+02
    endloop
  endfacet
  facet normal -7.933533e-01 0.000000e+00 -6.087614e-01
    outer loop
      vertex   7.412924e+01 1.045514e+01 1.063000e+02
      vertex   7.403389e+01 1.385514e+01 1.064243e+02
      vertex   7.412924e+01 1.385514e+01 1.063000e+02
    endloop
  endfacet
  facet normal -9.238795e-01 0.000000e+00 -3.826834e-01
    outer loop
      vertex   7.412924e+01 1.045514e+01 1.063000e+02
      vertex   7.412924e+01 1.385514e+01 1.063000e+02
      vertex   7.418918e+01 1.045514e+01 1.061553e+02
    endloop
  endfacet
  facet normal -9.238795e-01 0.000000e+00 -3.826834e-01
    outer loop
      vertex   7.418918e+01 1.045514e+01 1.061553e+02
      vertex   7.412924e+01 1.385514e+01 1.063000e+02
      vertex   7.418918e+01 1.385514e+01 1.061553e+02
    endloop
  endfacet
  facet normal -9.914449e-01 0.000000e+00 -1.305262e-01
    outer loop
      vertex   7.418918e+01 1.045514e+01 1.061553e+02
      vertex   7.418918e+01 1.385514e+01 1.061553e+02
      vertex   7.420963e+01 1.045514e+01 1.060000e+02
    endloop
  endfacet
  facet normal -9.914449e-01 0.000000e+00 -1.305262e-01
    outer loop
      vertex   7.420963e+01 1.045514e+01 1.060000e+02
      vertex   7.418918e+01 1.385514e+01 1.061553e+02
      vertex   7.420963e+01 1.385514e+01 1.060000e+02
    endloop
  endfacet
  facet normal 0.000000e+00 0.000000e+00 -1.000000e+00
    outer loop
      vertex   7.068148e+01 1.385514e+01 1.060000e+02
      vertex   7.300963e+01 1.385514e+01 1.060000e+02
      vertex   7.068148e+01 1.045514e+01 1.060000e+02
    endloop
  endfacet
  facet normal 0.000000e+00 0.000000e+00 -1.000000e+00
    outer loop
      vertex   7.068148e+01 1.045514e+01 1.060000e+02
      vertex   7.300963e+01 1.385514e+01 1.060000e+02
      vertex   7.300963e+01 1.045514e+01 1.060000e+02
    endloop
  endfacet
  facet normal -0.000000e+00 1.000000e+00 0.000000e+00
    outer loop
      vertex   7.447896e+01 1.385514e+01 1.122329e+02
      vertex   7.600605e+01 1.385514e+01 1.157309e+02
      vertex   7.450963e+01 1.385514e+01 1.120000e+02
    endloop
  endfacet
  facet normal -0.000000e+00 1.000000e+00 0.000000e+00
    outer loop
      vertex   7.450963e+01 1.385514e+01 1.120000e+02
      vertex   7.600605e+01 1.385514e+01 1.157309e+02
      vertex   7.653778e+01 1.385514e+01 1.060000e+02
    endloop
  endfacet
  facet normal 0.000000e+00 1.000000e+00 0.000000e+00
    outer loop
      vertex   7.450963e+01 1.385514e+01 1.120000e+02
      vertex   7.653778e+01 1.385514e+01 1.060000e+02
      vertex   7.447896e+01 1.385514e+01 1.117671e+02
    endloop
  endfacet
  facet normal 0.000000e+00 1.000000e+00 0.000000e+00
    outer loop
      vertex   7.447896e+01 1.385514e+01 1.117671e+02
      vertex   7.653778e+01 1.385514e+01 1.060000e+02
      vertex   7.447896e+01 1.385514e+01 1.082329e+02
    endloop
  endfacet
  facet normal 0.000000e+00 1.000000e+00 0.000000e+00
    outer loop
      vertex   7.447896e+01 1.385514e+01 1.117671e+02
      vertex   7.447896e+01 1.385514e+01 1.082329e+02
      vertex   7.438905e+01 1.385514e+01 1.084500e+02
    endloop
  endfacet
  facet normal 0.000000e+00 1.000000e+00 -0.000000e+00
    outer loop
      vertex   7.447896e+01 1.385514e+01 1.122329e+02
      vertex   7.438905e+01 1.385514e+01 1.124500e+02
      vertex   7.600605e+01 1.385514e+01 1.157309e+02
    endloop
  endfacet
  facet normal 0.000000e+00 1.000000e+00 0.000000e+00
    outer loop
      vertex   7.600605e+01 1.385514e+01 1.157309e+02
      vertex   7.438905e+01 1.385514e+01 1.124500e+02
      vertex   7.438905e+01 1.385514e+01 1.155500e+02
    endloop
  endfacet
  facet normal 0.000000e+00 1.000000e+00 0.000000e+00
    outer loop
      vertex   7.600605e+01 1.385514e+01 1.157309e+02
      vertex   7.438905e+01 1.385514e+01 1.155500e+02
      vertex   7.447896e+01 1.385514e+01 1.157671e+02
    endloop
  endfacet
  facet normal 0.000000e+00 1.000000e+00 0.000000e+00
    outer loop
      vertex   7.438905e+01 1.385514e+01 1.155500e+02
      vertex   7.438905e+01 1.385514e+01 1.124500e+02
      vertex   7.424602e+01 1.385514e+01 1.153636e+02
    endloop
  endfacet
  facet normal 0.000000e+00 1.000000e+00 0.000000e+00
    outer loop
      vertex   7.424602e+01 1.385514e+01 1.153636e+02
      vertex   7.438905e+01 1.385514e+01 1.124500e+02
      vertex   7.424602e+01 1.385514e+01 1.126364e+02
    endloop
  endfacet
  facet normal 0.000000e+00 1.000000e+00 0.000000e+00
    outer loop
      vertex   7.424602e+01 1.385514e+01 1.153636e+02
      vertex   7.424602e+01 1.385514e+01 1.126364e+02
      vertex   7.405963e+01 1.385514e+01 1.152206e+02
    endloop
  endfacet
  facet normal 0.000000e+00 1.000000e+00 0.000000e+00
    outer loop
      vertex   7.405963e+01 1.385514e+01 1.152206e+02
      vertex   7.424602e+01 1.385514e+01 1.126364e+02
      vertex   7.405963e+01 1.385514e+01 1.127794e+02
    endloop
  endfacet
  facet normal 0.000000e+00 1.000000e+00 0.000000e+00
    outer loop
      vertex   7.405963e+01 1.385514e+01 1.152206e+02
      vertex   7.405963e+01 1.385514e+01 1.127794e+02
      vertex   7.384257e+01 1.385514e+01 1.151307e+02
    endloop
  endfacet
  facet normal 0.000000e+00 1.000000e+00 0.000000e+00
    outer loop
      vertex   7.384257e+01 1.385514e+01 1.151307e+02
      vertex   7.405963e+01 1.385514e+01 1.127794e+02
      vertex   7.384257e+01 1.385514e+01 1.128693e+02
    endloop
  endfacet
  facet normal 0.000000e+00 1.000000e+00 0.000000e+00
    outer loop
      vertex   7.384257e+01 1.385514e+01 1.151307e+02
      vertex   7.384257e+01 1.385514e+01 1.128693e+02
      vertex   7.360963e+01 1.385514e+01 1.151000e+02
    endloop
  endfacet
  facet normal 0.000000e+00 1.000000e+00 0.000000e+00
    outer loop
      vertex   7.360963e+01 1.385514e+01 1.151000e+02
      vertex   7.384257e+01 1.385514e+01 1.128693e+02
      vertex   7.360963e+01 1.385514e+01 1.129000e+02
    endloop
  endfacet
  facet normal 0.000000e+00 1.000000e+00 0.000000e+00
    outer loop
      vertex   7.360963e+01 1.385514e+01 1.151000e+02
      vertex   7.360963e+01 1.385514e+01 1.129000e+02
      vertex   7.337669e+01 1.385514e+01 1.128693e+02
    endloop
  endfacet
  facet normal 0.000000e+00 1.000000e+00 0.000000e+00
    outer loop
      vertex   7.360963e+01 1.385514e+01 1.151000e+02
      vertex   7.337669e+01 1.385514e+01 1.128693e+02
      vertex   7.337669e+01 1.385514e+01 1.151307e+02
    endloop
  endfacet
  facet normal 0.000000e+00 1.000000e+00 0.000000e+00
    outer loop
      vertex   7.337669e+01 1.385514e+01 1.151307e+02
      vertex   7.337669e+01 1.385514e+01 1.128693e+02
      vertex   7.315963e+01 1.385514e+01 1.127794e+02
    endloop
  endfacet
  facet normal 0.000000e+00 1.000000e+00 0.000000e+00
    outer loop
      vertex   7.337669e+01 1.385514e+01 1.151307e+02
      vertex   7.315963e+01 1.385514e+01 1.127794e+02
      vertex   7.315963e+01 1.385514e+01 1.152206e+02
    endloop
  endfacet
  facet normal 0.000000e+00 1.000000e+00 0.000000e+00
    outer loop
      vertex   7.315963e+01 1.385514e+01 1.152206e+02
      vertex   7.315963e+01 1.385514e+01 1.127794e+02
      vertex   7.297323e+01 1.385514e+01 1.126364e+02
    endloop
  endfacet
  facet normal 0.000000e+00 1.000000e+00 0.000000e+00
    outer loop
      vertex   7.315963e+01 1.385514e+01 1.152206e+02
      vertex   7.297323e+01 1.385514e+01 1.126364e+02
      vertex   7.297323e+01 1.385514e+01 1.153636e+02
    endloop
  endfacet
  facet normal 0.000000e+00 1.000000e+00 0.000000e+00
    outer loop
      vertex   7.297323e+01 1.385514e+01 1.153636e+02
      vertex   7.297323e+01 1.385514e+01 1.126364e+02
      vertex   7.283021e+01 1.385514e+01 1.124500e+02
    endloop
  endfacet
  facet normal 0.000000e+00 1.000000e+00 0.000000e+00
    outer loop
      vertex   7.297323e+01 1.385514e+01 1.153636e+02
      vertex   7.283021e+01 1.385514e+01 1.124500e+02
      vertex   7.283021e+01 1.385514e+01 1.155500e+02
    endloop
  endfacet
  facet normal 0.000000e+00 1.000000e+00 0.000000e+00
    outer loop
      vertex   7.283021e+01 1.385514e+01 1.155500e+02
      vertex   7.283021e+01 1.385514e+01 1.124500e+02
      vertex   7.121320e+01 1.385514e+01 1.157309e+02
    endloop
  endfacet
  facet normal 0.000000e+00 1.000000e+00 0.000000e+00
    outer loop
      vertex   7.283021e+01 1.385514e+01 1.155500e+02
      vertex   7.121320e+01 1.385514e+01 1.157309e+02
      vertex   7.274029e+01 1.385514e+01 1.157671e+02
    endloop
  endfacet
  facet normal 0.000000e+00 1.000000e+00 0.000000e+00
    outer loop
      vertex   7.274029e+01 1.385514e+01 1.157671e+02
      vertex   7.121320e+01 1.385514e+01 1.157309e+02
      vertex   7.270963e+01 1.385514e+01 1.160000e+02
    endloop
  endfacet
  facet normal 0.000000e+00 1.000000e+00 0.000000e+00
    outer loop
      vertex   7.270963e+01 1.385514e+01 1.160000e+02
      vertex   7.121320e+01 1.385514e+01 1.157309e+02
      vertex   7.127446e+01 1.385514e+01 1.161541e+02
    endloop
  endfacet
  facet normal 0.000000e+00 1.000000e+00 0.000000e+00
    outer loop
      vertex   7.270963e+01 1.385514e+01 1.160000e+02
      vertex   7.127446e+01 1.385514e+01 1.161541e+02
      vertex   7.140982e+01 1.385514e+01 1.165596e+02
    endloop
  endfacet
  facet normal 0.000000e+00 1.000000e+00 0.000000e+00
    outer loop
      vertex   7.283021e+01 1.385514e+01 1.124500e+02
      vertex   7.274029e+01 1.385514e+01 1.122329e+02
      vertex   7.121320e+01 1.385514e+01 1.157309e+02
    endloop
  endfacet
  facet normal 0.000000e+00 1.000000e+00 0.000000e+00
    outer loop
      vertex   7.121320e+01 1.385514e+01 1.157309e+02
      vertex   7.274029e+01 1.385514e+01 1.122329e+02
      vertex   7.270963e+01 1.385514e+01 1.120000e+02
    endloop
  endfacet
  facet normal 0.000000e+00 1.000000e+00 0.000000e+00
    outer loop
      vertex   7.121320e+01 1.385514e+01 1.157309e+02
      vertex   7.270963e+01 1.385514e+01 1.120000e+02
      vertex   7.068148e+01 1.385514e+01 1.060000e+02
    endloop
  endfacet
  facet normal 0.000000e+00 1.000000e+00 0.000000e+00
    outer loop
      vertex   7.068148e+01 1.385514e+01 1.060000e+02
      vertex   7.270963e+01 1.385514e+01 1.120000e+02
      vertex   7.274029e+01 1.385514e+01 1.117671e+02
    endloop
  endfacet
  facet normal 0.000000e+00 1.000000e+00 0.000000e+00
    outer loop
      vertex   7.068148e+01 1.385514e+01 1.060000e+02
      vertex   7.274029e+01 1.385514e+01 1.117671e+02
      vertex   7.274029e+01 1.385514e+01 1.082329e+02
    endloop
  endfacet
  facet normal 0.000000e+00 1.000000e+00 0.000000e+00
    outer loop
      vertex   7.274029e+01 1.385514e+01 1.082329e+02
      vertex   7.274029e+01 1.385514e+01 1.117671e+02
      vertex   7.283021e+01 1.385514e+01 1.084500e+02
    endloop
  endfacet
  facet normal 0.000000e+00 1.000000e+00 -0.000000e+00
    outer loop
      vertex   7.283021e+01 1.385514e+01 1.084500e+02
      vertex   7.274029e+01 1.385514e+01 1.117671e+02
      vertex   7.283021e+01 1.385514e+01 1.115500e+02
    endloop
  endfacet
  facet normal 0.000000e+00 1.000000e+00 0.000000e+00
    outer loop
      vertex   7.283021e+01 1.385514e+01 1.084500e+02
      vertex   7.283021e+01 1.385514e+01 1.115500e+02
      vertex   7.297323e+01 1.385514e+01 1.086364e+02
    endloop
  endfacet
  facet normal 0.000000e+00 1.000000e+00 -0.000000e+00
    outer loop
      vertex   7.297323e+01 1.385514e+01 1.086364e+02
      vertex   7.283021e+01 1.385514e+01 1.115500e+02
      vertex   7.297323e+01 1.385514e+01 1.113636e+02
    endloop
  endfacet
  facet normal 0.000000e+00 1.000000e+00 0.000000e+00
    outer loop
      vertex   7.297323e+01 1.385514e+01 1.086364e+02
      vertex   7.297323e+01 1.385514e+01 1.113636e+02
      vertex   7.315963e+01 1.385514e+01 1.112206e+02
    endloop
  endfacet
  facet normal 0.000000e+00 1.000000e+00 0.000000e+00
    outer loop
      vertex   7.297323e+01 1.385514e+01 1.086364e+02
      vertex   7.315963e+01 1.385514e+01 1.112206e+02
      vertex   7.315963e+01 1.385514e+01 1.087794e+02
    endloop
  endfacet
  facet normal 0.000000e+00 1.000000e+00 0.000000e+00
    outer loop
      vertex   7.315963e+01 1.385514e+01 1.087794e+02
      vertex   7.315963e+01 1.385514e+01 1.112206e+02
      vertex   7.337669e+01 1.385514e+01 1.111307e+02
    endloop
  endfacet
  facet normal 0.000000e+00 1.000000e+00 0.000000e+00
    outer loop
      vertex   7.315963e+01 1.385514e+01 1.087794e+02
      vertex   7.337669e+01 1.385514e+01 1.111307e+02
      vertex   7.337669e+01 1.385514e+01 1.088693e+02
    endloop
  endfacet
  facet normal 0.000000e+00 1.000000e+00 0.000000e+00
    outer loop
      vertex   7.337669e+01 1.385514e+01 1.088693e+02
      vertex   7.337669e+01 1.385514e+01 1.111307e+02
      vertex   7.360963e+01 1.385514e+01 1.111000e+02
    endloop
  endfacet
  facet normal 0.000000e+00 1.000000e+00 0.000000e+00
    outer loop
      vertex   7.337669e+01 1.385514e+01 1.088693e+02
      vertex   7.360963e+01 1.385514e+01 1.111000e+02
      vertex   7.360963e+01 1.385514e+01 1.089000e+02
    endloop
  endfacet
  facet normal -0.000000e+00 1.000000e+00 0.000000e+00
    outer loop
      vertex   7.360963e+01 1.385514e+01 1.089000e+02
      vertex   7.360963e+01 1.385514e+01 1.111000e+02
      vertex   7.384257e+01 1.385514e+01 1.088693e+02
    endloop
  endfacet
  facet normal 0.000000e+00 1.000000e+00 -0.000000e+00
    outer loop
      vertex   7.384257e+01 1.385514e+01 1.088693e+02
      vertex   7.360963e+01 1.385514e+01 1.111000e+02
      vertex   7.384257e+01 1.385514e+01 1.111307e+02
    endloop
  endfacet
  facet normal -0.000000e+00 1.000000e+00 0.000000e+00
    outer loop
      vertex   7.384257e+01 1.385514e+01 1.088693e+02
      vertex   7.384257e+01 1.385514e+01 1.111307e+02
      vertex   7.405963e+01 1.385514e+01 1.087794e+02
    endloop
  endfacet
  facet normal 0.000000e+00 1.000000e+00 -0.000000e+00
    outer loop
      vertex   7.405963e+01 1.385514e+01 1.087794e+02
      vertex   7.384257e+01 1.385514e+01 1.111307e+02
      vertex   7.405963e+01 1.385514e+01 1.112206e+02
    endloop
  endfacet
  facet normal -0.000000e+00 1.000000e+00 0.000000e+00
    outer loop
      vertex   7.405963e+01 1.385514e+01 1.087794e+02
      vertex   7.405963e+01 1.385514e+01 1.112206e+02
      vertex   7.424602e+01 1.385514e+01 1.086364e+02
    endloop
  endfacet
  facet normal 0.000000e+00 1.000000e+00 -0.000000e+00
    outer loop
      vertex   7.424602e+01 1.385514e+01 1.086364e+02
      vertex   7.405963e+01 1.385514e+01 1.112206e+02
      vertex   7.424602e+01 1.385514e+01 1.113636e+02
    endloop
  endfacet
  facet normal 0.000000e+00 1.000000e+00 0.000000e+00
    outer loop
      vertex   7.424602e+01 1.385514e+01 1.086364e+02
      vertex   7.424602e+01 1.385514e+01 1.113636e+02
      vertex   7.438905e+01 1.385514e+01 1.115500e+02
    endloop
  endfacet
  facet normal -0.000000e+00 1.000000e+00 0.000000e+00
    outer loop
      vertex   7.424602e+01 1.385514e+01 1.086364e+02
      vertex   7.438905e+01 1.385514e+01 1.115500e+02
      vertex   7.438905e+01 1.385514e+01 1.084500e+02
    endloop
  endfacet
  facet normal 0.000000e+00 1.000000e+00 0.000000e+00
    outer loop
      vertex   7.438905e+01 1.385514e+01 1.084500e+02
      vertex   7.438905e+01 1.385514e+01 1.115500e+02
      vertex   7.447896e+01 1.385514e+01 1.117671e+02
    endloop
  endfacet
  facet normal -0.000000e+00 1.000000e+00 0.000000e+00
    outer loop
      vertex   7.447896e+01 1.385514e+01 1.077671e+02
      vertex   7.450963e+01 1.385514e+01 1.080000e+02
      vertex   7.653778e+01 1.385514e+01 1.060000e+02
    endloop
  endfacet
  facet normal 0.000000e+00 1.000000e+00 0.000000e+00
    outer loop
      vertex   7.653778e+01 1.385514e+01 1.060000e+02
      vertex   7.450963e+01 1.385514e+01 1.080000e+02
      vertex   7.447896e+01 1.385514e+01 1.082329e+02
    endloop
  endfacet
  facet normal 0.000000e+00 1.000000e+00 0.000000e+00
    outer loop
      vertex   7.274029e+01 1.385514e+01 1.082329e+02
      vertex   7.270963e+01 1.385514e+01 1.080000e+02
      vertex   7.068148e+01 1.385514e+01 1.060000e+02
    endloop
  endfacet
  facet normal 0.000000e+00 1.000000e+00 0.000000e+00
    outer loop
      vertex   7.068148e+01 1.385514e+01 1.060000e+02
      vertex   7.270963e+01 1.385514e+01 1.080000e+02
      vertex   7.274029e+01 1.385514e+01 1.077671e+02
    endloop
  endfacet
  facet normal 0.000000e+00 1.000000e+00 0.000000e+00
    outer loop
      vertex   7.068148e+01 1.385514e+01 1.060000e+02
      vertex   7.274029e+01 1.385514e+01 1.077671e+02
      vertex   7.300963e+01 1.385514e+01 1.060000e+02
    endloop
  endfacet
  facet normal 0.000000e+00 1.000000e+00 0.000000e+00
    outer loop
      vertex   7.300963e+01 1.385514e+01 1.060000e+02
      vertex   7.274029e+01 1.385514e+01 1.077671e+02
      vertex   7.283021e+01 1.385514e+01 1.075500e+02
    endloop
  endfacet
  facet normal 0.000000e+00 1.000000e+00 -0.000000e+00
    outer loop
      vertex   7.300963e+01 1.385514e+01 1.060000e+02
      vertex   7.283021e+01 1.385514e+01 1.075500e+02
      vertex   7.303007e+01 1.385514e+01 1.061553e+02
    endloop
  endfacet
  facet normal 0.000000e+00 1.000000e+00 0.000000e+00
    outer loop
      vertex   7.303007e+01 1.385514e+01 1.061553e+02
      vertex   7.283021e+01 1.385514e+01 1.075500e+02
      vertex   7.297323e+01 1.385514e+01 1.073636e+02
    endloop
  endfacet
  facet normal 0.000000e+00 1.000000e+00 -0.000000e+00
    outer loop
      vertex   7.303007e+01 1.385514e+01 1.061553e+02
      vertex   7.297323e+01 1.385514e+01 1.073636e+02
      vertex   7.309001e+01 1.385514e+01 1.063000e+02
    endloop
  endfacet
  facet normal 0.000000e+00 1.000000e+00 -0.000000e+00
    outer loop
      vertex   7.309001e+01 1.385514e+01 1.063000e+02
      vertex   7.297323e+01 1.385514e+01 1.073636e+02
      vertex   7.315963e+01 1.385514e+01 1.072206e+02
    endloop
  endfacet
  facet normal 0.000000e+00 1.000000e+00 0.000000e+00
    outer loop
      vertex   7.309001e+01 1.385514e+01 1.063000e+02
      vertex   7.315963e+01 1.385514e+01 1.072206e+02
      vertex   7.318536e+01 1.385514e+01 1.064243e+02
    endloop
  endfacet
  facet normal 0.000000e+00 1.000000e+00 -0.000000e+00
    outer loop
      vertex   7.318536e+01 1.385514e+01 1.064243e+02
      vertex   7.315963e+01 1.385514e+01 1.072206e+02
      vertex   7.330963e+01 1.385514e+01 1.065196e+02
    endloop
  endfacet
  facet normal 0.000000e+00 1.000000e+00 -0.000000e+00
    outer loop
      vertex   7.330963e+01 1.385514e+01 1.065196e+02
      vertex   7.315963e+01 1.385514e+01 1.072206e+02
      vertex   7.337669e+01 1.385514e+01 1.071307e+02
    endloop
  endfacet
  facet normal 0.000000e+00 1.000000e+00 0.000000e+00
    outer loop
      vertex   7.330963e+01 1.385514e+01 1.065196e+02
      vertex   7.337669e+01 1.385514e+01 1.071307e+02
      vertex   7.345434e+01 1.385514e+01 1.065796e+02
    endloop
  endfacet
  facet normal 0.000000e+00 1.000000e+00 -0.000000e+00
    outer loop
      vertex   7.345434e+01 1.385514e+01 1.065796e+02
      vertex   7.337669e+01 1.385514e+01 1.071307e+02
      vertex   7.360963e+01 1.385514e+01 1.071000e+02
    endloop
  endfacet
  facet normal 0.000000e+00 1.000000e+00 0.000000e+00
    outer loop
      vertex   7.345434e+01 1.385514e+01 1.065796e+02
      vertex   7.360963e+01 1.385514e+01 1.071000e+02
      vertex   7.360963e+01 1.385514e+01 1.066000e+02
    endloop
  endfacet
  facet normal -0.000000e+00 1.000000e+00 0.000000e+00
    outer loop
      vertex   7.360963e+01 1.385514e+01 1.066000e+02
      vertex   7.360963e+01 1.385514e+01 1.071000e+02
      vertex   7.376492e+01 1.385514e+01 1.065796e+02
    endloop
  endfacet
  facet normal 0.000000e+00 1.000000e+00 -0.000000e+00
    outer loop
      vertex   7.376492e+01 1.385514e+01 1.065796e+02
      vertex   7.360963e+01 1.385514e+01 1.071000e+02
      vertex   7.384257e+01 1.385514e+01 1.071307e+02
    endloop
  endfacet
  facet normal -0.000000e+00 1.000000e+00 0.000000e+00
    outer loop
      vertex   7.376492e+01 1.385514e+01 1.065796e+02
      vertex   7.384257e+01 1.385514e+01 1.071307e+02
      vertex   7.390963e+01 1.385514e+01 1.065196e+02
    endloop
  endfacet
  facet normal 0.000000e+00 1.000000e+00 -0.000000e+00
    outer loop
      vertex   7.390963e+01 1.385514e+01 1.065196e+02
      vertex   7.384257e+01 1.385514e+01 1.071307e+02
      vertex   7.405963e+01 1.385514e+01 1.072206e+02
    endloop
  endfacet
  facet normal -0.000000e+00 1.000000e+00 0.000000e+00
    outer loop
      vertex   7.390963e+01 1.385514e+01 1.065196e+02
      vertex   7.405963e+01 1.385514e+01 1.072206e+02
      vertex   7.403389e+01 1.385514e+01 1.064243e+02
    endloop
  endfacet
  facet normal -0.000000e+00 1.000000e+00 0.000000e+00
    outer loop
      vertex   7.403389e+01 1.385514e+01 1.064243e+02
      vertex   7.405963e+01 1.385514e+01 1.072206e+02
      vertex   7.412924e+01 1.385514e+01 1.063000e+02
    endloop
  endfacet
  facet normal 0.000000e+00 1.000000e+00 -0.000000e+00
    outer loop
      vertex   7.412924e+01 1.385514e+01 1.063000e+02
      vertex   7.405963e+01 1.385514e+01 1.072206e+02
      vertex   7.424602e+01 1.385514e+01 1.073636e+02
    endloop
  endfacet
  facet normal -0.000000e+00 1.000000e+00 0.000000e+00
    outer loop
      vertex   7.412924e+01 1.385514e+01 1.063000e+02
      vertex   7.424602e+01 1.385514e+01 1.073636e+02
      vertex   7.418918e+01 1.385514e+01 1.061553e+02
    endloop
  endfacet
  facet normal 0.000000e+00 1.000000e+00 0.000000e+00
    outer loop
      vertex   7.418918e+01 1.385514e+01 1.061553e+02
      vertex   7.424602e+01 1.385514e+01 1.073636e+02
      vertex   7.438905e+01 1.385514e+01 1.075500e+02
    endloop
  endfacet
  facet normal -0.000000e+00 1.000000e+00 0.000000e+00
    outer loop
      vertex   7.418918e+01 1.385514e+01 1.061553e+02
      vertex   7.438905e+01 1.385514e+01 1.075500e+02
      vertex   7.420963e+01 1.385514e+01 1.060000e+02
    endloop
  endfacet
  facet normal 0.000000e+00 1.000000e+00 0.000000e+00
    outer loop
      vertex   7.420963e+01 1.385514e+01 1.060000e+02
      vertex   7.438905e+01 1.385514e+01 1.075500e+02
      vertex   7.447896e+01 1.385514e+01 1.077671e+02
    endloop
  endfacet
  facet normal 0.000000e+00 1.000000e+00 0.000000e+00
    outer loop
      vertex   7.420963e+01 1.385514e+01 1.060000e+02
      vertex   7.447896e+01 1.385514e+01 1.077671e+02
      vertex   7.653778e+01 1.385514e+01 1.060000e+02
    endloop
  endfacet
  facet normal -0.000000e+00 1.000000e+00 0.000000e+00
    outer loop
      vertex   7.447896e+01 1.385514e+01 1.162329e+02
      vertex   7.533579e+01 1.385514e+01 1.172674e+02
      vertex   7.450963e+01 1.385514e+01 1.160000e+02
    endloop
  endfacet
  facet normal 0.000000e+00 1.000000e+00 0.000000e+00
    outer loop
      vertex   7.450963e+01 1.385514e+01 1.160000e+02
      vertex   7.533579e+01 1.385514e+01 1.172674e+02
      vertex   7.560426e+01 1.385514e+01 1.169347e+02
    endloop
  endfacet
  facet normal 0.000000e+00 1.000000e+00 0.000000e+00
    outer loop
      vertex   7.450963e+01 1.385514e+01 1.160000e+02
      vertex   7.560426e+01 1.385514e+01 1.169347e+02
      vertex   7.580943e+01 1.385514e+01 1.165596e+02
    endloop
  endfacet
  facet normal 0.000000e+00 1.000000e+00 0.000000e+00
    outer loop
      vertex   7.533579e+01 1.385514e+01 1.172674e+02
      vertex   7.447896e+01 1.385514e+01 1.162329e+02
      vertex   7.501254e+01 1.385514e+01 1.175473e+02
    endloop
  endfacet
  facet normal 0.000000e+00 1.000000e+00 0.000000e+00
    outer loop
      vertex   7.501254e+01 1.385514e+01 1.175473e+02
      vertex   7.447896e+01 1.385514e+01 1.162329e+02
      vertex   7.438905e+01 1.385514e+01 1.164500e+02
    endloop
  endfacet
  facet normal 0.000000e+00 1.000000e+00 0.000000e+00
    outer loop
      vertex   7.501254e+01 1.385514e+01 1.175473e+02
      vertex   7.438905e+01 1.385514e+01 1.164500e+02
      vertex   7.464477e+01 1.385514e+01 1.177653e+02
    endloop
  endfacet
  facet normal 0.000000e+00 1.000000e+00 0.000000e+00
    outer loop
      vertex   7.464477e+01 1.385514e+01 1.177653e+02
      vertex   7.438905e+01 1.385514e+01 1.164500e+02
      vertex   7.424602e+01 1.385514e+01 1.166364e+02
    endloop
  endfacet
  facet normal 0.000000e+00 1.000000e+00 0.000000e+00
    outer loop
      vertex   7.464477e+01 1.385514e+01 1.177653e+02
      vertex   7.424602e+01 1.385514e+01 1.166364e+02
      vertex   7.424415e+01 1.385514e+01 1.179146e+02
    endloop
  endfacet
  facet normal 0.000000e+00 1.000000e+00 0.000000e+00
    outer loop
      vertex   7.424415e+01 1.385514e+01 1.179146e+02
      vertex   7.424602e+01 1.385514e+01 1.166364e+02
      vertex   7.405963e+01 1.385514e+01 1.167794e+02
    endloop
  endfacet
  facet normal 0.000000e+00 1.000000e+00 0.000000e+00
    outer loop
      vertex   7.424415e+01 1.385514e+01 1.179146e+02
      vertex   7.405963e+01 1.385514e+01 1.167794e+02
      vertex   7.384257e+01 1.385514e+01 1.168693e+02
    endloop
  endfacet
  facet normal 0.000000e+00 1.000000e+00 0.000000e+00
    outer loop
      vertex   7.424415e+01 1.385514e+01 1.179146e+02
      vertex   7.384257e+01 1.385514e+01 1.168693e+02
      vertex   7.382340e+01 1.385514e+01 1.179905e+02
    endloop
  endfacet
  facet normal 0.000000e+00 1.000000e+00 0.000000e+00
    outer loop
      vertex   7.382340e+01 1.385514e+01 1.179905e+02
      vertex   7.384257e+01 1.385514e+01 1.168693e+02
      vertex   7.360963e+01 1.385514e+01 1.169000e+02
    endloop
  endfacet
  facet normal 0.000000e+00 1.000000e+00 0.000000e+00
    outer loop
      vertex   7.382340e+01 1.385514e+01 1.179905e+02
      vertex   7.360963e+01 1.385514e+01 1.169000e+02
      vertex   7.339586e+01 1.385514e+01 1.179905e+02
    endloop
  endfacet
  facet normal 0.000000e+00 1.000000e+00 0.000000e+00
    outer loop
      vertex   7.339586e+01 1.385514e+01 1.179905e+02
      vertex   7.360963e+01 1.385514e+01 1.169000e+02
      vertex   7.337669e+01 1.385514e+01 1.168693e+02
    endloop
  endfacet
  facet normal 0.000000e+00 1.000000e+00 0.000000e+00
    outer loop
      vertex   7.339586e+01 1.385514e+01 1.179905e+02
      vertex   7.337669e+01 1.385514e+01 1.168693e+02
      vertex   7.297510e+01 1.385514e+01 1.179146e+02
    endloop
  endfacet
  facet normal 0.000000e+00 1.000000e+00 0.000000e+00
    outer loop
      vertex   7.297510e+01 1.385514e+01 1.179146e+02
      vertex   7.337669e+01 1.385514e+01 1.168693e+02
      vertex   7.315963e+01 1.385514e+01 1.167794e+02
    endloop
  endfacet
  facet normal 0.000000e+00 1.000000e+00 0.000000e+00
    outer loop
      vertex   7.297510e+01 1.385514e+01 1.179146e+02
      vertex   7.315963e+01 1.385514e+01 1.167794e+02
      vertex   7.297323e+01 1.385514e+01 1.166364e+02
    endloop
  endfacet
  facet normal 0.000000e+00 1.000000e+00 0.000000e+00
    outer loop
      vertex   7.297510e+01 1.385514e+01 1.179146e+02
      vertex   7.297323e+01 1.385514e+01 1.166364e+02
      vertex   7.257449e+01 1.385514e+01 1.177653e+02
    endloop
  endfacet
  facet normal 0.000000e+00 1.000000e+00 0.000000e+00
    outer loop
      vertex   7.257449e+01 1.385514e+01 1.177653e+02
      vertex   7.297323e+01 1.385514e+01 1.166364e+02
      vertex   7.283021e+01 1.385514e+01 1.164500e+02
    endloop
  endfacet
  facet normal 0.000000e+00 1.000000e+00 0.000000e+00
    outer loop
      vertex   7.257449e+01 1.385514e+01 1.177653e+02
      vertex   7.283021e+01 1.385514e+01 1.164500e+02
      vertex   7.220672e+01 1.385514e+01 1.175473e+02
    endloop
  endfacet
  facet normal 0.000000e+00 1.000000e+00 0.000000e+00
    outer loop
      vertex   7.220672e+01 1.385514e+01 1.175473e+02
      vertex   7.283021e+01 1.385514e+01 1.164500e+02
      vertex   7.274029e+01 1.385514e+01 1.162329e+02
    endloop
  endfacet
  facet normal 0.000000e+00 1.000000e+00 0.000000e+00
    outer loop
      vertex   7.220672e+01 1.385514e+01 1.175473e+02
      vertex   7.274029e+01 1.385514e+01 1.162329e+02
      vertex   7.188347e+01 1.385514e+01 1.172674e+02
    endloop
  endfacet
  facet normal 0.000000e+00 1.000000e+00 0.000000e+00
    outer loop
      vertex   7.188347e+01 1.385514e+01 1.172674e+02
      vertex   7.274029e+01 1.385514e+01 1.162329e+02
      vertex   7.270963e+01 1.385514e+01 1.160000e+02
    endloop
  endfacet
  facet normal 0.000000e+00 1.000000e+00 0.000000e+00
    outer loop
      vertex   7.188347e+01 1.385514e+01 1.172674e+02
      vertex   7.270963e+01 1.385514e+01 1.160000e+02
      vertex   7.161500e+01 1.385514e+01 1.169347e+02
    endloop
  endfacet
  facet normal 0.000000e+00 1.000000e+00 0.000000e+00
    outer loop
      vertex   7.161500e+01 1.385514e+01 1.169347e+02
      vertex   7.270963e+01 1.385514e+01 1.160000e+02
      vertex   7.140982e+01 1.385514e+01 1.165596e+02
    endloop
  endfacet
  facet normal -0.000000e+00 1.000000e+00 0.000000e+00
    outer loop
      vertex   7.447896e+01 1.385514e+01 1.157671e+02
      vertex   7.450963e+01 1.385514e+01 1.160000e+02
      vertex   7.600605e+01 1.385514e+01 1.157309e+02
    endloop
  endfacet
  facet normal 0.000000e+00 1.000000e+00 0.000000e+00
    outer loop
      vertex   7.600605e+01 1.385514e+01 1.157309e+02
      vertex   7.450963e+01 1.385514e+01 1.160000e+02
      vertex   7.594479e+01 1.385514e+01 1.161541e+02
    endloop
  endfacet
  facet normal 0.000000e+00 1.000000e+00 0.000000e+00
    outer loop
      vertex   7.594479e+01 1.385514e+01 1.161541e+02
      vertex   7.450963e+01 1.385514e+01 1.160000e+02
      vertex   7.580943e+01 1.385514e+01 1.165596e+02
    endloop
  endfacet
  facet normal -9.985104e-01 0.000000e+00 -5.456098e-02
    outer loop
      vertex   7.653778e+01 1.045514e+01 1.060000e+02
      vertex   7.653778e+01 1.385514e+01 1.060000e+02
      vertex   7.665201e+01 1.045514e+01 1.039093e+02
    endloop
  endfacet
  facet normal -9.985104e-01 0.000000e+00 -5.456098e-02
    outer loop
      vertex   7.665201e+01 1.045514e+01 1.039093e+02
      vertex   7.653778e+01 1.385514e+01 1.060000e+02
      vertex   7.665201e+01 1.525514e+01 1.039093e+02
    endloop
  endfacet
  facet normal -9.985104e-01 1.111900e-15 -5.456098e-02
    outer loop
      vertex   7.665201e+01 1.525514e+01 1.039093e+02
      vertex   7.653778e+01 1.385514e+01 1.060000e+02
      vertex   7.600605e+01 1.525514e+01 1.157309e+02
    endloop
  endfacet
  facet normal -9.985104e-01 -0.000000e+00 -5.456098e-02
    outer loop
      vertex   7.600605e+01 1.525514e+01 1.157309e+02
      vertex   7.653778e+01 1.385514e+01 1.060000e+02
      vertex   7.600605e+01 1.385514e+01 1.157309e+02
    endloop
  endfacet
  facet normal -9.896819e-01 -0.000000e+00 -1.432820e-01
    outer loop
      vertex   7.600605e+01 1.525514e+01 1.157309e+02
      vertex   7.600605e+01 1.385514e+01 1.157309e+02
      vertex   7.594479e+01 1.525514e+01 1.161541e+02
    endloop
  endfacet
  facet normal -9.896819e-01 -0.000000e+00 -1.432820e-01
    outer loop
      vertex   7.594479e+01 1.525514e+01 1.161541e+02
      vertex   7.600605e+01 1.385514e+01 1.157309e+02
      vertex   7.594479e+01 1.385514e+01 1.161541e+02
    endloop
  endfacet
  facet normal -9.485556e-01 -0.000000e+00 -3.166107e-01
    outer loop
      vertex   7.594479e+01 1.525514e+01 1.161541e+02
      vertex   7.594479e+01 1.385514e+01 1.161541e+02
      vertex   7.580943e+01 1.525514e+01 1.165596e+02
    endloop
  endfacet
  facet normal -9.485556e-01 -0.000000e+00 -3.166107e-01
    outer loop
      vertex   7.580943e+01 1.525514e+01 1.165596e+02
      vertex   7.594479e+01 1.385514e+01 1.161541e+02
      vertex   7.580943e+01 1.385514e+01 1.165596e+02
    endloop
  endfacet
  facet normal -8.773275e-01 -0.000000e+00 -4.798921e-01
    outer loop
      vertex   7.580943e+01 1.525514e+01 1.165596e+02
      vertex   7.580943e+01 1.385514e+01 1.165596e+02
      vertex   7.560426e+01 1.525514e+01 1.169347e+02
    endloop
  endfacet
  facet normal -8.773275e-01 -0.000000e+00 -4.798921e-01
    outer loop
      vertex   7.560426e+01 1.525514e+01 1.169347e+02
      vertex   7.580943e+01 1.385514e+01 1.165596e+02
      vertex   7.560426e+01 1.385514e+01 1.169347e+02
    endloop
  endfacet
  facet normal -7.782582e-01 -0.000000e+00 -6.279444e-01
    outer loop
      vertex   7.560426e+01 1.525514e+01 1.169347e+02
      vertex   7.560426e+01 1.385514e+01 1.169347e+02
      vertex   7.533579e+01 1.525514e+01 1.172674e+02
    endloop
  endfacet
  facet normal -7.782582e-01 -0.000000e+00 -6.279444e-01
    outer loop
      vertex   7.533579e+01 1.525514e+01 1.172674e+02
      vertex   7.560426e+01 1.385514e+01 1.169347e+02
      vertex   7.533579e+01 1.385514e+01 1.172674e+02
    endloop
  endfacet
  facet normal -6.544914e-01 -0.000000e+00 -7.560694e-01
    outer loop
      vertex   7.533579e+01 1.525514e+01 1.172674e+02
      vertex   7.533579e+01 1.385514e+01 1.172674e+02
      vertex   7.501254e+01 1.525514e+01 1.175473e+02
    endloop
  endfacet
  facet normal -6.544914e-01 -0.000000e+00 -7.560694e-01
    outer loop
      vertex   7.501254e+01 1.525514e+01 1.175473e+02
      vertex   7.533579e+01 1.385514e+01 1.172674e+02
      vertex   7.501254e+01 1.385514e+01 1.175473e+02
    endloop
  endfacet
  facet normal -5.099549e-01 -0.000000e+00 -8.602012e-01
    outer loop
      vertex   7.501254e+01 1.525514e+01 1.175473e+02
      vertex   7.501254e+01 1.385514e+01 1.175473e+02
      vertex   7.464477e+01 1.525514e+01 1.177653e+02
    endloop
  endfacet
  facet normal -5.099549e-01 -0.000000e+00 -8.602012e-01
    outer loop
      vertex   7.464477e+01 1.525514e+01 1.177653e+02
      vertex   7.501254e+01 1.385514e+01 1.175473e+02
      vertex   7.464477e+01 1.385514e+01 1.177653e+02
    endloop
  endfacet
  facet normal -3.492353e-01 -0.000000e+00 -9.370351e-01
    outer loop
      vertex   7.464477e+01 1.525514e+01 1.177653e+02
      vertex   7.464477e+01 1.385514e+01 1.177653e+02
      vertex   7.424415e+01 1.525514e+01 1.179146e+02
    endloop
  endfacet
  facet normal -3.492353e-01 -0.000000e+00 -9.370351e-01
    outer loop
      vertex   7.424415e+01 1.525514e+01 1.179146e+02
      vertex   7.464477e+01 1.385514e+01 1.177653e+02
      vertex   7.424415e+01 1.385514e+01 1.179146e+02
    endloop
  endfacet
  facet normal -1.774330e-01 -0.000000e+00 -9.841329e-01
    outer loop
      vertex   7.424415e+01 1.525514e+01 1.179146e+02
      vertex   7.424415e+01 1.385514e+01 1.179146e+02
      vertex   7.382340e+01 1.525514e+01 1.179905e+02
    endloop
  endfacet
  facet normal -1.774330e-01 -0.000000e+00 -9.841329e-01
    outer loop
      vertex   7.382340e+01 1.525514e+01 1.179905e+02
      vertex   7.424415e+01 1.385514e+01 1.179146e+02
      vertex   7.382340e+01 1.385514e+01 1.179905e+02
    endloop
  endfacet
  facet normal -0.000000e+00 -0.000000e+00 -1.000000e+00
    outer loop
      vertex   7.382340e+01 1.525514e+01 1.179905e+02
      vertex   7.382340e+01 1.385514e+01 1.179905e+02
      vertex   7.339586e+01 1.525514e+01 1.179905e+02
    endloop
  endfacet
  facet normal 0.000000e+00 0.000000e+00 -1.000000e+00
    outer loop
      vertex   7.339586e+01 1.525514e+01 1.179905e+02
      vertex   7.382340e+01 1.385514e+01 1.179905e+02
      vertex   7.339586e+01 1.385514e+01 1.179905e+02
    endloop
  endfacet
  facet normal 1.774330e-01 0.000000e+00 -9.841329e-01
    outer loop
      vertex   7.339586e+01 1.525514e+01 1.179905e+02
      vertex   7.339586e+01 1.385514e+01 1.179905e+02
      vertex   7.297510e+01 1.525514e+01 1.179146e+02
    endloop
  endfacet
  facet normal 1.774330e-01 0.000000e+00 -9.841329e-01
    outer loop
      vertex   7.297510e+01 1.525514e+01 1.179146e+02
      vertex   7.339586e+01 1.385514e+01 1.179905e+02
      vertex   7.297510e+01 1.385514e+01 1.179146e+02
    endloop
  endfacet
  facet normal 3.492353e-01 0.000000e+00 -9.370351e-01
    outer loop
      vertex   7.297510e+01 1.525514e+01 1.179146e+02
      vertex   7.297510e+01 1.385514e+01 1.179146e+02
      vertex   7.257449e+01 1.525514e+01 1.177653e+02
    endloop
  endfacet
  facet normal 3.492353e-01 0.000000e+00 -9.370351e-01
    outer loop
      vertex   7.257449e+01 1.525514e+01 1.177653e+02
      vertex   7.297510e+01 1.385514e+01 1.179146e+02
      vertex   7.257449e+01 1.385514e+01 1.177653e+02
    endloop
  endfacet
  facet normal 5.099549e-01 0.000000e+00 -8.602012e-01
    outer loop
      vertex   7.257449e+01 1.525514e+01 1.177653e+02
      vertex   7.257449e+01 1.385514e+01 1.177653e+02
      vertex   7.220672e+01 1.525514e+01 1.175473e+02
    endloop
  endfacet
  facet normal 5.099549e-01 0.000000e+00 -8.602012e-01
    outer loop
      vertex   7.220672e+01 1.525514e+01 1.175473e+02
      vertex   7.257449e+01 1.385514e+01 1.177653e+02
      vertex   7.220672e+01 1.385514e+01 1.175473e+02
    endloop
  endfacet
  facet normal 6.544914e-01 0.000000e+00 -7.560694e-01
    outer loop
      vertex   7.220672e+01 1.525514e+01 1.175473e+02
      vertex   7.220672e+01 1.385514e+01 1.175473e+02
      vertex   7.188347e+01 1.525514e+01 1.172674e+02
    endloop
  endfacet
  facet normal 6.544914e-01 0.000000e+00 -7.560694e-01
    outer loop
      vertex   7.188347e+01 1.525514e+01 1.172674e+02
      vertex   7.220672e+01 1.385514e+01 1.175473e+02
      vertex   7.188347e+01 1.385514e+01 1.172674e+02
    endloop
  endfacet
  facet normal 7.782582e-01 0.000000e+00 -6.279444e-01
    outer loop
      vertex   7.188347e+01 1.525514e+01 1.172674e+02
      vertex   7.188347e+01 1.385514e+01 1.172674e+02
      vertex   7.161500e+01 1.525514e+01 1.169347e+02
    endloop
  endfacet
  facet normal 7.782582e-01 0.000000e+00 -6.279444e-01
    outer loop
      vertex   7.161500e+01 1.525514e+01 1.169347e+02
      vertex   7.188347e+01 1.385514e+01 1.172674e+02
      vertex   7.161500e+01 1.385514e+01 1.169347e+02
    endloop
  endfacet
  facet normal 8.773275e-01 0.000000e+00 -4.798921e-01
    outer loop
      vertex   7.161500e+01 1.525514e+01 1.169347e+02
      vertex   7.161500e+01 1.385514e+01 1.169347e+02
      vertex   7.140982e+01 1.525514e+01 1.165596e+02
    endloop
  endfacet
  facet normal 8.773275e-01 0.000000e+00 -4.798921e-01
    outer loop
      vertex   7.140982e+01 1.525514e+01 1.165596e+02
      vertex   7.161500e+01 1.385514e+01 1.169347e+02
      vertex   7.140982e+01 1.385514e+01 1.165596e+02
    endloop
  endfacet
  facet normal 9.485556e-01 0.000000e+00 -3.166107e-01
    outer loop
      vertex   7.140982e+01 1.525514e+01 1.165596e+02
      vertex   7.140982e+01 1.385514e+01 1.165596e+02
      vertex   7.127446e+01 1.525514e+01 1.161541e+02
    endloop
  endfacet
  facet normal 9.485556e-01 0.000000e+00 -3.166107e-01
    outer loop
      vertex   7.127446e+01 1.525514e+01 1.161541e+02
      vertex   7.140982e+01 1.385514e+01 1.165596e+02
      vertex   7.127446e+01 1.385514e+01 1.161541e+02
    endloop
  endfacet
  facet normal 9.896819e-01 0.000000e+00 -1.432820e-01
    outer loop
      vertex   7.127446e+01 1.525514e+01 1.161541e+02
      vertex   7.127446e+01 1.385514e+01 1.161541e+02
      vertex   7.121320e+01 1.525514e+01 1.157309e+02
    endloop
  endfacet
  facet normal 9.896819e-01 0.000000e+00 -1.432820e-01
    outer loop
      vertex   7.121320e+01 1.525514e+01 1.157309e+02
      vertex   7.127446e+01 1.385514e+01 1.161541e+02
      vertex   7.121320e+01 1.385514e+01 1.157309e+02
    endloop
  endfacet
  facet normal -8.322387e-01 0.000000e+00 -5.544175e-01
    outer loop
      vertex   7.665201e+01 1.045514e+01 1.039093e+02
      vertex   7.665201e+01 1.525514e+01 1.039093e+02
      vertex   7.695890e+01 1.045514e+01 1.034487e+02
    endloop
  endfacet
  facet normal -8.322387e-01 0.000000e+00 -5.544175e-01
    outer loop
      vertex   7.695890e+01 1.045514e+01 1.034487e+02
      vertex   7.665201e+01 1.525514e+01 1.039093e+02
      vertex   7.695890e+01 1.525514e+01 1.034487e+02
    endloop
  endfacet
  facet normal -9.031413e-01 0.000000e+00 -4.293434e-01
    outer loop
      vertex   7.695890e+01 1.045514e+01 1.034487e+02
      vertex   7.695890e+01 1.525514e+01 1.034487e+02
      vertex   7.719655e+01 1.045514e+01 1.029487e+02
    endloop
  endfacet
  facet normal -9.031413e-01 0.000000e+00 -4.293434e-01
    outer loop
      vertex   7.719655e+01 1.045514e+01 1.029487e+02
      vertex   7.695890e+01 1.525514e+01 1.034487e+02
      vertex   7.719655e+01 1.525514e+01 1.029487e+02
    endloop
  endfacet
  facet normal -9.553754e-01 0.000000e+00 -2.953944e-01
    outer loop
      vertex   7.719655e+01 1.045514e+01 1.029487e+02
      vertex   7.719655e+01 1.525514e+01 1.029487e+02
      vertex   7.736006e+01 1.045514e+01 1.024199e+02
    endloop
  endfacet
  facet normal -9.553754e-01 0.000000e+00 -2.953944e-01
    outer loop
      vertex   7.736006e+01 1.045514e+01 1.024199e+02
      vertex   7.719655e+01 1.525514e+01 1.029487e+02
      vertex   7.736006e+01 1.525514e+01 1.024199e+02
    endloop
  endfacet
  facet normal -9.878612e-01 0.000000e+00 -1.553394e-01
    outer loop
      vertex   7.736006e+01 1.045514e+01 1.024199e+02
      vertex   7.736006e+01 1.525514e+01 1.024199e+02
      vertex   7.744605e+01 1.045514e+01 1.018731e+02
    endloop
  endfacet
  facet normal -9.878612e-01 0.000000e+00 -1.553394e-01
    outer loop
      vertex   7.744605e+01 1.045514e+01 1.018731e+02
      vertex   7.736006e+01 1.525514e+01 1.024199e+02
      vertex   7.744605e+01 1.525514e+01 1.018731e+02
    endloop
  endfacet
  facet normal -9.999271e-01 0.000000e+00 -1.207345e-02
    outer loop
      vertex   7.744605e+01 1.045514e+01 1.018731e+02
      vertex   7.744605e+01 1.525514e+01 1.018731e+02
      vertex   7.745273e+01 1.045514e+01 1.013196e+02
    endloop
  endfacet
  facet normal -9.999271e-01 0.000000e+00 -1.207345e-02
    outer loop
      vertex   7.745273e+01 1.045514e+01 1.013196e+02
      vertex   7.744605e+01 1.525514e+01 1.018731e+02
      vertex   7.745273e+01 1.525514e+01 1.013196e+02
    endloop
  endfacet
  facet normal -9.913239e-01 0.000000e+00 1.314421e-01
    outer loop
      vertex   7.745273e+01 1.045514e+01 1.013196e+02
      vertex   7.745273e+01 1.525514e+01 1.013196e+02
      vertex   7.737997e+01 1.045514e+01 1.007709e+02
    endloop
  endfacet
  facet normal -9.913239e-01 0.000000e+00 1.314421e-01
    outer loop
      vertex   7.737997e+01 1.045514e+01 1.007709e+02
      vertex   7.745273e+01 1.525514e+01 1.013196e+02
      vertex   7.737997e+01 1.525514e+01 1.007709e+02
    endloop
  endfacet
  facet normal -9.622292e-01 0.000000e+00 2.722406e-01
    outer loop
      vertex   7.737997e+01 1.045514e+01 1.007709e+02
      vertex   7.737997e+01 1.525514e+01 1.007709e+02
      vertex   7.722928e+01 1.045514e+01 1.002383e+02
    endloop
  endfacet
  facet normal -9.622292e-01 0.000000e+00 2.722406e-01
    outer loop
      vertex   7.722928e+01 1.045514e+01 1.002383e+02
      vertex   7.737997e+01 1.525514e+01 1.007709e+02
      vertex   7.722928e+01 1.525514e+01 1.002383e+02
    endloop
  endfacet
  facet normal -9.132446e-01 0.000000e+00 4.074117e-01
    outer loop
      vertex   7.722928e+01 1.045514e+01 1.002383e+02
      vertex   7.722928e+01 1.525514e+01 1.002383e+02
      vertex   7.700377e+01 1.045514e+01 9.973277e+01
    endloop
  endfacet
  facet normal -9.132446e-01 0.000000e+00 4.074117e-01
    outer loop
      vertex   7.700377e+01 1.045514e+01 9.973277e+01
      vertex   7.722928e+01 1.525514e+01 1.002383e+02
      vertex   7.700377e+01 1.525514e+01 9.973277e+01
    endloop
  endfacet
  facet normal -8.453826e-01 0.000000e+00 5.341613e-01
    outer loop
      vertex   7.700377e+01 1.045514e+01 9.973277e+01
      vertex   7.700377e+01 1.525514e+01 9.973277e+01
      vertex   7.670809e+01 1.045514e+01 9.926483e+01
    endloop
  endfacet
  facet normal -8.453826e-01 1.581435e-15 5.341613e-01
    outer loop
      vertex   7.670809e+01 1.045514e+01 9.926483e+01
      vertex   7.700377e+01 1.525514e+01 9.973277e+01
      vertex   7.670809e+01 1.525514e+01 9.926483e+01
    endloop
  endfacet
  facet normal -7.600459e-01 1.924000e-15 6.498694e-01
    outer loop
      vertex   7.670809e+01 1.045514e+01 9.926483e+01
      vertex   7.670809e+01 1.525514e+01 9.926483e+01
      vertex   7.634837e+01 1.045514e+01 9.884412e+01
    endloop
  endfacet
  facet normal -7.600459e-01 0.000000e+00 6.498694e-01
    outer loop
      vertex   7.634837e+01 1.045514e+01 9.884412e+01
      vertex   7.670809e+01 1.525514e+01 9.926483e+01
      vertex   7.634837e+01 1.525514e+01 9.884412e+01
    endloop
  endfacet
  facet normal -6.589985e-01 0.000000e+00 7.521443e-01
    outer loop
      vertex   7.634837e+01 1.045514e+01 9.884412e+01
      vertex   7.634837e+01 1.525514e+01 9.884412e+01
      vertex   7.593204e+01 1.045514e+01 9.847935e+01
    endloop
  endfacet
  facet normal -6.589985e-01 0.000000e+00 7.521443e-01
    outer loop
      vertex   7.593204e+01 1.045514e+01 9.847935e+01
      vertex   7.634837e+01 1.525514e+01 9.884412e+01
      vertex   7.593204e+01 1.525514e+01 9.847935e+01
    endloop
  endfacet
  facet normal -5.443291e-01 0.000000e+00 8.388718e-01
    outer loop
      vertex   7.593204e+01 1.045514e+01 9.847935e+01
      vertex   7.593204e+01 1.525514e+01 9.847935e+01
      vertex   7.546770e+01 1.045514e+01 9.817805e+01
    endloop
  endfacet
  facet normal -5.443291e-01 0.000000e+00 8.388718e-01
    outer loop
      vertex   7.546770e+01 1.045514e+01 9.817805e+01
      vertex   7.593204e+01 1.525514e+01 9.847935e+01
      vertex   7.546770e+01 1.525514e+01 9.817805e+01
    endloop
  endfacet
  facet normal -4.184080e-01 0.000000e+00 9.082592e-01
    outer loop
      vertex   7.546770e+01 1.045514e+01 9.817805e+01
      vertex   7.546770e+01 1.525514e+01 9.817805e+01
      vertex   7.496496e+01 1.045514e+01 9.794645e+01
    endloop
  endfacet
  facet normal -4.184080e-01 0.000000e+00 9.082592e-01
    outer loop
      vertex   7.496496e+01 1.045514e+01 9.794645e+01
      vertex   7.546770e+01 1.525514e+01 9.817805e+01
      vertex   7.496496e+01 1.525514e+01 9.794645e+01
    endloop
  endfacet
  facet normal -2.838382e-01 0.000000e+00 9.588722e-01
    outer loop
      vertex   7.496496e+01 1.045514e+01 9.794645e+01
      vertex   7.496496e+01 1.525514e+01 9.794645e+01
      vertex   7.443420e+01 1.045514e+01 9.778934e+01
    endloop
  endfacet
  facet normal -2.838382e-01 0.000000e+00 9.588722e-01
    outer loop
      vertex   7.443420e+01 1.045514e+01 9.778934e+01
      vertex   7.496496e+01 1.525514e+01 9.794645e+01
      vertex   7.443420e+01 1.525514e+01 9.778934e+01
    endloop
  endfacet
  facet normal -1.434012e-01 0.000000e+00 9.896646e-01
    outer loop
      vertex   7.443420e+01 1.045514e+01 9.778934e+01
      vertex   7.443420e+01 1.525514e+01 9.778934e+01
      vertex   7.388639e+01 1.045514e+01 9.770996e+01
    endloop
  endfacet
  facet normal -1.434012e-01 0.000000e+00 9.896646e-01
    outer loop
      vertex   7.388639e+01 1.045514e+01 9.770996e+01
      vertex   7.443420e+01 1.525514e+01 9.778934e+01
      vertex   7.388639e+01 1.525514e+01 9.770996e+01
    endloop
  endfacet
  facet normal 0.000000e+00 -0.000000e+00 1.000000e+00
    outer loop
      vertex   7.388639e+01 1.045514e+01 9.770996e+01
      vertex   7.388639e+01 1.525514e+01 9.770996e+01
      vertex   7.333286e+01 1.045514e+01 9.770996e+01
    endloop
  endfacet
  facet normal 0.000000e+00 0.000000e+00 1.000000e+00
    outer loop
      vertex   7.333286e+01 1.045514e+01 9.770996e+01
      vertex   7.388639e+01 1.525514e+01 9.770996e+01
      vertex   7.333286e+01 1.525514e+01 9.770996e+01
    endloop
  endfacet
  facet normal 1.434012e-01 -0.000000e+00 9.896646e-01
    outer loop
      vertex   7.333286e+01 1.045514e+01 9.770996e+01
      vertex   7.333286e+01 1.525514e+01 9.770996e+01
      vertex   7.278506e+01 1.045514e+01 9.778934e+01
    endloop
  endfacet
  facet normal 1.434012e-01 -0.000000e+00 9.896646e-01
    outer loop
      vertex   7.278506e+01 1.045514e+01 9.778934e+01
      vertex   7.333286e+01 1.525514e+01 9.770996e+01
      vertex   7.278506e+01 1.525514e+01 9.778934e+01
    endloop
  endfacet
  facet normal 2.838382e-01 -0.000000e+00 9.588722e-01
    outer loop
      vertex   7.278506e+01 1.045514e+01 9.778934e+01
      vertex   7.278506e+01 1.525514e+01 9.778934e+01
      vertex   7.225430e+01 1.045514e+01 9.794645e+01
    endloop
  endfacet
  facet normal 2.838382e-01 -0.000000e+00 9.588722e-01
    outer loop
      vertex   7.225430e+01 1.045514e+01 9.794645e+01
      vertex   7.278506e+01 1.525514e+01 9.778934e+01
      vertex   7.225430e+01 1.525514e+01 9.794645e+01
    endloop
  endfacet
  facet normal 4.184080e-01 -0.000000e+00 9.082592e-01
    outer loop
      vertex   7.225430e+01 1.045514e+01 9.794645e+01
      vertex   7.225430e+01 1.525514e+01 9.794645e+01
      vertex   7.175155e+01 1.045514e+01 9.817805e+01
    endloop
  endfacet
  facet normal 4.184080e-01 -0.000000e+00 9.082592e-01
    outer loop
      vertex   7.175155e+01 1.045514e+01 9.817805e+01
      vertex   7.225430e+01 1.525514e+01 9.794645e+01
      vertex   7.175155e+01 1.525514e+01 9.817805e+01
    endloop
  endfacet
  facet normal 5.443291e-01 -0.000000e+00 8.388718e-01
    outer loop
      vertex   7.175155e+01 1.045514e+01 9.817805e+01
      vertex   7.175155e+01 1.525514e+01 9.817805e+01
      vertex   7.128721e+01 1.045514e+01 9.847935e+01
    endloop
  endfacet
  facet normal 5.443291e-01 -0.000000e+00 8.388718e-01
    outer loop
      vertex   7.128721e+01 1.045514e+01 9.847935e+01
      vertex   7.175155e+01 1.525514e+01 9.817805e+01
      vertex   7.128721e+01 1.525514e+01 9.847935e+01
    endloop
  endfacet
  facet normal 6.589985e-01 -0.000000e+00 7.521443e-01
    outer loop
      vertex   7.128721e+01 1.045514e+01 9.847935e+01
      vertex   7.128721e+01 1.525514e+01 9.847935e+01
      vertex   7.087088e+01 1.045514e+01 9.884412e+01
    endloop
  endfacet
  facet normal 6.589985e-01 -0.000000e+00 7.521443e-01
    outer loop
      vertex   7.087088e+01 1.045514e+01 9.884412e+01
      vertex   7.128721e+01 1.525514e+01 9.847935e+01
      vertex   7.087088e+01 1.525514e+01 9.884412e+01
    endloop
  endfacet
  facet normal 7.600459e-01 -0.000000e+00 6.498694e-01
    outer loop
      vertex   7.087088e+01 1.045514e+01 9.884412e+01
      vertex   7.087088e+01 1.525514e+01 9.884412e+01
      vertex   7.051116e+01 1.045514e+01 9.926483e+01
    endloop
  endfacet
  facet normal 7.600459e-01 -0.000000e+00 6.498694e-01
    outer loop
      vertex   7.051116e+01 1.045514e+01 9.926483e+01
      vertex   7.087088e+01 1.525514e+01 9.884412e+01
      vertex   7.051116e+01 1.525514e+01 9.926483e+01
    endloop
  endfacet
  facet normal 8.453826e-01 -0.000000e+00 5.341613e-01
    outer loop
      vertex   7.051116e+01 1.045514e+01 9.926483e+01
      vertex   7.051116e+01 1.525514e+01 9.926483e+01
      vertex   7.021549e+01 1.045514e+01 9.973277e+01
    endloop
  endfacet
  facet normal 8.453826e-01 -1.581435e-15 5.341613e-01
    outer loop
      vertex   7.021549e+01 1.045514e+01 9.973277e+01
      vertex   7.051116e+01 1.525514e+01 9.926483e+01
      vertex   7.021549e+01 1.525514e+01 9.973277e+01
    endloop
  endfacet
  facet normal 9.132446e-01 -1.206181e-15 4.074117e-01
    outer loop
      vertex   7.021549e+01 1.045514e+01 9.973277e+01
      vertex   7.021549e+01 1.525514e+01 9.973277e+01
      vertex   6.998998e+01 1.045514e+01 1.002383e+02
    endloop
  endfacet
  facet normal 9.132446e-01 -0.000000e+00 4.074117e-01
    outer loop
      vertex   6.998998e+01 1.045514e+01 1.002383e+02
      vertex   7.021549e+01 1.525514e+01 9.973277e+01
      vertex   6.998998e+01 1.525514e+01 1.002383e+02
    endloop
  endfacet
  facet normal 9.622292e-01 -0.000000e+00 2.722406e-01
    outer loop
      vertex   6.998998e+01 1.045514e+01 1.002383e+02
      vertex   6.998998e+01 1.525514e+01 1.002383e+02
      vertex   6.983928e+01 1.045514e+01 1.007709e+02
    endloop
  endfacet
  facet normal 9.622292e-01 -0.000000e+00 2.722406e-01
    outer loop
      vertex   6.983928e+01 1.045514e+01 1.007709e+02
      vertex   6.998998e+01 1.525514e+01 1.002383e+02
      vertex   6.983928e+01 1.525514e+01 1.007709e+02
    endloop
  endfacet
  facet normal 9.913239e-01 -0.000000e+00 1.314421e-01
    outer loop
      vertex   6.983928e+01 1.045514e+01 1.007709e+02
      vertex   6.983928e+01 1.525514e+01 1.007709e+02
      vertex   6.976653e+01 1.045514e+01 1.013196e+02
    endloop
  endfacet
  facet normal 9.913239e-01 -0.000000e+00 1.314421e-01
    outer loop
      vertex   6.976653e+01 1.045514e+01 1.013196e+02
      vertex   6.983928e+01 1.525514e+01 1.007709e+02
      vertex   6.976653e+01 1.525514e+01 1.013196e+02
    endloop
  endfacet
  facet normal 9.999271e-01 0.000000e+00 -1.207345e-02
    outer loop
      vertex   6.976653e+01 1.045514e+01 1.013196e+02
      vertex   6.976653e+01 1.525514e+01 1.013196e+02
      vertex   6.977321e+01 1.045514e+01 1.018731e+02
    endloop
  endfacet
  facet normal 9.999271e-01 0.000000e+00 -1.207345e-02
    outer loop
      vertex   6.977321e+01 1.045514e+01 1.018731e+02
      vertex   6.976653e+01 1.525514e+01 1.013196e+02
      vertex   6.977321e+01 1.525514e+01 1.018731e+02
    endloop
  endfacet
  facet normal 9.878612e-01 0.000000e+00 -1.553394e-01
    outer loop
      vertex   6.977321e+01 1.045514e+01 1.018731e+02
      vertex   6.977321e+01 1.525514e+01 1.018731e+02
      vertex   6.985919e+01 1.045514e+01 1.024199e+02
    endloop
  endfacet
  facet normal 9.878612e-01 0.000000e+00 -1.553394e-01
    outer loop
      vertex   6.985919e+01 1.045514e+01 1.024199e+02
      vertex   6.977321e+01 1.525514e+01 1.018731e+02
      vertex   6.985919e+01 1.525514e+01 1.024199e+02
    endloop
  endfacet
  facet normal 9.553754e-01 0.000000e+00 -2.953944e-01
    outer loop
      vertex   6.985919e+01 1.045514e+01 1.024199e+02
      vertex   6.985919e+01 1.525514e+01 1.024199e+02
      vertex   7.002270e+01 1.045514e+01 1.029487e+02
    endloop
  endfacet
  facet normal 9.553754e-01 0.000000e+00 -2.953944e-01
    outer loop
      vertex   7.002270e+01 1.045514e+01 1.029487e+02
      vertex   6.985919e+01 1.525514e+01 1.024199e+02
      vertex   7.002270e+01 1.525514e+01 1.029487e+02
    endloop
  endfacet
  facet normal 9.031413e-01 0.000000e+00 -4.293434e-01
    outer loop
      vertex   7.002270e+01 1.045514e+01 1.029487e+02
      vertex   7.002270e+01 1.525514e+01 1.029487e+02
      vertex   7.026036e+01 1.045514e+01 1.034487e+02
    endloop
  endfacet
  facet normal 9.031413e-01 0.000000e+00 -4.293434e-01
    outer loop
      vertex   7.026036e+01 1.045514e+01 1.034487e+02
      vertex   7.002270e+01 1.525514e+01 1.029487e+02
      vertex   7.026036e+01 1.525514e+01 1.034487e+02
    endloop
  endfacet
  facet normal 8.322387e-01 0.000000e+00 -5.544175e-01
    outer loop
      vertex   7.026036e+01 1.045514e+01 1.034487e+02
      vertex   7.026036e+01 1.525514e+01 1.034487e+02
      vertex   7.056724e+01 1.045514e+01 1.039093e+02
    endloop
  endfacet
  facet normal 8.322387e-01 0.000000e+00 -5.544175e-01
    outer loop
      vertex   7.056724e+01 1.045514e+01 1.039093e+02
      vertex   7.026036e+01 1.525514e+01 1.034487e+02
      vertex   7.056724e+01 1.525514e+01 1.039093e+02
    endloop
  endfacet
  facet normal 9.985104e-01 0.000000e+00 -5.456098e-02
    outer loop
      vertex   7.068148e+01 1.045514e+01 1.060000e+02
      vertex   7.056724e+01 1.045514e+01 1.039093e+02
      vertex   7.068148e+01 1.385514e+01 1.060000e+02
    endloop
  endfacet
  facet normal 9.985104e-01 0.000000e+00 -5.456098e-02
    outer loop
      vertex   7.068148e+01 1.385514e+01 1.060000e+02
      vertex   7.056724e+01 1.045514e+01 1.039093e+02
      vertex   7.056724e+01 1.525514e+01 1.039093e+02
    endloop
  endfacet
  facet normal 9.985104e-01 -5.358553e-17 -5.456098e-02
    outer loop
      vertex   7.068148e+01 1.385514e+01 1.060000e+02
      vertex   7.056724e+01 1.525514e+01 1.039093e+02
      vertex   7.121320e+01 1.525514e+01 1.157309e+02
    endloop
  endfacet
  facet normal 9.985104e-01 0.000000e+00 -5.456098e-02
    outer loop
      vertex   7.121320e+01 1.525514e+01 1.157309e+02
      vertex   7.121320e+01 1.385514e+01 1.157309e+02
      vertex   7.068148e+01 1.385514e+01 1.060000e+02
    endloop
  endfacet
  facet normal 1.333790e-13 -1.000000e+00 -7.681191e-14
    outer loop
      vertex   7.410230e+01 1.045514e+01 1.167532e+02
      vertex   7.428045e+01 1.045514e+01 1.166000e+02
      vertex   7.970963e+01 1.045514e+01 1.276000e+02
    endloop
  endfacet
  facet normal -1.650104e-13 -1.000000e+00 7.046170e-14
    outer loop
      vertex   7.970963e+01 1.045514e+01 1.276000e+02
      vertex   7.428045e+01 1.045514e+01 1.166000e+02
      vertex   7.441288e+01 1.045514e+01 1.164059e+02
    endloop
  endfacet
  facet normal -9.248734e-15 -1.000000e+00 -3.240730e-15
    outer loop
      vertex   7.970963e+01 1.045514e+01 1.276000e+02
      vertex   7.441288e+01 1.045514e+01 1.164059e+02
      vertex   7.449058e+01 1.045514e+01 1.161842e+02
    endloop
  endfacet
  facet normal -1.402508e-14 -1.000000e+00 -1.057090e-15
    outer loop
      vertex   7.449058e+01 1.045514e+01 1.161842e+02
      vertex   7.450823e+01 1.045514e+01 1.159499e+02
      vertex   7.970963e+01 1.045514e+01 1.276000e+02
    endloop
  endfacet
  facet normal -1.125207e-14 -1.000000e+00 -2.295149e-15
    outer loop
      vertex   7.970963e+01 1.045514e+01 1.276000e+02
      vertex   7.450823e+01 1.045514e+01 1.159499e+02
      vertex   7.653778e+01 1.045514e+01 1.060000e+02
    endloop
  endfacet
  facet normal -4.244496e-15 -1.000000e+00 -3.324177e-15
    outer loop
      vertex   7.970963e+01 1.045514e+01 1.276000e+02
      vertex   7.653778e+01 1.045514e+01 1.060000e+02
      vertex   7.970963e+01 1.045514e+01 1.019500e+02
    endloop
  endfacet
  facet normal 0.000000e+00 -1.000000e+00 0.000000e+00
    outer loop
      vertex   7.970963e+01 1.045514e+01 1.019500e+02
      vertex   7.653778e+01 1.045514e+01 1.060000e+02
      vertex   7.719655e+01 1.045514e+01 1.029487e+02
    endloop
  endfacet
  facet normal 0.000000e+00 -1.000000e+00 0.000000e+00
    outer loop
      vertex   7.970963e+01 1.045514e+01 1.019500e+02
      vertex   7.719655e+01 1.045514e+01 1.029487e+02
      vertex   7.736006e+01 1.045514e+01 1.024199e+02
    endloop
  endfacet
  facet normal 0.000000e+00 -1.000000e+00 0.000000e+00
    outer loop
      vertex   7.446465e+01 1.045514e+01 1.157191e+02
      vertex   7.447896e+01 1.045514e+01 1.122329e+02
      vertex   7.450823e+01 1.045514e+01 1.159499e+02
    endloop
  endfacet
  facet normal 0.000000e+00 -1.000000e+00 -0.000000e+00
    outer loop
      vertex   7.450823e+01 1.045514e+01 1.159499e+02
      vertex   7.447896e+01 1.045514e+01 1.122329e+02
      vertex   7.450963e+01 1.045514e+01 1.120000e+02
    endloop
  endfacet
  facet normal 0.000000e+00 -1.000000e+00 0.000000e+00
    outer loop
      vertex   7.450823e+01 1.045514e+01 1.159499e+02
      vertex   7.450963e+01 1.045514e+01 1.120000e+02
      vertex   7.653778e+01 1.045514e+01 1.060000e+02
    endloop
  endfacet
  facet normal 0.000000e+00 -1.000000e+00 0.000000e+00
    outer loop
      vertex   7.653778e+01 1.045514e+01 1.060000e+02
      vertex   7.450963e+01 1.045514e+01 1.120000e+02
      vertex   7.447896e+01 1.045514e+01 1.117671e+02
    endloop
  endfacet
  facet normal 0.000000e+00 -1.000000e+00 0.000000e+00
    outer loop
      vertex   7.653778e+01 1.045514e+01 1.060000e+02
      vertex   7.447896e+01 1.045514e+01 1.117671e+02
      vertex   7.447896e+01 1.045514e+01 1.082329e+02
    endloop
  endfacet
  facet normal 0.000000e+00 -1.000000e+00 0.000000e+00
    outer loop
      vertex   7.447896e+01 1.045514e+01 1.082329e+02
      vertex   7.447896e+01 1.045514e+01 1.117671e+02
      vertex   7.438905e+01 1.045514e+01 1.084500e+02
    endloop
  endfacet
  facet normal 0.000000e+00 -1.000000e+00 0.000000e+00
    outer loop
      vertex   7.438905e+01 1.045514e+01 1.084500e+02
      vertex   7.447896e+01 1.045514e+01 1.117671e+02
      vertex   7.438905e+01 1.045514e+01 1.115500e+02
    endloop
  endfacet
  facet normal 0.000000e+00 -1.000000e+00 0.000000e+00
    outer loop
      vertex   7.438905e+01 1.045514e+01 1.084500e+02
      vertex   7.438905e+01 1.045514e+01 1.115500e+02
      vertex   7.424602e+01 1.045514e+01 1.086364e+02
    endloop
  endfacet
  facet normal 0.000000e+00 -1.000000e+00 0.000000e+00
    outer loop
      vertex   7.424602e+01 1.045514e+01 1.086364e+02
      vertex   7.438905e+01 1.045514e+01 1.115500e+02
      vertex   7.424602e+01 1.045514e+01 1.113636e+02
    endloop
  endfacet
  facet normal 0.000000e+00 -1.000000e+00 0.000000e+00
    outer loop
      vertex   7.424602e+01 1.045514e+01 1.086364e+02
      vertex   7.424602e+01 1.045514e+01 1.113636e+02
      vertex   7.405963e+01 1.045514e+01 1.087794e+02
    endloop
  endfacet
  facet normal 0.000000e+00 -1.000000e+00 0.000000e+00
    outer loop
      vertex   7.405963e+01 1.045514e+01 1.087794e+02
      vertex   7.424602e+01 1.045514e+01 1.113636e+02
      vertex   7.405963e+01 1.045514e+01 1.112206e+02
    endloop
  endfacet
  facet normal 0.000000e+00 -1.000000e+00 0.000000e+00
    outer loop
      vertex   7.405963e+01 1.045514e+01 1.087794e+02
      vertex   7.405963e+01 1.045514e+01 1.112206e+02
      vertex   7.384257e+01 1.045514e+01 1.088693e+02
    endloop
  endfacet
  facet normal 0.000000e+00 -1.000000e+00 0.000000e+00
    outer loop
      vertex   7.384257e+01 1.045514e+01 1.088693e+02
      vertex   7.405963e+01 1.045514e+01 1.112206e+02
      vertex   7.384257e+01 1.045514e+01 1.111307e+02
    endloop
  endfacet
  facet normal 0.000000e+00 -1.000000e+00 0.000000e+00
    outer loop
      vertex   7.384257e+01 1.045514e+01 1.088693e+02
      vertex   7.384257e+01 1.045514e+01 1.111307e+02
      vertex   7.360963e+01 1.045514e+01 1.089000e+02
    endloop
  endfacet
  facet normal 0.000000e+00 -1.000000e+00 0.000000e+00
    outer loop
      vertex   7.360963e+01 1.045514e+01 1.089000e+02
      vertex   7.384257e+01 1.045514e+01 1.111307e+02
      vertex   7.360963e+01 1.045514e+01 1.111000e+02
    endloop
  endfacet
  facet normal -0.000000e+00 -1.000000e+00 0.000000e+00
    outer loop
      vertex   7.360963e+01 1.045514e+01 1.089000e+02
      vertex   7.360963e+01 1.045514e+01 1.111000e+02
      vertex   7.337669e+01 1.045514e+01 1.088693e+02
    endloop
  endfacet
  facet normal 0.000000e+00 -1.000000e+00 0.000000e+00
    outer loop
      vertex   7.337669e+01 1.045514e+01 1.088693e+02
      vertex   7.360963e+01 1.045514e+01 1.111000e+02
      vertex   7.337669e+01 1.045514e+01 1.111307e+02
    endloop
  endfacet
  facet normal -0.000000e+00 -1.000000e+00 0.000000e+00
    outer loop
      vertex   7.337669e+01 1.045514e+01 1.088693e+02
      vertex   7.337669e+01 1.045514e+01 1.111307e+02
      vertex   7.315963e+01 1.045514e+01 1.087794e+02
    endloop
  endfacet
  facet normal 0.000000e+00 -1.000000e+00 0.000000e+00
    outer loop
      vertex   7.315963e+01 1.045514e+01 1.087794e+02
      vertex   7.337669e+01 1.045514e+01 1.111307e+02
      vertex   7.315963e+01 1.045514e+01 1.112206e+02
    endloop
  endfacet
  facet normal -0.000000e+00 -1.000000e+00 0.000000e+00
    outer loop
      vertex   7.315963e+01 1.045514e+01 1.087794e+02
      vertex   7.315963e+01 1.045514e+01 1.112206e+02
      vertex   7.297323e+01 1.045514e+01 1.086364e+02
    endloop
  endfacet
  facet normal 0.000000e+00 -1.000000e+00 0.000000e+00
    outer loop
      vertex   7.297323e+01 1.045514e+01 1.086364e+02
      vertex   7.315963e+01 1.045514e+01 1.112206e+02
      vertex   7.297323e+01 1.045514e+01 1.113636e+02
    endloop
  endfacet
  facet normal -0.000000e+00 -1.000000e+00 0.000000e+00
    outer loop
      vertex   7.297323e+01 1.045514e+01 1.086364e+02
      vertex   7.297323e+01 1.045514e+01 1.113636e+02
      vertex   7.283021e+01 1.045514e+01 1.084500e+02
    endloop
  endfacet
  facet normal 0.000000e+00 -1.000000e+00 0.000000e+00
    outer loop
      vertex   7.283021e+01 1.045514e+01 1.084500e+02
      vertex   7.297323e+01 1.045514e+01 1.113636e+02
      vertex   7.283021e+01 1.045514e+01 1.115500e+02
    endloop
  endfacet
  facet normal -0.000000e+00 -1.000000e+00 0.000000e+00
    outer loop
      vertex   7.283021e+01 1.045514e+01 1.084500e+02
      vertex   7.283021e+01 1.045514e+01 1.115500e+02
      vertex   7.274029e+01 1.045514e+01 1.082329e+02
    endloop
  endfacet
  facet normal 0.000000e+00 -1.000000e+00 0.000000e+00
    outer loop
      vertex   7.274029e+01 1.045514e+01 1.082329e+02
      vertex   7.283021e+01 1.045514e+01 1.115500e+02
      vertex   7.274029e+01 1.045514e+01 1.117671e+02
    endloop
  endfacet
  facet normal -0.000000e+00 -1.000000e+00 0.000000e+00
    outer loop
      vertex   7.274029e+01 1.045514e+01 1.082329e+02
      vertex   7.274029e+01 1.045514e+01 1.117671e+02
      vertex   7.068148e+01 1.045514e+01 1.060000e+02
    endloop
  endfacet
  facet normal 0.000000e+00 -1.000000e+00 0.000000e+00
    outer loop
      vertex   7.068148e+01 1.045514e+01 1.060000e+02
      vertex   7.274029e+01 1.045514e+01 1.117671e+02
      vertex   7.270963e+01 1.045514e+01 1.120000e+02
    endloop
  endfacet
  facet normal 1.099621e-14 -1.000000e+00 -3.716989e-15
    outer loop
      vertex   7.068148e+01 1.045514e+01 1.060000e+02
      vertex   7.270963e+01 1.045514e+01 1.120000e+02
      vertex   6.750963e+01 1.045514e+01 1.186000e+02
    endloop
  endfacet
  facet normal 1.561497e-14 -1.000000e+00 -7.796649e-17
    outer loop
      vertex   6.750963e+01 1.045514e+01 1.186000e+02
      vertex   7.270963e+01 1.045514e+01 1.120000e+02
      vertex   7.272868e+01 1.045514e+01 1.158158e+02
    endloop
  endfacet
  facet normal 1.631246e-14 -1.000000e+00 1.229493e-15
    outer loop
      vertex   6.750963e+01 1.045514e+01 1.186000e+02
      vertex   7.272868e+01 1.045514e+01 1.158158e+02
      vertex   7.271102e+01 1.045514e+01 1.160501e+02
    endloop
  endfacet
  facet normal 0.000000e+00 -1.000000e+00 0.000000e+00
    outer loop
      vertex   7.447896e+01 1.045514e+01 1.122329e+02
      vertex   7.446465e+01 1.045514e+01 1.157191e+02
      vertex   7.438905e+01 1.045514e+01 1.124500e+02
    endloop
  endfacet
  facet normal 0.000000e+00 -1.000000e+00 0.000000e+00
    outer loop
      vertex   7.438905e+01 1.045514e+01 1.124500e+02
      vertex   7.446465e+01 1.045514e+01 1.157191e+02
      vertex   7.436280e+01 1.045514e+01 1.155073e+02
    endloop
  endfacet
  facet normal 0.000000e+00 -1.000000e+00 0.000000e+00
    outer loop
      vertex   7.438905e+01 1.045514e+01 1.124500e+02
      vertex   7.436280e+01 1.045514e+01 1.155073e+02
      vertex   7.424602e+01 1.045514e+01 1.126364e+02
    endloop
  endfacet
  facet normal 0.000000e+00 -1.000000e+00 0.000000e+00
    outer loop
      vertex   7.424602e+01 1.045514e+01 1.126364e+02
      vertex   7.436280e+01 1.045514e+01 1.155073e+02
      vertex   7.420963e+01 1.045514e+01 1.153292e+02
    endloop
  endfacet
  facet normal 0.000000e+00 -1.000000e+00 0.000000e+00
    outer loop
      vertex   7.424602e+01 1.045514e+01 1.126364e+02
      vertex   7.420963e+01 1.045514e+01 1.153292e+02
      vertex   7.405963e+01 1.045514e+01 1.127794e+02
    endloop
  endfacet
  facet normal 0.000000e+00 -1.000000e+00 0.000000e+00
    outer loop
      vertex   7.405963e+01 1.045514e+01 1.127794e+02
      vertex   7.420963e+01 1.045514e+01 1.153292e+02
      vertex   7.401556e+01 1.045514e+01 1.151967e+02
    endloop
  endfacet
  facet normal 0.000000e+00 -1.000000e+00 0.000000e+00
    outer loop
      vertex   7.405963e+01 1.045514e+01 1.127794e+02
      vertex   7.401556e+01 1.045514e+01 1.151967e+02
      vertex   7.384257e+01 1.045514e+01 1.128693e+02
    endloop
  endfacet
  facet normal 0.000000e+00 -1.000000e+00 0.000000e+00
    outer loop
      vertex   7.384257e+01 1.045514e+01 1.128693e+02
      vertex   7.401556e+01 1.045514e+01 1.151967e+02
      vertex   7.379383e+01 1.045514e+01 1.151191e+02
    endloop
  endfacet
  facet normal 0.000000e+00 -1.000000e+00 0.000000e+00
    outer loop
      vertex   7.384257e+01 1.045514e+01 1.128693e+02
      vertex   7.379383e+01 1.045514e+01 1.151191e+02
      vertex   7.360963e+01 1.045514e+01 1.129000e+02
    endloop
  endfacet
  facet normal 0.000000e+00 -1.000000e+00 0.000000e+00
    outer loop
      vertex   7.360963e+01 1.045514e+01 1.129000e+02
      vertex   7.379383e+01 1.045514e+01 1.151191e+02
      vertex   7.355955e+01 1.045514e+01 1.151014e+02
    endloop
  endfacet
  facet normal -0.000000e+00 -1.000000e+00 0.000000e+00
    outer loop
      vertex   7.360963e+01 1.045514e+01 1.129000e+02
      vertex   7.355955e+01 1.045514e+01 1.151014e+02
      vertex   7.337669e+01 1.045514e+01 1.128693e+02
    endloop
  endfacet
  facet normal 0.000000e+00 -1.000000e+00 0.000000e+00
    outer loop
      vertex   7.337669e+01 1.045514e+01 1.128693e+02
      vertex   7.355955e+01 1.045514e+01 1.151014e+02
      vertex   7.332868e+01 1.045514e+01 1.151450e+02
    endloop
  endfacet
  facet normal -0.000000e+00 -1.000000e+00 0.000000e+00
    outer loop
      vertex   7.337669e+01 1.045514e+01 1.128693e+02
      vertex   7.332868e+01 1.045514e+01 1.151450e+02
      vertex   7.315963e+01 1.045514e+01 1.127794e+02
    endloop
  endfacet
  facet normal 0.000000e+00 -1.000000e+00 0.000000e+00
    outer loop
      vertex   7.315963e+01 1.045514e+01 1.127794e+02
      vertex   7.332868e+01 1.045514e+01 1.151450e+02
      vertex   7.311696e+01 1.045514e+01 1.152468e+02
    endloop
  endfacet
  facet normal -0.000000e+00 -1.000000e+00 0.000000e+00
    outer loop
      vertex   7.315963e+01 1.045514e+01 1.127794e+02
      vertex   7.311696e+01 1.045514e+01 1.152468e+02
      vertex   7.297323e+01 1.045514e+01 1.126364e+02
    endloop
  endfacet
  facet normal 0.000000e+00 -1.000000e+00 0.000000e+00
    outer loop
      vertex   7.297323e+01 1.045514e+01 1.126364e+02
      vertex   7.311696e+01 1.045514e+01 1.152468e+02
      vertex   7.293881e+01 1.045514e+01 1.154000e+02
    endloop
  endfacet
  facet normal -0.000000e+00 -1.000000e+00 0.000000e+00
    outer loop
      vertex   7.297323e+01 1.045514e+01 1.126364e+02
      vertex   7.293881e+01 1.045514e+01 1.154000e+02
      vertex   7.283021e+01 1.045514e+01 1.124500e+02
    endloop
  endfacet
  facet normal 0.000000e+00 -1.000000e+00 0.000000e+00
    outer loop
      vertex   7.283021e+01 1.045514e+01 1.124500e+02
      vertex   7.293881e+01 1.045514e+01 1.154000e+02
      vertex   7.280637e+01 1.045514e+01 1.155941e+02
    endloop
  endfacet
  facet normal -0.000000e+00 -1.000000e+00 0.000000e+00
    outer loop
      vertex   7.283021e+01 1.045514e+01 1.124500e+02
      vertex   7.280637e+01 1.045514e+01 1.155941e+02
      vertex   7.274029e+01 1.045514e+01 1.122329e+02
    endloop
  endfacet
  facet normal 0.000000e+00 -1.000000e+00 0.000000e+00
    outer loop
      vertex   7.274029e+01 1.045514e+01 1.122329e+02
      vertex   7.280637e+01 1.045514e+01 1.155941e+02
      vertex   7.272868e+01 1.045514e+01 1.158158e+02
    endloop
  endfacet
  facet normal -0.000000e+00 -1.000000e+00 0.000000e+00
    outer loop
      vertex   7.274029e+01 1.045514e+01 1.122329e+02
      vertex   7.272868e+01 1.045514e+01 1.158158e+02
      vertex   7.270963e+01 1.045514e+01 1.120000e+02
    endloop
  endfacet
  facet normal 1.437907e-14 -1.000000e+00 -2.714273e-15
    outer loop
      vertex   7.271102e+01 1.045514e+01 1.160501e+02
      vertex   7.275460e+01 1.045514e+01 1.162809e+02
      vertex   6.750963e+01 1.045514e+01 1.186000e+02
    endloop
  endfacet
  facet normal 1.540465e-14 -1.000000e+00 -3.947459e-16
    outer loop
      vertex   6.750963e+01 1.045514e+01 1.186000e+02
      vertex   7.275460e+01 1.045514e+01 1.162809e+02
      vertex   6.750963e+01 1.045514e+01 1.276000e+02
    endloop
  endfacet
  facet normal 7.976190e-15 -1.000000e+00 -3.836913e-15
    outer loop
      vertex   6.750963e+01 1.045514e+01 1.276000e+02
      vertex   7.275460e+01 1.045514e+01 1.162809e+02
      vertex   7.285645e+01 1.045514e+01 1.164927e+02
    endloop
  endfacet
  facet normal 5.723585e-15 -1.000000e+00 -4.921267e-15
    outer loop
      vertex   6.750963e+01 1.045514e+01 1.276000e+02
      vertex   7.285645e+01 1.045514e+01 1.164927e+02
      vertex   7.300963e+01 1.045514e+01 1.166708e+02
    endloop
  endfacet
  facet normal 3.962985e-15 -1.000000e+00 -5.807272e-15
    outer loop
      vertex   7.300963e+01 1.045514e+01 1.166708e+02
      vertex   7.320369e+01 1.045514e+01 1.168033e+02
      vertex   6.750963e+01 1.045514e+01 1.276000e+02
    endloop
  endfacet
  facet normal 2.335587e-15 -1.000000e+00 -6.665541e-15
    outer loop
      vertex   6.750963e+01 1.045514e+01 1.276000e+02
      vertex   7.320369e+01 1.045514e+01 1.168033e+02
      vertex   7.342542e+01 1.045514e+01 1.168809e+02
    endloop
  endfacet
  facet normal 5.756017e-16 -1.000000e+00 -7.636869e-15
    outer loop
      vertex   6.750963e+01 1.045514e+01 1.276000e+02
      vertex   7.342542e+01 1.045514e+01 1.168809e+02
      vertex   7.365971e+01 1.045514e+01 1.168986e+02
    endloop
  endfacet
  facet normal 0.000000e+00 -1.000000e+00 -7.967666e-15
    outer loop
      vertex   6.750963e+01 1.045514e+01 1.276000e+02
      vertex   7.365971e+01 1.045514e+01 1.168986e+02
      vertex   7.970963e+01 1.045514e+01 1.276000e+02
    endloop
  endfacet
  facet normal -1.358993e-15 -1.000000e+00 -7.199373e-15
    outer loop
      vertex   7.970963e+01 1.045514e+01 1.276000e+02
      vertex   7.365971e+01 1.045514e+01 1.168986e+02
      vertex   7.389058e+01 1.045514e+01 1.168550e+02
    endloop
  endfacet
  facet normal -3.028338e-15 -1.000000e+00 -6.295322e-15
    outer loop
      vertex   7.970963e+01 1.045514e+01 1.276000e+02
      vertex   7.389058e+01 1.045514e+01 1.168550e+02
      vertex   7.410230e+01 1.045514e+01 1.167532e+02
    endloop
  endfacet
  facet normal 6.266367e-15 -1.000000e+00 -4.907653e-15
    outer loop
      vertex   6.750963e+01 1.045514e+01 1.186000e+02
      vertex   6.750963e+01 1.045514e+01 1.019500e+02
      vertex   7.068148e+01 1.045514e+01 1.060000e+02
    endloop
  endfacet
  facet normal 0.000000e+00 -1.000000e+00 0.000000e+00
    outer loop
      vertex   7.068148e+01 1.045514e+01 1.060000e+02
      vertex   6.750963e+01 1.045514e+01 1.019500e+02
      vertex   7.002270e+01 1.045514e+01 1.029487e+02
    endloop
  endfacet
  facet normal 0.000000e+00 -1.000000e+00 0.000000e+00
    outer loop
      vertex   7.068148e+01 1.045514e+01 1.060000e+02
      vertex   7.002270e+01 1.045514e+01 1.029487e+02
      vertex   7.026036e+01 1.045514e+01 1.034487e+02
    endloop
  endfacet
  facet normal 0.000000e+00 -1.000000e+00 0.000000e+00
    outer loop
      vertex   6.754735e+01 1.045514e+01 1.012782e+02
      vertex   6.977321e+01 1.045514e+01 1.018731e+02
      vertex   6.750963e+01 1.045514e+01 1.019500e+02
    endloop
  endfacet
  facet normal 0.000000e+00 -1.000000e+00 0.000000e+00
    outer loop
      vertex   6.750963e+01 1.045514e+01 1.019500e+02
      vertex   6.977321e+01 1.045514e+01 1.018731e+02
      vertex   6.985919e+01 1.045514e+01 1.024199e+02
    endloop
  endfacet
  facet normal 0.000000e+00 -1.000000e+00 0.000000e+00
    outer loop
      vertex   6.750963e+01 1.045514e+01 1.019500e+02
      vertex   6.985919e+01 1.045514e+01 1.024199e+02
      vertex   7.002270e+01 1.045514e+01 1.029487e+02
    endloop
  endfacet
  facet normal 0.000000e+00 -1.000000e+00 0.000000e+00
    outer loop
      vertex   6.754735e+01 1.045514e+01 1.012782e+02
      vertex   6.766006e+01 1.045514e+01 1.006149e+02
      vertex   6.977321e+01 1.045514e+01 1.018731e+02
    endloop
  endfacet
  facet normal 0.000000e+00 -1.000000e+00 0.000000e+00
    outer loop
      vertex   6.977321e+01 1.045514e+01 1.018731e+02
      vertex   6.766006e+01 1.045514e+01 1.006149e+02
      vertex   6.784633e+01 1.045514e+01 9.996833e+01
    endloop
  endfacet
  facet normal 0.000000e+00 -1.000000e+00 0.000000e+00
    outer loop
      vertex   6.977321e+01 1.045514e+01 1.018731e+02
      vertex   6.784633e+01 1.045514e+01 9.996833e+01
      vertex   6.976653e+01 1.045514e+01 1.013196e+02
    endloop
  endfacet
  facet normal 0.000000e+00 -1.000000e+00 0.000000e+00
    outer loop
      vertex   6.976653e+01 1.045514e+01 1.013196e+02
      vertex   6.784633e+01 1.045514e+01 9.996833e+01
      vertex   6.810381e+01 1.045514e+01 9.934670e+01
    endloop
  endfacet
  facet normal 0.000000e+00 -1.000000e+00 0.000000e+00
    outer loop
      vertex   6.976653e+01 1.045514e+01 1.013196e+02
      vertex   6.810381e+01 1.045514e+01 9.934670e+01
      vertex   6.842928e+01 1.045514e+01 9.875781e+01
    endloop
  endfacet
  facet normal 0.000000e+00 -1.000000e+00 -0.000000e+00
    outer loop
      vertex   6.976653e+01 1.045514e+01 1.013196e+02
      vertex   6.842928e+01 1.045514e+01 9.875781e+01
      vertex   6.983928e+01 1.045514e+01 1.007709e+02
    endloop
  endfacet
  facet normal 0.000000e+00 -1.000000e+00 0.000000e+00
    outer loop
      vertex   6.983928e+01 1.045514e+01 1.007709e+02
      vertex   6.842928e+01 1.045514e+01 9.875781e+01
      vertex   6.881864e+01 1.045514e+01 9.820906e+01
    endloop
  endfacet
  facet normal 0.000000e+00 -1.000000e+00 0.000000e+00
    outer loop
      vertex   6.983928e+01 1.045514e+01 1.007709e+02
      vertex   6.881864e+01 1.045514e+01 9.820906e+01
      vertex   6.926699e+01 1.045514e+01 9.770736e+01
    endloop
  endfacet
  facet normal 0.000000e+00 -1.000000e+00 -0.000000e+00
    outer loop
      vertex   6.983928e+01 1.045514e+01 1.007709e+02
      vertex   6.926699e+01 1.045514e+01 9.770736e+01
      vertex   6.998998e+01 1.045514e+01 1.002383e+02
    endloop
  endfacet
  facet normal 0.000000e+00 -1.000000e+00 0.000000e+00
    outer loop
      vertex   6.998998e+01 1.045514e+01 1.002383e+02
      vertex   6.926699e+01 1.045514e+01 9.770736e+01
      vertex   6.976869e+01 1.045514e+01 9.725901e+01
    endloop
  endfacet
  facet normal 0.000000e+00 -1.000000e+00 -0.000000e+00
    outer loop
      vertex   6.998998e+01 1.045514e+01 1.002383e+02
      vertex   6.976869e+01 1.045514e+01 9.725901e+01
      vertex   7.021549e+01 1.045514e+01 9.973277e+01
    endloop
  endfacet
  facet normal 0.000000e+00 -1.000000e+00 -0.000000e+00
    outer loop
      vertex   7.021549e+01 1.045514e+01 9.973277e+01
      vertex   6.976869e+01 1.045514e+01 9.725901e+01
      vertex   7.051116e+01 1.045514e+01 9.926483e+01
    endloop
  endfacet
  facet normal 0.000000e+00 -1.000000e+00 0.000000e+00
    outer loop
      vertex   7.051116e+01 1.045514e+01 9.926483e+01
      vertex   6.976869e+01 1.045514e+01 9.725901e+01
      vertex   7.031744e+01 1.045514e+01 9.686965e+01
    endloop
  endfacet
  facet normal 0.000000e+00 -1.000000e+00 -0.000000e+00
    outer loop
      vertex   7.051116e+01 1.045514e+01 9.926483e+01
      vertex   7.031744e+01 1.045514e+01 9.686965e+01
      vertex   7.087088e+01 1.045514e+01 9.884412e+01
    endloop
  endfacet
  facet normal 0.000000e+00 -1.000000e+00 -0.000000e+00
    outer loop
      vertex   7.087088e+01 1.045514e+01 9.884412e+01
      vertex   7.031744e+01 1.045514e+01 9.686965e+01
      vertex   7.090633e+01 1.045514e+01 9.654419e+01
    endloop
  endfacet
  facet normal 0.000000e+00 -1.000000e+00 0.000000e+00
    outer loop
      vertex   7.087088e+01 1.045514e+01 9.884412e+01
      vertex   7.090633e+01 1.045514e+01 9.654419e+01
      vertex   7.128721e+01 1.045514e+01 9.847935e+01
    endloop
  endfacet
  facet normal 0.000000e+00 -1.000000e+00 -0.000000e+00
    outer loop
      vertex   7.128721e+01 1.045514e+01 9.847935e+01
      vertex   7.090633e+01 1.045514e+01 9.654419e+01
      vertex   7.152795e+01 1.045514e+01 9.628670e+01
    endloop
  endfacet
  facet normal 0.000000e+00 -1.000000e+00 0.000000e+00
    outer loop
      vertex   7.128721e+01 1.045514e+01 9.847935e+01
      vertex   7.152795e+01 1.045514e+01 9.628670e+01
      vertex   7.175155e+01 1.045514e+01 9.817805e+01
    endloop
  endfacet
  facet normal 0.000000e+00 -1.000000e+00 -0.000000e+00
    outer loop
      vertex   7.175155e+01 1.045514e+01 9.817805e+01
      vertex   7.152795e+01 1.045514e+01 9.628670e+01
      vertex   7.217450e+01 1.045514e+01 9.610043e+01
    endloop
  endfacet
  facet normal 0.000000e+00 -1.000000e+00 0.000000e+00
    outer loop
      vertex   7.175155e+01 1.045514e+01 9.817805e+01
      vertex   7.217450e+01 1.045514e+01 9.610043e+01
      vertex   7.225430e+01 1.045514e+01 9.794645e+01
    endloop
  endfacet
  facet normal 0.000000e+00 -1.000000e+00 -0.000000e+00
    outer loop
      vertex   7.225430e+01 1.045514e+01 9.794645e+01
      vertex   7.217450e+01 1.045514e+01 9.610043e+01
      vertex   7.278506e+01 1.045514e+01 9.778934e+01
    endloop
  endfacet
  facet normal 0.000000e+00 -1.000000e+00 -0.000000e+00
    outer loop
      vertex   7.278506e+01 1.045514e+01 9.778934e+01
      vertex   7.217450e+01 1.045514e+01 9.610043e+01
      vertex   7.283784e+01 1.045514e+01 9.598773e+01
    endloop
  endfacet
  facet normal 0.000000e+00 -1.000000e+00 0.000000e+00
    outer loop
      vertex   7.278506e+01 1.045514e+01 9.778934e+01
      vertex   7.283784e+01 1.045514e+01 9.598773e+01
      vertex   7.333286e+01 1.045514e+01 9.770996e+01
    endloop
  endfacet
  facet normal 0.000000e+00 -1.000000e+00 -0.000000e+00
    outer loop
      vertex   7.333286e+01 1.045514e+01 9.770996e+01
      vertex   7.283784e+01 1.045514e+01 9.598773e+01
      vertex   7.350963e+01 1.045514e+01 9.595000e+01
    endloop
  endfacet
  facet normal 0.000000e+00 -1.000000e+00 0.000000e+00
    outer loop
      vertex   7.333286e+01 1.045514e+01 9.770996e+01
      vertex   7.350963e+01 1.045514e+01 9.595000e+01
      vertex   7.370963e+01 1.045514e+01 9.595000e+01
    endloop
  endfacet
  facet normal 0.000000e+00 -1.000000e+00 0.000000e+00
    outer loop
      vertex   7.333286e+01 1.045514e+01 9.770996e+01
      vertex   7.370963e+01 1.045514e+01 9.595000e+01
      vertex   7.388639e+01 1.045514e+01 9.770996e+01
    endloop
  endfacet
  facet normal 0.000000e+00 -1.000000e+00 -0.000000e+00
    outer loop
      vertex   7.388639e+01 1.045514e+01 9.770996e+01
      vertex   7.370963e+01 1.045514e+01 9.595000e+01
      vertex   7.438141e+01 1.045514e+01 9.598773e+01
    endloop
  endfacet
  facet normal 0.000000e+00 -1.000000e+00 0.000000e+00
    outer loop
      vertex   7.388639e+01 1.045514e+01 9.770996e+01
      vertex   7.438141e+01 1.045514e+01 9.598773e+01
      vertex   7.443420e+01 1.045514e+01 9.778934e+01
    endloop
  endfacet
  facet normal 0.000000e+00 -1.000000e+00 -0.000000e+00
    outer loop
      vertex   7.443420e+01 1.045514e+01 9.778934e+01
      vertex   7.438141e+01 1.045514e+01 9.598773e+01
      vertex   7.504475e+01 1.045514e+01 9.610043e+01
    endloop
  endfacet
  facet normal 0.000000e+00 -1.000000e+00 0.000000e+00
    outer loop
      vertex   7.443420e+01 1.045514e+01 9.778934e+01
      vertex   7.504475e+01 1.045514e+01 9.610043e+01
      vertex   7.496496e+01 1.045514e+01 9.794645e+01
    endloop
  endfacet
  facet normal 0.000000e+00 -1.000000e+00 0.000000e+00
    outer loop
      vertex   7.496496e+01 1.045514e+01 9.794645e+01
      vertex   7.504475e+01 1.045514e+01 9.610043e+01
      vertex   7.546770e+01 1.045514e+01 9.817805e+01
    endloop
  endfacet
  facet normal 0.000000e+00 -1.000000e+00 -0.000000e+00
    outer loop
      vertex   7.546770e+01 1.045514e+01 9.817805e+01
      vertex   7.504475e+01 1.045514e+01 9.610043e+01
      vertex   7.569130e+01 1.045514e+01 9.628670e+01
    endloop
  endfacet
  facet normal 0.000000e+00 -1.000000e+00 0.000000e+00
    outer loop
      vertex   7.546770e+01 1.045514e+01 9.817805e+01
      vertex   7.569130e+01 1.045514e+01 9.628670e+01
      vertex   7.593204e+01 1.045514e+01 9.847935e+01
    endloop
  endfacet
  facet normal 0.000000e+00 -1.000000e+00 -0.000000e+00
    outer loop
      vertex   7.593204e+01 1.045514e+01 9.847935e+01
      vertex   7.569130e+01 1.045514e+01 9.628670e+01
      vertex   7.631293e+01 1.045514e+01 9.654419e+01
    endloop
  endfacet
  facet normal 0.000000e+00 -1.000000e+00 0.000000e+00
    outer loop
      vertex   7.593204e+01 1.045514e+01 9.847935e+01
      vertex   7.631293e+01 1.045514e+01 9.654419e+01
      vertex   7.634837e+01 1.045514e+01 9.884412e+01
    endloop
  endfacet
  facet normal 0.000000e+00 -1.000000e+00 -0.000000e+00
    outer loop
      vertex   7.634837e+01 1.045514e+01 9.884412e+01
      vertex   7.631293e+01 1.045514e+01 9.654419e+01
      vertex   7.690182e+01 1.045514e+01 9.686965e+01
    endloop
  endfacet
  facet normal 0.000000e+00 -1.000000e+00 0.000000e+00
    outer loop
      vertex   7.634837e+01 1.045514e+01 9.884412e+01
      vertex   7.690182e+01 1.045514e+01 9.686965e+01
      vertex   7.670809e+01 1.045514e+01 9.926483e+01
    endloop
  endfacet
  facet normal 0.000000e+00 -1.000000e+00 0.000000e+00
    outer loop
      vertex   7.670809e+01 1.045514e+01 9.926483e+01
      vertex   7.690182e+01 1.045514e+01 9.686965e+01
      vertex   7.745057e+01 1.045514e+01 9.725901e+01
    endloop
  endfacet
  facet normal 0.000000e+00 -1.000000e+00 0.000000e+00
    outer loop
      vertex   7.670809e+01 1.045514e+01 9.926483e+01
      vertex   7.745057e+01 1.045514e+01 9.725901e+01
      vertex   7.700377e+01 1.045514e+01 9.973277e+01
    endloop
  endfacet
  facet normal 0.000000e+00 -1.000000e+00 0.000000e+00
    outer loop
      vertex   7.700377e+01 1.045514e+01 9.973277e+01
      vertex   7.745057e+01 1.045514e+01 9.725901e+01
      vertex   7.722928e+01 1.045514e+01 1.002383e+02
    endloop
  endfacet
  facet normal 0.000000e+00 -1.000000e+00 0.000000e+00
    outer loop
      vertex   7.722928e+01 1.045514e+01 1.002383e+02
      vertex   7.745057e+01 1.045514e+01 9.725901e+01
      vertex   7.795227e+01 1.045514e+01 9.770736e+01
    endloop
  endfacet
  facet normal 0.000000e+00 -1.000000e+00 0.000000e+00
    outer loop
      vertex   7.722928e+01 1.045514e+01 1.002383e+02
      vertex   7.795227e+01 1.045514e+01 9.770736e+01
      vertex   7.737997e+01 1.045514e+01 1.007709e+02
    endloop
  endfacet
  facet normal 0.000000e+00 -1.000000e+00 0.000000e+00
    outer loop
      vertex   7.737997e+01 1.045514e+01 1.007709e+02
      vertex   7.795227e+01 1.045514e+01 9.770736e+01
      vertex   7.840062e+01 1.045514e+01 9.820906e+01
    endloop
  endfacet
  facet normal 0.000000e+00 -1.000000e+00 0.000000e+00
    outer loop
      vertex   7.737997e+01 1.045514e+01 1.007709e+02
      vertex   7.840062e+01 1.045514e+01 9.820906e+01
      vertex   7.878997e+01 1.045514e+01 9.875781e+01
    endloop
  endfacet
  facet normal 0.000000e+00 -1.000000e+00 0.000000e+00
    outer loop
      vertex   7.737997e+01 1.045514e+01 1.007709e+02
      vertex   7.878997e+01 1.045514e+01 9.875781e+01
      vertex   7.745273e+01 1.045514e+01 1.013196e+02
    endloop
  endfacet
  facet normal 0.000000e+00 -1.000000e+00 0.000000e+00
    outer loop
      vertex   7.745273e+01 1.045514e+01 1.013196e+02
      vertex   7.878997e+01 1.045514e+01 9.875781e+01
      vertex   7.911544e+01 1.045514e+01 9.934670e+01
    endloop
  endfacet
  facet normal 0.000000e+00 -1.000000e+00 0.000000e+00
    outer loop
      vertex   7.745273e+01 1.045514e+01 1.013196e+02
      vertex   7.911544e+01 1.045514e+01 9.934670e+01
      vertex   7.937293e+01 1.045514e+01 9.996833e+01
    endloop
  endfacet
  facet normal 0.000000e+00 -1.000000e+00 0.000000e+00
    outer loop
      vertex   7.745273e+01 1.045514e+01 1.013196e+02
      vertex   7.937293e+01 1.045514e+01 9.996833e+01
      vertex   7.744605e+01 1.045514e+01 1.018731e+02
    endloop
  endfacet
  facet normal 0.000000e+00 -1.000000e+00 0.000000e+00
    outer loop
      vertex   7.744605e+01 1.045514e+01 1.018731e+02
      vertex   7.937293e+01 1.045514e+01 9.996833e+01
      vertex   7.955920e+01 1.045514e+01 1.006149e+02
    endloop
  endfacet
  facet normal 0.000000e+00 -1.000000e+00 0.000000e+00
    outer loop
      vertex   7.744605e+01 1.045514e+01 1.018731e+02
      vertex   7.955920e+01 1.045514e+01 1.006149e+02
      vertex   7.967190e+01 1.045514e+01 1.012782e+02
    endloop
  endfacet
  facet normal 0.000000e+00 -1.000000e+00 0.000000e+00
    outer loop
      vertex   7.967190e+01 1.045514e+01 1.012782e+02
      vertex   7.970963e+01 1.045514e+01 1.019500e+02
      vertex   7.744605e+01 1.045514e+01 1.018731e+02
    endloop
  endfacet
  facet normal 0.000000e+00 -1.000000e+00 0.000000e+00
    outer loop
      vertex   7.744605e+01 1.045514e+01 1.018731e+02
      vertex   7.970963e+01 1.045514e+01 1.019500e+02
      vertex   7.736006e+01 1.045514e+01 1.024199e+02
    endloop
  endfacet
  facet normal 0.000000e+00 -1.000000e+00 0.000000e+00
    outer loop
      vertex   7.447896e+01 1.045514e+01 1.082329e+02
      vertex   7.450963e+01 1.045514e+01 1.080000e+02
      vertex   7.653778e+01 1.045514e+01 1.060000e+02
    endloop
  endfacet
  facet normal 0.000000e+00 -1.000000e+00 0.000000e+00
    outer loop
      vertex   7.653778e+01 1.045514e+01 1.060000e+02
      vertex   7.450963e+01 1.045514e+01 1.080000e+02
      vertex   7.447896e+01 1.045514e+01 1.077671e+02
    endloop
  endfacet
  facet normal 0.000000e+00 -1.000000e+00 0.000000e+00
    outer loop
      vertex   7.653778e+01 1.045514e+01 1.060000e+02
      vertex   7.447896e+01 1.045514e+01 1.077671e+02
      vertex   7.420963e+01 1.045514e+01 1.060000e+02
    endloop
  endfacet
  facet normal 0.000000e+00 -1.000000e+00 0.000000e+00
    outer loop
      vertex   7.420963e+01 1.045514e+01 1.060000e+02
      vertex   7.447896e+01 1.045514e+01 1.077671e+02
      vertex   7.438905e+01 1.045514e+01 1.075500e+02
    endloop
  endfacet
  facet normal 0.000000e+00 -1.000000e+00 0.000000e+00
    outer loop
      vertex   7.420963e+01 1.045514e+01 1.060000e+02
      vertex   7.438905e+01 1.045514e+01 1.075500e+02
      vertex   7.418918e+01 1.045514e+01 1.061553e+02
    endloop
  endfacet
  facet normal 0.000000e+00 -1.000000e+00 0.000000e+00
    outer loop
      vertex   7.418918e+01 1.045514e+01 1.061553e+02
      vertex   7.438905e+01 1.045514e+01 1.075500e+02
      vertex   7.424602e+01 1.045514e+01 1.073636e+02
    endloop
  endfacet
  facet normal 0.000000e+00 -1.000000e+00 0.000000e+00
    outer loop
      vertex   7.418918e+01 1.045514e+01 1.061553e+02
      vertex   7.424602e+01 1.045514e+01 1.073636e+02
      vertex   7.412924e+01 1.045514e+01 1.063000e+02
    endloop
  endfacet
  facet normal 0.000000e+00 -1.000000e+00 0.000000e+00
    outer loop
      vertex   7.412924e+01 1.045514e+01 1.063000e+02
      vertex   7.424602e+01 1.045514e+01 1.073636e+02
      vertex   7.405963e+01 1.045514e+01 1.072206e+02
    endloop
  endfacet
  facet normal 0.000000e+00 -1.000000e+00 0.000000e+00
    outer loop
      vertex   7.412924e+01 1.045514e+01 1.063000e+02
      vertex   7.405963e+01 1.045514e+01 1.072206e+02
      vertex   7.403389e+01 1.045514e+01 1.064243e+02
    endloop
  endfacet
  facet normal 0.000000e+00 -1.000000e+00 0.000000e+00
    outer loop
      vertex   7.403389e+01 1.045514e+01 1.064243e+02
      vertex   7.405963e+01 1.045514e+01 1.072206e+02
      vertex   7.390963e+01 1.045514e+01 1.065196e+02
    endloop
  endfacet
  facet normal 0.000000e+00 -1.000000e+00 0.000000e+00
    outer loop
      vertex   7.390963e+01 1.045514e+01 1.065196e+02
      vertex   7.405963e+01 1.045514e+01 1.072206e+02
      vertex   7.384257e+01 1.045514e+01 1.071307e+02
    endloop
  endfacet
  facet normal 0.000000e+00 -1.000000e+00 0.000000e+00
    outer loop
      vertex   7.390963e+01 1.045514e+01 1.065196e+02
      vertex   7.384257e+01 1.045514e+01 1.071307e+02
      vertex   7.376492e+01 1.045514e+01 1.065796e+02
    endloop
  endfacet
  facet normal 0.000000e+00 -1.000000e+00 0.000000e+00
    outer loop
      vertex   7.376492e+01 1.045514e+01 1.065796e+02
      vertex   7.384257e+01 1.045514e+01 1.071307e+02
      vertex   7.360963e+01 1.045514e+01 1.071000e+02
    endloop
  endfacet
  facet normal 0.000000e+00 -1.000000e+00 0.000000e+00
    outer loop
      vertex   7.376492e+01 1.045514e+01 1.065796e+02
      vertex   7.360963e+01 1.045514e+01 1.071000e+02
      vertex   7.360963e+01 1.045514e+01 1.066000e+02
    endloop
  endfacet
  facet normal -0.000000e+00 -1.000000e+00 0.000000e+00
    outer loop
      vertex   7.360963e+01 1.045514e+01 1.066000e+02
      vertex   7.360963e+01 1.045514e+01 1.071000e+02
      vertex   7.345434e+01 1.045514e+01 1.065796e+02
    endloop
  endfacet
  facet normal 0.000000e+00 -1.000000e+00 0.000000e+00
    outer loop
      vertex   7.345434e+01 1.045514e+01 1.065796e+02
      vertex   7.360963e+01 1.045514e+01 1.071000e+02
      vertex   7.337669e+01 1.045514e+01 1.071307e+02
    endloop
  endfacet
  facet normal -0.000000e+00 -1.000000e+00 0.000000e+00
    outer loop
      vertex   7.345434e+01 1.045514e+01 1.065796e+02
      vertex   7.337669e+01 1.045514e+01 1.071307e+02
      vertex   7.330963e+01 1.045514e+01 1.065196e+02
    endloop
  endfacet
  facet normal 0.000000e+00 -1.000000e+00 0.000000e+00
    outer loop
      vertex   7.330963e+01 1.045514e+01 1.065196e+02
      vertex   7.337669e+01 1.045514e+01 1.071307e+02
      vertex   7.315963e+01 1.045514e+01 1.072206e+02
    endloop
  endfacet
  facet normal -0.000000e+00 -1.000000e+00 0.000000e+00
    outer loop
      vertex   7.330963e+01 1.045514e+01 1.065196e+02
      vertex   7.315963e+01 1.045514e+01 1.072206e+02
      vertex   7.318536e+01 1.045514e+01 1.064243e+02
    endloop
  endfacet
  facet normal -0.000000e+00 -1.000000e+00 0.000000e+00
    outer loop
      vertex   7.318536e+01 1.045514e+01 1.064243e+02
      vertex   7.315963e+01 1.045514e+01 1.072206e+02
      vertex   7.309001e+01 1.045514e+01 1.063000e+02
    endloop
  endfacet
  facet normal 0.000000e+00 -1.000000e+00 0.000000e+00
    outer loop
      vertex   7.309001e+01 1.045514e+01 1.063000e+02
      vertex   7.315963e+01 1.045514e+01 1.072206e+02
      vertex   7.297323e+01 1.045514e+01 1.073636e+02
    endloop
  endfacet
  facet normal -0.000000e+00 -1.000000e+00 0.000000e+00
    outer loop
      vertex   7.309001e+01 1.045514e+01 1.063000e+02
      vertex   7.297323e+01 1.045514e+01 1.073636e+02
      vertex   7.303007e+01 1.045514e+01 1.061553e+02
    endloop
  endfacet
  facet normal 0.000000e+00 -1.000000e+00 0.000000e+00
    outer loop
      vertex   7.303007e+01 1.045514e+01 1.061553e+02
      vertex   7.297323e+01 1.045514e+01 1.073636e+02
      vertex   7.283021e+01 1.045514e+01 1.075500e+02
    endloop
  endfacet
  facet normal -0.000000e+00 -1.000000e+00 0.000000e+00
    outer loop
      vertex   7.303007e+01 1.045514e+01 1.061553e+02
      vertex   7.283021e+01 1.045514e+01 1.075500e+02
      vertex   7.300963e+01 1.045514e+01 1.060000e+02
    endloop
  endfacet
  facet normal 0.000000e+00 -1.000000e+00 0.000000e+00
    outer loop
      vertex   7.300963e+01 1.045514e+01 1.060000e+02
      vertex   7.283021e+01 1.045514e+01 1.075500e+02
      vertex   7.274029e+01 1.045514e+01 1.077671e+02
    endloop
  endfacet
  facet normal 0.000000e+00 -1.000000e+00 0.000000e+00
    outer loop
      vertex   7.300963e+01 1.045514e+01 1.060000e+02
      vertex   7.274029e+01 1.045514e+01 1.077671e+02
      vertex   7.068148e+01 1.045514e+01 1.060000e+02
    endloop
  endfacet
  facet normal 0.000000e+00 -1.000000e+00 0.000000e+00
    outer loop
      vertex   7.068148e+01 1.045514e+01 1.060000e+02
      vertex   7.274029e+01 1.045514e+01 1.077671e+02
      vertex   7.270963e+01 1.045514e+01 1.080000e+02
    endloop
  endfacet
  facet normal 0.000000e+00 -1.000000e+00 0.000000e+00
    outer loop
      vertex   7.068148e+01 1.045514e+01 1.060000e+02
      vertex   7.270963e+01 1.045514e+01 1.080000e+02
      vertex   7.274029e+01 1.045514e+01 1.082329e+02
    endloop
  endfacet
  facet normal 0.000000e+00 -1.000000e+00 0.000000e+00
    outer loop
      vertex   7.665201e+01 1.045514e+01 1.039093e+02
      vertex   7.695890e+01 1.045514e+01 1.034487e+02
      vertex   7.653778e+01 1.045514e+01 1.060000e+02
    endloop
  endfacet
  facet normal 0.000000e+00 -1.000000e+00 0.000000e+00
    outer loop
      vertex   7.653778e+01 1.045514e+01 1.060000e+02
      vertex   7.695890e+01 1.045514e+01 1.034487e+02
      vertex   7.719655e+01 1.045514e+01 1.029487e+02
    endloop
  endfacet
  facet normal 0.000000e+00 -1.000000e+00 0.000000e+00
    outer loop
      vertex   7.026036e+01 1.045514e+01 1.034487e+02
      vertex   7.056724e+01 1.045514e+01 1.039093e+02
      vertex   7.068148e+01 1.045514e+01 1.060000e+02
    endloop
  endfacet
  facet normal 1.000000e+00 2.960595e-15 2.216118e-15
    outer loop
      vertex   7.970963e+01 1.045514e+01 1.019500e+02
      vertex   7.970963e+01 1.525514e+01 1.019500e+02
      vertex   7.970963e+01 1.045514e+01 1.276000e+02
    endloop
  endfacet
  facet normal 1.000000e+00 4.267870e-15 2.460754e-15
    outer loop
      vertex   7.970963e+01 1.045514e+01 1.276000e+02
      vertex   7.970963e+01 1.525514e+01 1.019500e+02
      vertex   7.970963e+01 1.525514e+01 1.366000e+02
    endloop
  endfacet
  facet normal 1.000000e+00 2.094279e-28 4.736951e-15
    outer loop
      vertex   7.970963e+01 1.045514e+01 1.276000e+02
      vertex   7.970963e+01 1.525514e+01 1.366000e+02
      vertex   7.970963e+01 1.075514e+01 1.366000e+02
    endloop
  endfacet
  facet normal 1.000000e+00 8.054922e-29 1.821904e-15
    outer loop
      vertex   7.970963e+01 1.075514e+01 1.366000e+02
      vertex   7.970963e+01 1.525514e+01 1.366000e+02
      vertex   7.970963e+01 1.525514e+01 1.522000e+02
    endloop
  endfacet
  facet normal 1.000000e+00 -3.157968e-15 2.732857e-15
    outer loop
      vertex   7.970963e+01 1.075514e+01 1.366000e+02
      vertex   7.970963e+01 1.525514e+01 1.522000e+02
      vertex   7.970963e+01 1.075514e+01 1.522000e+02
    endloop
  endfacet
  facet normal 1.000000e+00 1.421085e-13 0.000000e+00
    outer loop
      vertex   7.970963e+01 1.075514e+01 1.366000e+02
      vertex   7.970963e+01 1.045514e+01 1.366000e+02
      vertex   7.970963e+01 1.045514e+01 1.276000e+02
    endloop
  endfacet
  facet normal 1.000000e+00 0.000000e+00 -0.000000e+00
    outer loop
      vertex   7.970963e+01 1.045514e+01 1.276000e+02
      vertex   7.970963e+01 1.045514e+01 1.366000e+02
      vertex   7.970963e+01 5.270929e+00 1.346000e+02
    endloop
  endfacet
  facet normal 1.000000e+00 -1.845565e-15 4.783908e-15
    outer loop
      vertex   7.970963e+01 5.270929e+00 1.346000e+02
      vertex   7.970963e+01 1.045514e+01 1.366000e+02
      vertex   7.970963e+01 -1.264486e+01 1.366000e+02
    endloop
  endfacet
  facet normal 1.000000e+00 2.576088e-15 4.439261e-14
    outer loop
      vertex   7.970963e+01 5.270929e+00 1.346000e+02
      vertex   7.970963e+01 -1.264486e+01 1.366000e+02
      vertex   7.970963e+01 -1.679486e+01 1.346000e+02
    endloop
  endfacet
  facet normal 1.000000e+00 1.369721e-14 2.131628e-14
    outer loop
      vertex   7.970963e+01 -1.679486e+01 1.346000e+02
      vertex   7.970963e+01 -1.264486e+01 1.366000e+02
      vertex   7.970963e+01 -1.679486e+01 1.366000e+02
    endloop
  endfacet
  facet normal 1.000000e+00 1.369721e-14 9.109522e-16
    outer loop
      vertex   7.970963e+01 -1.679486e+01 1.366000e+02
      vertex   7.970963e+01 -1.264486e+01 1.366000e+02
      vertex   7.970963e+01 -1.264486e+01 1.522000e+02
    endloop
  endfacet
  facet normal 1.000000e+00 3.383537e-15 3.654654e-15
    outer loop
      vertex   7.970963e+01 -1.679486e+01 1.366000e+02
      vertex   7.970963e+01 -1.264486e+01 1.522000e+02
      vertex   7.970963e+01 -1.684486e+01 1.522000e+02
    endloop
  endfacet
  facet normal 1.000000e+00 -5.684342e-13 1.821904e-15
    outer loop
      vertex   7.970963e+01 -1.684486e+01 1.522000e+02
      vertex   7.970963e+01 -1.684486e+01 1.366000e+02
      vertex   7.970963e+01 -1.679486e+01 1.366000e+02
    endloop
  endfacet
  facet normal -1.000000e+00 -2.960595e-15 -1.707010e-15
    outer loop
      vertex   6.750963e+01 1.045514e+01 1.019500e+02
      vertex   6.750963e+01 1.045514e+01 1.186000e+02
      vertex   6.750963e+01 1.525514e+01 1.019500e+02
    endloop
  endfacet
  facet normal -1.000000e+00 -4.152521e-15 -2.050628e-15
    outer loop
      vertex   6.750963e+01 1.525514e+01 1.019500e+02
      vertex   6.750963e+01 1.045514e+01 1.186000e+02
      vertex   6.750963e+01 1.525514e+01 1.366000e+02
    endloop
  endfacet
  facet normal -1.000000e+00 0.000000e+00 -3.157967e-15
    outer loop
      vertex   6.750963e+01 1.525514e+01 1.366000e+02
      vertex   6.750963e+01 1.045514e+01 1.186000e+02
      vertex   6.750963e+01 1.045514e+01 1.276000e+02
    endloop
  endfacet
  facet normal -1.000000e+00 3.157968e-15 -4.842216e-15
    outer loop
      vertex   6.750963e+01 1.525514e+01 1.366000e+02
      vertex   6.750963e+01 1.045514e+01 1.276000e+02
      vertex   6.750963e+01 1.075514e+01 1.366000e+02
    endloop
  endfacet
  facet normal -1.000000e+00 -1.421085e-13 0.000000e+00
    outer loop
      vertex   6.750963e+01 1.075514e+01 1.366000e+02
      vertex   6.750963e+01 1.045514e+01 1.276000e+02
      vertex   6.750963e+01 1.045514e+01 1.366000e+02
    endloop
  endfacet
  facet normal -1.000000e+00 0.000000e+00 -0.000000e+00
    outer loop
      vertex   6.750963e+01 1.045514e+01 1.366000e+02
      vertex   6.750963e+01 1.045514e+01 1.276000e+02
      vertex   6.750963e+01 5.270929e+00 1.346000e+02
    endloop
  endfacet
  facet normal -1.000000e+00 -0.000000e+00 0.000000e+00
    outer loop
      vertex   6.750963e+01 1.045514e+01 1.366000e+02
      vertex   6.750963e+01 5.270929e+00 1.346000e+02
      vertex   6.750963e+01 -1.264486e+01 1.366000e+02
    endloop
  endfacet
  facet normal -1.000000e+00 -2.576088e-15 -2.307633e-14
    outer loop
      vertex   6.750963e+01 -1.264486e+01 1.366000e+02
      vertex   6.750963e+01 5.270929e+00 1.346000e+02
      vertex   6.750963e+01 -1.679486e+01 1.346000e+02
    endloop
  endfacet
  facet normal -1.000000e+00 -0.000000e+00 -2.842171e-14
    outer loop
      vertex   6.750963e+01 -1.264486e+01 1.366000e+02
      vertex   6.750963e+01 -1.679486e+01 1.346000e+02
      vertex   6.750963e+01 -1.679486e+01 1.366000e+02
    endloop
  endfacet
  facet normal -1.000000e+00 -7.767246e-27 -2.732857e-15
    outer loop
      vertex   6.750963e+01 -1.684486e+01 1.366000e+02
      vertex   6.750963e+01 -1.684486e+01 1.522000e+02
      vertex   6.750963e+01 -1.679486e+01 1.366000e+02
    endloop
  endfacet
  facet normal -1.000000e+00 -3.383537e-15 -2.743701e-15
    outer loop
      vertex   6.750963e+01 -1.679486e+01 1.366000e+02
      vertex   6.750963e+01 -1.684486e+01 1.522000e+02
      vertex   6.750963e+01 -1.264486e+01 1.522000e+02
    endloop
  endfacet
  facet normal -1.000000e+00 0.000000e+00 -3.643809e-15
    outer loop
      vertex   6.750963e+01 -1.679486e+01 1.366000e+02
      vertex   6.750963e+01 -1.264486e+01 1.522000e+02
      vertex   6.750963e+01 -1.264486e+01 1.366000e+02
    endloop
  endfacet
  facet normal -1.000000e+00 0.000000e+00 -1.821904e-15
    outer loop
      vertex   6.750963e+01 1.075514e+01 1.522000e+02
      vertex   6.750963e+01 1.525514e+01 1.522000e+02
      vertex   6.750963e+01 1.075514e+01 1.366000e+02
    endloop
  endfacet
  facet normal -1.000000e+00 3.157968e-15 -2.732857e-15
    outer loop
      vertex   6.750963e+01 1.075514e+01 1.366000e+02
      vertex   6.750963e+01 1.525514e+01 1.522000e+02
      vertex   6.750963e+01 1.525514e+01 1.366000e+02
    endloop
  endfacet
endsolid
